,id,explanation_method,comprehensiveness,sufficiency,prob
0,1913,decompx,0.5466044550926502,0.026983955005804697,0.9640464782714844
1,4550,decompx,-0.0019074629391298004,-0.21970757053350098,0.001997587503865361
2,4424,decompx,0.14158856974461595,0.009707346155836776,0.9999350309371948
3,3802,decompx,0.10536947739975792,0.0027802512049674988,0.999940037727356
4,3867,decompx,0.7321667804723672,0.02692295802491052,0.9994820952415466
5,2557,decompx,0.829344018971931,-0.036031749537762475,0.9273993372917175
6,2097,decompx,0.5853529061818987,0.030031025831429463,0.9994489550590515
7,3546,decompx,0.8707335938220345,0.11739164088354555,0.9813790321350098
8,2808,decompx,0.4213207494467497,0.008877641276309365,0.9999333620071411
9,893,decompx,0.7543603767753357,0.03043106753947371,0.999656081199646
10,674,decompx,0.2131266099485484,0.03911541537805037,0.9997472167015076
11,4329,decompx,0.6477556579983536,0.05424058368039686,0.9996517896652222
12,518,decompx,0.5562764059740868,0.021946321173412043,0.999688982963562
13,3071,decompx,0.14397986456751824,0.008353795111179351,0.9998984336853027
14,1449,decompx,0.6672195815708397,0.022852910001103472,0.9992088675498962
15,2475,decompx,0.4732203779985075,0.044847774278858436,0.9996045231819153
16,2224,decompx,0.8370946983435715,0.03819826040416956,0.9989407658576965
17,3008,decompx,0.6702514891310231,0.008040272347305132,0.9734869599342346
18,2799,decompx,0.3940468158933424,0.030531058388371623,0.9994932413101196
19,3455,decompx,0.9425625756300766,0.03391559422016144,0.9956005811691284
20,2715,decompx,0.7306485024255803,0.004997078762498013,0.9999409914016724
21,1799,decompx,0.6779310800947058,0.07245595390215898,0.9995501637458801
22,1476,decompx,0.1347513571381569,0.0078089639544487,0.9999101161956787
23,3045,decompx,-0.12515292026632538,-0.3388248191484691,0.0033377408981323242
24,191,decompx,0.7458491255968752,0.03727177507719215,0.9994246959686279
25,1612,decompx,0.7510309676791347,0.06325201153062111,0.9993771910667419
26,3501,decompx,0.8379001151406555,0.0019077112277348836,0.999932050704956
27,2706,decompx,0.1830931458208296,0.004541610346900093,0.9999209642410278
28,788,decompx,0.7547214234474342,0.024157686410723505,0.9998164772987366
29,2721,decompx,0.0050393213480977765,-0.47390294214710593,0.03670880198478699
30,2543,decompx,0.5289472523145378,0.004355565955241521,0.9998431205749512
31,4425,decompx,0.6473722594964784,0.09318243053348851,0.9983136653900146
32,4154,decompx,0.07457217574119568,0.001390327699482441,0.9999288320541382
33,169,decompx,0.834261026645046,0.02274461729185922,0.9956911206245422
34,1657,decompx,0.42143673240207136,0.004640454595739191,0.9999197721481323
35,3040,decompx,0.5638373246775907,0.0014753780866924085,0.9999281167984009
36,269,decompx,0.5971445071442825,0.040185610877304545,0.9997387528419495
37,1775,decompx,0.4524105995131487,0.005867715586315502,0.9999408721923828
38,3229,decompx,0.8484198272876118,0.020780004560947418,0.9996691942214966
39,4496,decompx,-0.16814520852319126,-0.0714911839378805,0.5336947441101074
40,1064,decompx,0.5176811849828377,0.05681706219911575,0.9995169639587402
41,4134,decompx,0.9032665956153694,0.04551775477550648,0.9993343949317932
42,4000,decompx,0.3312655222271719,0.029770800182896275,0.9998181462287903
43,609,decompx,-0.010213460146419325,-0.038144311791930466,8.936723315855488e-05
44,2710,decompx,0.345405677279147,0.023547862966855366,0.999342143535614
45,3460,decompx,0.5715249383907863,0.05780342927104548,0.9992105960845947
46,1803,decompx,0.8473871497352692,0.016320691325447775,0.9879414439201355
47,1918,decompx,0.5877051016990551,0.009761998848039277,0.9999196529388428
48,3197,decompx,0.6533455932352809,-0.0372206624597311,0.7165399193763733
49,1737,decompx,0.22553958269682797,0.03500427847558802,0.9996875524520874
50,4435,decompx,0.6295937328317831,-0.00293732555799706,0.9702183604240417
51,3750,decompx,0.93127997156857,0.029972611164504833,0.9977245926856995
52,3966,decompx,0.7392778950324282,0.03602590560913086,0.999671459197998
53,365,decompx,0.7070255190523904,0.04191793380088584,0.9997536540031433
54,4053,decompx,0.151836708570138,0.007023725754175431,0.9999328851699829
55,2066,decompx,0.6417504364494667,0.02959113396964101,0.9999006986618042
56,1852,decompx,0.5679155823450561,0.025733318481896375,0.9996596574783325
57,2703,decompx,0.6476374767063295,0.01156156904557172,0.9998611211776733
58,487,decompx,0.8069891038483807,0.026345429250172206,0.9997428059577942
59,4055,decompx,0.026020972679058712,0.003870617598295212,0.9999164342880249
60,4475,decompx,0.7663116421065822,0.016587494442669246,0.996290922164917
61,3348,decompx,0.727239659259188,0.06748986663296819,0.9995805621147156
62,351,decompx,0.7843718448849885,0.03275605840118308,0.9996340274810791
63,2509,decompx,0.21631393317253358,0.010911735796159314,0.9999287128448486
64,4030,decompx,0.7929004754607831,0.010112719610333443,0.9999308586120605
65,1650,decompx,0.2843936292211647,0.004768010066903155,0.9999227523803711
66,2653,decompx,0.032946955482914764,0.003074190526638391,0.9995224475860596
67,4285,decompx,0.623848150980848,0.022321797907352448,0.9999098777770996
68,1468,decompx,0.5495741626282324,0.029830558691173792,0.9996987581253052
69,2998,decompx,0.5346253489376978,0.014608339965343475,0.9999412298202515
70,1270,decompx,0.2741717109340698,-0.6009426433593035,0.3821588456630707
71,297,decompx,0.45837804830322665,0.03734782710671425,0.9994295239448547
72,2019,decompx,0.5633322454437062,0.0037521245302977384,0.9999343156814575
73,629,decompx,0.7644930158651644,0.027504576595440026,0.9994656443595886
74,1944,decompx,0.8481037532526118,0.027086606515305384,0.9997997879981995
75,953,decompx,0.014839439015639456,0.007344459232531096,0.9999110698699951
76,466,decompx,0.810109662998002,0.012966681271791458,0.9998910427093506
77,2200,decompx,0.8248415246169948,-0.12616098882711452,0.8480513691902161
78,728,decompx,0.40888523795133963,0.004951645027507435,0.9999403953552246
79,3376,decompx,0.8933325873824702,0.015301183715724108,0.9968926310539246
80,4549,decompx,0.5859694369543387,0.03792780377837115,0.996188223361969
81,72,decompx,0.9252269737708341,0.06610500163608982,0.9978064894676208
82,4,decompx,0.6704313745920328,0.05097167340523385,0.9996585845947266
83,1098,decompx,0.7419568652954154,0.02969352780161677,0.9995033740997314
84,2726,decompx,0.5992293858528137,0.020839156955480574,0.9997115731239319
85,2921,decompx,0.09667001593680609,0.004723602817172096,0.9999171495437622
86,2531,decompx,0.03506037204161934,0.004632072604220846,0.9999303817749023
87,2614,decompx,0.009800327401007376,0.0016826160492435579,0.9999135732650757
88,2434,decompx,0.6904806751549115,-0.1254880042297059,0.8290476202964783
89,3111,decompx,0.3164159536969905,0.018005181788181772,0.9962059259414673
90,3615,decompx,0.6915294522102382,0.017051521850668865,0.9993610978126526
91,3063,decompx,0.7854003734828439,0.09599377366248518,0.9996111989021301
92,1385,decompx,0.5386192460027006,0.03509438534577688,0.9997604489326477
93,128,decompx,0.025247241024118967,-0.7171289439384754,0.03106658160686493
94,1030,decompx,0.24546918111853303,0.09534794207662343,0.9984509944915771
95,16,decompx,0.3464523838957151,-0.05827273845672607,0.9398430585861206
96,670,decompx,0.776107833957102,0.024756503376093777,0.9995827078819275
97,3743,decompx,0.657163190011065,0.0437047291806964,0.9997292160987854
98,2202,decompx,0.21928630158478438,0.017447860781536546,0.9857751131057739
99,1615,decompx,0.46537284335891643,0.03003041637249482,0.9997183680534363
100,1558,decompx,0.11417462590795296,0.004205808043479919,0.9999116659164429
101,3953,decompx,0.7336951333062918,0.1175151165834693,0.7810810804367065
102,304,decompx,0.8600747303013728,0.02276933762957068,0.9994953870773315
103,4004,decompx,0.7130068800133335,0.008196068437475907,0.9999371767044067
104,4547,decompx,0.8807378280095669,0.042848828746828924,0.9993477463722229
105,1247,decompx,0.6913755747303366,0.019195790812373163,0.9946687817573547
106,3136,decompx,0.5524845857483646,0.09311998263001442,0.9997362494468689
107,1220,decompx,0.8365712905231927,0.018897704518677897,0.9997267127037048
108,3261,decompx,0.8997527330285973,0.004691208733452691,0.9999014139175415
109,1611,decompx,0.4726803546565442,0.036352922136966996,0.9982717037200928
110,1181,decompx,0.6649156102807158,0.04877875770131747,0.9996659755706787
111,2797,decompx,-0.022214498863353294,-0.6976850123832455,0.00019225910364184529
112,610,decompx,0.8519216326474235,0.03267881437772658,0.999693751335144
113,3751,decompx,0.6269985402574424,-0.0921238362789154,0.7975795269012451
114,2248,decompx,0.4738748128979634,0.031842067455634095,0.9996805191040039
115,99,decompx,0.865361515944211,0.024368502787853543,0.9995905756950378
116,3781,decompx,0.4731155744704761,0.007580717927531192,0.9999294281005859
117,225,decompx,0.8902051873994745,0.018507243955836576,0.9999325275421143
118,2103,decompx,0.8661952876848065,0.025425092006723087,0.9996618032455444
119,2836,decompx,0.43192130963249903,0.04566152834492486,0.9986333250999451
120,2924,decompx,0.17054391034492633,0.005230445687363788,0.9999192953109741
121,2859,decompx,0.16420214303455877,-0.7439875019823804,0.18755033612251282
122,2782,decompx,0.8215281407232023,0.04079441420542888,0.9990673661231995
123,515,decompx,0.6797803404766161,0.008330143786765434,0.9999377727508545
124,1951,decompx,0.7968100578082391,0.020979397954084933,0.995648205280304
125,3869,decompx,0.6825613782327208,0.02390511218044493,0.9993947744369507
126,2263,decompx,0.8744881980299286,0.018679593774405392,0.9874914884567261
127,4006,decompx,0.7343071906834666,0.009224317657450834,0.9417631030082703
128,4522,decompx,0.6152301352542255,0.0940170722703139,0.9997182488441467
129,2137,decompx,0.2176645532793676,0.009364249128283876,0.9998064637184143
130,3673,decompx,0.781629687006023,0.029939088056672294,0.9996435642242432
131,1707,decompx,0.19553883628915564,-0.6603865945445639,0.20612700283527374
132,314,decompx,0.37575436595266,0.0017668392560253406,0.9999315738677979
133,1924,decompx,0.8868247085963419,-0.012725383043289185,0.9259030222892761
134,2247,decompx,0.882098018677425,0.014875257121665137,0.9933045506477356
135,3901,decompx,0.7922706456724987,0.026954233992931453,0.9995620846748352
136,1847,decompx,0.3916260296140205,0.1780775198430726,0.9998868703842163
137,1725,decompx,0.3345338700291438,0.009016654430291591,0.9999393224716187
138,3547,decompx,-0.0013349701926457665,-0.1723251635811457,0.002863348228856921
139,4558,decompx,0.15053392905328009,0.0319356232881546,0.9996986389160156
140,3403,decompx,0.4536264206659287,0.022385699080025898,0.9991374015808105
141,3007,decompx,0.919140787186453,0.02053943012248386,0.98827064037323
142,2961,decompx,0.8921055049841016,0.024225649889558554,0.9993306398391724
143,3591,decompx,0.6631590330918484,0.04790842270149904,0.9997499585151672
144,571,decompx,0.6649596993811429,0.049413644336164,0.9991412162780762
145,4041,decompx,0.835924791223887,0.022955521941184998,0.9997161030769348
146,2629,decompx,0.34464172176307156,0.02181698949564071,0.9997896552085876
147,3121,decompx,0.7042784515810623,0.028741062195463615,0.9996071457862854
148,2701,decompx,0.6774924559153882,0.026833312975805858,0.9986948370933533
149,3101,decompx,0.768512449313507,0.026798214073534363,0.9994015693664551
150,1863,decompx,0.06729682403452256,0.08097746968269348,0.9998990297317505
151,2908,decompx,0.1818739128147447,0.004612167214238366,0.9999340772628784
152,4456,decompx,0.9496992436291872,0.03333467024971138,0.9922770261764526
153,3230,decompx,0.7471755584343694,0.05586051690177275,0.999098539352417
154,2399,decompx,0.9380098273242382,0.03272514300126778,0.9969344139099121
155,3447,decompx,0.05336187779903412,0.006856602430343628,0.9999314546585083
156,1522,decompx,0.6652167463167147,0.02662167585257328,0.9997768998146057
157,3295,decompx,0.7091110268956982,0.03659451315179467,0.9882568717002869
158,495,decompx,0.7705410674771931,0.00829709203619706,0.9994595646858215
159,317,decompx,0.4746723776191192,0.06721804596764862,0.9997891783714294
160,4319,decompx,0.1534165988365809,0.010345713297526041,0.9999147653579712
161,2583,decompx,0.8110540317615637,-0.10823248707585864,0.8274156451225281
162,4536,decompx,0.7752220822860383,0.05122912344005373,0.9978781938552856
163,551,decompx,0.7862473956498117,0.031007506115281063,0.9997945427894592
164,950,decompx,0.8002028139468668,0.031752797678626814,0.9994804263114929
165,2681,decompx,0.9546583337666832,0.008239750926559037,0.9999220371246338
166,1720,decompx,0.07094796408306468,0.006645423444834622,0.9999356269836426
167,3845,decompx,0.6219817161399988,0.0071497842669487,0.9999325275421143
168,1653,decompx,0.2882249197456986,0.04613108858466149,0.9996042847633362
169,1475,decompx,0.7463277379612032,0.027379373136239175,0.9997835755348206
170,826,decompx,0.4067340987069266,0.025550877622195652,0.9995926022529602
171,2235,decompx,0.4686584358748335,0.05750468602547279,0.999569833278656
172,1061,decompx,0.8900948400257039,-0.0005915243178606034,0.9787567257881165
173,2353,decompx,0.16577008425020703,0.003607932259054745,0.9999254941940308
174,2771,decompx,0.0856127331131383,0.007856307845366629,0.9999061822891235
175,3467,decompx,0.6855296348371052,-0.0032735990511404502,0.9314789772033691
176,1672,decompx,0.21582111716270447,0.008545477648039122,0.9999165534973145
177,4093,decompx,0.9250805413660904,0.033848262661033204,0.9991058707237244
178,2772,decompx,0.6477657150486872,0.024084306477258604,0.9991812109947205
179,1352,decompx,0.6737293793380054,0.00933203763431973,0.9998832941055298
180,1168,decompx,0.6430612060945184,0.0027668963779102673,0.9999322891235352
181,1928,decompx,0.6148390482748962,0.04420612156391144,0.9986489415168762
182,2714,decompx,0.11256403537990992,-0.8298190171644092,0.11479184031486511
183,3211,decompx,0.9549399509847125,0.023359381528787835,0.9995595812797546
184,4227,decompx,0.5202436038791284,0.028010458276982893,0.9997430443763733
185,2379,decompx,0.852017172781052,0.007413341104984284,0.9999288320541382
186,3649,decompx,0.9173915337473671,0.04160474195248551,0.9995450377464294
187,3624,decompx,0.6541421634099651,0.007134677433386081,0.9999358654022217
188,3790,decompx,0.919369192075658,0.004524818126191484,0.999904990196228
189,1898,decompx,0.4394857806397513,0.007114312478474208,0.9999339580535889
190,1664,decompx,0.7840426788224202,0.0418265632500774,0.9989643096923828
191,3412,decompx,0.23988758140193248,0.00837205712859695,0.9999347925186157
192,4179,decompx,0.6574455702221409,0.043086305757363635,0.9941614270210266
193,32,decompx,0.8883709272105569,0.026887948982990705,0.9821522831916809
194,1218,decompx,0.02924543745974277,0.003911402631313243,0.9999226331710815
195,2565,decompx,0.04722834044489367,0.0018072251615853146,0.9999243021011353
196,2385,decompx,0.848515390874818,0.003703078031539917,0.9999302625656128
197,2592,decompx,0.6578406391399247,0.02907281517982483,0.9977458119392395
198,3443,decompx,0.1190940208422641,0.003593234966198603,0.9997656941413879
199,3365,decompx,0.12107226958400324,0.008208445812526503,0.9999244213104248
200,338,decompx,0.938081842850232,0.03232441509240552,0.9987408518791199
201,1346,decompx,0.25998954764670795,0.18739140116506153,0.9936249256134033
202,4523,decompx,0.8295117108572648,0.026508415255833556,0.9980921149253845
203,4054,decompx,0.7744060043676071,-0.012208888693800513,0.9510001540184021
204,1577,decompx,0.3902011101550244,0.030952110252481825,0.9997733235359192
205,1123,decompx,0.8152682123120961,0.0583609975874424,0.9992254972457886
206,3777,decompx,0.019888058880174104,-0.8201053402717075,0.03357516974210739
207,752,decompx,0.3746587353070145,0.005807978951412699,0.9999350309371948
208,681,decompx,0.786353438301541,0.030438627878373318,0.9996629953384399
209,4433,decompx,0.5418069701340037,0.07125499565154314,0.999805748462677
210,1904,decompx,0.42681295785671236,-0.43795871405074227,0.4504333734512329
211,2342,decompx,0.2890930282978379,0.04068288009385673,0.99979168176651
212,2364,decompx,0.07151882621374997,0.006704215298999439,0.9999332427978516
213,778,decompx,0.36824613945337675,0.037248220420995,0.9087198972702026
214,3001,decompx,0.7969548027872406,0.0621683614497835,0.9997116923332214
215,3200,decompx,0.7671638400742699,0.0534778021668133,0.9997715353965759
216,3921,decompx,0.6981091859200222,0.03468765789326632,0.9997405409812927
217,3545,decompx,0.7965500865128192,-0.004366925972349504,0.961864173412323
218,542,decompx,0.16377743567739214,0.008928743430546351,0.9996552467346191
219,2272,decompx,0.7344052205056263,0.01999523291985194,0.9994385838508606
220,391,decompx,0.9782281458093692,0.026347200500599126,0.9939079284667969
221,1979,decompx,0.06639949824311771,-0.8761428543180227,0.08030615746974945
222,1150,decompx,0.9061947719947057,0.00819894252344966,0.9544633030891418
223,149,decompx,0.07667867967060633,0.024428726945604596,0.9999338388442993
224,2570,decompx,0.9150052158774997,0.029845828876683588,0.9997407793998718
225,927,decompx,0.7202978302541722,0.02728136269641774,0.9993878602981567
226,4017,decompx,0.45563402501725114,0.011873749169436369,0.9998778104782104
227,1398,decompx,0.8348082015416403,0.019675460114490752,0.9997422099113464
228,3635,decompx,0.6493697427816058,0.024608371690625234,0.9997974038124084
229,505,decompx,0.4146453175813921,0.015870617282006047,0.9999276399612427
230,3423,decompx,0.8898000230785842,0.05779890047434049,0.9711435437202454
231,3247,decompx,0.6517551124561578,0.0044488248725732165,0.9999269247055054
232,1895,decompx,0.8185646408985323,0.049798952208624944,0.9992431402206421
233,2286,decompx,0.6971289410555203,0.025964670521872384,0.9997827410697937
234,4232,decompx,0.8484634216082567,0.025353506207466125,0.9912011623382568
235,2595,decompx,0.27128032222390175,0.024046029895544052,0.999797523021698
236,1770,decompx,0.4573526441660785,0.00849713828112628,0.9999250173568726
237,1267,decompx,0.7745838315152496,0.026361573600407803,0.9974930286407471
238,3124,decompx,-0.0019781906508300876,-0.8670478379071662,0.02968371845781803
239,2125,decompx,0.706574037712666,0.03210784015910966,0.9993288516998291
240,1659,decompx,0.8194850518866588,0.048467309356965416,0.9995197057723999
241,2909,decompx,0.3230955688282847,0.044337711110711095,0.9995369911193848
242,1765,decompx,0.07112555919835965,0.12520370446145535,0.9996777772903442
243,1560,decompx,0.7179552174888418,-0.1579339608398019,0.7586172223091125
244,2967,decompx,0.6748445480819404,0.009023446175787184,0.9999127388000488
245,1416,decompx,0.5621683803585578,0.04045228528625825,0.9996176958084106
246,1630,decompx,0.19683011163558278,0.028727672355515616,0.9992948770523071
247,449,decompx,0.7402531448210221,0.030254610229370205,0.9996140599250793
248,152,decompx,0.9127907726158913,0.0286929448539356,0.9958680868148804
249,211,decompx,0.7908317337631681,0.02223432170493262,0.9996917247772217
250,2032,decompx,0.8222442033084657,0.033536850957066884,0.9982683658599854
251,902,decompx,0.6328881642608067,0.0609483716961665,0.9995760321617126
252,3436,decompx,0.7323576728674347,0.030743877973351905,0.9944562315940857
253,3198,decompx,0.8638412846070423,0.03102094352245331,0.9997273087501526
254,57,decompx,0.34124996594320506,-0.5724572774309379,0.3667914569377899
255,3164,decompx,0.3820656942861045,0.001703950704312792,0.9999340772628784
256,4303,decompx,-0.022411092180149392,-0.9728569945895132,0.001042672898620367
257,1927,decompx,0.47275259024981,0.053555979703863464,0.999768078327179
258,3206,decompx,0.5657073152251542,0.008630776727521742,0.9999173879623413
259,3388,decompx,0.8823851795697754,0.05372532821175727,0.9987599849700928
260,816,decompx,0.3932713409885764,0.006078379849592845,0.9999394416809082
261,3284,decompx,0.12019850235236318,0.011520760624032272,0.9999366998672485
262,2765,decompx,0.9390917767338508,0.019170936555243455,0.9997808337211609
263,3970,decompx,0.19230969407056508,0.008208133672413073,0.9998588562011719
264,885,decompx,0.08726589142937552,0.05490188200704076,0.9996283054351807
265,249,decompx,0.8668524109187626,0.036540187654956695,0.9996722936630249
266,2203,decompx,0.7212340026558872,0.019914114808148527,0.9986516833305359
267,3115,decompx,0.4534003820707567,0.004831489993304741,0.9999405145645142
268,2341,decompx,0.011702010797899823,0.006535428901051366,0.999940037727356
269,4132,decompx,0.8208674851292634,-0.01952462137307761,0.952293336391449
270,1781,decompx,0.12441293390778203,0.003953922539949417,0.999897837638855
271,4488,decompx,0.4945004362987516,0.009530724390693333,0.9999198913574219
272,44,decompx,0.33569486582508457,0.03512035310268402,0.9997947812080383
273,2390,decompx,0.5084968619048595,0.03670587639013926,0.9996523857116699
274,286,decompx,0.43577113353901287,0.02218065173788504,0.9993798732757568
275,1094,decompx,0.7893653408896599,0.0197270107367691,0.9890894293785095
276,1962,decompx,0.25717541005681543,0.02055263197889515,0.9997689127922058
277,4530,decompx,0.8288000044299335,0.02251348335568498,0.9996106028556824
278,202,decompx,0.17874522924423217,0.004054404497146606,0.9994975328445435
279,237,decompx,0.17955690816692685,0.004597196112508359,0.999850869178772
280,2519,decompx,0.5528756931889802,0.06910794973373413,0.9993638396263123
281,3870,decompx,0.8194421007418914,0.02141564847061447,0.9977250695228577
282,1108,decompx,-0.018495163271230314,-0.40229826950720354,0.00018701479712035507
283,2449,decompx,0.7018957119503552,0.03745882914346807,0.9996224641799927
284,2525,decompx,0.7240302887382584,0.026581804091865953,0.9997791647911072
285,357,decompx,0.7813683881224437,0.022319865453502407,0.9797533750534058
286,736,decompx,0.7112710400940462,0.015725388129552206,0.9999127388000488
287,3918,decompx,0.33869866470340637,0.010486297309398651,0.9999202489852905
288,3848,decompx,0.023986711695387557,0.008309401370383598,0.9999294281005859
289,1953,decompx,0.7980069578957877,0.07889906829223037,0.9960936903953552
290,1131,decompx,0.8159409321863981,0.07687719000710382,0.8859970569610596
291,261,decompx,0.07173914931438587,0.0030371215608384875,0.9999376535415649
292,3113,decompx,0.6446708410978317,0.043679839372634886,0.9989184141159058
293,379,decompx,0.601836152862698,0.021647682373828078,0.9996964931488037
294,4263,decompx,0.7414105340826492,0.023006967436044645,0.9997733235359192
295,1521,decompx,0.5170199959075371,0.030511725486980543,0.9997854828834534
296,1006,decompx,0.19652712039458445,0.005758397090129363,0.9999394416809082
297,2099,decompx,0.969952620227293,0.02729789222159037,0.9996212720870972
298,4293,decompx,0.44365933601345336,0.009523039204733713,0.9999294281005859
299,436,decompx,0.16216227928033242,0.00495499143233666,0.9994258880615234
300,368,decompx,0.7244892192849268,0.014602016905943553,0.9812131524085999
301,3335,decompx,0.7065133889700519,0.02540164766833186,0.9994614720344543
302,3450,decompx,0.8000869033675435,-0.012196039391118426,0.9562457799911499
303,939,decompx,0.6805048992135818,0.032254302608115334,0.9997876286506653
304,3596,decompx,0.5692766611191861,0.01961790770292282,0.9997244477272034
305,4027,decompx,0.29634601358945173,0.004293327530225118,0.99993896484375
306,4056,decompx,0.23505222156905292,0.001477887755946109,0.9999409914016724
307,3946,decompx,0.8018967106676939,0.035850933736615014,0.9994204044342041
308,1429,decompx,0.8708914566534356,0.008310843736697465,0.9995761513710022
309,3847,decompx,0.8332077059102185,0.02654694765806198,0.9996820688247681
310,1195,decompx,0.6685804242057906,0.02107762694058399,0.9880417585372925
311,1003,decompx,0.7115322646861739,0.017573343506499903,0.9997404217720032
312,1465,decompx,0.5384936485478344,0.021464958786964417,0.9996582269668579
313,2308,decompx,0.9760601953758153,0.06662322992328988,0.9997614026069641
314,250,decompx,0.2230224255272737,-0.7383583461244901,0.2267824411392212
315,1579,decompx,0.7262579462371721,0.0234300112578927,0.9956309795379639
316,3954,decompx,0.5483670138515705,0.006783998289773631,0.9999417066574097
317,1105,decompx,0.4339166386052966,-0.035436724126338956,0.9329100847244263
318,3569,decompx,0.8643304233397873,0.02816755123235084,0.9985590577125549
319,3943,decompx,0.5789787707229456,0.02268851013519825,0.9352025389671326
320,1610,decompx,0.5969780074693717,0.023749677509796327,0.9997870326042175
321,3003,decompx,0.6174574576467627,0.0018737057469925792,0.999936580657959
322,2100,decompx,0.6272905762689884,0.0771728516979651,0.9997678399085999
323,403,decompx,0.8514527592606927,-0.004999585788358341,0.9727258682250977
324,2746,decompx,0.8986488211880699,0.017243761893199837,0.9949716329574585
325,4535,decompx,0.5936073208136572,0.02067689431157518,0.9998130202293396
326,1022,decompx,0.7741706256565521,0.014794258400797844,0.9999343156814575
327,1764,decompx,0.849493330775153,0.02442442625761032,0.999531626701355
328,2231,decompx,0.8333304861080251,0.015601925551891327,0.9999216794967651
329,3830,decompx,0.597221162961796,0.04537907261401415,0.9994798302650452
330,3357,decompx,0.26559415177964585,0.009016038441076511,0.9999380111694336
331,1154,decompx,0.6315621174871922,0.02409757496345611,0.9997674822807312
332,4461,decompx,0.2606217557070207,0.0038093206833819952,0.999925971031189
333,4356,decompx,0.8728087251102432,0.005560995271319852,0.9884882569313049
334,1788,decompx,0.8948069460160213,0.0048299818014612,0.9775946736335754
335,813,decompx,0.9119173571085007,0.021757039551933605,0.9953723549842834
336,344,decompx,0.7081473112597855,0.04938763380050659,0.9997469782829285
337,1353,decompx,0.7227646376385287,0.01992244014273519,0.9959602952003479
338,3951,decompx,0.6039441609375027,0.004437902752234012,0.9999208450317383
339,2427,decompx,0.7367876447554279,0.00828529539562407,0.9998633861541748
340,3287,decompx,0.7504195796500426,0.05704340028266112,0.9947953820228577
341,1226,decompx,0.4385459447597585,0.007568561449283507,0.9998615980148315
342,1678,decompx,0.5375341911776326,0.023953815492299888,0.9995608925819397
343,2941,decompx,0.5438522251277436,0.006148258360420785,0.999510645866394
344,1740,decompx,0.24962058845657584,0.00524641537084812,0.9999262094497681
345,168,decompx,0.7157895333556966,0.06008818325671283,0.9996610879898071
346,4577,decompx,0.6624154781059521,0.02181066336428247,0.9994586110115051
347,1363,decompx,0.8322449766705783,0.016677008072535197,0.9998170733451843
348,853,decompx,0.25573659464716914,0.034343366026878354,0.9996707439422607
349,387,decompx,0.6812704703222741,0.018815657379580478,0.9996510744094849
350,3356,decompx,0.36448802550633747,0.08070071254457746,0.998764157295227
351,3746,decompx,0.852979692253002,0.04975966657652999,0.9961488246917725
352,3411,decompx,0.4502072708728986,0.007699073889316657,0.9998961687088013
353,880,decompx,0.9078673850053747,0.04343759144345919,0.9992817044258118
354,3464,decompx,0.9367311309858527,0.020156719256192446,0.9997746348381042
355,1034,decompx,0.6744154474361697,0.010999917984008789,0.9996588230133057
356,3564,decompx,0.7365166923242875,0.020189536024223676,0.9997032284736633
357,84,decompx,0.6372501755831763,0.03671315464783798,0.9995858073234558
358,3903,decompx,0.6332657990149326,0.03550266515877512,0.9993438124656677
359,1772,decompx,0.78410354746504,0.03777149899138345,0.9610466361045837
360,42,decompx,0.6596249380910938,-0.049387923695824364,0.9146188497543335
361,4097,decompx,0.8218597062919086,0.031053087957527325,0.9793807864189148
362,2943,decompx,0.7518120988522872,0.036876822320314556,0.9995664954185486
363,4262,decompx,0.7854024292084831,0.04800141461920447,0.9997207522392273
364,3099,decompx,0.0017177080381598727,-0.6897012464374908,0.007520559709519148
365,3982,decompx,0.9012588055258764,0.020943444889084794,0.977266788482666
366,3797,decompx,0.8929388290092246,0.040476531568975724,0.966303825378418
367,1730,decompx,0.798175780473023,0.03557227264073762,0.9996324777603149
368,2616,decompx,0.8661521394663539,0.02301361686304996,0.9995546936988831
369,476,decompx,0.8819620043096774,0.03731492499808793,0.9997815489768982
370,1489,decompx,0.6084403798322786,0.018216350843960588,0.999782383441925
371,2295,decompx,0.8053657999574547,0.03358802144847265,0.9995661377906799
372,468,decompx,0.5913992549136916,0.054689074866473675,0.9995942711830139
373,3608,decompx,0.6184320780677642,-0.014952670274810358,0.9273435473442078
374,4098,decompx,0.45650327123883294,0.02475194578490606,0.9984337687492371
375,1874,decompx,0.5550775758899926,0.06865791470876761,0.9997912049293518
376,290,decompx,0.5898918030614203,0.03663305315104398,0.9997487664222717
377,383,decompx,0.18490723205300477,0.0016345026401373057,0.9999401569366455
378,3175,decompx,0.7288076708558947,0.02401147037744522,0.9997592568397522
379,4501,decompx,-0.09725724212054548,0.02538018863134343,0.07899896800518036
380,3622,decompx,0.35292552294032203,-0.581547325920491,0.35742297768592834
381,2034,decompx,0.12279844115365227,0.00394004133512389,0.9999349117279053
382,363,decompx,0.44534008408134634,0.167733909054236,0.9986516833305359
383,3374,decompx,0.7571159068508732,0.03772903146112666,0.9990923404693604
384,1640,decompx,0.4732291879522246,0.07723701147492541,0.9997460246086121
385,1448,decompx,0.7497800387160775,0.01465652006762949,0.996951699256897
386,957,decompx,0.6223374237213284,0.02274270389229059,0.9997989535331726
387,4028,decompx,0.8976233022458965,0.039111713299880155,0.9991269707679749
388,3583,decompx,0.8474374422006995,0.0404554552545673,0.9997730851173401
389,3657,decompx,0.7628989104926586,0.043002116680145266,0.9996546506881714
390,4436,decompx,0.8478541489910438,0.03871149602863524,0.998591959476471
391,3203,decompx,0.8933235148650143,0.016317741856688543,0.9898536801338196
392,3487,decompx,0.8303258119280948,0.04003356241209562,0.9904176592826843
393,4109,decompx,0.8757032322942645,0.040042869081454616,0.8805423378944397
394,197,decompx,0.009390311581747872,0.004637290020378268,0.999922513961792
395,3854,decompx,0.4885045761641647,0.021565729131301243,0.9994151592254639
396,2128,decompx,0.6123094561224294,0.03727795981935093,0.9995693564414978
397,2884,decompx,0.03524991460874969,0.005024803619758755,0.9999295473098755
398,213,decompx,0.9040855531356825,-0.027488334598589917,0.9530797004699707
399,2214,decompx,-0.0061681364644558725,-0.10115324611684333,0.0002876799844671041
400,3161,decompx,0.43220618076440764,0.0055910145364156585,0.9999369382858276
401,907,decompx,0.6451693834809988,0.056375576292767245,0.9997884631156921
402,2498,decompx,0.6837074710216257,0.04555138610303402,0.9989238381385803
403,2197,decompx,0.29741523035157186,0.03468297335963983,0.9997872710227966
404,1493,decompx,0.6887609812650172,0.037570063682163465,0.9992609620094299
405,176,decompx,0.6346324789204768,0.05111156340156283,0.999524712562561
406,3451,decompx,0.43124734418410243,0.009676454645214659,0.999929666519165
407,2551,decompx,0.5378128061337131,0.02715807088783809,0.9995612502098083
408,1829,decompx,0.4994195393371311,0.0017588041045448997,0.9999178647994995
409,4525,decompx,0.6216479024360709,0.037837479795728414,0.9997960925102234
410,47,decompx,0.5809092209035275,0.03424461726464477,0.9997625946998596
411,2650,decompx,0.14043667997632708,0.008975965636117118,0.9999330043792725
412,139,decompx,0.901064111499264,0.04325578167018565,0.9989711046218872
413,2922,decompx,0.6224303453859069,0.03386891416528008,0.9995997548103333
414,3642,decompx,0.6987048701048479,0.0454524202272296,0.9997642636299133
415,3719,decompx,0.8733465072527502,0.04205435125364198,0.999159574508667
416,3053,decompx,0.7737958315759897,0.05840299785137176,0.9947302341461182
417,1889,decompx,0.7804283064937121,0.025154816084786466,0.9997411370277405
418,1470,decompx,0.5527427982643099,0.007861871468393426,0.999925971031189
419,4096,decompx,0.3132801046877196,0.027994758703491905,0.999144434928894
420,2293,decompx,0.05445312581411222,0.009959533447172583,0.9999227523803711
421,251,decompx,0.39764346157511077,0.050179142504930496,0.9928159713745117
422,4358,decompx,0.6781024641418101,0.03716631476645884,0.999430239200592
423,2791,decompx,0.7006050514755771,0.01938810246065259,0.9997180104255676
424,3028,decompx,0.6453824274862806,0.025145417617426977,0.9995859265327454
425,215,decompx,0.7379022640303922,0.004126131534576416,0.9995898604393005
426,2298,decompx,0.9293539771415453,0.005568194389343262,0.9998769760131836
427,1533,decompx,0.826085496172309,0.026969185918569564,0.9958590865135193
428,2852,decompx,0.5901169858786256,0.020909659737764402,0.9962385892868042
429,933,decompx,0.5974829276535838,0.00748590628306071,0.9999364614486694
430,2679,decompx,0.381265648781482,0.040158499777317044,0.9974800944328308
431,3072,decompx,0.5047013856367104,0.009231820702552795,0.999914288520813
432,1681,decompx,0.7801846145894353,0.018547298901892724,0.9976332187652588
433,914,decompx,0.5977898592978055,0.02896672679531959,0.9997227787971497
434,2306,decompx,0.0068120776220809585,0.014610120030336602,0.9999217987060547
435,3841,decompx,0.09083334395759984,0.006607745823107268,0.9999384880065918
436,3570,decompx,0.8501796948168537,0.013119397741375547,0.9999055862426758
437,2211,decompx,0.49734934688956745,-0.4632063607374827,0.5077521800994873
438,2857,decompx,0.19889784841689107,-0.6338426595410476,0.2091955542564392
439,1766,decompx,0.7416345612384161,0.05922695320276987,0.9994213581085205
440,498,decompx,0.005782111891265583,-0.4163596625590036,0.013604667969048023
441,2230,decompx,0.35213994929775555,0.019349295956393082,0.9997672438621521
442,884,decompx,0.6284230790075699,-0.3387027315440632,0.6372222900390625
443,3275,decompx,0.9073885522822607,0.03475068801758336,0.9770309329032898
444,1991,decompx,0.4013776792834202,0.01860541303952535,0.9999368190765381
445,3426,decompx,-0.0006800053826602245,-0.7180097036891513,0.000816914951428771
446,566,decompx,0.48832903343340933,0.02411722593210839,0.9996308088302612
447,3457,decompx,0.8153907467041992,0.02195999757559211,0.9997816681861877
448,2792,decompx,0.4918685770170255,0.01728795143690976,0.9993994235992432
449,4095,decompx,0.2630883217072831,0.02831023852699078,0.9997488856315613
450,2257,decompx,0.582573477325863,0.026200690943943828,0.9997274279594421
451,4129,decompx,0.06484197953021587,-0.8634772862706865,0.06931323558092117
452,1606,decompx,0.3494442125161489,0.027769056459267933,0.9988771080970764
453,439,decompx,0.48930020377964767,0.0017221454117033216,0.9999281167984009
454,2737,decompx,0.892989418059733,0.04042843971401453,0.9988178610801697
455,2008,decompx,0.8734438821929236,0.020969918647477794,0.9982183575630188
456,3731,decompx,0.8522310386533323,-0.005309634315578834,0.9591206312179565
457,3519,decompx,0.5733943621211863,0.019543214205731737,0.9997548460960388
458,2678,decompx,0.8664577346460883,0.005768131950627203,0.9997536540031433
459,4561,decompx,0.4590995634595553,0.02493173579374949,0.9997255206108093
460,3617,decompx,0.865842547541802,0.0009546142977637213,0.8938249349594116
461,1998,decompx,-0.100552303774748,-0.0715282614427534,0.002723908284679055
462,1121,decompx,0.7787763072040186,0.03299886530095881,0.9996702671051025
463,2601,decompx,0.2932479703290896,0.006323145194487138,0.9999405145645142
464,1261,decompx,0.33141119205034697,0.008151306555821346,0.9999402761459351
465,2275,decompx,0.4354808097730711,-0.3526950258761644,0.5741451382637024
466,2611,decompx,0.15039605423808097,0.007677389681339264,0.9998875856399536
467,844,decompx,0.5935225057445707,0.02419835329055786,0.9963823556900024
468,4265,decompx,0.438427429914515,0.040979298560515694,0.9969958066940308
469,27,decompx,0.24397682376644192,0.05740027288522791,0.9997844099998474
470,229,decompx,0.8543536235421197,0.014350835382938385,0.9907850027084351
471,862,decompx,0.04098852960900827,0.006599202752113342,0.9999004602432251
472,3155,decompx,0.6904534777471175,0.003990003218253453,0.9999397993087769
473,4039,decompx,0.8772832543961704,0.05602286778390408,0.9994792342185974
474,183,decompx,0.19448507495888573,-0.7408674815246328,0.20557062327861786
475,2360,decompx,0.5281532588264635,0.01610741307658534,0.9999017715454102
476,2348,decompx,0.841712737752294,0.08992196145382794,0.9916976690292358
477,238,decompx,0.36119956393359287,0.014360878503683842,0.9829922318458557
478,3180,decompx,0.16363990769998446,0.024772465229034424,0.9997753500938416
479,2581,decompx,0.710546190749093,0.019265866705349514,0.9992966651916504
480,1567,decompx,0.701913424956169,0.01812952455992882,0.9997461438179016
481,2925,decompx,0.06504335564871629,0.011281505227088928,0.9999390840530396
482,523,decompx,0.6630433071304911,0.02440498300961086,0.9997288584709167
483,1035,decompx,0.6917473945791859,0.02546414773206453,0.9997546076774597
484,2402,decompx,0.24848191632378486,0.0196666871347735,0.9832964539527893
485,2312,decompx,0.7001475555201372,0.025957571135626897,0.9992567896842957
486,1225,decompx,0.7843595335190184,0.021970549449324608,0.9997814297676086
487,2069,decompx,0.15670331013508332,0.005580494037041297,0.9999387264251709
488,423,decompx,0.6706572636091089,0.06389436522474537,0.9997726082801819
489,4427,decompx,0.43241497737012413,0.02426837267060029,0.9993597865104675
490,1174,decompx,0.4918352207921377,0.02359835748992315,0.9992849230766296
491,1490,decompx,0.34453074349034013,0.009864521749091871,0.9999188184738159
492,2020,decompx,0.8469372013509697,0.02299989675256339,0.9987404942512512
493,1837,decompx,0.9520437685967438,0.00550925719444869,0.9885565042495728
494,3730,decompx,0.9440980855046868,0.032336251583041216,0.9954784512519836
495,1586,decompx,0.3153406061390613,0.004147324156253896,0.9999392032623291
496,3595,decompx,0.32813784771745924,0.07209029656491782,0.9994558691978455
497,2622,decompx,0.6615099584138612,0.02255883812904358,0.999466598033905
498,2173,decompx,0.06970474811700675,0.00797864106985239,0.9998503923416138
499,2153,decompx,0.07257892730388235,0.004092069382363177,0.9999412298202515
500,1139,decompx,0.7811496179755999,0.08313741801040513,0.9996631145477295
501,4101,decompx,0.6329483070843188,0.02873290181159973,0.9996612071990967
502,4005,decompx,0.26569391704267925,0.033598050475120544,0.9829677939414978
503,1530,decompx,0.5548830410102155,0.04537921435222393,0.9996594190597534
504,4259,decompx,0.834383277243752,0.03116141219396849,0.9996960163116455
505,2175,decompx,0.18854622768753387,0.004247998937647393,0.9999364614486694
506,1016,decompx,0.48654459470943096,0.026001172741093943,0.9997708201408386
507,1575,decompx,0.7037576200696183,0.06635182854883812,0.9723339676856995
508,1333,decompx,0.6821263449012556,0.049584282392805275,0.9986074566841125
509,1380,decompx,0.26666409259831364,0.06181639305908571,0.9990560412406921
510,1428,decompx,0.7079671453547609,0.02789184363449321,0.9997190833091736
511,2027,decompx,0.7683198426664324,0.02425682881417183,0.9978861212730408
512,1039,decompx,0.10928142301738263,0.12398730173707008,0.999782383441925
513,22,decompx,0.7275114681522313,0.10823758431645326,0.9978649020195007
514,1276,decompx,0.3655066075734794,0.0122690349817276,0.9998977184295654
515,1367,decompx,0.7755056670234067,0.03088504821062088,0.998982846736908
516,147,decompx,0.4233678824135235,0.0250127198440688,0.9986269474029541
517,3226,decompx,0.7741712429470445,0.020219131062428158,0.9973932504653931
518,4586,decompx,0.7364639153914346,0.03408277827885843,0.9997712969779968
519,2301,decompx,0.7461885703427685,0.04196342120294349,0.9987567663192749
520,2466,decompx,0.48631283281534826,0.010465977653380363,0.9999179840087891
521,2876,decompx,0.9540419814476104,0.027652623943793468,0.9994862079620361
522,2213,decompx,0.01765299020917155,-0.8681044280529022,0.0878281518816948
523,2261,decompx,0.838551644664781,0.05664414855150076,0.9995148181915283
524,1956,decompx,-0.010481562894049355,-0.6171867021846331,0.0008964388398453593
525,2369,decompx,0.5024111418330923,0.026519795998613885,0.9990792274475098
526,190,decompx,0.5081542890790539,0.0511736236512661,0.9997658133506775
527,1834,decompx,0.7277469493448734,0.020933537371456624,0.9997536540031433
528,2393,decompx,0.5900142189736167,-0.1567633485214578,0.7915317416191101
529,282,decompx,0.5341021105133253,0.0015502335696384825,0.9999170303344727
530,1916,decompx,0.657602792896796,0.05016783392056823,0.9993376135826111
531,4527,decompx,0.7756923378799998,0.02099342697433063,0.9988406300544739
532,1324,decompx,0.23443950675069714,0.023803418645491965,0.9996585845947266
533,3576,decompx,0.29039840460629074,0.049226052857734064,0.9996577501296997
534,4029,decompx,0.5065895175906799,0.027651686341531815,0.9948514103889465
535,1683,decompx,0.8849058825125331,0.06989196858004383,0.9994662404060364
536,4353,decompx,0.5102483648352507,0.02826335008551435,0.9837759137153625
537,273,decompx,0.8907441564613469,-0.008219786596541502,0.9609127640724182
538,1970,decompx,0.7733579918265935,0.03112358566034924,0.9997896552085876
539,903,decompx,0.8606870990257621,0.020481966258514495,0.9984595775604248
540,3599,decompx,0.6979946436958226,0.015005159435363916,0.9996839761734009
541,2499,decompx,0.9764638010908675,0.01751611277461052,0.9977362155914307
542,3514,decompx,0.653124766574879,0.041255015717900315,0.9997149109840393
543,2991,decompx,0.8075816435770033,0.023509476529924495,0.999815046787262
544,3705,decompx,0.0692885659635067,0.2237291974015534,0.999768078327179
545,2014,decompx,0.18602440078207788,0.0036153488970817405,0.9999241828918457
546,257,decompx,0.8510870919045475,0.033925430918181385,0.9978786706924438
547,3721,decompx,0.07106417564095044,0.0013605668896534404,0.9999274015426636
548,2368,decompx,0.07640870445304447,0.005929655498928494,0.9999309778213501
549,3689,decompx,0.30709970775407125,0.004195721859627581,0.999934196472168
550,2574,decompx,0.0746928004152847,0.0016133568503639915,0.9999080896377563
551,4260,decompx,0.7386289812169377,0.07233070480552586,0.995688259601593
552,517,decompx,0.8448792733327155,0.011577300487026092,0.9990198612213135
553,3170,decompx,0.07943464944224074,-0.6591932336623604,0.08178331702947617
554,3201,decompx,0.8937087308615446,0.03670465737581253,0.9957893490791321
555,3194,decompx,0.3567779384067525,0.015489149190809416,0.9924966096878052
556,3897,decompx,0.47600069949403406,0.027204600721597673,0.9990540146827698
557,858,decompx,0.8817079826585541,0.009414691478013992,0.9762351512908936
558,19,decompx,0.7735290280855864,-0.022640904342686688,0.8163796067237854
559,699,decompx,0.19969443093847344,0.02108234167098999,0.9998138546943665
560,575,decompx,0.2200842878470818,0.021459226806958515,0.9999368190765381
561,1646,decompx,0.010549166372844152,0.007426163979939052,0.999907374382019
562,3623,decompx,0.39457550463153096,0.023285653169562177,0.9995326995849609
563,599,decompx,0.8487946711968106,0.023371860012412073,0.9981202483177185
564,2894,decompx,0.1470472302701738,0.006830134656694201,0.9999396800994873
565,305,decompx,0.946962983200309,0.02027742859889876,0.9993307590484619
566,3433,decompx,0.44622675118581306,0.003462553024291992,0.9998227953910828
567,3826,decompx,0.7325661599636077,0.03748422331280178,0.9818872213363647
568,1350,decompx,0.8958015754675109,0.02326185563031365,0.9943504929542542
569,2129,decompx,0.9132674408781234,0.020295293832367115,0.9983017444610596
570,1422,decompx,0.3685086066099374,0.02562938709008066,0.9996740818023682
571,3819,decompx,0.389409828169102,0.019363039427182892,0.9984520673751831
572,1527,decompx,0.24761777833104134,0.0034384214878082275,0.9999376535415649
573,1087,decompx,0.14011512899940665,0.004898558963428844,0.9999384880065918
574,1484,decompx,0.6204372066777291,0.03364479905221521,0.9995259046554565
575,3513,decompx,0.5084816793561913,0.061248022504150866,0.9994493126869202
576,3361,decompx,0.8411217345493949,0.005839750501844618,0.999293327331543
577,1323,decompx,0.9482107251591515,0.023458595077196758,0.9977144002914429
578,1553,decompx,0.46528152781649534,0.022369953493277233,0.9996764659881592
579,3687,decompx,0.24453778110910207,0.003429875842162541,0.9998612403869629
580,4368,decompx,0.6066770646120271,0.03130089804049461,0.9996041655540466
581,3165,decompx,0.6193633646000071,0.025831843847813812,0.9997616410255432
582,1309,decompx,0.8794839466577149,0.04469742964614521,0.9997159838676453
583,2983,decompx,0.8127567364643209,0.02385511020055184,0.9997509121894836
584,3378,decompx,0.09742687311437395,0.0951030276439808,0.9983618855476379
585,345,decompx,0.02565914030698047,-0.21293666455470805,0.09959545731544495
586,1086,decompx,0.40750587098300456,0.022058683261275292,0.9997208714485168
587,923,decompx,0.4378524497151375,0.030325734118620554,0.9997708201408386
588,1571,decompx,0.364165595266968,0.018824802711606026,0.9983104467391968
589,842,decompx,0.882032111904831,0.02775823758268843,0.990315854549408
590,2165,decompx,0.9083606675334382,-0.000589855731679843,0.9531433582305908
591,608,decompx,0.8817341360984795,0.02001533705903136,0.9997633099555969
592,285,decompx,0.4308350182598753,0.026378508487885647,0.9996041655540466
593,2009,decompx,0.7693963172244945,0.023358466611667114,0.9997312426567078
594,807,decompx,0.4936246735282069,0.010125242000402407,0.9999251365661621
595,4511,decompx,0.6523466826135215,0.04879939556121826,0.9997615218162537
596,2495,decompx,0.49050565707889915,0.03871803716117261,0.9997606873512268
597,405,decompx,0.5307894315804017,0.03482163385773192,0.9994694590568542
598,218,decompx,0.5826887271757568,0.05714186593409507,0.9995858073234558
599,1976,decompx,0.8728552560283528,0.02532380074262619,0.9958023428916931
600,4040,decompx,0.8126573754403084,0.04032462327317758,0.9979668259620667
601,2461,decompx,0.4107885350557891,0.03686727899493593,0.9994953870773315
602,2095,decompx,0.5811077610607136,0.033438623408382794,0.9996145963668823
603,327,decompx,0.8513435410944415,-0.05714263046781222,0.8981558084487915
604,2957,decompx,0.8339092814742383,0.07871633496577457,0.9996838569641113
605,1778,decompx,0.8929754569301925,0.037488288866976895,0.9954015016555786
606,688,decompx,0.5153249341707963,0.0227719430740063,0.999686598777771
607,393,decompx,0.8562664423206559,0.049880534601517215,0.9983372688293457
608,3495,decompx,0.6043302213316256,0.018240429671867838,0.9997907280921936
609,2741,decompx,0.5421604096712975,0.043351497987042305,0.9997590184211731
610,3105,decompx,0.6656741336716906,-0.22232851256494937,0.7089082598686218
611,3579,decompx,0.6630460200831294,0.052788548384393966,0.9993767142295837
612,4460,decompx,0.8135581793606608,0.02617357647482385,0.9996813535690308
613,1491,decompx,0.5469981671347725,0.008225412745224802,0.9999392032623291
614,882,decompx,0.7221095901137838,0.03772061400943332,0.9983023405075073
615,2085,decompx,0.738347774233531,0.02569568157196045,0.9996563196182251
616,1769,decompx,0.7494909191114265,0.02267765409724657,0.9996805191040039
617,3177,decompx,0.23053908880267823,-0.2767477784837995,0.6650061011314392
618,3766,decompx,0.5970698445796584,0.023582432705622453,0.9997426867485046
619,2049,decompx,0.5911081254744204,0.025491022504866123,0.9997180104255676
620,794,decompx,0.056324638087641106,0.006625927307388999,0.9999421834945679
621,1617,decompx,0.6829469657127952,0.051831452538155846,0.999640703201294
622,21,decompx,0.45366866779686127,0.05253129345537336,0.9997922778129578
623,2626,decompx,0.8821899273516869,0.008615133497450087,0.9998906850814819
624,2199,decompx,0.0016975178562764388,-0.7889743086571495,0.003585011698305607
625,4578,decompx,0.5927153311352781,0.004769141369677605,0.9999222755432129
626,1535,decompx,0.9060249942019161,0.053793996315577935,0.9993570446968079
627,1012,decompx,0.9005677716941136,0.03143811668269336,0.985027551651001
628,3302,decompx,0.6035889822244644,0.021198126673698425,0.9996715784072876
629,3059,decompx,0.3839094134668509,0.03344450195630391,0.9987539052963257
630,1172,decompx,0.3689525310288776,0.027093852108175106,0.999935507774353
631,3322,decompx,0.4676257003294794,0.03561421091619291,0.9968185424804688
632,3232,decompx,0.8464315905786696,-0.09271158718250015,0.8737022280693054
633,3859,decompx,0.13373995897097465,0.007674082731589293,0.9999407529830933
634,1015,decompx,0.8652748605452998,0.042259343488271844,0.9994232654571533
635,1364,decompx,0.10412993346867354,0.03553929277088331,0.9999010562896729
636,2757,decompx,0.3160954273834422,0.00041799529178722486,0.998711347579956
637,182,decompx,0.5795107844179594,-0.38824224150648307,0.5817652344703674
638,1107,decompx,0.4245630822799824,0.003125591410530938,0.9999330043792725
639,188,decompx,0.833354905530827,0.02762024062020438,0.9995160102844238
640,2990,decompx,0.8465863014583496,0.0298625238550206,0.9992591738700867
641,2951,decompx,0.8630430733164758,-0.057110328266086675,0.8948888182640076
642,3539,decompx,0.036250366614415094,0.007445767903939271,0.9999409914016724
643,3473,decompx,0.22023445243636766,0.019146095030009747,0.9995162487030029
644,1655,decompx,0.6261850765415305,0.028569548512282578,0.9880483150482178
645,3422,decompx,0.7884339958115522,0.02109922517253005,0.9997698664665222
646,4077,decompx,0.4811206673521821,0.04126034967783021,0.9997468590736389
647,3015,decompx,0.11872527868516984,0.029755611573496172,0.9999136924743652
648,2713,decompx,0.26695646059054595,0.00723418822655311,0.9998477697372437
649,3397,decompx,0.6585708746111932,0.04102669450196814,0.9997735619544983
650,1266,decompx,0.90439866706722,0.016351598891473952,0.9997161030769348
651,1623,decompx,0.42170077526512056,0.018044772916115247,0.9997606873512268
652,3358,decompx,0.699512254956755,0.04307895011845089,0.9997507929801941
653,373,decompx,0.2558347946032882,0.011020749807357788,0.9999326467514038
654,2026,decompx,0.08315771677427822,0.05143807919489013,0.9993563294410706
655,1524,decompx,0.3923636171966791,0.04116977350069927,0.9997822642326355
656,422,decompx,0.8281456692853854,0.022295564058281127,0.9997616410255432
657,3169,decompx,0.08080044476424947,0.010137848994311164,0.9998743534088135
658,3650,decompx,0.4859480862759731,0.002209934321316806,0.9999430179595947
659,3800,decompx,0.889236481393032,0.07189061286601614,0.9991720914840698
660,1120,decompx,0.5395298723201707,0.03747379716556027,0.9997346997261047
661,2249,decompx,0.598874717560965,0.030493272771668987,0.9996480941772461
662,4043,decompx,0.11785148898529452,0.004650645477827205,0.999901294708252
663,616,decompx,0.3488967639618906,0.02994822145536028,0.9978971481323242
664,2691,decompx,0.7332346203258714,0.03472592500416008,0.9995947480201721
665,2043,decompx,0.7447142452607035,0.024033239976103817,0.9951033592224121
666,3188,decompx,0.9014939278407837,0.02035308726131916,0.9996837377548218
667,2835,decompx,0.7039439020982872,0.018785982536008723,0.9997915625572205
668,4211,decompx,0.12841117878754935,0.01565071940422058,0.9999293088912964
669,917,decompx,0.34792323876172304,0.018700694665312767,0.9920033812522888
670,4100,decompx,0.512089044559333,0.02954152872165044,0.9977766871452332
671,1162,decompx,0.12096075404707979,0.022109141618740266,0.9987475872039795
672,3716,decompx,0.6630997113710226,0.02086499177439268,0.9998213648796082
673,1248,decompx,0.4693511048468148,0.00482577812380907,0.9999306201934814
674,828,decompx,0.25378455141896106,0.005013828581952034,0.9999380111694336
675,2243,decompx,0.021568122564912622,-0.7039431621350588,0.02579612098634243
676,2902,decompx,0.3140519905729957,0.018465727883970964,0.9997243285179138
677,337,decompx,0.3715581876727251,0.04662630363152577,0.9995959401130676
678,2351,decompx,0.499305597320199,0.037715667635202406,0.9995847344398499
679,1959,decompx,0.5585604957072065,0.02068169489502907,0.9972550272941589
680,3431,decompx,-0.02195074546352771,-0.09270567705971189,0.00036186506622470915
681,4374,decompx,0.6497162497265037,0.024663242074299832,0.9994891881942749
682,1102,decompx,0.2285967871095195,0.010054272232633648,0.9999380111694336
683,1246,decompx,0.050567750345196644,0.002834261509410122,0.9999332427978516
684,1176,decompx,0.459610488348537,0.02073238475455178,0.9998319149017334
685,4579,decompx,0.04802022907469008,0.009125641981760661,0.9999203681945801
686,3195,decompx,0.35474210340619133,-0.5773462495383095,0.38375335931777954
687,2790,decompx,0.27039579686243087,0.019869986549019815,0.9992958307266235
688,3877,decompx,0.9167316254987825,0.05755791946181229,0.9914222359657288
689,93,decompx,0.7380733224455007,0.03741272816131281,0.9984662532806396
690,2795,decompx,0.8512478973740095,0.05252954837035488,0.892436146736145
691,2317,decompx,0.19127708741209723,0.04637120772068473,0.9906683564186096
692,385,decompx,0.1284801837208928,0.051010060599263836,0.9997519850730896
693,913,decompx,0.2042611762881279,0.03372303825436217,0.9996331930160522
694,693,decompx,0.721138684441232,-0.010143417313143058,0.9674268960952759
695,3241,decompx,0.8617459985318419,0.02465248228982091,0.9992102384567261
696,2471,decompx,0.5553260371849245,0.03948325861473473,0.9979719519615173
697,311,decompx,0.5788239469797842,0.020666311793732194,0.9997581839561462
698,334,decompx,0.9267230350791887,0.003549083223882711,0.999934196472168
699,861,decompx,0.028336890317775584,0.0035860361876311124,0.9998906850814819
700,1454,decompx,0.4106363069602392,0.024257978631390467,0.999445378780365
701,2684,decompx,0.85656520219098,0.018088099669735385,0.9997395873069763
702,1224,decompx,0.5952152614698265,-0.12257767060110646,0.6110888123512268
703,2585,decompx,0.16315005324324783,0.0038637299926913516,0.9999161958694458
704,708,decompx,0.656737106873745,0.024513593348472015,0.9994958639144897
705,3141,decompx,0.06407668668290843,0.006080050831255706,0.9999386072158813
706,38,decompx,0.7681103358495506,0.016690852858547895,0.9970207810401917
707,2683,decompx,0.19221114824176766,0.04784402102231979,0.9997358918190002
708,935,decompx,0.7733842191358847,0.10228509250648167,0.9997422099113464
709,3339,decompx,0.516429345568885,0.004629469436147939,0.9999347925186157
710,1325,decompx,0.8846097961014007,0.04310058421173761,0.999762237071991
711,2120,decompx,-0.001042263189732444,-0.8033368432821304,0.0098820636048913
712,470,decompx,0.8385746759755066,0.05262628179497835,0.9994279742240906
713,3393,decompx,0.6807822200219537,0.007976022926536767,0.999913215637207
714,1942,decompx,0.6294154005784852,0.0036787825326124826,0.9999091625213623
715,3371,decompx,0.729211324515442,0.025806409617265064,0.9995042085647583
716,1713,decompx,0.7488344801691393,-0.18677597492933273,0.7611915469169617
717,160,decompx,0.028075684200633656,0.005427603017200123,0.9997265934944153
718,1192,decompx,0.7299556624260731,0.0079802006483078,0.9999144077301025
719,2161,decompx,0.06352511612144676,0.008296417223440634,0.9999277591705322
720,3925,decompx,0.9094731595355743,0.03751093141551389,0.9990829229354858
721,3619,decompx,0.5200495338865689,0.010198624857834408,0.9777315258979797
722,4209,decompx,0.8987485629413874,-0.0084970738643255,0.9586831331253052
723,3524,decompx,0.4838532124362562,0.02029679990980936,0.9990906715393066
724,353,decompx,0.8541127159526009,0.019691540346461898,0.999738872051239
725,2548,decompx,0.7793471217744463,0.02199590223885718,0.9995682835578918
726,4202,decompx,0.5988830463245645,-0.19940507071358818,0.6926886439323425
727,1014,decompx,0.7939340014603328,0.02978255579417402,0.9995049238204956
728,1200,decompx,0.16258516657198296,0.028027478798196233,0.9997790455818176
729,4580,decompx,0.06657922157534847,0.0016586239691133852,0.9999163150787354
730,3087,decompx,0.17389031180313655,0.031028067427022115,0.9995974898338318
731,1305,decompx,0.8751555845967232,0.029409669525921344,0.994238018989563
732,112,decompx,0.3662056929897517,0.010473882779479027,0.9998038411140442
733,1853,decompx,0.5771846820346334,0.04986194588921287,0.9997662901878357
734,4310,decompx,0.7590149572974634,0.1275605655378164,0.9997687935829163
735,3873,decompx,0.45462063601926755,0.008595322307787444,0.9999330043792725
736,4216,decompx,0.3455641660136434,0.04304878740518723,0.9997439980506897
737,14,decompx,0.22397395223379135,-0.1686500468674828,0.7362715005874634
738,3915,decompx,0.9611900268250922,0.008471371020589556,0.9788841009140015
739,2387,decompx,0.6347953441907608,0.02451728532711665,0.9993690848350525
740,533,decompx,0.9507117823204247,0.004659595411448251,0.9764451384544373
741,3551,decompx,0.45503586841680643,0.03648458728899381,0.9994766116142273
742,851,decompx,0.5079403362998908,0.02181396616453474,0.9997901320457458
743,1418,decompx,0.6819802175639524,0.04140008995799642,0.9909952282905579
744,3446,decompx,0.5360726978548843,0.020892340042020962,0.9997702240943909
745,1318,decompx,0.7473038197852226,0.016510722650723023,0.9949485063552856
746,677,decompx,0.20798106448990958,0.008483832223074778,0.9995980858802795
747,3740,decompx,0.6299585565575399,0.060593326948583125,0.9996871948242188
748,1317,decompx,0.6227556531801562,-0.3405539194335703,0.6237097382545471
749,1072,decompx,0.9775751953611325,0.05854244653135538,0.9997788071632385
750,4275,decompx,0.011150276503212809,-0.8039737385232002,0.024295154958963394
751,655,decompx,0.9822534581140518,0.03353329696531954,0.9970287680625916
752,3128,decompx,0.922945327916262,0.02247650739623279,0.9994780421257019
753,3143,decompx,0.5340467824600637,0.014368240038553875,0.9999178647994995
754,568,decompx,0.9451401352626687,0.0321663430758885,0.9994500279426575
755,1871,decompx,0.6509351638611406,0.007216605544090271,0.9999284744262695
756,3956,decompx,0.7084195805465343,0.02919136815600925,0.9997894167900085
757,121,decompx,0.5294496592546888,0.0027405034218515667,0.9997743964195251
758,3150,decompx,0.8252937416778561,0.020816527469002682,0.9997784495353699
759,587,decompx,0.32957922709055054,0.007970658632425161,0.9999291896820068
760,3061,decompx,0.7340376456173099,0.05098530893423119,0.9979548454284668
761,3162,decompx,0.4127558422818159,0.04785202416004958,0.9997709393501282
762,1254,decompx,0.05740446188757496,0.0013079508658378355,0.9999192953109741
763,2658,decompx,0.42632651218074435,0.020554341058781806,0.9993662238121033
764,163,decompx,0.912793998673026,0.00185007398778742,0.9998517036437988
765,1322,decompx,0.833087154915174,0.014719730437691533,0.999629020690918
766,4249,decompx,0.7901138958296294,-0.12653896195644682,0.8326014876365662
767,360,decompx,0.9244482942510419,0.016207672535411773,0.9997087121009827
768,1768,decompx,0.679280119640577,0.00176474170864753,0.9999029636383057
769,732,decompx,0.9429287127911569,0.03044009835769733,0.9986885190010071
770,2671,decompx,0.9274626238219408,0.056783086780844066,0.9972802400588989
771,691,decompx,0.48651853127041644,-0.38445524649845586,0.537680983543396
772,79,decompx,0.7292922628112137,0.045361438421187575,0.9984980821609497
773,2776,decompx,0.6168272312815216,0.026124391196803612,0.9995684027671814
774,1053,decompx,0.6407450903572288,0.18710673531955657,0.998623251914978
775,410,decompx,0.803723252744755,0.01802269931425128,0.9997599720954895
776,4367,decompx,0.2569951574273762,0.02881333799589248,0.9834858179092407
777,1667,decompx,0.6801169203827158,0.028068778477609156,0.99955815076828
778,3349,decompx,0.7432771652995143,0.1321218775851386,0.9982094764709473
779,2672,decompx,0.8164351201919613,0.012178430051514597,0.9998984336853027
780,4038,decompx,0.9088043959785747,0.0160151629468366,0.999718964099884
781,4552,decompx,0.34659487403490963,0.02818411435274517,0.9998063445091248
782,1542,decompx,0.4629781490467413,0.0031862222418493156,0.9989033937454224
783,1336,decompx,0.1531879413946002,0.003619066640442493,0.9999227523803711
784,1519,decompx,0.4591136682862177,0.03154667925376158,0.9997904896736145
785,1229,decompx,0.41211601085960864,0.0410571563243866,0.9993537068367004
786,1968,decompx,0.8722811922943947,0.018649982443700235,0.9977643489837646
787,4416,decompx,0.905939772925258,0.033779174416211616,0.9992958307266235
788,2109,decompx,0.7378405947390883,0.029516282689864518,0.9996541738510132
789,725,decompx,0.5756475438053409,0.0378272889980248,0.9994435906410217
790,1134,decompx,0.17728987130491683,-0.6175906535770211,0.24350415170192719
791,101,decompx,0.7004410752130713,0.03706957497026609,0.9965853691101074
792,4266,decompx,0.6511092350810095,0.03217431365750557,0.9994989633560181
793,2253,decompx,0.75711120519405,0.021900622508464716,0.999208390712738
794,1269,decompx,0.025588131199280422,0.004634107152620952,0.9999366998672485
795,2813,decompx,0.5748873347150428,0.03225759991577693,0.99965500831604
796,193,decompx,0.7462894801089229,0.06323907332438411,0.9993638396263123
797,1127,decompx,0.601635754379016,0.02823518498523815,0.9997536540031433
798,2871,decompx,0.7690256452187896,0.02287734372586739,0.9997450709342957
799,3470,decompx,0.9360800912085431,0.039787183132241756,0.9930214285850525
800,280,decompx,0.2713062186774455,0.023565476662234255,0.99970942735672
801,1696,decompx,0.794706806100698,0.027737501594755385,0.9990069270133972
802,2623,decompx,0.4466828721471959,-0.002218370967441135,0.9932789206504822
803,2139,decompx,0.669109020665612,0.034926153395486915,0.999329686164856
804,3438,decompx,0.36341743590310216,0.006439334966919639,0.9999388456344604
805,82,decompx,0.32265134386718275,0.00520026445388794,0.9998000264167786
806,876,decompx,0.7768912794827311,-0.002574202915032705,0.9615743160247803
807,2719,decompx,0.4256573270652146,0.0039286829055623805,0.9999428987503052
808,2374,decompx,0.09587268452895314,0.00787419080734253,0.9995403289794922
809,1569,decompx,0.883537129404276,0.02287754384761161,0.999365508556366
810,2416,decompx,0.2459267961482207,0.0035796302060286203,0.9999324083328247
811,3724,decompx,0.5612079364912851,0.026390975713729857,0.9975895881652832
812,3511,decompx,0.9481407129392028,0.044004887826740745,0.9966631531715393
813,4046,decompx,0.37032901833730714,0.0534815461271339,0.9979152083396912
814,2132,decompx,0.6152740210464055,0.03790935765613209,0.9993273019790649
815,2932,decompx,0.6021986791097066,0.07832219013396431,0.9991326928138733
816,3414,decompx,0.46925396697465765,0.005091481430585994,0.9997473359107971
817,1009,decompx,0.5852994119021587,0.007356310763010164,0.9999313354492188
818,4171,decompx,0.45329806090491576,0.007284186235288295,0.9999346733093262
819,1439,decompx,0.21017556303009696,0.010569774374669912,0.9999344348907471
820,3603,decompx,0.10472205667864791,0.056355961620114574,0.9997875094413757
821,2680,decompx,0.5023472571343768,0.04514680525251463,0.9995542168617249
822,4297,decompx,0.23199356418280376,0.005651435681751796,0.999887228012085
823,630,decompx,0.619742687429405,0.028467397722933028,0.9997987151145935
824,638,decompx,0.7220851994161734,0.03247495303893912,0.9995785355567932
825,455,decompx,0.8808325534250508,0.0348343514698617,0.9885410666465759
826,129,decompx,0.27091632419162326,0.004161771138509115,0.9999216794967651
827,3544,decompx,0.7119110058771091,0.0491088540890278,0.9996554851531982
828,2705,decompx,0.559221029568177,0.0037265878457289478,0.998616099357605
829,4542,decompx,0.41355178659087266,0.046149159197585055,0.9994493126869202
830,1736,decompx,0.23405959374374813,0.02658444532641658,0.9988632202148438
831,1442,decompx,0.23160686398424754,0.022541885514084887,0.9989868998527527
832,836,decompx,0.9609232930824874,0.0346694546751678,0.9957411289215088
833,3713,decompx,0.6335276575126232,0.023985992257411663,0.9998024106025696
834,963,decompx,0.05081514163536887,-0.5872002317538035,0.1722792387008667
835,3500,decompx,0.7960671648173593,0.019143055751919748,0.9985418319702148
836,1386,decompx,0.8718661409302513,0.023397228680551052,0.9997828602790833
837,3631,decompx,0.4679628159014546,0.03800016626411555,0.9996988773345947
838,3220,decompx,0.7750432925845505,0.04795488349947275,0.999125063419342
839,1920,decompx,0.5810559662380095,0.02965914792027967,0.9993933439254761
840,3065,decompx,0.9355285388540805,0.024849420084672814,0.9984636306762695
841,4122,decompx,0.3494122622294291,0.010999831461137342,0.9999406337738037
842,2735,decompx,0.7638833588994616,0.020880477502942085,0.9997478127479553
843,1441,decompx,0.8396016863324414,0.029788735544397718,0.9997524619102478
844,860,decompx,0.7586735553645254,0.0469391288405115,0.9985270500183105
845,930,decompx,0.11919206727382749,0.006629299285799958,0.9999330043792725
846,2920,decompx,0.9219108424214129,0.01076373913221889,0.9837579131126404
847,3073,decompx,0.8169141499316678,-0.01434471787741551,0.9581029415130615
848,2537,decompx,0.6456020938965272,0.027563271496225807,0.9997439980506897
849,4582,decompx,0.849595105099469,0.006807602033382509,0.9996926784515381
850,173,decompx,0.1269587767657949,0.0004098851289322127,0.9984564781188965
851,1056,decompx,0.8873941970312209,0.02731629148606331,0.9989043474197388
852,2870,decompx,0.7397669918443027,0.024396828130671854,0.9997250437736511
853,50,decompx,0.9508414519282918,0.061866448942704926,0.9988952875137329
854,2560,decompx,0.7823180857126434,0.01434624195098877,0.999908447265625
855,31,decompx,0.0793641829176953,0.008087002917339927,0.9997630715370178
856,3419,decompx,0.8053212835195851,0.004059650796525022,0.9999228715896606
857,3023,decompx,0.35542708681304386,0.05347094293368065,0.9997532963752747
858,1433,decompx,0.8858284000918025,0.016332023028956085,0.998925507068634
859,399,decompx,0.2975580085288076,0.03499508079360513,0.9999289512634277
860,3793,decompx,0.2557129946226875,0.0529469296336174,0.9994363188743591
861,3354,decompx,0.30640121828764677,0.013341721147298813,0.9999203681945801
862,749,decompx,0.7945570321841972,-0.12375966140202113,0.8262404203414917
863,3479,decompx,0.6988674336529506,0.027681317666302555,0.9997844099998474
864,3212,decompx,0.15444571690426934,0.12675318918708298,0.9915026426315308
865,617,decompx,0.23559314187835245,0.009633253602420582,0.9999336004257202
866,4442,decompx,0.5888095771392378,0.043925697986896224,0.9992184638977051
867,2130,decompx,0.9610311374378617,0.01743158961421457,0.9997063279151917
868,283,decompx,0.7388236949087253,0.027312836476734707,0.9996964931488037
869,4517,decompx,0.47539600783160757,0.04137044932161059,0.9997127652168274
870,1217,decompx,0.79674653090858,0.02963453482674516,0.9997401833534241
871,55,decompx,0.8726698072782407,0.029217413316170376,0.999502420425415
872,2038,decompx,0.6742806273021935,0.03251218343419688,0.9997771382331848
873,1302,decompx,0.5373917986818758,0.021239304237745026,0.9997850060462952
874,2767,decompx,0.13852508166538818,0.12452488816675863,0.6382457613945007
875,1813,decompx,0.8463707575283479,0.03054646758929543,0.9982916712760925
876,3881,decompx,0.16382951175587046,0.554805824222664,0.9993495345115662
877,434,decompx,0.4026338190867983,0.03773816700639396,0.9998668432235718
878,115,decompx,0.8430993876281718,0.003202192485332489,0.9998924732208252
879,2119,decompx,0.6419884486293251,0.05538637349099824,0.9998014569282532
880,2923,decompx,0.4705751880126841,0.009243497077156515,0.999937891960144
881,3392,decompx,0.6785301026819205,0.0846705530528669,0.9993243217468262
882,1789,decompx,0.5325957754152423,0.039800281653989036,0.9997801184654236
883,1103,decompx,0.3030687313521807,0.0043196470841117525,0.9999274015426636
884,348,decompx,0.6488513640863609,-0.09359375342275157,0.8458763957023621
885,4441,decompx,0.532075361287057,0.0035059510492811015,0.9999092817306519
886,78,decompx,0.42691126672757995,0.021148584507129812,0.9999380111694336
887,3224,decompx,0.18095571184769654,0.008100468378800612,0.9999427795410156
888,1821,decompx,0.8729317533947966,0.009650370653937845,0.9997754693031311
889,1735,decompx,0.32887989811528967,0.003272214025821326,0.9999364614486694
890,2473,decompx,0.3373019213721882,0.006788420122723246,0.9999082088470459
891,4204,decompx,0.7966122825136364,0.028174729683460333,0.9995266199111938
892,3395,decompx,0.13771197774580546,0.014214330060141427,0.9998862743377686
893,3405,decompx,0.7763620353436895,0.04416452417416232,0.9555742740631104
894,1431,decompx,0.5717850655363873,0.003105897903442383,0.9995425939559937
895,2113,decompx,0.6078356463271617,0.06451581956141374,0.9997621178627014
896,1294,decompx,0.009380410269318901,-0.5033430823303283,0.12968359887599945
897,2798,decompx,0.010786690199650669,-0.46880620531737804,0.012777583673596382
898,4241,decompx,0.43701587769051864,0.024837044042509956,0.9996380805969238
899,2697,decompx,0.04428183464776902,-0.003038809413001651,0.9884060621261597
900,735,decompx,0.7166705475037181,0.021852628782738085,0.999651312828064
901,2398,decompx,0.6663059851990136,0.05134956976946663,0.9996328353881836
902,1921,decompx,0.8863621485669193,0.017844020603941038,0.9974937438964844
903,2454,decompx,0.7639075966472638,0.020910042080473392,0.9868724346160889
904,2436,decompx,0.6232963541645885,-0.20887280430863886,0.6879131197929382
905,3313,decompx,0.6944310343356135,0.016579376290673794,0.9958451390266418
906,2602,decompx,0.7502748660596186,0.030786009211289257,0.9996352195739746
907,1378,decompx,0.931084308424972,0.08612864355898402,0.9689615368843079
908,4172,decompx,0.9138792636015662,0.03024330759240735,0.9946192502975464
909,140,decompx,0.28416568095379163,0.009369795259676482,0.9997726082801819
910,2482,decompx,0.7047849493524567,0.044305638410151005,0.9996614456176758
911,2566,decompx,0.5628659935969421,0.03043333747807671,0.9996492862701416
912,3043,decompx,0.4522092458001285,0.02835108114863342,0.9995561242103577
913,2718,decompx,0.813799600777106,0.023772465555291427,0.999789297580719
914,1010,decompx,0.5668063635992653,0.02683426527416005,0.9994291663169861
915,1516,decompx,0.602705347569229,-0.36198260309174657,0.611278772354126
916,1988,decompx,0.32852840642718706,0.03280447686419768,0.999685525894165
917,2942,decompx,0.805867026503374,0.028290883109376237,0.9995535016059875
918,3097,decompx,0.5291551324725151,0.031022851318120957,0.999742329120636
919,151,decompx,0.6713467430406308,-0.005108449459075928,0.9639233946800232
920,2319,decompx,0.8862163007209892,0.019158250838518142,0.9901373386383057
921,1373,decompx,0.8839906070469424,0.044063247921990185,0.9997658133506775
922,1358,decompx,0.9858957898506256,0.07250435257770328,0.9988759160041809
923,1873,decompx,0.9488583184532163,0.019452832420082652,0.9902647733688354
924,2668,decompx,0.30215175965657604,0.0035795317246363713,0.9999090433120728
925,4357,decompx,0.9404203499505309,0.024370517481017758,0.9990045428276062
926,62,decompx,0.22377713206741545,0.006082068549262153,0.999931812286377
927,1795,decompx,0.16700260187017507,0.010784138893258983,0.9999234676361084
928,1000,decompx,0.7401104423830368,0.018924162449205622,0.9997530579566956
929,3679,decompx,0.7122626068670989,0.02433979374013449,0.9997993111610413
930,1850,decompx,0.21413801970153018,0.0181107130543939,0.998589813709259
931,2825,decompx,0.8606172315082333,0.02091700526384207,0.9998986721038818
932,3964,decompx,0.8406712710314493,0.018208010122179985,0.999750554561615
933,1625,decompx,0.3562492698697107,0.008930787018367222,0.9999339580535889
934,1313,decompx,0.8775198561368811,0.05423556399696013,0.9997521042823792
935,4320,decompx,0.1148713231086731,0.0064655961217107,0.9997965693473816
936,2166,decompx,0.928093731885049,0.03053619882462508,0.9997931122779846
937,2184,decompx,0.8691150369019144,0.02501609126726786,0.9955392479896545
938,4148,decompx,0.48999708575300044,0.009564330180486044,0.9999343156814575
939,300,decompx,0.6553024634814169,0.036531417226454,0.9997203946113586
940,339,decompx,0.7316826323887133,0.021689119948340312,0.9997205138206482
941,2220,decompx,0.8758044974706338,0.040095341108415436,0.9997548460960388
942,1587,decompx,0.12817241996526718,0.013588864356279373,0.9998394250869751
943,4410,decompx,0.5690090625656821,0.06616188196672333,0.9997898936271667
944,3009,decompx,0.48561774738425134,0.024509362876415253,0.9995825886726379
945,4314,decompx,0.47231076122858584,0.023363614884706643,0.9995521903038025
946,2236,decompx,0.5843698347594998,0.09274732003488191,0.8126024603843689
947,3837,decompx,0.17073037922382356,0.015522412459055583,0.999776303768158
948,2512,decompx,0.48273348007189826,0.024114178088696106,0.9997861981391907
949,4272,decompx,0.6942072270702249,0.02289623404160524,0.9996488094329834
950,2294,decompx,0.5945698883650559,0.06705828117472785,0.9994392991065979
951,3416,decompx,0.3315708488225937,0.008764190333230155,0.9999258518218994
952,3694,decompx,0.6214419876157147,0.04020112916463759,0.9976987242698669
953,108,decompx,0.10478043945971877,-0.7415589990466833,0.23390141129493713
954,3795,decompx,0.821711893263273,0.046432586883505184,0.996711254119873
955,3228,decompx,0.6500343510762174,0.01943313235298116,0.9996755123138428
956,4327,decompx,0.048844523893462284,0.005577803982628716,0.9999361038208008
957,4444,decompx,0.7935955192680502,0.019871083446420156,0.9992326498031616
958,932,decompx,0.9535816218845095,0.06639885460732109,0.9995693564414978
959,3245,decompx,0.9267926586093381,0.02532778736203909,0.9996263980865479
960,1037,decompx,0.015535778777543889,0.013033794802288676,0.999936580657959
961,3070,decompx,0.04003863882374119,0.008216503504160288,0.9999281167984009
962,507,decompx,0.5388912733178586,0.031510591972619295,0.99973064661026
963,1983,decompx,0.7561860705389538,0.0061815645959642194,0.9999369382858276
964,635,decompx,0.5531748551130294,0.03447977721691132,0.9995065927505493
965,102,decompx,0.7661540848700585,0.02080360771487317,0.9962306618690491
966,2618,decompx,0.6869847173424991,0.03607477006074544,0.999721109867096
967,2452,decompx,0.8690976678988793,0.03444023546245363,0.9994428753852844
968,2433,decompx,0.07461235497860198,3.3842756393107964e-05,0.9952096343040466
969,2955,decompx,0.23483161047960704,0.040865457974947415,0.9993991851806641
970,4406,decompx,0.7410341355184106,0.001622039292539869,0.9999321699142456
971,146,decompx,0.81209558059345,0.028711059441169102,0.9929821491241455
972,2277,decompx,0.8359245893609477,0.029217550754547118,0.9987791180610657
973,628,decompx,0.7459281595379692,0.02821625817206598,0.9996241331100464
974,4147,decompx,0.7333822409459875,0.032314687967300415,0.9977594614028931
975,2488,decompx,0.7114872663934912,-0.055060568512702475,0.7708569765090942
976,4587,decompx,0.8950033063456155,0.05540748583999547,0.9977166652679443
977,624,decompx,0.971096371096039,0.04056406072501478,0.9758737683296204
978,1402,decompx,0.6257667894743989,0.008238618311129119,0.9999257326126099
979,1547,decompx,0.8669064620991649,0.024843772656695788,0.9995481371879578
980,1680,decompx,0.4365201313979924,0.0070103943347930905,0.9995798468589783
981,2779,decompx,0.7291414978147562,0.025284921129544575,0.9997870326042175
982,3616,decompx,0.8730008056679763,-0.03724175001062998,0.9381188154220581
983,3676,decompx,0.07890010476112366,0.006977233290672302,0.9999200105667114
984,2004,decompx,0.06508729262993886,0.007780016996921637,0.9987618923187256
985,2141,decompx,0.6769825215408828,0.022721286408784912,0.999660849571228
986,4045,decompx,0.7981485975775787,0.016153647981840987,0.9999228715896606
987,1761,decompx,0.015820016732087005,0.008439869494051547,0.9999334812164307
988,266,decompx,0.4481462388601456,-0.2966951899029113,0.5002744197845459
989,4195,decompx,0.3320353453424066,0.0756621113482942,0.9997265934944153
990,1808,decompx,0.8982720474422083,-0.007496947459146089,0.9724524021148682
991,3786,decompx,0.4580302935011903,0.03776250415025873,0.9997901320457458
992,3199,decompx,0.034450087944666544,0.05377496083577474,0.9999377727508545
993,2619,decompx,0.7350964131480597,0.02545925767885314,0.9995806813240051
994,2459,decompx,0.7643734914123673,0.029537258048852284,0.9987064599990845
995,3187,decompx,0.808687275048049,0.02260043201121417,0.999652624130249
996,4531,decompx,0.5376859302050434,0.06646182764476787,0.9996719360351562
997,4355,decompx,0.3937565938613261,0.03920403945570191,0.9996660947799683
998,2725,decompx,0.813821965146496,-0.05363608216461928,0.9163215160369873
999,4573,decompx,0.04101856549580892,0.006902558681292412,0.9999277591705322
1000,1913,attention,0.07059807864328226,0.18630282836190115,0.9640464782714844
1001,4550,attention,-0.0783544276455359,-0.05049588822021178,0.001997587503865361
1002,4424,attention,0.025230955433201144,0.11338410989658253,0.9999350309371948
1003,3802,attention,0.29978982199515614,0.007342219352722168,0.999940037727356
1004,3867,attention,0.15555870831012725,0.07726071668522698,0.9994820952415466
1005,2557,attention,0.12336209821788703,0.2057133363576962,0.9273993372917175
1006,2097,attention,0.24585653292366638,0.039759600499890885,0.9994489550590515
1007,3546,attention,0.16927325773475216,0.3184630369339788,0.9813790321350098
1008,2808,attention,0.015903819548456294,0.025310516357421875,0.9999333620071411
1009,893,attention,0.4199922379358845,0.07952281662215621,0.999656081199646
1010,674,attention,0.30759810690175404,0.16087430783293463,0.9997472167015076
1011,4329,attention,0.5945069520452688,0.07998498269291811,0.9996517896652222
1012,518,attention,0.25975419799002203,0.06274551225871575,0.999688982963562
1013,3071,attention,0.24322231933474542,0.03198308050632477,0.9998984336853027
1014,1449,attention,0.7001666992777822,0.06448565096389956,0.9992088675498962
1015,2475,attention,0.20632906274303145,0.044976439974878143,0.9996045231819153
1016,2224,attention,0.41135373380966483,0.047756668226793406,0.9989407658576965
1017,3008,attention,0.8313268787308555,0.03154536660598672,0.9734869599342346
1018,2799,attention,0.2449949978580398,0.06713339253779381,0.9994932413101196
1019,3455,attention,0.7636383409776232,0.13321127879488118,0.9956005811691284
1020,2715,attention,0.13759641176046328,0.023493003013522126,0.9999409914016724
1021,1799,attention,0.443474747109203,0.05527310054271649,0.9995501637458801
1022,1476,attention,0.07390826046466828,0.0266939714550972,0.9999101161956787
1023,3045,attention,-0.28516611437876954,-0.21448329288365417,0.0033377408981323242
1024,191,attention,0.3740671668480844,0.06686755018878957,0.9994246959686279
1025,1612,attention,0.5733349736953197,0.10806652920883755,0.9993771910667419
1026,3501,attention,0.16942835251490276,0.03940811455249786,0.999932050704956
1027,2706,attention,0.09284922348128424,0.018684858745998807,0.9999209642410278
1028,788,attention,0.3999775333984478,0.046862319111824036,0.9998164772987366
1029,2721,attention,-0.28145054820439935,-0.042129166113833584,0.03670880198478699
1030,2543,attention,0.13371683719257513,0.019823061923185985,0.9998431205749512
1031,4425,attention,0.11356843600515276,0.07110124337486923,0.9983136653900146
1032,4154,attention,0.05111059360206127,0.005596144124865532,0.9999288320541382
1033,169,attention,0.5845518991351127,0.07552065527332681,0.9956911206245422
1034,1657,attention,0.016707824035124344,0.03300250931219621,0.9999197721481323
1035,3040,attention,0.027558129084737676,0.00600883312392653,0.9999281167984009
1036,269,attention,0.3726065611330474,0.0220442525133854,0.9997387528419495
1037,1775,attention,0.04102443294091658,0.07313343679363077,0.9999408721923828
1038,3229,attention,0.6389449007971131,0.06699242147252611,0.9996691942214966
1039,4496,attention,-0.15087414275983285,0.23250655572989892,0.5336947441101074
1040,1064,attention,0.38139378329262486,0.1309117925634911,0.9995169639587402
1041,4134,attention,0.47114648295704414,0.16932766974248267,0.9993343949317932
1042,4000,attention,0.19314770452723268,0.0924059743842771,0.9998181462287903
1043,609,attention,-0.12969406690562782,-0.02225780309284649,8.936723315855488e-05
1044,2710,attention,0.16969482911129793,0.084263909359773,0.999342143535614
1045,3460,attention,0.25812861063566644,0.12454633228480816,0.9992105960845947
1046,1803,attention,0.6562324086225337,0.04308188544078307,0.9879414439201355
1047,1918,attention,0.17574950539487966,0.00563154293566334,0.9999196529388428
1048,3197,attention,0.6213277537899558,0.28415439948439597,0.7165399193763733
1049,1737,attention,0.35133738815784454,0.06261048872362483,0.9996875524520874
1050,4435,attention,0.08988977847404259,0.08489207698162211,0.9702183604240417
1051,3750,attention,0.37933886228975927,0.10238193263384429,0.9977245926856995
1052,3966,attention,0.36317224487662314,0.15719809174537658,0.999671459197998
1053,365,attention,0.3423707397264797,0.12012895598444481,0.9997536540031433
1054,4053,attention,0.014385651319454879,0.014024619872753438,0.9999328851699829
1055,2066,attention,0.2399262986903967,0.07537109862612344,0.9999006986618042
1056,1852,attention,0.20838861862147176,0.051034426568327726,0.9996596574783325
1057,2703,attention,0.3556599131620982,0.024593465468462777,0.9998611211776733
1058,487,attention,0.33433347599846974,0.051995529660156796,0.9997428059577942
1059,4055,attention,0.007072925567626953,0.028594060490528744,0.9999164342880249
1060,4475,attention,0.7255265348917769,0.032028490892396524,0.996290922164917
1061,3348,attention,0.48120052804006264,0.08374536607880145,0.9995805621147156
1062,351,attention,0.34772397420908274,0.09306515243492629,0.9996340274810791
1063,2509,attention,0.1941161617155998,0.02585943091300226,0.9999287128448486
1064,4030,attention,0.32112665771273896,0.04277826100587845,0.9999308586120605
1065,1650,attention,0.020985091510026352,0.01171870724014614,0.9999227523803711
1066,2653,attention,0.05096908672800604,0.007799397099692866,0.9995224475860596
1067,4285,attention,0.3537932375911623,0.10623928360382706,0.9999098777770996
1068,1468,attention,0.3914549725705001,0.08999561471864581,0.9996987581253052
1069,2998,attention,0.3196278484072536,0.03438076749444008,0.9999412298202515
1070,1270,attention,-0.396418149350211,0.13057356057117886,0.3821588456630707
1071,297,attention,0.20489360702534518,0.07703427659968536,0.9994295239448547
1072,2019,attention,0.04803810958509092,0.022014981066739117,0.9999343156814575
1073,629,attention,0.2435236496610507,0.20453246532293456,0.9994656443595886
1074,1944,attention,0.2320274283133802,0.021534995841128484,0.9997997879981995
1075,953,attention,0.045161816634629905,0.022201298098815114,0.9999110698699951
1076,466,attention,0.10245028510689735,0.41141991154290736,0.9998910427093506
1077,2200,attention,0.5173351617590727,0.38974933109610627,0.8480513691902161
1078,728,attention,0.09008736637505618,0.06254351139068604,0.9999403953552246
1079,3376,attention,0.44206077041790676,0.06747110805621273,0.9968926310539246
1080,4549,attention,0.2584635836267194,0.12568360153412403,0.996188223361969
1081,72,attention,0.40758515173389065,0.36349777559254076,0.9978064894676208
1082,4,attention,0.17885267007303365,0.07154509391972518,0.9996585845947266
1083,1098,attention,0.45006985469041644,0.11863806904167742,0.9995033740997314
1084,2726,attention,0.2579039128124714,0.022634163945913315,0.9997115731239319
1085,2921,attention,0.13228809975442432,0.010960164524260022,0.9999171495437622
1086,2531,attention,0.06336806131445843,0.020004873690397842,0.9999303817749023
1087,2614,attention,0.014462570990285566,0.0038931667804718018,0.9999135732650757
1088,2434,attention,0.30993775708665106,-0.04042284158540183,0.8290476202964783
1089,3111,attention,0.26992508616982674,0.09902480214226003,0.9962059259414673
1090,3615,attention,0.2979557458581268,0.08568284460815831,0.9993610978126526
1091,3063,attention,0.4531626863172278,0.13564830750692636,0.9996111989021301
1092,1385,attention,0.3578057024214003,0.12221718728542327,0.9997604489326477
1093,128,attention,-0.26119951031003624,-0.28345752163575244,0.03106658160686493
1094,1030,attention,0.12560216661542653,0.18296602428425104,0.9984509944915771
1095,16,attention,-0.0582431697845459,0.014811135133107504,0.9398430585861206
1096,670,attention,0.39108916281750705,0.059055806109399506,0.9995827078819275
1097,3743,attention,0.368577794893374,0.02181413353875626,0.9997292160987854
1098,2202,attention,0.1599181848903035,0.018871384651161904,0.9857751131057739
1099,1615,attention,0.31457897060168666,0.06990452225391681,0.9997183680534363
1100,1558,attention,0.012174026324198796,0.10512613999442412,0.9999116659164429
1101,3953,attention,0.542034565124574,0.17431730649239102,0.7810810804367065
1102,304,attention,0.7329817296681451,0.04634651030395545,0.9994953870773315
1103,4004,attention,0.2090652396804408,0.0842144486623032,0.9999371767044067
1104,4547,attention,0.7707043100841516,0.11073397537476795,0.9993477463722229
1105,1247,attention,0.1453194386512041,0.042085516974329946,0.9946687817573547
1106,3136,attention,0.33825905062258244,0.1334706876013014,0.9997362494468689
1107,1220,attention,0.7250225398786011,0.08663143309061988,0.9997267127037048
1108,3261,attention,0.4119906038459804,0.016347757975260415,0.9999014139175415
1109,1611,attention,0.2235472657932685,0.23953306814543723,0.9982717037200928
1110,1181,attention,0.24283429773317444,0.038178705092933446,0.9996659755706787
1111,2797,attention,-0.26769093532761634,-0.034299193416556684,0.00019225910364184529
1112,610,attention,0.679784727260107,0.027821156491593616,0.999693751335144
1113,3751,attention,0.1564523708639723,0.23007768254275573,0.7975795269012451
1114,2248,attention,0.5200112729500501,0.046502320430217646,0.9996805191040039
1115,99,attention,0.5970444196197939,0.12271761551107231,0.9995905756950378
1116,3781,attention,0.13331387309651627,0.0534210299190722,0.9999294281005859
1117,225,attention,0.3983254852526657,0.2636888474414317,0.9999325275421143
1118,2103,attention,0.08082545569373502,0.02558772824704647,0.9996618032455444
1119,2836,attention,0.20413628293246758,0.11004608914982981,0.9986333250999451
1120,2924,attention,0.020598273451735333,0.1336325508792226,0.9999192953109741
1121,2859,attention,-0.5503639206290245,-0.2587494191872846,0.18755033612251282
1122,2782,attention,0.37254778754252654,0.1923000323974217,0.9990673661231995
1123,515,attention,0.10920002331604829,0.12826771983826482,0.9999377727508545
1124,1951,attention,0.7651808218230517,0.04861732646345328,0.995648205280304
1125,3869,attention,0.20176923066998523,0.14692650374232066,0.9993947744369507
1126,2263,attention,0.32328965275012184,0.07824621846278508,0.9874914884567261
1127,4006,attention,0.2021004407045742,0.0809915428981185,0.9417631030082703
1128,4522,attention,0.3981564376089308,0.2518519555710049,0.9997182488441467
1129,2137,attention,0.12404610532702821,0.021674714305184105,0.9998064637184143
1130,3673,attention,0.36529646747095407,0.017601839776309032,0.9996435642242432
1131,1707,attention,-0.3610471139795014,0.10448996258907885,0.20612700283527374
1132,314,attention,0.2539714700351023,0.014326490768014568,0.9999315738677979
1133,1924,attention,0.8389565707205933,0.2679102591894291,0.9259030222892761
1134,2247,attention,0.4340485456798758,0.13407326619770693,0.9933045506477356
1135,3901,attention,0.4398033182288325,0.055797967280066293,0.9995620846748352
1136,1847,attention,0.7152861779252293,0.060537284070795234,0.9998868703842163
1137,1725,attention,0.11317758223949334,0.01940518006300315,0.9999393224716187
1138,3547,attention,-0.08495631184609186,-0.006980727368500084,0.002863348228856921
1139,4558,attention,0.2203869887524181,0.06319642431206174,0.9996986389160156
1140,3403,attention,0.3403234863059318,0.06875491506875829,0.9991374015808105
1141,3007,attention,0.7136137939510676,0.07164399961686947,0.98827064037323
1142,2961,attention,0.5577443220099667,0.1968670262140222,0.9993306398391724
1143,3591,attention,0.22657614256090977,0.139237364370595,0.9997499585151672
1144,571,attention,0.5946271869528573,0.040294010378420356,0.9991412162780762
1145,4041,attention,0.16828816392355495,0.0298116534948349,0.9997161030769348
1146,2629,attention,0.16958648746921903,0.0506525422845568,0.9997896552085876
1147,3121,attention,0.23043816870036113,0.052587462927807464,0.9996071457862854
1148,2701,attention,0.08383199507587177,0.1184705214704885,0.9986948370933533
1149,3101,attention,0.29934824175304836,0.07901186137287705,0.9994015693664551
1150,1863,attention,0.10329957131077261,0.02258335316882414,0.9998990297317505
1151,2908,attention,0.030098830544671346,0.009446363116419592,0.9999340772628784
1152,4456,attention,0.48150531185621565,0.27983727485512977,0.9922770261764526
1153,3230,attention,0.28728076450240153,0.11751981315991053,0.999098539352417
1154,2399,attention,0.6755105486311215,0.1794676972357066,0.9969344139099121
1155,3447,attention,0.017279765009880065,0.02638094574213028,0.9999314546585083
1156,1522,attention,0.4006936134996288,0.10876909733721704,0.9997768998146057
1157,3295,attention,0.324051247688476,0.0865741397254169,0.9882568717002869
1158,495,attention,0.48494008723891485,0.056422490822641475,0.9994595646858215
1159,317,attention,0.14013063134449832,0.18060846277951914,0.9997891783714294
1160,4319,attention,0.13577603499094645,0.05828176538149516,0.9999147653579712
1161,2583,attention,0.6739673263978653,0.16835224537385834,0.8274156451225281
1162,4536,attention,0.6484815461396162,0.04960262527068456,0.9978781938552856
1163,551,attention,0.30093976741899614,0.08994994911810626,0.9997945427894592
1164,950,attention,0.3026619452645938,0.019460557478255237,0.9994804263114929
1165,2681,attention,0.5367756160418582,0.029545245943842707,0.9999220371246338
1166,1720,attention,0.17233434048565952,0.01601160385391929,0.9999356269836426
1167,3845,attention,0.03451138660311699,0.07538246512413024,0.9999325275421143
1168,1653,attention,0.48841880812542515,0.050340264290571216,0.9996042847633362
1169,1475,attention,0.7785024405270516,0.0272536684687321,0.9997835755348206
1170,826,attention,0.31575159920113427,0.049444989221436635,0.9995926022529602
1171,2235,attention,0.3258894286476649,0.09461734673151603,0.999569833278656
1172,1061,attention,0.5151637271651999,0.05474002655595541,0.9787567257881165
1173,2353,attention,0.18698187844426023,0.013691676597969205,0.9999254941940308
1174,2771,attention,0.08073935383244564,0.04609445051143044,0.9999061822891235
1175,3467,attention,0.050035716109984626,0.3972988897612841,0.9314789772033691
1176,1672,attention,0.13723367372074644,0.024823504525261955,0.9999165534973145
1177,4093,attention,0.6133280753261513,0.13246312281116843,0.9991058707237244
1178,2772,attention,0.5279882579731444,0.07619935553520918,0.9991812109947205
1179,1352,attention,0.12204927040470971,0.03604480955335829,0.9998832941055298
1180,1168,attention,0.10315349481322549,0.00899960994720459,0.9999322891235352
1181,1928,attention,0.7539054432780379,0.04561645752853817,0.9986489415168762
1182,2714,attention,-0.07925560847856104,-0.15078719465993345,0.11479184031486511
1183,3211,attention,0.45287395086745885,0.06959227085395088,0.9995595812797546
1184,4227,attention,0.3669695719635408,0.08320529602075878,0.9997430443763733
1185,2379,attention,0.5365075129026081,0.03146323263645172,0.9999288320541382
1186,3649,attention,0.8503659396665171,0.14169779647555616,0.9995450377464294
1187,3624,attention,0.24057539252609741,0.024177517832779303,0.9999358654022217
1188,3790,attention,0.7405133730845843,0.010728543109082162,0.999904990196228
1189,1898,attention,0.30379759254200117,0.016916221096402125,0.9999339580535889
1190,1664,attention,0.29304406693891477,0.22289910814479777,0.9989643096923828
1191,3412,attention,0.06788155033781722,0.07658001840920062,0.9999347925186157
1192,4179,attention,0.12001939167579015,0.12915837864081064,0.9941614270210266
1193,32,attention,0.7479674647777126,0.09354476200846526,0.9821522831916809
1194,1218,attention,0.0773449590865602,0.015163429239962964,0.9999226331710815
1195,2565,attention,0.006462505151485574,0.004849793582127012,0.9999243021011353
1196,2385,attention,0.46045081049203873,0.017013580799102784,0.9999302625656128
1197,2592,attention,0.31062747836112975,0.228296802512237,0.9977458119392395
1198,3443,attention,0.09834502606342237,0.018263544887304306,0.9997656941413879
1199,3365,attention,0.061040872021725305,0.0626815737862336,0.9999244213104248
1200,338,attention,0.7488996816835808,0.12187070213258266,0.9987408518791199
1201,1346,attention,0.25352825882146135,0.1415183809068468,0.9936249256134033
1202,4523,attention,0.4991478711815068,0.048925992791299465,0.9980921149253845
1203,4054,attention,0.6728201118772322,0.04899241430860645,0.9510001540184021
1204,1577,attention,0.298610601336398,0.08336191624403,0.9997733235359192
1205,1123,attention,0.589528281263314,0.030891596837792287,0.9992254972457886
1206,3777,attention,-0.18231151732916553,0.01588619052880301,0.03357516974210739
1207,752,attention,0.0873655158540477,0.02039784840915514,0.9999350309371948
1208,681,attention,0.45319655757736077,0.054740282452919266,0.9996629953384399
1209,4433,attention,0.14286769024635615,0.12732291547581553,0.999805748462677
1210,1904,attention,0.4173900520954703,-0.19846858098529851,0.4504333734512329
1211,2342,attention,0.37785580746677455,0.047181511031729836,0.99979168176651
1212,2364,attention,0.01016390865499323,0.019101635976271195,0.9999332427978516
1213,778,attention,0.46457817979054367,0.08566029671327037,0.9087198972702026
1214,3001,attention,0.4175485281739384,0.08864980732852762,0.9997116923332214
1215,3200,attention,0.42900215751050336,0.05361085698792809,0.9997715353965759
1216,3921,attention,0.3376434102636885,0.04512220079887588,0.9997405409812927
1217,3545,attention,0.4746368220075965,0.08244452614556341,0.961864173412323
1218,542,attention,0.06511262144361224,0.09632061123847961,0.9996552467346191
1219,2272,attention,0.45910041559901504,0.02042074915435579,0.9994385838508606
1220,391,attention,0.7496258476442706,0.20422764040791153,0.9939079284667969
1221,1979,attention,-0.6786422830075025,-0.04518916827364592,0.08030615746974945
1222,1150,attention,0.799014219252058,0.03814418939873576,0.9544633030891418
1223,149,attention,0.026332010541643414,0.05975408894675119,0.9999338388442993
1224,2570,attention,0.41835133239204114,0.05082083418145837,0.9997407793998718
1225,927,attention,0.3175474244302937,0.09213222164128508,0.9993878602981567
1226,4017,attention,0.23155245907378919,0.025327984130743778,0.9998778104782104
1227,1398,attention,0.5191085410678723,0.03868705483482165,0.9997422099113464
1228,3635,attention,0.6053737851048243,0.0444839367022117,0.9997974038124084
1229,505,attention,0.13423724905137094,0.28090491133832163,0.9999276399612427
1230,3423,attention,0.897269398600866,0.04993726026553374,0.9711435437202454
1231,3247,attention,0.17281725940605006,0.04547246048847834,0.9999269247055054
1232,1895,attention,0.22820076530074906,0.027814613448248968,0.9992431402206421
1233,2286,attention,0.6121290822114264,0.026643521445138114,0.9997827410697937
1234,4232,attention,0.25776870600465274,0.13579061606691945,0.9912011623382568
1235,2595,attention,0.2747832428043087,0.06324508662025134,0.999797523021698
1236,1770,attention,0.18435856941583995,0.03223011622557769,0.9999250173568726
1237,1267,attention,0.252677155037721,0.2671774977987463,0.9974930286407471
1238,3124,attention,0.00556254332993624,-0.631282318439899,0.02968371845781803
1239,2125,attention,0.4192333704836312,0.03736324555107525,0.9993288516998291
1240,1659,attention,0.6521299161016941,0.04832703727606713,0.9995197057723999
1241,2909,attention,0.1645070195198059,0.08818690478801727,0.9995369911193848
1242,1765,attention,0.2737876033079374,0.1359538217075169,0.9996777772903442
1243,1560,attention,0.1766747502534061,0.45813590713909697,0.7586172223091125
1244,2967,attention,0.026250256432427302,0.03185050023926629,0.9999127388000488
1245,1416,attention,0.4211813743938418,0.05318522015038658,0.9996176958084106
1246,1630,attention,0.09166004019124167,0.053879507737500325,0.9992948770523071
1247,449,attention,0.4925148115428381,0.08517179834158269,0.9996140599250793
1248,152,attention,0.8252105842391688,0.01648779789794166,0.9958680868148804
1249,211,attention,0.4907993410431248,0.10297589669270175,0.9996917247772217
1250,2032,attention,0.47710297389130574,0.10348766425158828,0.9982683658599854
1251,902,attention,0.26054195385838214,0.06583659599224727,0.9995760321617126
1252,3436,attention,0.3136310269778122,0.25650383579308417,0.9944562315940857
1253,3198,attention,0.16856691151857375,0.1658406195510179,0.9997273087501526
1254,57,attention,-0.48936873349623805,-0.2258468441044291,0.3667914569377899
1255,3164,attention,0.00918815299576404,0.013621509075164795,0.9999340772628784
1256,4303,attention,-0.64852006256672,-0.030113916582349895,0.001042672898620367
1257,1927,attention,0.3355214008026653,0.04646316667397817,0.999768078327179
1258,3206,attention,0.0971008571418556,0.11934814420906273,0.9999173879623413
1259,3388,attention,0.2603024866177954,0.22556904393290592,0.9987599849700928
1260,816,attention,0.07958124702175458,0.028981929024060566,0.9999394416809082
1261,3284,attention,0.06832278715936761,0.08865716327962123,0.9999366998672485
1262,2765,attention,0.7082252606912964,0.029658024199306965,0.9997808337211609
1263,3970,attention,0.09363872126529091,0.018880707652945267,0.9998588562011719
1264,885,attention,0.1958950643681667,0.03849837002767758,0.9996283054351807
1265,249,attention,0.6677101070627912,0.09635157017938552,0.9996722936630249
1266,2203,attention,0.4165727407423819,0.029315580792249517,0.9986516833305359
1267,3115,attention,0.13047618400759814,0.014932158516674506,0.9999405145645142
1268,2341,attention,0.014029932576556539,0.02022188901901245,0.999940037727356
1269,4132,attention,0.35231033280351254,0.158649751811095,0.952293336391449
1270,1781,attention,0.05738892157872518,0.010286502540111542,0.999897837638855
1271,4488,attention,0.01796888398087543,0.01749845043472622,0.9999198913574219
1272,44,attention,0.40486885502170294,0.055959307421476416,0.9997947812080383
1273,2390,attention,0.39476495577643317,0.12748410987357298,0.9996523857116699
1274,286,attention,0.11027767763219097,0.09769417108459906,0.9993798732757568
1275,1094,attention,0.23683552398293647,0.13144036034508697,0.9890894293785095
1276,1962,attention,0.1561016612777523,0.09205853079865668,0.9997689127922058
1277,4530,attention,0.4590219122062369,0.21030305251592724,0.9996106028556824
1278,202,attention,0.16648665219545364,0.031215499639511108,0.9994975328445435
1279,237,attention,0.013527175654535708,0.020245454881502235,0.999850869178772
1280,2519,attention,0.7148245073281365,0.1362851952179903,0.9993638396263123
1281,3870,attention,0.5845278938501781,0.09608762495804067,0.9977250695228577
1282,1108,attention,-0.30066630384438514,-0.02116936998102877,0.00018701479712035507
1283,2449,attention,0.4649988211116151,0.06650259564904605,0.9996224641799927
1284,2525,attention,0.598257902606919,0.02459252968027785,0.9997791647911072
1285,357,attention,0.7156594045632316,0.08132090176577153,0.9797533750534058
1286,736,attention,0.26255695360402265,0.042459567387898765,0.9999127388000488
1287,3918,attention,0.05560916438698769,0.020336648821830748,0.9999202489852905
1288,3848,attention,0.07499623781925924,0.019063714388254528,0.9999294281005859
1289,1953,attention,0.618266702130703,0.12175289275390762,0.9960936903953552
1290,1131,attention,0.726540614168496,0.11317770845360225,0.8859970569610596
1291,261,attention,0.005416511385529129,0.04411454774715282,0.9999376535415649
1292,3113,attention,0.17127191424369811,0.16675167322158813,0.9989184141159058
1293,379,attention,0.5395281116398883,0.019999648186754673,0.9996964931488037
1294,4263,attention,0.6043692251897972,0.047830821898503184,0.9997733235359192
1295,1521,attention,0.5010212580242229,0.04703498424755202,0.9997854828834534
1296,1006,attention,0.030518571535746258,0.005525998580150115,0.9999394416809082
1297,2099,attention,0.6653067609408825,0.09765369358767824,0.9996212720870972
1298,4293,attention,0.19516479798725672,0.044233439649854385,0.9999294281005859
1299,436,attention,0.1253825563650865,0.00586132132090055,0.9994258880615234
1300,368,attention,0.4202478371211328,0.06003498906890551,0.9812131524085999
1301,3335,attention,0.4551408358383924,0.051855520345270634,0.9994614720344543
1302,3450,attention,0.08183058414088432,0.2055298466841842,0.9562457799911499
1303,939,attention,0.09287790507896916,0.20547943716423567,0.9997876286506653
1304,3596,attention,0.3889948240322794,0.0325848677373947,0.9997244477272034
1305,4027,attention,0.13881574741875133,0.00960906594991684,0.99993896484375
1306,4056,attention,0.10223576897069027,0.005230616059219628,0.9999409914016724
1307,3946,attention,0.41307085237808916,0.05671347063361553,0.9994204044342041
1308,1429,attention,0.5873075311000531,0.06629223830233781,0.9995761513710022
1309,3847,attention,0.4131251129698246,0.06392720674580717,0.9996820688247681
1310,1195,attention,0.3135561290527544,0.07899820049022956,0.9880417585372925
1311,1003,attention,0.400589850689493,0.048003638371714015,0.9997404217720032
1312,1465,attention,0.30393522602971645,0.07961852269040214,0.9996582269668579
1313,2308,attention,0.9935447316338256,0.5492601655031077,0.9997614026069641
1314,250,attention,0.15043362050265488,-0.4005818367790198,0.2267824411392212
1315,1579,attention,0.09672457306850248,0.09185957944974667,0.9956309795379639
1316,3954,attention,0.5864874754577528,0.024372889552005502,0.9999417066574097
1317,1105,attention,0.01043541431427002,0.0536423496901989,0.9329100847244263
1318,3569,attention,0.6393884566700639,0.03981480465547459,0.9985590577125549
1319,3943,attention,0.21958904111614594,0.06348867523364532,0.9352025389671326
1320,1610,attention,0.3628889290479625,0.05240097896354955,0.9997870326042175
1321,3003,attention,0.014022127637323344,0.015105782814745634,0.999936580657959
1322,2100,attention,0.6512203206392851,0.0882889965661999,0.9997678399085999
1323,403,attention,0.7831925651249052,-0.0016698278486728668,0.9727258682250977
1324,2746,attention,0.6463357740962554,0.1394397941944392,0.9949716329574585
1325,4535,attention,0.2687937178936331,0.06391665077906974,0.9998130202293396
1326,1022,attention,0.21659859269857407,0.19701495673507452,0.9999343156814575
1327,1764,attention,0.5592177234122775,0.10323979239910841,0.999531626701355
1328,2231,attention,0.2287224903702736,0.03190609812736511,0.9999216794967651
1329,3830,attention,0.43118833305779847,0.08476652186363935,0.9994798302650452
1330,3357,attention,0.27306476571574445,0.02690660372012999,0.9999380111694336
1331,1154,attention,0.43926567602015676,0.04281564571318172,0.9997674822807312
1332,4461,attention,0.11220562822964726,0.012857600134246203,0.999925971031189
1333,4356,attention,0.3487634516238947,0.06274415799142684,0.9884882569313049
1334,1788,attention,0.4137787673128199,0.08461446596347556,0.9775946736335754
1335,813,attention,0.039466561335656375,0.5281049776692979,0.9953723549842834
1336,344,attention,0.5323489383768497,0.05141983098453946,0.9997469782829285
1337,1353,attention,0.26514429947280366,0.059817199473795685,0.9959602952003479
1338,3951,attention,0.024302196745969812,0.030232081607896453,0.9999208450317383
1339,2427,attention,0.1057430903116862,0.037471766982759745,0.9998633861541748
1340,3287,attention,0.5232740040963917,0.1050105548153321,0.9947953820228577
1341,1226,attention,0.13609708809271093,0.025739059215638696,0.9998615980148315
1342,1678,attention,0.09079408817566358,0.07583914310313188,0.9995608925819397
1343,2941,attention,0.33201058608729667,0.0064191643784685835,0.999510645866394
1344,1740,attention,0.024902476043235963,0.012395659597908578,0.9999262094497681
1345,168,attention,0.46143867478451944,0.1151496551253579,0.9996610879898071
1346,4577,attention,0.18562253019431743,0.1274016075199697,0.9994586110115051
1347,1363,attention,0.411752248442887,0.10041409830252329,0.9998170733451843
1348,853,attention,0.11870452508330345,0.1478277975320816,0.9996707439422607
1349,387,attention,0.20127648173594007,0.0987902489655158,0.9996510744094849
1350,3356,attention,0.23637290653728305,0.19703295543080285,0.998764157295227
1351,3746,attention,0.46197193892051774,0.11617277207551524,0.9961488246917725
1352,3411,attention,0.0814213691613613,0.042955215160663314,0.9998961687088013
1353,880,attention,0.8173358441199525,0.06248550629243255,0.9992817044258118
1354,3464,attention,0.3472398884284,0.10088166087856128,0.9997746348381042
1355,1034,attention,0.1206451071633233,0.015629137886895073,0.9996588230133057
1356,3564,attention,0.25711717019704255,0.07428713088685816,0.9997032284736633
1357,84,attention,0.38063438765873964,0.09614956417036327,0.9995858073234558
1358,3903,attention,0.22128288427160847,0.03117143569721116,0.9993438124656677
1359,1772,attention,0.6022778025568792,0.06947825807664129,0.9610466361045837
1360,42,attention,0.18770374764095654,0.32106401525776496,0.9146188497543335
1361,4097,attention,0.5746349707731734,0.1127655695637931,0.9793807864189148
1362,2943,attention,0.472263094324332,0.08369765602625333,0.9995664954185486
1363,4262,attention,0.38752547946826715,0.04827282845792247,0.9997207522392273
1364,3099,attention,-0.044377918591143914,-0.13294537282372648,0.007520559709519148
1365,3982,attention,0.4732578985829964,0.07536982761029108,0.977266788482666
1366,3797,attention,0.8103397549406748,0.11418481291745042,0.966303825378418
1367,1730,attention,0.21169840849258684,0.07827486876736987,0.9996324777603149
1368,2616,attention,0.5049276655833972,0.13952536684902092,0.9995546936988831
1369,476,attention,0.19904811312625934,0.11773885762569943,0.9997815489768982
1370,1489,attention,0.2076146762818098,0.051599334891546854,0.999782383441925
1371,2295,attention,0.5842872968670435,0.07771715854589896,0.9995661377906799
1372,468,attention,0.4802131249258916,0.04400147947793206,0.9995942711830139
1373,3608,attention,0.2389885849658061,0.21116878600283104,0.9273435473442078
1374,4098,attention,0.1392477749415287,0.08741645478620762,0.9984337687492371
1375,1874,attention,0.26458921877756003,0.11536935665866449,0.9997912049293518
1376,290,attention,0.2606157301501794,0.03732939335432919,0.9997487664222717
1377,383,attention,0.12757841612284,0.007587650647530189,0.9999401569366455
1378,3175,attention,0.4520594673231244,0.0847531158477068,0.9997592568397522
1379,4501,attention,-0.3063708173817602,-0.06193146527873288,0.07899896800518036
1380,3622,attention,0.3012877720535644,-0.07050381441201482,0.35742297768592834
1381,2034,attention,0.004540841534452618,0.019691685460648447,0.9999349117279053
1382,363,attention,0.36363463455133815,0.10306756333871321,0.9986516833305359
1383,3374,attention,0.3081906408290653,0.08002450401146038,0.9990923404693604
1384,1640,attention,0.2862729633790116,0.07124045699141747,0.9997460246086121
1385,1448,attention,0.04059791971336712,0.20296503462348925,0.996951699256897
1386,957,attention,0.33099288078024985,0.09869651976972818,0.9997989535331726
1387,4028,attention,0.573784796944253,0.13266053205557368,0.9991269707679749
1388,3583,attention,0.6998173508572539,0.024069354134170634,0.9997730851173401
1389,3657,attention,0.3885559803247452,0.12332628071308135,0.9996546506881714
1390,4436,attention,0.47109792166286046,0.11985853016376495,0.998591959476471
1391,3203,attention,0.758401837084897,0.0925790010729716,0.9898536801338196
1392,3487,attention,0.31067186355222626,0.13549445309611255,0.9904176592826843
1393,4109,attention,0.8703856222226543,0.05072078986891678,0.8805423378944397
1394,197,attention,0.09557193274400672,0.01055444016748545,0.999922513961792
1395,3854,attention,0.19506092369556427,0.042231403823409765,0.9994151592254639
1396,2128,attention,0.28816593154555276,0.03736187322508721,0.9995693564414978
1397,2884,attention,0.01776971185908598,0.022979892936407353,0.9999295473098755
1398,213,attention,0.5266780190321864,0.06733814738120655,0.9530797004699707
1399,2214,attention,-0.009477708278683241,-0.008668567639589939,0.0002876799844671041
1400,3161,attention,0.025041886946050133,0.03099642294209178,0.9999369382858276
1401,907,attention,0.2816283618848698,0.09226026159583353,0.9997884631156921
1402,2498,attention,0.4755301940662321,0.02380247227847576,0.9989238381385803
1403,2197,attention,0.3041239255421365,0.09239373434908114,0.9997872710227966
1404,1493,attention,0.5653189012561651,0.1291672565481242,0.9992609620094299
1405,176,attention,0.3522473072367055,0.14396475851535798,0.999524712562561
1406,3451,attention,0.1027868642951503,0.05837313288992101,0.999929666519165
1407,2551,attention,0.44511803665331434,0.05001539098364966,0.9995612502098083
1408,1829,attention,0.003393033417788419,0.006527142091230912,0.9999178647994995
1409,4525,attention,0.6482082682813765,0.04422407734150789,0.9997960925102234
1410,47,attention,0.4054184191330683,0.0656421475258528,0.9997625946998596
1411,2650,attention,0.07204429422106062,0.020690153326307026,0.9999330043792725
1412,139,attention,0.7465051519790326,0.04222410519353368,0.9989711046218872
1413,2922,attention,0.48902626481880856,0.024441182477907702,0.9995997548103333
1414,3642,attention,0.45776962116360664,0.04609453473240137,0.9997642636299133
1415,3719,attention,0.8126212753458983,0.05772348046302796,0.999159574508667
1416,3053,attention,0.2579235717654228,0.13417786005884408,0.9947302341461182
1417,1889,attention,0.28053742206018223,0.02618501962799775,0.9997411370277405
1418,1470,attention,0.03238541828958612,0.027619946944086177,0.999925971031189
1419,4096,attention,0.188892225875999,0.11441629075191238,0.999144434928894
1420,2293,attention,0.13846180460801938,0.01679050195507887,0.9999227523803711
1421,251,attention,0.4136949258245295,0.18402686876555283,0.9928159713745117
1422,4358,attention,0.31410394862051244,0.12187654288161708,0.999430239200592
1423,2791,attention,0.2966351294113944,0.09890182176604867,0.9997180104255676
1424,3028,attention,0.34064338182409604,0.07251016348600388,0.9995859265327454
1425,215,attention,0.040348577758540276,0.06426915947509848,0.9995898604393005
1426,2298,attention,0.2949310305994004,0.01718944013118744,0.9998769760131836
1427,1533,attention,0.3684840463101864,0.19340790276415645,0.9958590865135193
1428,2852,attention,0.16137433017409125,0.10936393493483233,0.9962385892868042
1429,933,attention,0.18255563931805746,0.017640719811121624,0.9999364614486694
1430,2679,attention,0.2640262581408024,0.08226522952318191,0.9974800944328308
1431,3072,attention,0.37991349026560783,0.036659597522682615,0.999914288520813
1432,1681,attention,0.26045184190127446,0.019249773881536848,0.9976332187652588
1433,914,attention,0.1422009383959155,0.03326298152246783,0.9997227787971497
1434,2306,attention,0.05401328413985496,0.02579490528550259,0.9999217987060547
1435,3841,attention,0.030852858957491423,0.027640678380665026,0.9999384880065918
1436,3570,attention,0.14909730535565,0.13022078076998392,0.9999055862426758
1437,2211,attention,0.4447433884834578,-0.15283154605916052,0.5077521800994873
1438,2857,attention,0.1418428351775779,0.08745868940828726,0.2091955542564392
1439,1766,attention,0.4103447751896012,0.022909096486511685,0.9994213581085205
1440,498,attention,-0.22447028536830219,-0.0028401424098128993,0.013604667969048023
1441,2230,attention,0.19825235194487809,0.03968935708204905,0.9997672438621521
1442,884,attention,0.5230368403891112,-0.14664293719189508,0.6372222900390625
1443,3275,attention,0.3498182114323272,0.0635233354919097,0.9770309329032898
1444,1991,attention,0.20546682278315226,0.04451964298884074,0.9999368190765381
1445,3426,attention,-0.029645410487083374,-0.003942729373024863,0.000816914951428771
1446,566,attention,0.32646842165598394,0.051678521608984146,0.9996308088302612
1447,3457,attention,0.6186650129104102,0.021561123292755197,0.9997816681861877
1448,2792,attention,0.07993598817424341,0.06737819171764634,0.9993994235992432
1449,4095,attention,0.2837246192905765,0.045765516061622366,0.9997488856315613
1450,2257,attention,0.37464701433322933,0.04798871631685056,0.9997274279594421
1451,4129,attention,0.012861939007000599,-0.2538303076954825,0.06931323558092117
1452,1606,attention,0.2211768517891566,0.1040819063782692,0.9988771080970764
1453,439,attention,0.21322612122943005,0.0070682358410623335,0.9999281167984009
1454,2737,attention,0.5223475324935862,0.11149128954857587,0.9988178610801697
1455,2008,attention,0.6849562420312121,0.04182504810566126,0.9982183575630188
1456,3731,attention,0.5896636243585659,0.09758019050502259,0.9591206312179565
1457,3519,attention,0.23661798064378983,0.11784583385637466,0.9997548460960388
1458,2678,attention,0.01842876620914625,0.23676257621011007,0.9997536540031433
1459,4561,attention,0.41816768993933995,0.052609202762444816,0.9997255206108093
1460,3617,attention,0.3317013579307476,0.4614661868155865,0.8938249349594116
1461,1998,attention,-0.08244526082170055,-0.0532000680431145,0.002723908284679055
1462,1121,attention,0.4656416112980382,0.09470077671787956,0.9996702671051025
1463,2601,attention,0.14191664247350258,0.021361237222498112,0.9999405145645142
1464,1261,attention,0.04540364100382878,0.16512113687797234,0.9999402761459351
1465,2275,attention,0.15346084020566195,-0.07665193993598222,0.5741451382637024
1466,2611,attention,0.20231601148843764,0.0461452379822731,0.9998875856399536
1467,844,attention,0.43902362931159233,0.11514946241532603,0.9963823556900024
1468,4265,attention,0.1033165403034376,0.12267359313757523,0.9969958066940308
1469,27,attention,0.15413040470551043,0.13704382951426156,0.9997844099998474
1470,229,attention,0.32248867839574813,0.06049931734800339,0.9907850027084351
1471,862,attention,0.102003197778355,0.015112562613053755,0.9999004602432251
1472,3155,attention,0.34664457105100155,0.039059256513913475,0.9999397993087769
1473,4039,attention,0.7085769263282419,0.05818792901933193,0.9994792342185974
1474,183,attention,0.060151065276427704,-0.292428141375157,0.20557062327861786
1475,2360,attention,0.20930885884069628,0.0762585824535739,0.9999017715454102
1476,2348,attention,0.29778858985413204,0.30820475992831314,0.9916976690292358
1477,238,attention,0.0748473098783782,0.15118059240084028,0.9829922318458557
1478,3180,attention,0.2611383270170238,0.028385036700480693,0.9997753500938416
1479,2581,attention,0.2884211919403502,0.04189615350748811,0.9992966651916504
1480,1567,attention,0.2268070991580876,0.0879119813728791,0.9997461438179016
1481,2925,attention,0.009833088765541712,0.09703123228003581,0.9999390840530396
1482,523,attention,0.379107587571655,0.09503828287124634,0.9997288584709167
1483,1035,attention,0.17374856820380366,0.02501932471185117,0.9997546076774597
1484,2402,attention,0.19333406706010142,0.026502051661091465,0.9832964539527893
1485,2312,attention,0.4764029195325242,0.05276289458076159,0.9992567896842957
1486,1225,attention,0.2552650350145996,0.050913831712678076,0.9997814297676086
1487,2069,attention,0.044688666478181496,0.06323589117099078,0.9999387264251709
1488,423,attention,0.6045694446928993,0.08538415907071782,0.9997726082801819
1489,4427,attention,0.02433802854073675,0.14373499174651347,0.9993597865104675
1490,1174,attention,0.06733635031595463,0.023758994915136476,0.9992849230766296
1491,1490,attention,0.030626911105531635,0.0362752585700064,0.9999188184738159
1492,2020,attention,0.7199086304902845,0.06286798045039177,0.9987404942512512
1493,1837,attention,0.4979176494735675,0.1643322239645192,0.9885565042495728
1494,3730,attention,0.4955239099245973,0.24275934579995143,0.9954784512519836
1495,1586,attention,0.032399716529440376,0.0143907146250948,0.9999392032623291
1496,3595,attention,0.23679373859378852,0.10666481248642269,0.9994558691978455
1497,2622,attention,0.5068389769734406,0.04298539350672466,0.999466598033905
1498,2173,attention,0.02018582209562644,0.015495396577394925,0.9998503923416138
1499,2153,attention,0.10428184017221978,0.009699101143694938,0.9999412298202515
1500,1139,attention,0.6003168711793565,0.12584520512748332,0.9996631145477295
1501,4101,attention,0.27466563752719336,0.21576048944677625,0.9996612071990967
1502,4005,attention,0.26911257786883247,0.18371366875039208,0.9829677939414978
1503,1530,attention,0.40320213843227887,0.07082157863712893,0.9996594190597534
1504,4259,attention,0.10059770619547045,0.1596771290437696,0.9996960163116455
1505,2175,attention,0.25814771412455656,0.022085825179485565,0.9999364614486694
1506,1016,attention,0.30808975938106736,0.09298179557006206,0.9997708201408386
1507,1575,attention,0.16027284543230838,0.14264593580988802,0.9723339676856995
1508,1333,attention,0.5158801176585257,0.0655444169586355,0.9986074566841125
1509,1380,attention,0.5385839255150958,0.05730366723781282,0.9990560412406921
1510,1428,attention,0.17020822031533017,0.2464484533223132,0.9997190833091736
1511,2027,attention,0.20905671735258344,0.08053696298828492,0.9978861212730408
1512,1039,attention,0.2534979955852032,0.12023762200027704,0.999782383441925
1513,22,attention,0.3794696996378344,0.1522421074143156,0.9978649020195007
1514,1276,attention,0.22210136987268925,0.026106469333171844,0.9998977184295654
1515,1367,attention,0.15490687101386313,0.2590818849587163,0.998982846736908
1516,147,attention,0.42065938987902235,0.0764084170971598,0.9986269474029541
1517,3226,attention,0.2464445778341205,0.12236809036349533,0.9973932504653931
1518,4586,attention,0.4391921394534649,0.12072831344219946,0.9997712969779968
1519,2301,attention,0.45856561565029796,0.16628696780525526,0.9987567663192749
1520,2466,attention,0.08641405692023615,0.21675450908350608,0.9999179840087891
1521,2876,attention,0.6794994795539727,0.10093426427397972,0.9994862079620361
1522,2213,attention,-0.13581685225168863,-0.6508360987322198,0.0878281518816948
1523,2261,attention,0.2538148522905361,0.04606251132029753,0.9995148181915283
1524,1956,attention,-0.021669883381533014,-0.02810796386223625,0.0008964388398453593
1525,2369,attention,0.6463646463494985,0.0633409784195271,0.9990792274475098
1526,190,attention,0.5731685393839143,0.07526135879258315,0.9997658133506775
1527,1834,attention,0.2930325886234641,0.02114593256264925,0.9997536540031433
1528,2393,attention,0.24590091411179552,0.1462670677445001,0.7915317416191101
1529,282,attention,0.19148562540268077,0.006878449999052903,0.9999170303344727
1530,1916,attention,0.6109785474836826,0.08129453798756003,0.9993376135826111
1531,4527,attention,0.4040549677752313,0.12551372671233757,0.9988406300544739
1532,1324,attention,0.4682103142810938,0.07013023284096749,0.9996585845947266
1533,3576,attention,0.39884528447244616,0.05083561160073087,0.9996577501296997
1534,4029,attention,0.32192656692237626,0.06176635166329722,0.9948514103889465
1535,1683,attention,0.5328837705816588,0.11867570966158224,0.9994662404060364
1536,4353,attention,0.37670697267280845,0.18224120449002196,0.9837759137153625
1537,273,attention,0.48774071153709475,0.23827446810544792,0.9609127640724182
1538,1970,attention,0.5708352020179683,0.08882604409009218,0.9997896552085876
1539,903,attention,0.257381730313812,0.04429338074156216,0.9984595775604248
1540,3599,attention,0.21817161179362582,0.0789970366929013,0.9996839761734009
1541,2499,attention,0.7875427572283661,0.11738059282768518,0.9977362155914307
1542,3514,attention,0.18013968722326631,0.07033484008001245,0.9997149109840393
1543,2991,attention,0.500620042978737,0.09541726269220051,0.999815046787262
1544,3705,attention,0.5037130738885025,0.09482424836605788,0.999768078327179
1545,2014,attention,0.00986398661390264,0.07370788588168774,0.9999241828918457
1546,257,attention,0.3596594562685048,0.4790563262240202,0.9978786706924438
1547,3721,attention,0.15992701053619385,0.005039926435126633,0.9999274015426636
1548,2368,attention,0.06644537051518758,0.018987161583370632,0.9999309778213501
1549,3689,attention,0.03557131138253719,0.009327639924718979,0.999934196472168
1550,2574,attention,0.043488935990767044,0.02274653541319298,0.9999080896377563
1551,4260,attention,0.27000662074847653,0.12759321013634856,0.995688259601593
1552,517,attention,0.2430712400424865,0.0314819908911182,0.9990198612213135
1553,3170,attention,0.07177166737174785,-0.4376943576577547,0.08178331702947617
1554,3201,attention,0.7624305789498612,0.06979507356882095,0.9957893490791321
1555,3194,attention,0.22116452649883603,0.06255743555400682,0.9924966096878052
1556,3897,attention,0.18258666172623633,0.04539328217506409,0.9990540146827698
1557,858,attention,0.6515501598769333,0.048511761240661144,0.9762351512908936
1558,19,attention,0.13324338335681846,0.48040186928874057,0.8163796067237854
1559,699,attention,0.2468419991157673,0.09643792885321158,0.9998138546943665
1560,575,attention,0.01855774347980817,0.015941593796014786,0.9999368190765381
1561,1646,attention,0.09737198409580049,0.016968541202091035,0.999907374382019
1562,3623,attention,0.2991552886257811,0.06965344853517486,0.9995326995849609
1563,599,attention,0.800712770255268,0.05056931655853987,0.9981202483177185
1564,2894,attention,0.0172984864976671,0.021771964761945935,0.9999396800994873
1565,305,attention,0.4513884554177804,0.20510337501764297,0.9993307590484619
1566,3433,attention,0.10280446286471386,0.010468340144967133,0.9998227953910828
1567,3826,attention,0.6620031157301531,0.17723652662502395,0.9818872213363647
1568,1350,attention,0.5563257832134909,0.050541412742698896,0.9943504929542542
1569,2129,attention,0.7346985692751001,0.04824082858183167,0.9983017444610596
1570,1422,attention,0.3422803609680973,0.18526659160852432,0.9996740818023682
1571,3819,attention,0.2732025951316411,0.042578410293737594,0.9984520673751831
1572,1527,attention,0.03953553795814514,0.015957261323928832,0.9999376535415649
1573,1087,attention,0.030521471392024647,0.01884614743969657,0.9999384880065918
1574,1484,attention,0.15797008755730418,0.10329839423662279,0.9995259046554565
1575,3513,attention,0.3182897322345525,0.06908452156931162,0.9994493126869202
1576,3361,attention,0.29133745796150634,0.14243716730011835,0.999293327331543
1577,1323,attention,0.5878577180827658,0.08294439862171808,0.9977144002914429
1578,1553,attention,0.6427067266153504,0.09113799319380805,0.9996764659881592
1579,3687,attention,0.11563243663736752,0.025375413043158396,0.9998612403869629
1580,4368,attention,0.4269797515364424,0.05888425150225239,0.9996041655540466
1581,3165,attention,0.49079981385527743,0.1517557767827226,0.9997616410255432
1582,1309,attention,0.3180500852564971,0.08527573971360018,0.9997159838676453
1583,2983,attention,0.23813371379406023,0.17407928760617208,0.9997509121894836
1584,3378,attention,0.5292677174977682,0.16992833189390324,0.9983618855476379
1585,345,attention,-0.20499039331385258,-0.24913362475395526,0.09959545731544495
1586,1086,attention,0.3572984321042895,0.04315071739256382,0.9997208714485168
1587,923,attention,0.3402917318046093,0.13635902280608814,0.9997708201408386
1588,1571,attention,0.1956886020489037,0.028517605736851692,0.9983104467391968
1589,842,attention,0.49838244474055815,0.14900815279142246,0.990315854549408
1590,2165,attention,0.7880537377283102,0.10174338064657953,0.9531433582305908
1591,608,attention,0.45986772960294847,0.08099767543456476,0.9997633099555969
1592,285,attention,0.19234867901964622,0.13130292381075295,0.9996041655540466
1593,2009,attention,0.32790112122893333,0.06003114411776716,0.9997312426567078
1594,807,attention,0.3425188594779303,0.11568253400713899,0.9999251365661621
1595,4511,attention,0.1693538793673118,0.12257858272641897,0.9997615218162537
1596,2495,attention,0.400283071413344,0.13311167004719085,0.9997606873512268
1597,405,attention,0.25614856685302695,0.0436136500567806,0.9994694590568542
1598,218,attention,0.4860937797254132,0.1352272103390386,0.9995858073234558
1599,1976,attention,0.18925171968128,0.4336267916219575,0.9958023428916931
1600,4040,attention,0.6456298131538047,0.09320517019792036,0.9979668259620667
1601,2461,attention,0.327448057518764,0.043753484884897866,0.9994953870773315
1602,2095,attention,0.0691385189387596,0.21138339849926954,0.9996145963668823
1603,327,attention,0.7810536805705245,-0.00833280012011528,0.8981558084487915
1604,2957,attention,0.7795583903315967,0.04777555401294918,0.9996838569641113
1605,1778,attention,0.8591436221880334,0.09380636053780715,0.9954015016555786
1606,688,attention,0.678037710124791,0.06791602113308051,0.999686598777771
1607,393,attention,0.7860062407458034,0.14517626440964448,0.9983372688293457
1608,3495,attention,0.33855513894473604,0.04890847845741038,0.9997907280921936
1609,2741,attention,0.16256049664124197,0.10631543551774128,0.9997590184211731
1610,3105,attention,0.5800603705372297,-0.11907861802888953,0.7089082598686218
1611,3579,attention,0.5409630963711867,0.3055114542516614,0.9993767142295837
1612,4460,attention,0.4001758743543178,0.290893440762723,0.9996813535690308
1613,1491,attention,0.07054196310376651,0.04854059689923337,0.9999392032623291
1614,882,attention,0.30527757237561876,0.07867588268385993,0.9983023405075073
1615,2085,attention,0.35886153137242355,0.11871284743150075,0.9996563196182251
1616,1769,attention,0.32636211470289284,0.11014092328070207,0.9996805191040039
1617,3177,attention,-0.18256678815398897,0.02937480913741248,0.6650061011314392
1618,3766,attention,0.2961830874093068,0.12120680193392894,0.9997426867485046
1619,2049,attention,0.39093893580138683,0.09958783630281687,0.9997180104255676
1620,794,attention,0.2065018110654571,0.01742636209184473,0.9999421834945679
1621,1617,attention,0.4898559322755318,0.04196739732287824,0.999640703201294
1622,21,attention,0.0931912684744155,0.23990759884731638,0.9997922778129578
1623,2626,attention,0.2905056635538737,0.020712049802144368,0.9998906850814819
1624,2199,attention,-0.050007949293487605,-0.18336849620876214,0.003585011698305607
1625,4578,attention,0.01214509314679085,0.04094855582460444,0.9999222755432129
1626,1535,attention,0.4225274167698005,0.08964049995973192,0.9993570446968079
1627,1012,attention,0.6661133109009825,0.25324571365490556,0.985027551651001
1628,3302,attention,0.25854414284229277,0.04013149946928024,0.9996715784072876
1629,3059,attention,0.34783573371047777,0.06635606487592062,0.9987539052963257
1630,1172,attention,0.11912563375451347,0.03496867960149592,0.999935507774353
1631,3322,attention,0.284555700809027,0.16462603093762146,0.9968185424804688
1632,3232,attention,0.7936110579394153,0.033020279962908135,0.8737022280693054
1633,3859,attention,0.21965269782604316,0.026328334441551797,0.9999407529830933
1634,1015,attention,0.44330172362022624,0.046530924217645514,0.9994232654571533
1635,1364,attention,0.2522115652327952,0.07461017920919087,0.9999010562896729
1636,2757,attention,0.011749257107038755,0.0048153319874325315,0.998711347579956
1637,182,attention,0.2381840074325309,-0.0009053790473605177,0.5817652344703674
1638,1107,attention,0.020512579767792312,0.028563572300804987,0.9999330043792725
1639,188,attention,0.4462827239717756,0.15450232326984406,0.9995160102844238
1640,2990,attention,0.31464086457466084,0.08220629456142585,0.9992591738700867
1641,2951,attention,0.4889623008008736,-0.013655259002310535,0.8948888182640076
1642,3539,attention,0.05754276269521469,0.051428185059474066,0.9999409914016724
1643,3473,attention,0.2580960064660758,0.0788599131628871,0.9995162487030029
1644,1655,attention,0.28363580345783546,0.06665295702607735,0.9880483150482178
1645,3422,attention,0.15508731997207456,0.023996206567339275,0.9997698664665222
1646,4077,attention,0.12559969032683024,0.045842150725969456,0.9997468590736389
1647,3015,attention,0.17449569894421485,0.06895984565058062,0.9999136924743652
1648,2713,attention,0.16490428149700165,0.023941087035032418,0.9998477697372437
1649,3397,attention,0.5396631598036657,0.08311917408904497,0.9997735619544983
1650,1266,attention,0.42196453836714637,0.026204263641765074,0.9997161030769348
1651,1623,attention,0.20270011344781289,0.0535909254103899,0.9997606873512268
1652,3358,attention,0.4877179884462662,0.0215048138939199,0.9997507929801941
1653,373,attention,0.2122812489978969,0.048095591366291046,0.9999326467514038
1654,2026,attention,0.08813377047578494,0.04951529030998548,0.9993563294410706
1655,1524,attention,0.2425217290337269,0.07006254333716172,0.9997822642326355
1656,422,attention,0.45588572039490655,0.08612577333336785,0.9997616410255432
1657,3169,attention,0.13655162821797764,0.04789064912235036,0.9998743534088135
1658,3650,attention,0.055104566704143175,0.004950693520632657,0.9999430179595947
1659,3800,attention,0.3224419448128406,0.23210542123923275,0.9991720914840698
1660,1120,attention,0.47600925898284846,0.10261268611505346,0.9997346997261047
1661,2249,attention,0.1985222781293614,0.0632075339902279,0.9996480941772461
1662,4043,attention,0.030526453672453414,0.010739269644715065,0.999901294708252
1663,616,attention,0.12245651231757526,0.06987366311509034,0.9978971481323242
1664,2691,attention,0.5085327863265332,0.059296230407985484,0.9995947480201721
1665,2043,attention,0.22527691299910657,0.17710825198966113,0.9951033592224121
1666,3188,attention,0.3903010047518183,0.1200339205446653,0.9996837377548218
1667,2835,attention,0.3361449809028552,0.07602244851967463,0.9997915625572205
1668,4211,attention,0.2346696396668752,0.032122061649958296,0.9999293088912964
1669,917,attention,0.329511983320117,0.07124792272225022,0.9920033812522888
1670,4100,attention,0.18123332831180758,0.16609919509953922,0.9977766871452332
1671,1162,attention,0.43082149617555665,0.023026356791577687,0.9987475872039795
1672,3716,attention,0.46947733187224977,0.10302020020263139,0.9998213648796082
1673,1248,attention,0.13797715451659226,0.011792888001697819,0.9999306201934814
1674,828,attention,0.12210523297990415,0.035802491167758375,0.9999380111694336
1675,2243,attention,-0.2413824158833332,0.012883933169970049,0.02579612098634243
1676,2902,attention,0.12168341632580983,0.06877119290941167,0.9997243285179138
1677,337,attention,0.27083881651887143,0.09605694734133206,0.9995959401130676
1678,2351,attention,0.19562485627830029,0.030122758001089097,0.9995847344398499
1679,1959,attention,0.2820587307214737,0.1423314422776457,0.9972550272941589
1680,3431,attention,-0.45977645982020476,-0.03802217040038158,0.00036186506622470915
1681,4374,attention,0.18675068305919365,0.06444630323320019,0.9994891881942749
1682,1102,attention,0.101654872749791,0.06237872080369429,0.9999380111694336
1683,1246,attention,0.01633438833972864,0.008243007618084289,0.9999332427978516
1684,1176,attention,0.3401665062313744,0.09974988086356057,0.9998319149017334
1685,4579,attention,0.07932318184110854,0.011004450586107042,0.9999203681945801
1686,3195,attention,0.10829223177450545,-0.0934960956356543,0.38375335931777954
1687,2790,attention,0.22572927962988615,0.07331586085259914,0.9992958307266235
1688,3877,attention,0.7730505903115651,0.10592855424398467,0.9914222359657288
1689,93,attention,0.30599531851882156,0.036494274645350704,0.9984662532806396
1690,2795,attention,0.4401394094567041,0.5036097600603023,0.892436146736145
1691,2317,attention,0.2771481074054133,0.08551634306257422,0.9906683564186096
1692,385,attention,0.07782485078526091,0.05606414065981398,0.9997519850730896
1693,913,attention,0.3874593355664701,0.04076649022824837,0.9996331930160522
1694,693,attention,0.34443908446916827,0.17801765587042878,0.9674268960952759
1695,3241,attention,0.7186930747295264,0.05401617903262377,0.9992102384567261
1696,2471,attention,0.19915654715530726,0.16902257268298038,0.9979719519615173
1697,311,attention,0.4485273101841504,0.09765445005218938,0.9997581839561462
1698,334,attention,0.4642400257904434,0.11354924790464553,0.999934196472168
1699,861,attention,0.03982650350641321,0.007932146390279135,0.9998906850814819
1700,1454,attention,0.27754922459522885,0.11794127979212338,0.999445378780365
1701,2684,attention,0.36123131974688116,0.06335383491977206,0.9997395873069763
1702,1224,attention,0.5711160316413659,0.34848056207110567,0.6110888123512268
1703,2585,attention,0.04873342781650777,0.008464337611684993,0.9999161958694458
1704,708,attention,0.29760763395334716,0.02474758045180984,0.9994958639144897
1705,3141,attention,0.039688926676045296,0.029901626317397408,0.9999386072158813
1706,38,attention,0.23123716921457704,0.08945522745544056,0.9970207810401917
1707,2683,attention,0.3830124967731535,0.06183875445276499,0.9997358918190002
1708,935,attention,0.4069971542529838,0.25151935381320667,0.9997422099113464
1709,3339,attention,0.18700450010921643,0.015877495641293732,0.9999347925186157
1710,1325,attention,0.7442592246577057,0.0637145527573519,0.999762237071991
1711,2120,attention,-0.023243795450338545,-0.007988144620778221,0.0098820636048913
1712,470,attention,0.2094467118291593,0.06648307690033461,0.9994279742240906
1713,3393,attention,0.1486540581728961,0.09758692028353343,0.999913215637207
1714,1942,attention,0.2712118689281245,0.030125488837560017,0.9999091625213623
1715,3371,attention,0.08261673619401538,0.05248201866116789,0.9995042085647583
1716,1713,attention,0.6514531406102596,-0.008155289227547853,0.7611915469169617
1717,160,attention,0.2863330350003459,0.013976548205722462,0.9997265934944153
1718,1192,attention,0.014866913855075835,0.03474955707788467,0.9999144077301025
1719,2161,attention,0.07156717052330842,0.03500846431062028,0.9999277591705322
1720,3925,attention,0.582899358703709,0.1833765473003026,0.9990829229354858
1721,3619,attention,0.04852436291319984,0.18146676027349062,0.9777315258979797
1722,4209,attention,0.39966171922592014,0.04639745293519436,0.9586831331253052
1723,3524,attention,0.24426234740277994,0.0454931429222874,0.9990906715393066
1724,353,attention,0.2849429912713109,0.041000312006241185,0.999738872051239
1725,2548,attention,0.29842187171535833,0.15579032509343788,0.9995682835578918
1726,4202,attention,-0.002975001505443028,-0.030923685005732945,0.6926886439323425
1727,1014,attention,0.444477435269139,0.12874762693589384,0.9995049238204956
1728,1200,attention,0.2113924028416132,0.06425556688216226,0.9997790455818176
1729,4580,attention,0.008870819100627193,0.005437949189433345,0.9999163150787354
1730,3087,attention,0.3476914529289518,0.09749179546322141,0.9995974898338318
1731,1305,attention,0.5354194378945977,0.09438661178573966,0.994238018989563
1732,112,attention,0.10633843671530485,0.04568696767091751,0.9998038411140442
1733,1853,attention,0.19396178017963062,0.049172163009643555,0.9997662901878357
1734,4310,attention,0.4699045237760211,0.35689609102785674,0.9997687935829163
1735,3873,attention,0.029822824816954762,0.17213038073264456,0.9999330043792725
1736,4216,attention,0.6052710833555123,0.048633187095511635,0.9997439980506897
1737,14,attention,0.08250241156886606,-0.11727321498534259,0.7362715005874634
1738,3915,attention,0.7487636060212806,0.11875258818467306,0.9788841009140015
1739,2387,attention,0.33956150258226053,0.1344964882688752,0.9993690848350525
1740,533,attention,0.9173409982377918,0.1702538979505854,0.9764451384544373
1741,3551,attention,0.3111637856865335,0.04130966731879328,0.9994766116142273
1742,851,attention,0.22887750918214972,0.04133167761293324,0.9997901320457458
1743,1418,attention,0.2713501197531035,0.0854393182028281,0.9909952282905579
1744,3446,attention,0.16927076914125,0.10051190901709639,0.9997702240943909
1745,1318,attention,0.23428655043244362,0.056506447663361374,0.9949485063552856
1746,677,attention,0.20477941972868782,0.020746496745518275,0.9995980858802795
1747,3740,attention,0.39538836581632497,0.03301437888294458,0.9996871948242188
1748,1317,attention,0.5914857416016768,-0.26566844115980337,0.6237097382545471
1749,1072,attention,0.9952966339301201,0.2277148682065308,0.9997788071632385
1750,4275,attention,-0.6573384919436649,-0.12643085333984344,0.024295154958963394
1751,655,attention,0.9433073058146341,0.03588633419110857,0.9970287680625916
1752,3128,attention,0.5339328644842636,0.0864037482476816,0.9994780421257019
1753,3143,attention,0.4445875348794895,0.029885143041610718,0.9999178647994995
1754,568,attention,0.33611599249499186,0.15354301579562682,0.9994500279426575
1755,1871,attention,0.21568996980786323,0.056065359711647035,0.9999284744262695
1756,3956,attention,0.20775346807204187,0.05489664789961858,0.9997894167900085
1757,121,attention,0.2044130936930222,0.010691140379224504,0.9997743964195251
1758,3150,attention,0.5719654209425916,0.07491367699011513,0.9997784495353699
1759,587,attention,0.0806913177172343,0.048295520819150485,0.9999291896820068
1760,3061,attention,0.4339630704525174,0.1285610214940139,0.9979548454284668
1761,3162,attention,0.2977775240153143,0.03603001428699052,0.9997709393501282
1762,1254,attention,0.015892629661867694,0.006427587040009037,0.9999192953109741
1763,2658,attention,0.31854294565446833,0.05932794178419925,0.9993662238121033
1764,163,attention,0.2411913186214961,0.19400724575117037,0.9998517036437988
1765,1322,attention,0.2060357344183904,0.014871206301361767,0.999629020690918
1766,4249,attention,0.45825046716570134,0.15161220699400557,0.8326014876365662
1767,360,attention,0.8185078291214942,0.01627299441925941,0.9997087121009827
1768,1768,attention,0.3296711061079547,0.03261904109199092,0.9999029636383057
1769,732,attention,0.8027844461612403,0.1807356296708652,0.9986885190010071
1770,2671,attention,0.523411781077498,0.20831927788797125,0.9972802400588989
1771,691,attention,0.194145605676002,0.23171745789413517,0.537680983543396
1772,79,attention,0.5451066441213092,0.08880527185586591,0.9984980821609497
1773,2776,attention,0.10787956094877287,0.06701406396248123,0.9995684027671814
1774,1053,attention,0.5968418992581028,0.1491958310498911,0.998623251914978
1775,410,attention,0.3227170644524066,0.021770769043972616,0.9997599720954895
1776,4367,attention,0.45390698056490647,0.05994019763810294,0.9834858179092407
1777,1667,attention,0.40948639968410133,0.14600344385798963,0.99955815076828
1778,3349,attention,0.7070051766545346,0.14455332117421285,0.9982094764709473
1779,2672,attention,0.2752393308010968,0.0347738807851618,0.9998984336853027
1780,4038,attention,0.2864354758433277,0.07342156135447082,0.999718964099884
1781,4552,attention,0.18451718925772345,0.054244946907548344,0.9998063445091248
1782,1542,attention,0.023048290184565952,0.1051472704667522,0.9989033937454224
1783,1336,attention,0.06927671853233786,0.01912842778598561,0.9999227523803711
1784,1519,attention,0.3328038114958849,0.02702158326521898,0.9997904896736145
1785,1229,attention,0.3457947159279138,0.020688295662403107,0.9993537068367004
1786,1968,attention,0.5217968716800291,0.03160085544611017,0.9977643489837646
1787,4416,attention,0.39582924819306325,0.10004407526892528,0.9992958307266235
1788,2109,attention,0.2733473169510482,0.033144762342581985,0.9996541738510132
1789,725,attention,0.18909843399056367,0.021827515569471177,0.9994435906410217
1790,1134,attention,-0.1552276293347989,-0.33508227135808694,0.24350415170192719
1791,101,attention,0.3131555686502353,0.16573476803529522,0.9965853691101074
1792,4266,attention,0.4713616245534531,0.08376468804686568,0.9994989633560181
1793,2253,attention,0.3662299603605882,0.06138835427088615,0.999208390712738
1794,1269,attention,0.023772244652112324,0.01936408132314682,0.9999366998672485
1795,2813,attention,0.4787577650908913,0.12261918144566672,0.99965500831604
1796,193,attention,0.4936320354340062,0.09557923053701718,0.9993638396263123
1797,1127,attention,0.49278820507429744,0.0734346278414533,0.9997536540031433
1798,2871,attention,0.8450525990323867,0.04054414299203128,0.9997450709342957
1799,3470,attention,0.414248151362271,0.17130141691236264,0.9930214285850525
1800,280,attention,0.27856566398641963,0.06988889782836563,0.99970942735672
1801,1696,attention,0.27012195033279973,0.027783791224161785,0.9990069270133972
1802,2623,attention,0.14143062796857622,0.0014302213986714682,0.9932789206504822
1803,2139,attention,0.21391565611828928,0.04840470558923224,0.999329686164856
1804,3438,attention,0.042786672711372375,0.07690600441260771,0.9999388456344604
1805,82,attention,0.15866214990615846,0.012889410257339478,0.9998000264167786
1806,876,attention,0.41983189102676177,0.02632478348634861,0.9615743160247803
1807,2719,attention,0.37533275988398795,0.09453720139696244,0.9999428987503052
1808,2374,attention,0.06150442675540322,0.037388274544163755,0.9995403289794922
1809,1569,attention,0.5975734974567882,0.021358080683870517,0.999365508556366
1810,2416,attention,0.17395931482315063,0.03600547586878141,0.9999324083328247
1811,3724,attention,0.3389182241367442,0.151182992543493,0.9975895881652832
1812,3511,attention,0.6988213323056698,0.046167707927525045,0.9966631531715393
1813,4046,attention,0.2397431638781671,0.075774558785337,0.9979152083396912
1814,2132,attention,0.34105238376015967,0.054234959185123444,0.9993273019790649
1815,2932,attention,0.3072411851847873,0.1073788958875572,0.9991326928138733
1816,3414,attention,0.19285347711208256,0.040849261505659235,0.9997473359107971
1817,1009,attention,0.19902694516065644,0.011534174767936148,0.9999313354492188
1818,4171,attention,0.22890098938127842,0.05294266270428169,0.9999346733093262
1819,1439,attention,0.025093270807850118,0.20263897235106146,0.9999344348907471
1820,3603,attention,0.2270201428706736,0.0631296444944171,0.9997875094413757
1821,2680,attention,0.2679723324071543,0.12993501322161333,0.9995542168617249
1822,4297,attention,0.016591266507194155,0.017614283732005527,0.999887228012085
1823,630,attention,0.5289787844961716,0.03208703945080439,0.9997987151145935
1824,638,attention,0.3692911095146475,0.06073616496447859,0.9995785355567932
1825,455,attention,0.5921178850087714,0.22121455369794624,0.9885410666465759
1826,129,attention,0.12357633908589681,0.038628126515282524,0.9999216794967651
1827,3544,attention,0.43489472654003364,0.05893795688947042,0.9996554851531982
1828,2705,attention,0.12903167937810606,0.01384739807018867,0.998616099357605
1829,4542,attention,0.45515562268763277,0.11156406165968816,0.9994493126869202
1830,1736,attention,0.33401616800714423,0.05850731388286308,0.9988632202148438
1831,1442,attention,0.5546450504079098,0.024225392537872967,0.9989868998527527
1832,836,attention,0.9160891245492166,0.03913639625534415,0.9957411289215088
1833,3713,attention,0.09765810681841312,0.0714323898920646,0.9998024106025696
1834,963,attention,-0.06709282070494674,0.01955352207758175,0.1722792387008667
1835,3500,attention,0.2925178173184395,0.05543124742805958,0.9985418319702148
1836,1386,attention,0.20133003126829863,0.20551638412143802,0.9997828602790833
1837,3631,attention,0.5452786905272883,0.03110469527998749,0.9996988773345947
1838,3220,attention,0.7045073731409788,0.035433293411544727,0.999125063419342
1839,1920,attention,0.1548610288521339,0.1967386117783086,0.9993933439254761
1840,3065,attention,0.49193408077254014,0.03052489722476286,0.9984636306762695
1841,4122,attention,0.13865129769809784,0.1065070275818148,0.9999406337738037
1842,2735,attention,0.5380897282580421,0.08039507608522069,0.9997478127479553
1843,1441,attention,0.39798934012651443,0.0320809641409488,0.9997524619102478
1844,860,attention,0.18619504503228448,0.06813710586654699,0.9985270500183105
1845,930,attention,0.008832650129185167,0.042709684649179146,0.9999330043792725
1846,2920,attention,0.4241627137073212,0.07191346742264512,0.9837579131126404
1847,3073,attention,0.4929732342895407,0.11370566501640357,0.9581029415130615
1848,2537,attention,0.2845779829384649,0.23016744117964716,0.9997439980506897
1849,4582,attention,0.4074473835346175,0.0175899616101893,0.9996926784515381
1850,173,attention,0.05671591278332383,0.004373322671918727,0.9984564781188965
1851,1056,attention,0.5272124305634098,0.13415814737503928,0.9989043474197388
1852,2870,attention,0.19653177927983434,0.06813814687101465,0.9997250437736511
1853,50,attention,0.8880486586682049,0.05610181180028511,0.9988952875137329
1854,2560,attention,0.2967906332550905,0.08558301207346794,0.999908447265625
1855,31,attention,0.03943457179947903,0.2611883494874315,0.9997630715370178
1856,3419,attention,0.10498568605869374,0.017299714240622013,0.9999228715896606
1857,3023,attention,0.3772532345403491,0.03317964001227233,0.9997532963752747
1858,1433,attention,0.35143052673608555,0.09738857457872296,0.998925507068634
1859,399,attention,0.07954646033399246,0.11458139559801887,0.9999289512634277
1860,3793,attention,0.2116701809896363,0.09869440529081557,0.9994363188743591
1861,3354,attention,0.19396382104605436,0.07311835791915655,0.9999203681945801
1862,749,attention,0.5658900078896771,0.4454663861764684,0.8262404203414917
1863,3479,attention,0.34186291672370356,0.062406783842522164,0.9997844099998474
1864,3212,attention,0.15472645892037284,0.13747622825515768,0.9915026426315308
1865,617,attention,0.3133638720302021,0.022990012870115394,0.9999336004257202
1866,4442,attention,0.4678039697882457,0.0917798903508064,0.9992184638977051
1867,2130,attention,0.7202178063031671,0.047009625953846966,0.9997063279151917
1868,283,attention,0.4038090778248651,0.1320463323167392,0.9996964931488037
1869,4517,attention,0.2916190631332852,0.20821777021601087,0.9997127652168274
1870,1217,attention,0.3443417829744842,0.13272991825057112,0.9997401833534241
1871,55,attention,0.375508559991916,0.09412664420281848,0.999502420425415
1872,2038,attention,0.25202048587379977,0.27992128361802315,0.9997771382331848
1873,1302,attention,0.08602359763939273,0.08713742955693636,0.9997850060462952
1874,2767,attention,0.06313799428088325,0.04248031454959086,0.6382457613945007
1875,1813,attention,0.5977367061878676,0.04536127331464187,0.9982916712760925
1876,3881,attention,0.4995150236775064,0.06338389466206233,0.9993495345115662
1877,434,attention,0.24524341684220166,0.041194621858925654,0.9998668432235718
1878,115,attention,0.20353806990065745,0.028265888137476786,0.9998924732208252
1879,2119,attention,0.3762187991629947,0.1288799194223953,0.9998014569282532
1880,2923,attention,0.17381547114757054,0.07473512870423935,0.999937891960144
1881,3392,attention,0.10562116293995469,0.14063799546824562,0.9993243217468262
1882,1789,attention,0.30550342934856295,0.029356014475507557,0.9997801184654236
1883,1103,attention,0.01658609768618708,0.03177787169166233,0.9999274015426636
1884,348,attention,0.19082338092002002,0.3557595509019765,0.8458763957023621
1885,4441,attention,0.2611292588944529,0.04078992799508805,0.9999092817306519
1886,78,attention,0.07982417941093445,0.06073153570846275,0.9999380111694336
1887,3224,attention,0.1565549557025616,0.028819325642708022,0.9999427795410156
1888,1821,attention,0.41374526074265733,0.0323194773758159,0.9997754693031311
1889,1735,attention,0.10288030921288256,0.010766248658018292,0.9999364614486694
1890,2473,attention,0.09339823002039,0.011502755242724752,0.9999082088470459
1891,4204,attention,0.4904174780001482,0.06786232422559689,0.9995266199111938
1892,3395,attention,0.11697526148387365,0.08559610279543059,0.9998862743377686
1893,3405,attention,0.71375622600317,0.1716248396517975,0.9555742740631104
1894,1431,attention,0.28880108304321767,0.016584149599075317,0.9995425939559937
1895,2113,attention,0.21026775687509638,0.10971106382467868,0.9997621178627014
1896,1294,attention,-0.13178318977712633,-0.15817380258615346,0.12968359887599945
1897,2798,attention,-0.1126342030759487,-0.015741451822234215,0.012777583673596382
1898,4241,attention,0.2625030383870408,0.07100051440097191,0.9996380805969238
1899,2697,attention,0.20643624698831922,0.013319899638493856,0.9884060621261597
1900,735,attention,0.06934379872887633,0.054354502364646555,0.999651312828064
1901,2398,attention,0.5363658801310093,0.05133833604700425,0.9996328353881836
1902,1921,attention,0.5185771557377078,0.09216555437216392,0.9974937438964844
1903,2454,attention,0.36311081588823113,0.04763323242994065,0.9868724346160889
1904,2436,attention,0.5066886269487441,0.168070945669623,0.6879131197929382
1905,3313,attention,0.30496278170334257,0.22884439727615402,0.9958451390266418
1906,2602,attention,0.48602818099683837,0.04989071268784372,0.9996352195739746
1907,1378,attention,0.5488650810256067,0.43357938276078073,0.9689615368843079
1908,4172,attention,0.5601202768664206,0.028663649914726134,0.9946192502975464
1909,140,attention,0.072917955486398,0.05877607433419479,0.9997726082801819
1910,2482,attention,0.0648653983053836,0.11796252421018752,0.9996614456176758
1911,2566,attention,0.18057436583673253,0.047828825081095976,0.9996492862701416
1912,3043,attention,0.22394493166005836,0.09607590499492187,0.9995561242103577
1913,2718,attention,0.3157064524405685,0.09184152280029498,0.999789297580719
1914,1010,attention,0.26472409617374926,0.027014471152249503,0.9994291663169861
1915,1516,attention,0.5252023479575395,-0.2875813021590667,0.611278772354126
1916,1988,attention,0.22298904201563666,0.08560510724782944,0.999685525894165
1917,2942,attention,0.5533171011185324,0.030054855185586052,0.9995535016059875
1918,3097,attention,0.28642314434051513,0.12071429796516896,0.999742329120636
1919,151,attention,0.25566391527652743,0.23787110328674316,0.9639233946800232
1920,2319,attention,0.17225737258791923,0.18028675483423284,0.9901373386383057
1921,1373,attention,0.7559144717709321,0.1163267543675696,0.9997658133506775
1922,1358,attention,0.9671583548099281,0.05057509255776596,0.9988759160041809
1923,1873,attention,0.4932825253618991,0.18094177938559475,0.9902647733688354
1924,2668,attention,0.1766536167034736,0.04749182095894447,0.9999090433120728
1925,4357,attention,0.6865181769873645,0.051179564029381085,0.9990045428276062
1926,62,attention,0.060119316313001846,0.021685602929857044,0.999931812286377
1927,1795,attention,0.043045667738750064,0.027544033938440782,0.9999234676361084
1928,1000,attention,0.0764066211367939,0.03886240625790521,0.9997530579566956
1929,3679,attention,0.1756488598491016,0.04873074748014149,0.9997993111610413
1930,1850,attention,0.2807350107308092,0.06164761041772777,0.998589813709259
1931,2825,attention,0.3289000943589669,0.18959051829117995,0.9998986721038818
1932,3964,attention,0.5275340578877009,0.036261745083790556,0.999750554561615
1933,1625,attention,0.013484810079847063,0.13327884929520742,0.9999339580535889
1934,1313,attention,0.528125907828593,0.266657800961505,0.9997521042823792
1935,4320,attention,0.05955215805285686,0.014059285859803896,0.9997965693473816
1936,2166,attention,0.4197631699094853,0.2120492337485395,0.9997931122779846
1937,2184,attention,0.5823135698537549,0.11707537985510297,0.9955392479896545
1938,4148,attention,0.11867746545208825,0.06501159734196132,0.9999343156814575
1939,300,attention,0.3107619084745101,0.018642490905410838,0.9997203946113586
1940,339,attention,0.4373303188850904,0.04979922456134643,0.9997205138206482
1941,2220,attention,0.456479380838573,0.029919294073529865,0.9997548460960388
1942,1587,attention,0.17607927322387695,0.02896285243332386,0.9998394250869751
1943,4410,attention,0.40680498524258535,0.06770399568809403,0.9997898936271667
1944,3009,attention,0.3591432388068414,0.02805279940366745,0.9995825886726379
1945,4314,attention,0.2128383583174302,0.12914363127903272,0.9995521903038025
1946,2236,attention,0.30637868984443384,0.2915403053800507,0.8126024603843689
1947,3837,attention,0.19532660841941835,0.05328080654144287,0.999776303768158
1948,2512,attention,0.3071608593808892,0.08417139749002198,0.9997861981391907
1949,4272,attention,0.27366313834985095,0.07805582002187386,0.9996488094329834
1950,2294,attention,0.3182929491358144,0.04942086935043335,0.9994392991065979
1951,3416,attention,0.05346336790493556,0.13126649452107295,0.9999258518218994
1952,3694,attention,0.15962323909852563,0.16771625218594946,0.9976987242698669
1953,108,attention,-0.6358744417876006,-0.09089863457717001,0.23390141129493713
1954,3795,attention,0.5809592596410463,0.16544538784720417,0.996711254119873
1955,3228,attention,0.4195546972307753,0.1417401705650573,0.9996755123138428
1956,4327,attention,0.04215204185909695,0.022135852442847357,0.9999361038208008
1957,4444,attention,0.36297719524456906,0.018875168923002023,0.9992326498031616
1958,932,attention,0.7755888080802944,0.04171197843088797,0.9995693564414978
1959,3245,attention,0.639492706535384,0.1503871508873999,0.9996263980865479
1960,1037,attention,0.05979533250941787,0.029634090357048566,0.999936580657959
1961,3070,attention,0.02234509345647451,0.019430408606658112,0.9999281167984009
1962,507,attention,0.23313369415700436,0.08312322618439794,0.99973064661026
1963,1983,attention,0.1555775731853727,0.08931494818793403,0.9999369382858276
1964,635,attention,0.2607303786277771,0.06812608063220978,0.9995065927505493
1965,102,attention,0.5849626557319425,0.0668318688178495,0.9962306618690491
1966,2618,attention,0.4618981654780942,0.03629307126676714,0.999721109867096
1967,2452,attention,0.5306257947451538,0.03444849931531482,0.9994428753852844
1968,2433,attention,0.024582179302864885,0.0068792231539462475,0.9952096343040466
1969,2955,attention,0.5457560124401099,0.04592290673500452,0.9993991851806641
1970,4406,attention,0.037172884813376834,0.005233553903443473,0.9999321699142456
1971,146,attention,0.6666595845793685,0.08033129597703616,0.9929821491241455
1972,2277,attention,0.348924315571785,0.09966341853141784,0.9987791180610657
1973,628,attention,0.21392846419926612,0.23998030827891442,0.9996241331100464
1974,4147,attention,0.3667908185821337,0.04820654193560282,0.9977594614028931
1975,2488,attention,0.7114475875046361,0.15326236705390775,0.7708569765090942
1976,4587,attention,0.7296980423111976,0.07714612161119778,0.9977166652679443
1977,624,attention,0.9233765521544385,0.3466437207083298,0.9758737683296204
1978,1402,attention,0.49778469412367005,0.030431306675860758,0.9999257326126099
1979,1547,attention,0.4585011417457704,0.07357487515654675,0.9995481371879578
1980,1680,attention,0.3558411166071892,0.02482403665781021,0.9995798468589783
1981,2779,attention,0.5255938320326441,0.09056967386000213,0.9997870326042175
1982,3616,attention,0.0023897075798453354,0.25424346878199,0.9381188154220581
1983,3676,attention,0.07998457849025727,0.038842491805553436,0.9999200105667114
1984,2004,attention,0.2068784481439835,0.017631060037857447,0.9987618923187256
1985,2141,attention,0.2899742473098563,0.04381242576168805,0.999660849571228
1986,4045,attention,0.24134639008291836,0.06464771669486473,0.9999228715896606
1987,1761,attention,0.155465575488838,0.036156166244197534,0.9999334812164307
1988,266,attention,0.2958455879895671,-0.16428619207235406,0.5002744197845459
1989,4195,attention,0.5603548285174877,0.07879222105158136,0.9997265934944153
1990,1808,attention,0.40685725726150707,0.27729653010564836,0.9724524021148682
1991,3786,attention,0.49313269920171576,0.05142713607625758,0.9997901320457458
1992,3199,attention,0.12447571953137716,0.05600123405456543,0.9999377727508545
1993,2619,attention,0.42221279356939095,0.025601378331581753,0.9995806813240051
1994,2459,attention,0.3047805954561089,0.1771724162425733,0.9987064599990845
1995,3187,attention,0.6161862634207037,0.11676543633538214,0.999652624130249
1996,4531,attention,0.17750035024558505,0.12456371904409025,0.9996719360351562
1997,4355,attention,0.4456466770498082,0.04181140358559787,0.9996660947799683
1998,2725,attention,0.08476406954983047,0.09010678837480753,0.9163215160369873
1999,4573,attention,0.02850229312212039,0.02830630235182933,0.9999277591705322
2000,1913,gradient_x_input,0.30982234912614026,0.039379580815633135,0.9640464782714844
2001,4550,gradient_x_input,-0.10921485113794915,-0.007112355331173603,0.001997587503865361
2002,4424,gradient_x_input,0.09212164621095399,0.0504777612718376,0.9999350309371948
2003,3802,gradient_x_input,0.2570324944598334,0.002919072551386697,0.999940037727356
2004,3867,gradient_x_input,0.3994988107255527,0.07572391714368548,0.9994820952415466
2005,2557,gradient_x_input,0.24524561140467138,0.006906244465533425,0.9273993372917175
2006,2097,gradient_x_input,0.44476211730847665,0.02453864056546733,0.9994489550590515
2007,3546,gradient_x_input,0.5743467612273254,0.144038274364416,0.9813790321350098
2008,2808,gradient_x_input,0.05880202431427805,0.04691563154521741,0.9999333620071411
2009,893,gradient_x_input,0.39288741577479797,0.038823215985449695,0.999656081199646
2010,674,gradient_x_input,0.3939015425064347,0.07735042477195914,0.9997472167015076
2011,4329,gradient_x_input,0.5319017074923681,0.07918983247391014,0.9996517896652222
2012,518,gradient_x_input,0.42710283135132093,0.021990303586168988,0.999688982963562
2013,3071,gradient_x_input,0.20403674691915513,0.009483234584331512,0.9998984336853027
2014,1449,gradient_x_input,0.5332534583966907,0.06006283949061138,0.9992088675498962
2015,2475,gradient_x_input,0.38084083001898683,0.0449212836506574,0.9996045231819153
2016,2224,gradient_x_input,0.4745023966941517,0.07209036853309954,0.9989407658576965
2017,3008,gradient_x_input,0.8107235108239009,0.01796300223340159,0.9734869599342346
2018,2799,gradient_x_input,0.3564792575855409,0.05593791748246839,0.9994932413101196
2019,3455,gradient_x_input,0.5982178249122465,0.08753979797748958,0.9956005811691284
2020,2715,gradient_x_input,0.15070668348046237,0.005970995093500892,0.9999409914016724
2021,1799,gradient_x_input,0.5044711010339551,0.04417628603867996,0.9995501637458801
2022,1476,gradient_x_input,0.06657296717166901,0.007724486291408539,0.9999101161956787
2023,3045,gradient_x_input,-0.2381920921003544,-0.17462236695236674,0.0033377408981323242
2024,191,gradient_x_input,0.5491707578149377,0.048271551956327596,0.9994246959686279
2025,1612,gradient_x_input,0.5694170018094916,0.12782444345743157,0.9993771910667419
2026,3501,gradient_x_input,0.18301313122113547,0.002313294013341268,0.999932050704956
2027,2706,gradient_x_input,0.03150879542032878,0.005356784661610921,0.9999209642410278
2028,788,gradient_x_input,0.3400652038084494,0.048294311036934726,0.9998164772987366
2029,2721,gradient_x_input,-0.3464222380425781,-0.034164556394292354,0.03670880198478699
2030,2543,gradient_x_input,0.13738276561101279,0.00483347475528717,0.9998431205749512
2031,4425,gradient_x_input,0.6010272552121023,0.05757278832606971,0.9983136653900146
2032,4154,gradient_x_input,0.08496069349348545,0.0013896496966481209,0.9999288320541382
2033,169,gradient_x_input,0.4403368253793035,0.025721108061926706,0.9956911206245422
2034,1657,gradient_x_input,0.08414742215113206,0.0051005523313175545,0.9999197721481323
2035,3040,gradient_x_input,0.0702843467394511,0.0062459560862758706,0.9999281167984009
2036,269,gradient_x_input,0.584594670137981,0.022965170443058014,0.9997387528419495
2037,1775,gradient_x_input,0.18397664685140958,0.006800070405006409,0.9999408721923828
2038,3229,gradient_x_input,0.8349035451107699,0.020772281872189564,0.9996691942214966
2039,4496,gradient_x_input,-0.0011387806514213826,0.15578262867598697,0.5336947441101074
2040,1064,gradient_x_input,0.491693626829358,0.16888975467381262,0.9995169639587402
2041,4134,gradient_x_input,0.6669630117507445,0.06592948903778086,0.9993343949317932
2042,4000,gradient_x_input,0.21931200907115014,0.030765061416933612,0.9998181462287903
2043,609,gradient_x_input,-0.14358213114421772,-0.009953014508129045,8.936723315855488e-05
2044,2710,gradient_x_input,0.29074019715189936,0.039111563563346864,0.999342143535614
2045,3460,gradient_x_input,0.4304702946622121,0.028496873221899335,0.9992105960845947
2046,1803,gradient_x_input,0.5707916731184179,0.026015705953944812,0.9879414439201355
2047,1918,gradient_x_input,0.3217143064022672,0.009847902521795156,0.9999196529388428
2048,3197,gradient_x_input,0.5999467163579538,0.17374107824871315,0.7165399193763733
2049,1737,gradient_x_input,0.3233779665421356,0.07813595607876778,0.9996875524520874
2050,4435,gradient_x_input,0.5601457988106927,0.013568407920903938,0.9702183604240417
2051,3750,gradient_x_input,0.7181975839405574,0.03456574780019847,0.9977245926856995
2052,3966,gradient_x_input,0.4083503004908562,0.10758682131767273,0.999671459197998
2053,365,gradient_x_input,0.4614697059746398,0.11372203070150558,0.9997536540031433
2054,4053,gradient_x_input,0.10702748329211505,0.010871055798652845,0.9999328851699829
2055,2066,gradient_x_input,0.16760510760684347,0.052883997142618135,0.9999006986618042
2056,1852,gradient_x_input,0.44780995777329885,0.02595044531532236,0.9996596574783325
2057,2703,gradient_x_input,0.22849384388502905,0.012768876903197345,0.9998611211776733
2058,487,gradient_x_input,0.659781728046281,0.026657861471176148,0.9997428059577942
2059,4055,gradient_x_input,0.04490976780653,0.012550680587689081,0.9999164342880249
2060,4475,gradient_x_input,0.34357899667408603,0.05909664413103691,0.996290922164917
2061,3348,gradient_x_input,0.5532159841774652,0.06543509367232521,0.9995805621147156
2062,351,gradient_x_input,0.39433515934567703,0.05351707849063372,0.9996340274810791
2063,2509,gradient_x_input,0.1964058356900369,0.010884823337677986,0.9999287128448486
2064,4030,gradient_x_input,0.186621630564332,0.11719803605228662,0.9999308586120605
2065,1650,gradient_x_input,0.0966914652482323,0.006284987149031266,0.9999227523803711
2066,2653,gradient_x_input,0.10878905541491958,0.0030405791300647665,0.9995224475860596
2067,4285,gradient_x_input,0.29483387991786003,0.19671416593700997,0.9999098777770996
2068,1468,gradient_x_input,0.31089662055455847,0.07030943827703595,0.9996987581253052
2069,2998,gradient_x_input,0.27414751797914505,0.022531089186668397,0.9999412298202515
2070,1270,gradient_x_input,-0.16502209100872278,0.1992550129052688,0.3821588456630707
2071,297,gradient_x_input,0.49808767810463905,0.03735738371809324,0.9994295239448547
2072,2019,gradient_x_input,0.11437265850879529,0.0037496156162685817,0.9999343156814575
2073,629,gradient_x_input,0.5081164288154293,0.09487856035270999,0.9994656443595886
2074,1944,gradient_x_input,0.274203633446069,0.021283530940612156,0.9997997879981995
2075,953,gradient_x_input,0.08317510862099498,0.007298020940077932,0.9999110698699951
2076,466,gradient_x_input,0.27612235490232706,0.07330460753291845,0.9998910427093506
2077,2200,gradient_x_input,0.5816622185242444,0.39594565178065194,0.8480513691902161
2078,728,gradient_x_input,0.31048502248119225,0.005137001926248724,0.9999403953552246
2079,3376,gradient_x_input,0.6251997835934162,0.032873480989221944,0.9968926310539246
2080,4549,gradient_x_input,0.5542633884348148,0.07036780106813409,0.996188223361969
2081,72,gradient_x_input,0.42041834275568685,0.33028637817962236,0.9978064894676208
2082,4,gradient_x_input,0.26828376818051997,0.06718348599276802,0.9996585845947266
2083,1098,gradient_x_input,0.6610084591383064,0.0995910845294192,0.9995033740997314
2084,2726,gradient_x_input,0.5371265416592359,0.03797966435551643,0.9997115731239319
2085,2921,gradient_x_input,0.10628232785633632,0.004818057730084374,0.9999171495437622
2086,2531,gradient_x_input,0.03884683225465858,0.004645838685657667,0.9999303817749023
2087,2614,gradient_x_input,0.01806920862966968,0.001627449066408219,0.9999135732650757
2088,2434,gradient_x_input,0.5078832535394306,-0.09742451401363159,0.8290476202964783
2089,3111,gradient_x_input,0.4322190613162761,0.051158348060384086,0.9962059259414673
2090,3615,gradient_x_input,0.3494127852955253,0.03346548369829205,0.9993610978126526
2091,3063,gradient_x_input,0.7081149364239536,0.08332538302056491,0.9996111989021301
2092,1385,gradient_x_input,0.22072388041350577,0.057885541684097715,0.9997604489326477
2093,128,gradient_x_input,-0.27905273211236375,-0.20419112698007852,0.03106658160686493
2094,1030,gradient_x_input,0.4469103917852044,0.0416560479812324,0.9984509944915771
2095,16,gradient_x_input,0.13746128996213278,-0.05084377606709798,0.9398430585861206
2096,670,gradient_x_input,0.4233744422143156,0.02678301975582585,0.9995827078819275
2097,3743,gradient_x_input,0.555036574991983,0.04367367793307748,0.9997292160987854
2098,2202,gradient_x_input,0.22814346777361838,0.03946801500264988,0.9857751131057739
2099,1615,gradient_x_input,0.2299843254761818,0.05049115830124953,0.9997183680534363
2100,1558,gradient_x_input,0.0595205552302874,0.0042150971981195304,0.9999116659164429
2101,3953,gradient_x_input,0.5885852960176593,0.38447822326981074,0.7810810804367065
2102,304,gradient_x_input,0.7992118630631297,0.051395172143683714,0.9994953870773315
2103,4004,gradient_x_input,0.27100921226175206,0.008198675356413188,0.9999371767044067
2104,4547,gradient_x_input,0.7905054780286412,0.047630439490772954,0.9993477463722229
2105,1247,gradient_x_input,0.4611277839913964,0.01917564444243908,0.9946687817573547
2106,3136,gradient_x_input,0.5052669340641134,0.17985491599473688,0.9997362494468689
2107,1220,gradient_x_input,0.7388646600343156,0.017250310564250276,0.9997267127037048
2108,3261,gradient_x_input,0.6083116694010743,0.004888174268934462,0.9999014139175415
2109,1611,gradient_x_input,0.3051844330934378,0.201657521386201,0.9982717037200928
2110,1181,gradient_x_input,0.48227994988361994,0.04281868032283253,0.9996659755706787
2111,2797,gradient_x_input,-0.24499142479295474,-0.10330867146407591,0.00019225910364184529
2112,610,gradient_x_input,0.7393269180888082,0.057486684765757586,0.999693751335144
2113,3751,gradient_x_input,0.4960544016776663,0.05564453169195489,0.7975795269012451
2114,2248,gradient_x_input,0.6455151878106289,0.052208285683240645,0.9996805191040039
2115,99,gradient_x_input,0.7297811896393174,0.024473132467583605,0.9995905756950378
2116,3781,gradient_x_input,0.015054185139505486,0.007588745732056468,0.9999294281005859
2117,225,gradient_x_input,0.5126064815537094,0.011695895124884212,0.9999325275421143
2118,2103,gradient_x_input,0.5713424375410088,0.025720701242486637,0.9996618032455444
2119,2836,gradient_x_input,0.2930925597050568,0.06886606758869276,0.9986333250999451
2120,2924,gradient_x_input,0.02814248567674218,0.004589655050417272,0.9999192953109741
2121,2859,gradient_x_input,-0.3820299738470246,-0.3394058063174324,0.18755033612251282
2122,2782,gradient_x_input,0.46994334287368333,0.2209173111842131,0.9990673661231995
2123,515,gradient_x_input,0.28131542012498184,0.008335052309809503,0.9999377727508545
2124,1951,gradient_x_input,0.42721309503301597,0.05482129731143896,0.995648205280304
2125,3869,gradient_x_input,0.34853437312154306,0.31937040663583,0.9993947744369507
2126,2263,gradient_x_input,0.6416829660707718,0.0873607313260436,0.9874914884567261
2127,4006,gradient_x_input,0.24584273621439934,0.08508614947398503,0.9417631030082703
2128,4522,gradient_x_input,0.29727692902088165,0.1588716235710308,0.9997182488441467
2129,2137,gradient_x_input,0.14123029781110358,0.052061246200041336,0.9998064637184143
2130,3673,gradient_x_input,0.5944296418214744,0.03004401922225952,0.9996435642242432
2131,1707,gradient_x_input,-0.06798943848947861,0.03843465776870809,0.20612700283527374
2132,314,gradient_x_input,0.09013457167638492,0.0027184690514655964,0.9999315738677979
2133,1924,gradient_x_input,0.6723968629171226,0.059775393870141774,0.9259030222892761
2134,2247,gradient_x_input,0.5076173437493188,0.1345102041952833,0.9933045506477356
2135,3901,gradient_x_input,0.4791811968004981,0.03284180892068286,0.9995620846748352
2136,1847,gradient_x_input,0.7169157271978982,0.027828713258107502,0.9998868703842163
2137,1725,gradient_x_input,0.1159491248619862,0.006186474592257769,0.9999393224716187
2138,3547,gradient_x_input,-0.09399508408528016,-0.005219268336546638,0.002863348228856921
2139,4558,gradient_x_input,0.22243962188561758,0.022020181351237827,0.9996986389160156
2140,3403,gradient_x_input,0.40297598843561844,0.04116825608814016,0.9991374015808105
2141,3007,gradient_x_input,0.8635162567570329,0.20036912860391154,0.98827064037323
2142,2961,gradient_x_input,0.40404316084459424,0.05313562578521669,0.9993306398391724
2143,3591,gradient_x_input,0.3777807219063534,0.0822589692166623,0.9997499585151672
2144,571,gradient_x_input,0.4287629366852343,0.08127056863158941,0.9991412162780762
2145,4041,gradient_x_input,0.5901668800455001,0.03238761259449853,0.9997161030769348
2146,2629,gradient_x_input,0.314721585384437,0.02195175275916145,0.9997896552085876
2147,3121,gradient_x_input,0.6881049490449104,0.04453832842409611,0.9996071457862854
2148,2701,gradient_x_input,0.3807468870871289,0.04533465691777163,0.9986948370933533
2149,3101,gradient_x_input,0.3793193499247233,0.053046105084595854,0.9994015693664551
2150,1863,gradient_x_input,0.3109278608770931,0.009286582469940186,0.9998990297317505
2151,2908,gradient_x_input,0.03297986263452574,0.004625915094863537,0.9999340772628784
2152,4456,gradient_x_input,0.36596546237441624,0.2611890276153149,0.9922770261764526
2153,3230,gradient_x_input,0.21652847034140274,0.12714806435486445,0.999098539352417
2154,2399,gradient_x_input,0.6434234883636236,0.11535868281498551,0.9969344139099121
2155,3447,gradient_x_input,0.07113250195980073,0.00907549262046814,0.9999314546585083
2156,1522,gradient_x_input,0.34203420850363647,0.026671750978990036,0.9997768998146057
2157,3295,gradient_x_input,0.5916397048160433,0.06525861695408822,0.9882568717002869
2158,495,gradient_x_input,0.36435325777060107,0.01957398966739052,0.9994595646858215
2159,317,gradient_x_input,0.5067816673127828,0.07612217393405032,0.9997891783714294
2160,4319,gradient_x_input,0.17304437557856242,0.009967100620269776,0.9999147653579712
2161,2583,gradient_x_input,0.7739941930243125,0.19408232731123765,0.8274156451225281
2162,4536,gradient_x_input,0.36729748029675746,0.0557998592654864,0.9978781938552856
2163,551,gradient_x_input,0.47856244987443736,0.09779045034361922,0.9997945427894592
2164,950,gradient_x_input,0.6262947759623158,0.017521919489934527,0.9994804263114929
2165,2681,gradient_x_input,0.32592108855779106,0.01466917830544549,0.9999220371246338
2166,1720,gradient_x_input,0.28952421857552096,0.006643279032273726,0.9999356269836426
2167,3845,gradient_x_input,0.07978672087192536,0.01602069437503815,0.9999325275421143
2168,1653,gradient_x_input,0.662919143406907,0.11855505439452826,0.9996042847633362
2169,1475,gradient_x_input,0.678998132958674,0.023532053790031336,0.9997835755348206
2170,826,gradient_x_input,0.40851533327783857,0.025373831391334534,0.9995926022529602
2171,2235,gradient_x_input,0.2758895502640651,0.05747118592262268,0.999569833278656
2172,1061,gradient_x_input,0.4325059410184622,0.04301353417336941,0.9787567257881165
2173,2353,gradient_x_input,0.16223321475234687,0.0035953708723479626,0.9999254941940308
2174,2771,gradient_x_input,0.18791115127111735,0.007853462507850245,0.9999061822891235
2175,3467,gradient_x_input,0.35461314475616895,0.12652917921140389,0.9314789772033691
2176,1672,gradient_x_input,0.11829451451430449,0.018767393924094534,0.9999165534973145
2177,4093,gradient_x_input,0.6274825154493252,0.05192847467131085,0.9991058707237244
2178,2772,gradient_x_input,0.4477855993900448,0.08470174274407327,0.9991812109947205
2179,1352,gradient_x_input,0.2816230696108606,0.036231398582458496,0.9998832941055298
2180,1168,gradient_x_input,0.07149906050075185,0.0027704065496271307,0.9999322891235352
2181,1928,gradient_x_input,0.7447717884154473,0.049862497713830736,0.9986489415168762
2182,2714,gradient_x_input,0.07818076360272244,-0.36488704174757003,0.11479184031486511
2183,3211,gradient_x_input,0.3321158513210194,0.049139671406687,0.9995595812797546
2184,4227,gradient_x_input,0.4667490101174304,0.02136918954681932,0.9997430443763733
2185,2379,gradient_x_input,0.16735921502113343,0.00843491405248642,0.9999288320541382
2186,3649,gradient_x_input,0.8265360060413918,0.06507119341856904,0.9995450377464294
2187,3624,gradient_x_input,0.1875649912328255,0.00711922238512737,0.9999358654022217
2188,3790,gradient_x_input,0.18694371967873674,0.051903177924612735,0.999904990196228
2189,1898,gradient_x_input,0.1862574482247943,0.0071080511524563746,0.9999339580535889
2190,1664,gradient_x_input,0.5840472340779869,0.0994802974164486,0.9989643096923828
2191,3412,gradient_x_input,0.19475367826384468,0.008409538784542599,0.9999347925186157
2192,4179,gradient_x_input,0.3231278939793507,0.1308125081161658,0.9941614270210266
2193,32,gradient_x_input,0.6098975110082672,0.09560716410095875,0.9821522831916809
2194,1218,gradient_x_input,0.08757581102087143,0.003919064998626709,0.9999226331710815
2195,2565,gradient_x_input,0.007629362673595034,0.0018213627667262636,0.9999243021011353
2196,2385,gradient_x_input,0.6167954191565513,0.003944928646087646,0.9999302625656128
2197,2592,gradient_x_input,0.5791233992120917,0.0795196024301861,0.9977458119392395
2198,3443,gradient_x_input,0.12239604815840721,0.015521300335725149,0.9997656941413879
2199,3365,gradient_x_input,0.2697724245096508,0.025922446658736782,0.9999244213104248
2200,338,gradient_x_input,0.6401527221314609,0.08759951120928715,0.9987408518791199
2201,1346,gradient_x_input,0.40515976181874674,0.13203828492098385,0.9936249256134033
2202,4523,gradient_x_input,0.6127823794454512,0.03596258501487749,0.9980921149253845
2203,4054,gradient_x_input,0.681279670361447,-0.0017436496772856083,0.9510001540184021
2204,1577,gradient_x_input,0.2205003002222548,0.025768049536867343,0.9997733235359192
2205,1123,gradient_x_input,0.5401191065564405,0.030807486367087033,0.9992254972457886
2206,3777,gradient_x_input,-0.23457256603925938,0.019558238475574106,0.03357516974210739
2207,752,gradient_x_input,0.0264412099900453,0.04854803176029869,0.9999350309371948
2208,681,gradient_x_input,0.33169504373588343,0.03084043904461644,0.9996629953384399
2209,4433,gradient_x_input,0.5035532378640614,0.13431482240680212,0.999805748462677
2210,1904,gradient_x_input,0.359426114404274,-0.09401180122334224,0.4504333734512329
2211,2342,gradient_x_input,0.3540981642293687,0.023926166019269397,0.99979168176651
2212,2364,gradient_x_input,0.044973209500312805,0.025270129130645233,0.9999332427978516
2213,778,gradient_x_input,0.4893328650712462,0.06090006001798783,0.9087198972702026
2214,3001,gradient_x_input,0.5647899607958441,0.07964844578369097,0.9997116923332214
2215,3200,gradient_x_input,0.4277563507325555,0.05372532457113266,0.9997715353965759
2216,3921,gradient_x_input,0.45618524253016934,0.019889308245114562,0.9997405409812927
2217,3545,gradient_x_input,0.43730668570188913,0.05502096651231542,0.961864173412323
2218,542,gradient_x_input,0.025769593034471783,0.07420142740011215,0.9996552467346191
2219,2272,gradient_x_input,0.5165199520687263,0.05856952721046077,0.9994385838508606
2220,391,gradient_x_input,0.8240990364237836,0.17693930478733882,0.9939079284667969
2221,1979,gradient_x_input,-0.2775818241201341,-0.1873040948808193,0.08030615746974945
2222,1150,gradient_x_input,0.8565987408219371,0.08655148325487971,0.9544633030891418
2223,149,gradient_x_input,0.049603659766060966,0.017045446804591587,0.9999338388442993
2224,2570,gradient_x_input,0.4490901078005615,0.0468214881655417,0.9997407793998718
2225,927,gradient_x_input,0.590377618342505,0.030701558105647564,0.9993878602981567
2226,4017,gradient_x_input,0.23651318568171878,0.011883618253650087,0.9998778104782104
2227,1398,gradient_x_input,0.7117550591047963,0.01941491418755522,0.9997422099113464
2228,3635,gradient_x_input,0.5795882139354944,0.04502993369741099,0.9997974038124084
2229,505,gradient_x_input,0.2648308344425694,0.034266589149352045,0.9999276399612427
2230,3423,gradient_x_input,0.6928339913391914,0.11539404476300263,0.9711435437202454
2231,3247,gradient_x_input,0.29540705246229965,0.012685095270474752,0.9999269247055054
2232,1895,gradient_x_input,0.5498993907434245,0.027827453282144334,0.9992431402206421
2233,2286,gradient_x_input,0.40525510289839334,0.025935137271881105,0.9997827410697937
2234,4232,gradient_x_input,0.2905513109225366,0.06325867265048954,0.9912011623382568
2235,2595,gradient_x_input,0.3335404768586159,0.026847761124372482,0.999797523021698
2236,1770,gradient_x_input,0.22794608812074404,0.008474419245848784,0.9999250173568726
2237,1267,gradient_x_input,0.21606689465768408,0.12000721944125624,0.9974930286407471
2238,3124,gradient_x_input,-0.021615579166488413,-0.31336558356203814,0.02968371845781803
2239,2125,gradient_x_input,0.32693294453478994,0.02567802458291962,0.9993288516998291
2240,1659,gradient_x_input,0.49672962981276214,0.09850573020048614,0.9995197057723999
2241,2909,gradient_x_input,0.27241942547261716,0.04412712790071964,0.9995369911193848
2242,1765,gradient_x_input,0.4064957572845742,0.07461193221388385,0.9996777772903442
2243,1560,gradient_x_input,0.4576663955266835,0.09236384956736346,0.7586172223091125
2244,2967,gradient_x_input,0.107217561867502,0.02136838436126709,0.9999127388000488
2245,1416,gradient_x_input,0.4159436968757826,0.05317409511874704,0.9996176958084106
2246,1630,gradient_x_input,0.32207654948745457,0.05418525231736047,0.9992948770523071
2247,449,gradient_x_input,0.5347287206542354,0.030268227811469588,0.9996140599250793
2248,152,gradient_x_input,0.7728919410684919,0.19527517881174133,0.9958680868148804
2249,211,gradient_x_input,0.5926026942851466,0.03939648859557651,0.9996917247772217
2250,2032,gradient_x_input,0.5372094035639228,0.034983984676987996,0.9982683658599854
2251,902,gradient_x_input,0.43046326944246316,0.03691853563754986,0.9995760321617126
2252,3436,gradient_x_input,0.5888063344629239,0.07926945969351192,0.9944562315940857
2253,3198,gradient_x_input,0.2757955305278301,0.03174021065235138,0.9997273087501526
2254,57,gradient_x_input,-0.2681294030103928,-0.3667209322253863,0.3667914569377899
2255,3164,gradient_x_input,0.09309264491586124,0.00777279629426844,0.9999340772628784
2256,4303,gradient_x_input,-0.3220320914515469,-0.056825468579537554,0.001042672898620367
2257,1927,gradient_x_input,0.41065713742540944,0.040256061487727694,0.999768078327179
2258,3206,gradient_x_input,0.16746443751695994,0.008796136121492128,0.9999173879623413
2259,3388,gradient_x_input,0.40059532258998265,0.27287979485382413,0.9987599849700928
2260,816,gradient_x_input,0.14970396707455316,0.012309684107700983,0.9999394416809082
2261,3284,gradient_x_input,0.23318052135015788,0.010478888687334563,0.9999366998672485
2262,2765,gradient_x_input,0.6296182476843779,0.019673740706191614,0.9997808337211609
2263,3970,gradient_x_input,0.09186680850229766,0.008173338676753798,0.9998588562011719
2264,885,gradient_x_input,0.3188633755696091,0.0587768414650451,0.9996283054351807
2265,249,gradient_x_input,0.6185557635861539,0.06003995624280745,0.9996722936630249
2266,2203,gradient_x_input,0.3653709484620931,0.02837808216188816,0.9986516833305359
2267,3115,gradient_x_input,0.19536254391437624,0.004840686553862036,0.9999405145645142
2268,2341,gradient_x_input,0.1791394131128178,0.008245440416557843,0.999940037727356
2269,4132,gradient_x_input,0.3814382832145916,0.23839827599706795,0.952293336391449
2270,1781,gradient_x_input,0.05080288151899973,0.005435465524593989,0.999897837638855
2271,4488,gradient_x_input,0.19985329845677252,0.004745260528896166,0.9999198913574219
2272,44,gradient_x_input,0.26690847942462337,0.08351869699664605,0.9997947812080383
2273,2390,gradient_x_input,0.5170184845725695,0.03683360666036606,0.9996523857116699
2274,286,gradient_x_input,0.2256467336450111,0.10090391879731958,0.9993798732757568
2275,1094,gradient_x_input,0.49789017361571203,0.09082533584310198,0.9890894293785095
2276,1962,gradient_x_input,0.2871151031816707,0.03553682799432792,0.9997689127922058
2277,4530,gradient_x_input,0.5648945026644846,0.11238773192120034,0.9996106028556824
2278,202,gradient_x_input,0.10871822357177735,0.012107195854187012,0.9994975328445435
2279,237,gradient_x_input,0.1357817248157833,0.004805535078048706,0.999850869178772
2280,2519,gradient_x_input,0.7599594147603322,0.07106097905737598,0.9993638396263123
2281,3870,gradient_x_input,0.5960061475634575,0.07135498103703938,0.9977250695228577
2282,1108,gradient_x_input,-0.42047347705374705,-0.0218328438777462,0.00018701479712035507
2283,2449,gradient_x_input,0.3633855642641292,0.057136491817586565,0.9996224641799927
2284,2525,gradient_x_input,0.32826791582880793,0.024234294488623336,0.9997791647911072
2285,357,gradient_x_input,0.596316802740583,0.06207950397030167,0.9797533750534058
2286,736,gradient_x_input,0.3415756613016129,0.01584141453107198,0.9999127388000488
2287,3918,gradient_x_input,0.06590121537446976,0.022299057245254515,0.9999202489852905
2288,3848,gradient_x_input,0.08161631629273698,0.008013225890494682,0.9999294281005859
2289,1953,gradient_x_input,0.5121837539066162,0.15687957871705294,0.9960936903953552
2290,1131,gradient_x_input,0.7865954093326258,0.1497870460152626,0.8859970569610596
2291,261,gradient_x_input,0.03827713926633199,0.003085656298531426,0.9999376535415649
2292,3113,gradient_x_input,0.2226388144493103,0.2694117647409439,0.9989184141159058
2293,379,gradient_x_input,0.5748461957307572,0.019940101878440128,0.9996964931488037
2294,4263,gradient_x_input,0.6537623952548856,0.047177243213622995,0.9997733235359192
2295,1521,gradient_x_input,0.5492905320392715,0.021228887071764027,0.9997854828834534
2296,1006,gradient_x_input,0.27445095280806225,0.00554189620873867,0.9999394416809082
2297,2099,gradient_x_input,0.6622651583719544,0.11177185096028375,0.9996212720870972
2298,4293,gradient_x_input,0.22720120208603994,0.009497172491891043,0.9999294281005859
2299,436,gradient_x_input,0.1424165562941478,0.020375715998502877,0.9994258880615234
2300,368,gradient_x_input,0.6492978566636641,0.061758533120155334,0.9812131524085999
2301,3335,gradient_x_input,0.18474730057641864,0.0311061586253345,0.9994614720344543
2302,3450,gradient_x_input,0.31624334730034653,0.011005993845850923,0.9562457799911499
2303,939,gradient_x_input,0.418770558702258,0.04310016198708051,0.9997876286506653
2304,3596,gradient_x_input,0.5215692031692635,0.03924464022225522,0.9997244477272034
2305,4027,gradient_x_input,0.23641521871710816,0.00414678081870079,0.99993896484375
2306,4056,gradient_x_input,0.0915513185032627,0.0015941941947267768,0.9999409914016724
2307,3946,gradient_x_input,0.4379085166085708,0.04318622274226264,0.9994204044342041
2308,1429,gradient_x_input,0.43137352044383687,0.012025920244363638,0.9995761513710022
2309,3847,gradient_x_input,0.3298534139039669,0.04384346227062509,0.9996820688247681
2310,1195,gradient_x_input,0.36418655921795196,0.046137502762458975,0.9880417585372925
2311,1003,gradient_x_input,0.6328500135829533,0.05040065399301586,0.9997404217720032
2312,1465,gradient_x_input,0.31683059251970713,0.025986469123098585,0.9996582269668579
2313,2308,gradient_x_input,0.9361264234006698,0.18405841287905025,0.9997614026069641
2314,250,gradient_x_input,-0.03333386711569296,-0.015262747137846115,0.2267824411392212
2315,1579,gradient_x_input,0.49913528394067613,0.04096123321754176,0.9956309795379639
2316,3954,gradient_x_input,0.27192760137624516,0.006785897321479265,0.9999417066574097
2317,1105,gradient_x_input,0.2354950765768687,-0.00890280654033025,0.9329100847244263
2318,3569,gradient_x_input,0.7155361004375123,0.10300223630671294,0.9985590577125549
2319,3943,gradient_x_input,0.2701523224703776,0.05679104391198892,0.9352025389671326
2320,1610,gradient_x_input,0.47395947276864475,0.04038947711630565,0.9997870326042175
2321,3003,gradient_x_input,0.09751081129290023,0.002334573358859656,0.999936580657959
2322,2100,gradient_x_input,0.63792988362327,0.06662983989173715,0.9997678399085999
2323,403,gradient_x_input,0.46586323072287167,0.026912711645391853,0.9727258682250977
2324,2746,gradient_x_input,0.5188228018257929,0.0752447503618896,0.9949716329574585
2325,4535,gradient_x_input,0.3307193208168796,0.02074026419444287,0.9998130202293396
2326,1022,gradient_x_input,0.28985231555998325,0.017520975321531296,0.9999343156814575
2327,1764,gradient_x_input,0.3724472468925847,0.23670094994910565,0.999531626701355
2328,2231,gradient_x_input,0.27137298323214054,0.015603512525558472,0.9999216794967651
2329,3830,gradient_x_input,0.5275803684489802,0.024235008843243123,0.9994798302650452
2330,3357,gradient_x_input,0.13086152440164148,0.007569298511598169,0.9999380111694336
2331,1154,gradient_x_input,0.2969951285492806,0.04501616275159731,0.9997674822807312
2332,4461,gradient_x_input,0.11307319086425159,0.003857688027985242,0.999925971031189
2333,4356,gradient_x_input,0.42301515692516284,0.05024065715534722,0.9884882569313049
2334,1788,gradient_x_input,0.5438431347815358,0.037610797553646325,0.9775946736335754
2335,813,gradient_x_input,0.7744763841231664,0.10536294709891081,0.9953723549842834
2336,344,gradient_x_input,0.39141046568854815,0.15777995292511252,0.9997469782829285
2337,1353,gradient_x_input,0.3333887707280076,0.04118037320997404,0.9959602952003479
2338,3951,gradient_x_input,0.2512441514706125,0.026301444185023407,0.9999208450317383
2339,2427,gradient_x_input,0.2481660999002911,0.009196437540508452,0.9998633861541748
2340,3287,gradient_x_input,0.6324124628356205,0.11490091867744923,0.9947953820228577
2341,1226,gradient_x_input,0.17843551170535205,0.01756979052613421,0.9998615980148315
2342,1678,gradient_x_input,0.29631128763923276,0.028261507359834816,0.9995608925819397
2343,2941,gradient_x_input,0.32622086783734766,0.008110937548846734,0.999510645866394
2344,1740,gradient_x_input,0.013147883298920422,0.015289531975257687,0.9999262094497681
2345,168,gradient_x_input,0.5303356608206575,0.057182040607387366,0.9996610879898071
2346,4577,gradient_x_input,0.48719761556968455,0.06800020077243084,0.9994586110115051
2347,1363,gradient_x_input,0.22417931718130907,0.30216760814364535,0.9998170733451843
2348,853,gradient_x_input,0.35512862652540206,0.03446044862270355,0.9996707439422607
2349,387,gradient_x_input,0.6356890925991476,0.01882804579594556,0.9996510744094849
2350,3356,gradient_x_input,0.5571640084187189,0.0880867861920879,0.998764157295227
2351,3746,gradient_x_input,0.7091461799167463,0.08524356372689715,0.9961488246917725
2352,3411,gradient_x_input,0.18405951521335503,0.007726002962161333,0.9998961687088013
2353,880,gradient_x_input,0.695169838994237,0.11906600976362824,0.9992817044258118
2354,3464,gradient_x_input,0.4717543874479209,0.0611040951346998,0.9997746348381042
2355,1034,gradient_x_input,0.22331138650576274,0.006492842568291558,0.9996588230133057
2356,3564,gradient_x_input,0.4376097404144027,0.03166156993670897,0.9997032284736633
2357,84,gradient_x_input,0.535066602920944,0.05083315074443817,0.9995858073234558
2358,3903,gradient_x_input,0.4165032257118987,0.05883726870848073,0.9993438124656677
2359,1772,gradient_x_input,0.46877146173372036,0.0127565355764495,0.9610466361045837
2360,42,gradient_x_input,0.3690438785336234,0.10282315449281172,0.9146188497543335
2361,4097,gradient_x_input,0.5638388195277556,0.18554810588450535,0.9793807864189148
2362,2943,gradient_x_input,0.4933270597114013,0.03484207563675367,0.9995664954185486
2363,4262,gradient_x_input,0.5322044970603977,0.05272939069787177,0.9997207522392273
2364,3099,gradient_x_input,-0.027493096730747336,-0.07126321028162902,0.007520559709519148
2365,3982,gradient_x_input,0.5062896485359948,0.07199106455125191,0.977266788482666
2366,3797,gradient_x_input,0.6639994494120789,0.18612197265945007,0.966303825378418
2367,1730,gradient_x_input,0.49874311251650477,0.04109561765058474,0.9996324777603149
2368,2616,gradient_x_input,0.35182922607974004,0.21979352160307922,0.9995546936988831
2369,476,gradient_x_input,0.4054179838435216,0.08905894496151573,0.9997815489768982
2370,1489,gradient_x_input,0.5452784216841048,0.01810413913970644,0.999782383441925
2371,2295,gradient_x_input,0.6351369786723631,0.07771114237243082,0.9995661377906799
2372,468,gradient_x_input,0.40670612421430025,0.056149537209421396,0.9995942711830139
2373,3608,gradient_x_input,0.3897742201489481,0.08373109691522339,0.9273435473442078
2374,4098,gradient_x_input,0.2311257789047753,0.07664291778715646,0.9984337687492371
2375,1874,gradient_x_input,0.44243177585303783,0.022989361768677122,0.9997912049293518
2376,290,gradient_x_input,0.6283693064004183,0.03170723562890833,0.9997487664222717
2377,383,gradient_x_input,0.1806599315829002,0.001640911285693829,0.9999401569366455
2378,3175,gradient_x_input,0.4890876360237598,0.024119547009468077,0.9997592568397522
2379,4501,gradient_x_input,-0.17434436041091023,-0.03135803259973382,0.07899896800518036
2380,3622,gradient_x_input,0.300884193869327,0.038266593643042836,0.35742297768592834
2381,2034,gradient_x_input,0.019993453655602796,0.007408535705422456,0.9999349117279053
2382,363,gradient_x_input,0.5971444081515074,0.06754447519779205,0.9986516833305359
2383,3374,gradient_x_input,0.44334334171577994,0.056799008419700696,0.9990923404693604
2384,1640,gradient_x_input,0.48815072934294856,0.02495927294326383,0.9997460246086121
2385,1448,gradient_x_input,0.5278122783497428,0.06174591899087483,0.996951699256897
2386,957,gradient_x_input,0.6173433575592935,0.040624349154531954,0.9997989535331726
2387,4028,gradient_x_input,0.4859856912815893,0.28439261422907886,0.9991269707679749
2388,3583,gradient_x_input,0.7844972680353461,0.024014183761257874,0.9997730851173401
2389,3657,gradient_x_input,0.5736746191978455,0.10090679123997688,0.9996546506881714
2390,4436,gradient_x_input,0.555418397900131,0.033422369923856526,0.998591959476471
2391,3203,gradient_x_input,0.7265345537148061,0.33106546314575963,0.9898536801338196
2392,3487,gradient_x_input,0.6270779234378837,0.07310722491075826,0.9904176592826843
2393,4109,gradient_x_input,0.7773199427818847,0.32100469483495025,0.8805423378944397
2394,197,gradient_x_input,0.11310847194827332,0.004463305278700225,0.999922513961792
2395,3854,gradient_x_input,0.36535696949188906,0.021476234176329205,0.9994151592254639
2396,2128,gradient_x_input,0.3896703789276736,0.06631850797150816,0.9995693564414978
2397,2884,gradient_x_input,0.09454660088408227,0.006571639986599193,0.9999295473098755
2398,213,gradient_x_input,0.5140849898132135,0.08322679363096094,0.9530797004699707
2399,2214,gradient_x_input,-0.024212008146187635,-0.0464109624661285,0.0002876799844671041
2400,3161,gradient_x_input,0.008178190487187082,0.02556473889001986,0.9999369382858276
2401,907,gradient_x_input,0.40234269873768674,0.058784767181849946,0.9997884631156921
2402,2498,gradient_x_input,0.5018727419897914,0.0724748418899253,0.9989238381385803
2403,2197,gradient_x_input,0.5342256719461427,0.06219555867406038,0.9997872710227966
2404,1493,gradient_x_input,0.27347568597863703,0.17011923167635412,0.9992609620094299
2405,176,gradient_x_input,0.578143676583256,0.056513862098966326,0.999524712562561
2406,3451,gradient_x_input,0.15966936133124612,0.016418735186258953,0.999929666519165
2407,2551,gradient_x_input,0.48446337479565826,0.026122955339295522,0.9995612502098083
2408,1829,gradient_x_input,0.01861415234479037,0.016264639117501,0.9999178647994995
2409,4525,gradient_x_input,0.2605087594414244,0.0529175942041436,0.9997960925102234
2410,47,gradient_x_input,0.5502722821399277,0.04283317529103335,0.9997625946998596
2411,2650,gradient_x_input,0.16508191568510874,0.008973608698163714,0.9999330043792725
2412,139,gradient_x_input,0.38357409149069677,0.1027695769444108,0.9989711046218872
2413,2922,gradient_x_input,0.43526912358674136,0.03009333922104402,0.9995997548103333
2414,3642,gradient_x_input,0.5735019764862954,0.06831695304717869,0.9997642636299133
2415,3719,gradient_x_input,0.5258812517755561,0.057538519303003945,0.999159574508667
2416,3053,gradient_x_input,0.4102485081553459,0.13100228011608123,0.9947302341461182
2417,1889,gradient_x_input,0.5893192626535892,0.025565608159491892,0.9997411370277405
2418,1470,gradient_x_input,0.13183896243572235,0.007834709004351967,0.999925971031189
2419,4096,gradient_x_input,0.09173167158256877,0.049717313864014366,0.999144434928894
2420,2293,gradient_x_input,0.16863468434752488,0.018783528630326434,0.9999227523803711
2421,251,gradient_x_input,0.5748592818155884,0.081895512342453,0.9928159713745117
2422,4358,gradient_x_input,0.40106790492554073,0.02327764082861983,0.999430239200592
2423,2791,gradient_x_input,0.43038824914644164,0.057270744893079005,0.9997180104255676
2424,3028,gradient_x_input,0.5095256679587894,0.06292215767833921,0.9995859265327454
2425,215,gradient_x_input,0.1224616403165071,0.04871833972308947,0.9995898604393005
2426,2298,gradient_x_input,0.12219320237636566,0.02014753222465515,0.9998769760131836
2427,1533,gradient_x_input,0.5617109045386315,0.10826186451129616,0.9958590865135193
2428,2852,gradient_x_input,0.3145823186739933,0.03271434438783069,0.9962385892868042
2429,933,gradient_x_input,0.1641946725902103,0.007497207039878482,0.9999364614486694
2430,2679,gradient_x_input,0.3245910584926605,0.04110204428434372,0.9974800944328308
2431,3072,gradient_x_input,0.3027108998762237,0.00923316842979855,0.999914288520813
2432,1681,gradient_x_input,0.29094956862799665,0.06172801348123145,0.9976332187652588
2433,914,gradient_x_input,0.22884469527390697,0.0619454417497881,0.9997227787971497
2434,2306,gradient_x_input,0.1276649832725525,0.01417733209077702,0.9999217987060547
2435,3841,gradient_x_input,0.16756826482321086,0.00596384468831514,0.9999384880065918
2436,3570,gradient_x_input,0.2035408570910945,0.013081622846198805,0.9999055862426758
2437,2211,gradient_x_input,0.4440018171257124,-0.11435202305967157,0.5077521800994873
2438,2857,gradient_x_input,0.05662441185827797,0.17318040612344004,0.2091955542564392
2439,1766,gradient_x_input,0.5283047710406772,0.058037925688993366,0.9994213581085205
2440,498,gradient_x_input,-0.38505428191274405,-0.0015462025185115635,0.013604667969048023
2441,2230,gradient_x_input,0.3400449084183492,0.01971541748692592,0.9997672438621521
2442,884,gradient_x_input,0.5440332613292239,-0.20699445867822283,0.6372222900390625
2443,3275,gradient_x_input,0.3453175834580964,0.24298878992432912,0.9770309329032898
2444,1991,gradient_x_input,0.3889465222756068,0.026137385765711466,0.9999368190765381
2445,3426,gradient_x_input,-0.03493962984497624,-0.004850849971127765,0.000816914951428771
2446,566,gradient_x_input,0.4471235821980077,0.024148188128664688,0.9996308088302612
2447,3457,gradient_x_input,0.6801691494744133,0.02524075091437057,0.9997816681861877
2448,2792,gradient_x_input,0.5225552839989012,0.049866440011696385,0.9993994235992432
2449,4095,gradient_x_input,0.3688771828579215,0.028165549398041688,0.9997488856315613
2450,2257,gradient_x_input,0.27763441910869197,0.028621906904797805,0.9997274279594421
2451,4129,gradient_x_input,-0.2891283021441528,-0.1905970718520361,0.06931323558092117
2452,1606,gradient_x_input,0.2259267951051394,0.0970270070557793,0.9988771080970764
2453,439,gradient_x_input,0.1417332361969683,0.001793136199315389,0.9999281167984009
2454,2737,gradient_x_input,0.4949557907879353,0.10364844044670463,0.9988178610801697
2455,2008,gradient_x_input,0.5500090136219812,0.02680995817794356,0.9982183575630188
2456,3731,gradient_x_input,0.5666288612815349,0.1008458363459162,0.9591206312179565
2457,3519,gradient_x_input,0.41362259299197096,0.019697588967516066,0.9997548460960388
2458,2678,gradient_x_input,0.024176291797472084,0.07394088513177374,0.9997536540031433
2459,4561,gradient_x_input,0.2434718539317449,0.05408378889163335,0.9997255206108093
2460,3617,gradient_x_input,0.6810948174648188,0.31675291735823646,0.8938249349594116
2461,1998,gradient_x_input,-0.284245882148036,-0.017496456998880163,0.002723908284679055
2462,1121,gradient_x_input,0.3309116702188145,0.03581943837079135,0.9996702671051025
2463,2601,gradient_x_input,0.19470674680037933,0.006409191272475503,0.9999405145645142
2464,1261,gradient_x_input,0.08939332228440505,0.020539066730401456,0.9999402761459351
2465,2275,gradient_x_input,0.20531947864219546,-0.21229631789028644,0.5741451382637024
2466,2611,gradient_x_input,0.14342730343341828,0.022695460915565492,0.9998875856399536
2467,844,gradient_x_input,0.40385800936529714,0.08396947047402782,0.9963823556900024
2468,4265,gradient_x_input,0.21995507504629053,0.040340186461158424,0.9969958066940308
2469,27,gradient_x_input,0.5144346161362003,0.03432905666676222,0.9997844099998474
2470,229,gradient_x_input,0.4712541235983372,0.044247201681137084,0.9907850027084351
2471,862,gradient_x_input,0.01484518972310153,0.006602990356358615,0.9999004602432251
2472,3155,gradient_x_input,0.22447351762093604,0.016064979135990143,0.9999397993087769
2473,4039,gradient_x_input,0.7620907497173175,0.05662501640617847,0.9994792342185974
2474,183,gradient_x_input,-0.3070389651270075,-0.09941386456855318,0.20557062327861786
2475,2360,gradient_x_input,0.23963202199628275,0.016108876274478053,0.9999017715454102
2476,2348,gradient_x_input,0.4693545570427721,0.17506071586500516,0.9916976690292358
2477,238,gradient_x_input,0.2642040361057628,0.04699390302553321,0.9829922318458557
2478,3180,gradient_x_input,0.35073789798126026,0.026654417450363573,0.9997753500938416
2479,2581,gradient_x_input,0.5131558300927281,0.03655424261731761,0.9992966651916504
2480,1567,gradient_x_input,0.33457500766962767,0.017971850788364045,0.9997461438179016
2481,2925,gradient_x_input,0.05135383829474449,0.0707198390737176,0.9999390840530396
2482,523,gradient_x_input,0.5172937570272812,0.02719293066433498,0.9997288584709167
2483,1035,gradient_x_input,0.5752540404430112,0.0262602434770481,0.9997546076774597
2484,2402,gradient_x_input,0.2518262485823324,0.025734070808656754,0.9832964539527893
2485,2312,gradient_x_input,0.5747928996053007,0.02618461350599925,0.9992567896842957
2486,1225,gradient_x_input,0.5116185733675956,0.04870311938226223,0.9997814297676086
2487,2069,gradient_x_input,0.0369832592132764,0.022775067732884333,0.9999387264251709
2488,423,gradient_x_input,0.5417336220671605,0.05191579509478111,0.9997726082801819
2489,4427,gradient_x_input,0.34896031943591016,0.04938756576494167,0.9993597865104675
2490,1174,gradient_x_input,0.2961838781470206,0.02340902987776733,0.9992849230766296
2491,1490,gradient_x_input,0.2722441644379587,0.009818252288933956,0.9999188184738159
2492,2020,gradient_x_input,0.5032284018075601,0.0738766345788132,0.9987404942512512
2493,1837,gradient_x_input,0.46483530036982945,0.18715662631343621,0.9885565042495728
2494,3730,gradient_x_input,0.4683135694756014,0.3101550280741166,0.9954784512519836
2495,1586,gradient_x_input,0.11127379473219527,0.004096417985063918,0.9999392032623291
2496,3595,gradient_x_input,0.2564813700553618,0.08697919390703503,0.9994558691978455
2497,2622,gradient_x_input,0.5256693555133009,0.022666545175924535,0.999466598033905
2498,2173,gradient_x_input,0.05969115556814732,0.012506674497555464,0.9998503923416138
2499,2153,gradient_x_input,0.06799941240472997,0.004078937337753621,0.9999412298202515
2500,1139,gradient_x_input,0.7228515883242446,0.06097567214497498,0.9996631145477295
2501,4101,gradient_x_input,0.48185879024011746,0.04654154607227871,0.9996612071990967
2502,4005,gradient_x_input,0.4757247832086351,0.10283356077141231,0.9829677939414978
2503,1530,gradient_x_input,0.4562537771899526,0.0689167886427263,0.9996594190597534
2504,4259,gradient_x_input,0.3674712650276519,0.10156154511748133,0.9996960163116455
2505,2175,gradient_x_input,0.2302692602289484,0.004336051484371753,0.9999364614486694
2506,1016,gradient_x_input,0.4128833440763335,0.026013046563152346,0.9997708201408386
2507,1575,gradient_x_input,0.2514243824224846,0.09211324911345453,0.9723339676856995
2508,1333,gradient_x_input,0.6835310512688011,0.027940846979618073,0.9986074566841125
2509,1380,gradient_x_input,0.6191487874497067,0.07742537117817185,0.9990560412406921
2510,1428,gradient_x_input,0.37299367106136155,0.056719772901166886,0.9997190833091736
2511,2027,gradient_x_input,0.5645172973879828,0.04638751961577397,0.9978861212730408
2512,1039,gradient_x_input,0.44992605060338975,0.03258567005395889,0.999782383441925
2513,22,gradient_x_input,0.6075183360209299,0.09899971211805593,0.9978649020195007
2514,1276,gradient_x_input,0.3317511756904423,0.01296236552298069,0.9998977184295654
2515,1367,gradient_x_input,0.4320860901890799,0.14072893837163614,0.998982846736908
2516,147,gradient_x_input,0.24746120401791163,0.07311042185340609,0.9986269474029541
2517,3226,gradient_x_input,0.4676150940358639,0.022383875730964873,0.9973932504653931
2518,4586,gradient_x_input,0.45751702193651467,0.11090302918173914,0.9997712969779968
2519,2301,gradient_x_input,0.741810059198573,0.11998079212429791,0.9987567663192749
2520,2466,gradient_x_input,0.20794293668962294,0.11816070925804877,0.9999179840087891
2521,2876,gradient_x_input,0.6943922829933655,0.0640059266334925,0.9994862079620361
2522,2213,gradient_x_input,-0.20677267180548775,-0.5493822807653083,0.0878281518816948
2523,2261,gradient_x_input,0.5128752908024651,0.05508378291359314,0.9995148181915283
2524,1956,gradient_x_input,-0.06461055340795693,-0.10036529134429822,0.0008964388398453593
2525,2369,gradient_x_input,0.5427482825644473,0.06376594178220059,0.9990792274475098
2526,190,gradient_x_input,0.4757050331681967,0.02716732294195228,0.9997658133506775
2527,1834,gradient_x_input,0.6261442845687271,0.020957872572426612,0.9997536540031433
2528,2393,gradient_x_input,0.3242984286819895,-0.08440997037622663,0.7915317416191101
2529,282,gradient_x_input,0.11976795977559583,0.0015585165599296834,0.9999170303344727
2530,1916,gradient_x_input,0.6634966870769858,0.03745796484872699,0.9993376135826111
2531,4527,gradient_x_input,0.6117389996901953,0.09149948492579695,0.9988406300544739
2532,1324,gradient_x_input,0.6063478967795769,0.07458307957634903,0.9996585845947266
2533,3576,gradient_x_input,0.5062961175635055,0.024540628130371507,0.9996577501296997
2534,4029,gradient_x_input,0.556071393788443,0.029986988632909713,0.9948514103889465
2535,1683,gradient_x_input,0.7371871606940302,0.10294915849099988,0.9994662404060364
2536,4353,gradient_x_input,0.5581988325206245,0.03215163873463142,0.9837759137153625
2537,273,gradient_x_input,0.5432015995932172,0.1220386937564733,0.9609127640724182
2538,1970,gradient_x_input,0.6178717565595765,0.10721442527666858,0.9997896552085876
2539,903,gradient_x_input,0.48373880762465843,0.030927597944225584,0.9984595775604248
2540,3599,gradient_x_input,0.4620865460529995,0.04559225524560763,0.9996839761734009
2541,2499,gradient_x_input,0.9061676901052124,0.07156607849523425,0.9977362155914307
2542,3514,gradient_x_input,0.4040086088479375,0.21019566197798628,0.9997149109840393
2543,2991,gradient_x_input,0.7766080357502544,0.04371834781609083,0.999815046787262
2544,3705,gradient_x_input,0.4405239972751588,0.02327744774520397,0.999768078327179
2545,2014,gradient_x_input,0.016107495794904992,0.003622679000205182,0.9999241828918457
2546,257,gradient_x_input,0.4843160577670292,0.3899841860488609,0.9978786706924438
2547,3721,gradient_x_input,0.1314978648404606,0.0013605786151573305,0.9999274015426636
2548,2368,gradient_x_input,0.08729342752032809,0.0059296607971191405,0.9999309778213501
2549,3689,gradient_x_input,0.0776986061258519,0.00416997011671675,0.999934196472168
2550,2574,gradient_x_input,0.047749575340386596,0.0022594594594204064,0.9999080896377563
2551,4260,gradient_x_input,0.47297703627158294,0.24643085113811222,0.995688259601593
2552,517,gradient_x_input,0.5229565507897567,0.012787499735432287,0.9990198612213135
2553,3170,gradient_x_input,0.04834708531947202,-0.22282709412880847,0.08178331702947617
2554,3201,gradient_x_input,0.5795857921615243,0.15311559051275253,0.9957893490791321
2555,3194,gradient_x_input,0.49296525841497857,0.025028351694345474,0.9924966096878052
2556,3897,gradient_x_input,0.3845135048031807,0.05042204186320305,0.9990540146827698
2557,858,gradient_x_input,0.8621591547343996,0.02357533946633339,0.9762351512908936
2558,19,gradient_x_input,0.21216293438165276,0.550164397486865,0.8163796067237854
2559,699,gradient_x_input,0.23938851224051583,0.021059257012826425,0.9998138546943665
2560,575,gradient_x_input,0.10628124078114827,0.005279089013735454,0.9999368190765381
2561,1646,gradient_x_input,0.12518320161671864,0.007389312698727562,0.999907374382019
2562,3623,gradient_x_input,0.3855986003650398,0.07479492556758044,0.9995326995849609
2563,599,gradient_x_input,0.39635630063712596,0.08961618465218635,0.9981202483177185
2564,2894,gradient_x_input,0.07340966992908055,0.003999855783250596,0.9999396800994873
2565,305,gradient_x_input,0.4540571777044602,0.07406625137576517,0.9993307590484619
2566,3433,gradient_x_input,0.1847332552918848,0.006105672638371306,0.9998227953910828
2567,3826,gradient_x_input,0.6271852465967337,0.039656380812327065,0.9818872213363647
2568,1350,gradient_x_input,0.30797838288194995,0.027752385419957778,0.9943504929542542
2569,2129,gradient_x_input,0.7705679450459271,0.02393255890770392,0.9983017444610596
2570,1422,gradient_x_input,0.46006581157838045,0.050558671820908785,0.9996740818023682
2571,3819,gradient_x_input,0.3694868857379664,0.021023764359680088,0.9984520673751831
2572,1527,gradient_x_input,0.04713435769081116,0.003437432050704956,0.9999376535415649
2573,1087,gradient_x_input,0.07176360081542622,0.004899187521501021,0.9999384880065918
2574,1484,gradient_x_input,0.36513427154320044,0.0514208902491302,0.9995259046554565
2575,3513,gradient_x_input,0.45074197817011735,0.0803579680621624,0.9994493126869202
2576,3361,gradient_x_input,0.2531152579519484,0.07761961023012796,0.999293327331543
2577,1323,gradient_x_input,0.7317324781353818,0.03194970985253652,0.9977144002914429
2578,1553,gradient_x_input,0.7091886211364042,0.02450420849380039,0.9996764659881592
2579,3687,gradient_x_input,0.162805830261537,0.0034304367644446237,0.9998612403869629
2580,4368,gradient_x_input,0.4451373903261077,0.06301853132824745,0.9996041655540466
2581,3165,gradient_x_input,0.5541499241700639,0.044358037979058594,0.9997616410255432
2582,1309,gradient_x_input,0.33789860863577237,0.032093464876666214,0.9997159838676453
2583,2983,gradient_x_input,0.5188955226196692,0.17707080174930012,0.9997509121894836
2584,3378,gradient_x_input,0.4800015182958709,0.16751628148335,0.9983618855476379
2585,345,gradient_x_input,-0.33034533620609535,-0.21728938357378152,0.09959545731544495
2586,1086,gradient_x_input,0.41717198565602304,0.08287097290158271,0.9997208714485168
2587,923,gradient_x_input,0.4022387132048607,0.057633383696277934,0.9997708201408386
2588,1571,gradient_x_input,0.23344009462743998,0.011464908719062805,0.9983104467391968
2589,842,gradient_x_input,0.5602650863631647,0.09673363348701969,0.990315854549408
2590,2165,gradient_x_input,0.7949774874768292,0.0376212330839525,0.9531433582305908
2591,608,gradient_x_input,0.45094227888014005,0.06672472433875436,0.9997633099555969
2592,285,gradient_x_input,0.33767163228582253,0.048886766995895996,0.9996041655540466
2593,2009,gradient_x_input,0.37830958007411525,0.03193452649495818,0.9997312426567078
2594,807,gradient_x_input,0.34815814120824945,0.022941471532333727,0.9999251365661621
2595,4511,gradient_x_input,0.5829874347934189,0.07975321627842884,0.9997615218162537
2596,2495,gradient_x_input,0.3920495939605376,0.022370994529303384,0.9997606873512268
2597,405,gradient_x_input,0.4107822198420763,0.03878896181680718,0.9994694590568542
2598,218,gradient_x_input,0.5876551988955226,0.09581627576581893,0.9995858073234558
2599,1976,gradient_x_input,0.4513893562768187,0.05761645159551076,0.9958023428916931
2600,4040,gradient_x_input,0.7366926047146659,0.0442392152141441,0.9979668259620667
2601,2461,gradient_x_input,0.32313322908047476,0.029695359143343838,0.9994953870773315
2602,2095,gradient_x_input,0.24899085554874167,0.037162380855319636,0.9996145963668823
2603,327,gradient_x_input,0.5995908311878642,0.04613795280456543,0.8981558084487915
2604,2957,gradient_x_input,0.720625638835511,0.08435831149503337,0.9996838569641113
2605,1778,gradient_x_input,0.5881176737699813,0.243559015992408,0.9954015016555786
2606,688,gradient_x_input,0.47360481923589337,0.023034195869396895,0.999686598777771
2607,393,gradient_x_input,0.7212930522763576,0.17700215245191103,0.9983372688293457
2608,3495,gradient_x_input,0.3888154850815827,0.04641473799381616,0.9997907280921936
2609,2741,gradient_x_input,0.40559186656837876,0.039280275287835495,0.9997590184211731
2610,3105,gradient_x_input,0.5566060529463752,-0.013074641318424889,0.7089082598686218
2611,3579,gradient_x_input,0.5022426201296705,0.21505834137621735,0.9993767142295837
2612,4460,gradient_x_input,0.4283887800225552,0.10491644833583702,0.9996813535690308
2613,1491,gradient_x_input,0.17170983866641396,0.008242106751391762,0.9999392032623291
2614,882,gradient_x_input,0.20044255918926662,0.087657673491372,0.9983023405075073
2615,2085,gradient_x_input,0.3785212630475009,0.029751779856505216,0.9996563196182251
2616,1769,gradient_x_input,0.5658342430238114,0.02216848349848459,0.9996805191040039
2617,3177,gradient_x_input,0.2368999983583178,-0.19214189563478742,0.6650061011314392
2618,3766,gradient_x_input,0.29916068844688243,0.0746960909320758,0.9997426867485046
2619,2049,gradient_x_input,0.1349496366456151,0.04865292692556977,0.9997180104255676
2620,794,gradient_x_input,0.13358286835930563,0.0066265369003469295,0.9999421834945679
2621,1617,gradient_x_input,0.3848456056115942,0.0907053550472483,0.999640703201294
2622,21,gradient_x_input,0.4661166880417753,0.033001639086891105,0.9997922778129578
2623,2626,gradient_x_input,0.10196943283081054,0.1067021913619505,0.9998906850814819
2624,2199,gradient_x_input,-0.02090072076082126,-0.034188129877050714,0.003585011698305607
2625,4578,gradient_x_input,0.14733592500077916,0.09737660529765677,0.9999222755432129
2626,1535,gradient_x_input,0.742596547151434,0.06028216486347133,0.9993570446968079
2627,1012,gradient_x_input,0.6379476559231989,0.17646698630414903,0.985027551651001
2628,3302,gradient_x_input,0.38587982699275014,0.04216331541538239,0.9996715784072876
2629,3059,gradient_x_input,0.255295038719972,0.049915433923403425,0.9987539052963257
2630,1172,gradient_x_input,0.10072071985764937,0.02333006262779236,0.999935507774353
2631,3322,gradient_x_input,0.3625702844246438,0.17360849845174112,0.9968185424804688
2632,3232,gradient_x_input,0.7824204570470928,0.10147312114184553,0.8737022280693054
2633,3859,gradient_x_input,0.23203479785185593,0.007663745146531325,0.9999407529830933
2634,1015,gradient_x_input,0.5539719426874504,0.04236683422742888,0.9994232654571533
2635,1364,gradient_x_input,0.4420596134403478,0.0060432047947593355,0.9999010562896729
2636,2757,gradient_x_input,0.037809110976554254,0.0006362562244002884,0.998711347579956
2637,182,gradient_x_input,0.1538766652993931,-0.31477747294211794,0.5817652344703674
2638,1107,gradient_x_input,0.09990639743153695,0.01376517724107813,0.9999330043792725
2639,188,gradient_x_input,0.3214610585144588,0.049196494902883255,0.9995160102844238
2640,2990,gradient_x_input,0.48105754633434117,0.042503796285018325,0.9992591738700867
2641,2951,gradient_x_input,0.4399599328559513,-0.019402240752242506,0.8948888182640076
2642,3539,gradient_x_input,0.03388382532657721,0.06649593053719936,0.9999409914016724
2643,3473,gradient_x_input,0.40693031608437497,0.021004181665678818,0.9995162487030029
2644,1655,gradient_x_input,0.3553953510101723,0.05471761702843334,0.9880483150482178
2645,3422,gradient_x_input,0.49263471134168946,0.021130159983168476,0.9997698664665222
2646,4077,gradient_x_input,0.4433353184381636,0.03151801700999097,0.9997468590736389
2647,3015,gradient_x_input,0.18555820084387256,0.055751510204807404,0.9999136924743652
2648,2713,gradient_x_input,0.15435747114511636,0.02276540031799903,0.9998477697372437
2649,3397,gradient_x_input,0.6566346457346957,0.06214705777374354,0.9997735619544983
2650,1266,gradient_x_input,0.3864335958690693,0.013391856458925065,0.9997161030769348
2651,1623,gradient_x_input,0.27295021798748237,0.018142940619817145,0.9997606873512268
2652,3358,gradient_x_input,0.7180165314071235,0.0214706448217233,0.9997507929801941
2653,373,gradient_x_input,0.11892425268888474,0.04975457489490509,0.9999326467514038
2654,2026,gradient_x_input,0.20423952614267668,0.05354751439558135,0.9993563294410706
2655,1524,gradient_x_input,0.4395319060064279,0.03841262310743332,0.9997822642326355
2656,422,gradient_x_input,0.51654195461777,0.022794508863063084,0.9997616410255432
2657,3169,gradient_x_input,0.2084504146786297,0.03158606501186595,0.9998743534088135
2658,3650,gradient_x_input,0.03408178199421276,0.0018960118293762207,0.9999430179595947
2659,3800,gradient_x_input,0.3657099184520701,0.12122050950184782,0.9991720914840698
2660,1120,gradient_x_input,0.5185336894092133,0.051845409889828484,0.9997346997261047
2661,2249,gradient_x_input,0.4981709631203219,0.02078146106281946,0.9996480941772461
2662,4043,gradient_x_input,0.17089984860531118,0.004718141500339951,0.999901294708252
2663,616,gradient_x_input,0.22424518702359036,0.06028232517941245,0.9978971481323242
2664,2691,gradient_x_input,0.5572223972428489,0.03602759540081024,0.9995947480201721
2665,2043,gradient_x_input,0.37198628277578144,0.09406497376663278,0.9951033592224121
2666,3188,gradient_x_input,0.6848491605557502,0.020137933567166328,0.9996837377548218
2667,2835,gradient_x_input,0.2998531525954604,0.036878926607851796,0.9997915625572205
2668,4211,gradient_x_input,0.06921313405036926,0.015670518080393474,0.9999293088912964
2669,917,gradient_x_input,0.35639743600040674,0.07961127173621207,0.9920033812522888
2670,4100,gradient_x_input,0.43097881929328047,0.13069289312180546,0.9977766871452332
2671,1162,gradient_x_input,0.4448786204362788,0.03422915590245549,0.9987475872039795
2672,3716,gradient_x_input,0.4782755499662355,0.04253759910893995,0.9998213648796082
2673,1248,gradient_x_input,0.09595581380332388,0.005192243471378233,0.9999306201934814
2674,828,gradient_x_input,0.10820353411613627,0.004780594338761999,0.9999380111694336
2675,2243,gradient_x_input,-0.11647841551401202,-0.0011205971090783996,0.02579612098634243
2676,2902,gradient_x_input,0.2900446128311022,0.04149163489774713,0.9997243285179138
2677,337,gradient_x_input,0.379995083102049,0.08774132606310722,0.9995959401130676
2678,2351,gradient_x_input,0.4166545094177127,0.03270293816924095,0.9995847344398499
2679,1959,gradient_x_input,0.4539694610983133,0.02449028566479683,0.9972550272941589
2680,3431,gradient_x_input,-0.2900664799185506,-0.03775747054828571,0.00036186506622470915
2681,4374,gradient_x_input,0.379410663277519,0.04794653543100065,0.9994891881942749
2682,1102,gradient_x_input,0.24855866396065915,0.07055388978033354,0.9999380111694336
2683,1246,gradient_x_input,0.042926603241970666,0.002869891492944015,0.9999332427978516
2684,1176,gradient_x_input,0.32075708160797756,0.020804003046618568,0.9998319149017334
2685,4579,gradient_x_input,0.11999579071998596,0.004923013846079508,0.9999203681945801
2686,3195,gradient_x_input,0.13058899401221424,0.10261226083521786,0.38375335931777954
2687,2790,gradient_x_input,0.35386486172676085,0.019656545892357827,0.9992958307266235
2688,3877,gradient_x_input,0.7699740999385194,0.09566277775558688,0.9914222359657288
2689,93,gradient_x_input,0.6226134104221019,0.023476806664189626,0.9984662532806396
2690,2795,gradient_x_input,0.6848862432887325,0.2303196010557381,0.892436146736145
2691,2317,gradient_x_input,0.22140259922228075,0.04774508574469523,0.9906683564186096
2692,385,gradient_x_input,0.39161534949528926,0.0381627723726691,0.9997519850730896
2693,913,gradient_x_input,0.4034511236981912,0.06026488452246695,0.9996331930160522
2694,693,gradient_x_input,0.5407509547830732,0.02330515430205398,0.9674268960952759
2695,3241,gradient_x_input,0.6710327323991805,0.03784386338666081,0.9992102384567261
2696,2471,gradient_x_input,0.34497410416298985,0.1889565270204021,0.9979719519615173
2697,311,gradient_x_input,0.29857236681119453,0.02092568871547591,0.9997581839561462
2698,334,gradient_x_input,0.5420914664189111,0.05714646055591556,0.999934196472168
2699,861,gradient_x_input,0.029917769961886935,0.008907853453247636,0.9998906850814819
2700,1454,gradient_x_input,0.2690807634757625,0.11653551604184839,0.999445378780365
2701,2684,gradient_x_input,0.5938859483677968,0.018117401538030157,0.9997395873069763
2702,1224,gradient_x_input,0.4413330867049104,0.5276371242756385,0.6110888123512268
2703,2585,gradient_x_input,0.10569042453960496,0.0036289375655505123,0.9999161958694458
2704,708,gradient_x_input,0.4828637294552248,0.029754907054745632,0.9994958639144897
2705,3141,gradient_x_input,0.042935091516245964,0.00735793165538622,0.9999386072158813
2706,38,gradient_x_input,0.3606512125511214,0.035259726826312406,0.9970207810401917
2707,2683,gradient_x_input,0.5812209041789174,0.04757628757506609,0.9997358918190002
2708,935,gradient_x_input,0.6363018420227917,0.1044371301042182,0.9997422099113464
2709,3339,gradient_x_input,0.16253395184226657,0.004633260809856913,0.9999347925186157
2710,1325,gradient_x_input,0.5347611931542497,0.04345167029735654,0.999762237071991
2711,2120,gradient_x_input,-0.011948435339054056,-0.14728297407775387,0.0098820636048913
2712,470,gradient_x_input,0.26283092387929197,0.2678041929668724,0.9994279742240906
2713,3393,gradient_x_input,0.2078367278382585,0.035916717471303164,0.999913215637207
2714,1942,gradient_x_input,0.32543928548693657,0.018925635764996212,0.9999091625213623
2715,3371,gradient_x_input,0.593904857368519,0.026234523289733462,0.9995042085647583
2716,1713,gradient_x_input,0.6528375628353704,0.1573510568427003,0.7611915469169617
2717,160,gradient_x_input,0.018610591238195247,0.005327899347652088,0.9997265934944153
2718,1192,gradient_x_input,0.21927898228168488,0.009237156808376312,0.9999144077301025
2719,2161,gradient_x_input,0.056930086097201786,0.0237559208998809,0.9999277591705322
2720,3925,gradient_x_input,0.8856591973530098,0.035071853655161425,0.9990829229354858
2721,3619,gradient_x_input,0.34080211597361737,0.08085037916898727,0.9777315258979797
2722,4209,gradient_x_input,0.7467025080098747,-0.0052819397204961534,0.9586831331253052
2723,3524,gradient_x_input,0.3975476684939602,0.02085380272372909,0.9990906715393066
2724,353,gradient_x_input,0.41469690370924617,0.06014477437818233,0.999738872051239
2725,2548,gradient_x_input,0.3577194219189031,0.1618913410070707,0.9995682835578918
2726,4202,gradient_x_input,-0.03706367526735578,0.05388879648276738,0.6926886439323425
2727,1014,gradient_x_input,0.5913112092424523,0.05170979316939007,0.9995049238204956
2728,1200,gradient_x_input,0.27199051535591995,0.03800442050500163,0.9997790455818176
2729,4580,gradient_x_input,0.0027001279371756093,0.00166468377466555,0.9999163150787354
2730,3087,gradient_x_input,0.4595046816393733,0.03224545397928783,0.9995974898338318
2731,1305,gradient_x_input,0.6254987408407032,0.03012413401156664,0.994238018989563
2732,112,gradient_x_input,0.19147351011633873,0.031948359683156013,0.9998038411140442
2733,1853,gradient_x_input,0.6442789937736411,0.032480994860331215,0.9997662901878357
2734,4310,gradient_x_input,0.4236062243580818,0.1488935881481116,0.9997687935829163
2735,3873,gradient_x_input,0.21308894141724236,0.00845409537616529,0.9999330043792725
2736,4216,gradient_x_input,0.3076915511123414,0.04292032252645717,0.9997439980506897
2737,14,gradient_x_input,0.12393317853703219,-0.11783726250424105,0.7362715005874634
2738,3915,gradient_x_input,0.49056238984298295,0.10414795025977323,0.9788841009140015
2739,2387,gradient_x_input,0.3568134944708574,0.1574709800881378,0.9993690848350525
2740,533,gradient_x_input,0.8608161188742434,0.2489755743271893,0.9764451384544373
2741,3551,gradient_x_input,0.3760359836284936,0.07343897211831063,0.9994766116142273
2742,851,gradient_x_input,0.38234505971724336,0.041022550483996216,0.9997901320457458
2743,1418,gradient_x_input,0.5623787745277871,0.04627719250295246,0.9909952282905579
2744,3446,gradient_x_input,0.5345655837622674,0.021150307648855705,0.9997702240943909
2745,1318,gradient_x_input,0.19477901032025163,0.12391399414363233,0.9949485063552856
2746,677,gradient_x_input,0.20682914682797024,0.008566709927150182,0.9995980858802795
2747,3740,gradient_x_input,0.646451517008245,0.029955090023577213,0.9996871948242188
2748,1317,gradient_x_input,0.6026546984261377,-0.19784401112892588,0.6237097382545471
2749,1072,gradient_x_input,0.9574378943745978,0.1250008169701323,0.9997788071632385
2750,4275,gradient_x_input,-0.41254397239536045,-0.32501874221488836,0.024295154958963394
2751,655,gradient_x_input,0.8676303233549898,0.4434544734480181,0.9970287680625916
2752,3128,gradient_x_input,0.6683960417967018,0.04448858612194294,0.9994780421257019
2753,3143,gradient_x_input,0.16944398085276285,0.02324706514676412,0.9999178647994995
2754,568,gradient_x_input,0.34889176934957505,0.10648260797773089,0.9994500279426575
2755,1871,gradient_x_input,0.18273769915103913,0.008981248736381531,0.9999284744262695
2756,3956,gradient_x_input,0.29987404588609934,0.039032830132378474,0.9997894167900085
2757,121,gradient_x_input,0.024100178054400852,0.019664878291743144,0.9997743964195251
2758,3150,gradient_x_input,0.435677009270243,0.0599801704570975,0.9997784495353699
2759,587,gradient_x_input,0.15795575502591255,0.008142677637246938,0.9999291896820068
2760,3061,gradient_x_input,0.6014280547292865,0.08930132674927614,0.9979548454284668
2761,3162,gradient_x_input,0.451653976890224,0.01735151324559141,0.9997709393501282
2762,1254,gradient_x_input,0.12850689984137012,0.002678784631913708,0.9999192953109741
2763,2658,gradient_x_input,0.4180195693005907,0.02196251727799152,0.9993662238121033
2764,163,gradient_x_input,0.2132739657415198,0.05781462633764589,0.9998517036437988
2765,1322,gradient_x_input,0.6127970327498086,0.01526809672811138,0.999629020690918
2766,4249,gradient_x_input,0.6070858965447935,0.05812425647269596,0.8326014876365662
2767,360,gradient_x_input,0.643166625992425,0.04493953684164632,0.9997087121009827
2768,1768,gradient_x_input,0.33476614516298725,0.0023806724908216944,0.9999029636383057
2769,732,gradient_x_input,0.7804669920861973,0.1739734204815856,0.9986885190010071
2770,2671,gradient_x_input,0.5820720246511286,0.25994056450521197,0.9972802400588989
2771,691,gradient_x_input,0.42526220896193206,0.09534953977610613,0.537680983543396
2772,79,gradient_x_input,0.6457971773041343,0.0713290217142828,0.9984980821609497
2773,2776,gradient_x_input,0.397542865100232,0.06227478774433786,0.9995684027671814
2774,1053,gradient_x_input,0.6154742373117045,0.20021221786737442,0.998623251914978
2775,410,gradient_x_input,0.3907783018392429,0.018110300365247224,0.9997599720954895
2776,4367,gradient_x_input,0.239539235830307,0.03178827109790984,0.9834858179092407
2777,1667,gradient_x_input,0.24780757874250411,0.05411960016936064,0.99955815076828
2778,3349,gradient_x_input,0.688246090669002,0.1885586834911789,0.9982094764709473
2779,2672,gradient_x_input,0.22728272279103598,0.05206512501745513,0.9998984336853027
2780,4038,gradient_x_input,0.6154102304980399,0.016120014246553183,0.999718964099884
2781,4552,gradient_x_input,0.3396661761490738,0.028037269544952056,0.9998063445091248
2782,1542,gradient_x_input,0.0793509629307961,0.046338415115463494,0.9989033937454224
2783,1336,gradient_x_input,0.2546995276329564,0.004025224377127255,0.9999227523803711
2784,1519,gradient_x_input,0.521165350619226,0.025106238440061227,0.9997904896736145
2785,1229,gradient_x_input,0.53340795122087,0.020424040853977202,0.9993537068367004
2786,1968,gradient_x_input,0.6098025465228906,0.019484685889134806,0.9977643489837646
2787,4416,gradient_x_input,0.6335252884187197,0.04507429120049142,0.9992958307266235
2788,2109,gradient_x_input,0.47916669184800054,0.08110658928263383,0.9996541738510132
2789,725,gradient_x_input,0.3500896422635941,0.023450429418257306,0.9994435906410217
2790,1134,gradient_x_input,0.008672361727803946,-0.21808354286033482,0.24350415170192719
2791,101,gradient_x_input,0.2699426668493644,0.22760649436436917,0.9965853691101074
2792,4266,gradient_x_input,0.4838212274534758,0.04527800946041595,0.9994989633560181
2793,2253,gradient_x_input,0.2883382004040938,0.04226497274178725,0.999208390712738
2794,1269,gradient_x_input,0.18266293220221996,0.004888693491617839,0.9999366998672485
2795,2813,gradient_x_input,0.445339776043381,0.07037834525108337,0.99965500831604
2796,193,gradient_x_input,0.4890176168445385,0.0762804587456313,0.9993638396263123
2797,1127,gradient_x_input,0.5600848316743567,0.07429987051197,0.9997536540031433
2798,2871,gradient_x_input,0.84636064014602,0.025495444310874475,0.9997450709342957
2799,3470,gradient_x_input,0.6484338097883772,0.17915539546897086,0.9930214285850525
2800,280,gradient_x_input,0.4564666132393636,0.030967647307797483,0.99970942735672
2801,1696,gradient_x_input,0.4318277514086933,0.02773827314376831,0.9990069270133972
2802,2623,gradient_x_input,0.10750052134195963,-0.0008926683002048069,0.9932789206504822
2803,2139,gradient_x_input,0.33436668210703396,0.05288800597190857,0.999329686164856
2804,3438,gradient_x_input,0.1378712315451015,0.006685254248705777,0.9999388456344604
2805,82,gradient_x_input,0.26003181010484694,0.006051352024078369,0.9998000264167786
2806,876,gradient_x_input,0.5880173344027113,0.04862969865401586,0.9615743160247803
2807,2719,gradient_x_input,0.14684159451342643,0.003930247844533718,0.9999428987503052
2808,2374,gradient_x_input,0.22204799244278356,0.021943972298973484,0.9995403289794922
2809,1569,gradient_x_input,0.7301063992620564,0.020753285035173943,0.999365508556366
2810,2416,gradient_x_input,0.11731430763999622,0.0036278776824474335,0.9999324083328247
2811,3724,gradient_x_input,0.38159117017473493,0.12421054073742457,0.9975895881652832
2812,3511,gradient_x_input,0.7094109764136374,0.10193592693656683,0.9966631531715393
2813,4046,gradient_x_input,0.2505365822257267,0.0838654324826267,0.9979152083396912
2814,2132,gradient_x_input,0.3671330810270526,0.05405488989569924,0.9993273019790649
2815,2932,gradient_x_input,0.50194240687415,0.02722208114231334,0.9991326928138733
2816,3414,gradient_x_input,0.24857104309769565,0.03148096106773199,0.9997473359107971
2817,1009,gradient_x_input,0.3619817389947612,0.00714089085416096,0.9999313354492188
2818,4171,gradient_x_input,0.1978317877141441,0.02094379212798142,0.9999346733093262
2819,1439,gradient_x_input,0.31243442515937647,0.20347949184776684,0.9999344348907471
2820,3603,gradient_x_input,0.4071514152077048,0.028794103843528172,0.9997875094413757
2821,2680,gradient_x_input,0.4214937907744053,0.033470317867456696,0.9995542168617249
2822,4297,gradient_x_input,0.06167552868525187,0.006834755341211955,0.999887228012085
2823,630,gradient_x_input,0.6108219525466363,0.04301857733064228,0.9997987151145935
2824,638,gradient_x_input,0.5747232369372043,0.04748439429135158,0.9995785355567932
2825,455,gradient_x_input,0.4118053214822678,0.13423886843659777,0.9885410666465759
2826,129,gradient_x_input,0.07003653049468994,0.0533109446366628,0.9999216794967651
2827,3544,gradient_x_input,0.49334880891136634,0.04899253877691734,0.9996554851531982
2828,2705,gradient_x_input,0.1418763525210894,0.008354106774696937,0.998616099357605
2829,4542,gradient_x_input,0.5064625757888465,0.06235254334948831,0.9994493126869202
2830,1736,gradient_x_input,0.2067884239885542,0.08666855924659306,0.9988632202148438
2831,1442,gradient_x_input,0.5668379284168888,0.026135908939489503,0.9989868998527527
2832,836,gradient_x_input,0.7989969979389571,0.03030860936269164,0.9957411289215088
2833,3713,gradient_x_input,0.2651557763799643,0.04725065311560264,0.9998024106025696
2834,963,gradient_x_input,-0.20550736238987283,-0.07805529577207976,0.1722792387008667
2835,3500,gradient_x_input,0.4516371908038855,0.0716262025386095,0.9985418319702148
2836,1386,gradient_x_input,0.46515006478875875,0.06923060351982713,0.9997828602790833
2837,3631,gradient_x_input,0.6417593350824045,0.11113394994516762,0.9996988773345947
2838,3220,gradient_x_input,0.6159984320584758,0.03493202536129484,0.999125063419342
2839,1920,gradient_x_input,0.24571448667296047,0.08407543959288762,0.9993933439254761
2840,3065,gradient_x_input,0.7838835042408284,0.08584064447923619,0.9984636306762695
2841,4122,gradient_x_input,0.1265124870884803,0.015401315304540818,0.9999406337738037
2842,2735,gradient_x_input,0.5552338564937765,0.020881240171465008,0.9997478127479553
2843,1441,gradient_x_input,0.40290447555127595,0.02868371084332466,0.9997524619102478
2844,860,gradient_x_input,0.4227569384331053,0.0576124631122432,0.9985270500183105
2845,930,gradient_x_input,0.02943089257839114,0.01715258803478507,0.9999330043792725
2846,2920,gradient_x_input,0.5330532759350414,0.01592791535788112,0.9837579131126404
2847,3073,gradient_x_input,0.5615150918467686,0.06890667086610427,0.9581029415130615
2848,2537,gradient_x_input,0.3830831511055722,0.13728317218449185,0.9997439980506897
2849,4582,gradient_x_input,0.24188488576470352,0.016204589750708605,0.9996926784515381
2850,173,gradient_x_input,0.04898249124413106,0.000874062082660732,0.9984564781188965
2851,1056,gradient_x_input,0.2910457217404919,0.08512958884239197,0.9989043474197388
2852,2870,gradient_x_input,0.4851562203594336,0.07491359009566766,0.9997250437736511
2853,50,gradient_x_input,0.8958530222683164,0.07090113829222641,0.9988952875137329
2854,2560,gradient_x_input,0.1335157308823023,0.02432690828274458,0.999908447265625
2855,31,gradient_x_input,0.294469359281816,0.028412272271357085,0.9997630715370178
2856,3419,gradient_x_input,0.11681970383258576,0.004610325427765542,0.9999228715896606
2857,3023,gradient_x_input,0.5219226121799863,0.033140647461858845,0.9997532963752747
2858,1433,gradient_x_input,0.5763859563186521,0.04683325201517246,0.998925507068634
2859,399,gradient_x_input,0.28799038950134725,0.06740455329418182,0.9999289512634277
2860,3793,gradient_x_input,0.31325486807359587,0.03679829570982191,0.9994363188743591
2861,3354,gradient_x_input,0.39319598861038685,0.029061486944556236,0.9999203681945801
2862,749,gradient_x_input,0.77529889042905,0.40191790940506117,0.8262404203414917
2863,3479,gradient_x_input,0.35101605780706135,0.037869187152904014,0.9997844099998474
2864,3212,gradient_x_input,0.24687749644120535,0.14542405452165338,0.9915026426315308
2865,617,gradient_x_input,0.2595407230889096,0.008817139793844783,0.9999336004257202
2866,4442,gradient_x_input,0.38108853776103413,0.04213703595674955,0.9992184638977051
2867,2130,gradient_x_input,0.8053765410300473,0.024565074528599608,0.9997063279151917
2868,283,gradient_x_input,0.4799530304968357,0.12337992679926434,0.9996964931488037
2869,4517,gradient_x_input,0.5409556880061116,0.04184954861799876,0.9997127652168274
2870,1217,gradient_x_input,0.554770122717499,0.062463357315763184,0.9997401833534241
2871,55,gradient_x_input,0.5549398211141428,0.059017137189706165,0.999502420425415
2872,2038,gradient_x_input,0.4745520948033248,0.03353661272142615,0.9997771382331848
2873,1302,gradient_x_input,0.32464297640730033,0.11929141488772901,0.9997850060462952
2874,2767,gradient_x_input,0.08569241967052221,0.08090820402971335,0.6382457613945007
2875,1813,gradient_x_input,0.8248276271776337,0.021205922183783157,0.9982916712760925
2876,3881,gradient_x_input,0.561775921119584,0.05535515397787094,0.9993495345115662
2877,434,gradient_x_input,0.29966628345949897,0.04032397270202637,0.9998668432235718
2878,115,gradient_x_input,0.37357060411678894,0.02415502497128078,0.9998924732208252
2879,2119,gradient_x_input,0.37347193852518545,0.08162402971224351,0.9998014569282532
2880,2923,gradient_x_input,0.16802078047219446,0.009226145113215727,0.999937891960144
2881,3392,gradient_x_input,0.4743942176854169,0.13941766983932918,0.9993243217468262
2882,1789,gradient_x_input,0.5153863066280225,0.025067861771808482,0.9997801184654236
2883,1103,gradient_x_input,0.06682274263838063,0.02178751450517903,0.9999274015426636
2884,348,gradient_x_input,0.26712576932076254,0.10591856737367132,0.8458763957023621
2885,4441,gradient_x_input,0.15106789504780488,0.0035130884133133234,0.9999092817306519
2886,78,gradient_x_input,0.12008750990585045,0.021220010739785654,0.9999380111694336
2887,3224,gradient_x_input,0.2251348411425566,0.00852141472009512,0.9999427795410156
2888,1821,gradient_x_input,0.16232120464829838,0.021434198407565847,0.9997754693031311
2889,1735,gradient_x_input,0.31639016011975846,0.0035608781958526036,0.9999364614486694
2890,2473,gradient_x_input,0.07126208100208016,0.006989876891291419,0.9999082088470459
2891,4204,gradient_x_input,0.5319650531865847,0.04123460864409422,0.9995266199111938
2892,3395,gradient_x_input,0.12754265410559518,0.03071631704057966,0.9998862743377686
2893,3405,gradient_x_input,0.7888230859701123,0.09598605403942721,0.9555742740631104
2894,1431,gradient_x_input,0.1348064112663269,0.0061093950271606445,0.9995425939559937
2895,2113,gradient_x_input,0.42081065459007566,0.04146326892077923,0.9997621178627014
2896,1294,gradient_x_input,-0.08932442809554174,-0.1961045080518469,0.12968359887599945
2897,2798,gradient_x_input,-0.20420732140644557,0.005175239033026931,0.012777583673596382
2898,4241,gradient_x_input,0.32101055587062965,0.02536408925378645,0.9996380805969238
2899,2697,gradient_x_input,0.08612464297385443,0.05327482698928742,0.9884060621261597
2900,735,gradient_x_input,0.464628774846016,0.03619814577490785,0.999651312828064
2901,2398,gradient_x_input,0.7209814367404974,0.09794960390118991,0.9996328353881836
2902,1921,gradient_x_input,0.3939293052714605,0.06261547305621207,0.9974937438964844
2903,2454,gradient_x_input,0.5642716327404722,0.043839904063559594,0.9868724346160889
2904,2436,gradient_x_input,0.5082174366792006,0.07705706752398435,0.6879131197929382
2905,3313,gradient_x_input,0.4651007866486907,0.1477278943538018,0.9958451390266418
2906,2602,gradient_x_input,0.3321332892304973,0.07589483339535563,0.9996352195739746
2907,1378,gradient_x_input,0.37782001532914655,0.4328581149241091,0.9689615368843079
2908,4172,gradient_x_input,0.6545733461577085,0.06218991044067567,0.9946192502975464
2909,140,gradient_x_input,0.06023267068360981,0.008300254219456724,0.9997726082801819
2910,2482,gradient_x_input,0.5493749760445842,0.1315319301052527,0.9996614456176758
2911,2566,gradient_x_input,0.29670246208415313,0.03773676647859461,0.9996492862701416
2912,3043,gradient_x_input,0.25078667222328904,0.07224502013820522,0.9995561242103577
2913,2718,gradient_x_input,0.2988947034862481,0.0527740395382831,0.999789297580719
2914,1010,gradient_x_input,0.5569226064664476,0.026889164658153757,0.9994291663169861
2915,1516,gradient_x_input,0.5550801590891622,-0.2808877282243754,0.611278772354126
2916,1988,gradient_x_input,0.362893069820369,0.12957164075444727,0.999685525894165
2917,2942,gradient_x_input,0.47778669362132614,0.028983228109978342,0.9995535016059875
2918,3097,gradient_x_input,0.3000499077141285,0.024914873093366624,0.999742329120636
2919,151,gradient_x_input,0.37026545524597165,0.06477773785591126,0.9639233946800232
2920,2319,gradient_x_input,0.531862049587071,0.09955942670931109,0.9901373386383057
2921,1373,gradient_x_input,0.8027532793490625,0.046514468585572594,0.9997658133506775
2922,1358,gradient_x_input,0.8694309344635056,0.05735066228468592,0.9988759160041809
2923,1873,gradient_x_input,0.6711514946621131,0.059987689861479926,0.9902647733688354
2924,2668,gradient_x_input,0.13094336711443388,0.08096347863857563,0.9999090433120728
2925,4357,gradient_x_input,0.8366124928733051,0.07756160944700241,0.9990045428276062
2926,62,gradient_x_input,0.35032012694411807,0.004013832410176595,0.999931812286377
2927,1795,gradient_x_input,0.14713226207371416,0.010897334279685185,0.9999234676361084
2928,1000,gradient_x_input,0.40339049273261834,0.019172767578971153,0.9997530579566956
2929,3679,gradient_x_input,0.7187405652611664,0.024329907211818193,0.9997993111610413
2930,1850,gradient_x_input,0.23716226631197437,0.019274099119778336,0.998589813709259
2931,2825,gradient_x_input,0.41469092265917706,0.14828803183403438,0.9998986721038818
2932,3964,gradient_x_input,0.6318962723688366,0.019901033061055038,0.999750554561615
2933,1625,gradient_x_input,0.19657685969557082,0.009385066373007638,0.9999339580535889
2934,1313,gradient_x_input,0.7662392764400198,0.2796586011125542,0.9997521042823792
2935,4320,gradient_x_input,0.16547456464251956,0.006053483163988268,0.9997965693473816
2936,2166,gradient_x_input,0.7039725683030805,0.0610797448370045,0.9997931122779846
2937,2184,gradient_x_input,0.5369493941103832,0.21130064516069574,0.9955392479896545
2938,4148,gradient_x_input,0.12849877112441593,0.05554717737767431,0.9999343156814575
2939,300,gradient_x_input,0.35371448711123105,0.01849254473762692,0.9997203946113586
2940,339,gradient_x_input,0.39437153383291196,0.04055483406409621,0.9997205138206482
2941,2220,gradient_x_input,0.6984557794083072,0.06280187468813814,0.9997548460960388
2942,1587,gradient_x_input,0.20215122494846582,0.028771255165338516,0.9998394250869751
2943,4410,gradient_x_input,0.5614118346737491,0.06640001444352997,0.9997898936271667
2944,3009,gradient_x_input,0.2536057318542518,0.021701029264459423,0.9995825886726379
2945,4314,gradient_x_input,0.503925110380619,0.03646428329058182,0.9995521903038025
2946,2236,gradient_x_input,0.22736289424867165,0.2654140673396064,0.8126024603843689
2947,3837,gradient_x_input,0.19663910766442616,0.01726003090540568,0.999776303768158
2948,2512,gradient_x_input,0.4210126173237096,0.026450243495080784,0.9997861981391907
2949,4272,gradient_x_input,0.26912013441324234,0.07579221624212387,0.9996488094329834
2950,2294,gradient_x_input,0.46725749522447585,0.06536315977573395,0.9994392991065979
2951,3416,gradient_x_input,0.2811863762991769,0.043335929087230135,0.9999258518218994
2952,3694,gradient_x_input,0.5806990803741827,0.07147678096846836,0.9976987242698669
2953,108,gradient_x_input,-0.42111685276031496,-0.1975050073582679,0.23390141129493713
2954,3795,gradient_x_input,0.5435807240092092,0.17392732346844342,0.996711254119873
2955,3228,gradient_x_input,0.4876575366930759,0.01943356860825356,0.9996755123138428
2956,4327,gradient_x_input,0.07465248637729222,0.005108149846394857,0.9999361038208008
2957,4444,gradient_x_input,0.2585960557111181,0.018604198184150916,0.9992326498031616
2958,932,gradient_x_input,0.6731182710888485,0.03916261958974329,0.9995693564414978
2959,3245,gradient_x_input,0.6082809638523031,0.02874868419021368,0.9996263980865479
2960,1037,gradient_x_input,0.06768318525580473,0.00647266243779382,0.999936580657959
2961,3070,gradient_x_input,0.01885148963412723,0.008176342861072437,0.9999281167984009
2962,507,gradient_x_input,0.23693500086665154,0.05245096608996391,0.99973064661026
2963,1983,gradient_x_input,0.3177355201707946,0.006327569484710693,0.9999369382858276
2964,635,gradient_x_input,0.505827152132988,0.03447762668132782,0.9995065927505493
2965,102,gradient_x_input,0.5932656316417119,0.02857933765757949,0.9962306618690491
2966,2618,gradient_x_input,0.5886895251837937,0.03613089991582406,0.999721109867096
2967,2452,gradient_x_input,0.71203264352969,0.035542041891151004,0.9994428753852844
2968,2433,gradient_x_input,0.08985581550192326,0.019997781261484673,0.9952096343040466
2969,2955,gradient_x_input,0.4969238327004207,0.045732271212797895,0.9993991851806641
2970,4406,gradient_x_input,0.4151100144060495,0.0016746180398123606,0.9999321699142456
2971,146,gradient_x_input,0.6924603188754797,0.05542223875721296,0.9929821491241455
2972,2277,gradient_x_input,0.306162117421627,0.0487893009185791,0.9987791180610657
2973,628,gradient_x_input,0.4508563991515867,0.028224979677507953,0.9996241331100464
2974,4147,gradient_x_input,0.3996844945824705,0.10624309827884039,0.9977594614028931
2975,2488,gradient_x_input,0.5129446792104447,0.22108395562871902,0.7708569765090942
2976,4587,gradient_x_input,0.6342165876518596,0.1474920752260721,0.9977166652679443
2977,624,gradient_x_input,0.9014314009310228,0.16394380999880578,0.9758737683296204
2978,1402,gradient_x_input,0.07190077398952685,0.0616025525010436,0.9999257326126099
2979,1547,gradient_x_input,0.7003956644817494,0.08338363607262456,0.9995481371879578
2980,1680,gradient_x_input,0.25168353244662284,0.03273774608969689,0.9995798468589783
2981,2779,gradient_x_input,0.6496882139382207,0.025307597858565196,0.9997870326042175
2982,3616,gradient_x_input,0.4476687246252124,0.048100461263391306,0.9381188154220581
2983,3676,gradient_x_input,0.13469762951135636,0.007115764915943146,0.9999200105667114
2984,2004,gradient_x_input,0.2377161857409355,0.007544369269640018,0.9987618923187256
2985,2141,gradient_x_input,0.4042370931767836,0.022746144453199897,0.999660849571228
2986,4045,gradient_x_input,0.4590555947306084,0.01616344369690994,0.9999228715896606
2987,1761,gradient_x_input,0.14373256870218226,0.008437266220917573,0.9999334812164307
2988,266,gradient_x_input,-0.006393577802825619,0.1492854526039918,0.5002744197845459
2989,4195,gradient_x_input,0.5017669313448541,0.06168217925315208,0.9997265934944153
2990,1808,gradient_x_input,0.5904736396418336,0.11975347754253331,0.9724524021148682
2991,3786,gradient_x_input,0.6931823561403979,0.020652479789358504,0.9997901320457458
2992,3199,gradient_x_input,0.30162932674090065,0.02421478827794393,0.9999377727508545
2993,2619,gradient_x_input,0.4719940362912085,0.025492156131400004,0.9995806813240051
2994,2459,gradient_x_input,0.49203898859294976,0.15403426392003894,0.9987064599990845
2995,3187,gradient_x_input,0.6582346031950279,0.03282007236372341,0.999652624130249
2996,4531,gradient_x_input,0.28094575212647516,0.09758488065563142,0.9996719360351562
2997,4355,gradient_x_input,0.47181760678843904,0.019646750918279093,0.9996660947799683
2998,2725,gradient_x_input,0.23819459240843097,0.031883322269372315,0.9163215160369873
2999,4573,gradient_x_input,0.3138784231283726,0.007037060383038643,0.9999277591705322
3000,1913,deeplift,0.3770230629791816,0.06878845592339834,0.9640464782714844
3001,4550,deeplift,-0.1109372840865035,-0.016509420572219824,0.001997587503865361
3002,4424,deeplift,0.10668181084297798,0.0690303315987458,0.9999350309371948
3003,3802,deeplift,0.31027759345514433,0.0028500184416770935,0.999940037727356
3004,3867,deeplift,0.33325009005410333,0.14291649013757707,0.9994820952415466
3005,2557,deeplift,0.2590398540829911,0.012889479670454474,0.9273993372917175
3006,2097,deeplift,0.5143936758439215,0.02390285019042357,0.9994489550590515
3007,3546,deeplift,0.5632006952141109,0.23365393922079442,0.9813790321350098
3008,2808,deeplift,0.04778502018828141,0.022197728094301726,0.9999333620071411
3009,893,deeplift,0.3938440006163161,0.03277420391470699,0.999656081199646
3010,674,deeplift,0.43651035495779733,0.07735593820160086,0.9997472167015076
3011,4329,deeplift,0.4918742720971729,0.06653112935465436,0.9996517896652222
3012,518,deeplift,0.3985016160621876,0.021841155319679076,0.999688982963562
3013,3071,deeplift,0.17519114464521407,0.009741479158401489,0.9998984336853027
3014,1449,deeplift,0.48234853839002007,0.1267136000096798,0.9992088675498962
3015,2475,deeplift,0.37068463627087034,0.044895566837943116,0.9996045231819153
3016,2224,deeplift,0.5570066799409688,0.07202497329708421,0.9989407658576965
3017,3008,deeplift,0.7837772653741844,0.01728108752032985,0.9734869599342346
3018,2799,deeplift,0.33029476817577114,0.05596232846859963,0.9994932413101196
3019,3455,deeplift,0.7260512440013426,0.05626286390949698,0.9956005811691284
3020,2715,deeplift,0.14974349182705546,0.005399128725362378,0.9999409914016724
3021,1799,deeplift,0.5413467942092282,0.044179252516000696,0.9995501637458801
3022,1476,deeplift,0.07871727719902992,0.007703259587287903,0.9999101161956787
3023,3045,deeplift,-0.2605501591276966,-0.16145934853212615,0.0033377408981323242
3024,191,deeplift,0.06708463136943019,0.15742227959693694,0.9994246959686279
3025,1612,deeplift,0.5761272050440311,0.10668951940051345,0.9993771910667419
3026,3501,deeplift,0.19819576144218445,0.0021721800168355305,0.999932050704956
3027,2706,deeplift,0.05374023119608561,0.005360791418287489,0.9999209642410278
3028,788,deeplift,0.47028686186751806,0.048299665789346434,0.9998164772987366
3029,2721,deeplift,-0.3582921303459443,-0.023837960359135952,0.03670880198478699
3030,2543,deeplift,0.09704878677924474,0.10170003275076549,0.9998431205749512
3031,4425,deeplift,0.5116656394675374,0.05965924891643226,0.9983136653900146
3032,4154,deeplift,0.10985543113201857,0.0013912413269281387,0.9999288320541382
3033,169,deeplift,0.3975535018103463,0.025502735376358034,0.9956911206245422
3034,1657,deeplift,0.0858970121903853,0.004921071908690713,0.9999197721481323
3035,3040,deeplift,0.0016814323893764563,0.048239223789750485,0.9999281167984009
3036,269,deeplift,0.5857656432724581,0.04013241591250024,0.9997387528419495
3037,1775,deeplift,0.21348049898039212,0.004302065480839123,0.9999408721923828
3038,3229,deeplift,0.8331276409975861,0.020792898600516113,0.9996691942214966
3039,4496,deeplift,-0.0003371850169938186,0.1826278513040522,0.5336947441101074
3040,1064,deeplift,0.504615438105755,0.14243117065797017,0.9995169639587402
3041,4134,deeplift,0.6242999227683025,0.09242287364408926,0.9993343949317932
3042,4000,deeplift,0.250304130416724,0.031202421072990663,0.9998181462287903
3043,609,deeplift,-0.1467968610401537,-0.009946476871307284,8.936723315855488e-05
3044,2710,deeplift,0.2632444771627585,0.03310050070285797,0.999342143535614
3045,3460,deeplift,0.4410735392256787,0.029568600811456378,0.9992105960845947
3046,1803,deeplift,0.620071779191494,0.028908860141580756,0.9879414439201355
3047,1918,deeplift,0.27777879544514783,0.009839216057135135,0.9999196529388428
3048,3197,deeplift,0.5216074764495715,0.18474198119947688,0.7165399193763733
3049,1737,deeplift,0.37550814280455763,0.07776930352503603,0.9996875524520874
3050,4435,deeplift,0.5700226502363072,0.030069323299929153,0.9702183604240417
3051,3750,deeplift,0.7532644459808414,0.03422500836578282,0.9977245926856995
3052,3966,deeplift,0.3760189700126648,0.07055266827344894,0.999671459197998
3053,365,deeplift,0.514667060486106,0.05607405252927958,0.9997536540031433
3054,4053,deeplift,0.11787758118067032,0.021792792356931247,0.9999328851699829
3055,2066,deeplift,0.19624472357505976,0.08888775241821138,0.9999006986618042
3056,1852,deeplift,0.36757913624515404,0.02626278009769079,0.9996596574783325
3057,2703,deeplift,0.3390190349343945,0.012765898424036363,0.9998611211776733
3058,487,deeplift,0.6594837903444256,0.026529428788593837,0.9997428059577942
3059,4055,deeplift,0.04302848502993584,0.012552600353956223,0.9999164342880249
3060,4475,deeplift,0.3914024359904803,0.058979443059517786,0.996290922164917
3061,3348,deeplift,0.551236756456395,0.07761398076157396,0.9995805621147156
3062,351,deeplift,0.37197209737802805,0.054061117533006166,0.9996340274810791
3063,2509,deeplift,0.2085770349348745,0.011120648153366582,0.9999287128448486
3064,4030,deeplift,0.20466605853289366,0.07853945065289736,0.9999308586120605
3065,1650,deeplift,0.06331815538199051,0.006064768718636554,0.9999227523803711
3066,2653,deeplift,0.19143287528235958,0.003025957998239769,0.9995224475860596
3067,4285,deeplift,0.29020101577043533,0.2613478517607746,0.9999098777770996
3068,1468,deeplift,0.3344620557036251,0.07985547790303826,0.9996987581253052
3069,2998,deeplift,0.22668740749359131,0.023576080799102783,0.9999412298202515
3070,1270,deeplift,-0.14650719799101353,0.21705854703395744,0.3821588456630707
3071,297,deeplift,0.4577309844704966,0.037037587414185204,0.9994295239448547
3072,2019,deeplift,0.009302303746894554,0.029677588630605628,0.9999343156814575
3073,629,deeplift,0.48208935126181574,0.07712729117502609,0.9994656443595886
3074,1944,deeplift,0.33193395011836574,0.02108040256869225,0.9997997879981995
3075,953,deeplift,0.0545359144085332,0.0072975378287465946,0.9999110698699951
3076,466,deeplift,0.3603113917633891,0.05072234105318785,0.9998910427093506
3077,2200,deeplift,0.21592360522355075,0.67949621801381,0.8480513691902161
3078,728,deeplift,0.2946962016549977,0.008987701751969078,0.9999403953552246
3079,3376,deeplift,0.6741297290121254,0.0328939347936396,0.9968926310539246
3080,4549,deeplift,0.5566779496148229,0.05998743871270224,0.996188223361969
3081,72,deeplift,0.4305762884116942,0.3452285552991652,0.9978064894676208
3082,4,deeplift,0.30819668549489465,0.05533053698216347,0.9996585845947266
3083,1098,deeplift,0.5662393908242922,0.11280980676009848,0.9995033740997314
3084,2726,deeplift,0.4709398041665554,0.02087130770087242,0.9997115731239319
3085,2921,deeplift,0.11291696486018953,0.00481486888158889,0.9999171495437622
3086,2531,deeplift,0.04829986846965292,0.004642274068749469,0.9999303817749023
3087,2614,deeplift,0.06828020513057709,0.0018939664286951865,0.9999135732650757
3088,2434,deeplift,0.5635013194465689,-0.1039395853234776,0.8290476202964783
3089,3111,deeplift,0.10902372960533414,0.28722996948933116,0.9962059259414673
3090,3615,deeplift,0.4011627417513291,0.04695776688015979,0.9993610978126526
3091,3063,deeplift,0.6290260751120513,0.11135548749007285,0.9996111989021301
3092,1385,deeplift,0.23282154674331348,0.09651539836130622,0.9997604489326477
3093,128,deeplift,-0.24531230005101326,-0.18687801072612786,0.03106658160686493
3094,1030,deeplift,0.3973224014788866,0.040869365613907575,0.9984509944915771
3095,16,deeplift,0.11751140276590984,-0.04907384713490804,0.9398430585861206
3096,670,deeplift,0.4150436768929164,0.028410062193870544,0.9995827078819275
3097,3743,deeplift,0.5493129010117331,0.04366383762207142,0.9997292160987854
3098,2202,deeplift,0.2266962943208772,0.03537517335525779,0.9857751131057739
3099,1615,deeplift,0.31866362652717495,0.02354696851510268,0.9997183680534363
3100,1558,deeplift,0.05603274932274452,0.0041121955101306625,0.9999116659164429
3101,3953,deeplift,0.5933621666329199,0.4290992204413944,0.7810810804367065
3102,304,deeplift,0.780152061095863,0.05128544233008927,0.9994953870773315
3103,4004,deeplift,0.2648912456474806,0.008197803246347527,0.9999371767044067
3104,4547,deeplift,0.7929445829589007,0.04736525426770365,0.9993477463722229
3105,1247,deeplift,0.4933965568989515,0.016823809668421744,0.9946687817573547
3106,3136,deeplift,0.43685653125349844,0.12831615967055163,0.9997362494468689
3107,1220,deeplift,0.6388709882045525,0.017321249502792693,0.9997267127037048
3108,3261,deeplift,0.5346349613385327,0.004908892843458388,0.9999014139175415
3109,1611,deeplift,0.2934296368979491,0.18644473232024422,0.9982717037200928
3110,1181,deeplift,0.4935289798511399,0.03811243267522918,0.9996659755706787
3111,2797,deeplift,-0.21075359296197635,-0.10534018084409151,0.00019225910364184529
3112,610,deeplift,0.6071519841689889,0.04424920078457856,0.999693751335144
3113,3751,deeplift,0.5120797752910717,0.061381920367817984,0.7975795269012451
3114,2248,deeplift,0.6710597574710846,0.06458550194899242,0.9996805191040039
3115,99,deeplift,0.8870388552742569,0.02469794393370026,0.9995905756950378
3116,3781,deeplift,0.023107251054362246,0.08123054316169337,0.9999294281005859
3117,225,deeplift,0.4708071084233405,0.011688235928030574,0.9999325275421143
3118,2103,deeplift,0.48998464333514374,0.025640135630965233,0.9996618032455444
3119,2836,deeplift,0.35335642935299294,0.056014552621579755,0.9986333250999451
3120,2924,deeplift,0.04242337913047976,0.004604726302914503,0.9999192953109741
3121,2859,deeplift,-0.3793960305697778,-0.350993271182661,0.18755033612251282
3122,2782,deeplift,0.42910500711355454,0.2222785679795589,0.9990673661231995
3123,515,deeplift,0.2994410991668701,0.008830423290665084,0.9999377727508545
3124,1951,deeplift,0.40713794854206914,0.05385590074822689,0.995648205280304
3125,3869,deeplift,0.37693419811419315,0.33347935994517885,0.9993947744369507
3126,2263,deeplift,0.6411196612488393,0.12030797899757145,0.9874914884567261
3127,4006,deeplift,0.2886584537724654,0.0720025176803271,0.9417631030082703
3128,4522,deeplift,0.30609608110454345,0.23290380234053978,0.9997182488441467
3129,2137,deeplift,0.1467059263677308,0.05418631253820477,0.9998064637184143
3130,3673,deeplift,0.7210234543660058,0.01774287111354324,0.9996435642242432
3131,1707,deeplift,-0.1290922831644171,0.039198766992090635,0.20612700283527374
3132,314,deeplift,0.15601991872264914,0.002717642751458573,0.9999315738677979
3133,1924,deeplift,0.673215852824527,0.03328218835371512,0.9259030222892761
3134,2247,deeplift,0.49667033251552356,0.13342366544903989,0.9933045506477356
3135,3901,deeplift,0.4373220759768819,0.0328529147907745,0.9995620846748352
3136,1847,deeplift,0.7167615461247888,0.028525495167934532,0.9998868703842163
3137,1725,deeplift,0.1418637847289061,0.005930286187392015,0.9999393224716187
3138,3547,deeplift,-0.08466617731169061,-0.004969275580914391,0.002863348228856921
3139,4558,deeplift,0.21478363109959497,0.022149376405609978,0.9996986389160156
3140,3403,deeplift,0.4078245369836371,0.04128356444391799,0.9991374015808105
3141,3007,deeplift,0.828047152313626,0.16693541043522683,0.98827064037323
3142,2961,deeplift,0.3823776798089966,0.05327900103293359,0.9993306398391724
3143,3591,deeplift,0.41680080947630543,0.064942263176336,0.9997499585151672
3144,571,deeplift,0.43833004115149377,0.08792871292680501,0.9991412162780762
3145,4041,deeplift,0.40491218633121917,0.02996261484093136,0.9997161030769348
3146,2629,deeplift,0.33304253238297643,0.03725062452611469,0.9997896552085876
3147,3121,deeplift,0.6799779649908569,0.042268976399844345,0.9996071457862854
3148,2701,deeplift,0.4101372312667758,0.04570014012414356,0.9986948370933533
3149,3101,deeplift,0.37762452717180606,0.05294195810953776,0.9994015693664551
3150,1863,deeplift,0.06729682403452256,0.08097746968269348,0.9998990297317505
3151,2908,deeplift,0.08138755033182543,0.0046228059502535085,0.9999340772628784
3152,4456,deeplift,0.38739592327990313,0.2528663207353516,0.9922770261764526
3153,3230,deeplift,0.3001798611993973,0.11026886026733197,0.999098539352417
3154,2399,deeplift,0.6350708450925978,0.19300816323314057,0.9969344139099121
3155,3447,deeplift,0.10070179849863052,0.011343079805374145,0.9999314546585083
3156,1522,deeplift,0.295824947682294,0.026606458606141987,0.9997768998146057
3157,3295,deeplift,0.4869015317410231,0.03147685136646032,0.9882568717002869
3158,495,deeplift,0.235292398701667,0.09214794949481361,0.9994595646858215
3159,317,deeplift,0.5765259352354508,0.13492715557299131,0.9997891783714294
3160,4319,deeplift,0.15052465995152792,0.010351707537968954,0.9999147653579712
3161,2583,deeplift,0.7677381563621263,0.23852314348849984,0.8274156451225281
3162,4536,deeplift,0.3711057986236281,0.055238900085290275,0.9978781938552856
3163,551,deeplift,0.4966000503172045,0.06362409096049226,0.9997945427894592
3164,950,deeplift,0.60721106307003,0.018843987507039105,0.9994804263114929
3165,2681,deeplift,0.2956899997551699,0.0470973519054619,0.9999220371246338
3166,1720,deeplift,0.3036546808752147,0.006639079614119096,0.9999356269836426
3167,3845,deeplift,0.06642996966838836,0.04021738758310676,0.9999325275421143
3168,1653,deeplift,0.6051416757749394,0.09268902377225459,0.9996042847633362
3169,1475,deeplift,0.7173154563583338,0.023526651163895924,0.9997835755348206
3170,826,deeplift,0.4072438108069556,0.02537954492228372,0.9995926022529602
3171,2235,deeplift,0.3011150532043897,0.034466106158036455,0.999569833278656
3172,1061,deeplift,0.4854249670729041,0.06573259239085019,0.9787567257881165
3173,2353,deeplift,0.15929478991265392,0.003596338571286669,0.9999254941940308
3174,2771,deeplift,0.1708346785683381,0.01917557026210584,0.9999061822891235
3175,3467,deeplift,0.29930705048546596,0.15986154641251307,0.9314789772033691
3176,1672,deeplift,0.11633397598524352,0.01457607262843364,0.9999165534973145
3177,4093,deeplift,0.6178818992442555,0.06502588672770394,0.9991058707237244
3178,2772,deeplift,0.4450397965653489,0.08626732059443991,0.9991812109947205
3179,1352,deeplift,0.29889079762829673,0.03157169454627567,0.9998832941055298
3180,1168,deeplift,0.07028731866316362,0.002763806689869274,0.9999322891235352
3181,1928,deeplift,0.7308360533801735,0.0512363013294008,0.9986489415168762
3182,2714,deeplift,0.0742619925737381,-0.5180312776565552,0.11479184031486511
3183,3211,deeplift,0.2757418067302815,0.06280644085301562,0.9995595812797546
3184,4227,deeplift,0.4749608885562211,0.021439763537624425,0.9997430443763733
3185,2379,deeplift,0.16751497834920884,0.0076006859540939335,0.9999288320541382
3186,3649,deeplift,0.8215109326533921,0.07225255887541505,0.9995450377464294
3187,3624,deeplift,0.22223684845901118,0.007119514593263951,0.9999358654022217
3188,3790,deeplift,0.18957861980542223,0.04458188550903442,0.999904990196228
3189,1898,deeplift,0.20128199954827627,0.007120441822778611,0.9999339580535889
3190,1664,deeplift,0.5802966649398992,0.10085578909830044,0.9989643096923828
3191,3412,deeplift,0.1536439536391078,0.008409039394275562,0.9999347925186157
3192,4179,deeplift,0.4687772255080442,0.1320554663737615,0.9941614270210266
3193,32,deeplift,0.5993782361038029,0.09908862096758989,0.9821522831916809
3194,1218,deeplift,0.09564739972987074,0.003919090362305337,0.9999226331710815
3195,2565,deeplift,0.008933809296838168,0.0017161605686976992,0.9999243021011353
3196,2385,deeplift,0.6005964387953281,0.003963003158569336,0.9999302625656128
3197,2592,deeplift,0.6130086330414217,0.08761293737749969,0.9977458119392395
3198,3443,deeplift,0.1379402962823709,0.015500700722138086,0.9997656941413879
3199,3365,deeplift,0.2607895010396054,0.025929746659178483,0.9999244213104248
3200,338,deeplift,0.7793453820019127,0.13693670987298615,0.9987408518791199
3201,1346,deeplift,0.3850877045964201,0.08800065020720164,0.9936249256134033
3202,4523,deeplift,0.651456550572995,0.03328887738839344,0.9980921149253845
3203,4054,deeplift,0.683002614620458,0.001753108540795884,0.9510001540184021
3204,1577,deeplift,0.05998452990613085,0.16303296276229493,0.9997733235359192
3205,1123,deeplift,0.0826017328126486,0.5332591696209166,0.9992254972457886
3206,3777,deeplift,-0.22808863239122495,0.019568942528020408,0.03357516974210739
3207,752,deeplift,0.02899094379466513,0.036643716304198555,0.9999350309371948
3208,681,deeplift,0.37969168343327264,0.030572396957061508,0.9996629953384399
3209,4433,deeplift,0.47282338916863265,0.051275851891229025,0.999805748462677
3210,1904,deeplift,0.34908050800305107,-0.1011449360790161,0.4504333734512329
3211,2342,deeplift,0.11712436796146997,0.049464546067982305,0.99979168176651
3212,2364,deeplift,0.0400720089673996,0.03409768945791505,0.9999332427978516
3213,778,deeplift,0.46083462014162946,0.06542689337442487,0.9087198972702026
3214,3001,deeplift,0.49474048360504885,0.06700837730684063,0.9997116923332214
3215,3200,deeplift,0.4417820427272665,0.05376071718178297,0.9997715353965759
3216,3921,deeplift,0.4222245322153816,0.019893081331590436,0.9997405409812927
3217,3545,deeplift,0.4239155669313143,0.054010667783372546,0.961864173412323
3218,542,deeplift,0.06904256684439523,0.058200708670275554,0.9996552467346191
3219,2272,deeplift,0.5196394217511018,0.07295957658853795,0.9994385838508606
3220,391,deeplift,0.7773349630532035,0.11186375094806417,0.9939079284667969
3221,1979,deeplift,-0.3186791781336069,-0.2037622256577015,0.08030615746974945
3222,1150,deeplift,0.8358785708696814,0.09853991074487567,0.9544633030891418
3223,149,deeplift,0.0977130481175014,0.01931720461164202,0.9999338388442993
3224,2570,deeplift,0.4855493670819621,0.04924659254519563,0.9997407793998718
3225,927,deeplift,0.565079398542626,0.0341504712456039,0.9993878602981567
3226,4017,deeplift,0.2283938346487103,0.011879402579683247,0.9998778104782104
3227,1398,deeplift,0.6653118012427334,0.01936779846893806,0.9997422099113464
3228,3635,deeplift,0.5341436659385052,0.0444796182037819,0.9997974038124084
3229,505,deeplift,0.2849546257526644,0.039980063515324744,0.9999276399612427
3230,3423,deeplift,0.7537530087627088,0.10069849609564512,0.9711435437202454
3231,3247,deeplift,0.2905851062387228,0.0109164131184419,0.9999269247055054
3232,1895,deeplift,0.5772885620697505,0.02775883012347751,0.9992431402206421
3233,2286,deeplift,0.3951367319694587,0.025939995901925222,0.9997827410697937
3234,4232,deeplift,0.3305477668634719,0.06043698379976882,0.9912011623382568
3235,2595,deeplift,0.03180783366163572,0.07863544672727585,0.999797523021698
3236,1770,deeplift,0.23420238011592143,0.01168063041326162,0.9999250173568726
3237,1267,deeplift,0.1872048590219382,0.2097652458460564,0.9974930286407471
3238,3124,deeplift,-0.03992720006455343,-0.2900776984452298,0.02968371845781803
3239,2125,deeplift,0.3274202167633034,0.021369450326476778,0.9993288516998291
3240,1659,deeplift,0.4411181734642014,0.13276230124192806,0.9995197057723999
3241,2909,deeplift,0.2708975788205862,0.04410861171782017,0.9995369911193848
3242,1765,deeplift,0.377479769444714,0.08659985554792608,0.9996777772903442
3243,1560,deeplift,0.49443521076927377,0.046672448002714285,0.7586172223091125
3244,2967,deeplift,0.11398018731011285,0.009035267763667636,0.9999127388000488
3245,1416,deeplift,0.40568578243255615,0.05316809433348039,0.9996176958084106
3246,1630,deeplift,0.28344013307775767,0.05393890461751393,0.9992948770523071
3247,449,deeplift,0.5348528461574122,0.022595678131247677,0.9996140599250793
3248,152,deeplift,0.7547576231947871,0.19492751258021257,0.9958680868148804
3249,211,deeplift,0.5425171202597474,0.040194976542677195,0.9996917247772217
3250,2032,deeplift,0.5147981147331718,0.06008902014166649,0.9982683658599854
3251,902,deeplift,0.18044962390111044,0.05902375261753033,0.9995760321617126
3252,3436,deeplift,0.5729561710205457,0.05884317433767354,0.9944562315940857
3253,3198,deeplift,0.34680332243442535,0.058227427452802655,0.9997273087501526
3254,57,deeplift,-0.26725525733752126,-0.38722882037743545,0.3667914569377899
3255,3164,deeplift,0.09904970959121105,0.020206633736105525,0.9999340772628784
3256,4303,deeplift,-0.342460013853347,-0.06406123835288181,0.001042672898620367
3257,1927,deeplift,0.41258766398661667,0.04022849930657281,0.999768078327179
3258,3206,deeplift,0.029022234517174797,0.14164699301929087,0.9999173879623413
3259,3388,deeplift,0.4404926996847445,0.18605692870914936,0.9987599849700928
3260,816,deeplift,0.16775888204574585,0.00444945568839709,0.9999394416809082
3261,3284,deeplift,0.15648071232594943,0.03311015861599069,0.9999366998672485
3262,2765,deeplift,0.5658112206281378,0.021370344508725863,0.9997808337211609
3263,3970,deeplift,0.1426689962023183,0.008176207542419434,0.9998588562011719
3264,885,deeplift,0.3190399028530175,0.056980479931966824,0.9996283054351807
3265,249,deeplift,0.6332730931425167,0.05974542277474557,0.9996722936630249
3266,2203,deeplift,0.3472788644399732,0.03336473609855835,0.9986516833305359
3267,3115,deeplift,0.16597843315543198,0.0048407490660504595,0.9999405145645142
3268,2341,deeplift,0.2017560739849889,0.008247195288192394,0.999940037727356
3269,4132,deeplift,0.41477020197319536,0.2068843476316136,0.952293336391449
3270,1781,deeplift,0.06112728143731753,0.00781624640027682,0.999897837638855
3271,4488,deeplift,0.007795525633770487,0.01736024022102356,0.9999198913574219
3272,44,deeplift,0.2592278241347044,0.06374604092576565,0.9997947812080383
3273,2390,deeplift,0.5141801706825694,0.056112341582775116,0.9996523857116699
3274,286,deeplift,0.14950835027477957,0.09066383337432687,0.9993798732757568
3275,1094,deeplift,0.5725485562469881,0.07135198107164986,0.9890894293785095
3276,1962,deeplift,0.3047712305012871,0.05030358801869785,0.9997689127922058
3277,4530,deeplift,0.07268957212203886,0.19620968137935893,0.9996106028556824
3278,202,deeplift,0.12121316850185394,0.011019282341003418,0.9994975328445435
3279,237,deeplift,0.16417716119600378,0.004814756953197977,0.999850869178772
3280,2519,deeplift,0.7624840410312683,0.09683094800608914,0.9993638396263123
3281,3870,deeplift,0.6117402314957158,0.05814996350775747,0.9977250695228577
3282,1108,deeplift,-0.4428422781905586,-0.021849388936819498,0.00018701479712035507
3283,2449,deeplift,0.22783767388147466,0.044232213321854084,0.9996224641799927
3284,2525,deeplift,0.29876135883701815,0.02930723291796607,0.9997791647911072
3285,357,deeplift,0.5584298824365048,0.0380239498032176,0.9797533750534058
3286,736,deeplift,0.03257074952125549,0.2540719320376714,0.9999127388000488
3287,3918,deeplift,0.17461432218551637,0.01901857554912567,0.9999202489852905
3288,3848,deeplift,0.11838613651894234,0.008012191669361011,0.9999294281005859
3289,1953,deeplift,0.5352613113354892,0.14500977877261384,0.9960936903953552
3290,1131,deeplift,0.7870091170091958,0.14703929838207033,0.8859970569610596
3291,261,deeplift,0.03925249090901128,0.010706514120101929,0.9999376535415649
3292,3113,deeplift,0.13776330709457396,0.37761945351958276,0.9989184141159058
3293,379,deeplift,0.5693538080346077,0.019939206540584564,0.9996964931488037
3294,4263,deeplift,0.5959043475211215,0.02295408436121085,0.9997733235359192
3295,1521,deeplift,0.07472557774572461,0.05538217999317028,0.9997854828834534
3296,1006,deeplift,0.29947124345180315,0.005495575758127065,0.9999394416809082
3297,2099,deeplift,0.6647645195082921,0.057202250128839074,0.9996212720870972
3298,4293,deeplift,0.2516489999634879,0.009497761726379395,0.9999294281005859
3299,436,deeplift,0.14327592918506035,0.01966284215450287,0.9994258880615234
3300,368,deeplift,0.1241889871424064,0.17373345543940863,0.9812131524085999
3301,3335,deeplift,0.2362931824172847,0.029635305982083082,0.9994614720344543
3302,3450,deeplift,0.26686676782231,0.010624935807183732,0.9562457799911499
3303,939,deeplift,0.38402182868794427,0.04560039671148163,0.9997876286506653
3304,3596,deeplift,0.5137946343128669,0.019519165633840763,0.9997244477272034
3305,4027,deeplift,0.059211899836858116,0.00939704974492391,0.99993896484375
3306,4056,deeplift,0.07532132926740144,0.004622068321495725,0.9999409914016724
3307,3946,deeplift,0.30460025889700965,0.04927151189430764,0.9994204044342041
3308,1429,deeplift,0.5055124934953756,0.011031830922151223,0.9995761513710022
3309,3847,deeplift,0.38916788044128015,0.042746604915629045,0.9996820688247681
3310,1195,deeplift,0.4366444484931567,0.045789629866879795,0.9880417585372925
3311,1003,deeplift,0.6636700821178618,0.0366624721617841,0.9997404217720032
3312,1465,deeplift,0.3183531920115153,0.026031159361203513,0.9996582269668579
3313,2308,deeplift,0.950269663269526,0.11463374435088765,0.9997614026069641
3314,250,deeplift,-0.13727271278492278,0.010097864957384042,0.2267824411392212
3315,1579,deeplift,0.572612478079774,0.04256699979305267,0.9956309795379639
3316,3954,deeplift,0.3110651165940041,0.006785952767660451,0.9999417066574097
3317,1105,deeplift,0.23382049575448036,-0.021346587439378104,0.9329100847244263
3318,3569,deeplift,0.6940279472115878,0.09503172439341338,0.9985590577125549
3319,3943,deeplift,0.29612970743805933,0.04917749810295227,0.9352025389671326
3320,1610,deeplift,0.39758244143776234,0.02353047779420527,0.9997870326042175
3321,3003,deeplift,0.12600678542874894,0.002175803454417103,0.999936580657959
3322,2100,deeplift,0.6045232217646006,0.06495772911743684,0.9997678399085999
3323,403,deeplift,0.5105511597569354,0.01810763268308206,0.9727258682250977
3324,2746,deeplift,0.44362629391252995,0.05343231526405915,0.9949716329574585
3325,4535,deeplift,0.35756110520835255,0.020745590566954714,0.9998130202293396
3326,1022,deeplift,0.2537898849695921,0.017490029335021973,0.9999343156814575
3327,1764,deeplift,0.3171239627732171,0.19091431791356525,0.999531626701355
3328,2231,deeplift,0.22592748515307903,0.015606576576828957,0.9999216794967651
3329,3830,deeplift,0.5356738501694054,0.024228675849735738,0.9994798302650452
3330,3357,deeplift,0.15326756602380334,0.007534980773925781,0.9999380111694336
3331,1154,deeplift,0.21606379463559106,0.042714499114524754,0.9997674822807312
3332,4461,deeplift,0.14477912747130103,0.0038433379056502363,0.999925971031189
3333,4356,deeplift,0.4823785928499145,0.04852216671604444,0.9884882569313049
3334,1788,deeplift,0.47528186653341564,0.036350486533982415,0.9775946736335754
3335,813,deeplift,0.8134409821747491,0.10651739469418924,0.9953723549842834
3336,344,deeplift,0.477496724575758,0.14600371786703667,0.9997469782829285
3337,1353,deeplift,0.38099242779223813,0.04147951466881711,0.9959602952003479
3338,3951,deeplift,0.2342617785444065,0.02173951389838238,0.9999208450317383
3339,2427,deeplift,0.2466252857730502,0.01742400016103472,0.9998633861541748
3340,3287,deeplift,0.6384503130923096,0.0900318283173773,0.9947953820228577
3341,1226,deeplift,0.17759111014808096,0.017564676156858118,0.9998615980148315
3342,1678,deeplift,0.26885094952124816,0.024995009295451336,0.9995608925819397
3343,2941,deeplift,0.3135891992871354,0.009356649910531393,0.999510645866394
3344,1740,deeplift,0.0640094163941174,0.015273472157920279,0.9999262094497681
3345,168,deeplift,0.4965407506986098,0.04406155202199112,0.9996610879898071
3346,4577,deeplift,0.5115360517690821,0.06799537861129133,0.9994586110115051
3347,1363,deeplift,0.29005198180675507,0.2660744108570119,0.9998170733451843
3348,853,deeplift,0.35513820677995683,0.0344876092672348,0.9996707439422607
3349,387,deeplift,0.632943266217469,0.018824268497672735,0.9996510744094849
3350,3356,deeplift,0.5369158656824202,0.08808470002952076,0.998764157295227
3351,3746,deeplift,0.70142727108958,0.11219404041802397,0.9961488246917725
3352,3411,deeplift,0.011281594251975035,0.050780825125865445,0.9998961687088013
3353,880,deeplift,0.7116135233191017,0.11432586920758088,0.9992817044258118
3354,3464,deeplift,0.48642308321238187,0.06097444336531529,0.9997746348381042
3355,1034,deeplift,0.19281472100151908,0.006473141246371799,0.9996588230133057
3356,3564,deeplift,0.4426672796634111,0.030307368663224307,0.9997032284736633
3357,84,deeplift,0.4664157936137847,0.02861149829219688,0.9995858073234558
3358,3903,deeplift,0.40486674362586605,0.08350181331237157,0.9993438124656677
3359,1772,deeplift,0.45785911122543943,0.009328955577479469,0.9610466361045837
3360,42,deeplift,0.15180910717357288,0.01525238494981419,0.9146188497543335
3361,4097,deeplift,0.5712323070443033,0.20646755421615165,0.9793807864189148
3362,2943,deeplift,0.44576670258091045,0.04969865484879567,0.9995664954185486
3363,4262,deeplift,0.47545928042382,0.05255819598167408,0.9997207522392273
3364,3099,deeplift,-0.04495268910368149,-0.03152208062945991,0.007520559709519148
3365,3982,deeplift,0.5157052062129901,0.07989304565629106,0.977266788482666
3366,3797,deeplift,0.707829592070069,0.1355264851762379,0.966303825378418
3367,1730,deeplift,0.550271328877319,0.04147592508657412,0.9996324777603149
3368,2616,deeplift,0.3366061911771172,0.24199643657591782,0.9995546936988831
3369,476,deeplift,0.39647925233879644,0.08895762024943221,0.9997815489768982
3370,1489,deeplift,0.4512806520500982,0.01809897195886482,0.999782383441925
3371,2295,deeplift,0.6168759174718771,0.04696776681556934,0.9995661377906799
3372,468,deeplift,0.4295560901324886,0.05596534519766768,0.9995942711830139
3373,3608,deeplift,0.4472142080141401,0.06528987710771617,0.9273435473442078
3374,4098,deeplift,0.3029090738968878,0.07580740022950055,0.9984337687492371
3375,1874,deeplift,0.42868170851752874,0.023017666879154387,0.9997912049293518
3376,290,deeplift,0.6103652828457681,0.03172232752496546,0.9997487664222717
3377,383,deeplift,0.2130232474838312,0.010604587885049673,0.9999401569366455
3378,3175,deeplift,0.455566880106926,0.02369552105665207,0.9997592568397522
3379,4501,deeplift,-0.1413279966419113,-0.008099461901643923,0.07899896800518036
3380,3622,deeplift,0.004423237804855619,0.3134854260234057,0.35742297768592834
3381,2034,deeplift,0.003371254453119242,0.03401735031379843,0.9999349117279053
3382,363,deeplift,0.559187013655901,0.06756152754480188,0.9986516833305359
3383,3374,deeplift,0.36725202473063095,0.056787081647152994,0.9990923404693604
3384,1640,deeplift,0.4438328444957733,0.034975381611391555,0.9997460246086121
3385,1448,deeplift,0.47183208130864485,0.10024354289370505,0.996951699256897
3386,957,deeplift,0.6562863910151645,0.04074290994554758,0.9997989535331726
3387,4028,deeplift,0.5164891149143915,0.28978169069946363,0.9991269707679749
3388,3583,deeplift,0.7799362991905869,0.023963292374422674,0.9997730851173401
3389,3657,deeplift,0.6006847688555718,0.11000951007008553,0.9996546506881714
3390,4436,deeplift,0.5753347933292389,0.03111068457365036,0.998591959476471
3391,3203,deeplift,0.717252288545881,0.2700816031013216,0.9898536801338196
3392,3487,deeplift,0.6097759217197118,0.08947307755087697,0.9904176592826843
3393,4109,deeplift,0.743142044169612,0.3228744026273489,0.8805423378944397
3394,197,deeplift,0.11686237977475536,0.0044674094842404736,0.999922513961792
3395,3854,deeplift,0.386293732428125,0.021464073409636814,0.9994151592254639
3396,2128,deeplift,0.14313641616276332,0.24535586170497395,0.9995693564414978
3397,2884,deeplift,0.09997048915601243,0.007544391295489143,0.9999295473098755
3398,213,deeplift,0.5513090404434776,0.046364937678492646,0.9530797004699707
3399,2214,deeplift,-0.024234633419837337,-0.048744671748568794,0.0002876799844671041
3400,3161,deeplift,0.008869405199841755,0.035013931553538255,0.9999369382858276
3401,907,deeplift,0.3615686605666198,0.08269373977593347,0.9997884631156921
3402,2498,deeplift,0.5057223223149776,0.06924816044047474,0.9989238381385803
3403,2197,deeplift,0.49422056256578517,0.047641950157972485,0.9997872710227966
3404,1493,deeplift,0.2542163545594496,0.15815177033929265,0.9992609620094299
3405,176,deeplift,0.534183863231114,0.08230894314391272,0.999524712562561
3406,3451,deeplift,0.14783614332025702,0.043611293263507614,0.999929666519165
3407,2551,deeplift,0.5080729467528207,0.024747927274022783,0.9995612502098083
3408,1829,deeplift,0.141178773208098,0.02131601030176336,0.9999178647994995
3409,4525,deeplift,0.27667610301655166,0.042885168474547715,0.9997960925102234
3410,47,deeplift,0.5731357533996012,0.03430567579526527,0.9997625946998596
3411,2650,deeplift,0.14565260240009853,0.008974994931902205,0.9999330043792725
3412,139,deeplift,0.32727543700655753,0.07228597058829936,0.9989711046218872
3413,2922,deeplift,0.059031034870581194,0.1566982326626947,0.9995997548103333
3414,3642,deeplift,0.5430913388729095,0.08332265929784625,0.9997642636299133
3415,3719,deeplift,0.4686517384317186,0.06028757062223222,0.999159574508667
3416,3053,deeplift,0.37155991718173026,0.05780578911304474,0.9947302341461182
3417,1889,deeplift,0.4837180460362058,0.030402438813134244,0.9997411370277405
3418,1470,deeplift,0.15399546372263054,0.007987572958594874,0.999925971031189
3419,4096,deeplift,0.13422579860145395,0.06392993258707451,0.999144434928894
3420,2293,deeplift,0.1684839623730357,0.00996078223716922,0.9999227523803711
3421,251,deeplift,0.5106291956889133,0.08279182910919189,0.9928159713745117
3422,4358,deeplift,0.4313140283136264,0.026480245039514873,0.999430239200592
3423,2791,deeplift,0.4775592867905895,0.038641224072004356,0.9997180104255676
3424,3028,deeplift,0.48924966495898037,0.06467390904823939,0.9995859265327454
3425,215,deeplift,0.12908135160155917,0.03860567963641623,0.9995898604393005
3426,2298,deeplift,0.16261435225605964,0.020296968519687653,0.9998769760131836
3427,1533,deeplift,0.5587391960248351,0.11276855352334678,0.9958590865135193
3428,2852,deeplift,0.35134363577289635,0.03214276218137076,0.9962385892868042
3429,933,deeplift,0.16056776898247854,0.007488648096720378,0.9999364614486694
3430,2679,deeplift,0.301201032102108,0.040974630415439604,0.9974800944328308
3431,3072,deeplift,0.326328066488107,0.009248652391963534,0.999914288520813
3432,1681,deeplift,0.2881012351271954,0.061292217291416005,0.9976332187652588
3433,914,deeplift,0.26795469008145795,0.061940973324160424,0.9997227787971497
3434,2306,deeplift,0.10058291152466176,0.014991682629252589,0.9999217987060547
3435,3841,deeplift,0.07406949055822272,0.006765459713182952,0.9999384880065918
3436,3570,deeplift,0.22023962271685543,0.1665319980997028,0.9999055862426758
3437,2211,deeplift,0.4391335376675477,-0.14813148433511908,0.5077521800994873
3438,2857,deeplift,0.05158833973109722,0.16608669881791754,0.2091955542564392
3439,1766,deeplift,0.5635588993262943,0.043933105965455375,0.9994213581085205
3440,498,deeplift,-0.37763509758177305,0.0012783182507020332,0.013604667969048023
3441,2230,deeplift,0.4259090988198295,0.02036094820747773,0.9997672438621521
3442,884,deeplift,0.5672366347363484,-0.21481288082542874,0.6372222900390625
3443,3275,deeplift,0.36185260803676117,0.19871469948203394,0.9770309329032898
3444,1991,deeplift,0.4182256544629733,0.026143083969751995,0.9999368190765381
3445,3426,deeplift,-0.03486868774483877,-0.004181800927013952,0.000816914951428771
3446,566,deeplift,0.39467081477915916,0.02415170641364278,0.9996308088302612
3447,3457,deeplift,0.694807377057495,0.028952701914089697,0.9997816681861877
3448,2792,deeplift,0.45319440987977117,0.03584873432462866,0.9993994235992432
3449,4095,deeplift,0.06195102782490162,0.20388064827196872,0.9997488856315613
3450,2257,deeplift,0.30531741168938187,0.027384109795093536,0.9997274279594421
3451,4129,deeplift,-0.031403171029316064,-0.5849150985479354,0.06931323558092117
3452,1606,deeplift,0.2757307603955269,0.07931703658153613,0.9988771080970764
3453,439,deeplift,0.10846800605456035,0.003929642339547475,0.9999281167984009
3454,2737,deeplift,0.48121847212314606,0.0674923830665648,0.9988178610801697
3455,2008,deeplift,0.5638938837273176,0.023242202955623004,0.9982183575630188
3456,3731,deeplift,0.6107585315957017,0.07809433138564877,0.9591206312179565
3457,3519,deeplift,0.47052714228630066,0.01972473698093536,0.9997548460960388
3458,2678,deeplift,0.04684903051542199,0.1301211274188498,0.9997536540031433
3459,4561,deeplift,0.26289835572242737,0.054129364589850106,0.9997255206108093
3460,3617,deeplift,0.6434436483903335,0.3420389940493388,0.8938249349594116
3461,1998,deeplift,-0.2957829015371813,-0.023007706353603156,0.002723908284679055
3462,1121,deeplift,0.16114890981804242,0.3349681450900706,0.9996702671051025
3463,2601,deeplift,0.17009798098694195,0.008774685588749971,0.9999405145645142
3464,1261,deeplift,0.11747800157620357,0.020548450641143017,0.9999402761459351
3465,2275,deeplift,0.1743960046209395,-0.21878572851419448,0.5741451382637024
3466,2611,deeplift,0.10695816576480865,0.03475128561258316,0.9998875856399536
3467,844,deeplift,0.32119108496173737,0.10033827395208421,0.9963823556900024
3468,4265,deeplift,0.218026507159938,0.053330433109532234,0.9969958066940308
3469,27,deeplift,0.46620440837361066,0.03429591882170415,0.9997844099998474
3470,229,deeplift,0.5154078204184771,0.04478886485099792,0.9907850027084351
3471,862,deeplift,0.032466049898754464,0.0066008825193751945,0.9999004602432251
3472,3155,deeplift,0.1730512771755457,0.021929675092299778,0.9999397993087769
3473,4039,deeplift,0.7517006284755189,0.056547917798161505,0.9994792342185974
3474,183,deeplift,-0.2838765571359545,-0.13363229527815498,0.20557062327861786
3475,2360,deeplift,0.29402202944601735,0.01617392224650229,0.9999017715454102
3476,2348,deeplift,0.4628493741831996,0.1752874112942002,0.9916976690292358
3477,238,deeplift,0.2787354290485382,0.01869907613956567,0.9829922318458557
3478,3180,deeplift,0.37108186139045535,0.024799886587503796,0.9997753500938416
3479,2581,deeplift,0.6105302051873878,0.03642068563827446,0.9992966651916504
3480,1567,deeplift,0.3187465760856867,0.018092618968624335,0.9997461438179016
3481,2925,deeplift,0.03832647701104482,0.06154398744304975,0.9999390840530396
3482,523,deeplift,0.5264833296383066,0.027168714148657663,0.9997288584709167
3483,1035,deeplift,0.47076286939350337,0.026190298231872352,0.9997546076774597
3484,2402,deeplift,0.03499574718936797,0.061914494922084194,0.9832964539527893
3485,2312,deeplift,0.5265661248833768,0.025791636771625943,0.9992567896842957
3486,1225,deeplift,0.47878767251968385,0.04502842746675015,0.9997814297676086
3487,2069,deeplift,0.03315493846550966,0.022773615824870575,0.9999387264251709
3488,423,deeplift,0.5394305210415419,0.04996197128837759,0.9997726082801819
3489,4427,deeplift,0.37393162370120225,0.025250547418468876,0.9993597865104675
3490,1174,deeplift,0.2932659705601087,0.02321918036152677,0.9992849230766296
3491,1490,deeplift,0.038436174392700195,0.024125716902992943,0.9999188184738159
3492,2020,deeplift,0.49253351681611757,0.07391274686564099,0.9987404942512512
3493,1837,deeplift,0.45771233114551324,0.17795852254160116,0.9885565042495728
3494,3730,deeplift,0.4831219414567075,0.25615803068844467,0.9954784512519836
3495,1586,deeplift,0.09816801801640937,0.0040966386490679805,0.9999392032623291
3496,3595,deeplift,0.27275529092079714,0.08560522057508167,0.9994558691978455
3497,2622,deeplift,0.1436304670826691,0.32315781131023313,0.999466598033905
3498,2173,deeplift,0.06449273457893959,0.01880505757454114,0.9998503923416138
3499,2153,deeplift,0.06263765502483287,0.004078958896880454,0.9999412298202515
3500,1139,deeplift,0.6906242104291561,0.06091969628773984,0.9996631145477295
3501,4101,deeplift,0.41646059985671724,0.04653443098068237,0.9996612071990967
3502,4005,deeplift,0.4344838791423374,0.1321710166003969,0.9829677939414978
3503,1530,deeplift,0.4499682589638524,0.10618569692823945,0.9996594190597534
3504,4259,deeplift,0.31814683752285466,0.12129844800015357,0.9996960163116455
3505,2175,deeplift,0.24399172435415553,0.004342011948849292,0.9999364614486694
3506,1016,deeplift,0.11147581070901887,0.029513962867279208,0.9997708201408386
3507,1575,deeplift,0.16836534089901867,0.08233530472452734,0.9723339676856995
3508,1333,deeplift,0.7250824897677045,0.02331538972529498,0.9986074566841125
3509,1380,deeplift,0.6335288948294792,0.07737601853229782,0.9990560412406921
3510,1428,deeplift,0.42368190319222565,0.027487354243502897,0.9997190833091736
3511,2027,deeplift,0.6174019275662991,0.04644382308022334,0.9978861212730408
3512,1039,deeplift,0.4776888959109783,0.03769480086863041,0.999782383441925
3513,22,deeplift,0.5625898172689039,0.09963132451873186,0.9978649020195007
3514,1276,deeplift,0.3505429355427623,0.012961370870471,0.9998977184295654
3515,1367,deeplift,0.3923648646924385,0.09413445706284324,0.998982846736908
3516,147,deeplift,0.26158023944922854,0.0747094356587955,0.9986269474029541
3517,3226,deeplift,0.42237631134964804,0.021408109063351596,0.9973932504653931
3518,4586,deeplift,0.41614722724883785,0.09999795304611325,0.9997712969779968
3519,2301,deeplift,0.7574203736069849,0.10880082565501838,0.9987567663192749
3520,2466,deeplift,0.22080430196177575,0.11973420222995863,0.9999179840087891
3521,2876,deeplift,0.6575098846298761,0.036720344271415316,0.9994862079620361
3522,2213,deeplift,-0.17196088853395647,-0.5974804893549945,0.0878281518816948
3523,2261,deeplift,0.5029601983797665,0.04687764466955112,0.9995148181915283
3524,1956,deeplift,-0.031954287022182885,-0.05974922432373701,0.0008964388398453593
3525,2369,deeplift,0.5185378377741956,0.06375979489468514,0.9990792274475098
3526,190,deeplift,0.5632737601279385,0.049945850753121905,0.9997658133506775
3527,1834,deeplift,0.6156408951546137,0.02199089809392507,0.9997536540031433
3528,2393,deeplift,0.41874266043305397,-0.09114665538072586,0.7915317416191101
3529,282,deeplift,0.1684187650680542,0.0015606869911325388,0.9999170303344727
3530,1916,deeplift,0.283911127015017,0.19408491742797196,0.9993376135826111
3531,4527,deeplift,0.4552037554482619,0.05592175839202745,0.9988406300544739
3532,1324,deeplift,0.6774007461200922,0.0745866833648716,0.9996585845947266
3533,3576,deeplift,0.21688164307458982,0.038576481310096944,0.9996577501296997
3534,4029,deeplift,0.5522691022446041,0.030297188508895137,0.9948514103889465
3535,1683,deeplift,0.7919542695314664,0.08332408033311367,0.9994662404060364
3536,4353,deeplift,0.44186097310810557,0.09796855884899454,0.9837759137153625
3537,273,deeplift,0.5649227505812316,0.13280260285400614,0.9609127640724182
3538,1970,deeplift,0.5415867763740773,0.08757067248225212,0.9997896552085876
3539,903,deeplift,0.5348750836759185,0.031048474744671865,0.9984595775604248
3540,3599,deeplift,0.52249522505937,0.015057905878011996,0.9996839761734009
3541,2499,deeplift,0.8838225289163529,0.04440519196912646,0.9977362155914307
3542,3514,deeplift,0.34404482016258914,0.10324131389674933,0.9997149109840393
3543,2991,deeplift,0.8144076631716942,0.04372883666502802,0.999815046787262
3544,3705,deeplift,0.46912746950984,0.023320695385336876,0.999768078327179
3545,2014,deeplift,0.05113062072307505,0.01071021024216997,0.9999241828918457
3546,257,deeplift,0.48569324267683206,0.36087457097514913,0.9978786706924438
3547,3721,deeplift,0.13370608110896876,0.0016733407974243164,0.9999274015426636
3548,2368,deeplift,0.07609643141428629,0.02482992907365163,0.9999309778213501
3549,3689,deeplift,0.062145597123085185,0.0038758288038537856,0.999934196472168
3550,2574,deeplift,0.03403190952358824,0.0016257383606650612,0.9999080896377563
3551,4260,deeplift,0.5041364802216942,0.12998218106275256,0.995688259601593
3552,517,deeplift,0.44205374089294985,0.011081349465154832,0.9990198612213135
3553,3170,deeplift,0.04681032533561528,-0.2215077411886808,0.08178331702947617
3554,3201,deeplift,0.6529920415580273,0.09758792906999587,0.9957893490791321
3555,3194,deeplift,0.5481718190662239,0.021945646113675575,0.9924966096878052
3556,3897,deeplift,0.4076041929423809,0.033696357160806656,0.9990540146827698
3557,858,deeplift,0.07453649595845491,0.4766281974625599,0.9762351512908936
3558,19,deeplift,0.20186594128608704,0.46338789468562164,0.8163796067237854
3559,699,deeplift,0.230156679948171,0.021053161886003282,0.9998138546943665
3560,575,deeplift,0.11468061556418736,0.00527423620223999,0.9999368190765381
3561,1646,deeplift,0.11529181471892766,0.007388444173903693,0.999907374382019
3562,3623,deeplift,0.10067217133757544,0.05546825397305372,0.9995326995849609
3563,599,deeplift,0.44884858389850707,0.14768581285316032,0.9981202483177185
3564,2894,deeplift,0.07988778220282661,0.004737306965721978,0.9999396800994873
3565,305,deeplift,0.4507454542337723,0.05419850054214585,0.9993307590484619
3566,3433,deeplift,0.20456600695286156,0.0057306694534589656,0.9998227953910828
3567,3826,deeplift,0.727120253443718,0.05101709498299493,0.9818872213363647
3568,1350,deeplift,0.3753672226825181,0.027464112814734962,0.9943504929542542
3569,2129,deeplift,0.7526538384527984,0.024046860296617855,0.9983017444610596
3570,1422,deeplift,0.41855505108833313,0.025593944286045275,0.9996740818023682
3571,3819,deeplift,0.32863406820053404,0.024886646562001923,0.9984520673751831
3572,1527,deeplift,0.04853052139282227,0.0034378087520599366,0.9999376535415649
3573,1087,deeplift,0.06349404427138242,0.004883014343001626,0.9999384880065918
3574,1484,deeplift,0.06223497012766396,0.12295887110436834,0.9995259046554565
3575,3513,deeplift,0.2603470212779939,0.11735029835253954,0.9994493126869202
3576,3361,deeplift,0.031626232465108234,0.04939040078057183,0.999293327331543
3577,1323,deeplift,0.7613767363480293,0.031923813621203105,0.9977144002914429
3578,1553,deeplift,0.6014000563217061,0.022405012377670834,0.9996764659881592
3579,3687,deeplift,0.18076144105621747,0.0034244273390088764,0.9998612403869629
3580,4368,deeplift,0.3596430218988849,0.06024397489043974,0.9996041655540466
3581,3165,deeplift,0.47820334994922514,0.04848267883062363,0.9997616410255432
3582,1309,deeplift,0.3788513744419271,0.030204389582980763,0.9997159838676453
3583,2983,deeplift,0.3780387935157006,0.07533444248092099,0.9997509121894836
3584,3378,deeplift,0.49850855933295357,0.1914378363225195,0.9983618855476379
3585,345,deeplift,-0.29816506403174414,-0.15131429431272883,0.09959545731544495
3586,1086,deeplift,0.3940415780991316,0.054690244048833846,0.9997208714485168
3587,923,deeplift,0.39064310838778815,0.05763428770005703,0.9997708201408386
3588,1571,deeplift,0.20551933534443378,0.017147991806268692,0.9983104467391968
3589,842,deeplift,0.5299248062834447,0.09659754187438865,0.990315854549408
3590,2165,deeplift,0.7521697375744295,0.052809283880588524,0.9531433582305908
3591,608,deeplift,0.3954078033566475,0.06672347264121407,0.9997633099555969
3592,285,deeplift,0.3516963068395853,0.08121032454073429,0.9996041655540466
3593,2009,deeplift,0.4635925930078057,0.02339980514212088,0.9997312426567078
3594,807,deeplift,0.34229369669459586,0.026335597038269043,0.9999251365661621
3595,4511,deeplift,0.48312702945743996,0.07774662591206531,0.9997615218162537
3596,2495,deeplift,0.4242253763710751,0.023792330394772923,0.9997606873512268
3597,405,deeplift,0.4513877128650035,0.04236318718413917,0.9994694590568542
3598,218,deeplift,0.573162775727049,0.08757595285292595,0.9995858073234558
3599,1976,deeplift,0.07041083829743522,0.3023065898567438,0.9958023428916931
3600,4040,deeplift,0.7375049090161073,0.0881639269434593,0.9979668259620667
3601,2461,deeplift,0.30137570710344747,0.029681041385188248,0.9994953870773315
3602,2095,deeplift,0.2960756209169356,0.037549236367614765,0.9996145963668823
3603,327,deeplift,0.23177961334586145,0.11926842946559191,0.8981558084487915
3604,2957,deeplift,0.6382739701608228,0.06295171297960363,0.9996838569641113
3605,1778,deeplift,0.5540088102085671,0.20932987153840563,0.9954015016555786
3606,688,deeplift,0.4320054004589717,0.02307761250398098,0.999686598777771
3607,393,deeplift,0.3006613352097189,0.1900087900650807,0.9983372688293457
3608,3495,deeplift,0.345828486079315,0.03541943831545002,0.9997907280921936
3609,2741,deeplift,0.4084809281579826,0.038337310371191605,0.9997590184211731
3610,3105,deeplift,0.5740861467373021,-0.0976872003596762,0.7089082598686218
3611,3579,deeplift,0.47007890130792346,0.24832639496640435,0.9993767142295837
3612,4460,deeplift,0.4982281760015386,0.1456617443733155,0.9996813535690308
3613,1491,deeplift,0.17449030515394712,0.008373895758076719,0.9999392032623291
3614,882,deeplift,0.27898779263099033,0.03727925486034817,0.9983023405075073
3615,2085,deeplift,0.3134745403572365,0.029090302961843985,0.9996563196182251
3616,1769,deeplift,0.4782422085314296,0.022717567030773607,0.9996805191040039
3617,3177,deeplift,0.21243484318256378,-0.20597906282969883,0.6650061011314392
3618,3766,deeplift,0.33896849514582217,0.07029163882804987,0.9997426867485046
3619,2049,deeplift,0.11519652418792248,0.023316667415201664,0.9997180104255676
3620,794,deeplift,0.023776256225325844,0.027507176453416996,0.9999421834945679
3621,1617,deeplift,0.37403839275551337,0.09222619177954686,0.999640703201294
3622,21,deeplift,0.48545586635117177,0.03910728502604696,0.9997922778129578
3623,2626,deeplift,0.11317672332127889,0.10454747076663706,0.9998906850814819
3624,2199,deeplift,-0.0182841707651581,-0.03780298774751524,0.003585011698305607
3625,4578,deeplift,0.1790420856881649,0.07409771801309382,0.9999222755432129
3626,1535,deeplift,0.7676478892018825,0.06016821516998883,0.9993570446968079
3627,1012,deeplift,0.6753356617737154,0.13117042346857488,0.985027551651001
3628,3302,deeplift,0.38826232731342314,0.04884931564331055,0.9996715784072876
3629,3059,deeplift,0.368701064089934,0.04327431619167328,0.9987539052963257
3630,1172,deeplift,0.08895235170017589,0.014010151678865606,0.999935507774353
3631,3322,deeplift,0.3524088547810128,0.16127450695555462,0.9968185424804688
3632,3232,deeplift,0.8015718783949111,0.072782002389431,0.8737022280693054
3633,3859,deeplift,0.2541243326969636,0.007656205923129351,0.9999407529830933
3634,1015,deeplift,0.5520008292568978,0.02143802355195201,0.9994232654571533
3635,1364,deeplift,0.5650741035503376,0.006041320769683174,0.9999010562896729
3636,2757,deeplift,0.050328881353945344,0.0005900883996808851,0.998711347579956
3637,182,deeplift,0.16456848529039644,-0.28671533869141164,0.5817652344703674
3638,1107,deeplift,0.12100507919159201,0.018662042087978788,0.9999330043792725
3639,188,deeplift,0.3447862978492464,0.0761166023356574,0.9995160102844238
3640,2990,deeplift,0.46143721013019484,0.08384425984695554,0.9992591738700867
3641,2951,deeplift,0.4512027822590123,-0.01564345512694369,0.8948888182640076
3642,3539,deeplift,0.0379139903264168,0.0095939162449959,0.9999409914016724
3643,3473,deeplift,0.39338939109196264,0.020647283953924973,0.9995162487030029
3644,1655,deeplift,0.3247853551545869,0.05885575242016627,0.9880483150482178
3645,3422,deeplift,0.5151703811210134,0.021095524501541386,0.9997698664665222
3646,4077,deeplift,0.08199688601421147,0.06693996307326526,0.9997468590736389
3647,3015,deeplift,0.1944525799443645,0.038980122535459454,0.9999136924743652
3648,2713,deeplift,0.19489167974545404,0.0232583788725046,0.9998477697372437
3649,3397,deeplift,0.6715555618853962,0.05196752652842948,0.9997735619544983
3650,1266,deeplift,0.37898921655834694,0.014734749815293722,0.9997161030769348
3651,1623,deeplift,0.16692174799167192,0.0677313525050592,0.9997606873512268
3652,3358,deeplift,0.7286143094478619,0.021486732399179823,0.9997507929801941
3653,373,deeplift,0.1419578120112419,0.04921761713922024,0.9999326467514038
3654,2026,deeplift,0.23683667919702,0.0536456011235714,0.9993563294410706
3655,1524,deeplift,0.42802077761063206,0.038404516875743866,0.9997822642326355
3656,422,deeplift,0.5050890182277986,0.02210878155061177,0.9997616410255432
3657,3169,deeplift,0.18980819863431594,0.013901633374831256,0.9998743534088135
3658,3650,deeplift,0.044591882012107155,0.0019011432474309747,0.9999430179595947
3659,3800,deeplift,0.3748732902743715,0.14560108933042973,0.9991720914840698
3660,1120,deeplift,0.16044556237054322,0.09194042821818928,0.9997346997261047
3661,2249,deeplift,0.10850069134734398,0.038129101139168405,0.9996480941772461
3662,4043,deeplift,0.20366151596224585,0.004798746386239695,0.999901294708252
3663,616,deeplift,0.26269701071854296,0.06029587393176967,0.9978971481323242
3664,2691,deeplift,0.6271408590412623,0.041271209314062786,0.9995947480201721
3665,2043,deeplift,0.3561476457814154,0.07558128527723186,0.9951033592224121
3666,3188,deeplift,0.6661563492193818,0.02014528162777424,0.9996837377548218
3667,2835,deeplift,0.3403545750591617,0.054475975796007194,0.9997915625572205
3668,4211,deeplift,0.1033819963534673,0.016008532047271727,0.9999293088912964
3669,917,deeplift,0.32036400958895683,0.020513668656349182,0.9920033812522888
3670,4100,deeplift,0.43296617120504377,0.07627254476149876,0.9977766871452332
3671,1162,deeplift,0.3988980431018806,0.0342225630472346,0.9987475872039795
3672,3716,deeplift,0.44748029511335286,0.06531465439082579,0.9998213648796082
3673,1248,deeplift,0.15031062684408047,0.004994294992307338,0.9999306201934814
3674,828,deeplift,0.09052375529674773,0.004774167182597708,0.9999380111694336
3675,2243,deeplift,-0.08461434478616162,0.0012224681357169644,0.02579612098634243
3676,2902,deeplift,0.23624659227734468,0.018418274714418176,0.9997243285179138
3677,337,deeplift,0.38855117845993775,0.07964015312683888,0.9995959401130676
3678,2351,deeplift,0.494580146484077,0.03044838771224022,0.9995847344398499
3679,1959,deeplift,0.47033456452190875,0.023959410935640336,0.9972550272941589
3680,3431,deeplift,-0.22912789617839735,-0.02291606794051404,0.00036186506622470915
3681,4374,deeplift,0.40231307337478717,0.07831571594697936,0.9994891881942749
3682,1102,deeplift,0.2755661525509574,0.034319582310589875,0.9999380111694336
3683,1246,deeplift,0.018808582372832717,0.002795085572359855,0.9999332427978516
3684,1176,deeplift,0.19615012241734398,0.09403737551636165,0.9998319149017334
3685,4579,deeplift,0.004649101363288032,0.025344014167785645,0.9999203681945801
3686,3195,deeplift,0.07523586410132017,0.1724722907803131,0.38375335931777954
3687,2790,deeplift,0.3730552390962839,0.061252472773194316,0.9992958307266235
3688,3877,deeplift,0.7403105755254815,0.0931545960761252,0.9914222359657288
3689,93,deeplift,0.5405968292399721,0.023956773759320725,0.9984662532806396
3690,2795,deeplift,0.6874927218595985,0.276413481883906,0.892436146736145
3691,2317,deeplift,0.28180734626948833,0.048663200471888886,0.9906683564186096
3692,385,deeplift,0.3649299279311482,0.03814773375586587,0.9997519850730896
3693,913,deeplift,0.38850996191754483,0.060291193651430534,0.9996331930160522
3694,693,deeplift,0.5208804733637307,0.021234537509304506,0.9674268960952759
3695,3241,deeplift,0.5715600674506277,0.042393254954367875,0.9992102384567261
3696,2471,deeplift,0.31080845310067645,0.17202706325191017,0.9979719519615173
3697,311,deeplift,0.34528919070396785,0.020700725041470438,0.9997581839561462
3698,334,deeplift,0.5517121278966408,0.05874186828029605,0.999934196472168
3699,861,deeplift,0.05511051857912982,0.0034548110432094997,0.9998906850814819
3700,1454,deeplift,0.26735519369443256,0.11160929480360614,0.999445378780365
3701,2684,deeplift,0.5654781992615306,0.018113903982459375,0.9997395873069763
3702,1224,deeplift,0.46029314500077406,0.5360863102812858,0.6110888123512268
3703,2585,deeplift,0.09525801210987325,0.0036533681713804907,0.9999161958694458
3704,708,deeplift,0.4448332423749177,0.029783758294323216,0.9994958639144897
3705,3141,deeplift,0.053691901590513146,0.006071523479793383,0.9999386072158813
3706,38,deeplift,0.44000041477803914,0.03482011558031136,0.9970207810401917
3707,2683,deeplift,0.5702827190048992,0.07315940475091338,0.9997358918190002
3708,935,deeplift,0.12447485569104248,0.17301888087270212,0.9997422099113464
3709,3339,deeplift,0.16961093959601029,0.02472069065855897,0.9999347925186157
3710,1325,deeplift,0.507618475012308,0.025862680964691694,0.999762237071991
3711,2120,deeplift,-0.01365244765674659,-0.28687760434296056,0.0098820636048913
3712,470,deeplift,0.20407593751002512,0.298237903815944,0.9994279742240906
3713,3393,deeplift,0.1961224465756803,0.008076008912679311,0.999913215637207
3714,1942,deeplift,0.29173705509553355,0.019019766400257748,0.9999091625213623
3715,3371,deeplift,0.593141767118747,0.02624405837721295,0.9995042085647583
3716,1713,deeplift,0.6866828467982882,0.12193693350190701,0.7611915469169617
3717,160,deeplift,0.0112138417634097,0.005003621632402594,0.9997265934944153
3718,1192,deeplift,0.32570230290293695,0.009320428967475891,0.9999144077301025
3719,2161,deeplift,0.07188445812947042,0.023756114212242333,0.9999277591705322
3720,3925,deeplift,0.8192058363681293,0.031799619116621915,0.9990829229354858
3721,3619,deeplift,0.10253067772303309,0.01536025426217488,0.9777315258979797
3722,4209,deeplift,0.7341000039118509,0.016621522414378632,0.9586831331253052
3723,3524,deeplift,0.39611751626691094,0.020835298073032627,0.9990906715393066
3724,353,deeplift,0.4797483050093359,0.04018381605761088,0.999738872051239
3725,2548,deeplift,0.38961326401858104,0.15887658863461443,0.9995682835578918
3726,4202,deeplift,-0.025811204739979336,0.05984693446329662,0.6926886439323425
3727,1014,deeplift,0.5808153008195487,0.05300344757058404,0.9995049238204956
3728,1200,deeplift,0.2210311610251665,0.02957482822239399,0.9997790455818176
3729,4580,deeplift,0.005521330568525527,0.0016624452891173187,0.9999163150787354
3730,3087,deeplift,0.4511425408667752,0.03122755778687341,0.9995974898338318
3731,1305,deeplift,0.6665310171432793,0.025642638094723225,0.994238018989563
3732,112,deeplift,0.17039141152054071,0.016573334112763405,0.9998038411140442
3733,1853,deeplift,0.5960224007792545,0.03247658231041648,0.9997662901878357
3734,4310,deeplift,0.4389848187674097,0.1298915299825197,0.9997687935829163
3735,3873,deeplift,0.20333265238686613,0.008462535707574142,0.9999330043792725
3736,4216,deeplift,0.32748505307958936,0.04198002664126315,0.9997439980506897
3737,14,deeplift,0.1453827588873751,-0.10764881617882673,0.7362715005874634
3738,3915,deeplift,0.5440319353315447,0.10158241687043171,0.9788841009140015
3739,2387,deeplift,0.36169378710023703,0.1445716684434696,0.9993690848350525
3740,533,deeplift,0.8918131689189024,0.23291855454001398,0.9764451384544373
3741,3551,deeplift,0.3321660063146347,0.05144442308561078,0.9994766116142273
3742,851,deeplift,0.46458966115658934,0.04233469119803472,0.9997901320457458
3743,1418,deeplift,0.5738653629985556,0.047475230177504976,0.9909952282905579
3744,3446,deeplift,0.5789795267679121,0.02448963325308717,0.9997702240943909
3745,1318,deeplift,0.24962033568458122,0.07791367503391071,0.9949485063552856
3746,677,deeplift,0.17358849389212472,0.008573782444000245,0.9995980858802795
3747,3740,deeplift,0.5254205686738714,0.03555440548807383,0.9996871948242188
3748,1317,deeplift,0.6033294398983373,-0.18070501980722928,0.6237097382545471
3749,1072,deeplift,0.881356439699448,0.12508895858554753,0.9997788071632385
3750,4275,deeplift,-0.3351943015819415,-0.3457818650640547,0.024295154958963394
3751,655,deeplift,0.8531559180661008,0.5430568888430195,0.9970287680625916
3752,3128,deeplift,0.554296967459888,0.044435139654613126,0.9994780421257019
3753,3143,deeplift,0.15441950062910717,0.0659495030840238,0.9999178647994995
3754,568,deeplift,0.5290421755718333,0.11130692991594385,0.9994500279426575
3755,1871,deeplift,0.1640242338180542,0.008964499831199646,0.9999284744262695
3756,3956,deeplift,0.2798940935689542,0.0535509627726343,0.9997894167900085
3757,121,deeplift,0.020817813064370836,0.006241069308349064,0.9997743964195251
3758,3150,deeplift,0.5086439096409342,0.06044187354247855,0.9997784495353699
3759,587,deeplift,0.05184620160322923,0.008196399762080265,0.9999291896820068
3760,3061,deeplift,0.6110191466856976,0.10478444336628427,0.9979548454284668
3761,3162,deeplift,0.43957592277891105,0.017357516757867956,0.9997709393501282
3762,1254,deeplift,0.008101919966359292,0.003796917776907644,0.9999192953109741
3763,2658,deeplift,0.4259503052589741,0.02161500317619202,0.9993662238121033
3764,163,deeplift,0.020460740312353357,0.5187511839964366,0.9998517036437988
3765,1322,deeplift,0.5907747200203698,0.015281949915103059,0.999629020690918
3766,4249,deeplift,0.6475492899808821,0.024425632472742688,0.8326014876365662
3767,360,deeplift,0.6818180188626772,0.02468059296088834,0.9997087121009827
3768,1768,deeplift,0.33631902666024444,0.006002231588903463,0.9999029636383057
3769,732,deeplift,0.7554136134819903,0.11288206597479682,0.9986885190010071
3770,2671,deeplift,0.5805424911708668,0.23181363200725674,0.9972802400588989
3771,691,deeplift,0.4260213691064761,0.11852544576332376,0.537680983543396
3772,79,deeplift,0.6689929913177535,0.07181486690037504,0.9984980821609497
3773,2776,deeplift,0.4172770839861848,0.06225571967661381,0.9995684027671814
3774,1053,deeplift,0.6452175065436784,0.1992345847481606,0.998623251914978
3775,410,deeplift,0.08717574675877889,0.32786434284297,0.9997599720954895
3776,4367,deeplift,0.2590582924229758,0.03310994165284293,0.9834858179092407
3777,1667,deeplift,0.25119013506919147,0.036397108994424346,0.99955815076828
3778,3349,deeplift,0.6770498262290078,0.1711837689791407,0.9982094764709473
3779,2672,deeplift,0.22547182169827548,0.012489376646099669,0.9998984336853027
3780,4038,deeplift,0.5517271564402166,0.01612575263566067,0.999718964099884
3781,4552,deeplift,0.4278448094778201,0.028013999190400627,0.9998063445091248
3782,1542,deeplift,0.09592001413812443,0.04751936437524095,0.9989033937454224
3783,1336,deeplift,0.18542406547303295,0.004023146395589791,0.9999227523803711
3784,1519,deeplift,0.45302809817859757,0.025097814316932972,0.9997904896736145
3785,1229,deeplift,0.5178669387847186,0.020416024029254912,0.9993537068367004
3786,1968,deeplift,0.6271088623519366,0.0405555687029846,0.9977643489837646
3787,4416,deeplift,0.11957414400878183,0.5852927398916922,0.9992958307266235
3788,2109,deeplift,0.1993443426813503,0.3947986692159635,0.9996541738510132
3789,725,deeplift,0.4185323814551036,0.023466555312985464,0.9994435906410217
3790,1134,deeplift,-0.3062014093267776,-0.09431539254174345,0.24350415170192719
3791,101,deeplift,0.31153388046052144,0.29940608409537084,0.9965853691101074
3792,4266,deeplift,0.5060193497514309,0.05060306451348371,0.9994989633560181
3793,2253,deeplift,0.27846587621248686,0.04218848775594662,0.999208390712738
3794,1269,deeplift,0.17633775683740774,0.0048890138665835066,0.9999366998672485
3795,2813,deeplift,0.31187342921538014,0.11951382500784738,0.99965500831604
3796,193,deeplift,0.47066829647078656,0.07748440585353157,0.9993638396263123
3797,1127,deeplift,0.6388377108283945,0.07430107388141993,0.9997536540031433
3798,2871,deeplift,0.8479530561244024,0.025478621263329577,0.9997450709342957
3799,3470,deeplift,0.6413524866905337,0.17982924120202798,0.9930214285850525
3800,280,deeplift,0.4330017084353848,0.030626164455162853,0.99970942735672
3801,1696,deeplift,0.4040356207988225,0.05859978869557381,0.9990069270133972
3802,2623,deeplift,0.09973001215193007,-0.00044115914238823786,0.9932789206504822
3803,2139,deeplift,0.363063449283009,0.05289553559344748,0.999329686164856
3804,3438,deeplift,0.09543204443021254,0.006435625932433389,0.9999388456344604
3805,82,deeplift,0.26159997820854186,0.008501707315444947,0.9998000264167786
3806,876,deeplift,0.6172001188689912,0.04967130141125785,0.9615743160247803
3807,2719,deeplift,0.1310927614252618,0.003931498273890069,0.9999428987503052
3808,2374,deeplift,0.24875782038036146,0.014633208513259888,0.9995403289794922
3809,1569,deeplift,0.7364018503756093,0.020598637613844364,0.999365508556366
3810,2416,deeplift,0.14390740791956583,0.0036580475668112435,0.9999324083328247
3811,3724,deeplift,0.4376550804823637,0.07391818761825561,0.9975895881652832
3812,3511,deeplift,0.7849974800366908,0.09933784749358893,0.9966631531715393
3813,4046,deeplift,0.2439379874892809,0.059068246779066545,0.9979152083396912
3814,2132,deeplift,0.36954626468094914,0.04961977871981534,0.9993273019790649
3815,2932,deeplift,0.4931380296783412,0.02719257859622731,0.9991326928138733
3816,3414,deeplift,0.18381886565408043,0.005091191724289295,0.9997473359107971
3817,1009,deeplift,0.3388204202055931,0.007130452772466148,0.9999313354492188
3818,4171,deeplift,0.1823201513871914,0.020944519013893312,0.9999346733093262
3819,1439,deeplift,0.2309368677361279,0.18078593469738047,0.9999344348907471
3820,3603,deeplift,0.4180232100188732,0.02881686865936878,0.9997875094413757
3821,2680,deeplift,0.4530798816076462,0.0334979802662251,0.9995542168617249
3822,4297,deeplift,0.05733804049946013,0.006540292785281227,0.999887228012085
3823,630,deeplift,0.5882173362291522,0.04250500119394726,0.9997987151145935
3824,638,deeplift,0.5150053214667172,0.03243829618240225,0.9995785355567932
3825,455,deeplift,0.31483332876195297,0.16958613119068297,0.9885410666465759
3826,129,deeplift,0.08180946773952907,0.08678706321451399,0.9999216794967651
3827,3544,deeplift,0.14837671178154266,0.12128188566137584,0.9996554851531982
3828,2705,deeplift,0.16246575804857108,0.009823540082344642,0.998616099357605
3829,4542,deeplift,0.4856335214512833,0.04862710726210626,0.9994493126869202
3830,1736,deeplift,0.19368577555373864,0.08619709312915802,0.9988632202148438
3831,1442,deeplift,0.5222438968172888,0.02547400953566156,0.9989868998527527
3832,836,deeplift,0.6556515732809203,0.029138128738850355,0.9957411289215088
3833,3713,deeplift,0.23377694571629548,0.0239650098941265,0.9998024106025696
3834,963,deeplift,-0.22220012847462606,-0.08486449130778682,0.1722792387008667
3835,3500,deeplift,0.3974109168350697,0.11430385790765285,0.9985418319702148
3836,1386,deeplift,0.5017192757804878,0.07884408673271537,0.9997828602790833
3837,3631,deeplift,0.708051811637623,0.06820917357595599,0.9996988773345947
3838,3220,deeplift,0.566311465649336,0.048236130937641744,0.999125063419342
3839,1920,deeplift,0.34484951095334415,0.11681449689484875,0.9993933439254761
3840,3065,deeplift,0.8688927091767683,0.03040925895466524,0.9984636306762695
3841,4122,deeplift,0.13798501222364365,0.0154396160956352,0.9999406337738037
3842,2735,deeplift,0.5261515485630794,0.0208748286081986,0.9997478127479553
3843,1441,deeplift,0.4376270329313619,0.024303324343193145,0.9997524619102478
3844,860,deeplift,0.40089924836700613,0.056761329104615885,0.9985270500183105
3845,930,deeplift,0.04608292912327966,0.017987406531045604,0.9999330043792725
3846,2920,deeplift,0.45818743311489624,0.016064353701141145,0.9837579131126404
3847,3073,deeplift,0.5627530473642625,0.041404283533875756,0.9581029415130615
3848,2537,deeplift,0.36614407385315967,0.1082271764821866,0.9997439980506897
3849,4582,deeplift,0.2553075530180117,0.016440567446918023,0.9996926784515381
3850,173,deeplift,0.0257898364494096,0.008292475743080252,0.9984564781188965
3851,1056,deeplift,0.2601787558486385,0.08512865054991937,0.9989043474197388
3852,2870,deeplift,0.48193697091559634,0.0752006148410912,0.9997250437736511
3853,50,deeplift,0.9130226265536164,0.07089022255968302,0.9988952875137329
3854,2560,deeplift,0.14686591655780107,0.09186615699376816,0.999908447265625
3855,31,deeplift,0.2582301293548785,0.028417431210216722,0.9997630715370178
3856,3419,deeplift,0.12655653344823958,0.003683280437550646,0.9999228715896606
3857,3023,deeplift,0.068428453010649,0.23218716898049085,0.9997532963752747
3858,1433,deeplift,0.5632247242649071,0.0374538895414501,0.998925507068634
3859,399,deeplift,0.1980137864456457,0.09543556935044334,0.9999289512634277
3860,3793,deeplift,0.3113894266800748,0.038335103458828394,0.9994363188743591
3861,3354,deeplift,0.3805400114506483,0.0532155092805624,0.9999203681945801
3862,749,deeplift,0.7494583217353682,0.4127756826402176,0.8262404203414917
3863,3479,deeplift,0.3359824658027324,0.03785146772861481,0.9997844099998474
3864,3212,deeplift,0.2338518670035733,0.15483098932438427,0.9915026426315308
3865,617,deeplift,0.21494371838429394,0.008826471426907708,0.9999336004257202
3866,4442,deeplift,0.4836441394037161,0.04221197275015024,0.9992184638977051
3867,2130,deeplift,0.8004255711004652,0.08805964251273665,0.9997063279151917
3868,283,deeplift,0.3875907242564218,0.21618247225747578,0.9996964931488037
3869,4517,deeplift,0.5279434614238285,0.08273392206146604,0.9997127652168274
3870,1217,deeplift,0.4478441041934749,0.12377408605433353,0.9997401833534241
3871,55,deeplift,0.5050441681096951,0.05907297879457474,0.999502420425415
3872,2038,deeplift,0.4515036618603127,0.033727015501686504,0.9997771382331848
3873,1302,deeplift,0.31309963085434656,0.11516473759812387,0.9997850060462952
3874,2767,deeplift,0.10648947900959424,0.020666291937232018,0.6382457613945007
3875,1813,deeplift,0.7736084490569065,0.04550309090510658,0.9982916712760925
3876,3881,deeplift,0.5418424145835969,0.06397449447669917,0.9993495345115662
3877,434,deeplift,0.29705185931304406,0.056531349132800925,0.9998668432235718
3878,115,deeplift,0.3223910530629967,0.03772810420819691,0.9998924732208252
3879,2119,deeplift,0.39936512753818976,0.10256537840221867,0.9998014569282532
3880,2923,deeplift,0.18029508082305684,0.03058520835988662,0.999937891960144
3881,3392,deeplift,0.4611403481275947,0.12145971644807745,0.9993243217468262
3882,1789,deeplift,0.5521220010265989,0.02272481218261539,0.9997801184654236
3883,1103,deeplift,0.03382564757181251,0.021787921371667282,0.9999274015426636
3884,348,deeplift,0.2904257654692187,0.07896798044781793,0.8458763957023621
3885,4441,deeplift,0.18389865989778556,0.003522837863248937,0.9999092817306519
3886,78,deeplift,0.13715333850295455,0.03845225440131293,0.9999380111694336
3887,3224,deeplift,0.24345681835443544,0.009174855855795054,0.9999427795410156
3888,1821,deeplift,0.16267725387040308,0.021653371698716107,0.9997754693031311
3889,1735,deeplift,0.2673319665328512,0.0039862495548320265,0.9999364614486694
3890,2473,deeplift,0.09991758645966996,0.006987489933191344,0.9999082088470459
3891,4204,deeplift,0.5047327121480917,0.04377021774267539,0.9995266199111938
3892,3395,deeplift,0.17961710691452026,0.03237168618610927,0.9998862743377686
3893,3405,deeplift,0.8256420942821673,0.07007397285529546,0.9555742740631104
3894,1431,deeplift,0.1638432824611664,0.010111182928085327,0.9995425939559937
3895,2113,deeplift,0.4049875493669374,0.04217991182072596,0.9997621178627014
3896,1294,deeplift,-0.259887456953367,-0.031055553836074282,0.12968359887599945
3897,2798,deeplift,-0.21851363172237243,0.005145545861321605,0.012777583673596382
3898,4241,deeplift,0.27990633299624595,0.02501001672164814,0.9996380805969238
3899,2697,deeplift,0.1375967264175415,0.040858398945558635,0.9884060621261597
3900,735,deeplift,0.44371190987700637,0.036275669239288155,0.999651312828064
3901,2398,deeplift,0.49125728227526827,0.09801493409801931,0.9996328353881836
3902,1921,deeplift,0.3797967888128299,0.06234202643211644,0.9974937438964844
3903,2454,deeplift,0.5169848505645356,0.05075480376786374,0.9868724346160889
3904,2436,deeplift,0.48966902943656726,-0.01528932636275011,0.6879131197929382
3905,3313,deeplift,0.474387489826135,0.13187214472260245,0.9958451390266418
3906,2602,deeplift,0.29342711285540934,0.12841724600079224,0.9996352195739746
3907,1378,deeplift,0.2628385030454205,0.49549287228728645,0.9689615368843079
3908,4172,deeplift,0.7102340056651062,0.06024006369613832,0.9946192502975464
3909,140,deeplift,0.018709858781413027,0.008891483670786807,0.9997726082801819
3910,2482,deeplift,0.553085757673464,0.12330941792408173,0.9996614456176758
3911,2566,deeplift,0.2585546135464135,0.03774466409402735,0.9996492862701416
3912,3043,deeplift,0.22849110893483432,0.06878895052480248,0.9995561242103577
3913,2718,deeplift,0.4210858903825283,0.024671640835310284,0.999789297580719
3914,1010,deeplift,0.5383016178932261,0.037467981086057776,0.9994291663169861
3915,1516,deeplift,0.5550147188166322,-0.2840426691275622,0.611278772354126
3916,1988,deeplift,0.3854039769948405,0.1317872098811409,0.999685525894165
3917,2942,deeplift,0.46327511905818375,0.029006135624808235,0.9995535016059875
3918,3097,deeplift,0.3478722511231899,0.03863328710198402,0.999742329120636
3919,151,deeplift,0.3610866463184357,0.060423809289932254,0.9639233946800232
3920,2319,deeplift,0.5103871640190483,0.09979113158187829,0.9901373386383057
3921,1373,deeplift,0.817432795656226,0.059942860792322854,0.9997658133506775
3922,1358,deeplift,0.8757476417394072,0.05762067439758943,0.9988759160041809
3923,1873,deeplift,0.7593733893762178,0.0728167008389445,0.9902647733688354
3924,2668,deeplift,0.1691344793026264,0.05708929609793883,0.9999090433120728
3925,4357,deeplift,0.8856511595485909,0.05099915365713674,0.9990045428276062
3926,62,deeplift,0.39618027243349285,0.004004383087158203,0.999931812286377
3927,1795,deeplift,0.17056288082024146,0.023291682374888455,0.9999234676361084
3928,1000,deeplift,0.11726763406220604,0.0964178959839046,0.9997530579566956
3929,3679,deeplift,0.6018180798150992,0.024342141849429982,0.9997993111610413
3930,1850,deeplift,0.13336995706476015,0.02278689269361825,0.998589813709259
3931,2825,deeplift,0.44510606217842835,0.1516468475590675,0.9998986721038818
3932,3964,deeplift,0.6983985633213217,0.018243802711367607,0.999750554561615
3933,1625,deeplift,0.21011141134159905,0.010106730461120605,0.9999339580535889
3934,1313,deeplift,0.7767351116404718,0.199291390243589,0.9997521042823792
3935,4320,deeplift,0.16337129393139402,0.006132435154270481,0.9997965693473816
3936,2166,deeplift,0.7256503520766273,0.07020757363025783,0.9997931122779846
3937,2184,deeplift,0.6142591134024163,0.23166997998745906,0.9955392479896545
3938,4148,deeplift,0.14552727341651917,0.055547107838922076,0.9999343156814575
3939,300,deeplift,0.38635588205366767,0.018500674586251098,0.9997203946113586
3940,339,deeplift,0.35662403436643736,0.047705796480711014,0.9997205138206482
3941,2220,deeplift,0.6959028602375285,0.0625959639639958,0.9997548460960388
3942,1587,deeplift,0.19887528475373983,0.03852434456348419,0.9998394250869751
3943,4410,deeplift,0.526315507127179,0.08225812705026733,0.9997898936271667
3944,3009,deeplift,0.2834123754326035,0.02163831582840751,0.9995825886726379
3945,4314,deeplift,0.5524682517235096,0.032038587981309645,0.9995521903038025
3946,2236,deeplift,0.29687935849878844,0.21567985379114385,0.8126024603843689
3947,3837,deeplift,0.18380392988522848,0.015569208065668742,0.999776303768158
3948,2512,deeplift,0.46710759842687327,0.02735111587073492,0.9997861981391907
3949,4272,deeplift,0.3410921809382928,0.07238529269129802,0.9996488094329834
3950,2294,deeplift,0.3978766939469746,0.10462324252086026,0.9994392991065979
3951,3416,deeplift,0.24380645070757184,0.023890646866389684,0.9999258518218994
3952,3694,deeplift,0.5949997832862343,0.07147175818681717,0.9976987242698669
3953,108,deeplift,-0.4080208401661366,-0.29958492442965506,0.23390141129493713
3954,3795,deeplift,0.5277148431373967,0.18909303674008698,0.996711254119873
3955,3228,deeplift,0.5088047469232945,0.01941371518880763,0.9996755123138428
3956,4327,deeplift,0.005158485306633843,0.01719462606641981,0.9999361038208008
3957,4444,deeplift,0.2370758134012039,0.018501291911189374,0.9992326498031616
3958,932,deeplift,0.6818714239899154,0.03984734781481551,0.9995693564414978
3959,3245,deeplift,0.5775923531095032,0.05266794385388494,0.9996263980865479
3960,1037,deeplift,0.0525336598241052,0.006468334863352221,0.999936580657959
3961,3070,deeplift,0.04772251683312494,0.008007271869762524,0.9999281167984009
3962,507,deeplift,0.2559015052393079,0.07206586189568043,0.99973064661026
3963,1983,deeplift,0.29021405892239677,0.006324658128950331,0.9999369382858276
3964,635,deeplift,0.5851229417324066,0.03450973689556122,0.9995065927505493
3965,102,deeplift,0.5967698061853768,0.039520211953429446,0.9962306618690491
3966,2618,deeplift,0.5416928684792003,0.03608987581085514,0.999721109867096
3967,2452,deeplift,0.718656349554658,0.03551726755168703,0.9994428753852844
3968,2433,deeplift,0.08603681148366725,0.0200149600810193,0.9952096343040466
3969,2955,deeplift,0.5048029147661649,0.04458802556380247,0.9993991851806641
3970,4406,deeplift,0.45144602282588103,0.0016621180943080357,0.9999321699142456
3971,146,deeplift,0.7046974453526976,0.055050579955180486,0.9929821491241455
3972,2277,deeplift,0.33733310595154764,0.05027482748031616,0.9987791180610657
3973,628,deeplift,0.4568065020345872,0.03215250661296229,0.9996241331100464
3974,4147,deeplift,0.30835465393417205,0.10609245747327804,0.9977594614028931
3975,2488,deeplift,0.5905481740987946,0.23338786797608102,0.7708569765090942
3976,4587,deeplift,0.6591031913730231,0.1272340931675651,0.9977166652679443
3977,624,deeplift,0.8939437854569405,0.17607216311770227,0.9758737683296204
3978,1402,deeplift,0.06314595278940703,0.01977553963661194,0.9999257326126099
3979,1547,deeplift,0.6615246685091839,0.04309429332267407,0.9995481371879578
3980,1680,deeplift,0.2716547936201096,0.032731718569993976,0.9995798468589783
3981,2779,deeplift,0.6636991934196669,0.025301455741836912,0.9997870326042175
3982,3616,deeplift,0.4662998314129143,0.06821150313381379,0.9381188154220581
3983,3676,deeplift,0.14943089336156845,0.007113407552242279,0.9999200105667114
3984,2004,deeplift,0.24712690863853845,0.0075441507192758415,0.9987618923187256
3985,2141,deeplift,0.36957928849520477,0.022752559948258283,0.999660849571228
3986,4045,deeplift,0.3865098639166561,0.016166238949216646,0.9999228715896606
3987,1761,deeplift,0.12048831098788493,0.01321893447154277,0.9999334812164307
3988,266,deeplift,0.06328941629947843,0.1497416234373845,0.5002744197845459
3989,4195,deeplift,0.5421001972194682,0.05619337901155999,0.9997265934944153
3990,1808,deeplift,0.5890967820533642,0.12078451518170244,0.9724524021148682
3991,3786,deeplift,0.7832359024298754,0.022273941718517466,0.9997901320457458
3992,3199,deeplift,0.28545677463213603,0.023888808488845826,0.9999377727508545
3993,2619,deeplift,0.5371656705521874,0.025538707358969584,0.9995806813240051
3994,2459,deeplift,0.3698011990072149,0.15401010778309268,0.9987064599990845
3995,3187,deeplift,0.6718258097852495,0.053868828997523946,0.999652624130249
3996,4531,deeplift,0.3169216176029295,0.04357433435507119,0.9996719360351562
3997,4355,deeplift,0.44569373499446857,0.01962940472488602,0.9996660947799683
3998,2725,deeplift,0.13866532926002276,0.007204505007552064,0.9163215160369873
3999,4573,deeplift,0.31661608815193176,0.007408409546583126,0.9999277591705322
4000,1913,integrated_gradient,0.3132973689585924,0.019768962760766347,0.9640464782714844
4001,4550,integrated_gradient,-0.131041709028068,-0.012611415912488155,0.001997587503865361
4002,4424,integrated_gradient,0.10739713585054553,0.01504696543152268,0.9999350309371948
4003,3802,integrated_gradient,0.3293653449841908,0.00286884925195149,0.999940037727356
4004,3867,integrated_gradient,0.3888959739889417,0.08212972432374954,0.9994820952415466
4005,2557,integrated_gradient,0.45428894591682095,0.010626121259787503,0.9273993372917175
4006,2097,integrated_gradient,0.5901132925712275,0.03151750269363511,0.9994489550590515
4007,3546,integrated_gradient,0.6641138448287884,0.048696318857891614,0.9813790321350098
4008,2808,integrated_gradient,0.06453353637143185,0.014549586333726583,0.9999333620071411
4009,893,integrated_gradient,0.37944000286160634,0.03613753414760202,0.999656081199646
4010,674,integrated_gradient,0.43466414138674736,0.04435773600231518,0.9997472167015076
4011,4329,integrated_gradient,0.5263736941093622,0.0669880415811095,0.9996517896652222
4012,518,integrated_gradient,0.40466571253974265,0.023713344480933214,0.999688982963562
4013,3071,integrated_gradient,0.28627352342009543,0.01641802191734314,0.9998984336853027
4014,1449,integrated_gradient,0.45276400192481714,0.04636862864944993,0.9992088675498962
4015,2475,integrated_gradient,0.47910414887187275,0.036115789704996605,0.9996045231819153
4016,2224,integrated_gradient,0.586798854242079,0.039819287694990636,0.9989407658576965
4017,3008,integrated_gradient,0.7851485695953117,0.02752409648636113,0.9734869599342346
4018,2799,integrated_gradient,0.23699790744050855,0.07097211095594591,0.9994932413101196
4019,3455,integrated_gradient,0.8689690227757263,0.052054221139234656,0.9956005811691284
4020,2715,integrated_gradient,0.1557943765507188,0.004996044691218887,0.9999409914016724
4021,1799,integrated_gradient,0.3935983181477357,0.04408045590688021,0.9995501637458801
4022,1476,integrated_gradient,0.14013296291232108,0.01833379566669464,0.9999101161956787
4023,3045,integrated_gradient,-0.15004376224916136,-0.1861206000229638,0.0033377408981323242
4024,191,integrated_gradient,0.5891371171693413,0.06290000517453466,0.9994246959686279
4025,1612,integrated_gradient,0.5134314660329459,0.058125558460867685,0.9993771910667419
4026,3501,integrated_gradient,0.2264371265967687,0.05225924303134282,0.999932050704956
4027,2706,integrated_gradient,0.06862035459942288,0.008262130949232314,0.9999209642410278
4028,788,integrated_gradient,0.17901833677614057,0.02378286179658529,0.9998164772987366
4029,2721,integrated_gradient,-0.23765286225655777,-0.13836889062076807,0.03670880198478699
4030,2543,integrated_gradient,0.20461345029373965,0.0044113633533318835,0.9998431205749512
4031,4425,integrated_gradient,0.6543064337051874,0.05502959410659969,0.9983136653900146
4032,4154,integrated_gradient,0.0548747219145298,0.001888968050479889,0.9999288320541382
4033,169,integrated_gradient,0.42643239881311146,0.0241879369531359,0.9956911206245422
4034,1657,integrated_gradient,0.05469678477807478,0.012088224291801453,0.9999197721481323
4035,3040,integrated_gradient,0.06906610413601524,0.0019317269325256348,0.9999281167984009
4036,269,integrated_gradient,0.3688023099448623,0.023159756347900483,0.9997387528419495
4037,1775,integrated_gradient,0.11844500221989372,0.003988187421451916,0.9999408721923828
4038,3229,integrated_gradient,0.7840868898302965,0.020711039395435997,0.9996691942214966
4039,4496,integrated_gradient,-0.05212742449908421,-0.011499061152852815,0.5336947441101074
4040,1064,integrated_gradient,0.33969880181343054,0.0568966397712397,0.9995169639587402
4041,4134,integrated_gradient,0.770228487314415,0.06289199991496625,0.9993343949317932
4042,4000,integrated_gradient,0.3935306626221826,0.02972795982514658,0.9998181462287903
4043,609,integrated_gradient,-0.0897530113531199,-0.02240376509655983,8.936723315855488e-05
4044,2710,integrated_gradient,0.33904907951752344,0.03255218168099721,0.999342143535614
4045,3460,integrated_gradient,0.5648874015008148,0.058608448034838626,0.9992105960845947
4046,1803,integrated_gradient,0.7468094934794036,0.01994071440263228,0.9879414439201355
4047,1918,integrated_gradient,0.33058031693062917,0.0037752292594131157,0.9999196529388428
4048,3197,integrated_gradient,0.5971403028524946,0.06992888487875462,0.7165399193763733
4049,1737,integrated_gradient,0.36648135039616714,0.05001408793032169,0.9996875524520874
4050,4435,integrated_gradient,0.5035328888442627,0.02203546551077865,0.9702183604240417
4051,3750,integrated_gradient,0.9047022272650131,0.03604437918825583,0.9977245926856995
4052,3966,integrated_gradient,0.335498211979866,0.07812330603599549,0.999671459197998
4053,365,integrated_gradient,0.5356127623208734,0.09530652349078378,0.9997536540031433
4054,4053,integrated_gradient,0.12052508806570983,0.011700683679336157,0.9999328851699829
4055,2066,integrated_gradient,0.2390911364278128,0.0069513265476670374,0.9999006986618042
4056,1852,integrated_gradient,0.5757983594100822,0.0261504688375705,0.9996596574783325
4057,2703,integrated_gradient,0.4680487585856634,0.012030659353031832,0.9998611211776733
4058,487,integrated_gradient,0.6839817434017147,0.02636363080569676,0.9997428059577942
4059,4055,integrated_gradient,0.05038247878352801,0.005729148785273234,0.9999164342880249
4060,4475,integrated_gradient,0.4000115523544642,0.06567589286714792,0.996290922164917
4061,3348,integrated_gradient,0.5289578844676726,0.04359167767688632,0.9995805621147156
4062,351,integrated_gradient,0.38459689503437594,0.03165733461317263,0.9996340274810791
4063,2509,integrated_gradient,0.08749916188178523,0.011600444393773232,0.9999287128448486
4064,4030,integrated_gradient,0.21493062051013112,0.012493465095758438,0.9999308586120605
4065,1650,integrated_gradient,0.029662222965903904,0.005356605934060138,0.9999227523803711
4066,2653,integrated_gradient,0.05693528224837105,0.004603906622472799,0.9995224475860596
4067,4285,integrated_gradient,0.40276272688061,0.09011148304853123,0.9999098777770996
4068,1468,integrated_gradient,0.3199349385686219,0.0269158654846251,0.9996987581253052
4069,2998,integrated_gradient,0.24716399237513542,0.008735492825508118,0.9999412298202515
4070,1270,integrated_gradient,-0.07344194990582764,0.10964282990607899,0.3821588456630707
4071,297,integrated_gradient,0.4962775552024444,0.04541203255454699,0.9994295239448547
4072,2019,integrated_gradient,0.24739910579389995,0.0037468252358613193,0.9999343156814575
4073,629,integrated_gradient,0.38212593889705115,0.08112876187829722,0.9994656443595886
4074,1944,integrated_gradient,0.19673681431006462,0.03196244385270845,0.9997997879981995
4075,953,integrated_gradient,0.15681661900721097,0.007301236453809236,0.9999110698699951
4076,466,integrated_gradient,0.5187745324801654,0.016156824305653572,0.9998910427093506
4077,2200,integrated_gradient,0.34851550432327,0.3787439732759199,0.8480513691902161
4078,728,integrated_gradient,0.2963013599192808,0.005012644962830977,0.9999403953552246
4079,3376,integrated_gradient,0.6525179043150785,0.04116954824380707,0.9968926310539246
4080,4549,integrated_gradient,0.4479497617413831,0.04852679761689763,0.996188223361969
4081,72,integrated_gradient,0.5422849333094012,0.32210897104514224,0.9978064894676208
4082,4,integrated_gradient,0.4728730403758744,0.0210770429211094,0.9996585845947266
4083,1098,integrated_gradient,0.4609847053684093,0.07209718398548462,0.9995033740997314
4084,2726,integrated_gradient,0.4560849953815341,0.025998692363500595,0.9997115731239319
4085,2921,integrated_gradient,0.13006109850747244,0.005065390041896275,0.9999171495437622
4086,2531,integrated_gradient,0.128378139241882,0.008084770130074543,0.9999303817749023
4087,2614,integrated_gradient,0.10184426749906232,0.0018677980669083135,0.9999135732650757
4088,2434,integrated_gradient,0.5917500683491856,-0.11763145562646718,0.8290476202964783
4089,3111,integrated_gradient,0.44770095326310516,0.07335119960563523,0.9962059259414673
4090,3615,integrated_gradient,0.6461584652677866,0.01796101616776508,0.9993610978126526
4091,3063,integrated_gradient,0.6653766203671694,0.04516363702714443,0.9996111989021301
4092,1385,integrated_gradient,0.3513621393177244,0.04085759801997079,0.9997604489326477
4093,128,integrated_gradient,-0.14157317650134268,-0.44181328505659717,0.03106658160686493
4094,1030,integrated_gradient,0.4009576715901494,0.05313393636606634,0.9984509944915771
4095,16,integrated_gradient,0.10965250253677368,-0.049764292240142824,0.9398430585861206
4096,670,integrated_gradient,0.4412759951118267,0.026487658872748867,0.9995827078819275
4097,3743,integrated_gradient,0.581377855826949,0.042698924278104025,0.9997292160987854
4098,2202,integrated_gradient,0.33182706268027773,0.016265556909317195,0.9857751131057739
4099,1615,integrated_gradient,0.17737088104089102,0.04062891388550783,0.9997183680534363
4100,1558,integrated_gradient,0.11925018406831302,0.008067580369802622,0.9999116659164429
4101,3953,integrated_gradient,0.4503408042324144,0.4261036791018384,0.7810810804367065
4102,304,integrated_gradient,0.548933938912609,0.04969612406749351,0.9994953870773315
4103,4004,integrated_gradient,0.24065843695088437,0.022175399880660206,0.9999371767044067
4104,4547,integrated_gradient,0.797710804636915,0.056795630863932675,0.9993477463722229
4105,1247,integrated_gradient,0.4569552204757929,0.02130365662276745,0.9946687817573547
4106,3136,integrated_gradient,0.4758180903477801,0.05692601866192288,0.9997362494468689
4107,1220,integrated_gradient,0.5127996260529024,0.017879555753448552,0.9997267127037048
4108,3261,integrated_gradient,0.3140289206471708,0.00514880551232232,0.9999014139175415
4109,1611,integrated_gradient,0.26407716853114277,0.05182958222352541,0.9982717037200928
4110,1181,integrated_gradient,0.43211157081855667,0.039019913060797586,0.9996659755706787
4111,2797,integrated_gradient,-0.15982580001276037,-0.07121027088138171,0.00019225910364184529
4112,610,integrated_gradient,0.6044423424797815,0.027357507951375915,0.999693751335144
4113,3751,integrated_gradient,0.2529182930787404,-0.0035296138940435467,0.7975795269012451
4114,2248,integrated_gradient,0.41245780751491207,0.04334534819309528,0.9996805191040039
4115,99,integrated_gradient,0.7836952443773809,0.025826562588152132,0.9995905756950378
4116,3781,integrated_gradient,0.10567008703947067,0.007608005875035336,0.9999294281005859
4117,225,integrated_gradient,0.3816651101498043,0.01851484179496765,0.9999325275421143
4118,2103,integrated_gradient,0.3384895271932085,0.025656709033581946,0.9996618032455444
4119,2836,integrated_gradient,0.3756333633166988,0.0484440737381214,0.9986333250999451
4120,2924,integrated_gradient,0.12074453438200601,0.033881924501279505,0.9999192953109741
4121,2859,integrated_gradient,-0.3970746433033663,-0.423554892268251,0.18755033612251282
4122,2782,integrated_gradient,0.6063510810908599,0.05789546974194355,0.9990673661231995
4123,515,integrated_gradient,0.3799974962666228,0.01743918174021953,0.9999377727508545
4124,1951,integrated_gradient,0.32108238339424133,0.023528335568232413,0.995648205280304
4125,3869,integrated_gradient,0.16146796262926524,0.057651046415170035,0.9993947744369507
4126,2263,integrated_gradient,0.5766171604028028,0.030698259897304302,0.9874914884567261
4127,4006,integrated_gradient,0.4999981621125092,0.012155835516750813,0.9417631030082703
4128,4522,integrated_gradient,0.25064482167363167,0.058374532808860145,0.9997182488441467
4129,2137,integrated_gradient,0.18102720379829407,0.04234021450534011,0.9998064637184143
4130,3673,integrated_gradient,0.340945049312036,0.05304019233949904,0.9996435642242432
4131,1707,integrated_gradient,-0.0572268960531801,0.002446536648286773,0.20612700283527374
4132,314,integrated_gradient,0.08339652378265172,0.0019753452849714725,0.9999315738677979
4133,1924,integrated_gradient,0.7680027666296896,-0.003627934941539058,0.9259030222892761
4134,2247,integrated_gradient,0.4279549247806981,0.017095646510521572,0.9933045506477356
4135,3901,integrated_gradient,0.5269897703168004,0.026357911700426145,0.9995620846748352
4136,1847,integrated_gradient,0.6643019144169309,0.027105819095264782,0.9998868703842163
4137,1725,integrated_gradient,0.09200490438021146,0.022009864831582095,0.9999393224716187
4138,3547,integrated_gradient,-0.06983824330945348,-0.047583900258741194,0.002863348228856921
4139,4558,integrated_gradient,0.16969652821620304,0.022256422373983595,0.9996986389160156
4140,3403,integrated_gradient,0.3755993238313401,0.050415786102097085,0.9991374015808105
4141,3007,integrated_gradient,0.8433301917910946,0.01257515014572577,0.98827064037323
4142,2961,integrated_gradient,0.5943505281175021,0.024630922358483076,0.9993306398391724
4143,3591,integrated_gradient,0.49146759707261534,0.06839045093340032,0.9997499585151672
4144,571,integrated_gradient,0.5429428448900581,0.10063866493292153,0.9991412162780762
4145,4041,integrated_gradient,0.3944161049193806,0.022355578674210442,0.9997161030769348
4146,2629,integrated_gradient,0.2534158488824254,0.02786023205234891,0.9997896552085876
4147,3121,integrated_gradient,0.5407749740406871,0.0288851780986244,0.9996071457862854
4148,2701,integrated_gradient,0.4048162295028221,0.04472299405308657,0.9986948370933533
4149,3101,integrated_gradient,0.2913194000720978,0.026298157594822073,0.9994015693664551
4150,1863,integrated_gradient,0.2451506099280189,0.030784699846716487,0.9998990297317505
4151,2908,integrated_gradient,0.03678978875625965,0.012618584688319716,0.9999340772628784
4152,4456,integrated_gradient,0.3377597943287004,0.05584000779146498,0.9922770261764526
4153,3230,integrated_gradient,0.5032203454488459,0.07970330126297015,0.999098539352417
4154,2399,integrated_gradient,0.6961562525677053,0.1690806655066186,0.9969344139099121
4155,3447,integrated_gradient,0.17715922892093658,0.021502378582954406,0.9999314546585083
4156,1522,integrated_gradient,0.302666926812945,0.061743277943495545,0.9997768998146057
4157,3295,integrated_gradient,0.5973497107159347,0.08020334187895059,0.9882568717002869
4158,495,integrated_gradient,0.4129587265074645,0.014036664837285093,0.9994595646858215
4159,317,integrated_gradient,0.41394119196624124,0.0804349569920099,0.9997891783714294
4160,4319,integrated_gradient,0.22647415200869242,0.010579603910446166,0.9999147653579712
4161,2583,integrated_gradient,0.8031624429768676,0.04920857167906231,0.8274156451225281
4162,4536,integrated_gradient,0.8364527446683496,0.05334688309166166,0.9978781938552856
4163,551,integrated_gradient,0.42616784074546205,0.03261489307750826,0.9997945427894592
4164,950,integrated_gradient,0.4888895787619825,0.03926823583656344,0.9994804263114929
4165,2681,integrated_gradient,0.39538554597694764,0.06913412080423252,0.9999220371246338
4166,1720,integrated_gradient,0.3271825225515799,0.00742936676198786,0.9999356269836426
4167,3845,integrated_gradient,0.06476888209581375,0.014038130640983582,0.9999325275421143
4168,1653,integrated_gradient,0.5801262861466967,0.06629351116716861,0.9996042847633362
4169,1475,integrated_gradient,0.5081983791568723,0.02725038257164833,0.9997835755348206
4170,826,integrated_gradient,0.2967996209859848,0.025417225275720868,0.9995926022529602
4171,2235,integrated_gradient,0.42319206778819746,0.06399050240333264,0.999569833278656
4172,1061,integrated_gradient,0.42851358429528774,0.003831387087702751,0.9787567257881165
4173,2353,integrated_gradient,0.16071576873461405,0.0036051074663798013,0.9999254941940308
4174,2771,integrated_gradient,0.1814693918353633,0.010090547172646774,0.9999061822891235
4175,3467,integrated_gradient,0.4163821003324277,0.11192144232021796,0.9314789772033691
4176,1672,integrated_gradient,0.10799952536015897,0.013494241882014918,0.9999165534973145
4177,4093,integrated_gradient,0.9045280417737861,0.03649332871039709,0.9991058707237244
4178,2772,integrated_gradient,0.6413930621153364,0.052982506807893515,0.9991812109947205
4179,1352,integrated_gradient,0.5802963768429537,0.010593579875098335,0.9998832941055298
4180,1168,integrated_gradient,0.14613811106167057,0.005889378894459118,0.9999322891235352
4181,1928,integrated_gradient,0.6370692275361054,0.045195275213983324,0.9986489415168762
4182,2714,integrated_gradient,0.07270354414824397,-0.4388582291454077,0.11479184031486511
4183,3211,integrated_gradient,0.4008232968491177,0.0413155697805937,0.9995595812797546
4184,4227,integrated_gradient,0.3344824897092685,0.03493608285983404,0.9997430443763733
4185,2379,integrated_gradient,0.17733244337141513,0.007461953163146973,0.9999288320541382
4186,3649,integrated_gradient,0.863425326308546,0.1030880942940712,0.9995450377464294
4187,3624,integrated_gradient,0.10931522817146487,0.013628878244539587,0.9999358654022217
4188,3790,integrated_gradient,0.5735242266475441,0.004648794519140366,0.999904990196228
4189,1898,integrated_gradient,0.23316589281672523,0.007120927174886067,0.9999339580535889
4190,1664,integrated_gradient,0.5936329888277933,0.04577861079259923,0.9989643096923828
4191,3412,integrated_gradient,0.13405603895316254,0.02299480019388972,0.9999347925186157
4192,4179,integrated_gradient,0.4602873122319579,0.07779051040609677,0.9941614270210266
4193,32,integrated_gradient,0.7211875402762626,0.08958901464939117,0.9821522831916809
4194,1218,integrated_gradient,0.09567523129442905,0.009657933356914115,0.9999226331710815
4195,2565,integrated_gradient,0.04168457101131308,0.001812832108859358,0.9999243021011353
4196,2385,integrated_gradient,0.316106538027525,0.017118282318115234,0.9999302625656128
4197,2592,integrated_gradient,0.5261800580791065,0.027552343266350882,0.9977458119392395
4198,3443,integrated_gradient,0.1630997732281685,0.0037390229602654776,0.9997656941413879
4199,3365,integrated_gradient,0.24202107912615725,0.0500654684085595,0.9999244213104248
4200,338,integrated_gradient,0.7900958885745096,0.051555374539212176,0.9987408518791199
4201,1346,integrated_gradient,0.6004488331576189,0.10546826902363035,0.9936249256134033
4202,4523,integrated_gradient,0.713816079871591,0.02928732949550505,0.9980921149253845
4203,4054,integrated_gradient,0.5915080875790907,-0.008012450106863706,0.9510001540184021
4204,1577,integrated_gradient,0.2762401394070463,0.03332734837176952,0.9997733235359192
4205,1123,integrated_gradient,0.5297066835675736,0.031386405489472455,0.9992254972457886
4206,3777,integrated_gradient,-0.24790813086644536,0.01622849859279907,0.03357516974210739
4207,752,integrated_gradient,0.1206847247870072,0.010483007068219393,0.9999350309371948
4208,681,integrated_gradient,0.41316044466062024,0.021307089281353084,0.9996629953384399
4209,4433,integrated_gradient,0.49342022321530077,0.07090610902952521,0.999805748462677
4210,1904,integrated_gradient,0.37585456715574905,-0.0965831890487327,0.4504333734512329
4211,2342,integrated_gradient,0.2998642907763014,0.02520020070428751,0.99979168176651
4212,2364,integrated_gradient,0.016795534979213367,0.01137523353099823,0.9999332427978516
4213,778,integrated_gradient,0.6224234162206304,0.10263432862268666,0.9087198972702026
4214,3001,integrated_gradient,0.5773783970031549,0.022031184455210514,0.9997116923332214
4215,3200,integrated_gradient,0.5565376381487831,0.0448779851982468,0.9997715353965759
4216,3921,integrated_gradient,0.5520047424536831,0.034985189378823875,0.9997405409812927
4217,3545,integrated_gradient,0.5932757023461711,0.0024451188304845024,0.961864173412323
4218,542,integrated_gradient,0.18470211029052735,0.011834360871996198,0.9996552467346191
4219,2272,integrated_gradient,0.38950331972704993,0.02024584263563156,0.9994385838508606
4220,391,integrated_gradient,0.757851805570617,0.09485525775112603,0.9939079284667969
4221,1979,integrated_gradient,-0.23686922362074256,-0.21585477668792008,0.08030615746974945
4222,1150,integrated_gradient,0.8281287162881199,0.03047248302027583,0.9544633030891418
4223,149,integrated_gradient,0.20880557468959263,0.03465037260736738,0.9999338388442993
4224,2570,integrated_gradient,0.42218223214149475,0.11992069760545794,0.9997407793998718
4225,927,integrated_gradient,0.5743171013226467,0.050270948958184035,0.9993878602981567
4226,4017,integrated_gradient,0.18709330847769073,0.024198629639365456,0.9998778104782104
4227,1398,integrated_gradient,0.6596972612280618,0.019506853767761997,0.9997422099113464
4228,3635,integrated_gradient,0.41807152997491703,0.024627252171436947,0.9997974038124084
4229,505,integrated_gradient,0.30288547806201443,0.01578039699985135,0.9999276399612427
4230,3423,integrated_gradient,0.7609115578786422,0.09940509459911248,0.9711435437202454
4231,3247,integrated_gradient,0.5189386476607373,0.009832525004943212,0.9999269247055054
4232,1895,integrated_gradient,0.4351978307693369,0.028664832313855488,0.9992431402206421
4233,2286,integrated_gradient,0.5418681752468858,0.04810389110020229,0.9997827410697937
4234,4232,integrated_gradient,0.5183681084438123,0.06615256590561734,0.9912011623382568
4235,2595,integrated_gradient,0.20857875297466913,0.04663221910595894,0.999797523021698
4236,1770,integrated_gradient,0.31199769474364614,0.009176420198904502,0.9999250173568726
4237,1267,integrated_gradient,0.37013152196551813,0.05149228487050894,0.9974930286407471
4238,3124,integrated_gradient,-0.02680111683818695,-0.3310684429650957,0.02968371845781803
4239,2125,integrated_gradient,0.479900195573767,0.025874203337090357,0.9993288516998291
4240,1659,integrated_gradient,0.3435125617310405,0.057984821082391134,0.9995197057723999
4241,2909,integrated_gradient,0.35363440942019225,0.04466763474047184,0.9995369911193848
4242,1765,integrated_gradient,0.4424613432493061,0.02787524927407503,0.9996777772903442
4243,1560,integrated_gradient,0.43677185734315793,0.13496142924924817,0.7586172223091125
4244,2967,integrated_gradient,0.10546364552444881,0.00900352332327101,0.9999127388000488
4245,1416,integrated_gradient,0.34870028977884965,0.034182726898614096,0.9996176958084106
4246,1630,integrated_gradient,0.2956350103552852,0.028296458295413426,0.9992948770523071
4247,449,integrated_gradient,0.5468794415856517,0.021727061029090437,0.9996140599250793
4248,152,integrated_gradient,0.7954922061548613,0.07759629119679613,0.9958680868148804
4249,211,integrated_gradient,0.7708560852583365,0.03933225891419819,0.9996917247772217
4250,2032,integrated_gradient,0.7245872311770134,0.03901947188257639,0.9982683658599854
4251,902,integrated_gradient,0.4593027734364837,0.04623007487792235,0.9995760321617126
4252,3436,integrated_gradient,0.3966408790325496,0.037987319584032384,0.9944562315940857
4253,3198,integrated_gradient,0.4729156132042408,0.05687470555305481,0.9997273087501526
4254,57,integrated_gradient,-0.12430011461942624,-0.38866528417341983,0.3667914569377899
4255,3164,integrated_gradient,0.1256090200999204,0.003654488161498425,0.9999340772628784
4256,4303,integrated_gradient,-0.3349387277448841,-0.03974302707796054,0.001042672898620367
4257,1927,integrated_gradient,0.40277270703679985,0.026001881394121382,0.999768078327179
4258,3206,integrated_gradient,0.08230928311476836,0.008498156392896498,0.9999173879623413
4259,3388,integrated_gradient,0.5429310308219019,0.12713214035399936,0.9987599849700928
4260,816,integrated_gradient,0.1868774394194285,0.02110558624068896,0.9999394416809082
4261,3284,integrated_gradient,0.203130368339388,0.05053390562534332,0.9999366998672485
4262,2765,integrated_gradient,0.7562021202622697,0.02804068998935131,0.9997808337211609
4263,3970,integrated_gradient,0.129514731858906,0.00867639560448496,0.9998588562011719
4264,885,integrated_gradient,0.2619789146733555,0.044796185957437215,0.9996283054351807
4265,249,integrated_gradient,0.60990615905593,0.03609879218762921,0.9996722936630249
4266,2203,integrated_gradient,0.4857776442027472,0.020128204546710278,0.9986516833305359
4267,3115,integrated_gradient,0.14131339584908834,0.004893516621938566,0.9999405145645142
4268,2341,integrated_gradient,0.1276387794073238,0.010388081850007523,0.999940037727356
4269,4132,integrated_gradient,0.5290662195041494,0.03237133979235055,0.952293336391449
4270,1781,integrated_gradient,0.08572870989640553,0.0039718349774678545,0.999897837638855
4271,4488,integrated_gradient,0.31311326635920483,0.006024250517720761,0.9999198913574219
4272,44,integrated_gradient,0.3079598964406894,0.023054031607432243,0.9997947812080383
4273,2390,integrated_gradient,0.5342627431576451,0.061723469446102776,0.9996523857116699
4274,286,integrated_gradient,0.3309019145301797,0.02984032949263399,0.9993798732757568
4275,1094,integrated_gradient,0.780916809385537,0.0346890417683237,0.9890894293785095
4276,1962,integrated_gradient,0.2866748666354254,0.026215978989414142,0.9997689127922058
4277,4530,integrated_gradient,0.678673932919415,0.022721534095159392,0.9996106028556824
4278,202,integrated_gradient,0.12440617322921753,0.029540102779865265,0.9994975328445435
4279,237,integrated_gradient,0.26848307316717895,0.004846462736959043,0.999850869178772
4280,2519,integrated_gradient,0.8182858186896405,0.06970227382531981,0.9993638396263123
4281,3870,integrated_gradient,0.5677084085513272,0.03896172487122171,0.9977250695228577
4282,1108,integrated_gradient,-0.4582174322810412,-0.01836243990373987,0.00018701479712035507
4283,2449,integrated_gradient,0.30846232898971615,0.027252895867123324,0.9996224641799927
4284,2525,integrated_gradient,0.33028372925882404,0.05405347774157653,0.9997791647911072
4285,357,integrated_gradient,0.5695685224364633,0.07444755287598008,0.9797533750534058
4286,736,integrated_gradient,0.2792061318953832,0.015741238991419475,0.9999127388000488
4287,3918,integrated_gradient,0.23197752609848976,0.01050422191619873,0.9999202489852905
4288,3848,integrated_gradient,0.16091662323152697,0.008034889762466019,0.9999294281005859
4289,1953,integrated_gradient,0.4141532798114765,0.10041022806295327,0.9960936903953552
4290,1131,integrated_gradient,0.7810732596578115,0.134517017338011,0.8859970569610596
4291,261,integrated_gradient,0.044507749654628614,0.008973948381565235,0.9999376535415649
4292,3113,integrated_gradient,0.40706384897232056,0.06044768214225769,0.9989184141159058
4293,379,integrated_gradient,0.3257922051434821,0.04774067963057376,0.9996964931488037
4294,4263,integrated_gradient,0.45500503122233427,0.023427083897284973,0.9997733235359192
4295,1521,integrated_gradient,0.427220095914823,0.025956100542788154,0.9997854828834534
4296,1006,integrated_gradient,0.19539372431926239,0.006286110633458846,0.9999394416809082
4297,2099,integrated_gradient,0.730167281382331,0.02340630351043329,0.9996212720870972
4298,4293,integrated_gradient,0.17519423706190926,0.012610256671905518,0.9999294281005859
4299,436,integrated_gradient,0.06240597481910999,0.003315586310166579,0.9994258880615234
4300,368,integrated_gradient,0.6686747085303069,0.031147274871667227,0.9812131524085999
4301,3335,integrated_gradient,0.3286793117877096,0.03534393338486552,0.9994614720344543
4302,3450,integrated_gradient,0.6942719513087446,0.019542540228644083,0.9562457799911499
4303,939,integrated_gradient,0.30432349003360165,0.043164200272288296,0.9997876286506653
4304,3596,integrated_gradient,0.4142033701881449,0.06238897144794464,0.9997244477272034
4305,4027,integrated_gradient,0.1244503998508056,0.011556083957354227,0.99993896484375
4306,4056,integrated_gradient,0.07805302582289043,0.004081199043675473,0.9999409914016724
4307,3946,integrated_gradient,0.49007783098179,0.01728401891887188,0.9994204044342041
4308,1429,integrated_gradient,0.6455817237035192,0.02201694708604079,0.9995761513710022
4309,3847,integrated_gradient,0.35880452497525417,0.04203196242451668,0.9996820688247681
4310,1195,integrated_gradient,0.6320463440290862,0.010498968628986229,0.9880417585372925
4311,1003,integrated_gradient,0.3961057941422367,0.029077093770254903,0.9997404217720032
4312,1465,integrated_gradient,0.20313946902751923,0.02602760824892256,0.9996582269668579
4313,2308,integrated_gradient,0.955098859723495,0.3222135238506463,0.9997614026069641
4314,250,integrated_gradient,-0.03728636135864589,-0.044783502067891987,0.2267824411392212
4315,1579,integrated_gradient,0.5012531192382661,0.02690000032506338,0.9956309795379639
4316,3954,integrated_gradient,0.40544113724730735,0.007284465224243874,0.9999417066574097
4317,1105,integrated_gradient,0.3623518122980992,0.00275243471066157,0.9329100847244263
4318,3569,integrated_gradient,0.6441636772171871,0.047937601603366235,0.9985590577125549
4319,3943,integrated_gradient,0.37500562977332336,0.016552838950585097,0.9352025389671326
4320,1610,integrated_gradient,0.23707458179262353,0.03561561463809595,0.9997870326042175
4321,3003,integrated_gradient,0.1278383878042113,0.0023580553396692814,0.999936580657959
4322,2100,integrated_gradient,0.33573797503204056,0.03367913333755551,0.9997678399085999
4323,403,integrated_gradient,0.49888094227274205,0.013296295634724876,0.9727258682250977
4324,2746,integrated_gradient,0.7092284085836423,0.05313262942692508,0.9949716329574585
4325,4535,integrated_gradient,0.45784422235830907,0.03436890743831371,0.9998130202293396
4326,1022,integrated_gradient,0.21910998597741127,0.015444759279489517,0.9999343156814575
4327,1764,integrated_gradient,0.3865415071033769,0.025102745327684615,0.999531626701355
4328,2231,integrated_gradient,0.33213371131569147,0.01617429591715336,0.9999216794967651
4329,3830,integrated_gradient,0.36123110009357334,0.027700936980545522,0.9994798302650452
4330,3357,integrated_gradient,0.18381955056655697,0.03166869210033882,0.9999380111694336
4331,1154,integrated_gradient,0.22115501211512656,0.046825121145784146,0.9997674822807312
4332,4461,integrated_gradient,0.12400730045474305,0.008438262404227743,0.999925971031189
4333,4356,integrated_gradient,0.7127600453780306,0.05141061481417102,0.9884882569313049
4334,1788,integrated_gradient,0.7471146215019482,0.008437911770781693,0.9775946736335754
4335,813,integrated_gradient,0.7636261696849639,0.023325141726268664,0.9953723549842834
4336,344,integrated_gradient,0.4462381624099281,0.1358795203268528,0.9997469782829285
4337,1353,integrated_gradient,0.38480083336648735,0.11731326077943263,0.9959602952003479
4338,3951,integrated_gradient,0.23723336211548243,0.010174173481610357,0.9999208450317383
4339,2427,integrated_gradient,0.3438629877443115,0.0076121049267905095,0.9998633861541748
4340,3287,integrated_gradient,0.6871992885474659,0.02537431423034933,0.9947953820228577
4341,1226,integrated_gradient,0.19882968867697368,0.021652086478907887,0.9998615980148315
4342,1678,integrated_gradient,0.35200240233769786,0.026508368169650052,0.9995608925819397
4343,2941,integrated_gradient,0.34546212815656896,0.00655395664819857,0.999510645866394
4344,1740,integrated_gradient,0.07188209964007866,0.04920543185094508,0.9999262094497681
4345,168,integrated_gradient,0.5540754837957634,0.06134666705673391,0.9996610879898071
4346,4577,integrated_gradient,0.45995059400433447,0.044881010836944346,0.9994586110115051
4347,1363,integrated_gradient,0.3181735505660375,0.07821008463700613,0.9998170733451843
4348,853,integrated_gradient,0.29899161994457246,0.05934430658817291,0.9996707439422607
4349,387,integrated_gradient,0.31569789408468735,0.035789770530719384,0.9996510744094849
4350,3356,integrated_gradient,0.495101391914345,0.11973105583872114,0.998764157295227
4351,3746,integrated_gradient,0.5510075754965796,0.05027947687741482,0.9961488246917725
4352,3411,integrated_gradient,0.23461048973676485,0.01255495425982353,0.9998961687088013
4353,880,integrated_gradient,0.5994157167927673,0.08842431132992108,0.9992817044258118
4354,3464,integrated_gradient,0.6203043105209266,0.01952595558638374,0.9997746348381042
4355,1034,integrated_gradient,0.17803743018044366,0.006225310431586371,0.9996588230133057
4356,3564,integrated_gradient,0.5069873254407536,0.020142569731582294,0.9997032284736633
4357,84,integrated_gradient,0.4179121328687126,0.04093105701560324,0.9995858073234558
4358,3903,integrated_gradient,0.4247914861059851,0.045702057166232005,0.9993438124656677
4359,1772,integrated_gradient,0.5529331268949641,0.02319880078236262,0.9610466361045837
4360,42,integrated_gradient,0.44116304882548074,0.11665592952208086,0.9146188497543335
4361,4097,integrated_gradient,0.5120452965164314,0.3208542897862018,0.9793807864189148
4362,2943,integrated_gradient,0.3638854261774283,0.06660047803933804,0.9995664954185486
4363,4262,integrated_gradient,0.4369552283797686,0.06856584548950195,0.9997207522392273
4364,3099,integrated_gradient,-0.061140923738806835,-0.033314183058619905,0.007520559709519148
4365,3982,integrated_gradient,0.6348932096619665,0.07271947966957534,0.977266788482666
4366,3797,integrated_gradient,0.6381069625437749,0.17883672972866257,0.966303825378418
4367,1730,integrated_gradient,0.5920145163651217,0.04586575349623507,0.9996324777603149
4368,2616,integrated_gradient,0.46856435942218494,0.15467023388727716,0.9995546936988831
4369,476,integrated_gradient,0.723849248213621,0.037934411265705896,0.9997815489768982
4370,1489,integrated_gradient,0.6017804413525896,0.03064254295419563,0.999782383441925
4371,2295,integrated_gradient,0.778985499969411,0.04430418279839725,0.9995661377906799
4372,468,integrated_gradient,0.5540226522183124,0.02628163481131196,0.9995942711830139
4373,3608,integrated_gradient,0.35838250642303715,0.043092684650963005,0.9273435473442078
4374,4098,integrated_gradient,0.2942946115281524,0.04850127402602172,0.9984337687492371
4375,1874,integrated_gradient,0.5377332993916103,0.0896779290688712,0.9997912049293518
4376,290,integrated_gradient,0.5863467692820863,0.03548156239769675,0.9997487664222717
4377,383,integrated_gradient,0.022263760750110332,0.0035125257877203133,0.9999401569366455
4378,3175,integrated_gradient,0.5065459243953228,0.023768778145313262,0.9997592568397522
4379,4501,integrated_gradient,-0.05111052373279657,-0.0630838668760683,0.07899896800518036
4380,3622,integrated_gradient,0.11240584381102096,0.06745030047438506,0.35742297768592834
4381,2034,integrated_gradient,0.08346982609550908,0.02274457126293542,0.9999349117279053
4382,363,integrated_gradient,0.4753187403760173,0.07803239199248227,0.9986516833305359
4383,3374,integrated_gradient,0.47130175599572705,0.13948317964141274,0.9990923404693604
4384,1640,integrated_gradient,0.5167278039680664,0.055384535948897515,0.9997460246086121
4385,1448,integrated_gradient,0.40846943726876017,0.03309892951934175,0.996951699256897
4386,957,integrated_gradient,0.5284413184225559,0.022889996506273748,0.9997989535331726
4387,4028,integrated_gradient,0.7520173812926924,0.08267080864390812,0.9991269707679749
4388,3583,integrated_gradient,0.5780307331220492,0.0404379063923108,0.9997730851173401
4389,3657,integrated_gradient,0.5804739612340927,0.09008255243301391,0.9996546506881714
4390,4436,integrated_gradient,0.5028946437769466,0.058703278005123136,0.998591959476471
4391,3203,integrated_gradient,0.7710101827979088,0.06829975722801118,0.9898536801338196
4392,3487,integrated_gradient,0.7776032165559226,0.028007892328639362,0.9904176592826843
4393,4109,integrated_gradient,0.8081516459538501,0.4807903503866068,0.8805423378944397
4394,197,integrated_gradient,0.17783733867869086,0.004958394838839161,0.999922513961792
4395,3854,integrated_gradient,0.3255013279128997,0.05337121124778475,0.9994151592254639
4396,2128,integrated_gradient,0.5091116323712326,0.042068151668423696,0.9995693564414978
4397,2884,integrated_gradient,0.07082683432335947,0.00433968562705844,0.9999295473098755
4398,213,integrated_gradient,0.34241224228575523,-0.017409533414305473,0.9530797004699707
4399,2214,integrated_gradient,-0.02430909467266001,-0.007216006813954713,0.0002876799844671041
4400,3161,integrated_gradient,0.20776195969523453,0.009085501112589022,0.9999369382858276
4401,907,integrated_gradient,0.4035847364906587,0.04829762686117023,0.9997884631156921
4402,2498,integrated_gradient,0.48037806414067746,0.05900064120069146,0.9989238381385803
4403,2197,integrated_gradient,0.40719262378003734,0.019864697869007405,0.9997872710227966
4404,1493,integrated_gradient,0.29342087665024924,0.07451499735607821,0.9992609620094299
4405,176,integrated_gradient,0.6636522426669087,0.05547733381390572,0.999524712562561
4406,3451,integrated_gradient,0.19062623923475092,0.009562165448159882,0.999929666519165
4407,2551,integrated_gradient,0.3204609879425594,0.024399535996573313,0.9995612502098083
4408,1829,integrated_gradient,0.1045606260949915,0.002888503941622647,0.9999178647994995
4409,4525,integrated_gradient,0.2782533330728813,0.037947011237241784,0.9997960925102234
4410,47,integrated_gradient,0.47881121809283894,0.04205510473134471,0.9997625946998596
4411,2650,integrated_gradient,0.13281569821493966,0.01579913582120623,0.9999330043792725
4412,139,integrated_gradient,0.4607070507349404,0.08536742585287853,0.9989711046218872
4413,2922,integrated_gradient,0.469388842379505,0.04419682012362914,0.9995997548103333
4414,3642,integrated_gradient,0.5934326938324375,0.06064974293112755,0.9997642636299133
4415,3719,integrated_gradient,0.6881336453888152,0.061780719541841084,0.999159574508667
4416,3053,integrated_gradient,0.473368254005909,0.13940211296081542,0.9947302341461182
4417,1889,integrated_gradient,0.5804644198598046,0.024349378519936613,0.9997411370277405
4418,1470,integrated_gradient,0.275282528939179,0.01746728545741031,0.999925971031189
4419,4096,integrated_gradient,0.5251525612265775,0.029953934478037285,0.999144434928894
4420,2293,integrated_gradient,0.14282978598664448,0.007244033057515214,0.9999227523803711
4421,251,integrated_gradient,0.703766609961167,0.05199099456270536,0.9928159713745117
4422,4358,integrated_gradient,0.3820882374825685,0.021389523764019428,0.999430239200592
4423,2791,integrated_gradient,0.22934000748985758,0.01917612102503578,0.9997180104255676
4424,3028,integrated_gradient,0.395749231448604,0.052686273886097805,0.9995859265327454
4425,215,integrated_gradient,0.32992974952187226,0.004061530465665071,0.9995898604393005
4426,2298,integrated_gradient,0.23046157476674126,0.005848976969718933,0.9998769760131836
4427,1533,integrated_gradient,0.5932404539175331,0.04354908868670464,0.9958590865135193
4428,2852,integrated_gradient,0.4431667539919185,0.028279275048610775,0.9962385892868042
4429,933,integrated_gradient,0.24059506115459262,0.018015894151869275,0.9999364614486694
4430,2679,integrated_gradient,0.36017181929200887,0.040743525326251986,0.9974800944328308
4431,3072,integrated_gradient,0.2804955194393794,0.015006600154770745,0.999914288520813
4432,1681,integrated_gradient,0.6486368652710572,0.020241813298235548,0.9976332187652588
4433,914,integrated_gradient,0.4555937361813361,0.03321496517427506,0.9997227787971497
4434,2306,integrated_gradient,0.047684069289717565,0.004773498967636463,0.9999217987060547
4435,3841,integrated_gradient,0.19359228171800313,0.005986387792386506,0.9999384880065918
4436,3570,integrated_gradient,0.6413959257179433,0.013309364969080145,0.9999055862426758
4437,2211,integrated_gradient,0.44551338153255393,-0.0802444653077559,0.5077521800994873
4438,2857,integrated_gradient,0.1514232934339536,0.13118538827312967,0.2091955542564392
4439,1766,integrated_gradient,0.5377656935866287,0.0229614648435797,0.9994213581085205
4440,498,integrated_gradient,-0.44906040969034355,0.0034655639995640566,0.013604667969048023
4441,2230,integrated_gradient,0.45136575128465967,0.019404440186917782,0.9997672438621521
4442,884,integrated_gradient,0.538976156352354,-0.20230926537797564,0.6372222900390625
4443,3275,integrated_gradient,0.3402634642141707,0.22554498294587522,0.9770309329032898
4444,1991,integrated_gradient,0.4944656133962174,0.042575985193252563,0.9999368190765381
4445,3426,integrated_gradient,-0.04607094654649565,-0.0057185283943976244,0.000816914951428771
4446,566,integrated_gradient,0.395562225625523,0.039189570054814625,0.9996308088302612
4447,3457,integrated_gradient,0.44400506535613976,0.03475104562110371,0.9997816681861877
4448,2792,integrated_gradient,0.37522339504212143,0.01729006360877644,0.9993994235992432
4449,4095,integrated_gradient,0.33993268937159044,0.043191165233460754,0.9997488856315613
4450,2257,integrated_gradient,0.3266690173431447,0.02318249368353894,0.9997274279594421
4451,4129,integrated_gradient,-0.0036632122180890294,-0.30963305216282605,0.06931323558092117
4452,1606,integrated_gradient,0.08204713861147563,0.029578395187854767,0.9988771080970764
4453,439,integrated_gradient,0.4199584294037777,0.0017270429266823663,0.9999281167984009
4454,2737,integrated_gradient,0.6195819859873154,0.03878433424979448,0.9988178610801697
4455,2008,integrated_gradient,0.7022502862653414,0.02226011385751325,0.9982183575630188
4456,3731,integrated_gradient,0.5940811046925576,0.10365373114852802,0.9591206312179565
4457,3519,integrated_gradient,0.3760409039702821,0.020956171478362793,0.9997548460960388
4458,2678,integrated_gradient,0.26462136362881766,0.01699397227038508,0.9997536540031433
4459,4561,integrated_gradient,0.2503256032864253,0.024645085136095684,0.9997255206108093
4460,3617,integrated_gradient,0.5219974494539201,0.4564328346200086,0.8938249349594116
4461,1998,integrated_gradient,-0.2011538875698479,-0.009142585849269491,0.002723908284679055
4462,1121,integrated_gradient,0.27164260094816034,0.031637359749187126,0.9996702671051025
4463,2601,integrated_gradient,0.11687990345738151,0.0063307556239041414,0.9999405145645142
4464,1261,integrated_gradient,0.1455858731881166,0.02610023205096905,0.9999402761459351
4465,2275,integrated_gradient,0.38119443338218845,-0.28543188590556384,0.5741451382637024
4466,2611,integrated_gradient,0.10731431245803832,0.018718592822551727,0.9998875856399536
4467,844,integrated_gradient,0.35179358095892016,0.028821637553553426,0.9963823556900024
4468,4265,integrated_gradient,0.39172479376176617,0.06607506456582443,0.9969958066940308
4469,27,integrated_gradient,0.39083411769174475,0.023212128629287083,0.9997844099998474
4470,229,integrated_gradient,0.5532517386600375,0.02358912378549576,0.9907850027084351
4471,862,integrated_gradient,0.1133172566240484,0.0068164007230238485,0.9999004602432251
4472,3155,integrated_gradient,0.26741502340883017,0.004045465340216954,0.9999397993087769
4473,4039,integrated_gradient,0.688498681280762,0.056895469054579734,0.9994792342185974
4474,183,integrated_gradient,0.025174185263246975,-0.2789402699563652,0.20557062327861786
4475,2360,integrated_gradient,0.3367734561043401,0.01620597416354764,0.9999017715454102
4476,2348,integrated_gradient,0.6132276616990566,0.1423960609192198,0.9916976690292358
4477,238,integrated_gradient,0.2579635137861425,0.018351886308554447,0.9829922318458557
4478,3180,integrated_gradient,0.40433149291454135,0.07203657527429026,0.9997753500938416
4479,2581,integrated_gradient,0.3939691317604489,0.023518589990479604,0.9992966651916504
4480,1567,integrated_gradient,0.40606295919189084,0.01858781435741828,0.9997461438179016
4481,2925,integrated_gradient,0.0894405481715997,0.042238758876919746,0.9999390840530396
4482,523,integrated_gradient,0.546576085367373,0.025677940675190518,0.9997288584709167
4483,1035,integrated_gradient,0.3304665258682862,0.02509755822452339,0.9997546076774597
4484,2402,integrated_gradient,0.16260258613094206,0.046353896779398766,0.9832964539527893
4485,2312,integrated_gradient,0.5665781954174034,0.05803616034487883,0.9992567896842957
4486,1225,integrated_gradient,0.5192268562316894,0.04182039342820645,0.9997814297676086
4487,2069,integrated_gradient,0.1366120179494222,0.02298972392693544,0.9999387264251709
4488,423,integrated_gradient,0.5390430528235126,0.06514118631164749,0.9997726082801819
4489,4427,integrated_gradient,0.32466692330413743,0.025395769429834264,0.9993597865104675
4490,1174,integrated_gradient,0.4665145693125385,0.02342164134833871,0.9992849230766296
4491,1490,integrated_gradient,0.21170481633056293,0.009874575065843987,0.9999188184738159
4492,2020,integrated_gradient,0.6003271019223824,0.020775078880515965,0.9987404942512512
4493,1837,integrated_gradient,0.5933968302656393,0.08270453344114491,0.9885565042495728
4494,3730,integrated_gradient,0.569574248431841,0.17380927634218185,0.9954784512519836
4495,1586,integrated_gradient,0.1435359538869655,0.005949342504460761,0.9999392032623291
4496,3595,integrated_gradient,0.3327714045973201,0.04425783180876782,0.9994558691978455
4497,2622,integrated_gradient,0.5983550510391956,0.022179752588272095,0.999466598033905
4498,2173,integrated_gradient,0.19341868314987573,0.008485425741244584,0.9998503923416138
4499,2153,integrated_gradient,0.22243164891892292,0.004169442552201291,0.9999412298202515
4500,1139,integrated_gradient,0.578436086766444,0.06402694079137984,0.9996631145477295
4501,4101,integrated_gradient,0.4741026222705841,0.049731318439756124,0.9996612071990967
4502,4005,integrated_gradient,0.4016670895119508,0.18175609989298713,0.9829677939414978
4503,1530,integrated_gradient,0.3717656426313447,0.07081852634664534,0.9996594190597534
4504,4259,integrated_gradient,0.45234726465030295,0.03182865075162939,0.9996960163116455
4505,2175,integrated_gradient,0.33744034474279655,0.009842960124320172,0.9999364614486694
4506,1016,integrated_gradient,0.25657431037736034,0.017860192505102002,0.9997708201408386
4507,1575,integrated_gradient,0.4471397259290896,0.06525307157825605,0.9723339676856995
4508,1333,integrated_gradient,0.7494405762461777,0.07543207493356684,0.9986074566841125
4509,1380,integrated_gradient,0.5079882930413905,0.04209916327487339,0.9990560412406921
4510,1428,integrated_gradient,0.3059842806747731,0.06484769016285152,0.9997190833091736
4511,2027,integrated_gradient,0.45510695308061816,0.046316757439993896,0.9978861212730408
4512,1039,integrated_gradient,0.43000618685036895,0.03534011036157608,0.999782383441925
4513,22,integrated_gradient,0.6657891910263273,0.07043811462299768,0.9978649020195007
4514,1276,integrated_gradient,0.18474958930164576,0.014559175819158554,0.9998977184295654
4515,1367,integrated_gradient,0.4351738635017428,0.04879699387522631,0.998982846736908
4516,147,integrated_gradient,0.22486222961119243,0.03291167851005282,0.9986269474029541
4517,3226,integrated_gradient,0.2665615454316139,0.020255796749282767,0.9973932504653931
4518,4586,integrated_gradient,0.41954794790475597,0.0301210064320795,0.9997712969779968
4519,2301,integrated_gradient,0.8436733425547511,0.09609093562841921,0.9987567663192749
4520,2466,integrated_gradient,0.24287320120680717,0.06228110098069714,0.9999179840087891
4521,2876,integrated_gradient,0.8307758460346705,0.05071958173543979,0.9994862079620361
4522,2213,integrated_gradient,-0.15328730249570477,-0.7486191300882233,0.0878281518816948
4523,2261,integrated_gradient,0.4039650420085169,0.03829993049685772,0.9995148181915283
4524,1956,integrated_gradient,-0.08077039869650351,-0.011513767896262421,0.0008964388398453593
4525,2369,integrated_gradient,0.3935608171085094,0.022594462366814307,0.9990792274475098
4526,190,integrated_gradient,0.6392713270357085,0.0520902985913886,0.9997658133506775
4527,1834,integrated_gradient,0.6242321663464491,0.02427941567909259,0.9997536540031433
4528,2393,integrated_gradient,0.587525091935984,-0.08476843602127498,0.7915317416191101
4529,282,integrated_gradient,0.10043844683416958,0.008487861731956745,0.9999170303344727
4530,1916,integrated_gradient,0.6224347453098744,0.04727103328332305,0.9993376135826111
4531,4527,integrated_gradient,0.5259409202484503,0.04564260867136043,0.9988406300544739
4532,1324,integrated_gradient,0.6097646354673765,0.02426786415087871,0.9996585845947266
4533,3576,integrated_gradient,0.4900478885785953,0.02793764665320113,0.9996577501296997
4534,4029,integrated_gradient,0.5402156775347858,0.07855441974055383,0.9948514103889465
4535,1683,integrated_gradient,0.7258787556227458,0.03055807251645171,0.9994662404060364
4536,4353,integrated_gradient,0.31130605118303767,0.19070155518810925,0.9837759137153625
4537,273,integrated_gradient,0.7310098637731708,0.1900386343501052,0.9609127640724182
4538,1970,integrated_gradient,0.39162056689065966,0.04077398309653456,0.9997896552085876
4539,903,integrated_gradient,0.7156694060062624,0.0347603823812235,0.9984595775604248
4540,3599,integrated_gradient,0.4179307707800315,0.015229216046058215,0.9996839761734009
4541,2499,integrated_gradient,0.9440198641056486,0.037682341784238814,0.9977362155914307
4542,3514,integrated_gradient,0.3074807125832076,0.07569898085911637,0.9997149109840393
4543,2991,integrated_gradient,0.6101864477049707,0.026305935100505228,0.999815046787262
4544,3705,integrated_gradient,0.4921265648765257,0.023334893211722375,0.999768078327179
4545,2014,integrated_gradient,0.2322891858663965,0.011665464715754732,0.9999241828918457
4546,257,integrated_gradient,0.7856546283216664,0.10661505962963458,0.9978786706924438
4547,3721,integrated_gradient,0.10110021077218603,0.001489259180475454,0.9999274015426636
4548,2368,integrated_gradient,0.10746214389801026,0.014962879816691081,0.9999309778213501
4549,3689,integrated_gradient,0.06653654702166294,0.0038632192510239622,0.999934196472168
4550,2574,integrated_gradient,0.06943730422944734,0.0017936238736817331,0.9999080896377563
4551,4260,integrated_gradient,0.4300330247391354,0.1663958098400723,0.995688259601593
4552,517,integrated_gradient,0.19119675409409306,0.010859014526490242,0.9990198612213135
4553,3170,integrated_gradient,0.05730092969787546,-0.2314796531321229,0.08178331702947617
4554,3201,integrated_gradient,0.8646653302945196,0.03689244300127029,0.9957893490791321
4555,3194,integrated_gradient,0.6421900745481253,0.019225805835879368,0.9924966096878052
4556,3897,integrated_gradient,0.4727530848234892,0.029804833978414536,0.9990540146827698
4557,858,integrated_gradient,0.7760603502974845,0.012710634618997574,0.9762351512908936
4558,19,integrated_gradient,0.6585200068333911,0.39066569896035447,0.8163796067237854
4559,699,integrated_gradient,0.2834507293171353,0.05802620450655619,0.9998138546943665
4560,575,integrated_gradient,0.1249972569445769,0.006468519568443298,0.9999368190765381
4561,1646,integrated_gradient,0.159616666890326,0.02267560362815857,0.999907374382019
4562,3623,integrated_gradient,0.3444560764402878,0.06693048720679633,0.9995326995849609
4563,599,integrated_gradient,0.5628854586422676,0.03853699676692486,0.9981202483177185
4564,2894,integrated_gradient,0.0829587287373013,0.005995027224222819,0.9999396800994873
4565,305,integrated_gradient,0.5257294130388577,0.020764477269829443,0.9993307590484619
4566,3433,integrated_gradient,0.2638300623533861,0.0038941862448206486,0.9998227953910828
4567,3826,integrated_gradient,0.7747514690789912,0.024324966470400493,0.9818872213363647
4568,1350,integrated_gradient,0.4567764104508302,0.04885705078349394,0.9943504929542542
4569,2129,integrated_gradient,0.8134146626080937,0.024338077753782272,0.9983017444610596
4570,1422,integrated_gradient,0.5302658575145822,0.02476458643612109,0.9996740818023682
4571,3819,integrated_gradient,0.266978968442841,0.02356509915129705,0.9984520673751831
4572,1527,integrated_gradient,0.1325205647945404,0.007633177042007447,0.9999376535415649
4573,1087,integrated_gradient,0.07372521947730672,0.005851535634561019,0.9999384880065918
4574,1484,integrated_gradient,0.42688501153777286,0.04127801918401951,0.9995259046554565
4575,3513,integrated_gradient,0.20164275980787352,0.03459471222013235,0.9994493126869202
4576,3361,integrated_gradient,0.3165304938952128,0.042287153667873806,0.999293327331543
4577,1323,integrated_gradient,0.7254386264559192,0.024066238602002462,0.9977144002914429
4578,1553,integrated_gradient,0.5461304238775656,0.02246991474004019,0.9996764659881592
4579,3687,integrated_gradient,0.14109510609081813,0.005378086652074542,0.9998612403869629
4580,4368,integrated_gradient,0.44009248215344643,0.06255248140904211,0.9996041655540466
4581,3165,integrated_gradient,0.435881152101185,0.04316627643192592,0.9997616410255432
4582,1309,integrated_gradient,0.4562437047222347,0.04540026052431627,0.9997159838676453
4583,2983,integrated_gradient,0.6085114166236076,0.02377225363101715,0.9997509121894836
4584,3378,integrated_gradient,0.46431175122658414,0.0594568125627659,0.9983618855476379
4585,345,integrated_gradient,-0.3770394128463838,-0.3744956107567186,0.09959545731544495
4586,1086,integrated_gradient,0.5013155232183635,0.022035622224211692,0.9997208714485168
4587,923,integrated_gradient,0.2984781327346961,0.05503333806991577,0.9997708201408386
4588,1571,integrated_gradient,0.23328358307480812,0.024615027010440826,0.9983104467391968
4589,842,integrated_gradient,0.5546735623965457,0.07261543956642248,0.990315854549408
4590,2165,integrated_gradient,0.6442659105926466,0.049429272301495075,0.9531433582305908
4591,608,integrated_gradient,0.7373768278570345,0.0215872372298137,0.9997633099555969
4592,285,integrated_gradient,0.3133825095878406,0.06111762977459214,0.9996041655540466
4593,2009,integrated_gradient,0.4402103993025693,0.022834708406166596,0.9997312426567078
4594,807,integrated_gradient,0.4403532785038615,0.061817034862415736,0.9999251365661621
4595,4511,integrated_gradient,0.32737283563862246,0.03717513879140218,0.9997615218162537
4596,2495,integrated_gradient,0.3958180293294729,0.06627927150796442,0.9997606873512268
4597,405,integrated_gradient,0.4624044042631832,0.03907629011236891,0.9994694590568542
4598,218,integrated_gradient,0.5338983131392349,0.15581623584993423,0.9995858073234558
4599,1976,integrated_gradient,0.6322372871916742,0.02464110446827752,0.9958023428916931
4600,4040,integrated_gradient,0.3864103482866829,0.052323214371096,0.9979668259620667
4601,2461,integrated_gradient,0.290139136215051,0.03880932836821585,0.9994953870773315
4602,2095,integrated_gradient,0.2900777090832872,0.0655043999892923,0.9996145963668823
4603,327,integrated_gradient,0.762387864277116,0.03175402283668518,0.8981558084487915
4604,2957,integrated_gradient,0.6462561700066899,0.032329984956373604,0.9996838569641113
4605,1778,integrated_gradient,0.6034094254331043,0.13790595717728138,0.9954015016555786
4606,688,integrated_gradient,0.5782709417339319,0.03145000491386805,0.999686598777771
4607,393,integrated_gradient,0.7824920928344513,0.11644791639768161,0.9983372688293457
4608,3495,integrated_gradient,0.3510204689173063,0.030093672492031782,0.9997907280921936
4609,2741,integrated_gradient,0.30496187378530915,0.0437769102661506,0.9997590184211731
4610,3105,integrated_gradient,0.5628247511447863,0.02248022154621456,0.7089082598686218
4611,3579,integrated_gradient,0.7548168170398899,0.2257848988686289,0.9993767142295837
4612,4460,integrated_gradient,0.5136380028970381,0.023841811066612283,0.9996813535690308
4613,1491,integrated_gradient,0.24614434650069789,0.012952120680558054,0.9999392032623291
4614,882,integrated_gradient,0.41853020360900295,0.05745823184649149,0.9983023405075073
4615,2085,integrated_gradient,0.38006408126265917,0.02707089759685375,0.9996563196182251
4616,1769,integrated_gradient,0.6243033768652484,0.02251730235510094,0.9996805191040039
4617,3177,integrated_gradient,0.19903537066919463,-0.19849478261811393,0.6650061011314392
4618,3766,integrated_gradient,0.16465131709208855,0.049781643881056555,0.9997426867485046
4619,2049,integrated_gradient,0.12740643369033933,0.023834225721657276,0.9997180104255676
4620,794,integrated_gradient,0.18193482539870523,0.006630126725543629,0.9999421834945679
4621,1617,integrated_gradient,0.4371517900662083,0.06588304544533861,0.999640703201294
4622,21,integrated_gradient,0.3390484893763507,0.06646404167016347,0.9997922778129578
4623,2626,integrated_gradient,0.29243321816126505,0.031286680615610546,0.9998906850814819
4624,2199,integrated_gradient,-0.03705032576140689,-0.11121331867244509,0.003585011698305607
4625,4578,integrated_gradient,0.17358416826167006,0.006006178703713924,0.9999222755432129
4626,1535,integrated_gradient,0.782002514356683,0.0567650453283869,0.9993570446968079
4627,1012,integrated_gradient,0.807810201805296,0.12470772839151323,0.985027551651001
4628,3302,integrated_gradient,0.2765295226871967,0.01901054322719574,0.9996715784072876
4629,3059,integrated_gradient,0.27056585550308226,0.027303065856297812,0.9987539052963257
4630,1172,integrated_gradient,0.12486720085144043,0.01410516012798656,0.999935507774353
4631,3322,integrated_gradient,0.23978653981497414,0.021063672476693204,0.9968185424804688
4632,3232,integrated_gradient,0.8124378789037688,0.005146085877310146,0.8737022280693054
4633,3859,integrated_gradient,0.13398869832356772,0.00789872652445084,0.9999407529830933
4634,1015,integrated_gradient,0.6063710559419421,0.03601032790056495,0.9994232654571533
4635,1364,integrated_gradient,0.28159394471541693,0.010040690069613249,0.9999010562896729
4636,2757,integrated_gradient,0.029657734406960977,0.003106436213931522,0.998711347579956
4637,182,integrated_gradient,0.1932406322345795,-0.17197850769255585,0.5817652344703674
4638,1107,integrated_gradient,0.10387062695291308,0.0031506551636589896,0.9999330043792725
4639,188,integrated_gradient,0.4970432332583836,0.024847226483481272,0.9995160102844238
4640,2990,integrated_gradient,0.40549195328882587,0.15473083486237252,0.9992591738700867
4641,2951,integrated_gradient,0.47776425814178464,-0.013983488587352136,0.8948888182640076
4642,3539,integrated_gradient,0.14445300514881426,0.007498812981140919,0.9999409914016724
4643,3473,integrated_gradient,0.31720190960913897,0.0344752361997962,0.9995162487030029
4644,1655,integrated_gradient,0.3250625661533812,0.02721371647456418,0.9880483150482178
4645,3422,integrated_gradient,0.7118287003882553,0.021158846662096355,0.9997698664665222
4646,4077,integrated_gradient,0.3035932152373035,0.03241232364642911,0.9997468590736389
4647,3015,integrated_gradient,0.2934661824857035,0.023429862914546844,0.9999136924743652
4648,2713,integrated_gradient,0.271344804419921,0.005662214297514696,0.9998477697372437
4649,3397,integrated_gradient,0.4595038045911079,0.042296780709256514,0.9997735619544983
4650,1266,integrated_gradient,0.44015986495651305,0.019705309576931455,0.9997161030769348
4651,1623,integrated_gradient,0.267621535807848,0.019959656951519158,0.9997606873512268
4652,3358,integrated_gradient,0.7895297593037996,0.04462572045269467,0.9997507929801941
4653,373,integrated_gradient,0.1739744497463107,0.011131517589092255,0.9999326467514038
4654,2026,integrated_gradient,0.23670119556287925,0.023675995982355542,0.9993563294410706
4655,1524,integrated_gradient,0.3772150965837332,0.08881573321727607,0.9997822642326355
4656,422,integrated_gradient,0.6657648917420634,0.0222476078640847,0.9997616410255432
4657,3169,integrated_gradient,0.2555021161542219,0.008661448955535889,0.9998743534088135
4658,3650,integrated_gradient,0.060120220617814496,0.002199408141049472,0.9999430179595947
4659,3800,integrated_gradient,0.5578694553609859,0.05895148396016436,0.9991720914840698
4660,1120,integrated_gradient,0.318653302442915,0.019757682914441486,0.9997346997261047
4661,2249,integrated_gradient,0.25193444622117417,0.027861708298672076,0.9996480941772461
4662,4043,integrated_gradient,0.1645505920399067,0.013281416061312654,0.999901294708252
4663,616,integrated_gradient,0.3880473603976184,0.08780240678581698,0.9978971481323242
4664,2691,integrated_gradient,0.38005300158181704,0.04395508323166821,0.9995947480201721
4665,2043,integrated_gradient,0.17764804938009807,0.046048686507024934,0.9951033592224121
4666,3188,integrated_gradient,0.8538314891754999,0.01981679566204548,0.9996837377548218
4667,2835,integrated_gradient,0.34429228008509827,0.033956666763585344,0.9997915625572205
4668,4211,integrated_gradient,0.12200689613819123,0.04973573287328084,0.9999293088912964
4669,917,integrated_gradient,0.4062095619738102,0.020303620025515556,0.9920033812522888
4670,4100,integrated_gradient,0.3137790225446224,0.030678405198785993,0.9977766871452332
4671,1162,integrated_gradient,0.5557127522259224,0.058795745234663896,0.9987475872039795
4672,3716,integrated_gradient,0.3957614276861382,0.04451406123333199,0.9998213648796082
4673,1248,integrated_gradient,0.06847874129690774,0.013489422274798882,0.9999306201934814
4674,828,integrated_gradient,0.11191079400955363,0.00740514283484601,0.9999380111694336
4675,2243,integrated_gradient,-0.04285351583929432,-0.03602221116025542,0.02579612098634243
4676,2902,integrated_gradient,0.25053640367146934,0.07112335501555002,0.9997243285179138
4677,337,integrated_gradient,0.38135474901168775,0.050394885815106906,0.9995959401130676
4678,2351,integrated_gradient,0.38621175587177276,0.031967788189649585,0.9995847344398499
4679,1959,integrated_gradient,0.362025779299438,0.022294148057699203,0.9972550272941589
4680,3431,integrated_gradient,-0.29750035874167224,-0.026374117512204975,0.00036186506622470915
4681,4374,integrated_gradient,0.31140679402314886,0.024770079142585093,0.9994891881942749
4682,1102,integrated_gradient,0.24536413721966022,0.009969387993668064,0.9999380111694336
4683,1246,integrated_gradient,0.03348946362210993,0.0028261291353326094,0.9999332427978516
4684,1176,integrated_gradient,0.4552257352796409,0.0447932180431154,0.9998319149017334
4685,4579,integrated_gradient,0.11478026575512357,0.01119059721628825,0.9999203681945801
4686,3195,integrated_gradient,0.0721719645696473,0.13849008144975147,0.38375335931777954
4687,2790,integrated_gradient,0.42064926840364936,0.0670713772624731,0.9992958307266235
4688,3877,integrated_gradient,0.8664748071695656,0.0646493351530461,0.9914222359657288
4689,93,integrated_gradient,0.6831978846958644,0.03949529920206513,0.9984662532806396
4690,2795,integrated_gradient,0.6451520926029598,0.40337401815702684,0.892436146736145
4691,2317,integrated_gradient,0.26755294136025687,0.040970165790482,0.9906683564186096
4692,385,integrated_gradient,0.31559343765280684,0.04412655144625781,0.9997519850730896
4693,913,integrated_gradient,0.3206443118326592,0.03248836416186708,0.9996331930160522
4694,693,integrated_gradient,0.6609707419519071,0.03683269755155952,0.9674268960952759
4695,3241,integrated_gradient,0.6583768050186336,0.03197599770501256,0.9992102384567261
4696,2471,integrated_gradient,0.2231377335075213,0.02933317879024817,0.9979719519615173
4697,311,integrated_gradient,0.353056614382746,0.020727129899105936,0.9997581839561462
4698,334,integrated_gradient,0.6792287580676614,0.005806494433924837,0.999934196472168
4699,861,integrated_gradient,0.12522171548119299,0.004310953396338003,0.9998906850814819
4700,1454,integrated_gradient,0.454103702886237,0.025060152841938868,0.999445378780365
4701,2684,integrated_gradient,0.6839061304926872,0.01809472478223297,0.9997395873069763
4702,1224,integrated_gradient,0.44505530088668643,0.4608625113567893,0.6110888123512268
4703,2585,integrated_gradient,0.05225089253211508,0.0056092885075783245,0.9999161958694458
4704,708,integrated_gradient,0.6222688132978004,0.03745648086718891,0.9994958639144897
4705,3141,integrated_gradient,0.09877128056857896,0.006076506946397864,0.9999386072158813
4706,38,integrated_gradient,0.3700095424252861,0.024429398114388844,0.9970207810401917
4707,2683,integrated_gradient,0.4383944822475314,0.09216359984129667,0.9997358918190002
4708,935,integrated_gradient,0.5277331378304979,0.08588671402967706,0.9997422099113464
4709,3339,integrated_gradient,0.15241347447685574,0.004690726166186126,0.9999347925186157
4710,1325,integrated_gradient,0.2928487326689931,0.09677892689441525,0.999762237071991
4711,2120,integrated_gradient,-0.029886084261770342,-0.04811108307273803,0.0098820636048913
4712,470,integrated_gradient,0.6383750622952925,0.06851415967614186,0.9994279742240906
4713,3393,integrated_gradient,0.2800784521811717,0.009509590831962792,0.999913215637207
4714,1942,integrated_gradient,0.3844436500221491,0.0037114061415195465,0.9999091625213623
4715,3371,integrated_gradient,0.44950390480355257,0.026440208984745875,0.9995042085647583
4716,1713,integrated_gradient,0.6916023361301759,0.10025832478118979,0.7611915469169617
4717,160,integrated_gradient,0.039478227496147156,0.007011805068362843,0.9997265934944153
4718,1192,integrated_gradient,0.4013742933049798,0.012335745990276337,0.9999144077301025
4719,2161,integrated_gradient,0.2185603476859428,0.01821033696870546,0.9999277591705322
4720,3925,integrated_gradient,0.8523760151717292,0.04777184499763563,0.9990829229354858
4721,3619,integrated_gradient,0.3991662801376411,0.0500267397080149,0.9777315258979797
4722,4209,integrated_gradient,0.7308923018475374,-0.004257274743838188,0.9586831331253052
4723,3524,integrated_gradient,0.4099882990931687,0.02035733879260395,0.9990906715393066
4724,353,integrated_gradient,0.4002097902097264,0.038314519107949974,0.999738872051239
4725,2548,integrated_gradient,0.18408637178973072,0.06210404594561884,0.9995682835578918
4726,4202,integrated_gradient,0.011660890813384736,-0.04227200065340315,0.6926886439323425
4727,1014,integrated_gradient,0.47927716326984493,0.035360492427240715,0.9995049238204956
4728,1200,integrated_gradient,0.39663945999124955,0.032200719583137284,0.9997790455818176
4729,4580,integrated_gradient,0.02040526270866394,0.011320870231699061,0.9999163150787354
4730,3087,integrated_gradient,0.4430531401719366,0.08267502380268914,0.9995974898338318
4731,1305,integrated_gradient,0.6526922488585114,0.02508543897420168,0.994238018989563
4732,112,integrated_gradient,0.2635785602033138,0.06907817255705595,0.9998038411140442
4733,1853,integrated_gradient,0.4949607860409852,0.04901837941372034,0.9997662901878357
4734,4310,integrated_gradient,0.6049410463419072,0.03493087011021237,0.9997687935829163
4735,3873,integrated_gradient,0.2617579055459876,0.017678215315467434,0.9999330043792725
4736,4216,integrated_gradient,0.3674933978461854,0.050232087314691184,0.9997439980506897
4737,14,integrated_gradient,0.2249192648074206,-0.09298589124399073,0.7362715005874634
4738,3915,integrated_gradient,0.5173902273738349,0.05926950786794935,0.9788841009140015
4739,2387,integrated_gradient,0.3873245788826829,0.022001685485953375,0.9993690848350525
4740,533,integrated_gradient,0.9068703965555566,0.13943274833616756,0.9764451384544373
4741,3551,integrated_gradient,0.43478873740241397,0.028260130385336066,0.9994766116142273
4742,851,integrated_gradient,0.33134301971982827,0.04181496443396265,0.9997901320457458
4743,1418,integrated_gradient,0.47689059598926914,0.03330413379559392,0.9909952282905579
4744,3446,integrated_gradient,0.39883010704880173,0.02120691651235456,0.9997702240943909
4745,1318,integrated_gradient,0.2287451337006959,0.01772080260244283,0.9949485063552856
4746,677,integrated_gradient,0.16559671419007438,0.009893209593636649,0.9995980858802795
4747,3740,integrated_gradient,0.31722251628525555,0.02803752664476633,0.9996871948242188
4748,1317,integrated_gradient,0.6002956769417458,-0.16095495370567822,0.6237097382545471
4749,1072,integrated_gradient,0.959405967121711,0.18069760445447172,0.9997788071632385
4750,4275,integrated_gradient,-0.4066134379711002,-0.2806219344958663,0.024295154958963394
4751,655,integrated_gradient,0.8903036318671215,0.15075203416676358,0.9970287680625916
4752,3128,integrated_gradient,0.89055295009166,0.022466963384209608,0.9994780421257019
4753,3143,integrated_gradient,0.4094518748888125,0.014402073621749879,0.9999178647994995
4754,568,integrated_gradient,0.4982952323343073,0.09857711621693202,0.9994500279426575
4755,1871,integrated_gradient,0.3777674354612827,0.00721098929643631,0.9999284744262695
4756,3956,integrated_gradient,0.3130283002586414,0.06503245813979043,0.9997894167900085
4757,121,integrated_gradient,0.06114325938480241,0.004253738692828587,0.9997743964195251
4758,3150,integrated_gradient,0.45379171852002165,0.02060202201423438,0.9997784495353699
4759,587,integrated_gradient,0.16019564255689964,0.008031019797691932,0.9999291896820068
4760,3061,integrated_gradient,0.6365543409269683,0.044303685122606705,0.9979548454284668
4761,3162,integrated_gradient,0.4623448614858919,0.019114704733645474,0.9997709393501282
4762,1254,integrated_gradient,0.11619136314238271,0.0017903110673350672,0.9999192953109741
4763,2658,integrated_gradient,0.29498881735700244,0.037114820740324385,0.9993662238121033
4764,163,integrated_gradient,0.35352052087206154,0.031918575237323714,0.9998517036437988
4765,1322,integrated_gradient,0.4531005409532296,0.01487121608719897,0.999629020690918
4766,4249,integrated_gradient,0.6959256270921536,0.3488528702408075,0.8326014876365662
4767,360,integrated_gradient,0.7098023541813393,0.01620909727869495,0.9997087121009827
4768,1768,integrated_gradient,0.2014499121117142,0.0018653127382386406,0.9999029636383057
4769,732,integrated_gradient,0.7380337537887196,0.037176138100524746,0.9986885190010071
4770,2671,integrated_gradient,0.7267997148607311,0.1993940177148786,0.9972802400588989
4771,691,integrated_gradient,0.32218708669628343,0.20898903048018347,0.537680983543396
4772,79,integrated_gradient,0.6406289376663389,0.058904920256248224,0.9984980821609497
4773,2776,integrated_gradient,0.20983908833427864,0.02365140938623385,0.9995684027671814
4774,1053,integrated_gradient,0.5612177864155349,0.12638600495662175,0.998623251914978
4775,410,integrated_gradient,0.6440934776736978,0.030573980850085877,0.9997599720954895
4776,4367,integrated_gradient,0.4045929087858115,0.025229481004533313,0.9834858179092407
4777,1667,integrated_gradient,0.3666086339391768,0.030072747729718685,0.99955815076828
4778,3349,integrated_gradient,0.7137792965729854,0.06420943013259343,0.9982094764709473
4779,2672,integrated_gradient,0.679700701137666,0.011963278958291718,0.9998984336853027
4780,4038,integrated_gradient,0.7238142800727679,0.016088417055265557,0.999718964099884
4781,4552,integrated_gradient,0.4444829738315414,0.027249050710131142,0.9998063445091248
4782,1542,integrated_gradient,0.04926003850236231,0.04813932110460437,0.9989033937454224
4783,1336,integrated_gradient,0.11179513323540781,0.00486908706964231,0.9999227523803711
4784,1519,integrated_gradient,0.7503198422969152,0.025129372683855202,0.9997904896736145
4785,1229,integrated_gradient,0.4510463510453701,0.024547044336795807,0.9993537068367004
4786,1968,integrated_gradient,0.6086007183039328,0.01957477955147624,0.9977643489837646
4787,4416,integrated_gradient,0.5520454577513432,0.03434292351206144,0.9992958307266235
4788,2109,integrated_gradient,0.4859861054869949,0.05050912346751964,0.9996541738510132
4789,725,integrated_gradient,0.32207446332488743,0.03884237951466015,0.9994435906410217
4790,1134,integrated_gradient,0.0352794845377849,-0.2684756618525301,0.24350415170192719
4791,101,integrated_gradient,0.6509595274641786,0.07803179080719533,0.9965853691101074
4792,4266,integrated_gradient,0.33576354176499124,0.05267922424299772,0.9994989633560181
4793,2253,integrated_gradient,0.46865675978076,0.023373601528314445,0.999208390712738
4794,1269,integrated_gradient,0.09015303725997607,0.004576392471790314,0.9999366998672485
4795,2813,integrated_gradient,0.31298678421548437,0.05131840492997851,0.99965500831604
4796,193,integrated_gradient,0.5268588200013972,0.06882599978284402,0.9993638396263123
4797,1127,integrated_gradient,0.6433202883077634,0.031711511515282294,0.9997536540031433
4798,2871,integrated_gradient,0.8398644243844036,0.025492246012862135,0.9997450709342957
4799,3470,integrated_gradient,0.810418546816115,0.09735201658366029,0.9930214285850525
4800,280,integrated_gradient,0.13455288269017873,0.02490868301768052,0.99970942735672
4801,1696,integrated_gradient,0.4387413878511224,0.051188322405020394,0.9990069270133972
4802,2623,integrated_gradient,0.1131069819132487,-0.00037868950102064346,0.9932789206504822
4803,2139,integrated_gradient,0.5327408512973267,0.03918259202138237,0.999329686164856
4804,3438,integrated_gradient,0.1629528288136829,0.04167960685762492,0.9999388456344604
4805,82,integrated_gradient,0.1432180607318878,0.004134755134582519,0.9998000264167786
4806,876,integrated_gradient,0.7661400802812919,0.002165013165385635,0.9615743160247803
4807,2719,integrated_gradient,0.29894088874471947,0.00394297533846916,0.9999428987503052
4808,2374,integrated_gradient,0.24510255455970764,0.014667929787384836,0.9995403289794922
4809,1569,integrated_gradient,0.7931357763132992,0.020512728297964057,0.999365508556366
4810,2416,integrated_gradient,0.23076316310713688,0.003609458605448405,0.9999324083328247
4811,3724,integrated_gradient,0.2767124503850937,0.0625170716217586,0.9975895881652832
4812,3511,integrated_gradient,0.8858994229510426,0.04126468110829592,0.9966631531715393
4813,4046,integrated_gradient,0.34979033790942693,0.04631087163256274,0.9979152083396912
4814,2132,integrated_gradient,0.4394018813967705,0.034742154045538466,0.9993273019790649
4815,2932,integrated_gradient,0.45192125938175354,0.05248518551097197,0.9991326928138733
4816,3414,integrated_gradient,0.18733972796173984,0.00610388295595036,0.9997473359107971
4817,1009,integrated_gradient,0.24310259066703843,0.007494190844093881,0.9999313354492188
4818,4171,integrated_gradient,0.27603454051948173,0.007299946575630002,0.9999346733093262
4819,1439,integrated_gradient,0.2188103040870355,0.009387049139762411,0.9999344348907471
4820,3603,integrated_gradient,0.4759214163086442,0.04607967755129171,0.9997875094413757
4821,2680,integrated_gradient,0.3757409571633473,0.029714138338378833,0.9995542168617249
4822,4297,integrated_gradient,0.05375106987499055,0.005586208332152594,0.999887228012085
4823,630,integrated_gradient,0.5231190746857061,0.06752330760161082,0.9997987151145935
4824,638,integrated_gradient,0.45943504456302214,0.054497530234271084,0.9995785355567932
4825,455,integrated_gradient,0.49854758397695864,0.0832671174343596,0.9885410666465759
4826,129,integrated_gradient,0.08062297503153483,0.00993940962685479,0.9999216794967651
4827,3544,integrated_gradient,0.4617648887424133,0.0535344470005769,0.9996554851531982
4828,2705,integrated_gradient,0.2780481382058217,0.013491337115948018,0.998616099357605
4829,4542,integrated_gradient,0.35788766780899745,0.03521468926031711,0.9994493126869202
4830,1736,integrated_gradient,0.29650549093882245,0.03298047847217984,0.9988632202148438
4831,1442,integrated_gradient,0.5700103903598175,0.02401877957873228,0.9989868998527527
4832,836,integrated_gradient,0.8634170918339805,0.052604084368795156,0.9957411289215088
4833,3713,integrated_gradient,0.2816784355120781,0.035843697495949574,0.9998024106025696
4834,963,integrated_gradient,0.011642290536185792,-0.10269930428857434,0.1722792387008667
4835,3500,integrated_gradient,0.47138580434024335,0.059115023612976075,0.9985418319702148
4836,1386,integrated_gradient,0.4057784539327258,0.023678983561694622,0.9997828602790833
4837,3631,integrated_gradient,0.5133165862715366,0.044506500418088873,0.9996988773345947
4838,3220,integrated_gradient,0.7106792849908564,0.09946749972946503,0.999125063419342
4839,1920,integrated_gradient,0.2144969244455469,0.07247600954925192,0.9993933439254761
4840,3065,integrated_gradient,0.9152634323862217,0.025574202046674842,0.9984636306762695
4841,4122,integrated_gradient,0.06909180552728715,0.01754286789125012,0.9999406337738037
4842,2735,integrated_gradient,0.5243639652855397,0.021335250105370174,0.9997478127479553
4843,1441,integrated_gradient,0.5403930563036174,0.024181671263206573,0.9997524619102478
4844,860,integrated_gradient,0.5475647645706142,0.06811557735570452,0.9985270500183105
4845,930,integrated_gradient,0.076476372951685,0.0069021277649458064,0.9999330043792725
4846,2920,integrated_gradient,0.6411903526685718,0.03223326264156236,0.9837579131126404
4847,3073,integrated_gradient,0.4463651912788359,0.08573129586875439,0.9581029415130615
4848,2537,integrated_gradient,0.34181559261153727,0.18111771924475975,0.9997439980506897
4849,4582,integrated_gradient,0.40545264726913555,0.007223047861238805,0.9996926784515381
4850,173,integrated_gradient,0.04789743672555952,0.0008036218472381137,0.9984564781188965
4851,1056,integrated_gradient,0.32826034730720904,0.0495011325805418,0.9989043474197388
4852,2870,integrated_gradient,0.32338181079218264,0.037446720035452595,0.9997250437736511
4853,50,integrated_gradient,0.9267247440667623,0.07348055607040546,0.9988952875137329
4854,2560,integrated_gradient,0.18962745024607733,0.00979233246583205,0.999908447265625
4855,31,integrated_gradient,0.2822111433273868,0.009327839863927741,0.9997630715370178
4856,3419,integrated_gradient,0.18420009663764467,0.00767940029184869,0.9999228715896606
4857,3023,integrated_gradient,0.327883659597581,0.05183714451426166,0.9997532963752747
4858,1433,integrated_gradient,0.47843936277977117,0.026528327741095276,0.998925507068634
4859,399,integrated_gradient,0.35130897120517846,0.021511957925908706,0.9999289512634277
4860,3793,integrated_gradient,0.2779083571500248,0.07371443741851383,0.9994363188743591
4861,3354,integrated_gradient,0.3671806529164314,0.030439473688602448,0.9999203681945801
4862,749,integrated_gradient,0.6816930439062638,0.45134190246019334,0.8262404203414917
4863,3479,integrated_gradient,0.3452371972297956,0.028766767486282017,0.9997844099998474
4864,3212,integrated_gradient,0.30181475325177115,0.02421323334177335,0.9915026426315308
4865,617,integrated_gradient,0.20301795178366935,0.009732618051416734,0.9999336004257202
4866,4442,integrated_gradient,0.40015505471577245,0.0716324236530524,0.9992184638977051
4867,2130,integrated_gradient,0.7438045379480925,0.01797660318171156,0.9997063279151917
4868,283,integrated_gradient,0.5830249727836677,0.027502939530781336,0.9996964931488037
4869,4517,integrated_gradient,0.35037482175089063,0.08063012290568579,0.9997127652168274
4870,1217,integrated_gradient,0.4489086416914411,0.08303479440813966,0.9997401833534241
4871,55,integrated_gradient,0.7859654145780951,0.03586287026604017,0.999502420425415
4872,2038,integrated_gradient,0.5590286700919803,0.0325714432235275,0.9997771382331848
4873,1302,integrated_gradient,0.24978169714185325,0.03883917307989164,0.9997850060462952
4874,2767,integrated_gradient,0.12467634396827114,0.024153402873447964,0.6382457613945007
4875,1813,integrated_gradient,0.4365578880938499,0.029881005053934845,0.9982916712760925
4876,3881,integrated_gradient,0.5615465850051906,0.05228631612327364,0.9993495345115662
4877,434,integrated_gradient,0.16070045684945994,0.03575028016649444,0.9998668432235718
4878,115,integrated_gradient,0.6537894878659115,0.0034089131014687674,0.9998924732208252
4879,2119,integrated_gradient,0.4025470844723962,0.055428224982637345,0.9998014569282532
4880,2923,integrated_gradient,0.25631850957870483,0.019419642055735868,0.999937891960144
4881,3392,integrated_gradient,0.3508705041474766,0.09589054021570417,0.9993243217468262
4882,1789,integrated_gradient,0.3016870252717778,0.038015030043305094,0.9997801184654236
4883,1103,integrated_gradient,0.13228674984344727,0.018483178771060448,0.9999274015426636
4884,348,integrated_gradient,0.35764491670962534,0.025951614208293682,0.8458763957023621
4885,4441,integrated_gradient,0.09861003651338465,0.0034915839924531825,0.9999092817306519
4886,78,integrated_gradient,0.1145856833016431,0.021118936715302645,0.9999380111694336
4887,3224,integrated_gradient,0.27094199107243466,0.011363729452475524,0.9999427795410156
4888,1821,integrated_gradient,0.3893547605325961,0.010180010515100816,0.9997754693031311
4889,1735,integrated_gradient,0.14928659628022392,0.0034727251754616793,0.9999364614486694
4890,2473,integrated_gradient,0.2531139436069616,0.006803293560826501,0.9999082088470459
4891,4204,integrated_gradient,0.6299568932258691,0.06424173559897985,0.9995266199111938
4892,3395,integrated_gradient,0.23634205290249416,0.009414631979806083,0.9998862743377686
4893,3405,integrated_gradient,0.7436801866761276,0.09236141400677818,0.9555742740631104
4894,1431,integrated_gradient,0.3290717743337154,0.009510970115661621,0.9995425939559937
4895,2113,integrated_gradient,0.47683007054200227,0.058039000173184,0.9997621178627014
4896,1294,integrated_gradient,0.08555143980552106,-0.1901467597865044,0.12968359887599945
4897,2798,integrated_gradient,-0.14046601912317178,0.005330293855513446,0.012777583673596382
4898,4241,integrated_gradient,0.47501019625043545,0.02554433047771454,0.9996380805969238
4899,2697,integrated_gradient,0.13547140927541823,-0.0017439013435727074,0.9884060621261597
4900,735,integrated_gradient,0.32158522845007653,0.02339620333771373,0.999651312828064
4901,2398,integrated_gradient,0.2125629624899696,0.05193674564361572,0.9996328353881836
4902,1921,integrated_gradient,0.49618610152258324,0.04460034390481619,0.9974937438964844
4903,2454,integrated_gradient,0.6168297317592387,0.020271662384905714,0.9868724346160889
4904,2436,integrated_gradient,0.5470928041100064,0.09506379243205576,0.6879131197929382
4905,3313,integrated_gradient,0.34391399489148805,0.11782665939434715,0.9958451390266418
4906,2602,integrated_gradient,0.46620633139422063,0.04681561495128431,0.9996352195739746
4907,1378,integrated_gradient,0.25598167315606146,0.6121720832757531,0.9689615368843079
4908,4172,integrated_gradient,0.7370423676517431,0.03752566849993121,0.9946192502975464
4909,140,integrated_gradient,0.0880974437061109,0.011830665563282213,0.9997726082801819
4910,2482,integrated_gradient,0.6331167014061727,0.03066155534576286,0.9996614456176758
4911,2566,integrated_gradient,0.33560178198796864,0.033926581635194665,0.9996492862701416
4912,3043,integrated_gradient,0.20003949871884202,0.05879988957126186,0.9995561242103577
4913,2718,integrated_gradient,0.4089440838678887,0.023545406366649427,0.999789297580719
4914,1010,integrated_gradient,0.4515675246058142,0.040936508599449604,0.9994291663169861
4915,1516,integrated_gradient,0.5462299755225624,-0.22044064683307493,0.611278772354126
4916,1988,integrated_gradient,0.47617447938126345,0.052161038798444415,0.999685525894165
4917,2942,integrated_gradient,0.6776766040538614,0.05286411800094553,0.9995535016059875
4918,3097,integrated_gradient,0.26206363782286646,0.02424898311495781,0.999742329120636
4919,151,integrated_gradient,0.3984521567821503,0.012410953044891357,0.9639233946800232
4920,2319,integrated_gradient,0.5409367720223963,0.14142363419756293,0.9901373386383057
4921,1373,integrated_gradient,0.8155884029480015,0.0702687179806029,0.9997658133506775
4922,1358,integrated_gradient,0.8217601774461704,0.053469713408655174,0.9988759160041809
4923,1873,integrated_gradient,0.8057978986745344,0.03507639664937468,0.9902647733688354
4924,2668,integrated_gradient,0.29375641592420065,0.0036345811990591195,0.9999090433120728
4925,4357,integrated_gradient,0.9123811810277402,0.024975728545639966,0.9990045428276062
4926,62,integrated_gradient,0.27119834373394647,0.0038575861189100477,0.999931812286377
4927,1795,integrated_gradient,0.3186516719388551,0.018489085394760657,0.9999234676361084
4928,1000,integrated_gradient,0.7683059947699874,0.019132113705078762,0.9997530579566956
4929,3679,integrated_gradient,0.678676916672358,0.024442219616551148,0.9997993111610413
4930,1850,integrated_gradient,0.38990259941281946,0.029913152086323704,0.998589813709259
4931,2825,integrated_gradient,0.34261160526567924,0.0233254639001993,0.9998986721038818
4932,3964,integrated_gradient,0.6421509739213014,0.01828538726728696,0.999750554561615
4933,1625,integrated_gradient,0.3117999671293156,0.012599340506962367,0.9999339580535889
4934,1313,integrated_gradient,0.7959773147098638,0.24735942619907506,0.9997521042823792
4935,4320,integrated_gradient,0.1283677848609718,0.008074617063676988,0.9997965693473816
4936,2166,integrated_gradient,0.6404334242929044,0.05722406329064421,0.9997931122779846
4937,2184,integrated_gradient,0.8124375325045549,0.05349158280425602,0.9955392479896545
4938,4148,integrated_gradient,0.15443985329733956,0.009583575858010186,0.9999343156814575
4939,300,integrated_gradient,0.5251640136340493,0.036602773123754644,0.9997203946113586
4940,339,integrated_gradient,0.43272682731705053,0.051992447048957856,0.9997205138206482
4941,2220,integrated_gradient,0.7628632205659929,0.04259036691940349,0.9997548460960388
4942,1587,integrated_gradient,0.26229520235210657,0.01355828158557415,0.9998394250869751
4943,4410,integrated_gradient,0.42721247299600185,0.04246821527679761,0.9997898936271667
4944,3009,integrated_gradient,0.5540804126683403,0.03499949635828242,0.9995825886726379
4945,4314,integrated_gradient,0.4765072541359143,0.04101892025806965,0.9995521903038025
4946,2236,integrated_gradient,0.2810177363273574,0.31937955836651893,0.8126024603843689
4947,3837,integrated_gradient,0.20646658837795256,0.028641778230667114,0.999776303768158
4948,2512,integrated_gradient,0.3834026134370462,0.025224280908055927,0.9997861981391907
4949,4272,integrated_gradient,0.42989682047986066,0.04026512839855292,0.9996488094329834
4950,2294,integrated_gradient,0.44031737904463497,0.030672640459878105,0.9994392991065979
4951,3416,integrated_gradient,0.4289559415408543,0.012800758225577219,0.9999258518218994
4952,3694,integrated_gradient,0.4467528117139165,0.036609176637195956,0.9976987242698669
4953,108,integrated_gradient,-0.1860461002588272,-0.5462478079646825,0.23390141129493713
4954,3795,integrated_gradient,0.7381782700204187,0.04664451960060331,0.996711254119873
4955,3228,integrated_gradient,0.32565864270671885,0.01983386325709363,0.9996755123138428
4956,4327,integrated_gradient,0.0914980755911933,0.028474002414279515,0.9999361038208008
4957,4444,integrated_gradient,0.39841706517416664,0.03625480673060967,0.9992326498031616
4958,932,integrated_gradient,0.8616546899438342,0.04905808337427901,0.9995693564414978
4959,3245,integrated_gradient,0.6910094018559902,0.025150724314153196,0.9996263980865479
4960,1037,integrated_gradient,0.1121620258619619,0.012187113595563312,0.999936580657959
4961,3070,integrated_gradient,0.08662150679407893,0.010813605140995336,0.9999281167984009
4962,507,integrated_gradient,0.18230168474838138,0.03291119495406747,0.99973064661026
4963,1983,integrated_gradient,0.20633696383900113,0.006189868185255263,0.9999369382858276
4964,635,integrated_gradient,0.34869263172149656,0.05745693624019623,0.9995065927505493
4965,102,integrated_gradient,0.4859399930874427,0.04962128982128155,0.9962306618690491
4966,2618,integrated_gradient,0.4806640111916774,0.0643658174856289,0.999721109867096
4967,2452,integrated_gradient,0.7021436394399239,0.054367301695876655,0.9994428753852844
4968,2433,integrated_gradient,0.19950484357615736,0.046206711771640374,0.9952096343040466
4969,2955,integrated_gradient,0.6904468176265558,0.032384081528736994,0.9993991851806641
4970,4406,integrated_gradient,0.07753556168505124,0.0017683931759425572,0.9999321699142456
4971,146,integrated_gradient,0.7297832659431152,0.04135474239786466,0.9929821491241455
4972,2277,integrated_gradient,0.14198228657245637,0.042380056381225585,0.9987791180610657
4973,628,integrated_gradient,0.5390082765971461,0.050705357905357115,0.9996241331100464
4974,4147,integrated_gradient,0.18188021232684454,0.028591473897298176,0.9977594614028931
4975,2488,integrated_gradient,0.5344780359265148,0.21816136444709738,0.7708569765090942
4976,4587,integrated_gradient,0.5334685295820236,0.04766147786920721,0.9977166652679443
4977,624,integrated_gradient,0.9029487789496137,0.1541965725720792,0.9758737683296204
4978,1402,integrated_gradient,0.23593439159326648,0.008262811522734793,0.9999257326126099
4979,1547,integrated_gradient,0.5102200863319774,0.030765007574890934,0.9995481371879578
4980,1680,integrated_gradient,0.4816532206139527,0.03662906736135483,0.9995798468589783
4981,2779,integrated_gradient,0.6849713877198242,0.04583569345552297,0.9997870326042175
4982,3616,integrated_gradient,0.35890096671334126,-0.029572472703166125,0.9381188154220581
4983,3676,integrated_gradient,0.22795458659529685,0.008147439360618592,0.9999200105667114
4984,2004,integrated_gradient,0.2642811697262984,0.0074885915487240525,0.9987618923187256
4985,2141,integrated_gradient,0.5310756843082789,0.07052481319846177,0.999660849571228
4986,4045,integrated_gradient,0.5728992079344482,0.016160418247354442,0.9999228715896606
4987,1761,integrated_gradient,0.19368299439146713,0.008629241505184689,0.9999334812164307
4988,266,integrated_gradient,0.26211451628478244,0.004563051502446871,0.5002744197845459
4989,4195,integrated_gradient,0.5064397799049286,0.038627040830064324,0.9997265934944153
4990,1808,integrated_gradient,0.5330755854888326,0.07006974167683545,0.9724524021148682
4991,3786,integrated_gradient,0.5433122136412148,0.032541084004209395,0.9997901320457458
4992,3199,integrated_gradient,0.2992738991975784,0.03655335505803426,0.9999377727508545
4993,2619,integrated_gradient,0.3923770991774897,0.03635727821124925,0.9995806813240051
4994,2459,integrated_gradient,0.4751590241547533,0.08361655270511453,0.9987064599990845
4995,3187,integrated_gradient,0.6067383652552962,0.0711165014654398,0.999652624130249
4996,4531,integrated_gradient,0.35566144444358844,0.08293484353149931,0.9996719360351562
4997,4355,integrated_gradient,0.4304587768856436,0.05528221186250448,0.9996660947799683
4998,2725,integrated_gradient,0.30166324770644953,-0.007887825126881185,0.9163215160369873
4999,4573,integrated_gradient,0.2926287544079316,0.01101854214301476,0.9999277591705322
5000,1913,lime,0.23724760136101394,0.06195629239082336,0.9640464782714844
5001,4550,lime,-0.012326885331276571,-0.0027762512254412286,0.001997587503865361
5002,4424,lime,0.041699701064341774,0.013199632232253617,0.9999350309371948
5003,3802,lime,0.5473362674404468,0.0027836678283555166,0.999940037727356
5004,3867,lime,0.08098907726151602,0.11596154613154275,0.9994820952415466
5005,2557,lime,0.1584851460202652,0.07433603419100537,0.9273993372917175
5006,2097,lime,0.2707222506122769,0.04762218941776258,0.9994489550590515
5007,3546,lime,0.6804662086935931,0.016882847041584725,0.9813790321350098
5008,2808,lime,0.26273067805327865,0.007937522310959665,0.9999333620071411
5009,893,lime,0.4420242642320819,0.0403369048894462,0.999656081199646
5010,674,lime,0.18216439607468518,0.043898953632874924,0.9997472167015076
5011,4329,lime,0.35813687139645567,0.07169692486871121,0.9996517896652222
5012,518,lime,0.0973214154563299,0.04522321364138185,0.999688982963562
5013,3071,lime,0.03977585583925247,0.007474808394908905,0.9998984336853027
5014,1449,lime,0.5791802179357946,0.021442198898734117,0.9992088675498962
5015,2475,lime,0.062086379560439484,0.044927329634842667,0.9996045231819153
5016,2224,lime,0.33124716001329946,0.02214846108108759,0.9989407658576965
5017,3008,lime,0.8724149172194302,0.020369022760702217,0.9734869599342346
5018,2799,lime,0.04120843833492648,0.06517926531453286,0.9994932413101196
5019,3455,lime,0.9377431208544936,0.041054870275890123,0.9956005811691284
5020,2715,lime,0.22323277194951768,0.004939730777296909,0.9999409914016724
5021,1799,lime,0.18992794593437934,0.038585098317036264,0.9995501637458801
5022,1476,lime,0.015307852625846862,0.007698173820972443,0.9999101161956787
5023,3045,lime,-0.2807735019167395,-0.08489304490840847,0.0033377408981323242
5024,191,lime,0.6249248202189587,0.05668286697901025,0.9994246959686279
5025,1612,lime,0.2680303327046161,0.10061863567246947,0.9993771910667419
5026,3501,lime,0.3727412946522236,0.0019491493701934814,0.999932050704956
5027,2706,lime,0.00570740434858534,0.004429648982153998,0.9999209642410278
5028,788,lime,0.34532021932505275,0.02379958492678565,0.9998164772987366
5029,2721,lime,-0.16444727041986576,-0.1290884327609092,0.03670880198478699
5030,2543,lime,0.07912909984588623,0.004375990480184555,0.9998431205749512
5031,4425,lime,0.4899882487261493,0.058059329399839044,0.9983136653900146
5032,4154,lime,0.0059572625905275345,0.013043602928519249,0.9999288320541382
5033,169,lime,0.6120083061446037,0.02436060309410095,0.9956911206245422
5034,1657,lime,0.15462890876965088,0.008123086257414385,0.9999197721481323
5035,3040,lime,0.03495802272830093,0.0016333042529591342,0.9999281167984009
5036,269,lime,0.2520979818683572,0.022004717188637432,0.9997387528419495
5037,1775,lime,0.2593948751349341,0.005244708874008872,0.9999408721923828
5038,3229,lime,0.8184496091296593,0.020709424887014473,0.9996691942214966
5039,4496,lime,-0.3192766509821703,0.33621695156787235,0.5336947441101074
5040,1064,lime,0.10206203405247179,0.042105140900889106,0.9995169639587402
5041,4134,lime,0.734003016181911,0.041110666261778936,0.9993343949317932
5042,4000,lime,0.20001957349238858,0.029758654294475433,0.9998181462287903
5043,609,lime,-0.13914131435443847,-0.009966450690828625,8.936723315855488e-05
5044,2710,lime,0.05511684318383535,0.07151487370332082,0.999342143535614
5045,3460,lime,0.32049877418964906,0.06483966935622065,0.9992105960845947
5046,1803,lime,0.8199039155490357,0.016281441125002773,0.9879414439201355
5047,1918,lime,0.387100974915131,0.009798773697444372,0.9999196529388428
5048,3197,lime,0.641374557488598,0.12292267493903637,0.7165399193763733
5049,1737,lime,0.2054043598473072,0.03369537740945816,0.9996875524520874
5050,4435,lime,0.3514425531029701,0.004176869988441467,0.9702183604240417
5051,3750,lime,0.9049806959016926,0.03859428214755925,0.9977245926856995
5052,3966,lime,0.3112740285694599,0.03502988576889038,0.999671459197998
5053,365,lime,0.3273859701530878,0.02111864107292752,0.9997536540031433
5054,4053,lime,0.03089585059728378,0.005898625422746708,0.9999328851699829
5055,2066,lime,0.180045883322871,0.009349753690320392,0.9999006986618042
5056,1852,lime,0.3728970515264853,0.025829575150399596,0.9996596574783325
5057,2703,lime,0.438836651525515,0.01156508396653568,0.9998611211776733
5058,487,lime,0.7610978693169143,0.02667972615786961,0.9997428059577942
5059,4055,lime,0.004511394848426183,0.0038365783790747323,0.9999164342880249
5060,4475,lime,0.053486608112087615,0.06133886004010072,0.996290922164917
5061,3348,lime,0.1998811257071793,0.04373840196058154,0.9995805621147156
5062,351,lime,0.291584203509908,0.033849260916835384,0.9996340274810791
5063,2509,lime,0.18732063039656607,0.010789807765714584,0.9999287128448486
5064,4030,lime,0.507349989334898,0.010649127885699272,0.9999308586120605
5065,1650,lime,0.03637430849282638,0.0046582157197205916,0.9999227523803711
5066,2653,lime,0.011670467988500055,0.0030068710165203744,0.9995224475860596
5067,4285,lime,0.314877777826041,0.012294702231884003,0.9999098777770996
5068,1468,lime,0.21002809406490996,0.029445257503539324,0.9996987581253052
5069,2998,lime,0.4732001500786282,0.019032904505729677,0.9999412298202515
5070,1270,lime,0.1325605202873703,-0.3771839262917638,0.3821588456630707
5071,297,lime,0.27401669261356193,0.038170301665862404,0.9994295239448547
5072,2019,lime,0.01449615204775775,0.00864949932804814,0.9999343156814575
5073,629,lime,0.2249303950267213,0.01886901624440666,0.9994656443595886
5074,1944,lime,0.137359855253072,0.027103179444869358,0.9997997879981995
5075,953,lime,0.014011619906676443,0.007295236775749608,0.9999110698699951
5076,466,lime,0.3314890871406533,0.014064103364944458,0.9998910427093506
5077,2200,lime,0.7435160156557054,0.2537551725032719,0.8480513691902161
5078,728,lime,0.30488847895652393,0.01601087369702079,0.9999403953552246
5079,3376,lime,0.4518967673525606,0.03346973343899375,0.9968926310539246
5080,4549,lime,0.32040095381265465,0.07804746414686359,0.996188223361969
5081,72,lime,0.4152921664137994,0.1253991880634379,0.9978064894676208
5082,4,lime,0.09905656478664976,0.07050011670117841,0.9996585845947266
5083,1098,lime,0.6332753714476083,0.05037564401691024,0.9995033740997314
5084,2726,lime,0.2365658600628376,0.0291056327521801,0.9997115731239319
5085,2921,lime,0.0370321444102696,0.004730864649727231,0.9999171495437622
5086,2531,lime,0.012651700040568476,0.004621916491052379,0.9999303817749023
5087,2614,lime,0.00730570093277962,0.001337372487591159,0.9999135732650757
5088,2434,lime,0.45075925078909396,-0.14175126232720656,0.8290476202964783
5089,3111,lime,0.05924074671098164,0.037484027445316315,0.9962059259414673
5090,3615,lime,0.195550885213458,0.024243569460468017,0.9993610978126526
5091,3063,lime,0.5519473908352666,0.03206881135702133,0.9996111989021301
5092,1385,lime,0.3403938372929891,0.05300619817442364,0.9997604489326477
5093,128,lime,-0.13838416657959804,-0.6241239172716936,0.03106658160686493
5094,1030,lime,0.13905984494369478,0.051990286391228435,0.9984509944915771
5095,16,lime,0.2913250194489956,-0.05377707163492838,0.9398430585861206
5096,670,lime,0.10084283577673363,0.025461703990444992,0.9995827078819275
5097,3743,lime,0.12274049309103988,0.021728599487349044,0.9997292160987854
5098,2202,lime,0.11222528770219448,0.037217537677565284,0.9857751131057739
5099,1615,lime,0.21947705172575438,0.0656872669664713,0.9997183680534363
5100,1558,lime,0.013771111002335181,0.005691726620380695,0.9999116659164429
5101,3953,lime,0.631341755216898,0.2201933414298976,0.7810810804367065
5102,304,lime,0.3355713979359351,0.0276019069201806,0.9994953870773315
5103,4004,lime,0.11718822623554029,0.008189471144425241,0.9999371767044067
5104,4547,lime,0.8559983352762323,0.04199323318032331,0.9993477463722229
5105,1247,lime,0.2465840947255492,0.01752355746924877,0.9946687817573547
5106,3136,lime,0.21827480372869307,0.08023697199920814,0.9997362494468689
5107,1220,lime,0.14469888624622845,0.032421529423772244,0.9997267127037048
5108,3261,lime,0.7035014011793667,0.005011079046461317,0.9999014139175415
5109,1611,lime,0.04043179177320921,0.027604727790905878,0.9982717037200928
5110,1181,lime,0.20018829645382033,0.038207214656803344,0.9996659755706787
5111,2797,lime,-0.40758870950498693,-0.1300018543312801,0.00019225910364184529
5112,610,lime,0.580980976498345,0.03270488777538625,0.999693751335144
5113,3751,lime,0.12480781159617683,0.009181070959929264,0.7975795269012451
5114,2248,lime,0.1276291357114529,0.035097830570661105,0.9996805191040039
5115,99,lime,0.8766359527454417,0.024551431011212498,0.9995905756950378
5116,3781,lime,0.007590014683572869,0.007607485118665193,0.9999294281005859
5117,225,lime,0.6755202390319456,0.0223561893491184,0.9999325275421143
5118,2103,lime,0.8347902420921147,0.025661354884505272,0.9996618032455444
5119,2836,lime,0.17790225693365422,0.0993544171314414,0.9986333250999451
5120,2924,lime,0.11524468315083806,0.036064422712093445,0.9999192953109741
5121,2859,lime,-0.3373421508380595,-0.40132370613077106,0.18755033612251282
5122,2782,lime,0.3744696606046114,0.21596021914163616,0.9990673661231995
5123,515,lime,0.4077813610233165,0.00846165740812147,0.9999377727508545
5124,1951,lime,0.5536057931872514,0.023822861986282546,0.995648205280304
5125,3869,lime,0.236841326372491,0.06135130772988002,0.9993947744369507
5126,2263,lime,0.7866228632540724,0.02029184884194172,0.9874914884567261
5127,4006,lime,0.07197670731693506,0.12771215041478476,0.9417631030082703
5128,4522,lime,0.5090550515128093,0.024487928797801334,0.9997182488441467
5129,2137,lime,0.24200285587920173,0.009352324586926085,0.9998064637184143
5130,3673,lime,0.3695653196608753,0.017680511159716913,0.9996435642242432
5131,1707,lime,-0.06374036366884996,-0.13770847977139056,0.20612700283527374
5132,314,lime,0.008985290788624384,0.0017706735493385629,0.9999315738677979
5133,1924,lime,0.8806135034645666,0.15297650518240752,0.9259030222892761
5134,2247,lime,0.43435623310506344,0.10189820435715817,0.9933045506477356
5135,3901,lime,0.24254087514655534,0.03355221034482468,0.9995620846748352
5136,1847,lime,0.5896314558657733,0.030374236179120613,0.9998868703842163
5137,1725,lime,0.06278621080594185,0.005562027295430501,0.9999393224716187
5138,3547,lime,-0.15664199348764435,-0.0015731191604338105,0.002863348228856921
5139,4558,lime,0.031188587678803337,0.03660829630162981,0.9996986389160156
5140,3403,lime,0.2523524987095214,0.02311647485228295,0.9991374015808105
5141,3007,lime,0.7873329552771545,0.0382979539307681,0.98827064037323
5142,2961,lime,0.6805764450600691,0.024347161408513784,0.9993306398391724
5143,3591,lime,0.6799270676941994,0.059869577779489404,0.9997499585151672
5144,571,lime,0.163193479180336,0.03033995572477579,0.9991412162780762
5145,4041,lime,0.5783011019824901,0.022892285386721292,0.9997161030769348
5146,2629,lime,0.06761509144590014,0.07857043486798093,0.9997896552085876
5147,3121,lime,0.039572648534720596,0.06247182766144926,0.9996071457862854
5148,2701,lime,0.3200082914513904,0.024913186770538952,0.9986948370933533
5149,3101,lime,0.5127407527632184,0.0261651200276834,0.9994015693664551
5150,1863,lime,0.33541493117809296,0.013336037888246425,0.9998990297317505
5151,2908,lime,0.06448103383530018,0.004612594149833502,0.9999340772628784
5152,4456,lime,0.3281437310136177,0.14932929682651197,0.9922770261764526
5153,3230,lime,0.27481821387146527,0.10318788320112687,0.999098539352417
5154,2399,lime,0.8930620901825789,0.07831095538935379,0.9969344139099121
5155,3447,lime,0.03405757397413254,0.006735512614250183,0.9999314546585083
5156,1522,lime,0.5540713181888516,0.02661938378305146,0.9997768998146057
5157,3295,lime,0.46526548606925644,0.017639209888875483,0.9882568717002869
5158,495,lime,0.4962912082279983,0.012751646732029161,0.9994595646858215
5159,317,lime,0.4184475257676446,0.07516543098004921,0.9997891783714294
5160,4319,lime,0.15437401135762532,0.01033149758974711,0.9999147653579712
5161,2583,lime,0.7551328069155312,-0.08924890810416805,0.8274156451225281
5162,4536,lime,0.7647919493061232,0.05202530903948678,0.9978781938552856
5163,551,lime,0.6269344180700895,0.04134228096708008,0.9997945427894592
5164,950,lime,0.39865351057258147,0.017521574194061345,0.9994804263114929
5165,2681,lime,0.269686775391558,0.008489025605691446,0.9999220371246338
5166,1720,lime,0.19097097624431958,0.006651114333759655,0.9999356269836426
5167,3845,lime,0.013209721446037293,0.1966263695852831,0.9999325275421143
5168,1653,lime,0.48051274383906273,0.0527369000017643,0.9996042847633362
5169,1475,lime,0.7424594390397079,0.023633337364746973,0.9997835755348206
5170,826,lime,0.039752026540892466,0.025303893004144942,0.9995926022529602
5171,2235,lime,0.4316862749938781,0.037767002215752236,0.999569833278656
5172,1061,lime,0.33322847010567785,0.007355417534708977,0.9787567257881165
5173,2353,lime,0.004762653042288388,0.003597558713426777,0.9999254941940308
5174,2771,lime,0.02265084103534096,0.03262863190550553,0.9999061822891235
5175,3467,lime,0.2557440291385393,0.08721254378355839,0.9314789772033691
5176,1672,lime,0.03917739520201812,0.008525332889041386,0.9999165534973145
5177,4093,lime,0.7142953673998514,0.03490093764331606,0.9991058707237244
5178,2772,lime,0.5089710166988274,0.03943212485561768,0.9991812109947205
5179,1352,lime,0.3626452721655369,0.009424350327915616,0.9998832941055298
5180,1168,lime,0.25121319854886015,0.002755883606997403,0.9999322891235352
5181,1928,lime,0.7697468438350673,0.05203034778436025,0.9986489415168762
5182,2714,lime,0.0928001628862694,-0.6544761998578906,0.11479184031486511
5183,3211,lime,0.7269161236580721,0.022737235177394954,0.9995595812797546
5184,4227,lime,0.18060668865055368,0.033870733228691836,0.9997430443763733
5185,2379,lime,0.18031797744333744,0.0073791489005088804,0.9999288320541382
5186,3649,lime,0.7074676069431007,0.04250678275194433,0.9995450377464294
5187,3624,lime,0.24033205756327,0.0071401625144772414,0.9999358654022217
5188,3790,lime,0.6248450310345977,0.004525773068691822,0.999904990196228
5189,1898,lime,0.19161274496998107,0.007111948160898118,0.9999339580535889
5190,1664,lime,0.653066063642894,0.05102110595295304,0.9989643096923828
5191,3412,lime,0.24873216997681036,0.008448684537732924,0.9999347925186157
5192,4179,lime,0.07502259761095047,0.03208306779464086,0.9941614270210266
5193,32,lime,0.8343229490341261,0.031498150470165104,0.9821522831916809
5194,1218,lime,0.0060572979298043755,0.011444554684009957,0.9999226331710815
5195,2565,lime,0.006900122453426492,0.0018129636501443796,0.9999243021011353
5196,2385,lime,0.7159426946938038,0.00373989462852478,0.9999302625656128
5197,2592,lime,0.6024738976465804,0.0299873411655426,0.9977458119392395
5198,3443,lime,0.010799165815114975,0.0035938645402590432,0.9997656941413879
5199,3365,lime,0.15027796124157153,0.008204700131165353,0.9999244213104248
5200,338,lime,0.8792193549636164,0.03232257832822047,0.9987408518791199
5201,1346,lime,0.49845486579255927,0.12318635566367044,0.9936249256134033
5202,4523,lime,0.15785873929659525,0.06420601454252998,0.9980921149253845
5203,4054,lime,0.792221827678523,-0.001158038540831152,0.9510001540184021
5204,1577,lime,0.0724404847368281,0.12158610061445135,0.9997733235359192
5205,1123,lime,0.6228673254990162,0.03211459404853887,0.9992254972457886
5206,3777,lime,-0.5390289416236262,0.021697536249942664,0.03357516974210739
5207,752,lime,0.007107502740362416,0.013769529435945593,0.9999350309371948
5208,681,lime,0.34416735866530374,0.046167920851571995,0.9996629953384399
5209,4433,lime,0.49001792897960467,0.047926865125957285,0.999805748462677
5210,1904,lime,0.41426861620017846,-0.21960622831605947,0.4504333734512329
5211,2342,lime,0.14806724377736755,0.06051715007241892,0.99979168176651
5212,2364,lime,0.011317068880254572,0.004549539901993491,0.9999332427978516
5213,778,lime,0.31978119442523534,0.1345400448604408,0.9087198972702026
5214,3001,lime,0.4022109244952761,0.021524795585057953,0.9997116923332214
5215,3200,lime,0.23911127065749546,0.05801370308587426,0.9997715353965759
5216,3921,lime,0.3854978809238605,0.019512440446975095,0.9997405409812927
5217,3545,lime,0.27648815446916747,0.07602429641958545,0.961864173412323
5218,542,lime,0.058253378527505055,0.013518926075526646,0.9996552467346191
5219,2272,lime,0.1999724022216267,0.020680263804064857,0.9994385838508606
5220,391,lime,0.7801768443171393,0.12097468131054356,0.9939079284667969
5221,1979,lime,-0.748504084572196,-0.08059311484917998,0.08030615746974945
5222,1150,lime,0.9077812246650865,0.030484269838780165,0.9544633030891418
5223,149,lime,0.07098402636391776,0.008924424648284912,0.9999338388442993
5224,2570,lime,0.40782101455414177,0.02900220826268196,0.9997407793998718
5225,927,lime,0.7224387487928782,0.056967552352164476,0.9993878602981567
5226,4017,lime,0.034460849834210945,0.011886002439441103,0.9998778104782104
5227,1398,lime,0.6238806784591254,0.0194763782635039,0.9997422099113464
5228,3635,lime,0.6759079962059678,0.024001697167044596,0.9997974038124084
5229,505,lime,0.26865163541609244,0.024797564552676295,0.9999276399612427
5230,3423,lime,0.9095156463217557,0.041329649778512806,0.9711435437202454
5231,3247,lime,0.5776658166238727,0.004567369818687439,0.9999269247055054
5232,1895,lime,0.4432557878446662,0.028848252362675138,0.9992431402206421
5233,2286,lime,0.6785283908264579,0.025945816721235002,0.9997827410697937
5234,4232,lime,0.4672619774872955,0.02434961001078288,0.9912011623382568
5235,2595,lime,0.21269050861398378,0.04480010891954104,0.999797523021698
5236,1770,lime,0.3409223512217805,0.008483492039345406,0.9999250173568726
5237,1267,lime,0.055922210668072556,0.22543585750937575,0.9974930286407471
5238,3124,lime,-0.0046824592670115335,-0.24646630770329273,0.02968371845781803
5239,2125,lime,0.26917321053111837,0.03239299871382259,0.9993288516998291
5240,1659,lime,0.3529353393241763,0.048639222563542715,0.9995197057723999
5241,2909,lime,0.12288145422935486,0.04423963464796543,0.9995369911193848
5242,1765,lime,0.19650054164230824,0.05712629808112979,0.9996777772903442
5243,1560,lime,0.6322998845455597,0.21133510953014983,0.7586172223091125
5244,2967,lime,0.07030072725481457,0.009180542495515611,0.9999127388000488
5245,1416,lime,0.2876233088181299,0.026586672400726992,0.9996176958084106
5246,1630,lime,0.059740342625549864,0.1398888174444437,0.9992948770523071
5247,449,lime,0.47702992460582144,0.021962610268315603,0.9996140599250793
5248,152,lime,0.83612995580188,0.052533899908358196,0.9958680868148804
5249,211,lime,0.35932619046070613,0.022257688144842785,0.9996917247772217
5250,2032,lime,0.40220866061281413,0.052615144240137725,0.9982683658599854
5251,902,lime,0.19086021213577345,0.036707816406702384,0.9995760321617126
5252,3436,lime,0.6366752726503704,0.04988193203375411,0.9944562315940857
5253,3198,lime,0.48699315104633567,0.031099318861961364,0.9997273087501526
5254,57,lime,-0.4771209628536151,-0.1650809891617451,0.3667914569377899
5255,3164,lime,0.014547953418656891,0.002796354247074501,0.9999340772628784
5256,4303,lime,-0.25341377724505443,-0.05550457149969434,0.001042672898620367
5257,1927,lime,0.3467520359230952,0.025932115813096363,0.999768078327179
5258,3206,lime,0.1580021816330987,0.009235280591088373,0.9999173879623413
5259,3388,lime,0.6750028690492565,0.10922171302478421,0.9987599849700928
5260,816,lime,0.08672728886206944,0.004444568107525508,0.9999394416809082
5261,3284,lime,0.046983072632237485,0.008215104278765227,0.9999366998672485
5262,2765,lime,0.8353265649952496,0.03380355131454193,0.9997808337211609
5263,3970,lime,0.024101920818027697,0.00821113429571453,0.9998588562011719
5264,885,lime,0.21103191973472182,0.05304895566607064,0.9996283054351807
5265,249,lime,0.7228278436082145,0.03028615492005502,0.9996722936630249
5266,2203,lime,0.42079671309824956,0.02804646094111686,0.9986516833305359
5267,3115,lime,0.07645393580925174,0.0048297236605388365,0.9999405145645142
5268,2341,lime,0.007017803746600484,0.006580580112545989,0.999940037727356
5269,4132,lime,0.3939494265700286,0.05056442981058697,0.952293336391449
5270,1781,lime,0.024761127928892773,0.003952464709679286,0.999897837638855
5271,4488,lime,0.44637498814605037,0.011676498081373133,0.9999198913574219
5272,44,lime,0.18157683219760656,0.04599054883687924,0.9997947812080383
5273,2390,lime,0.12428973118464152,0.04279175400733948,0.9996523857116699
5274,286,lime,0.13722548125819725,0.08098844633522359,0.9993798732757568
5275,1094,lime,0.4525598816459401,0.034152360211284656,0.9890894293785095
5276,1962,lime,0.16262261642544878,0.020584154654951656,0.9997689127922058
5277,4530,lime,0.5423726463099805,0.0261479303604219,0.9996106028556824
5278,202,lime,0.10959717035293579,0.0041546797752380375,0.9994975328445435
5279,237,lime,0.03777336555978526,0.005787002003711203,0.999850869178772
5280,2519,lime,0.6126289330309302,0.055757729382049745,0.9993638396263123
5281,3870,lime,0.08325476360087301,0.03147256136963181,0.9977250695228577
5282,1108,lime,-0.2953333091233314,-0.018304487740806508,0.00018701479712035507
5283,2449,lime,0.25695108534658656,0.03753777374239529,0.9996224641799927
5284,2525,lime,0.2760257911239121,0.031021523717287426,0.9997791647911072
5285,357,lime,0.33444613299292064,0.06074634668133829,0.9797533750534058
5286,736,lime,0.3813486881554127,0.015825321276982624,0.9999127388000488
5287,3918,lime,0.06810358613729477,0.007813827693462371,0.9999202489852905
5288,3848,lime,0.04813773567612107,0.008027295808534365,0.9999294281005859
5289,1953,lime,0.5395575534036782,0.023483089969626496,0.9960936903953552
5290,1131,lime,0.7684530162805459,0.12202511562241448,0.8859970569610596
5291,261,lime,0.006277116360487761,0.00884544849395752,0.9999376535415649
5292,3113,lime,0.5403248876333236,0.043712817430496216,0.9989184141159058
5293,379,lime,0.500453623685431,0.020500366516569828,0.9996964931488037
5294,4263,lime,0.55741698946468,0.022845674210633986,0.9997733235359192
5295,1521,lime,0.4828848633139084,0.027644646043578785,0.9997854828834534
5296,1006,lime,0.36019702867055553,0.005503183756119166,0.9999394416809082
5297,2099,lime,0.4537151490803808,0.02377791957157414,0.9996212720870972
5298,4293,lime,0.021397016729627336,0.009551659652165005,0.9999294281005859
5299,436,lime,0.08240865285579975,0.016089881841952983,0.9994258880615234
5300,368,lime,0.561432837652804,0.034151984751224516,0.9812131524085999
5301,3335,lime,0.32556091877631843,0.031792116817086935,0.9994614720344543
5302,3450,lime,0.2689803835264472,0.11621115902482076,0.9562457799911499
5303,939,lime,0.21848580316937233,0.03672008822252462,0.9997876286506653
5304,3596,lime,0.17248742464692035,0.05887450325362226,0.9997244477272034
5305,4027,lime,0.0699037176867326,0.005919292569160461,0.99993896484375
5306,4056,lime,0.03568246594646521,0.001591244287658156,0.9999409914016724
5307,3946,lime,0.24097130614283838,0.03582887792665707,0.9994204044342041
5308,1429,lime,0.877594482852146,0.009744535654019088,0.9995761513710022
5309,3847,lime,0.37456468778087737,0.026555230167317898,0.9996820688247681
5310,1195,lime,0.55467938519113,0.05262313316005372,0.9880417585372925
5311,1003,lime,0.2683379046980347,0.017243994928118008,0.9997404217720032
5312,1465,lime,0.1551355466246605,0.04171883687376976,0.9996582269668579
5313,2308,lime,0.9974333871071204,0.0667912932762573,0.9997614026069641
5314,250,lime,-0.40243111385239494,0.1249662953160522,0.2267824411392212
5315,1579,lime,0.09466607214474096,0.04982555166977208,0.9956309795379639
5316,3954,lime,0.3760388451953267,0.006790066874304483,0.9999417066574097
5317,1105,lime,-0.029031640787919363,-0.02996429850657781,0.9329100847244263
5318,3569,lime,0.45805526625465703,0.028704212122672313,0.9985590577125549
5319,3943,lime,0.07568096484129246,0.06231178200015655,0.9352025389671326
5320,1610,lime,0.31417061338519175,0.023321656555664247,0.9997870326042175
5321,3003,lime,0.32728251589479734,0.001961309954805194,0.999936580657959
5322,2100,lime,0.22655882821841675,0.07726835278850613,0.9997678399085999
5323,403,lime,0.30909581054848706,0.01922581446441737,0.9727258682250977
5324,2746,lime,0.5333213680626258,0.021866515440785366,0.9949716329574585
5325,4535,lime,0.25303415325965656,0.05205142696170097,0.9998130202293396
5326,1022,lime,0.6372534764232114,0.014255844056606293,0.9999343156814575
5327,1764,lime,0.035090892679161496,0.08226807875972655,0.999531626701355
5328,2231,lime,0.32557494239881635,0.015612229704856873,0.9999216794967651
5329,3830,lime,0.13241058229468763,0.05411261487752199,0.9994798302650452
5330,3357,lime,0.2633379092667161,0.05409585720882183,0.9999380111694336
5331,1154,lime,0.5417534309395012,0.045048248499543184,0.9997674822807312
5332,4461,lime,0.14682593394298943,0.0037581348905757982,0.999925971031189
5333,4356,lime,0.3969491086078479,0.05056646578561734,0.9884882569313049
5334,1788,lime,0.8134242780031447,0.016341496182947744,0.9775946736335754
5335,813,lime,0.920025696332838,0.06803776799804634,0.9953723549842834
5336,344,lime,0.48654513789935866,0.05007507072554694,0.9997469782829285
5337,1353,lime,0.3193952344337721,0.048186956216459687,0.9959602952003479
5338,3951,lime,0.6047024349301902,0.004372993294073611,0.9999208450317383
5339,2427,lime,0.3866785624552341,0.010909445229030791,0.9998633861541748
5340,3287,lime,0.36090224896906875,0.06297879935138756,0.9947953820228577
5341,1226,lime,0.22551950376208235,0.007552011710841481,0.9998615980148315
5342,1678,lime,0.1405121047909443,0.026704759360888064,0.9995608925819397
5343,2941,lime,0.541619859272387,0.006459022440561434,0.999510645866394
5344,1740,lime,0.024934570963789777,0.005219619448592023,0.9999262094497681
5345,168,lime,0.5623571657998996,0.08465253527868878,0.9996610879898071
5346,4577,lime,0.7027575574906134,0.022162618615278382,0.9994586110115051
5347,1363,lime,0.6408410779200494,0.015582092603047689,0.9998170733451843
5348,853,lime,0.260481521487236,0.03688696801662445,0.9996707439422607
5349,387,lime,0.0870464964240205,0.01884651856095183,0.9996510744094849
5350,3356,lime,0.3174741906779153,0.08061077765056066,0.998764157295227
5351,3746,lime,0.3859780310004046,0.07251308406844284,0.9961488246917725
5352,3411,lime,0.010301846724290114,0.008990086041964017,0.9998961687088013
5353,880,lime,0.8203109054478167,0.10569409539311891,0.9992817044258118
5354,3464,lime,0.3118148560170084,0.020179730374366045,0.9997746348381042
5355,1034,lime,0.1545575910144382,0.005832466814253066,0.9996588230133057
5356,3564,lime,0.2360367415017787,0.03160814358429475,0.9997032284736633
5357,84,lime,0.15443038567900658,0.030345648019151253,0.9995858073234558
5358,3903,lime,0.2776990748114056,0.025940715852710936,0.9993438124656677
5359,1772,lime,0.6661983806019028,0.046800622509585485,0.9610466361045837
5360,42,lime,0.28073247047987854,0.08378114889968526,0.9146188497543335
5361,4097,lime,0.550932705787051,0.23948627653653207,0.9793807864189148
5362,2943,lime,0.385891854763031,0.049346840725495264,0.9995664954185486
5363,4262,lime,0.04864556687634166,0.08915808293457347,0.9997207522392273
5364,3099,lime,-0.03778184246117677,-0.03940169259628935,0.007520559709519148
5365,3982,lime,0.833769201617228,0.021986297320252583,0.977266788482666
5366,3797,lime,0.8453920599622805,0.11891187316753336,0.966303825378418
5367,1730,lime,0.58742531939325,0.023218922147696667,0.9996324777603149
5368,2616,lime,0.6909786998416836,0.1602535977175361,0.9995546936988831
5369,476,lime,0.1565253614847149,0.03801143881199615,0.9997815489768982
5370,1489,lime,0.03889276331121271,0.031640777703035965,0.999782383441925
5371,2295,lime,0.7793978335642505,0.03325583313296481,0.9995661377906799
5372,468,lime,0.44335392231975373,0.027642953985681135,0.9995942711830139
5373,3608,lime,0.3483402680563317,0.11270181952039077,0.9273435473442078
5374,4098,lime,0.1549221122773682,0.04283054100304115,0.9984337687492371
5375,1874,lime,0.42421954089686986,0.02274076214858464,0.9997912049293518
5376,290,lime,0.599544335258278,0.03582981716502796,0.9997487664222717
5377,383,lime,0.03318911790847778,0.002209622126359206,0.9999401569366455
5378,3175,lime,0.4458216916769743,0.02425535172224045,0.9997592568397522
5379,4501,lime,-0.053611937195769156,-0.02256442254794569,0.07899896800518036
5380,3622,lime,0.28942551712350995,-0.17629361489699,0.35742297768592834
5381,2034,lime,0.0033561542349041635,0.00943760039671412,0.9999349117279053
5382,363,lime,0.5119662272997878,0.06276472183791074,0.9986516833305359
5383,3374,lime,0.44106600309411687,0.06890833786889619,0.9990923404693604
5384,1640,lime,0.41332895499329236,0.059356240512326706,0.9997460246086121
5385,1448,lime,0.015619610111708895,0.18475548744512102,0.996951699256897
5386,957,lime,0.2641121448948979,0.020115874744951724,0.9997989535331726
5387,4028,lime,0.60302684138013,0.040532784687506186,0.9991269707679749
5388,3583,lime,0.7001031890609547,0.024104141287113492,0.9997730851173401
5389,3657,lime,0.669949312210083,0.05540709972381592,0.9996546506881714
5390,4436,lime,0.44734315764572885,0.045350290172629884,0.998591959476471
5391,3203,lime,0.8448679826466278,0.054731766028063636,0.9898536801338196
5392,3487,lime,0.7695352474178816,0.017978900740312977,0.9904176592826843
5393,4109,lime,0.8539336226510515,0.13470507732459477,0.8805423378944397
5394,197,lime,0.07363121789328907,0.003774836355326127,0.999922513961792
5395,3854,lime,0.10246037729527979,0.02139954570503462,0.9994151592254639
5396,2128,lime,0.1827895525133326,0.030006951696815946,0.9995693564414978
5397,2884,lime,0.0038814509616178624,0.004123825652926576,0.9999295473098755
5398,213,lime,0.7702529373761665,-0.020782582157728623,0.9530797004699707
5399,2214,lime,-0.013731834120384569,-0.01245449816014042,0.0002876799844671041
5400,3161,lime,0.05690458780381738,0.0060939338149094,0.9999369382858276
5401,907,lime,0.629420289714985,0.05885408015227785,0.9997884631156921
5402,2498,lime,0.417771518882364,0.02506900243461132,0.9989238381385803
5403,2197,lime,0.20207658768273318,0.0185319185256958,0.9997872710227966
5404,1493,lime,0.3317479513147298,0.04091997094014112,0.9992609620094299
5405,176,lime,0.5991154265190873,0.04811739729983466,0.999524712562561
5406,3451,lime,0.33738822241624195,0.009589491468487364,0.999929666519165
5407,2551,lime,0.1785267793706485,0.023975742714745656,0.9995612502098083
5408,1829,lime,0.012685980580069802,0.001658486236225475,0.9999178647994995
5409,4525,lime,0.5227220942247279,0.07519821929080146,0.9997960925102234
5410,47,lime,0.1914103140725809,0.0307877748912456,0.9997625946998596
5411,2650,lime,0.02979480368750436,0.014024361542293003,0.9999330043792725
5412,139,lime,0.7358037879365095,0.042287867262282154,0.9989711046218872
5413,2922,lime,0.1233446871692484,0.02403009682893753,0.9995997548103333
5414,3642,lime,0.48095825226046146,0.050284194201231,0.9997642636299133
5415,3719,lime,0.8259774644031292,0.12250539610783259,0.999159574508667
5416,3053,lime,0.2922894926741719,0.06023198962211609,0.9947302341461182
5417,1889,lime,0.4611035704514698,0.024380030992783998,0.9997411370277405
5418,1470,lime,0.08335229362312116,0.007825283627761038,0.999925971031189
5419,4096,lime,0.03099652628103892,0.029332205653190613,0.999144434928894
5420,2293,lime,0.13324270451941142,0.007205768329341237,0.9999227523803711
5421,251,lime,0.5731526895494122,0.05008261278271675,0.9928159713745117
5422,4358,lime,0.11239647541357123,0.02208652752249137,0.999430239200592
5423,2791,lime,0.23571746873979768,0.050846359537293516,0.9997180104255676
5424,3028,lime,0.17297829157776304,0.020927530692683327,0.9995859265327454
5425,215,lime,0.12510204833486807,0.027017741099647854,0.9995898604393005
5426,2298,lime,0.17310870364308356,0.056810059631243345,0.9998769760131836
5427,1533,lime,0.712028257874772,0.01945853039622307,0.9958590865135193
5428,2852,lime,0.17016308477451636,0.03027641184108202,0.9962385892868042
5429,933,lime,0.1874255310921442,0.007491616975693475,0.9999364614486694
5430,2679,lime,0.11646412163972855,0.039986510574817655,0.9974800944328308
5431,3072,lime,0.2690456157757176,0.009215621484650506,0.999914288520813
5432,1681,lime,0.055995329738931454,0.018770221541536614,0.9976332187652588
5433,914,lime,0.13521696344739007,0.033367166596074256,0.9997227787971497
5434,2306,lime,0.030132128748782846,0.005732620871344278,0.9999217987060547
5435,3841,lime,0.09779809336913259,0.005764666356538471,0.9999384880065918
5436,3570,lime,0.44734765796602005,0.019485842097889294,0.9999055862426758
5437,2211,lime,0.3922613431506871,-0.18657949657151193,0.5077521800994873
5438,2857,lime,0.1344143036672344,0.15590277271201977,0.2091955542564392
5439,1766,lime,0.22577434825888348,0.04936782625459489,0.9994213581085205
5440,498,lime,-0.3217177380236887,-0.01849465894948451,0.013604667969048023
5441,2230,lime,0.019869678032894928,0.01940858519325654,0.9997672438621521
5442,884,lime,0.5081838780731361,-0.10530024234737669,0.6372222900390625
5443,3275,lime,0.27639304947875004,0.11975996767846393,0.9770309329032898
5444,1991,lime,0.19965718289216358,0.025470968087514242,0.9999368190765381
5445,3426,lime,-0.018777162743693527,-0.035894566836456455,0.000816914951428771
5446,566,lime,0.07898714957205025,0.024131725970152264,0.9996308088302612
5447,3457,lime,0.3118131136418217,0.028656885717754012,0.9997816681861877
5448,2792,lime,0.29278014945712955,0.017200364036993546,0.9993994235992432
5449,4095,lime,0.12982454688216633,0.04625300891124285,0.9997488856315613
5450,2257,lime,0.7472230395375702,0.023302079423477774,0.9997274279594421
5451,4129,lime,0.013357900022154874,-0.3444919418011393,0.06931323558092117
5452,1606,lime,0.07893383850653966,0.08050237819552422,0.9988771080970764
5453,439,lime,0.44545019862966406,0.0017369306749767726,0.9999281167984009
5454,2737,lime,0.7595634937053546,0.03028488326817751,0.9988178610801697
5455,2008,lime,0.6981697176568897,0.02194999366305595,0.9982183575630188
5456,3731,lime,0.46673207758399454,0.03159660028050775,0.9591206312179565
5457,3519,lime,0.15848426576307478,0.0753959504530785,0.9997548460960388
5458,2678,lime,0.2554407766007859,0.04859303197135096,0.9997536540031433
5459,4561,lime,0.22291411062081654,0.02553225258986155,0.9997255206108093
5460,3617,lime,0.7757935434063846,0.07088231557124369,0.8938249349594116
5461,1998,lime,-0.024354835753470208,-0.04723031111290876,0.002723908284679055
5462,1121,lime,0.35750978101383557,0.031556598164818504,0.9996702671051025
5463,2601,lime,0.06533161347562616,0.006333359263160012,0.9999405145645142
5464,1261,lime,0.10877252236390725,0.011686147787632087,0.9999402761459351
5465,2275,lime,0.14948068764060735,-0.2636576447635889,0.5741451382637024
5466,2611,lime,0.12499373108148575,0.008060379326343537,0.9998875856399536
5467,844,lime,0.19425348312624038,0.024943507486774076,0.9963823556900024
5468,4265,lime,0.40729456844375184,0.040945246167804886,0.9969958066940308
5469,27,lime,0.025119732042738034,0.03955628361333819,0.9997844099998474
5470,229,lime,0.32568054596194995,0.04194569617509842,0.9907850027084351
5471,862,lime,0.013583050532774492,0.018841819329695267,0.9999004602432251
5472,3155,lime,0.311736189139386,0.004018604755401611,0.9999397993087769
5473,4039,lime,0.6902969987504184,0.05042165331542492,0.9994792342185974
5474,183,lime,0.17263075736330144,-0.696769105778499,0.20557062327861786
5475,2360,lime,0.3697211963515128,0.016188846480461858,0.9999017715454102
5476,2348,lime,0.6239578666334803,0.06024477901783856,0.9916976690292358
5477,238,lime,0.11517526525439638,0.06728473525833,0.9829922318458557
5478,3180,lime,0.3816263832630137,0.02482968890989149,0.9997753500938416
5479,2581,lime,0.10499488050118089,0.018021448382309506,0.9992966651916504
5480,1567,lime,0.1916588218166278,0.08816779032349586,0.9997461438179016
5481,2925,lime,0.05692878303428491,0.004589352756738663,0.9999390840530396
5482,523,lime,0.32224494655217445,0.05045972062008722,0.9997288584709167
5483,1035,lime,0.4177110209255605,0.026235446333885193,0.9997546076774597
5484,2402,lime,0.05483107989834201,0.044398509686993014,0.9832964539527893
5485,2312,lime,0.29173413539926213,0.026320177647802565,0.9992567896842957
5486,1225,lime,0.6722898122156039,0.020947328433394433,0.9997814297676086
5487,2069,lime,0.00848919153213501,0.0049490852233691094,0.9999387264251709
5488,423,lime,0.3699414669959383,0.06350578217523009,0.9997726082801819
5489,4427,lime,0.05325278855468098,0.024606603933008092,0.9993597865104675
5490,1174,lime,0.06921720332125338,0.023397132209161432,0.9992849230766296
5491,1490,lime,0.13231153470097165,0.010062622301506273,0.9999188184738159
5492,2020,lime,0.6556666927499464,0.023985580117865044,0.9987404942512512
5493,1837,lime,0.44772436246886604,0.05957050194017223,0.9885565042495728
5494,3730,lime,0.6304141057246342,0.20289158649677297,0.9954784512519836
5495,1586,lime,0.022530177806286102,0.006226266952271157,0.9999392032623291
5496,3595,lime,0.12384961565074168,0.029111047716517197,0.9994558691978455
5497,2622,lime,0.25615245775069767,0.022724332605920185,0.999466598033905
5498,2173,lime,0.0444955153343005,0.00795663472933647,0.9998503923416138
5499,2153,lime,0.07069541989488805,0.004075427004631529,0.9999412298202515
5500,1139,lime,0.4232958027693842,0.024436585427749725,0.9996631145477295
5501,4101,lime,0.30868547750370845,0.04002074428967067,0.9996612071990967
5502,4005,lime,0.16921737458970812,0.04550438622633616,0.9829677939414978
5503,1530,lime,0.10419768840074539,0.06948533554266138,0.9996594190597534
5504,4259,lime,0.09707601690614545,0.03130774481876476,0.9996960163116455
5505,2175,lime,0.18565466112278878,0.004736751952069871,0.9999364614486694
5506,1016,lime,0.24476788929032703,0.026069467166258443,0.9997708201408386
5507,1575,lime,0.21208551401893297,0.021945876087628158,0.9723339676856995
5508,1333,lime,0.7619231441481547,0.06635041187771341,0.9986074566841125
5509,1380,lime,0.443917675155469,0.07299706373702396,0.9990560412406921
5510,1428,lime,0.23045173046343467,0.0276381312047734,0.9997190833091736
5511,2027,lime,0.4058427568525076,0.03351524493728693,0.9978861212730408
5512,1039,lime,0.12714642037637533,0.06248235695064068,0.999782383441925
5513,22,lime,0.3443417826364207,0.04462745595116948,0.9978649020195007
5514,1276,lime,0.06917418166995049,0.012956937775015831,0.9998977184295654
5515,1367,lime,0.20544576350339624,0.037342304926972054,0.998982846736908
5516,147,lime,0.42573052438508185,0.02633653687579291,0.9986269474029541
5517,3226,lime,0.08129025154091694,0.0513874617603573,0.9973932504653931
5518,4586,lime,0.28881481262825187,0.03980001783178699,0.9997712969779968
5519,2301,lime,0.6815307419115709,0.037788398200803895,0.9987567663192749
5520,2466,lime,0.2040445900732471,0.042155754114050537,0.9999179840087891
5521,2876,lime,0.827061280906678,0.0404940855044585,0.9994862079620361
5522,2213,lime,0.0038624394478069413,-0.5832120209104485,0.0878281518816948
5523,2261,lime,0.23772469512186944,0.04292257101489948,0.9995148181915283
5524,1956,lime,-0.02931627481964163,-0.009121988333804025,0.0008964388398453593
5525,2369,lime,0.40409885346889496,0.02464010899371289,0.9990792274475098
5526,190,lime,0.46813835620155764,0.05001139433847533,0.9997658133506775
5527,1834,lime,0.41732500517167725,0.024006472255748052,0.9997536540031433
5528,2393,lime,0.20765343287752736,-0.08728671736187404,0.7915317416191101
5529,282,lime,0.006500245168291289,0.0022910802528775974,0.9999170303344727
5530,1916,lime,0.2702446423936635,0.06770710786804557,0.9993376135826111
5531,4527,lime,0.4599899187284921,0.04473037661297158,0.9988406300544739
5532,1324,lime,0.7507190802253974,0.0238124281167984,0.9996585845947266
5533,3576,lime,0.2336505343382423,0.024516546242945903,0.9996577501296997
5534,4029,lime,0.4434165405597718,0.13065043398209156,0.9948514103889465
5535,1683,lime,0.843540373450631,0.04197885484799095,0.9994662404060364
5536,4353,lime,0.6139293852284914,0.1243538720442391,0.9837759137153625
5537,273,lime,0.8377197788709333,0.08909851114968864,0.9609127640724182
5538,1970,lime,0.1435369718481194,0.030988368730653415,0.9997896552085876
5539,903,lime,0.6575834214842567,0.022698780787842616,0.9984595775604248
5540,3599,lime,0.5472769114547051,0.014913056504267913,0.9996839761734009
5541,2499,lime,0.9740179391177662,0.01917429730296135,0.9977362155914307
5542,3514,lime,0.07108949039779279,0.15919014445060622,0.9997149109840393
5543,2991,lime,0.7191034965404757,0.02358259574363106,0.999815046787262
5544,3705,lime,0.33341320008039477,0.023349003121256828,0.999768078327179
5545,2014,lime,0.09043011893617346,0.00360627884560443,0.9999241828918457
5546,257,lime,0.6667343312529502,0.0506330543646106,0.9978786706924438
5547,3721,lime,0.14041538072414086,0.0013551848833678198,0.9999274015426636
5548,2368,lime,0.00599064032236735,0.006454731358422173,0.9999309778213501
5549,3689,lime,0.019862374092670197,0.003943790780737045,0.999934196472168
5550,2574,lime,0.010539034099289865,0.00226031198646083,0.9999080896377563
5551,4260,lime,0.25233594565228984,0.12493360211903398,0.995688259601593
5552,517,lime,0.2692442096529468,0.012644310151377031,0.9990198612213135
5553,3170,lime,0.04739911421249319,-0.08317929720254363,0.08178331702947617
5554,3201,lime,0.8385120378620923,0.03698477536439895,0.9957893490791321
5555,3194,lime,0.05663730576634407,0.02526490827617438,0.9924966096878052
5556,3897,lime,0.04946265034377575,0.022191043943166733,0.9990540146827698
5557,858,lime,0.8558251406302588,0.023143772035837173,0.9762351512908936
5558,19,lime,0.10034185716951335,0.5367587395184846,0.8163796067237854
5559,699,lime,0.23856884020346183,0.021051137535660354,0.9998138546943665
5560,575,lime,0.010244961827993393,0.004204719016949336,0.9999368190765381
5561,1646,lime,0.007444394486291068,0.007395585378011067,0.999907374382019
5562,3623,lime,0.09005978539949511,0.061748642837855874,0.9995326995849609
5563,599,lime,0.5194278423266951,0.09906192310154438,0.9981202483177185
5564,2894,lime,0.04568134281370375,0.006828937265608046,0.9999396800994873
5565,305,lime,0.5125107376678091,0.020632222435384425,0.9993307590484619
5566,3433,lime,0.16877615001966367,0.0038300583947379636,0.9998227953910828
5567,3826,lime,0.8097289998498228,0.02004455029964447,0.9818872213363647
5568,1350,lime,0.3413107071400565,0.024224084966322956,0.9943504929542542
5569,2129,lime,0.8320701667216781,0.025567725639451633,0.9983017444610596
5570,1422,lime,0.32081837991350576,0.0256282577389165,0.9996740818023682
5571,3819,lime,0.2493043699386445,0.01962380162016912,0.9984520673751831
5572,1527,lime,0.008641912937164306,0.0794531112909317,0.9999376535415649
5573,1087,lime,0.006415671922943809,0.013087452812628313,0.9999384880065918
5574,1484,lime,0.14754834135131137,0.05541228085029416,0.9995259046554565
5575,3513,lime,0.2634341899305582,0.04200796987861395,0.9994493126869202
5576,3361,lime,0.023336297935909696,0.0149918794631958,0.999293327331543
5577,1323,lime,0.797665153137253,0.02372316022713979,0.9977144002914429
5578,1553,lime,0.908659071955342,0.02253006434156781,0.9996764659881592
5579,3687,lime,0.1001857862408672,0.003469042479991913,0.9998612403869629
5580,4368,lime,0.35421530073208196,0.05377789130133967,0.9996041655540466
5581,3165,lime,0.5260297992145238,0.03690999098446058,0.9997616410255432
5582,1309,lime,0.604016142615089,0.027578176422552628,0.9997159838676453
5583,2983,lime,0.44060363630071664,0.02402274902814474,0.9997509121894836
5584,3378,lime,0.45112442832302163,0.08569070089746404,0.9983618855476379
5585,345,lime,0.09435779674395631,-0.5418228536196377,0.09959545731544495
5586,1086,lime,0.23008376751095055,0.022351951524615287,0.9997208714485168
5587,923,lime,0.11855822652578354,0.031289000809192655,0.9997708201408386
5588,1571,lime,0.138905243948102,0.011686449870467186,0.9983104467391968
5589,842,lime,0.4093693947248465,0.07339056634477206,0.990315854549408
5590,2165,lime,0.6731705770183068,0.07177139116594425,0.9531433582305908
5591,608,lime,0.8435010863483868,0.019931196032658867,0.9997633099555969
5592,285,lime,0.23945918086577545,0.0852987143973058,0.9996041655540466
5593,2009,lime,0.32797809614037926,0.02386044744740833,0.9997312426567078
5594,807,lime,0.47401431064273036,0.07860363207670838,0.9999251365661621
5595,4511,lime,0.3031575641167971,0.04008381813764572,0.9997615218162537
5596,2495,lime,0.13734469337242783,0.027917095697393604,0.9997606873512268
5597,405,lime,0.2886975542167012,0.04258413285929329,0.9994694590568542
5598,218,lime,0.35234306235947915,0.058703720569610596,0.9995858073234558
5599,1976,lime,0.8028357070222097,0.02530831204993384,0.9958023428916931
5600,4040,lime,0.3536762727255171,0.04002988643266938,0.9979668259620667
5601,2461,lime,0.2622873464768583,0.03021962173057325,0.9994953870773315
5602,2095,lime,0.09815035075089841,0.13916719641606762,0.9996145963668823
5603,327,lime,0.8347217521222774,0.10786003470420838,0.8981558084487915
5604,2957,lime,0.37928717693913794,0.021832161472510485,0.9996838569641113
5605,1778,lime,0.8199345759834008,0.07275575585663319,0.9954015016555786
5606,688,lime,0.6080817486135623,0.022798636784920327,0.999686598777771
5607,393,lime,0.8283975562483717,0.15833835303783417,0.9983372688293457
5608,3495,lime,0.16570387576829712,0.0903820664674606,0.9997907280921936
5609,2741,lime,0.03906006722346596,0.04347095589922822,0.9997590184211731
5610,3105,lime,0.6748135738889687,-0.1348054201706596,0.7089082598686218
5611,3579,lime,0.6197126846228327,0.10295720930610384,0.9993767142295837
5612,4460,lime,0.27635153081822905,0.02533742222697177,0.9996813535690308
5613,1491,lime,0.04930873921042994,0.00824120797609028,0.9999392032623291
5614,882,lime,0.49857619032263756,0.0382253262731764,0.9983023405075073
5615,2085,lime,0.6083112668108057,0.025814277154427988,0.9996563196182251
5616,1769,lime,0.5231489460308885,0.022265402037043903,0.9996805191040039
5617,3177,lime,-0.04192168840340205,-0.2529359080961772,0.6650061011314392
5618,3766,lime,0.31317038471117997,0.036823141460235305,0.9997426867485046
5619,2049,lime,0.040339368395507336,0.04849932761862874,0.9997180104255676
5620,794,lime,0.25630159220996906,0.0066423836079510775,0.9999421834945679
5621,1617,lime,0.28415742756462553,0.042012011296012335,0.999640703201294
5622,21,lime,0.14398175722884912,0.051271438840086815,0.9997922778129578
5623,2626,lime,0.10867987341350979,0.03886174956957499,0.9998906850814819
5624,2199,lime,-0.38142993277158693,-0.004508029210976221,0.003585011698305607
5625,4578,lime,0.27656075041344824,0.008307597738631229,0.9999222755432129
5626,1535,lime,0.7073697006522581,0.10324359068582797,0.9993570446968079
5627,1012,lime,0.9487987056618294,0.046730636386200786,0.985027551651001
5628,3302,lime,0.2018773153424263,0.055830802321434024,0.9996715784072876
5629,3059,lime,0.3855255560328563,0.030818891525268555,0.9987539052963257
5630,1172,lime,0.3023788678004745,0.01455765962600708,0.999935507774353
5631,3322,lime,0.07206576052857072,0.04154970575320093,0.9968185424804688
5632,3232,lime,0.8015512381491796,-0.033150718293406746,0.8737022280693054
5633,3859,lime,0.12119854566378471,0.007658718488155267,0.9999407529830933
5634,1015,lime,0.5609365691279256,0.042542687335679695,0.9994232654571533
5635,1364,lime,0.6783744627609849,0.006027458802513454,0.9999010562896729
5636,2757,lime,0.0443765065959982,0.004569478131629326,0.998711347579956
5637,182,lime,0.08525805455614247,-0.2816559079231,0.5817652344703674
5638,1107,lime,0.02618303784617671,0.003153167389057301,0.9999330043792725
5639,188,lime,0.6599793733097613,0.027039435931614467,0.9995160102844238
5640,2990,lime,0.14002975697318712,0.022150215537597735,0.9992591738700867
5641,2951,lime,0.6351640195935033,-0.014562271147345504,0.8948888182640076
5642,3539,lime,0.01879115593739045,0.010303625693688026,0.9999409914016724
5643,3473,lime,0.31327063823118806,0.03902360168285668,0.9995162487030029
5644,1655,lime,0.25883625293879403,0.03643688757944366,0.9880483150482178
5645,3422,lime,0.7789123651556388,0.02112681046128273,0.9997698664665222
5646,4077,lime,0.05608697926125875,0.03675418038193772,0.9997468590736389
5647,3015,lime,0.05923259258270264,0.05421230773771963,0.9999136924743652
5648,2713,lime,0.14002381035914788,0.008082889593564548,0.9998477697372437
5649,3397,lime,0.34553567934385004,0.0689294487436084,0.9997735619544983
5650,1266,lime,0.35690667638776913,0.019666262148391633,0.9997161030769348
5651,1623,lime,0.05615639485991918,0.05635017027984409,0.9997606873512268
5652,3358,lime,0.8020609038482819,0.021466226982218877,0.9997507929801941
5653,373,lime,0.038948602974414825,0.012300511822104454,0.9999326467514038
5654,2026,lime,0.12368341874745158,0.05080175060364935,0.9993563294410706
5655,1524,lime,0.23399183784539884,0.05376338672179442,0.9997822642326355
5656,422,lime,0.21313358453058062,0.02218354848169145,0.9997616410255432
5657,3169,lime,0.05244297665708205,0.008662209791295668,0.9998743534088135
5658,3650,lime,0.08573020154779608,0.0018374497240239923,0.9999430179595947
5659,3800,lime,0.6512876366676287,0.07684438960983399,0.9991720914840698
5660,1120,lime,0.17818667388187265,0.023372315502953978,0.9997346997261047
5661,2249,lime,0.2038813044945168,0.027820929018564002,0.9996480941772461
5662,4043,lime,0.11189552656439848,0.004663527011871338,0.999901294708252
5663,616,lime,0.10493973591204347,0.04502154141664505,0.9978971481323242
5664,2691,lime,0.6546013033634203,0.052000142885623754,0.9995947480201721
5665,2043,lime,0.09661050061030048,0.04394579083392663,0.9951033592224121
5666,3188,lime,0.637260486567393,0.019986537769436836,0.9996837377548218
5667,2835,lime,0.2802887884899974,0.018514774524821684,0.9997915625572205
5668,4211,lime,0.0991786648829778,0.01562427282333374,0.9999293088912964
5669,917,lime,0.322825045324862,0.020567523315548897,0.9920033812522888
5670,4100,lime,0.3272121275464694,0.02201934970087475,0.9977766871452332
5671,1162,lime,0.04219716151313084,0.023001898534414245,0.9987475872039795
5672,3716,lime,0.44982124466535656,0.041908020370228345,0.9998213648796082
5673,1248,lime,0.017581348012133343,0.009307801723480225,0.9999306201934814
5674,828,lime,0.08733983845152754,0.004918004604096108,0.9999380111694336
5675,2243,lime,0.009660886399703281,0.01756103674415499,0.02579612098634243
5676,2902,lime,0.0189048937820601,0.03420661730726935,0.9997243285179138
5677,337,lime,0.12955180574686098,0.05465586330646124,0.9995959401130676
5678,2351,lime,0.0368431381881237,0.03526432141661644,0.9995847344398499
5679,1959,lime,0.3516016945242882,0.021417627483606337,0.9972550272941589
5680,3431,lime,-0.2639858354232274,-0.022246062081649143,0.00036186506622470915
5681,4374,lime,0.3460540715224889,0.059403401020230076,0.9994891881942749
5682,1102,lime,0.15707667804125583,0.009523046739173658,0.9999380111694336
5683,1246,lime,0.018808582372832717,0.002795085572359855,0.9999332427978516
5684,1176,lime,0.4100703433311234,0.020797658463319144,0.9998319149017334
5685,4579,lime,0.004648086759779188,0.006056352456410726,0.9999203681945801
5686,3195,lime,0.23466972132583203,0.05665067501147004,0.38375335931777954
5687,2790,lime,0.11650868609547615,0.05754694491624832,0.9992958307266235
5688,3877,lime,0.5298971511684136,0.07155089248858747,0.9914222359657288
5689,93,lime,0.3829590200641474,0.02383679376785145,0.9984662532806396
5690,2795,lime,0.32768955424025253,0.14932593048827067,0.892436146736145
5691,2317,lime,0.1745567868717692,0.047799396413293754,0.9906683564186096
5692,385,lime,0.08081632090390337,0.03837531827846352,0.9997519850730896
5693,913,lime,0.09371542433897655,0.05360630470694917,0.9996331930160522
5694,693,lime,0.4061506400919623,-0.005636859133287713,0.9674268960952759
5695,3241,lime,0.29372601029463113,0.07361132496735082,0.9992102384567261
5696,2471,lime,0.18916397696665052,0.06637149623462132,0.9979719519615173
5697,311,lime,0.18068867739079134,0.02104274886396696,0.9997581839561462
5698,334,lime,0.541445729991845,0.003383480152993832,0.999934196472168
5699,861,lime,0.008806866628152353,0.010723702333591602,0.9998906850814819
5700,1454,lime,0.29136291580895585,0.024750867651568517,0.999445378780365
5701,2684,lime,0.3440702474206018,0.018140984734274307,0.9997395873069763
5702,1224,lime,0.5239269865126135,0.39984733486140145,0.6110888123512268
5703,2585,lime,0.009305319007562131,0.004509798118046352,0.9999161958694458
5704,708,lime,0.07180402577733216,0.031955121166032295,0.9994958639144897
5705,3141,lime,0.013549440580865612,0.006072225777999214,0.9999386072158813
5706,38,lime,0.12592573899705456,0.017274521783275425,0.9970207810401917
5707,2683,lime,0.5484353604959324,0.045080476067960264,0.9997358918190002
5708,935,lime,0.4130103214434823,0.11717574623394378,0.9997422099113464
5709,3339,lime,0.052219215942465744,0.004794366981672204,0.9999347925186157
5710,1325,lime,0.6893850019104172,0.02322161578854849,0.999762237071991
5711,2120,lime,-0.028132049969452268,-0.029031528260412755,0.0098820636048913
5712,470,lime,0.5737834297373987,0.02882451618590006,0.9994279742240906
5713,3393,lime,0.3325419893135896,0.00798301277933894,0.999913215637207
5714,1942,lime,0.5030088508501649,0.0037024604777495065,0.9999091625213623
5715,3371,lime,0.2448376533575356,0.026312782532638974,0.9995042085647583
5716,1713,lime,0.7403360263163884,-0.04156711179277171,0.7611915469169617
5717,160,lime,0.016261837699196556,0.01014736294746399,0.9997265934944153
5718,1192,lime,0.5239833685483972,0.008755870163440704,0.9999144077301025
5719,2161,lime,0.03907618490425316,0.029054838257866936,0.9999277591705322
5720,3925,lime,0.9202178010886887,0.020960155859223156,0.9990829229354858
5721,3619,lime,0.18625437170267106,0.008491246402263642,0.9777315258979797
5722,4209,lime,0.5319968695059801,-0.005802456385050065,0.9586831331253052
5723,3524,lime,0.2387515436048093,0.041573475560416344,0.9990906715393066
5724,353,lime,0.13809590049240053,0.01980937507991888,0.999738872051239
5725,2548,lime,0.060056078292074655,0.04301077766077859,0.9995682835578918
5726,4202,lime,-0.014957267897469657,0.2522625378199986,0.6926886439323425
5727,1014,lime,0.08818886652588845,0.04773312217809937,0.9995049238204956
5728,1200,lime,0.0859794879396414,0.026313702929122693,0.9997790455818176
5729,4580,lime,0.0023660527335272897,0.0016622488145475035,0.9999163150787354
5730,3087,lime,0.16946519299277238,0.031044049986771176,0.9995974898338318
5731,1305,lime,0.31851319402339867,0.10977438235422596,0.994238018989563
5732,112,lime,0.22483085375279188,0.01022128015756607,0.9998038411140442
5733,1853,lime,0.520886122728839,0.055128524475025406,0.9997662901878357
5734,4310,lime,0.7445278059431287,0.04446158904668897,0.9997687935829163
5735,3873,lime,0.1539580578866758,0.01610303709381505,0.9999330043792725
5736,4216,lime,0.34331997160641653,0.04839267026422159,0.9997439980506897
5737,14,lime,0.1040852179422098,-0.06073975212433759,0.7362715005874634
5738,3915,lime,0.276051708234341,0.04031360617705754,0.9788841009140015
5739,2387,lime,0.393257842975713,0.027431614696979523,0.9993690848350525
5740,533,lime,0.9483031273325434,0.08005057860698019,0.9764451384544373
5741,3551,lime,0.0936750520320077,0.05310593004937151,0.9994766116142273
5742,851,lime,0.182848347350955,0.02127400633286346,0.9997901320457458
5743,1418,lime,0.3252587375688579,0.02100480475315922,0.9909952282905579
5744,3446,lime,0.36647239100673923,0.021149237356756046,0.9997702240943909
5745,1318,lime,0.017247869548472492,0.1801688727838072,0.9949485063552856
5746,677,lime,0.07463306358882359,0.00849341835294451,0.9995980858802795
5747,3740,lime,0.3053704126272351,0.032190806604921816,0.9996871948242188
5748,1317,lime,0.6045737591437084,-0.29489527410659633,0.6237097382545471
5749,1072,lime,0.9935303408719482,0.058828423926606775,0.9997788071632385
5750,4275,lime,-0.10431590466178023,-0.39040514626540246,0.024295154958963394
5751,655,lime,0.892300214538158,0.20279724407812644,0.9970287680625916
5752,3128,lime,0.7102751381348864,0.022382156151096996,0.9994780421257019
5753,3143,lime,0.3794949639899035,0.014383367697397868,0.9999178647994995
5754,568,lime,0.1667570663349969,0.06948994994163513,0.9994500279426575
5755,1871,lime,0.23931241482496263,0.00721660703420639,0.9999284744262695
5756,3956,lime,0.2829199666157365,0.07958940289811128,0.9997894167900085
5757,121,lime,0.030951594534729208,0.0031258080686841693,0.9997743964195251
5758,3150,lime,0.4434531820816514,0.020605256214090015,0.9997784495353699
5759,587,lime,0.06897704265056512,0.007696072260538737,0.9999291896820068
5760,3061,lime,0.420191017644746,0.03014382567940926,0.9979548454284668
5761,3162,lime,0.2651659994325773,0.04722498950582964,0.9997709393501282
5762,1254,lime,0.007000700120002993,0.0013067299319851782,0.9999192953109741
5763,2658,lime,0.1990969681993444,0.04324514260317417,0.9993662238121033
5764,163,lime,0.4758949675536775,0.0035621322594679796,0.9998517036437988
5765,1322,lime,0.7482376583337561,0.014713997716334328,0.999629020690918
5766,4249,lime,0.7483173460278936,0.046168113466013565,0.8326014876365662
5767,360,lime,0.7855661640017887,0.01623937643824085,0.9997087121009827
5768,1768,lime,0.32501651607849197,0.0018335187210226959,0.9999029636383057
5769,732,lime,0.8672545543663243,0.051393787004053594,0.9986885190010071
5770,2671,lime,0.7157739254100055,0.3030415493392803,0.9972802400588989
5771,691,lime,-0.015942976684183686,-0.1475264576414751,0.537680983543396
5772,79,lime,0.571973547343751,0.05585101784931289,0.9984980821609497
5773,2776,lime,0.18730744922702963,0.022213645110076122,0.9995684027671814
5774,1053,lime,0.5820418443969068,0.11401964212749519,0.998623251914978
5775,410,lime,0.035148947908167257,0.018289562902952496,0.9997599720954895
5776,4367,lime,0.346213025706155,0.022834889945529756,0.9834858179092407
5777,1667,lime,0.3907787218660815,0.030414517782628537,0.99955815076828
5778,3349,lime,0.7288128025829792,0.1078252123934882,0.9982094764709473
5779,2672,lime,0.7794528397675039,0.012130087072199041,0.9998984336853027
5780,4038,lime,0.2467851440061725,0.03218519474349676,0.999718964099884
5781,4552,lime,0.2041230103110566,0.028570194673888823,0.9998063445091248
5782,1542,lime,0.030625244792626828,0.004577894600070253,0.9989033937454224
5783,1336,lime,0.01207906358382281,0.05174911036795261,0.9999227523803711
5784,1519,lime,0.7010455381793853,0.025524177039280917,0.9997904896736145
5785,1229,lime,0.14441210323013365,0.024847536385059356,0.9993537068367004
5786,1968,lime,0.16198395378887653,0.01865106898670395,0.9977643489837646
5787,4416,lime,0.3190186602275884,0.02289143688323205,0.9992958307266235
5788,2109,lime,0.5135294373345668,0.07389799199404852,0.9996541738510132
5789,725,lime,0.1326828169680777,0.028569087563526063,0.9994435906410217
5790,1134,lime,0.1647518305551438,-0.3334612312416236,0.24350415170192719
5791,101,lime,0.21703136841888013,0.048355989158153534,0.9965853691101074
5792,4266,lime,0.36239391270765037,0.06437458357838698,0.9994989633560181
5793,2253,lime,0.04976285573763725,0.04531451754080944,0.999208390712738
5794,1269,lime,0.02931664635737737,0.0037635316451390586,0.9999366998672485
5795,2813,lime,0.43387333575103965,0.03240548925740378,0.99965500831604
5796,193,lime,0.7200654554039692,0.07433915149533388,0.9993638396263123
5797,1127,lime,0.3269042192605903,0.02457055771673048,0.9997536540031433
5798,2871,lime,0.8199302164224408,0.02295585612698299,0.9997450709342957
5799,3470,lime,0.8349713324843084,0.0622271908008877,0.9930214285850525
5800,280,lime,0.22332276521544708,0.04967183207995013,0.99970942735672
5801,1696,lime,0.4691655555119117,0.027681915296448603,0.9990069270133972
5802,2623,lime,0.028710790475209556,-0.0014244344499376085,0.9932789206504822
5803,2139,lime,0.1997417509150894,0.039779837040797524,0.999329686164856
5804,3438,lime,0.15204638004599308,0.006411633708260276,0.9999388456344604
5805,82,lime,0.02374645709991455,0.004122592210769653,0.9998000264167786
5806,876,lime,0.5859047187561238,0.005365778174665239,0.9615743160247803
5807,2719,lime,0.4592601225334913,0.003927559294599168,0.9999428987503052
5808,2374,lime,0.042298588313554465,0.00785674860602931,0.9995403289794922
5809,1569,lime,0.7064452546294482,0.02298223243114796,0.999365508556366
5810,2416,lime,0.027736814071734745,0.003587679316600164,0.9999324083328247
5811,3724,lime,0.45474174697218195,0.029184447867529734,0.9975895881652832
5812,3511,lime,0.9721609510388225,0.0733523540571332,0.9966631531715393
5813,4046,lime,0.17409774461002261,0.08928352808234868,0.9979152083396912
5814,2132,lime,0.41063508946787225,0.05085146237503398,0.9993273019790649
5815,2932,lime,0.3492095944855143,0.027114564881605262,0.9991326928138733
5816,3414,lime,0.17268047707025394,0.009423587211342744,0.9997473359107971
5817,1009,lime,0.04283483435467976,0.007128920496963873,0.9999313354492188
5818,4171,lime,0.06673822097662019,0.007276430362608374,0.9999346733093262
5819,1439,lime,0.4480605155837779,0.032903386165901105,0.9999344348907471
5820,3603,lime,0.08971874290254227,0.07295868485126385,0.9997875094413757
5821,2680,lime,0.08751759926478068,0.03359245479691262,0.9995542168617249
5822,4297,lime,0.056281447410583496,0.005258343049458095,0.999887228012085
5823,630,lime,0.5638643361007174,0.055298807554774815,0.9997987151145935
5824,638,lime,0.5352360193200153,0.04971746997586612,0.9995785355567932
5825,455,lime,0.5538531421346867,0.02591860072409853,0.9885410666465759
5826,129,lime,0.17010265721215143,0.008245597945319282,0.9999216794967651
5827,3544,lime,0.44339749379417837,0.047643726070721946,0.9996554851531982
5828,2705,lime,0.07742111499492939,0.003980688177622282,0.998616099357605
5829,4542,lime,0.2527104089814988,0.03377721898289303,0.9994493126869202
5830,1736,lime,0.20045175044624894,0.026380427457668162,0.9988632202148438
5831,1442,lime,0.4493143024468204,0.02426533928004707,0.9989868998527527
5832,836,lime,0.9266562266475376,0.038770980667322874,0.9957411289215088
5833,3713,lime,0.14239572084102875,0.05060961479559923,0.9998024106025696
5834,963,lime,-0.030982411659226335,-0.3443138423086754,0.1722792387008667
5835,3500,lime,0.16800715312361716,0.060451604439876974,0.9985418319702148
5836,1386,lime,0.3772965318603383,0.04052465781569481,0.9997828602790833
5837,3631,lime,0.5979473735110796,0.047449992475460986,0.9996988773345947
5838,3220,lime,0.8611598195332358,0.02075143815839992,0.999125063419342
5839,1920,lime,0.5016515276360662,0.029690726050015152,0.9993933439254761
5840,3065,lime,0.5909218808143016,0.025566605960621554,0.9984636306762695
5841,4122,lime,0.19205119076275057,0.01081025408160302,0.9999406337738037
5842,2735,lime,0.641200715803114,0.0209332655437968,0.9997478127479553
5843,1441,lime,0.6779034589749894,0.028603136716854004,0.9997524619102478
5844,860,lime,0.2694170012731444,0.047222313047810036,0.9985270500183105
5845,930,lime,0.026122531225514965,0.00888824740121531,0.9999330043792725
5846,2920,lime,0.3630081540064162,0.014500379148456786,0.9837579131126404
5847,3073,lime,0.1881011115440812,0.1013653271813662,0.9581029415130615
5848,2537,lime,0.39325189261752014,0.02946957354159916,0.9997439980506897
5849,4582,lime,0.4180088508419874,0.039376883971981885,0.9996926784515381
5850,173,lime,0.01919722290181402,0.000783833105172684,0.9984564781188965
5851,1056,lime,0.6978687459686038,0.02858903907960461,0.9989043474197388
5852,2870,lime,0.491421440714284,0.023272276708954258,0.9997250437736511
5853,50,lime,0.9013306294546055,0.0651589775890378,0.9988952875137329
5854,2560,lime,0.27265983590712917,0.0172232190767924,0.999908447265625
5855,31,lime,0.04577256523464855,0.03478979907537762,0.9997630715370178
5856,3419,lime,0.26763057264875856,0.003769160585200533,0.9999228715896606
5857,3023,lime,0.10929036152280741,0.04254220719685999,0.9997532963752747
5858,1433,lime,0.33826054199064365,0.05068164226431094,0.998925507068634
5859,399,lime,0.6329373283147374,0.012713306090411018,0.9999289512634277
5860,3793,lime,0.05575899018181695,0.03390879895952013,0.9994363188743591
5861,3354,lime,0.28657674230635166,0.011041976511478424,0.9999203681945801
5862,749,lime,0.810357937707089,0.33254436855869635,0.8262404203414917
5863,3479,lime,0.064668542664984,0.0204552314851595,0.9997844099998474
5864,3212,lime,0.15939713724785382,0.22484577095343006,0.9915026426315308
5865,617,lime,0.2927539875621305,0.00971483307726243,0.9999336004257202
5866,4442,lime,0.19850188699097204,0.04373158858372615,0.9992184638977051
5867,2130,lime,0.8537138999220996,0.017654746321254765,0.9997063279151917
5868,283,lime,0.6408064836902277,0.028226476907730103,0.9996964931488037
5869,4517,lime,0.16155142656394414,0.041812554001808167,0.9997127652168274
5870,1217,lime,0.3696083585559593,0.029669822072205337,0.9997401833534241
5871,55,lime,0.7377069949773917,0.029016750305891036,0.999502420425415
5872,2038,lime,0.698462309793935,0.03248291542487485,0.9997771382331848
5873,1302,lime,0.14325235106728293,0.037212114950472656,0.9997850060462952
5874,2767,lime,0.045205963775515556,0.20757119911390223,0.6382457613945007
5875,1813,lime,0.3877354375208202,0.02129839231138644,0.9982916712760925
5876,3881,lime,0.6541677151205173,0.05197016480896208,0.9993495345115662
5877,434,lime,0.10192494299905054,0.05546868669575658,0.9998668432235718
5878,115,lime,0.7145153053534159,0.0031684509345463346,0.9998924732208252
5879,2119,lime,0.2852191385446173,0.02891551996722366,0.9998014569282532
5880,2923,lime,0.1311907312449287,0.009232887450386496,0.999937891960144
5881,3392,lime,0.46274225553066506,0.06537810685458006,0.9993243217468262
5882,1789,lime,0.16489168783684946,0.022229857461632422,0.9997801184654236
5883,1103,lime,0.03579840582350026,0.02100740891435872,0.9999274015426636
5884,348,lime,0.09167047477129733,0.029681625917102352,0.8458763957023621
5885,4441,lime,0.09369525280507172,0.003494115436778349,0.9999092817306519
5886,78,lime,0.22413398766959156,0.021145379101788556,0.9999380111694336
5887,3224,lime,0.27288619104104167,0.00812230049035488,0.9999427795410156
5888,1821,lime,0.306874723673579,0.009838588097516228,0.9997754693031311
5889,1735,lime,0.13325405739388377,0.003907530937554702,0.9999364614486694
5890,2473,lime,0.011360595392626386,0.006778048914532328,0.9999082088470459
5891,4204,lime,0.6825718253818102,0.02793702483177185,0.9995266199111938
5892,3395,lime,0.025852673394339425,0.009294274875095912,0.9998862743377686
5893,3405,lime,0.8115983526538392,0.10576732265097755,0.9555742740631104
5894,1431,lime,0.5583712212741375,0.0031291723251342775,0.9995425939559937
5895,2113,lime,0.28860821280713106,0.03843569704754786,0.9997621178627014
5896,1294,lime,0.010667681020308049,-0.07977789656278934,0.12968359887599945
5897,2798,lime,-0.480659316562944,-0.008419692483989315,0.012777583673596382
5898,4241,lime,0.07523592480936565,0.02482634742517729,0.9996380805969238
5899,2697,lime,0.004346101056961786,0.010974164519991194,0.9884060621261597
5900,735,lime,0.09662946105696434,0.02205294197381929,0.999651312828064
5901,2398,lime,0.7241825855556218,0.05146893683601828,0.9996328353881836
5902,1921,lime,0.30960593931376934,0.018681197642133787,0.9974937438964844
5903,2454,lime,0.09504169328732694,0.013159825129711882,0.9868724346160889
5904,2436,lime,0.4139670118799104,-0.11168518793933532,0.6879131197929382
5905,3313,lime,0.15072157298741135,0.22660329990574848,0.9958451390266418
5906,2602,lime,0.5681624412536621,0.030957755289579694,0.9996352195739746
5907,1378,lime,0.4949919589374575,0.5128952968422503,0.9689615368843079
5908,4172,lime,0.662451718963923,0.03352003640705539,0.9946192502975464
5909,140,lime,0.03506188016188772,0.016550589548914058,0.9997726082801819
5910,2482,lime,0.6583701751131396,0.02441439117220315,0.9996614456176758
5911,2566,lime,0.1527741107651416,0.026675460969700533,0.9996492862701416
5912,3043,lime,0.08943732560805555,0.13063218216148187,0.9995561242103577
5913,2718,lime,0.14787664617362775,0.06520456428590574,0.999789297580719
5914,1010,lime,0.30646352086435347,0.03755368204677806,0.9994291663169861
5915,1516,lime,0.5349138249959131,-0.31872664066031575,0.611278772354126
5916,1988,lime,0.5408659024482511,0.06047045549049097,0.999685525894165
5917,2942,lime,0.343876754512658,0.029600497033144976,0.9995535016059875
5918,3097,lime,0.40256560002453623,0.036872086971998216,0.999742329120636
5919,151,lime,0.24999609351158142,0.08191134929656982,0.9639233946800232
5920,2319,lime,0.5797307372093201,0.035193470269441605,0.9901373386383057
5921,1373,lime,0.8926100407687311,0.044001174772658,0.9997658133506775
5922,1358,lime,0.9540916822080463,0.04551350517431274,0.9988759160041809
5923,1873,lime,0.7812482610564021,0.030057568103075027,0.9902647733688354
5924,2668,lime,0.24720701976464346,0.0036918062430161694,0.9999090433120728
5925,4357,lime,0.9422877309562692,0.024393416941165924,0.9990045428276062
5926,62,lime,0.3297306901878781,0.0038435512118869357,0.999931812286377
5927,1795,lime,0.0760095530542834,0.01680265007347896,0.9999234676361084
5928,1000,lime,0.1742486152432713,0.01888916751041132,0.9997530579566956
5929,3679,lime,0.6949526098997969,0.024293485636773863,0.9997993111610413
5930,1850,lime,0.39320162786491986,0.018230598548362995,0.998589813709259
5931,2825,lime,0.6578600727953017,0.01977356580587534,0.9998986721038818
5932,3964,lime,0.8047219343581953,0.018191657817134492,0.999750554561615
5933,1625,lime,0.020650930064065116,0.008927931104387556,0.9999339580535889
5934,1313,lime,0.8339179642378654,0.05511296430931372,0.9997521042823792
5935,4320,lime,0.029020201515507053,0.005784894969012286,0.9997965693473816
5936,2166,lime,0.8050535057899447,0.04008751636969724,0.9997931122779846
5937,2184,lime,0.7616075057801532,0.026530997620688543,0.9955392479896545
5938,4148,lime,0.08603601985507542,0.008983676632245382,0.9999343156814575
5939,300,lime,0.09106764154737147,0.029231313967479848,0.9997203946113586
5940,339,lime,0.2178184973475124,0.01936021214351058,0.9997205138206482
5941,2220,lime,0.6472166069864255,0.03497634002048036,0.9997548460960388
5942,1587,lime,0.02134307660162449,0.013422071933746338,0.9998394250869751
5943,4410,lime,0.17667123725016912,0.026965748849842285,0.9997898936271667
5944,3009,lime,0.17408547090713447,0.033418857729902454,0.9995825886726379
5945,4314,lime,0.5445171255522814,0.032511110680225566,0.9995521903038025
5946,2236,lime,-0.03479761612124559,0.11600223256320488,0.8126024603843689
5947,3837,lime,0.09220987757047018,0.035669297973314924,0.999776303768158
5948,2512,lime,0.19172843521379906,0.04861672886687776,0.9997861981391907
5949,4272,lime,0.04017773117774572,0.09999503806615487,0.9996488094329834
5950,2294,lime,0.6307198036728161,0.05117484309843608,0.9994392991065979
5951,3416,lime,0.1479306868144444,0.008770041806357248,0.9999258518218994
5952,3694,lime,0.17148641333347414,0.048064840457788326,0.9976987242698669
5953,108,lime,-0.511478319093585,-0.6321348926983774,0.23390141129493713
5954,3795,lime,0.8638248719559568,0.04129219336642159,0.996711254119873
5955,3228,lime,0.255904309927149,0.0580097292648985,0.9996755123138428
5956,4327,lime,0.011372005939483643,0.005694814523061116,0.9999361038208008
5957,4444,lime,0.30343996231945664,0.01858842931687832,0.9992326498031616
5958,932,lime,0.7559206627704429,0.04928158476567743,0.9995693564414978
5959,3245,lime,0.7462001693667843,0.024324569664895535,0.9996263980865479
5960,1037,lime,0.006482224131739417,0.0065008041470549826,0.999936580657959
5961,3070,lime,0.04930269395982897,0.010196163847639755,0.9999281167984009
5962,507,lime,0.174343322054483,0.05837590870214626,0.99973064661026
5963,1983,lime,0.21963538891739315,0.006196310785081652,0.9999369382858276
5964,635,lime,0.39172759842127564,0.0345082825422287,0.9995065927505493
5965,102,lime,0.07892653125248128,0.04025494711353413,0.9962306618690491
5966,2618,lime,0.5102837479648155,0.0482338403125067,0.999721109867096
5967,2452,lime,0.2628549022393094,0.022113218075699277,0.9994428753852844
5968,2433,lime,0.004333820748836436,0.12717765648948384,0.9952096343040466
5969,2955,lime,0.22811162701019874,0.02415427871239491,0.9993991851806641
5970,4406,lime,0.007261481668267932,0.0016070167933191573,0.9999321699142456
5971,146,lime,0.47471641255542635,0.030570815751949944,0.9929821491241455
5972,2277,lime,0.1864374589920044,0.06049503445625305,0.9987791180610657
5973,628,lime,0.09065098339511503,0.05408194997618275,0.9996241331100464
5974,4147,lime,0.26614404618740084,0.03315818905830383,0.9977594614028931
5975,2488,lime,0.6484307246947927,0.3720991828155761,0.7708569765090942
5976,4587,lime,0.8624777865285674,0.07543376313917564,0.9977166652679443
5977,624,lime,0.9343579983868604,0.155198604185365,0.9758737683296204
5978,1402,lime,0.08289144697942231,0.022916375022185475,0.9999257326126099
5979,1547,lime,0.5894148599269778,0.024840974010700404,0.9995481371879578
5980,1680,lime,0.25850538443773985,0.007649116218090057,0.9995798468589783
5981,2779,lime,0.2855998215576013,0.025279054329508825,0.9997870326042175
5982,3616,lime,0.1510593630373478,0.024170481940595116,0.9381188154220581
5983,3676,lime,0.12209005653858185,0.006973031163215637,0.9999200105667114
5984,2004,lime,0.2794391595018216,0.006989298722682855,0.9987618923187256
5985,2141,lime,0.0853573011643276,0.022790327486468524,0.999660849571228
5986,4045,lime,0.707088466783873,0.016161544569607438,0.9999228715896606
5987,1761,lime,0.07285467515120635,0.008438728951119088,0.9999334812164307
5988,266,lime,0.0772338027285563,-0.10995410604251397,0.5002744197845459
5989,4195,lime,0.7478949319016426,0.05370863669730248,0.9997265934944153
5990,1808,lime,0.7298218444601505,0.047160413148173805,0.9724524021148682
5991,3786,lime,0.23176910894913005,0.026687642836824378,0.9997901320457458
5992,3199,lime,0.16328115661938986,0.018388024965922036,0.9999377727508545
5993,2619,lime,0.08102105393643594,0.025684634430540934,0.9995806813240051
5994,2459,lime,0.41584078955576953,0.03391319445588372,0.9987064599990845
5995,3187,lime,0.48169986967166717,0.03728573837063529,0.999652624130249
5996,4531,lime,0.09290083195082843,0.03491906293978294,0.9996719360351562
5997,4355,lime,0.036867736683537565,0.019678269357730944,0.9996660947799683
5998,2725,lime,0.1847929939685855,0.05904365452411382,0.9163215160369873
5999,4573,lime,0.14685768500352517,0.006865434157542693,0.9999277591705322
6000,1913,kernelshap,0.5259147394370909,0.006459140280882517,0.9640464782714844
6001,4550,kernelshap,-0.03908950881850615,-0.01170236111693157,0.001997587503865361
6002,4424,kernelshap,0.014724686339094833,0.013741461006370751,0.9999350309371948
6003,3802,kernelshap,0.2866421251424721,0.002812660166195461,0.999940037727356
6004,3867,kernelshap,0.19776993319392205,0.05535911811249597,0.9994820952415466
6005,2557,kernelshap,0.24161405153983437,0.005711755989228978,0.9273993372917175
6006,2097,kernelshap,0.10902534650181825,0.05868335004966214,0.9994489550590515
6007,3546,kernelshap,0.8431456816696756,0.037432715470014616,0.9813790321350098
6008,2808,kernelshap,0.02626565883034154,0.010736556429612009,0.9999333620071411
6009,893,kernelshap,0.11390089243650436,0.03270076998209549,0.999656081199646
6010,674,kernelshap,0.08850726688450034,0.039297927509654655,0.9997472167015076
6011,4329,kernelshap,0.49531210433489703,0.03636735677719116,0.9996517896652222
6012,518,kernelshap,0.02178700377301472,0.04562105492847722,0.999688982963562
6013,3071,kernelshap,0.11334195807576179,0.010803806781768798,0.9998984336853027
6014,1449,kernelshap,0.15150918938764713,0.021842550213744,0.9992088675498962
6015,2475,kernelshap,0.10348473950896574,0.023304719153953636,0.9996045231819153
6016,2224,kernelshap,0.10697040231898428,0.04668665584176779,0.9989407658576965
6017,3008,kernelshap,0.5241168592854039,0.06354299307618615,0.9734869599342346
6018,2799,kernelshap,0.10826867818832397,0.03631903471485261,0.9994932413101196
6019,3455,kernelshap,0.9421743727665778,0.03836280721075395,0.9956005811691284
6020,2715,kernelshap,0.29163647633652356,0.007066486879836681,0.9999409914016724
6021,1799,kernelshap,0.301618638018576,0.04397980314798844,0.9995501637458801
6022,1476,kernelshap,0.04456058293581009,0.007714271545410156,0.9999101161956787
6023,3045,kernelshap,-0.0823916586753177,-0.31635691650138287,0.0033377408981323242
6024,191,kernelshap,0.019862803497484753,0.13947010582921152,0.9994246959686279
6025,1612,kernelshap,0.234638953798039,0.04266125466241393,0.9993771910667419
6026,3501,kernelshap,0.16339189807573953,0.0019264072179794312,0.999932050704956
6027,2706,kernelshap,0.004439470503065321,0.007902823554144966,0.9999209642410278
6028,788,kernelshap,0.02820660254439792,0.05046959276739005,0.9998164772987366
6029,2721,kernelshap,-0.08979882939214197,-0.1356596643648421,0.03670880198478699
6030,2543,kernelshap,0.006818542877833049,0.004367592434088389,0.9998431205749512
6031,4425,kernelshap,0.4016036697139498,0.05522006773389876,0.9983136653900146
6032,4154,kernelshap,0.013186158612370491,0.0042396653443574905,0.9999288320541382
6033,169,kernelshap,0.726303106524782,0.025394122089658466,0.9956911206245422
6034,1657,kernelshap,0.04016463594003157,0.01704719527201219,0.9999197721481323
6035,3040,kernelshap,0.02080135700995462,0.0025735947123745034,0.9999281167984009
6036,269,kernelshap,0.1946992410755739,0.045625148204768574,0.9997387528419495
6037,1775,kernelshap,0.037805653431198814,0.005369974808259444,0.9999408721923828
6038,3229,kernelshap,0.5502256815848143,0.021043998715670212,0.9996691942214966
6039,4496,kernelshap,-0.13481996773645796,0.2704628649456748,0.5336947441101074
6040,1064,kernelshap,0.22795670029035833,0.1981262525294496,0.9995169639587402
6041,4134,kernelshap,0.32325940310127205,0.057363155056481006,0.9993343949317932
6042,4000,kernelshap,0.2929551449994887,0.058766682782480796,0.9998181462287903
6043,609,kernelshap,-0.12883015256994879,-0.009990304493435865,8.936723315855488e-05
6044,2710,kernelshap,0.21217652410268784,0.028363411625226338,0.999342143535614
6045,3460,kernelshap,0.29392347200528574,0.10286439563098707,0.9992105960845947
6046,1803,kernelshap,0.6300782356167804,0.04290361363779415,0.9879414439201355
6047,1918,kernelshap,0.10964204523028159,0.0037774090864220442,0.9999196529388428
6048,3197,kernelshap,0.6584873027750291,0.1938922729343176,0.7165399193763733
6049,1737,kernelshap,0.06223255057226528,0.08683177100663836,0.9996875524520874
6050,4435,kernelshap,0.27131807249645856,0.17879540672482447,0.9702183604240417
6051,3750,kernelshap,0.9016153296364461,0.03462629257278009,0.9977245926856995
6052,3966,kernelshap,0.09801568925380706,0.11915576681494713,0.999671459197998
6053,365,kernelshap,0.11313508901485177,0.02758501868608386,0.9997536540031433
6054,4053,kernelshap,0.023604125548631717,0.02852160808367607,0.9999328851699829
6055,2066,kernelshap,0.09502262015675389,0.015966134015903917,0.9999006986618042
6056,1852,kernelshap,0.1915928840234473,0.02949975853836214,0.9996596574783325
6057,2703,kernelshap,0.5359419636866626,0.011555808431961957,0.9998611211776733
6058,487,kernelshap,0.1465489675956113,0.02639263953481402,0.9997428059577942
6059,4055,kernelshap,0.006347582985957463,0.037765820821126304,0.9999164342880249
6060,4475,kernelshap,0.0596906620865831,0.0320021235742248,0.996290922164917
6061,3348,kernelshap,0.22724150161957368,0.10467727781118204,0.9995805621147156
6062,351,kernelshap,0.14138233347942955,0.07368129783667667,0.9996340274810791
6063,2509,kernelshap,0.21033958850368376,0.010811703820382395,0.9999287128448486
6064,4030,kernelshap,0.5665494418981325,0.010118572041392326,0.9999308586120605
6065,1650,kernelshap,0.03627743280452231,0.005190446324970411,0.9999227523803711
6066,2653,kernelshap,0.005051457657004302,0.012561157064617804,0.9995224475860596
6067,4285,kernelshap,0.23786035366356373,0.015717091038823128,0.9999098777770996
6068,1468,kernelshap,0.16222879895940423,0.06911097373813391,0.9996987581253052
6069,2998,kernelshap,0.07641987316310406,0.016353805363178254,0.9999412298202515
6070,1270,kernelshap,-0.319085500203073,-0.1637321492889896,0.3821588456630707
6071,297,kernelshap,0.4531212384657313,0.05165432269374529,0.9994295239448547
6072,2019,kernelshap,0.011144110450038203,0.0035965310202704538,0.9999343156814575
6073,629,kernelshap,0.4196811224664411,0.0912009627378035,0.9994656443595886
6074,1944,kernelshap,0.3489130047770838,0.042873521823258626,0.9997997879981995
6075,953,kernelshap,0.04692159044115167,0.024319498162520558,0.9999110698699951
6076,466,kernelshap,0.5947731296764687,0.013781629502773285,0.9998910427093506
6077,2200,kernelshap,0.7364721681705028,0.12891135576090007,0.8480513691902161
6078,728,kernelshap,0.09281655062328685,0.03197164156220176,0.9999403953552246
6079,3376,kernelshap,0.1584363419627934,0.017455572687220155,0.9968926310539246
6080,4549,kernelshap,0.26966941655548504,0.058309801962486536,0.996188223361969
6081,72,kernelshap,0.28737366307647,0.11438185072714283,0.9978064894676208
6082,4,kernelshap,0.05009685484494301,0.11647716313204233,0.9996585845947266
6083,1098,kernelshap,0.23780389442234426,0.05528858545664195,0.9995033740997314
6084,2726,kernelshap,0.10826711297035217,0.04078155234456062,0.9997115731239319
6085,2921,kernelshap,0.05582058145886376,0.007584507976259504,0.9999171495437622
6086,2531,kernelshap,0.009196150562037592,0.019174307584762573,0.9999303817749023
6087,2614,kernelshap,0.011889370218400032,0.002639441720900997,0.9999135732650757
6088,2434,kernelshap,0.3783095372391158,-0.03780986798991417,0.8290476202964783
6089,3111,kernelshap,0.4927455685481581,0.02109142514515896,0.9962059259414673
6090,3615,kernelshap,0.6382175039068081,0.04679409460421058,0.9993610978126526
6091,3063,kernelshap,0.30784882116131485,0.05604100413620472,0.9996111989021301
6092,1385,kernelshap,0.15787654535637963,0.03266060319211748,0.9997604489326477
6093,128,kernelshap,-0.15049119626219648,-0.07598046356668839,0.03106658160686493
6094,1030,kernelshap,0.17819205433130264,0.11906162009108812,0.9984509944915771
6095,16,kernelshap,-0.03388035535812378,-0.029047675132751465,0.9398430585861206
6096,670,kernelshap,0.14292827214707027,0.0675841782129172,0.9995827078819275
6097,3743,kernelshap,0.10838935762470545,0.06843009998285493,0.9997292160987854
6098,2202,kernelshap,0.06777965086837147,0.03452096169078073,0.9857751131057739
6099,1615,kernelshap,0.06991812051870884,0.02316377789546282,0.9997183680534363
6100,1558,kernelshap,0.033616098073812634,0.007331347236266503,0.9999116659164429
6101,3953,kernelshap,0.6258283528217743,0.36097275397095957,0.7810810804367065
6102,304,kernelshap,0.429650482338141,0.022541699310143787,0.9994953870773315
6103,4004,kernelshap,0.3238450249559001,0.00818814101972078,0.9999371767044067
6104,4547,kernelshap,0.7650824807757555,0.024110668793667193,0.9993477463722229
6105,1247,kernelshap,0.0640044517815113,0.019760145470499993,0.9946687817573547
6106,3136,kernelshap,0.30364538584318423,0.07791158577634229,0.9997362494468689
6107,1220,kernelshap,0.22274730204228768,0.041339588400564696,0.9997267127037048
6108,3261,kernelshap,0.7142534752479858,0.004716859923468696,0.9999014139175415
6109,1611,kernelshap,0.28082532127602744,0.10011825209053662,0.9982717037200928
6110,1181,kernelshap,0.14327721446752548,0.06718198284506798,0.9996659755706787
6111,2797,kernelshap,-0.5034159776122052,-0.16365939421226167,0.00019225910364184529
6112,610,kernelshap,0.509094668370558,0.02526270271074481,0.999693751335144
6113,3751,kernelshap,0.46647314640524035,-0.043460223033572686,0.7975795269012451
6114,2248,kernelshap,0.11036236565082501,0.04253236681987078,0.9996805191040039
6115,99,kernelshap,0.04771923489476505,0.024947950910580784,0.9995905756950378
6116,3781,kernelshap,0.018349576937524897,0.013861540116761861,0.9999294281005859
6117,225,kernelshap,0.5344940924483929,0.018408096888486075,0.9999325275421143
6118,2103,kernelshap,0.5352790159716582,0.02543963057299455,0.9996618032455444
6119,2836,kernelshap,0.09500426853575357,0.15545132538167442,0.9986333250999451
6120,2924,kernelshap,0.028596613465285883,0.020125439981134925,0.9999192953109741
6121,2859,kernelshap,0.09115218900500194,-0.6523753259988392,0.18755033612251282
6122,2782,kernelshap,0.22950379068079668,0.1635818706216434,0.9990673661231995
6123,515,kernelshap,0.09387429984840187,0.008355351718696388,0.9999377727508545
6124,1951,kernelshap,0.5318129532134686,0.023860923372782193,0.995648205280304
6125,3869,kernelshap,0.10658698603510856,0.22569551698139145,0.9993947744369507
6126,2263,kernelshap,0.3686745903370055,0.052389943690010994,0.9874914884567261
6127,4006,kernelshap,0.36515705713706365,0.07685647625476122,0.9417631030082703
6128,4522,kernelshap,0.18126793143649897,0.028935114128722086,0.9997182488441467
6129,2137,kernelshap,0.04851597547531128,0.09374601913220955,0.9998064637184143
6130,3673,kernelshap,0.2787348446260505,0.019228835150880634,0.9996435642242432
6131,1707,kernelshap,0.036914525852937786,-0.04923130676615983,0.20612700283527374
6132,314,kernelshap,0.03271248079326055,0.028766745573853794,0.9999315738677979
6133,1924,kernelshap,0.816743160973635,0.0781233995049088,0.9259030222892761
6134,2247,kernelshap,0.047893610915967395,0.10416052139078688,0.9933045506477356
6135,3901,kernelshap,0.1953559339393017,0.027192458510398865,0.9995620846748352
6136,1847,kernelshap,0.7097575371294762,0.024619978485685406,0.9998868703842163
6137,1725,kernelshap,0.05302015634683462,0.01564249778405214,0.9999393224716187
6138,3547,kernelshap,-0.03891857895970104,-0.01207479268252369,0.002863348228856921
6139,4558,kernelshap,0.08870072729057736,0.05199151121907764,0.9996986389160156
6140,3403,kernelshap,0.26585816623682673,0.07726587838631996,0.9991374015808105
6141,3007,kernelshap,0.7307909976630154,0.023444266278635374,0.98827064037323
6142,2961,kernelshap,0.530240763528127,0.024692717473953962,0.9993306398391724
6143,3591,kernelshap,0.1461647392853218,0.10822947805418688,0.9997499585151672
6144,571,kernelshap,0.20079621765762568,0.030455551482737063,0.9991412162780762
6145,4041,kernelshap,0.7135352997238644,0.029220974114206103,0.9997161030769348
6146,2629,kernelshap,0.12555295690184548,0.022609998072896684,0.9997896552085876
6147,3121,kernelshap,0.1322352313648232,0.20119753649288957,0.9996071457862854
6148,2701,kernelshap,0.08200664107882699,0.07966198806845864,0.9986948370933533
6149,3101,kernelshap,0.15582586880083438,0.02922258222544635,0.9994015693664551
6150,1863,kernelshap,0.04018483091803158,0.011779469602248249,0.9998990297317505
6151,2908,kernelshap,0.0639934595241103,0.007822236349416334,0.9999340772628784
6152,4456,kernelshap,0.5576698749791831,0.07569554939717901,0.9922770261764526
6153,3230,kernelshap,0.10038758921795167,0.08194282479011096,0.999098539352417
6154,2399,kernelshap,0.8308480822689537,0.09829217607253476,0.9969344139099121
6155,3447,kernelshap,0.02006036788225174,0.009346643090248108,0.9999314546585083
6156,1522,kernelshap,0.061082555376219025,0.026903343923164135,0.9997768998146057
6157,3295,kernelshap,0.08500513713806868,0.01984997596591711,0.9882568717002869
6158,495,kernelshap,0.23574260739903702,0.016335161108719676,0.9994595646858215
6159,317,kernelshap,0.5105798173166443,0.03916106176263881,0.9997891783714294
6160,4319,kernelshap,0.021775867541631064,0.017132314046223958,0.9999147653579712
6161,2583,kernelshap,0.7964729432314117,0.1451237477776077,0.8274156451225281
6162,4536,kernelshap,0.7805457079407966,0.1339675428138839,0.9978781938552856
6163,551,kernelshap,0.3865418778327496,0.03264210648510767,0.9997945427894592
6164,950,kernelshap,0.20545479758032437,0.06652032115079205,0.9994804263114929
6165,2681,kernelshap,0.6590193771803201,0.008669664730896821,0.9999220371246338
6166,1720,kernelshap,0.06310582838275215,0.006683256138454784,0.9999356269836426
6167,3845,kernelshap,0.057722771912813185,0.09803549816133454,0.9999325275421143
6168,1653,kernelshap,0.08062178762629628,0.049477818608284,0.9996042847633362
6169,1475,kernelshap,0.7225255030461062,0.023631252730504062,0.9997835755348206
6170,826,kernelshap,0.049155210171427044,0.06415851584502628,0.9995926022529602
6171,2235,kernelshap,0.16428894091110963,0.058375577513988204,0.999569833278656
6172,1061,kernelshap,0.44159750643651935,0.04651999689638615,0.9787567257881165
6173,2353,kernelshap,0.005180889484929103,0.02857782677108166,0.9999254941940308
6174,2771,kernelshap,0.11847414468464099,0.009722228112973665,0.9999061822891235
6175,3467,kernelshap,0.5625962708522944,-0.008378791647988397,0.9314789772033691
6176,1672,kernelshap,0.32067705768890475,0.009947738131961308,0.9999165534973145
6177,4093,kernelshap,0.6125813249498606,0.06827645980649524,0.9991058707237244
6178,2772,kernelshap,0.12820306691961983,0.0853009872759382,0.9991812109947205
6179,1352,kernelshap,0.3873115419927571,0.014003475507100424,0.9998832941055298
6180,1168,kernelshap,0.035268719629807904,0.005908579176122492,0.9999322891235352
6181,1928,kernelshap,0.236600825149152,0.0870215889480379,0.9986489415168762
6182,2714,kernelshap,0.06514799107681028,-0.311614234354347,0.11479184031486511
6183,3211,kernelshap,0.6064710761745309,0.023656512069147685,0.9995595812797546
6184,4227,kernelshap,0.11034909348215974,0.07024173229409937,0.9997430443763733
6185,2379,kernelshap,0.20992843806743622,0.007465521991252899,0.9999288320541382
6186,3649,kernelshap,0.9285286687909522,0.041938962414860725,0.9995450377464294
6187,3624,kernelshap,0.007295628873313345,0.008074037912415295,0.9999358654022217
6188,3790,kernelshap,0.6524852104782266,0.004879026970964797,0.999904990196228
6189,1898,kernelshap,0.0403510502406529,0.033424336640607746,0.9999339580535889
6190,1664,kernelshap,0.41638814206970365,0.08876967253653627,0.9989643096923828
6191,3412,kernelshap,0.040609980757172044,0.027651791637008254,0.9999347925186157
6192,4179,kernelshap,0.2109444453070561,0.10777136459946632,0.9941614270210266
6193,32,kernelshap,0.800194743299821,0.029493128164456442,0.9821522831916809
6194,1218,kernelshap,0.023598845968855187,0.003912724078969753,0.9999226331710815
6195,2565,kernelshap,0.011760911037181986,0.002812829510918979,0.9999243021011353
6196,2385,kernelshap,0.6220747928321362,0.0038202595710754394,0.9999302625656128
6197,2592,kernelshap,0.1670740246772766,0.029482682262148174,0.9977458119392395
6198,3443,kernelshap,0.04004957899451256,0.004493482410907745,0.9997656941413879
6199,3365,kernelshap,0.04593346307152196,0.013460402425966765,0.9999244213104248
6200,338,kernelshap,0.8554510405091079,0.02384623787120769,0.9987408518791199
6201,1346,kernelshap,0.17157218481103578,0.23526051226589415,0.9936249256134033
6202,4523,kernelshap,0.323912471662172,0.027726907490028277,0.9980921149253845
6203,4054,kernelshap,0.6721242142595211,-0.013074969486245569,0.9510001540184021
6204,1577,kernelshap,0.11176998374309946,0.045296332620559855,0.9997733235359192
6205,1123,kernelshap,0.3811125182221795,0.028105861485697502,0.9992254972457886
6206,3777,kernelshap,-0.08797287068239623,0.021766510416543292,0.03357516974210739
6207,752,kernelshap,0.0065260788668756895,0.005803616150565769,0.9999350309371948
6208,681,kernelshap,0.42800462908450176,0.029863844032992016,0.9996629953384399
6209,4433,kernelshap,0.32977456746524886,0.16527240769937634,0.999805748462677
6210,1904,kernelshap,0.358154135312641,-0.292091151412863,0.4504333734512329
6211,2342,kernelshap,0.2423366587228921,0.04295627195007947,0.99979168176651
6212,2364,kernelshap,0.00592782280661843,0.03613564507527785,0.9999332427978516
6213,778,kernelshap,0.254101507259154,0.2073065168461052,0.9087198972702026
6214,3001,kernelshap,0.43333573921716545,0.04902195066890933,0.9997116923332214
6215,3200,kernelshap,0.17483736143300407,0.06394538989192561,0.9997715353965759
6216,3921,kernelshap,0.249594546573342,0.021583949268426536,0.9997405409812927
6217,3545,kernelshap,0.28906135666458044,0.20764632402535746,0.961864173412323
6218,542,kernelshap,0.06594029409544809,0.025341480118887764,0.9996552467346191
6219,2272,kernelshap,0.39075362616115145,0.020784503055943385,0.9994385838508606
6220,391,kernelshap,0.860456917554665,0.16477287572138666,0.9939079284667969
6221,1979,kernelshap,-0.5399299940862693,-0.5371537757664919,0.08030615746974945
6222,1150,kernelshap,0.7950374895790446,0.09531514020636678,0.9544633030891418
6223,149,kernelshap,0.13860463755471367,0.009203663894108363,0.9999338388442993
6224,2570,kernelshap,0.30201975034019835,0.049696050780384166,0.9997407793998718
6225,927,kernelshap,0.3223112568126193,0.06634602852032653,0.9993878602981567
6226,4017,kernelshap,0.070567786693573,0.011893259756492846,0.9998778104782104
6227,1398,kernelshap,0.24894732103555225,0.03764434235499186,0.9997422099113464
6228,3635,kernelshap,0.054452127643993924,0.022714505060797648,0.9997974038124084
6229,505,kernelshap,0.15688847822527732,0.01625251193200388,0.9999276399612427
6230,3423,kernelshap,0.6910144173370776,0.10571155754419473,0.9711435437202454
6231,3247,kernelshap,0.2831217631076773,0.017830344537893932,0.9999269247055054
6232,1895,kernelshap,0.19272560802184874,0.15660660403470197,0.9992431402206421
6233,2286,kernelshap,0.10333186686038971,0.054988471525056024,0.9997827410697937
6234,4232,kernelshap,0.3542027072722299,0.023395063148604497,0.9912011623382568
6235,2595,kernelshap,0.2563869782413046,0.02423890804251035,0.999797523021698
6236,1770,kernelshap,0.018418424838298076,0.057330128308889027,0.9999250173568726
6237,1267,kernelshap,0.13495542176745154,0.03371928654836886,0.9974930286407471
6238,3124,kernelshap,-0.0041234234002221265,-0.4018343849615617,0.02968371845781803
6239,2125,kernelshap,0.4360950198273973,0.027356153620140895,0.9993288516998291
6240,1659,kernelshap,0.11102881953120232,0.048828675926961294,0.9995197057723999
6241,2909,kernelshap,0.15200672782957553,0.04623822905123234,0.9995369911193848
6242,1765,kernelshap,0.18613499981195977,0.04072400884858022,0.9996777772903442
6243,1560,kernelshap,0.6614653471006765,-0.020559607453796327,0.7586172223091125
6244,2967,kernelshap,0.02609039843082428,0.009114233983887566,0.9999127388000488
6245,1416,kernelshap,0.3662562030641472,0.03406293208108229,0.9996176958084106
6246,1630,kernelshap,0.14942060432263782,0.028031611016818454,0.9992948770523071
6247,449,kernelshap,0.07478512161909494,0.030266410562881204,0.9996140599250793
6248,152,kernelshap,0.43858565440849523,0.46185036291772463,0.9958680868148804
6249,211,kernelshap,0.18268537587885345,0.022315609667982374,0.9996917247772217
6250,2032,kernelshap,0.43346981739159673,0.05096755684020796,0.9982683658599854
6251,902,kernelshap,0.15256729148602924,0.09229145638453655,0.9995760321617126
6252,3436,kernelshap,0.5090018621812672,0.030340257559472054,0.9944562315940857
6253,3198,kernelshap,0.25156517962925135,0.03432318389415741,0.9997273087501526
6254,57,kernelshap,-0.2295156077314646,-0.37183905163636577,0.3667914569377899
6255,3164,kernelshap,0.007101750841327742,0.001637423739713781,0.9999340772628784
6256,4303,kernelshap,-0.3664877438910635,-0.023845985088437955,0.001042672898620367
6257,1927,kernelshap,0.18462406874944767,0.08470021353827582,0.999768078327179
6258,3206,kernelshap,0.026868386848552805,0.018668194074888487,0.9999173879623413
6259,3388,kernelshap,0.5839322111569345,0.08879945791241797,0.9987599849700928
6260,816,kernelshap,0.04479033996661504,0.004482198506593704,0.9999394416809082
6261,3284,kernelshap,0.01479402498195046,0.13143584191014893,0.9999366998672485
6262,2765,kernelshap,0.7107449307894478,0.019493767920021828,0.9997808337211609
6263,3970,kernelshap,0.04884489429624457,0.008363813161849976,0.9998588562011719
6264,885,kernelshap,0.108100029673766,0.05787872436710379,0.9996283054351807
6265,249,kernelshap,0.24289997282528109,0.03705309908236227,0.9996722936630249
6266,2203,kernelshap,0.1252087916326808,0.020430340491076733,0.9986516833305359
6267,3115,kernelshap,0.04794887798588451,0.0049021825557801785,0.9999405145645142
6268,2341,kernelshap,0.02781220508176227,0.0065416693687438965,0.999940037727356
6269,4132,kernelshap,0.22413477013414762,0.2177735955436837,0.952293336391449
6270,1781,kernelshap,0.009273365139961243,0.003958754241466522,0.999897837638855
6271,4488,kernelshap,0.21027013125991367,0.0047179460525512695,0.9999198913574219
6272,44,kernelshap,0.09003782950532742,0.09220017397250885,0.9997947812080383
6273,2390,kernelshap,0.1471752136324843,0.05804191157221794,0.9996523857116699
6274,286,kernelshap,0.10972767568786036,0.04618181389841167,0.9993798732757568
6275,1094,kernelshap,0.4800330367431326,0.08158250351190427,0.9890894293785095
6276,1962,kernelshap,0.15055318541970908,0.029968472964623395,0.9997689127922058
6277,4530,kernelshap,0.449240873317893,0.022475388718814385,0.9996106028556824
6278,202,kernelshap,0.11100797653198242,0.004708240032196045,0.9994975328445435
6279,237,kernelshap,0.017699763826701954,0.006882624781650045,0.999850869178772
6280,2519,kernelshap,0.5928089967928827,0.24043836487659817,0.9993638396263123
6281,3870,kernelshap,0.2586949820831126,0.04348457235769898,0.9977250695228577
6282,1108,kernelshap,-0.238781497682794,-0.018381415058380906,0.00018701479712035507
6283,2449,kernelshap,0.26530461736461697,0.10804573786171044,0.9996224641799927
6284,2525,kernelshap,0.2586795684780825,0.14749590352781722,0.9997791647911072
6285,357,kernelshap,0.06476056689153546,0.1341384472730367,0.9797533750534058
6286,736,kernelshap,0.20651598001519839,0.016340873638788857,0.9999127388000488
6287,3918,kernelshap,0.15114913806319236,0.008059215545654298,0.9999202489852905
6288,3848,kernelshap,0.02901572150153083,0.008355901047990128,0.9999294281005859
6289,1953,kernelshap,0.4839742637039827,0.0268210820587618,0.9960936903953552
6290,1131,kernelshap,0.6622938966142505,0.26741178499327767,0.8859970569610596
6291,261,kernelshap,0.058559171579502245,0.0031055609385172525,0.9999376535415649
6292,3113,kernelshap,0.48658261775970457,0.06512774586677551,0.9989184141159058
6293,379,kernelshap,0.2748705060221255,0.02069424774418486,0.9996964931488037
6294,4263,kernelshap,0.20943569028988862,0.09915652856803857,0.9997733235359192
6295,1521,kernelshap,0.393292728535555,0.046942031886256126,0.9997854828834534
6296,1006,kernelshap,0.07148478275690323,0.007382804002517309,0.9999394416809082
6297,2099,kernelshap,0.7881469525249175,0.02349705376276156,0.9996212720870972
6298,4293,kernelshap,0.029752916949135916,0.010814053671700614,0.9999294281005859
6299,436,kernelshap,0.03473950693240532,0.006085795851854177,0.9994258880615234
6300,368,kernelshap,0.3020902493658165,0.05001157273848852,0.9812131524085999
6301,3335,kernelshap,0.027734469156712294,0.02653470216318965,0.9994614720344543
6302,3450,kernelshap,0.258448542983726,0.002959911213364712,0.9562457799911499
6303,939,kernelshap,0.17417044922259156,0.14772639268047208,0.9997876286506653
6304,3596,kernelshap,0.1418190378933511,0.08918479464432978,0.9997244477272034
6305,4027,kernelshap,0.006048344075679779,0.09576413023751229,0.99993896484375
6306,4056,kernelshap,0.04047897510361253,0.00247946956701446,0.9999409914016724
6307,3946,kernelshap,0.27825136270308704,0.0615473598437874,0.9994204044342041
6308,1429,kernelshap,0.8834439196764904,0.013569380992498154,0.9995761513710022
6309,3847,kernelshap,0.11338724948941394,0.05627644965623287,0.9996820688247681
6310,1195,kernelshap,0.1686368535813545,0.04441273625519487,0.9880417585372925
6311,1003,kernelshap,0.22641431682034216,0.049118135958465176,0.9997404217720032
6312,1465,kernelshap,0.08772349920537736,0.0408999933136834,0.9996582269668579
6313,2308,kernelshap,0.9978595619568931,0.25196044292296876,0.9997614026069641
6314,250,kernelshap,-0.2511611419419448,0.15980105120947377,0.2267824411392212
6315,1579,kernelshap,0.6223396524423506,0.06099347461287568,0.9956309795379639
6316,3954,kernelshap,0.02266480756360431,0.016525531924048136,0.9999417066574097
6317,1105,kernelshap,0.004131872703631719,-0.029920622209707894,0.9329100847244263
6318,3569,kernelshap,0.38962355235943924,0.03222989935327221,0.9985590577125549
6319,3943,kernelshap,0.28034418802230787,0.024931080830402862,0.9352025389671326
6320,1610,kernelshap,0.19103157014881328,0.11011984699019571,0.9997870326042175
6321,3003,kernelshap,0.19682108554637656,0.0018016144914447137,0.999936580657959
6322,2100,kernelshap,0.5137973776912655,0.041539116565025215,0.9997678399085999
6323,403,kernelshap,0.45024129217331804,0.01898245250975544,0.9727258682250977
6324,2746,kernelshap,0.7109505867626033,0.021935993724543114,0.9949716329574585
6325,4535,kernelshap,0.41712165796173184,0.032693316248503135,0.9998130202293396
6326,1022,kernelshap,0.022329458966851234,0.014794319868087769,0.9999343156814575
6327,1764,kernelshap,0.1010287446487281,0.024732027616765764,0.999531626701355
6328,2231,kernelshap,0.07504382263869047,0.015598773956298828,0.9999216794967651
6329,3830,kernelshap,0.05972428265959025,0.12134241927415132,0.9994798302650452
6330,3357,kernelshap,0.010395878698767685,0.01694623580793055,0.9999380111694336
6331,1154,kernelshap,0.0443619198742367,0.02229587272519157,0.9997674822807312
6332,4461,kernelshap,0.13308171897518392,0.004305531783979766,0.999925971031189
6333,4356,kernelshap,0.20061080646701157,0.021487574723056135,0.9884882569313049
6334,1788,kernelshap,0.7128151176801446,0.015531870479486426,0.9775946736335754
6335,813,kernelshap,0.7099690038077016,0.0590892614175876,0.9953723549842834
6336,344,kernelshap,0.23913393914699554,0.050683819585376315,0.9997469782829285
6337,1353,kernelshap,0.06627976991560149,0.07773474814451259,0.9959602952003479
6338,3951,kernelshap,0.41583228178265297,0.011481774096586267,0.9999208450317383
6339,2427,kernelshap,0.5085177963954353,0.00806449850400289,0.9998633861541748
6340,3287,kernelshap,0.364348082182308,0.029847581560413044,0.9947953820228577
6341,1226,kernelshap,0.09303522109985352,0.02707799469552389,0.9998615980148315
6342,1678,kernelshap,0.0524252379933993,0.04568883375479625,0.9995608925819397
6343,2941,kernelshap,0.4652119235294621,0.0074952317447197145,0.999510645866394
6344,1740,kernelshap,0.024951705118504967,0.00799214985312485,0.9999262094497681
6345,168,kernelshap,0.3972524416378953,0.06266467374834148,0.9996610879898071
6346,4577,kernelshap,0.17214981511962124,0.021839158745800575,0.9994586110115051
6347,1363,kernelshap,0.24028180837631224,0.022871514161427815,0.9998170733451843
6348,853,kernelshap,0.22381172180175782,0.034357144236564635,0.9996707439422607
6349,387,kernelshap,0.10608860810159468,0.053600975987957974,0.9996510744094849
6350,3356,kernelshap,0.2346966014731498,0.17551504660929954,0.998764157295227
6351,3746,kernelshap,0.37429156495879096,0.20053776963190598,0.9961488246917725
6352,3411,kernelshap,0.052488439358197726,0.032342576063596286,0.9998961687088013
6353,880,kernelshap,0.4174066382571861,0.06348657514899969,0.9992817044258118
6354,3464,kernelshap,0.08046415095062305,0.019549211331953604,0.9997746348381042
6355,1034,kernelshap,0.01609617074330648,0.00665008889304267,0.9996588230133057
6356,3564,kernelshap,0.4235049077055671,0.06309578244320371,0.9997032284736633
6357,84,kernelshap,0.10674457002261822,0.04774183390492743,0.9995858073234558
6358,3903,kernelshap,0.23442797880205843,0.07470164178974098,0.9993438124656677
6359,1772,kernelshap,0.14726057772835097,0.019629787239763472,0.9610466361045837
6360,42,kernelshap,-0.00488852777264335,0.0958466272462498,0.9146188497543335
6361,4097,kernelshap,0.5981610315325467,0.138128613324269,0.9793807864189148
6362,2943,kernelshap,0.33246686653448987,0.057819973390835985,0.9995664954185486
6363,4262,kernelshap,0.23042286141128165,0.08334978978808333,0.9997207522392273
6364,3099,kernelshap,-0.007644065706109679,-0.05279735566393749,0.007520559709519148
6365,3982,kernelshap,0.28265119157156643,0.06281567509803507,0.977266788482666
6366,3797,kernelshap,0.656428502176957,0.20823317269993122,0.966303825378418
6367,1730,kernelshap,0.3574922420931133,0.05034092999994755,0.9996324777603149
6368,2616,kernelshap,0.2550103900598754,0.1747618170553132,0.9995546936988831
6369,476,kernelshap,0.39462186819148043,0.04779123496748023,0.9997815489768982
6370,1489,kernelshap,0.41740243600850757,0.036003046719865366,0.999782383441925
6371,2295,kernelshap,0.28264452144503593,0.041975530364164494,0.9995661377906799
6372,468,kernelshap,0.19638186681549996,0.05795101930076877,0.9995942711830139
6373,3608,kernelshap,0.11405715718865395,0.2373281136493791,0.9273435473442078
6374,4098,kernelshap,0.13326594506095096,0.062399091517053,0.9984337687492371
6375,1874,kernelshap,0.7688929889464773,0.06586258113384247,0.9997912049293518
6376,290,kernelshap,0.29291235025633466,0.06290380731225013,0.9997487664222717
6377,383,kernelshap,0.03914250204196343,0.01041842194703909,0.9999401569366455
6378,3175,kernelshap,0.2597320846281946,0.024070994555950166,0.9997592568397522
6379,4501,kernelshap,-0.09934666521590331,0.01998978066017273,0.07899896800518036
6380,3622,kernelshap,0.31116648951311143,-0.45566088280507494,0.35742297768592834
6381,2034,kernelshap,0.042134852904193804,0.003342421549671101,0.9999349117279053
6382,363,kernelshap,0.22632361203432083,0.06248956512321125,0.9986516833305359
6383,3374,kernelshap,0.2084553013099175,0.21696766627514186,0.9990923404693604
6384,1640,kernelshap,0.03750779029241828,0.10084475906089295,0.9997460246086121
6385,1448,kernelshap,0.07115815761922435,0.030811377137786512,0.996951699256897
6386,957,kernelshap,0.24182154651731252,0.023360986448824405,0.9997989535331726
6387,4028,kernelshap,0.39339242754755793,0.027669905810742766,0.9991269707679749
6388,3583,kernelshap,0.3736733908605713,0.04042567646032885,0.9997730851173401
6389,3657,kernelshap,0.4176565516740084,0.08469953536987304,0.9996546506881714
6390,4436,kernelshap,0.17408413882367313,0.03794807775153054,0.998591959476471
6391,3203,kernelshap,0.6683068604740713,0.33499056690682966,0.9898536801338196
6392,3487,kernelshap,0.2002863207355488,0.0370961410361667,0.9904176592826843
6393,4109,kernelshap,0.8717584822131487,0.3600425085418725,0.8805423378944397
6394,197,kernelshap,0.009356420867297113,0.044307073160093656,0.999922513961792
6395,3854,kernelshap,0.23441582487984783,0.02180920700941767,0.9994151592254639
6396,2128,kernelshap,0.2660653917562394,0.03366803927790551,0.9995693564414978
6397,2884,kernelshap,0.0194395009209128,0.03853706401937148,0.9999295473098755
6398,213,kernelshap,0.6145317136768574,-0.025428808009137913,0.9530797004699707
6399,2214,kernelshap,-0.005352128676915183,-0.01263490216454532,0.0002876799844671041
6400,3161,kernelshap,0.014366466824601336,0.005357326530828708,0.9999369382858276
6401,907,kernelshap,0.18232945513491536,0.1316655012139795,0.9997884631156921
6402,2498,kernelshap,0.11090002637356519,0.09461773913353681,0.9989238381385803
6403,2197,kernelshap,0.09197545080230786,0.019701464818074152,0.9997872710227966
6404,1493,kernelshap,0.1428381077506963,0.07696222557741053,0.9992609620094299
6405,176,kernelshap,0.5146495410640325,0.0712593681045941,0.999524712562561
6406,3451,kernelshap,0.10039382992368756,0.012581352031592167,0.999929666519165
6407,2551,kernelshap,0.21588559661592757,0.030701799052102224,0.9995612502098083
6408,1829,kernelshap,0.05635090714151209,0.007075355269692161,0.9999178647994995
6409,4525,kernelshap,0.0531315374739316,0.04697145962593507,0.9997960925102234
6410,47,kernelshap,0.2632214456942736,0.08527443799025872,0.9997625946998596
6411,2650,kernelshap,0.013083907536097936,0.016451615946633476,0.9999330043792725
6412,139,kernelshap,0.6955763413293012,0.06395628074692054,0.9989711046218872
6413,2922,kernelshap,0.04441642517393286,0.17991703051057728,0.9995997548103333
6414,3642,kernelshap,0.1072662447579205,0.07477242709792335,0.9997642636299133
6415,3719,kernelshap,0.20789437236057387,0.06743352545632256,0.999159574508667
6416,3053,kernelshap,0.26756579250097273,0.06378812938928605,0.9947302341461182
6417,1889,kernelshap,0.2336349122618374,0.02446240147477702,0.9997411370277405
6418,1470,kernelshap,0.12117410255105872,0.00841070946894194,0.999925971031189
6419,4096,kernelshap,0.12420051082065611,0.028584568337960678,0.999144434928894
6420,2293,kernelshap,0.03517478268320968,0.01319221316314325,0.9999227523803711
6421,251,kernelshap,0.24055796371152002,0.05541556949416796,0.9928159713745117
6422,4358,kernelshap,0.07456967218414597,0.06066179996275384,0.999430239200592
6423,2791,kernelshap,0.3018743048111598,0.019046535560240347,0.9997180104255676
6424,3028,kernelshap,0.15876689718829262,0.030526093145211538,0.9995859265327454
6425,215,kernelshap,0.03517984177755273,0.018432323051535564,0.9995898604393005
6426,2298,kernelshap,0.5816311853006482,0.019258643686771392,0.9998769760131836
6427,1533,kernelshap,0.46950302019715306,0.015500303953886033,0.9958590865135193
6428,2852,kernelshap,0.18505849204091138,0.021938444223514823,0.9962385892868042
6429,933,kernelshap,0.18068748854455494,0.009134101016180856,0.9999364614486694
6430,2679,kernelshap,0.41538571487180886,0.047435493767261507,0.9974800944328308
6431,3072,kernelshap,0.12317958267198668,0.009257404340638055,0.999914288520813
6432,1681,kernelshap,0.05212923139333725,0.0203972837709366,0.9976332187652588
6433,914,kernelshap,0.06935753024393512,0.03335515722151725,0.9997227787971497
6434,2306,kernelshap,0.01780806585799816,0.005756677583206532,0.9999217987060547
6435,3841,kernelshap,0.03519296489263836,0.0071148135160145004,0.9999384880065918
6436,3570,kernelshap,0.25200394224939926,0.013074923645366322,0.9999055862426758
6437,2211,kernelshap,0.48716275976282003,-0.19195319486386847,0.5077521800994873
6438,2857,kernelshap,0.18816428907358876,0.041913416070971064,0.2091955542564392
6439,1766,kernelshap,0.08335610887124426,0.050718022421711965,0.9994213581085205
6440,498,kernelshap,-0.06372862130463604,-0.05540140647621405,0.013604667969048023
6441,2230,kernelshap,0.06002681143581867,0.021513548058768112,0.9997672438621521
6442,884,kernelshap,0.5739824750371987,-0.1086411579024224,0.6372222900390625
6443,3275,kernelshap,0.5305423839154708,0.05005959961928573,0.9770309329032898
6444,1991,kernelshap,0.16177641401688259,0.09296084940433502,0.9999368190765381
6445,3426,kernelshap,-0.020832559938652493,-0.036506636829236175,0.000816914951428771
6446,566,kernelshap,0.09871939448891459,0.09379571515160638,0.9996308088302612
6447,3457,kernelshap,0.06870929511367446,0.052176987269410384,0.9997816681861877
6448,2792,kernelshap,0.17441521673039956,0.03571254197846759,0.9993994235992432
6449,4095,kernelshap,0.14028881984547928,0.04149298835545778,0.9997488856315613
6450,2257,kernelshap,0.13724630855415998,0.029132055216713956,0.9997274279594421
6451,4129,kernelshap,0.05459851694904501,-0.20118309589368957,0.06931323558092117
6452,1606,kernelshap,0.15445262293020884,0.07932125379641851,0.9988771080970764
6453,439,kernelshap,0.02509325659937329,0.0017577393187416925,0.9999281167984009
6454,2737,kernelshap,0.303157776966691,0.05913496855646372,0.9988178610801697
6455,2008,kernelshap,0.734847941352623,0.023273505097211794,0.9982183575630188
6456,3731,kernelshap,0.3678185821146421,0.02410428703803083,0.9591206312179565
6457,3519,kernelshap,0.08407227916920439,0.05425089581849727,0.9997548460960388
6458,2678,kernelshap,0.31734754746962013,0.028814288585082344,0.9997536540031433
6459,4561,kernelshap,0.09723322292168936,0.03886670966943105,0.9997255206108093
6460,3617,kernelshap,0.7193833819112262,0.12974884884582982,0.8938249349594116
6461,1998,kernelshap,-0.09252271438581926,-0.05229881284123456,0.002723908284679055
6462,1121,kernelshap,0.43299987009430135,0.038952580907128075,0.9996702671051025
6463,2601,kernelshap,0.01765153082934293,0.006327507170763883,0.9999405145645142
6464,1261,kernelshap,0.03395243485768636,0.1552946997137788,0.9999402761459351
6465,2275,kernelshap,0.09418252892792225,-0.2902967926114798,0.5741451382637024
6466,2611,kernelshap,0.0935816541314125,0.008169746398925782,0.9998875856399536
6467,844,kernelshap,0.14804813410005263,0.05012007009598517,0.9963823556900024
6468,4265,kernelshap,0.09024006128311157,0.04850099009016286,0.9969958066940308
6469,27,kernelshap,0.2527541166134909,0.03152333777032647,0.9997844099998474
6470,229,kernelshap,0.2683507527783513,0.01747228890657425,0.9907850027084351
6471,862,kernelshap,0.0465032932433215,0.019432470202445984,0.9999004602432251
6472,3155,kernelshap,0.2803210605246325,0.003991652280092239,0.9999397993087769
6473,4039,kernelshap,0.6295690705627203,0.040307147148996594,0.9994792342185974
6474,183,kernelshap,0.04340790167704902,-0.5604234161490406,0.20557062327861786
6475,2360,kernelshap,0.07589854636499958,0.016094236604629025,0.9999017715454102
6476,2348,kernelshap,0.46199373731558974,0.06460895118388263,0.9916976690292358
6477,238,kernelshap,0.04598973285068165,0.024762315280509716,0.9829922318458557
6478,3180,kernelshap,0.17305913678294904,0.04056599414026415,0.9997753500938416
6479,2581,kernelshap,0.05201657668554357,0.07724023771671844,0.9992966651916504
6480,1567,kernelshap,0.12824296245637995,0.01834108093037055,0.9997461438179016
6481,2925,kernelshap,0.024897195398807526,0.004541000972191493,0.9999390840530396
6482,523,kernelshap,0.1170869197164263,0.02575600743293762,0.9997288584709167
6483,1035,kernelshap,0.07573720671840616,0.052504854427801596,0.9997546076774597
6484,2402,kernelshap,0.06964149109778865,0.03896173930937244,0.9832964539527893
6485,2312,kernelshap,0.33987889071512556,0.05316661443147394,0.9992567896842957
6486,1225,kernelshap,0.1581556984037161,0.05614789076149464,0.9997814297676086
6487,2069,kernelshap,0.08037540851495205,0.005193817309844188,0.9999387264251709
6488,423,kernelshap,0.30622077660707686,0.12212112942686329,0.9997726082801819
6489,4427,kernelshap,0.17055066753374903,0.0737861655652523,0.9993597865104675
6490,1174,kernelshap,0.045353809507881725,0.023370946871071326,0.9992849230766296
6491,1490,kernelshap,0.027066290378570557,0.009796494787389582,0.9999188184738159
6492,2020,kernelshap,0.07197975257242267,0.19387737229805102,0.9987404942512512
6493,1837,kernelshap,0.40680996804940894,0.033248460805806956,0.9885565042495728
6494,3730,kernelshap,0.2995340730086332,0.33096245577539,0.9954784512519836
6495,1586,kernelshap,0.014658415571172187,0.004119728473906821,0.9999392032623291
6496,3595,kernelshap,0.11847718040409841,0.10062797328359202,0.9994558691978455
6497,2622,kernelshap,0.11323501324144805,0.023643564160277204,0.999466598033905
6498,2173,kernelshap,0.035958838768494435,0.008315434822669396,0.9998503923416138
6499,2153,kernelshap,0.09557745304513485,0.010733785781454532,0.9999412298202515
6500,1139,kernelshap,0.27596835055876345,0.06803340810750212,0.9996631145477295
6501,4101,kernelshap,0.0433884118284498,0.13750957144158227,0.9996612071990967
6502,4005,kernelshap,0.3305794108245108,0.058733554350005254,0.9829677939414978
6503,1530,kernelshap,0.15584913695730815,0.10532253758027786,0.9996594190597534
6504,4259,kernelshap,0.12288832664489746,0.08699853879374427,0.9996960163116455
6505,2175,kernelshap,0.16724469857488541,0.004544149053857681,0.9999364614486694
6506,1016,kernelshap,0.17606755120739823,0.05490300978624051,0.9997708201408386
6507,1575,kernelshap,0.2649461618971591,0.04044843048733823,0.9723339676856995
6508,1333,kernelshap,0.6329903967085887,0.1885232711210847,0.9986074566841125
6509,1380,kernelshap,0.13109878890893675,0.06427950242703612,0.9990560412406921
6510,1428,kernelshap,0.17535845957258167,0.03385594399536357,0.9997190833091736
6511,2027,kernelshap,0.33266537708662397,0.03577044599044781,0.9978861212730408
6512,1039,kernelshap,0.10387124270200729,0.0430106995254755,0.999782383441925
6513,22,kernelshap,0.5828501271411538,0.08094262730243594,0.9978649020195007
6514,1276,kernelshap,0.17597719468176365,0.012273747473955154,0.9998977184295654
6515,1367,kernelshap,0.22672482302715613,0.06336560446855634,0.998982846736908
6516,147,kernelshap,0.1116647699049541,0.029012074427945272,0.9986269474029541
6517,3226,kernelshap,0.09779945678181118,0.06504375515160737,0.9973932504653931
6518,4586,kernelshap,0.2981030584346773,0.054349322593019854,0.9997712969779968
6519,2301,kernelshap,0.49985635594733185,0.15095483530628478,0.9987567663192749
6520,2466,kernelshap,0.119164377450943,0.061335680946227045,0.9999179840087891
6521,2876,kernelshap,0.6782700466947296,0.031912518999515437,0.9994862079620361
6522,2213,kernelshap,-0.09163279711113621,-0.4962120935734775,0.0878281518816948
6523,2261,kernelshap,0.45604071109510885,0.16009172464523894,0.9995148181915283
6524,1956,kernelshap,-0.0419527342945168,-0.1395410732736557,0.0008964388398453593
6525,2369,kernelshap,0.19663934235243088,0.02016406902607451,0.9990792274475098
6526,190,kernelshap,0.19656453798395684,0.02803222441838847,0.9997658133506775
6527,1834,kernelshap,0.3296260296582029,0.02565313309717637,0.9997536540031433
6528,2393,kernelshap,0.26000469157265294,-0.04178995659781827,0.7915317416191101
6529,282,kernelshap,0.18655157339727058,0.01296976928053231,0.9999170303344727
6530,1916,kernelshap,0.36119072820292786,0.05117161152884364,0.9993376135826111
6531,4527,kernelshap,0.296577587723732,0.07822048803791404,0.9988406300544739
6532,1324,kernelshap,0.3893284505376449,0.04585274251607748,0.9996585845947266
6533,3576,kernelshap,0.13304116133902524,0.06414643352901614,0.9996577501296997
6534,4029,kernelshap,0.10579406782504051,0.14444583414062376,0.9948514103889465
6535,1683,kernelshap,0.4413678415281617,0.04062817472478618,0.9994662404060364
6536,4353,kernelshap,0.6467287768680807,0.12652676725169507,0.9837759137153625
6537,273,kernelshap,0.645231071942752,0.0636976913225894,0.9609127640724182
6538,1970,kernelshap,0.30681785991923377,0.05090045959434726,0.9997896552085876
6539,903,kernelshap,0.22767586686781474,0.027737791516951153,0.9984595775604248
6540,3599,kernelshap,0.10883438691425208,0.03160532197126975,0.9996839761734009
6541,2499,kernelshap,0.9682529264318873,0.027645471543073653,0.9977362155914307
6542,3514,kernelshap,0.07801403141701999,0.2160537421055462,0.9997149109840393
6543,2991,kernelshap,0.4856436532427324,0.023677290270203037,0.999815046787262
6544,3705,kernelshap,0.28772483570501206,0.023760979995131493,0.999768078327179
6545,2014,kernelshap,0.04875826455177145,0.008285067182906131,0.9999241828918457
6546,257,kernelshap,0.8327278687653167,0.06778950133809337,0.9978786706924438
6547,3721,kernelshap,0.15527245109198523,0.001771028901709885,0.9999274015426636
6548,2368,kernelshap,0.00616946087943183,0.01782346698972914,0.9999309778213501
6549,3689,kernelshap,0.03929102167170098,0.0046149619082187085,0.999934196472168
6550,2574,kernelshap,0.02918379053925023,0.002559498404011582,0.9999080896377563
6551,4260,kernelshap,0.16843836652961644,0.15921585939147256,0.995688259601593
6552,517,kernelshap,0.3441540502582587,0.02757885379175986,0.9990198612213135
6553,3170,kernelshap,0.074263062839777,-0.03246647712296328,0.08178331702947617
6554,3201,kernelshap,0.742165767820552,0.06761052042245864,0.9957893490791321
6555,3194,kernelshap,0.13479725417235625,0.05960199091097583,0.9924966096878052
6556,3897,kernelshap,0.18325799517333508,0.0445078369230032,0.9990540146827698
6557,858,kernelshap,0.7868497520103119,0.04802324436604977,0.9762351512908936
6558,19,kernelshap,0.3964659472134102,0.5997649519531815,0.8163796067237854
6559,699,kernelshap,0.1321718571362672,0.02110982161981088,0.9998138546943665
6560,575,kernelshap,0.020509902387857437,0.01495798925558726,0.9999368190765381
6561,1646,kernelshap,0.1113777586391994,0.036736419513112024,0.999907374382019
6562,3623,kernelshap,0.056152700287539783,0.06476606574000382,0.9995326995849609
6563,599,kernelshap,0.7588280976046008,0.07017666473984718,0.9981202483177185
6564,2894,kernelshap,0.03329239686330159,0.007076165411207411,0.9999396800994873
6565,305,kernelshap,0.5528241609363764,0.02174282453532489,0.9993307590484619
6566,3433,kernelshap,0.1153441015279518,0.0042485268610828325,0.9998227953910828
6567,3826,kernelshap,0.7117992033768031,0.07164838049146864,0.9818872213363647
6568,1350,kernelshap,0.08127193109077566,0.02634467272197499,0.9943504929542542
6569,2129,kernelshap,0.5774877369512978,0.020627878267656673,0.9983017444610596
6570,1422,kernelshap,0.11553797517952166,0.04999933529057001,0.9996740818023682
6571,3819,kernelshap,0.1181691178036007,0.01940430480648171,0.9984520673751831
6572,1527,kernelshap,0.03886805593967438,0.009735227823257446,0.9999376535415649
6573,1087,kernelshap,0.09750502895225178,0.004834584214470603,0.9999384880065918
6574,1484,kernelshap,0.0996039182674594,0.02722750277054019,0.9995259046554565
6575,3513,kernelshap,0.1789133775862865,0.022962035797536372,0.9994493126869202
6576,3361,kernelshap,0.4593607066820065,0.009533515241410996,0.999293327331543
6577,1323,kernelshap,0.93426163023978,0.022971712549527488,0.9977144002914429
6578,1553,kernelshap,0.6272811629931399,0.02247476542279834,0.9996764659881592
6579,3687,kernelshap,0.01596215899501528,0.00982529776436942,0.9998612403869629
6580,4368,kernelshap,0.1927713423126167,0.03399663346429025,0.9996041655540466
6581,3165,kernelshap,0.16263123277736746,0.03735807019731273,0.9997616410255432
6582,1309,kernelshap,0.4890300923125875,0.042673804091684746,0.9997159838676453
6583,2983,kernelshap,0.7358233871905563,0.023751988051793516,0.9997509121894836
6584,3378,kernelshap,0.20828727108460884,0.07862912449571821,0.9983618855476379
6585,345,kernelshap,0.022828848362184108,-0.31223913028066896,0.09959545731544495
6586,1086,kernelshap,0.12699176892638206,0.02219877056777477,0.9997208714485168
6587,923,kernelshap,0.0372872069478035,0.06833606610695521,0.9997708201408386
6588,1571,kernelshap,0.1389425345696509,0.012928130105137825,0.9983104467391968
6589,842,kernelshap,0.47281995963077156,0.020367699846321224,0.990315854549408
6590,2165,kernelshap,0.7665792606914272,0.07343476881774572,0.9531433582305908
6591,608,kernelshap,0.10397557941589343,0.021614893784989483,0.9997633099555969
6592,285,kernelshap,0.13658053461800923,0.0448434678837657,0.9996041655540466
6593,2009,kernelshap,0.21472153592516074,0.04385450211438266,0.9997312426567078
6594,807,kernelshap,0.4707031442328941,0.01497862228127413,0.9999251365661621
6595,4511,kernelshap,0.08120244229212403,0.03745175898075104,0.9997615218162537
6596,2495,kernelshap,0.1670546717211312,0.031005212343206592,0.9997606873512268
6597,405,kernelshap,0.2306396380370977,0.04845631685183973,0.9994694590568542
6598,218,kernelshap,0.3908028474017497,0.053489460099127986,0.9995858073234558
6599,1976,kernelshap,0.5888274365237781,0.02541595974138805,0.9958023428916931
6600,4040,kernelshap,0.3040116081352938,0.04100385883992368,0.9979668259620667
6601,2461,kernelshap,0.16239691164457437,0.03442036744320032,0.9994953870773315
6602,2095,kernelshap,0.16777319199282606,0.07337302914908472,0.9996145963668823
6603,327,kernelshap,0.8172355951634623,0.06312714591622352,0.8981558084487915
6604,2957,kernelshap,0.4223123324435141,0.059790595671383,0.9996838569641113
6605,1778,kernelshap,0.15423989032084742,0.14229016688962778,0.9954015016555786
6606,688,kernelshap,0.45017136413699543,0.02282315569046216,0.999686598777771
6607,393,kernelshap,0.4959943355658116,0.24298301267509276,0.9983372688293457
6608,3495,kernelshap,0.07024960648619903,0.12553026850493448,0.9997907280921936
6609,2741,kernelshap,0.20886609217394952,0.08794768875383813,0.9997590184211731
6610,3105,kernelshap,0.6186275653055181,0.0465034544467926,0.7089082598686218
6611,3579,kernelshap,0.4295654426727976,0.13707678552184785,0.9993767142295837
6612,4460,kernelshap,0.16006484382013056,0.04402311883391218,0.9996813535690308
6613,1491,kernelshap,0.011833063865962782,0.10283283752046134,0.9999392032623291
6614,882,kernelshap,0.35352396344145137,0.043198323912090726,0.9983023405075073
6615,2085,kernelshap,0.4205703459404133,0.027062261546099628,0.9996563196182251
6616,1769,kernelshap,0.5662754166784675,0.02249466367932253,0.9996805191040039
6617,3177,kernelshap,-0.16960519424506595,-0.13505914764744895,0.6650061011314392
6618,3766,kernelshap,0.2335594084400397,0.07449433920033371,0.9997426867485046
6619,2049,kernelshap,0.023143530823290348,0.03402429725974798,0.9997180104255676
6620,794,kernelshap,0.06553570790724321,0.030576006255366585,0.9999421834945679
6621,1617,kernelshap,0.34097806286687654,0.026817656561939254,0.999640703201294
6622,21,kernelshap,0.1355467728442616,0.021344437781307433,0.9997922778129578
6623,2626,kernelshap,0.34464406536685094,0.2184688810673025,0.9998906850814819
6624,2199,kernelshap,-0.17334158974182273,-0.022247221300171482,0.003585011698305607
6625,4578,kernelshap,0.11152826851986825,0.013511788337788683,0.9999222755432129
6626,1535,kernelshap,0.8353967173185585,0.0688443330341372,0.9993570446968079
6627,1012,kernelshap,0.9475763336304226,0.04032770241610706,0.985027551651001
6628,3302,kernelshap,0.10888052508234977,0.01916004478931427,0.9996715784072876
6629,3059,kernelshap,0.49842068486226104,0.05372305115063985,0.9987539052963257
6630,1172,kernelshap,0.04114652357318185,0.008832982995293358,0.999935507774353
6631,3322,kernelshap,0.02197364717721939,0.021835193430122576,0.9968185424804688
6632,3232,kernelshap,0.8225511752084871,0.021329269490458748,0.8737022280693054
6633,3859,kernelshap,0.0841099283634088,0.015133446607834253,0.9999407529830933
6634,1015,kernelshap,0.6278700935979222,0.06509442839684874,0.9994232654571533
6635,1364,kernelshap,0.33592647087314853,0.008938182955202848,0.9999010562896729
6636,2757,kernelshap,0.009319878913260795,0.029297379223076073,0.998711347579956
6637,182,kernelshap,0.009842662491970331,-0.2669045682631287,0.5817652344703674
6638,1107,kernelshap,0.01805905059531883,0.004536624307985659,0.9999330043792725
6639,188,kernelshap,0.41803775003978183,0.031252314363207134,0.9995160102844238
6640,2990,kernelshap,0.1616370944151034,0.046137531365578376,0.9992591738700867
6641,2951,kernelshap,0.4831151053337332,-0.04976727382745594,0.8948888182640076
6642,3539,kernelshap,0.09020506953581786,0.010971932839124631,0.9999409914016724
6643,3473,kernelshap,0.11464455537497997,0.0792221762239933,0.9995162487030029
6644,1655,kernelshap,0.13399932808850124,0.12824254936498145,0.9880483150482178
6645,3422,kernelshap,0.2920683674190355,0.02119723075757856,0.9997698664665222
6646,4077,kernelshap,0.06878793348626393,0.08150585540911047,0.9997468590736389
6647,3015,kernelshap,0.06503234851744867,0.03372499827415713,0.9999136924743652
6648,2713,kernelshap,0.12576733644192034,0.005086156038137583,0.9998477697372437
6649,3397,kernelshap,0.2713932053735876,0.04642722026464787,0.9997735619544983
6650,1266,kernelshap,0.3372312327819167,0.026994817097493934,0.9997161030769348
6651,1623,kernelshap,0.12743637889910203,0.04299504632273546,0.9997606873512268
6652,3358,kernelshap,0.39730265665621983,0.021568927204325086,0.9997507929801941
6653,373,kernelshap,0.06450134702026844,0.012223254889249802,0.9999326467514038
6654,2026,kernelshap,0.12962312313417593,0.07854884093006452,0.9993563294410706
6655,1524,kernelshap,0.16792698405109918,0.05390002119999666,0.9997822642326355
6656,422,kernelshap,0.22352321703164352,0.03744709598166602,0.9997616410255432
6657,3169,kernelshap,0.047212530584896314,0.00870318798457875,0.9998743534088135
6658,3650,kernelshap,0.053354224291714755,0.003006678277795965,0.9999430179595947
6659,3800,kernelshap,0.24560358058264914,0.11266455535796728,0.9991720914840698
6660,1120,kernelshap,0.0731192467347631,0.05759411888583651,0.9997346997261047
6661,2249,kernelshap,0.08467711976101232,0.020939895753250566,0.9996480941772461
6662,4043,kernelshap,0.09362640075905379,0.004732870778372121,0.999901294708252
6663,616,kernelshap,0.13726686532127447,0.04115947695641682,0.9978971481323242
6664,2691,kernelshap,0.368662871722434,0.04833624028676265,0.9995947480201721
6665,2043,kernelshap,0.0958038342983595,0.06781147917666074,0.9951033592224121
6666,3188,kernelshap,0.46646859174827116,0.020486816242337228,0.9996837377548218
6667,2835,kernelshap,0.2297778194053815,0.05319636709128435,0.9997915625572205
6668,4211,kernelshap,0.03778592348098755,0.030405463774998982,0.9999293088912964
6669,917,kernelshap,0.27860871609300375,0.02220393531024456,0.9920033812522888
6670,4100,kernelshap,0.12627916233872788,0.22282374745441808,0.9977766871452332
6671,1162,kernelshap,0.24493335269209815,0.04986599978150391,0.9987475872039795
6672,3716,kernelshap,0.19895874448986942,0.020919488439726276,0.9998213648796082
6673,1248,kernelshap,0.024585446206534783,0.004819993565722209,0.9999306201934814
6674,828,kernelshap,0.09696231306867396,0.004637397350148952,0.9999380111694336
6675,2243,kernelshap,-0.046842330103484736,-0.007702636427336162,0.02579612098634243
6676,2902,kernelshap,0.11799962034905856,0.027458270519690693,0.9997243285179138
6677,337,kernelshap,0.16239027315989518,0.06037328908076653,0.9995959401130676
6678,2351,kernelshap,0.06761885419487954,0.04006697956472635,0.9995847344398499
6679,1959,kernelshap,0.1047982620075345,0.06481816992163658,0.9972550272941589
6680,3431,kernelshap,-0.4071292246953817,-0.02221854641243226,0.00036186506622470915
6681,4374,kernelshap,0.17641160952649554,0.10863933871899333,0.9994891881942749
6682,1102,kernelshap,0.14348733244520245,0.05925304826461908,0.9999380111694336
6683,1246,kernelshap,0.009106989492449844,0.0037313605609693027,0.9999332427978516
6684,1176,kernelshap,0.0737537701924642,0.020845430923832786,0.9998319149017334
6685,4579,kernelshap,0.012854833073086208,0.004561454719967313,0.9999203681945801
6686,3195,kernelshap,0.10714901589637842,0.20968134458834195,0.38375335931777954
6687,2790,kernelshap,0.12275618620216847,0.02357896663248539,0.9992958307266235
6688,3877,kernelshap,0.6134402774651313,0.11249027374599661,0.9914222359657288
6689,93,kernelshap,0.6261907344261661,0.021344734659028607,0.9984662532806396
6690,2795,kernelshap,0.7315448568064116,0.1340430103292739,0.892436146736145
6691,2317,kernelshap,0.08618035726249218,0.058109172535213555,0.9906683564186096
6692,385,kernelshap,0.12021544554071235,0.054731782563790986,0.9997519850730896
6693,913,kernelshap,0.13364012686140608,0.04979911536881418,0.9996331930160522
6694,693,kernelshap,0.36856200111409027,0.007287667443354924,0.9674268960952759
6695,3241,kernelshap,0.39618703252635895,0.04237217279151082,0.9992102384567261
6696,2471,kernelshap,0.15100444686047884,0.04644132846472215,0.9979719519615173
6697,311,kernelshap,0.05668489986433173,0.04650616716101484,0.9997581839561462
6698,334,kernelshap,0.5136092786352098,0.0033865312360367686,0.999934196472168
6699,861,kernelshap,0.009135970362910518,0.004321001194141529,0.9998906850814819
6700,1454,kernelshap,0.10517099789447254,0.02918917851315604,0.999445378780365
6701,2684,kernelshap,0.6522821663710825,0.019583389022440282,0.9997395873069763
6702,1224,kernelshap,0.6006206951671864,0.4986744806275613,0.6110888123512268
6703,2585,kernelshap,0.028852168394594778,0.016184100082942417,0.9999161958694458
6704,708,kernelshap,0.17427871684017388,0.03087382034763046,0.9994958639144897
6705,3141,kernelshap,0.006237514640973962,0.007408981737883195,0.9999386072158813
6706,38,kernelshap,0.16122287265815824,0.02539949913351041,0.9970207810401917
6707,2683,kernelshap,0.10896557415835559,0.058384867198765275,0.9997358918190002
6708,935,kernelshap,0.1772117422589538,0.14771904070310446,0.9997422099113464
6709,3339,kernelshap,0.06417997505353845,0.00533980131149292,0.9999347925186157
6710,1325,kernelshap,0.5503922360407751,0.02412698539190514,0.999762237071991
6711,2120,kernelshap,-0.02460382524512562,-0.0855992929918655,0.0098820636048913
6712,470,kernelshap,0.406181579310924,0.20932411566013243,0.9994279742240906
6713,3393,kernelshap,0.26881701398540186,0.008009330646411792,0.999913215637207
6714,1942,kernelshap,0.05833188568552335,0.003830994168917338,0.9999091625213623
6715,3371,kernelshap,0.38454824970621204,0.03488192872868644,0.9995042085647583
6716,1713,kernelshap,0.7325690974754727,-0.09483751816594083,0.7611915469169617
6717,160,kernelshap,0.009207290681925688,0.015169410543008284,0.9997265934944153
6718,1192,kernelshap,0.054067577421665194,0.00907464474439621,0.9999144077301025
6719,2161,kernelshap,0.0641411929517179,0.017813524684390507,0.9999277591705322
6720,3925,kernelshap,0.7582937122902788,0.02310011015258363,0.9990829229354858
6721,3619,kernelshap,0.2125944686787469,0.14071678638990437,0.9777315258979797
6722,4209,kernelshap,0.775327105457202,-0.012591049457207704,0.9586831331253052
6723,3524,kernelshap,0.25730615676097246,0.02996646272747413,0.9990906715393066
6724,353,kernelshap,0.09296293511074416,0.02058431696222753,0.999738872051239
6725,2548,kernelshap,0.07653967184679848,0.021789844724394027,0.9995682835578918
6726,4202,kernelshap,-0.09531470792634146,0.17007733482335294,0.6926886439323425
6727,1014,kernelshap,0.16234474647790192,0.06566169607368383,0.9995049238204956
6728,1200,kernelshap,0.08597703541404214,0.029812493008272403,0.9997790455818176
6729,4580,kernelshap,0.029226642791871673,0.0018419844132882576,0.9999163150787354
6730,3087,kernelshap,0.12891205373619283,0.05368891677686146,0.9995974898338318
6731,1305,kernelshap,0.6901037276780698,0.018579532392323017,0.994238018989563
6732,112,kernelshap,0.01588680036365986,0.01008346863090992,0.9998038411140442
6733,1853,kernelshap,0.33469561577746365,0.031675165349786934,0.9997662901878357
6734,4310,kernelshap,0.3235182867840279,0.10334602327540864,0.9997687935829163
6735,3873,kernelshap,0.21841183696922503,0.023184147320295636,0.9999330043792725
6736,4216,kernelshap,0.181896420230843,0.03679778462029853,0.9997439980506897
6737,14,kernelshap,-0.012577264624483445,-0.15176544119330013,0.7362715005874634
6738,3915,kernelshap,0.37807881172214236,0.05665171827588763,0.9788841009140015
6739,2387,kernelshap,0.14451120953474725,0.07416251948147658,0.9993690848350525
6740,533,kernelshap,0.9345495751047219,0.04848681230630193,0.9764451384544373
6741,3551,kernelshap,0.11793890209602458,0.05301237294250833,0.9994766116142273
6742,851,kernelshap,0.20139303007586437,0.02345052141357552,0.9997901320457458
6743,1418,kernelshap,0.19642674772624383,0.2596526002478704,0.9909952282905579
6744,3446,kernelshap,0.11871418948082821,0.02142062637469043,0.9997702240943909
6745,1318,kernelshap,0.09170967577533289,0.018063414164564827,0.9949485063552856
6746,677,kernelshap,0.05974860531943185,0.008591992514474052,0.9995980858802795
6747,3740,kernelshap,0.15254400111734867,0.04303609672933817,0.9996871948242188
6748,1317,kernelshap,0.6091378970094575,-0.2858747738550921,0.6237097382545471
6749,1072,kernelshap,0.9689870628513745,0.4734467075578868,0.9997788071632385
6750,4275,kernelshap,-0.17126690175500697,-0.3768918984307675,0.024295154958963394
6751,655,kernelshap,0.9744578967882513,0.04866740133227973,0.9970287680625916
6752,3128,kernelshap,0.21422984787240262,0.022406352729332155,0.9994780421257019
6753,3143,kernelshap,0.05786100625991821,0.018162707487742107,0.9999178647994995
6754,568,kernelshap,0.28439097707825045,0.07731365306036812,0.9994500279426575
6755,1871,kernelshap,0.14070668891072274,0.0076684728264808655,0.9999284744262695
6756,3956,kernelshap,0.09613555317951573,0.06910754357361132,0.9997894167900085
6757,121,kernelshap,0.2298410299159254,0.010962773646627153,0.9997743964195251
6758,3150,kernelshap,0.43135735396619723,0.021380484590063923,0.9997784495353699
6759,587,kernelshap,0.031410030829600796,0.00768195207302387,0.9999291896820068
6760,3061,kernelshap,0.29259563530130045,0.1207644122899795,0.9979548454284668
6761,3162,kernelshap,0.22539524113138518,0.03846721240767726,0.9997709393501282
6762,1254,kernelshap,0.0051609989135496075,0.0013077278291025469,0.9999192953109741
6763,2658,kernelshap,0.3068893865702,0.04353515344097259,0.9993662238121033
6764,163,kernelshap,0.6990909216949692,0.011324669633592879,0.9998517036437988
6765,1322,kernelshap,0.42465526201942966,0.014826955635156205,0.999629020690918
6766,4249,kernelshap,0.7025919645199213,-0.04219057597219944,0.8326014876365662
6767,360,kernelshap,0.2508058606782147,0.11302970182676349,0.9997087121009827
6768,1768,kernelshap,0.18544800488172836,0.002283027711904274,0.9999029636383057
6769,732,kernelshap,0.7908493012975668,0.1495681845272581,0.9986885190010071
6770,2671,kernelshap,0.42826221016203536,0.15919533243467068,0.9972802400588989
6771,691,kernelshap,0.1798358305885985,-0.17406889856667132,0.537680983543396
6772,79,kernelshap,0.16170089898837936,0.0998851149170487,0.9984980821609497
6773,2776,kernelshap,0.07605857207355174,0.025205250998789615,0.9995684027671814
6774,1053,kernelshap,0.23307095504566736,0.1284644505483847,0.998623251914978
6775,410,kernelshap,0.050618723034858704,0.019296914861913313,0.9997599720954895
6776,4367,kernelshap,0.3747797498390788,0.028116414944330852,0.9834858179092407
6777,1667,kernelshap,0.4663531615864486,0.03505334015935659,0.99955815076828
6778,3349,kernelshap,0.3315240296934332,0.11894724568618195,0.9982094764709473
6779,2672,kernelshap,0.5045475440494942,0.025211038011493103,0.9998984336853027
6780,4038,kernelshap,0.38498655380681157,0.17639058044428127,0.999718964099884
6781,4552,kernelshap,0.02820001126212232,0.02826867756598136,0.9998063445091248
6782,1542,kernelshap,0.05145442850735723,0.07687752321362495,0.9989033937454224
6783,1336,kernelshap,0.010179669249291513,0.006756278814054003,0.9999227523803711
6784,1519,kernelshap,0.36016123351426077,0.04347877032481707,0.9997904896736145
6785,1229,kernelshap,0.11608634868636727,0.07612797930836677,0.9993537068367004
6786,1968,kernelshap,0.15586217714007944,0.018729404391100008,0.9977643489837646
6787,4416,kernelshap,0.4572409231934631,0.023460407136825092,0.9992958307266235
6788,2109,kernelshap,0.6832923540162289,0.068801505949165,0.9996541738510132
6789,725,kernelshap,0.11708723931085496,0.03520479603182702,0.9994435906410217
6790,1134,kernelshap,-0.2538390454969236,-0.30692155357627643,0.24350415170192719
6791,101,kernelshap,0.3952430958312977,0.06989919653405315,0.9965853691101074
6792,4266,kernelshap,0.4726754411361938,0.03988625230484231,0.9994989633560181
6793,2253,kernelshap,0.30104213609145236,0.02230637272198995,0.999208390712738
6794,1269,kernelshap,0.008209145317475,0.0039126041034857435,0.9999366998672485
6795,2813,kernelshap,0.13668465316295625,0.05790758388383048,0.99965500831604
6796,193,kernelshap,0.3065769866877941,0.11773041026158766,0.9993638396263123
6797,1127,kernelshap,0.02508104089144114,0.03399868188677607,0.9997536540031433
6798,2871,kernelshap,0.30727323008383195,0.022982329311894208,0.9997450709342957
6799,3470,kernelshap,0.7174152247659068,0.14138993767632843,0.9930214285850525
6800,280,kernelshap,0.2170237822360114,0.02362577460314098,0.99970942735672
6801,1696,kernelshap,0.3647274868304117,0.027878254652023315,0.9990069270133972
6802,2623,kernelshap,0.16598120894696977,0.004603719711303711,0.9932789206504822
6803,2139,kernelshap,0.0731783216090306,0.09790400136262178,0.999329686164856
6804,3438,kernelshap,0.014298798008398577,0.00638621368191459,0.9999388456344604
6805,82,kernelshap,0.05455235958099365,0.014720835685729981,0.9998000264167786
6806,876,kernelshap,0.08619417332940632,0.2797463900858053,0.9615743160247803
6807,2719,kernelshap,0.043408579014717265,0.02093030734265104,0.9999428987503052
6808,2374,kernelshap,0.021015069986644545,0.014754209079240499,0.9995403289794922
6809,1569,kernelshap,0.6503677002784048,0.020480019298005612,0.999365508556366
6810,2416,kernelshap,0.3010677220178574,0.012755186607440313,0.9999324083328247
6811,3724,kernelshap,0.6222197719982692,0.06330954445792096,0.9975895881652832
6812,3511,kernelshap,0.8243844228610396,0.03548827100545168,0.9966631531715393
6813,4046,kernelshap,0.0724172457638714,0.07466064666018442,0.9979152083396912
6814,2132,kernelshap,0.10352769277312539,0.1270621890371496,0.9993273019790649
6815,2932,kernelshap,0.2162903095869457,0.06412042940364164,0.9991326928138733
6816,3414,kernelshap,0.18929725746775783,0.009924967621648035,0.9997473359107971
6817,1009,kernelshap,0.07931137448403894,0.013505694342822564,0.9999313354492188
6818,4171,kernelshap,0.1495073801133691,0.0208472762166,0.9999346733093262
6819,1439,kernelshap,0.44885400606661424,0.004013411852778221,0.9999344348907471
6820,3603,kernelshap,0.15484986896085184,0.09397067740386308,0.9997875094413757
6821,2680,kernelshap,0.10502756598825548,0.07315670812100757,0.9995542168617249
6822,4297,kernelshap,0.015182576009205409,0.0059566668101719445,0.999887228012085
6823,630,kernelshap,0.09345940599838892,0.03756970382399029,0.9997987151145935
6824,638,kernelshap,0.09087274429099314,0.03192680611692626,0.9995785355567932
6825,455,kernelshap,0.7140788664308159,0.041202658351431505,0.9885410666465759
6826,129,kernelshap,0.02043225235409207,0.010031346480051677,0.9999216794967651
6827,3544,kernelshap,0.39759389869868755,0.11025050151137969,0.9996554851531982
6828,2705,kernelshap,0.21397299892627275,0.011140942573547363,0.998616099357605
6829,4542,kernelshap,0.11236622571250644,0.025186526005045843,0.9994493126869202
6830,1736,kernelshap,0.14957506623533037,0.042576744600578594,0.9988632202148438
6831,1442,kernelshap,0.2599163601492963,0.024189884161076893,0.9989868998527527
6832,836,kernelshap,0.9194200222100335,0.02518546348437667,0.9957411289215088
6833,3713,kernelshap,0.030819197113697346,0.024836364082801037,0.9998024106025696
6834,963,kernelshap,-0.1368806554839529,-0.07290323910199041,0.1722792387008667
6835,3500,kernelshap,0.1544088875502348,0.03795523278415203,0.9985418319702148
6836,1386,kernelshap,0.1585749164223671,0.0235029561445117,0.9997828602790833
6837,3631,kernelshap,0.33544327964892195,0.08289749806328696,0.9996988773345947
6838,3220,kernelshap,0.07487561710763212,0.030838014302300473,0.999125063419342
6839,1920,kernelshap,0.09970238599283941,0.06257836642707217,0.9993933439254761
6840,3065,kernelshap,0.7998681716614074,0.025643404792336857,0.9984636306762695
6841,4122,kernelshap,0.17363182479335415,0.030083904343266642,0.9999406337738037
6842,2735,kernelshap,0.2292153108309404,0.0404555064372041,0.9997478127479553
6843,1441,kernelshap,0.07301153402243342,0.024200211146048138,0.9997524619102478
6844,860,kernelshap,0.16149160525211217,0.11945801253684542,0.9985270500183105
6845,930,kernelshap,0.007558776888736459,0.009133024271144423,0.9999330043792725
6846,2920,kernelshap,0.7299179763916376,0.011804874986410141,0.9837579131126404
6847,3073,kernelshap,0.12942457070144323,0.08867396933671373,0.9581029415130615
6848,2537,kernelshap,0.3108890389694887,0.05579700299045619,0.9997439980506897
6849,4582,kernelshap,0.31463908803899115,0.06502331902341145,0.9996926784515381
6850,173,kernelshap,0.015668291654159772,0.0007571889393365206,0.9984564781188965
6851,1056,kernelshap,0.5103268297877342,0.02704561718048588,0.9989043474197388
6852,2870,kernelshap,0.09951106968678926,0.05080890420236086,0.9997250437736511
6853,50,kernelshap,0.7288179980366424,0.05328464243627552,0.9988952875137329
6854,2560,kernelshap,0.08438685612800793,0.019285113383562136,0.999908447265625
6855,31,kernelshap,0.019272321148922567,0.07331043481826782,0.9997630715370178
6856,3419,kernelshap,0.04391948339786935,0.004015746268820256,0.9999228715896606
6857,3023,kernelshap,0.08101383215842485,0.08725300350747371,0.9997532963752747
6858,1433,kernelshap,0.40935892532732276,0.11566860760088826,0.998925507068634
6859,399,kernelshap,0.31381260231137276,0.014455712893429925,0.9999289512634277
6860,3793,kernelshap,0.047983439390858015,0.09374201678567462,0.9994363188743591
6861,3354,kernelshap,0.10481342952698469,0.053251875564455986,0.9999203681945801
6862,749,kernelshap,0.7819437149181405,0.3115362835427125,0.8262404203414917
6863,3479,kernelshap,0.13553843128940332,0.02180282253286113,0.9997844099998474
6864,3212,kernelshap,0.2701689452450309,0.12768513709306717,0.9915026426315308
6865,617,kernelshap,0.18100678307168624,0.008839104105444515,0.9999336004257202
6866,4442,kernelshap,0.1105240965500856,0.16103916023022088,0.9992184638977051
6867,2130,kernelshap,0.66155463155632,0.01741024601305353,0.9997063279151917
6868,283,kernelshap,0.44006409772804805,0.05974524021148682,0.9996964931488037
6869,4517,kernelshap,0.07923646980807894,0.07129148997011639,0.9997127652168274
6870,1217,kernelshap,0.16366593628797843,0.05792918582649335,0.9997401833534241
6871,55,kernelshap,0.39493184730721015,0.030585423360268274,0.999502420425415
6872,2038,kernelshap,0.4036897604486772,0.033024459811193604,0.9997771382331848
6873,1302,kernelshap,0.08534742426127195,0.07577798495979303,0.9997850060462952
6874,2767,kernelshap,0.09571242718292135,0.2883916994656569,0.6382457613945007
6875,1813,kernelshap,0.25459991873282456,0.04590602866981341,0.9982916712760925
6876,3881,kernelshap,0.5427880541731914,0.05196358346276813,0.9993495345115662
6877,434,kernelshap,0.17089530209015155,0.017293874559731318,0.9998668432235718
6878,115,kernelshap,0.07260217304740633,0.01566898077726364,0.9998924732208252
6879,2119,kernelshap,0.22151505782014944,0.0828420002803658,0.9998014569282532
6880,2923,kernelshap,0.05948234305662267,0.010563157937105964,0.999937891960144
6881,3392,kernelshap,0.33396071664713045,0.06697029123703639,0.9993243217468262
6882,1789,kernelshap,0.09551250512869854,0.06028444938502222,0.9997801184654236
6883,1103,kernelshap,0.030999810151431873,0.3628950219423606,0.9999274015426636
6884,348,kernelshap,0.05146385526115244,0.049318112432956696,0.8458763957023621
6885,4441,kernelshap,0.012126053080839269,0.0035445526534435795,0.9999092817306519
6886,78,kernelshap,0.06366928859993264,0.06649681594636705,0.9999380111694336
6887,3224,kernelshap,0.11633117993672688,0.008473724890977908,0.9999427795410156
6888,1821,kernelshap,0.36259801543372516,0.009843303876764634,0.9997754693031311
6889,1735,kernelshap,0.00623527225458397,0.0032625243348895377,0.9999364614486694
6890,2473,kernelshap,0.06963552707849546,0.0308034433874973,0.9999082088470459
6891,4204,kernelshap,0.4055991621974569,0.11086598172401771,0.9995266199111938
6892,3395,kernelshap,0.009035016809191023,0.009639246123177665,0.9998862743377686
6893,3405,kernelshap,0.9263444162252459,0.041342102629797796,0.9555742740631104
6894,1431,kernelshap,0.08446174025535584,0.0033883178234100342,0.9995425939559937
6895,2113,kernelshap,0.08783868708732454,0.0848596180704507,0.9997621178627014
6896,1294,kernelshap,0.10768280028702414,-0.41548574795114235,0.12968359887599945
6897,2798,kernelshap,-0.19705178655890954,-0.012149436071760849,0.012777583673596382
6898,4241,kernelshap,0.1801811770435322,0.05945503429786579,0.9996380805969238
6899,2697,kernelshap,0.03562756947108677,-0.0018515530086698987,0.9884060621261597
6900,735,kernelshap,0.07872577825951022,0.021830809324286705,0.999651312828064
6901,2398,kernelshap,0.21893405667780078,0.10505944271298016,0.9996328353881836
6902,1921,kernelshap,0.11285758688329504,0.03598043308235132,0.9974937438964844
6903,2454,kernelshap,0.11742465673608983,0.016639005313528344,0.9868724346160889
6904,2436,kernelshap,0.10146043361986384,0.2601026622989379,0.6879131197929382
6905,3313,kernelshap,0.10627282289383204,0.05566743372575096,0.9958451390266418
6906,2602,kernelshap,0.6350336998492774,0.031128303000801487,0.9996352195739746
6907,1378,kernelshap,0.5297414497922985,0.39715895034943616,0.9689615368843079
6908,4172,kernelshap,0.8016316897739025,0.03038512626963277,0.9946192502975464
6909,140,kernelshap,0.035325662085884495,0.017367184162139893,0.9997726082801819
6910,2482,kernelshap,0.45841859482144093,0.03834748488258232,0.9996614456176758
6911,2566,kernelshap,0.08262995740070063,0.027081345810609704,0.9996492862701416
6912,3043,kernelshap,0.05205484634300448,0.1321107454176219,0.9995561242103577
6913,2718,kernelshap,0.0714639350771904,0.05045067783641188,0.999789297580719
6914,1010,kernelshap,0.36475651001776843,0.026990497813505286,0.9994291663169861
6915,1516,kernelshap,0.4742193231608586,-0.2646858074170138,0.611278772354126
6916,1988,kernelshap,0.265153578866054,0.14941890011815465,0.999685525894165
6917,2942,kernelshap,0.40397529439950314,0.028321660048252827,0.9995535016059875
6918,3097,kernelshap,0.04728307530283928,0.06737327262759209,0.999742329120636
6919,151,kernelshap,0.19719963669776916,0.15949717044830322,0.9639233946800232
6920,2319,kernelshap,0.3321414004266262,0.07050248757004737,0.9901373386383057
6921,1373,kernelshap,0.7524758575018495,0.04401680427353557,0.9997658133506775
6922,1358,kernelshap,0.9095436854189151,0.048669354634411216,0.9988759160041809
6923,1873,kernelshap,0.9150693106716704,0.023153947775854784,0.9902647733688354
6924,2668,kernelshap,0.17933156112065682,0.007374021869439345,0.9999090433120728
6925,4357,kernelshap,0.9109256150141182,0.024985005928052438,0.9990045428276062
6926,62,kernelshap,0.29672274655765957,0.004254143767886692,0.999931812286377
6927,1795,kernelshap,0.0821842376528115,0.03550137219757869,0.9999234676361084
6928,1000,kernelshap,0.02658376367945297,0.018929050030077204,0.9997530579566956
6929,3679,kernelshap,0.11290259992605761,0.024311859552797518,0.9997993111610413
6930,1850,kernelshap,0.5384788475930691,0.03128628895200532,0.998589813709259
6931,2825,kernelshap,0.3471784551556294,0.03894015917411217,0.9998986721038818
6932,3964,kernelshap,0.24274306371808052,0.038233352251924,0.999750554561615
6933,1625,kernelshap,0.021219389779227122,0.008936102049691336,0.9999339580535889
6934,1313,kernelshap,0.7336214149117415,0.11074584437643781,0.9997521042823792
6935,4320,kernelshap,0.06077582932807304,0.007226468743504705,0.9997965693473816
6936,2166,kernelshap,0.369860417499416,0.08605950215964445,0.9997931122779846
6937,2184,kernelshap,0.49185460102226997,0.0882715473158492,0.9955392479896545
6938,4148,kernelshap,0.05553049511379666,0.008993461728096008,0.9999343156814575
6939,300,kernelshap,0.1947701013963318,0.034686843601037874,0.9997203946113586
6940,339,kernelshap,0.13947513067562664,0.05446227486910565,0.9997205138206482
6941,2220,kernelshap,0.1682059640550743,0.12172894244608672,0.9997548460960388
6942,1587,kernelshap,0.08937248960137367,0.013459434732794762,0.9998394250869751
6943,4410,kernelshap,0.06939550530579355,0.16596852979726262,0.9997898936271667
6944,3009,kernelshap,0.13776425414663904,0.02308403817461986,0.9995825886726379
6945,4314,kernelshap,0.6085583519859191,0.023588802760992296,0.9995521903038025
6946,2236,kernelshap,0.17072423354427263,-0.015640482306480408,0.8126024603843689
6947,3837,kernelshap,0.11029457946618398,0.0781481812397639,0.999776303768158
6948,2512,kernelshap,0.08279144662715819,0.13023041577442832,0.9997861981391907
6949,4272,kernelshap,0.09195037797475472,0.11864071243848556,0.9996488094329834
6950,2294,kernelshap,0.120826080574521,0.1692432652626719,0.9994392991065979
6951,3416,kernelshap,0.2586543227945055,0.05956667491367885,0.9999258518218994
6952,3694,kernelshap,0.09975306635222785,0.071891349445029,0.9976987242698669
6953,108,kernelshap,-0.623146574050188,-0.19096381434239448,0.23390141129493713
6954,3795,kernelshap,0.7191499393097022,0.20121081098914145,0.996711254119873
6955,3228,kernelshap,0.25497316442271495,0.07449200670135782,0.9996755123138428
6956,4327,kernelshap,0.005692017078399658,0.024434275097317167,0.9999361038208008
6957,4444,kernelshap,0.15427615866065025,0.02530987661045331,0.9992326498031616
6958,932,kernelshap,0.7418741406008573,0.03059075144825108,0.9995693564414978
6959,3245,kernelshap,0.820010767527856,0.02477628644555807,0.9996263980865479
6960,1037,kernelshap,0.01140504659608353,0.042970140312993246,0.999936580657959
6961,3070,kernelshap,0.04825927599056347,0.012416398203050768,0.9999281167984009
6962,507,kernelshap,0.03514418611302972,0.05396180972456932,0.99973064661026
6963,1983,kernelshap,0.04772436221440633,0.006600843535529243,0.9999369382858276
6964,635,kernelshap,0.4070691114664078,0.034629449248313904,0.9995065927505493
6965,102,kernelshap,0.15687445038929582,0.07959655858576298,0.9962306618690491
6966,2618,kernelshap,0.13532897588369008,0.04954765555826393,0.999721109867096
6967,2452,kernelshap,0.05690708773003684,0.022295177810721926,0.9994428753852844
6968,2433,kernelshap,0.020571148141901544,0.00109275351179407,0.9952096343040466
6969,2955,kernelshap,0.12090288838132834,0.0949214070271223,0.9993991851806641
6970,4406,kernelshap,0.17411452830076865,0.0016050072652953012,0.9999321699142456
6971,146,kernelshap,0.37120560702557365,0.05995960099001726,0.9929821491241455
6972,2277,kernelshap,0.5891660521319136,0.032525005340576174,0.9987791180610657
6973,628,kernelshap,0.2068850806643886,0.028756158967171947,0.9996241331100464
6974,4147,kernelshap,0.10770775576432547,0.026651817560195922,0.9977594614028931
6975,2488,kernelshap,0.6640456669841541,0.2634548081123099,0.7708569765090942
6976,4587,kernelshap,0.37120946259661153,0.050049691489248566,0.9977166652679443
6977,624,kernelshap,0.8860706510905433,0.24535238913035598,0.9758737683296204
6978,1402,kernelshap,0.14029810303135923,0.011967177453793977,0.9999257326126099
6979,1547,kernelshap,0.546481441966323,0.04562801798415739,0.9995481371879578
6980,1680,kernelshap,0.4629872209392488,0.008529196679592132,0.9995798468589783
6981,2779,kernelshap,0.1643999410527093,0.02256312043893905,0.9997870326042175
6982,3616,kernelshap,0.2928166116883115,-0.023601091853002222,0.9381188154220581
6983,3676,kernelshap,0.02239229381084442,0.00729811042547226,0.9999200105667114
6984,2004,kernelshap,0.06997090272414379,0.009546237114148263,0.9987618923187256
6985,2141,kernelshap,0.21615329172416795,0.04142953328243116,0.999660849571228
6986,4045,kernelshap,0.26428719121834326,0.01623551187844112,0.9999228715896606
6987,1761,kernelshap,0.09015230874757509,0.011129103802345894,0.9999334812164307
6988,266,kernelshap,-0.09478335908135853,0.1551090311038786,0.5002744197845459
6989,4195,kernelshap,0.5731516024023493,0.0574175534730262,0.9997265934944153
6990,1808,kernelshap,0.06347040875869639,0.04974898454897544,0.9724524021148682
6991,3786,kernelshap,0.3343661570168556,0.07177799416983381,0.9997901320457458
6992,3199,kernelshap,0.1570103387037913,0.016678321361541747,0.9999377727508545
6993,2619,kernelshap,0.1884821920567548,0.026537803726063833,0.9995806813240051
6994,2459,kernelshap,0.11979851867495613,0.2751017997436451,0.9987064599990845
6995,3187,kernelshap,0.1534596248106523,0.026162734763188797,0.999652624130249
6996,4531,kernelshap,0.15679652290418744,0.07868684933055192,0.9996719360351562
6997,4355,kernelshap,0.06821411902395387,0.059280342276906595,0.9996660947799683
6998,2725,kernelshap,0.02378995344042778,0.2726303542452945,0.9163215160369873
6999,4573,kernelshap,0.06951206922531128,0.046664211994562395,0.9999277591705322
7000,1913,occlusion_1,0.01630376329024633,0.05848253866036733,0.9640464782714844
7001,4550,occlusion_1,-0.013282252594763122,-0.004367550195638614,0.001997587503865361
7002,4424,occlusion_1,0.23373227546343933,0.046601372393401896,0.9999350309371948
7003,3802,occlusion_1,0.42230418510735035,0.0027884340712002347,0.999940037727356
7004,3867,occlusion_1,0.08370577416249685,0.05352843339954104,0.9994820952415466
7005,2557,occlusion_1,0.04608518476871883,0.04727574810385704,0.9273993372917175
7006,2097,occlusion_1,0.15827207826077938,0.04421323671374681,0.9994489550590515
7007,3546,occlusion_1,0.8539482197828515,0.046773971188380274,0.9813790321350098
7008,2808,occlusion_1,0.018599157270632292,0.03904926620031658,0.9999333620071411
7009,893,occlusion_1,0.06667951254521386,0.08963323877019397,0.999656081199646
7010,674,occlusion_1,0.21976158767938614,0.09343480318784714,0.9997472167015076
7011,4329,occlusion_1,0.2200384610440842,0.11417729634423415,0.9996517896652222
7012,518,occlusion_1,0.16137293367305908,0.021895811325166284,0.999688982963562
7013,3071,occlusion_1,0.12186631113290787,0.0074788093566894535,0.9998984336853027
7014,1449,occlusion_1,0.11078508634392809,0.0592633522138363,0.9992088675498962
7015,2475,occlusion_1,0.09450101447494133,0.03424054270853167,0.9996045231819153
7016,2224,occlusion_1,0.3225673547014594,0.04372418466955423,0.9989407658576965
7017,3008,occlusion_1,0.21564379176023699,0.06654143373927345,0.9734869599342346
7018,2799,occlusion_1,0.05220732765813028,0.08577206826979114,0.9994932413101196
7019,3455,occlusion_1,0.7994124640929786,0.03893252067706164,0.9956005811691284
7020,2715,occlusion_1,0.017379270043484,0.004938455515129622,0.9999409914016724
7021,1799,occlusion_1,0.15404083001881075,0.04365301533387257,0.9995501637458801
7022,1476,occlusion_1,0.03793593198060989,0.02053416669368744,0.9999101161956787
7023,3045,occlusion_1,-0.46074006010741486,-0.1995417049742843,0.0033377408981323242
7024,191,occlusion_1,0.04103930043626805,0.04906997867688841,0.9994246959686279
7025,1612,occlusion_1,0.41452569345575435,0.03698762714169746,0.9993771910667419
7026,3501,occlusion_1,0.007194018363952637,0.001987130443255107,0.999932050704956
7027,2706,occlusion_1,0.02108923461702135,0.004501885837978787,0.9999209642410278
7028,788,occlusion_1,0.19564587079189918,0.08383730376088941,0.9998164772987366
7029,2721,occlusion_1,-0.12801128310775312,-0.1629985501834502,0.03670880198478699
7030,2543,occlusion_1,0.013503536581993103,0.047838132828474045,0.9998431205749512
7031,4425,occlusion_1,0.15786261681932956,0.09539262477846933,0.9983136653900146
7032,4154,occlusion_1,0.0013816123828291893,0.0075078364461660385,0.9999288320541382
7033,169,occlusion_1,0.1730903976729938,0.024602974312646048,0.9956911206245422
7034,1657,occlusion_1,0.0114545077085495,0.005168994719331915,0.9999197721481323
7035,3040,occlusion_1,0.01897083458147551,0.05398087811313177,0.9999281167984009
7036,269,occlusion_1,0.18487905613260297,0.0930632946149605,0.9997387528419495
7037,1775,occlusion_1,0.011972058903087269,0.021368294954299927,0.9999408721923828
7038,3229,occlusion_1,0.7128890402660624,0.02075541246196498,0.9996691942214966
7039,4496,occlusion_1,-0.20492324130288486,0.19611107530714622,0.5336947441101074
7040,1064,occlusion_1,0.20350391253135924,0.10132910393525002,0.9995169639587402
7041,4134,occlusion_1,0.7569113847868586,0.031017401704081782,0.9993343949317932
7042,4000,occlusion_1,0.07787160863799433,0.1166490890806721,0.9998181462287903
7043,609,occlusion_1,-0.0133168508071793,-0.010296006504547593,8.936723315855488e-05
7044,2710,occlusion_1,0.04169058601061503,0.10670305577417215,0.999342143535614
7045,3460,occlusion_1,0.1615162368765787,0.09413035445552516,0.9992105960845947
7046,1803,occlusion_1,0.715689291017638,0.02721275253729387,0.9879414439201355
7047,1918,occlusion_1,0.13576553731548544,0.01572938841216418,0.9999196529388428
7048,3197,occlusion_1,0.5923215045593679,0.29116518577793615,0.7165399193763733
7049,1737,occlusion_1,0.19110789691860025,0.11560798656534065,0.9996875524520874
7050,4435,occlusion_1,0.0265709601862486,0.07784410254206768,0.9702183604240417
7051,3750,occlusion_1,0.7184074110330336,0.03265653652223674,0.9977245926856995
7052,3966,occlusion_1,0.07135403573513031,0.12989506334066392,0.999671459197998
7053,365,occlusion_1,0.06568763920560826,0.03936425631129464,0.9997536540031433
7054,4053,occlusion_1,0.007716278235117595,0.0055708717077206345,0.9999328851699829
7055,2066,occlusion_1,0.03314437838487847,0.08141453600986752,0.9999006986618042
7056,1852,occlusion_1,0.2873365260106889,0.04260309785604477,0.9996596574783325
7057,2703,occlusion_1,0.4503151502679376,0.011578558122410494,0.9998611211776733
7058,487,occlusion_1,0.09255897232464382,0.02728530594280788,0.9997428059577942
7059,4055,occlusion_1,0.005056745062271754,0.019317370528976124,0.9999164342880249
7060,4475,occlusion_1,0.07957217537869628,0.18388784755258641,0.996290922164917
7061,3348,occlusion_1,0.1496398743862907,0.10571145933742325,0.9995805621147156
7062,351,occlusion_1,0.49312949550681207,0.06727831653858486,0.9996340274810791
7063,2509,occlusion_1,0.13845947865516908,0.0110632142712993,0.9999287128448486
7064,4030,occlusion_1,0.2350558639591327,0.048742772080004215,0.9999308586120605
7065,1650,occlusion_1,0.00751275342443715,0.006147139746209849,0.9999227523803711
7066,2653,occlusion_1,0.0038847855801852245,0.008944699224436059,0.9995224475860596
7067,4285,occlusion_1,0.41361333802342415,0.15793999742345477,0.9999098777770996
7068,1468,occlusion_1,0.1997269329149276,0.03209753567352891,0.9996987581253052
7069,2998,occlusion_1,0.3377152165398002,0.013651756942272187,0.9999412298202515
7070,1270,occlusion_1,-0.2510112812742591,0.28589994311187183,0.3821588456630707
7071,297,occlusion_1,0.14551996222386757,0.03734063729643822,0.9994295239448547
7072,2019,occlusion_1,0.2007924236909107,0.025194519095950656,0.9999343156814575
7073,629,occlusion_1,0.21271268673421395,0.1830627236575369,0.9994656443595886
7074,1944,occlusion_1,0.027781630733183453,0.045542705937155654,0.9997997879981995
7075,953,occlusion_1,0.05406831753881354,0.009446664860374048,0.9999110698699951
7076,466,occlusion_1,0.3459579520858824,0.04245305806398392,0.9998910427093506
7077,2200,occlusion_1,0.729914698124681,0.40821389971761557,0.8480513691902161
7078,728,occlusion_1,0.17182925004850735,0.005736006931825118,0.9999403953552246
7079,3376,occlusion_1,0.0642300784718572,0.019275749004200884,0.9968926310539246
7080,4549,occlusion_1,0.16372233230707256,0.10326410665415055,0.996188223361969
7081,72,occlusion_1,0.41487408309213575,0.24960624310563528,0.9978064894676208
7082,4,occlusion_1,0.1043324841067512,0.05975345652946766,0.9996585845947266
7083,1098,occlusion_1,0.22335719679658478,0.10967264666750624,0.9995033740997314
7084,2726,occlusion_1,0.06230773314833641,0.024421324580907823,0.9997115731239319
7085,2921,occlusion_1,0.12157790256398064,0.00474098040944054,0.9999171495437622
7086,2531,occlusion_1,0.04189189426276995,0.050530258080233696,0.9999303817749023
7087,2614,occlusion_1,0.011668092781497587,0.0015896731807339575,0.9999135732650757
7088,2434,occlusion_1,0.5827889732518715,-0.09663895536856405,0.8290476202964783
7089,3111,occlusion_1,0.27547869831323624,0.037038043749575714,0.9962059259414673
7090,3615,occlusion_1,0.2779497951944021,0.018545970968578174,0.9993610978126526
7091,3063,occlusion_1,0.0751050803810358,0.057698424556292593,0.9996111989021301
7092,1385,occlusion_1,0.07733401142888599,0.2032169976996051,0.9997604489326477
7093,128,occlusion_1,-0.5853670160405529,-0.171175805804057,0.03106658160686493
7094,1030,occlusion_1,0.21536885648034512,0.08894958203658461,0.9984509944915771
7095,16,occlusion_1,-0.05505727291107178,0.0618191925684611,0.9398430585861206
7096,670,occlusion_1,0.24469594205870773,0.14057062622724156,0.9995827078819275
7097,3743,occlusion_1,0.34104251190153667,0.021712204051572224,0.9997292160987854
7098,2202,occlusion_1,0.09914591908454895,0.0377726121697315,0.9857751131057739
7099,1615,occlusion_1,0.06570530501313698,0.10815115475979371,0.9997183680534363
7100,1558,occlusion_1,0.02220633625984192,0.010371024792010967,0.9999116659164429
7101,3953,occlusion_1,0.2546186994728741,0.6035427529351964,0.7810810804367065
7102,304,occlusion_1,0.3156491683832571,0.024505915448946113,0.9994953870773315
7103,4004,occlusion_1,0.3579181379724392,0.06523659276334863,0.9999371767044067
7104,4547,occlusion_1,0.677155124586682,0.02569628541552743,0.9993477463722229
7105,1247,occlusion_1,0.07237176232039928,0.03373335413634777,0.9946687817573547
7106,3136,occlusion_1,0.1582426248739163,0.08482780887020959,0.9997362494468689
7107,1220,occlusion_1,0.12032512683225305,0.017802708635204716,0.9997267127037048
7108,3261,occlusion_1,0.7530985012547009,0.008776565392812094,0.9999014139175415
7109,1611,occlusion_1,0.07873050811199042,0.12070883910816449,0.9982717037200928
7110,1181,occlusion_1,0.05532826309402784,0.04447228800919321,0.9996659755706787
7111,2797,occlusion_1,-0.20470345625577274,-0.01670094591693334,0.00019225910364184529
7112,610,occlusion_1,0.14434626713258827,0.035591944870425433,0.999693751335144
7113,3751,occlusion_1,-0.02753939637632081,0.1944617822512307,0.7975795269012451
7114,2248,occlusion_1,0.2490632769962152,0.03620131886922396,0.9996805191040039
7115,99,occlusion_1,0.049204665579293906,0.21113231033086777,0.9995905756950378
7116,3781,occlusion_1,0.008592566377238223,0.06882281130866001,0.9999294281005859
7117,225,occlusion_1,0.7028934483588434,0.042181996738209444,0.9999325275421143
7118,2103,occlusion_1,0.03315756945974297,0.025522477717863187,0.9996618032455444
7119,2836,occlusion_1,0.10276463139438774,0.1334201686265992,0.9986333250999451
7120,2924,occlusion_1,0.004413812625698927,0.16593306734249358,0.9999192953109741
7121,2859,occlusion_1,-0.6677518443149679,0.024240185569985497,0.18755033612251282
7122,2782,occlusion_1,0.420597307336254,0.18648842192982182,0.9990673661231995
7123,515,occlusion_1,0.08597145289988131,0.034042945987469445,0.9999377727508545
7124,1951,occlusion_1,0.1814818317309404,0.07207454998905842,0.995648205280304
7125,3869,occlusion_1,0.22844706271878548,0.14873235734283097,0.9993947744369507
7126,2263,occlusion_1,0.4305486763742837,0.04700237557743535,0.9874914884567261
7127,4006,occlusion_1,0.13527973803381124,0.029682885544995468,0.9417631030082703
7128,4522,occlusion_1,0.21173203012181652,0.06917978699008624,0.9997182488441467
7129,2137,occlusion_1,0.01681096264810273,0.05018045595197967,0.9998064637184143
7130,3673,occlusion_1,0.22233076410297797,0.08969141292508762,0.9996435642242432
7131,1707,occlusion_1,-0.21229736653289624,0.0763772148472656,0.20612700283527374
7132,314,occlusion_1,0.005132529017043441,0.02507038557366149,0.9999315738677979
7133,1924,occlusion_1,0.8144361574614541,0.04418292614044966,0.9259030222892761
7134,2247,occlusion_1,0.09511751903309709,0.1595397178652569,0.9933045506477356
7135,3901,occlusion_1,0.08656485326761423,0.0547528104033581,0.9995620846748352
7136,1847,occlusion_1,0.4587475657463074,0.04806489836085926,0.9998868703842163
7137,1725,occlusion_1,0.0074245180839147325,0.06380141239899856,0.9999393224716187
7138,3547,occlusion_1,-0.11765031251988764,-0.007317416655320314,0.002863348228856921
7139,4558,occlusion_1,0.13360972553491593,0.023314000831709966,0.9996986389160156
7140,3403,occlusion_1,0.1789417365922573,0.04520423575601679,0.9991374015808105
7141,3007,occlusion_1,0.2999274371022528,0.3953036786141721,0.98827064037323
7142,2961,occlusion_1,0.11024306248873472,0.04957450181245804,0.9993306398391724
7143,3591,occlusion_1,0.34358228039106026,0.11380910961066976,0.9997499585151672
7144,571,occlusion_1,0.09875507410615683,0.11173045122995973,0.9991412162780762
7145,4041,occlusion_1,0.09667312043408553,0.0663055118587282,0.9997161030769348
7146,2629,occlusion_1,0.04487754936729159,0.07570856366129149,0.9997896552085876
7147,3121,occlusion_1,0.2941909746520899,0.053902102295647965,0.9996071457862854
7148,2701,occlusion_1,0.13141265416214631,0.052296666558398756,0.9986948370933533
7149,3101,occlusion_1,0.10122242238786486,0.1136554816254863,0.9994015693664551
7150,1863,occlusion_1,0.1417028036187677,0.0354101324782652,0.9998990297317505
7151,2908,occlusion_1,0.013436492099318393,0.004620740580004315,0.9999340772628784
7152,4456,occlusion_1,0.27616966515779495,0.15807417729361492,0.9922770261764526
7153,3230,occlusion_1,0.15984002142571485,0.09784911909642127,0.999098539352417
7154,2399,occlusion_1,0.8582616486145478,0.08399780954871523,0.9969344139099121
7155,3447,occlusion_1,0.03819427341222763,0.009918327629566192,0.9999314546585083
7156,1522,occlusion_1,0.31104909261745034,0.026677946249643963,0.9997768998146057
7157,3295,occlusion_1,0.06702061202377081,0.16115849278867245,0.9882568717002869
7158,495,occlusion_1,0.2549507197874941,0.009877187641043412,0.9994595646858215
7159,317,occlusion_1,0.18005385046016495,0.06748262950974815,0.9997891783714294
7160,4319,occlusion_1,0.03636074860890706,0.00995336373647054,0.9999147653579712
7161,2583,occlusion_1,0.5804117283473412,0.39210587218403814,0.8274156451225281
7162,4536,occlusion_1,0.3509591161499783,0.04975850135087967,0.9978781938552856
7163,551,occlusion_1,0.1709777344747082,0.10163733508923779,0.9997945427894592
7164,950,occlusion_1,0.0958936503438022,0.019002840051363254,0.9994804263114929
7165,2681,occlusion_1,0.8192676567555897,0.008424977998475771,0.9999220371246338
7166,1720,occlusion_1,0.10138342055407437,0.006666744297200983,0.9999356269836426
7167,3845,occlusion_1,0.03213469684123993,0.05196567177772522,0.9999325275421143
7168,1653,occlusion_1,0.4365471785189584,0.09276705579832197,0.9996042847633362
7169,1475,occlusion_1,0.29095235451808177,0.027349777137621854,0.9997835755348206
7170,826,occlusion_1,0.10946766819272723,0.025795779483658927,0.9995926022529602
7171,2235,occlusion_1,0.30172626932079977,0.05746870315991915,0.999569833278656
7172,1061,occlusion_1,0.04709037341177463,0.057256209030747414,0.9787567257881165
7173,2353,occlusion_1,0.08905185087054383,0.00420530169617896,0.9999254941940308
7174,2771,occlusion_1,0.054718423830835444,0.01636859460880882,0.9999061822891235
7175,3467,occlusion_1,0.30022360167994694,0.17900218132480578,0.9314789772033691
7176,1672,occlusion_1,0.020547971532151505,0.021953616593335126,0.9999165534973145
7177,4093,occlusion_1,0.7528434606062041,0.07002675748533672,0.9991058707237244
7178,2772,occlusion_1,0.1625035209581256,0.0529738028999418,0.9991812109947205
7179,1352,occlusion_1,0.04496598574850294,0.010804775688383315,0.9998832941055298
7180,1168,occlusion_1,0.0125560077753934,0.0084356427192688,0.9999322891235352
7181,1928,occlusion_1,0.2379451839460267,0.11066192471318775,0.9986489415168762
7182,2714,occlusion_1,-0.5241365505754948,0.010286715663969517,0.11479184031486511
7183,3211,occlusion_1,0.17180164643498355,0.025933191873306453,0.9995595812797546
7184,4227,occlusion_1,0.11301374082502566,0.04964377221308256,0.9997430443763733
7185,2379,occlusion_1,0.46715895204106345,0.007367876172065735,0.9999288320541382
7186,3649,occlusion_1,0.9195616269674954,0.07836512132651276,0.9995450377464294
7187,3624,occlusion_1,0.047637631253498354,0.013908726413075516,0.9999358654022217
7188,3790,occlusion_1,0.8481325335835325,0.004527997463307482,0.999904990196228
7189,1898,occlusion_1,0.047402408151399525,0.051529180435907276,0.9999339580535889
7190,1664,occlusion_1,0.2000168714378225,0.14028008684123816,0.9989643096923828
7191,3412,occlusion_1,0.01576049585600157,0.02541734399022283,0.9999347925186157
7192,4179,occlusion_1,0.2103904366493225,0.057104974736769995,0.9941614270210266
7193,32,occlusion_1,0.15388628955070788,0.03871197683306841,0.9821522831916809
7194,1218,occlusion_1,0.008662389948012982,0.029943183381506738,0.9999226331710815
7195,2565,occlusion_1,0.011777494488091305,0.001974989627969676,0.9999243021011353
7196,2385,occlusion_1,0.5844325661659241,0.0037470734119415283,0.9999302625656128
7197,2592,occlusion_1,0.4803100253854479,0.12007614180578717,0.9977458119392395
7198,3443,occlusion_1,0.004013578097025554,0.0563036169235905,0.9997656941413879
7199,3365,occlusion_1,0.2072188438553559,0.10852336491409101,0.9999244213104248
7200,338,occlusion_1,0.8932250123103395,0.023667383154756146,0.9987408518791199
7201,1346,occlusion_1,0.18500860614909065,0.2496476744612058,0.9936249256134033
7202,4523,occlusion_1,0.04957502121450724,0.14448691033585756,0.9980921149253845
7203,4054,occlusion_1,0.453913850151881,0.10142781444877949,0.9510001540184021
7204,1577,occlusion_1,0.09614977082039447,0.06891738250851631,0.9997733235359192
7205,1123,occlusion_1,0.11192809006329192,0.10804873860852662,0.9992254972457886
7206,3777,occlusion_1,-0.2934410363255489,-0.01887878712589173,0.03357516974210739
7207,752,occlusion_1,0.017978288557218468,0.021786539450935696,0.9999350309371948
7208,681,occlusion_1,0.2713069834492423,0.043531365184621376,0.9996629953384399
7209,4433,occlusion_1,0.22117221522095956,0.07132239404477571,0.999805748462677
7210,1904,occlusion_1,0.20038009822243252,-0.19403385792303687,0.4504333734512329
7211,2342,occlusion_1,0.08392991847833808,0.062277330123648354,0.99979168176651
7212,2364,occlusion_1,0.012174959887157787,0.04534990679134022,0.9999332427978516
7213,778,occlusion_1,0.5927347831321501,0.10292716914693177,0.9087198972702026
7214,3001,occlusion_1,0.3665647979571738,0.09640709825114092,0.9997116923332214
7215,3200,occlusion_1,0.22200261674037106,0.08322486477462869,0.9997715353965759
7216,3921,occlusion_1,0.2266651157219455,0.020281289756860374,0.9997405409812927
7217,3545,occlusion_1,0.37616343971560984,0.05732652829850421,0.961864173412323
7218,542,occlusion_1,0.032008952753884455,0.08843945179666791,0.9996552467346191
7219,2272,occlusion_1,0.17247233274910184,0.020217110547754498,0.9994385838508606
7220,391,occlusion_1,0.5775216126389671,0.06655567142654929,0.9939079284667969
7221,1979,occlusion_1,-0.8207811400294304,-0.028328708831686526,0.08030615746974945
7222,1150,occlusion_1,0.5119913612988967,0.08125450229272246,0.9544633030891418
7223,149,occlusion_1,0.009003181116921562,0.017765142236437118,0.9999338388442993
7224,2570,occlusion_1,0.7881302761515575,0.02980299823378262,0.9997407793998718
7225,927,occlusion_1,0.2104486564972571,0.1443659821525216,0.9993878602981567
7226,4017,occlusion_1,0.02191832029458248,0.05925266489838109,0.9998778104782104
7227,1398,occlusion_1,0.3259490831554228,0.04055771622441563,0.9997422099113464
7228,3635,occlusion_1,0.06844480419974952,0.06635020362834136,0.9997974038124084
7229,505,occlusion_1,0.035750679431423064,0.06269214710881633,0.9999276399612427
7230,3423,occlusion_1,0.6603161368328028,0.11073532796058899,0.9711435437202454
7231,3247,occlusion_1,0.22757869213819504,0.1320161076146178,0.9999269247055054
7232,1895,occlusion_1,0.5482081938308612,0.02766310837533739,0.9992431402206421
7233,2286,occlusion_1,0.1645694084714965,0.026203339440482004,0.9997827410697937
7234,4232,occlusion_1,0.3755094234107269,0.047026135234369174,0.9912011623382568
7235,2595,occlusion_1,0.10287000735600789,0.037722524255514145,0.999797523021698
7236,1770,occlusion_1,0.12271682756978113,0.008826194582758722,0.9999250173568726
7237,1267,occlusion_1,0.20162285822725884,0.08941166283506335,0.9974930286407471
7238,3124,occlusion_1,-0.04261009033882257,-0.4175177317564235,0.02968371845781803
7239,2125,occlusion_1,0.1798301569319197,0.025699658230656668,0.9993288516998291
7240,1659,occlusion_1,0.21293439641594886,0.048296513737477655,0.9995197057723999
7241,2909,occlusion_1,0.04963051415979862,0.043978989496827124,0.9995369911193848
7242,1765,occlusion_1,0.16241262503899634,0.111053800676018,0.9996777772903442
7243,1560,occlusion_1,0.6939203985473759,0.04387892881522373,0.7586172223091125
7244,2967,occlusion_1,0.018236501349343195,0.030260938737127516,0.9999127388000488
7245,1416,occlusion_1,0.11955720383454771,0.02704836822607938,0.9996176958084106
7246,1630,occlusion_1,0.1200799104890653,0.052954310817377906,0.9992948770523071
7247,449,occlusion_1,0.07445832272601682,0.022569781992324563,0.9996140599250793
7248,152,occlusion_1,0.5891602515805302,0.02907415085806037,0.9958680868148804
7249,211,occlusion_1,0.556856683114477,0.03935789742640087,0.9996917247772217
7250,2032,occlusion_1,0.17470071917133673,0.036544334226553996,0.9982683658599854
7251,902,occlusion_1,0.27312916116072583,0.059393817224563696,0.9995760321617126
7252,3436,occlusion_1,0.5094942059854407,0.046958716641833535,0.9944562315940857
7253,3198,occlusion_1,0.12930851340293884,0.0922473718225956,0.9997273087501526
7254,57,occlusion_1,-0.44433616316662383,-0.0693114057290726,0.3667914569377899
7255,3164,occlusion_1,0.004020934011421951,0.041787408146203735,0.9999340772628784
7256,4303,occlusion_1,-0.5141698434766867,-0.019414381059369646,0.001042672898620367
7257,1927,occlusion_1,0.17408163100481033,0.07624315056535932,0.999768078327179
7258,3206,occlusion_1,0.26789443386164874,0.1350383915107798,0.9999173879623413
7259,3388,occlusion_1,0.3065859839235517,0.3436291369778866,0.9987599849700928
7260,816,occlusion_1,0.037123918533325195,0.020370556662480038,0.9999394416809082
7261,3284,occlusion_1,0.04442201633202402,0.025171769292731034,0.9999366998672485
7262,2765,occlusion_1,0.6995288429495233,0.01931876753671811,0.9997808337211609
7263,3970,occlusion_1,0.036813900658958836,0.008770090968985306,0.9998588562011719
7264,885,occlusion_1,0.07572728380222213,0.057462471537292004,0.9996283054351807
7265,249,occlusion_1,0.5376117037188622,0.1793131861955889,0.9996722936630249
7266,2203,occlusion_1,0.2727815754577874,0.030654808387477347,0.9986516833305359
7267,3115,occlusion_1,0.21396900204623617,0.01463686111496716,0.9999405145645142
7268,2341,occlusion_1,0.013957404813101126,0.022067621696827022,0.999940037727356
7269,4132,occlusion_1,0.41732436701774,0.06184627291447711,0.952293336391449
7270,1781,occlusion_1,0.014346964657306671,0.012782527754704157,0.999897837638855
7271,4488,occlusion_1,0.1395608936841397,0.005175809497418611,0.9999198913574219
7272,44,occlusion_1,0.08610936540823716,0.05655455627502539,0.9997947812080383
7273,2390,occlusion_1,0.36952714311579865,0.037653197844823204,0.9996523857116699
7274,286,occlusion_1,0.19352688970552248,0.10386230203915726,0.9993798732757568
7275,1094,occlusion_1,0.12879994546748558,0.15534793914137585,0.9890894293785095
7276,1962,occlusion_1,0.09991882011002186,0.08137068977835131,0.9997689127922058
7277,4530,occlusion_1,0.48479081399557067,0.13253628771479536,0.9996106028556824
7278,202,occlusion_1,0.06047381997108459,0.0052741169929504395,0.9994975328445435
7279,237,occlusion_1,0.03465800181679104,0.008364996184473452,0.999850869178772
7280,2519,occlusion_1,0.3498159005511098,0.08865763728575009,0.9993638396263123
7281,3870,occlusion_1,0.15181851724856624,0.08538055533141482,0.9977250695228577
7282,1108,occlusion_1,-0.1388178128496899,-0.01816739891561762,0.00018701479712035507
7283,2449,occlusion_1,0.18931094585808322,0.09180050069356666,0.9996224641799927
7284,2525,occlusion_1,0.17026694864034653,0.15047838166356087,0.9997791647911072
7285,357,occlusion_1,0.37913907991479273,0.055133070391805275,0.9797533750534058
7286,736,occlusion_1,0.18179412583510082,0.01671701471010844,0.9999127388000488
7287,3918,occlusion_1,0.029532550275325774,0.00993708223104477,0.9999202489852905
7288,3848,occlusion_1,0.016513632761465537,0.008023033270964751,0.9999294281005859
7289,1953,occlusion_1,0.09025601789887462,0.09674014230923993,0.9960936903953552
7290,1131,occlusion_1,0.2550061006978568,0.16532573197036982,0.8859970569610596
7291,261,occlusion_1,0.005941482605757537,0.004508175231792309,0.9999376535415649
7292,3113,occlusion_1,0.026718734502792357,0.06323487997055054,0.9989184141159058
7293,379,occlusion_1,0.026537603044763526,0.020271718026475705,0.9996964931488037
7294,4263,occlusion_1,0.0313511148859293,0.12435447458082284,0.9997733235359192
7295,1521,occlusion_1,0.1913883544642616,0.02809642386381273,0.9997854828834534
7296,1006,occlusion_1,0.04604460948552841,0.005493842638455904,0.9999394416809082
7297,2099,occlusion_1,0.9767271422109532,0.023012065305942443,0.9996212720870972
7298,4293,occlusion_1,0.020592016833169118,0.02291137490953718,0.9999294281005859
7299,436,occlusion_1,0.010671849434192363,0.025043940314879783,0.9994258880615234
7300,368,occlusion_1,0.11936579992373784,0.11206961050629616,0.9812131524085999
7301,3335,occlusion_1,0.24798448925139382,0.10681460588239133,0.9994614720344543
7302,3450,occlusion_1,0.30606435092036116,0.059966956806737325,0.9562457799911499
7303,939,occlusion_1,0.09959337833736624,0.07544911073029532,0.9997876286506653
7304,3596,occlusion_1,0.09945776586995479,0.10241268641573001,0.9997244477272034
7305,4027,occlusion_1,0.023777008056640625,0.004144983987013499,0.99993896484375
7306,4056,occlusion_1,0.016393493142044337,0.0021644318312929386,0.9999409914016724
7307,3946,occlusion_1,0.28836567582268463,0.12194831134228591,0.9994204044342041
7308,1429,occlusion_1,0.6251313003341261,0.009268870720496545,0.9995761513710022
7309,3847,occlusion_1,0.20038259283025214,0.02448898696518959,0.9996820688247681
7310,1195,occlusion_1,0.18972140000832657,0.20743051151775063,0.9880417585372925
7311,1003,occlusion_1,0.30729780579680827,0.03494345852688177,0.9997404217720032
7312,1465,occlusion_1,0.04044848812950982,0.020348079005877175,0.9996582269668579
7313,2308,occlusion_1,0.9727849666304855,0.06607259017263734,0.9997614026069641
7314,250,occlusion_1,-0.008217335306107998,-0.0035522200995021396,0.2267824411392212
7315,1579,occlusion_1,0.12015065187361182,0.09350984725283414,0.9956309795379639
7316,3954,occlusion_1,0.10320519985154618,0.0067901777666668555,0.9999417066574097
7317,1105,occlusion_1,0.10771432891488075,0.026473281780878703,0.9329100847244263
7318,3569,occlusion_1,0.22833077166531537,0.14141058163462533,0.9985590577125549
7319,3943,occlusion_1,0.08830367062145318,0.16918805509041518,0.9352025389671326
7320,1610,occlusion_1,0.10519908786546893,0.14404621138805296,0.9997870326042175
7321,3003,occlusion_1,0.010196955698841024,0.0018584008486765735,0.999936580657959
7322,2100,occlusion_1,0.1705773901758772,0.1469958998037107,0.9997678399085999
7323,403,occlusion_1,0.41386657370391977,0.0500818974846466,0.9727258682250977
7324,2746,occlusion_1,0.47479338078941824,0.06685801174329675,0.9949716329574585
7325,4535,occlusion_1,0.12363475489806622,0.04183737307469895,0.9998130202293396
7326,1022,occlusion_1,0.058458355255424976,0.013704489916563034,0.9999343156814575
7327,1764,occlusion_1,0.07670442759990692,0.05174566639794244,0.999531626701355
7328,2231,occlusion_1,0.01603422872722149,0.05885440204292536,0.9999216794967651
7329,3830,occlusion_1,0.1505599845200777,0.02653785366564989,0.9994798302650452
7330,3357,occlusion_1,0.04983860545042085,0.007081206251935261,0.9999380111694336
7331,1154,occlusion_1,0.024347558262802306,0.06920122340255018,0.9997674822807312
7332,4461,occlusion_1,0.08651732911868971,0.004450989012815514,0.999925971031189
7333,4356,occlusion_1,0.40061939255033124,0.20569950090173414,0.9884882569313049
7334,1788,occlusion_1,0.1404525995330543,0.0784778493475549,0.9775946736335754
7335,813,occlusion_1,0.5872582579807689,0.10456518477035893,0.9953723549842834
7336,344,occlusion_1,0.6172913050072061,0.0680050253868103,0.9997469782829285
7337,1353,occlusion_1,0.14365032218072726,0.2323735206104491,0.9959602952003479
7338,3951,occlusion_1,0.332852408441962,0.005229248076069112,0.9999208450317383
7339,2427,occlusion_1,0.10626867271604992,0.007348734708059402,0.9998633861541748
7340,3287,occlusion_1,0.19235401763257365,0.08636973487834136,0.9947953820228577
7341,1226,occlusion_1,0.04548172234762006,0.007620464010936458,0.9998615980148315
7342,1678,occlusion_1,0.12388059726128212,0.028294610862548534,0.9995608925819397
7343,2941,occlusion_1,0.3500310455153628,0.006150098835549704,0.999510645866394
7344,1740,occlusion_1,0.03614323459020475,0.054900151018689315,0.9999262094497681
7345,168,occlusion_1,0.5408939470621672,0.07863484858111902,0.9996610879898071
7346,4577,occlusion_1,0.1869179871751041,0.10436388341391958,0.9994586110115051
7347,1363,occlusion_1,0.0870546817779541,0.023998365799585978,0.9998170733451843
7348,853,occlusion_1,0.14755816459655763,0.03658835589885712,0.9996707439422607
7349,387,occlusion_1,0.14300729655751995,0.020567924076435613,0.9996510744094849
7350,3356,occlusion_1,0.2184289942185084,0.08342531749180385,0.998764157295227
7351,3746,occlusion_1,0.2613423415883021,0.04061462120576338,0.9961488246917725
7352,3411,occlusion_1,0.025071324446262457,0.016835535183931008,0.9998961687088013
7353,880,occlusion_1,0.5979573644171978,0.04585281511147817,0.9992817044258118
7354,3464,occlusion_1,0.02076337408895294,0.020074137020856142,0.9997746348381042
7355,1034,occlusion_1,0.006033003330230713,0.05483241677284241,0.9996588230133057
7356,3564,occlusion_1,0.29423628706823696,0.08884512164037336,0.9997032284736633
7357,84,occlusion_1,0.07272117923606526,0.06971955434842543,0.9995858073234558
7358,3903,occlusion_1,0.24112822715606955,0.046745776716205806,0.9993438124656677
7359,1772,occlusion_1,0.14422419646547902,0.028549185229672328,0.9610466361045837
7360,42,occlusion_1,-0.04657118699767373,0.4618810585445978,0.9146188497543335
7361,4097,occlusion_1,0.1495068789176319,0.22112331421964843,0.9793807864189148
7362,2943,occlusion_1,0.2822244717524602,0.05613517474669676,0.9995664954185486
7363,4262,occlusion_1,0.14422515216397075,0.24170350010802105,0.9997207522392273
7364,3099,occlusion_1,-0.1911345830287885,-0.006073754199000227,0.007520559709519148
7365,3982,occlusion_1,0.760957056225312,0.06284375422070791,0.977266788482666
7366,3797,occlusion_1,0.829984441538891,0.1427138320200878,0.966303825378418
7367,1730,occlusion_1,0.4372337620536035,0.034234275025400246,0.9996324777603149
7368,2616,occlusion_1,0.2913513059795246,0.2900798893288562,0.9995546936988831
7369,476,occlusion_1,0.16996831735958914,0.047188199469940614,0.9997815489768982
7370,1489,occlusion_1,0.3872441136024215,0.018103545260700314,0.999782383441925
7371,2295,occlusion_1,0.09509636298185442,0.040005736416432916,0.9995661377906799
7372,468,occlusion_1,0.14710907552701732,0.09575575295214851,0.9995942711830139
7373,3608,occlusion_1,0.025493124161254276,0.1316798119382425,0.9273435473442078
7374,4098,occlusion_1,0.11040107978553307,0.06097890309444288,0.9984337687492371
7375,1874,occlusion_1,0.15892637529898257,0.06899313398060344,0.9997912049293518
7376,290,occlusion_1,0.20050806992433287,0.03081074600869959,0.9997487664222717
7377,383,occlusion_1,0.10963933571026875,0.08577419301638237,0.9999401569366455
7378,3175,occlusion_1,0.1651359811425209,0.04803174361586571,0.9997592568397522
7379,4501,occlusion_1,0.03285694390471126,-0.09235481622404065,0.07899896800518036
7380,3622,occlusion_1,0.1816045872955805,0.05219287584934916,0.35742297768592834
7381,2034,occlusion_1,0.08130016922950745,0.004200535000495191,0.9999349117279053
7382,363,occlusion_1,0.16477770561521704,0.09158012406392531,0.9986516833305359
7383,3374,occlusion_1,0.12096021959886831,0.1696170803762096,0.9990923404693604
7384,1640,occlusion_1,0.24931524988523748,0.06951603535995927,0.9997460246086121
7385,1448,occlusion_1,0.23257040521694403,0.09372161844547724,0.996951699256897
7386,957,occlusion_1,0.332333326600492,0.05503977347165346,0.9997989535331726
7387,4028,occlusion_1,0.2379274930100183,0.18117152758546778,0.9991269707679749
7388,3583,occlusion_1,0.11935621000042088,0.02695130929350853,0.9997730851173401
7389,3657,occlusion_1,0.5968836188316345,0.04760591268539429,0.9996546506881714
7390,4436,occlusion_1,0.14752552443080477,0.0867087701956431,0.998591959476471
7391,3203,occlusion_1,0.4680799458708082,0.21836664700614555,0.9898536801338196
7392,3487,occlusion_1,0.1357797297627427,0.11139573347429897,0.9904176592826843
7393,4109,occlusion_1,0.627480784187875,0.5782456538082832,0.8805423378944397
7394,197,occlusion_1,0.018098428541300247,0.005020794819812386,0.999922513961792
7395,3854,occlusion_1,0.15912053112073668,0.0444259558405195,0.9994151592254639
7396,2128,occlusion_1,0.15901070088148117,0.03894128632687387,0.9995693564414978
7397,2884,occlusion_1,0.051222621810202505,0.033423220994425754,0.9999295473098755
7398,213,occlusion_1,0.05550224911801669,0.722400517616307,0.9530797004699707
7399,2214,occlusion_1,-0.007084926654823829,-0.010363229696530333,0.0002876799844671041
7400,3161,occlusion_1,0.019785976991420838,0.02188907745407849,0.9999369382858276
7401,907,occlusion_1,0.33189360556357045,0.09121503271892958,0.9997884631156921
7402,2498,occlusion_1,0.07406803201884031,0.04610104141756892,0.9989238381385803
7403,2197,occlusion_1,0.03485696161022553,0.12729748223836607,0.9997872710227966
7404,1493,occlusion_1,0.3534182340783231,0.09312343860373777,0.9992609620094299
7405,176,occlusion_1,0.09838467410632543,0.149359246556248,0.999524712562561
7406,3451,occlusion_1,0.05725658120531024,0.009447347034107555,0.999929666519165
7407,2551,occlusion_1,0.40970196947455406,0.024344901953424727,0.9995612502098083
7408,1829,occlusion_1,0.007848386331038041,0.004211217706853693,0.9999178647994995
7409,4525,occlusion_1,0.07736293515380548,0.0968474243976632,0.9997960925102234
7410,47,occlusion_1,0.21230421646260747,0.09059034565500185,0.9997625946998596
7411,2650,occlusion_1,0.0316002539225987,0.00926989827837263,0.9999330043792725
7412,139,occlusion_1,0.7926196078029037,0.043230070393871174,0.9989711046218872
7413,2922,occlusion_1,0.03929313196038658,0.024634797871112824,0.9995997548103333
7414,3642,occlusion_1,0.35912300248164686,0.06805508118122816,0.9997642636299133
7415,3719,occlusion_1,0.6495701876779397,0.05796318981382582,0.999159574508667
7416,3053,occlusion_1,0.18206835210323333,0.14433762983419002,0.9947302341461182
7417,1889,occlusion_1,0.2652210352060042,0.025349913066939303,0.9997411370277405
7418,1470,occlusion_1,0.07027213040151094,0.01664135487456071,0.999925971031189
7419,4096,occlusion_1,0.13123847431305682,0.05633443797176534,0.999144434928894
7420,2293,occlusion_1,0.07311468589596631,0.010846100202420862,0.9999227523803711
7421,251,occlusion_1,0.23932150180141132,0.05488134895761808,0.9928159713745117
7422,4358,occlusion_1,0.37024556067974673,0.09950653066777665,0.999430239200592
7423,2791,occlusion_1,0.04428854134554664,0.05432098855574926,0.9997180104255676
7424,3028,occlusion_1,0.06621715020802287,0.0213499183456103,0.9995859265327454
7425,215,occlusion_1,0.04374803926633752,0.06092584521874138,0.9995898604393005
7426,2298,occlusion_1,0.10769989341497421,0.15601187576539816,0.9998769760131836
7427,1533,occlusion_1,0.30825793132185936,0.21521096798125655,0.9958590865135193
7428,2852,occlusion_1,0.13597666610812031,0.03916268951671068,0.9962385892868042
7429,933,occlusion_1,0.23494100960947217,0.007481525341669719,0.9999364614486694
7430,2679,occlusion_1,0.2879557850770652,0.13159140087664128,0.9974800944328308
7431,3072,occlusion_1,0.16137504660420948,0.009248092770576477,0.999914288520813
7432,1681,occlusion_1,0.09662361443042755,0.018703127002462426,0.9976332187652588
7433,914,occlusion_1,0.25187306586773167,0.031892768798335906,0.9997227787971497
7434,2306,occlusion_1,0.004990890968677609,0.02170223552127217,0.9999217987060547
7435,3841,occlusion_1,0.04167864510887548,0.01809693637647127,0.9999384880065918
7436,3570,occlusion_1,0.3457634684269909,0.033297266020919335,0.9999055862426758
7437,2211,occlusion_1,-0.05454428911660657,0.07595000667523974,0.5077521800994873
7438,2857,occlusion_1,0.15599275674377658,-0.04248147029787875,0.2091955542564392
7439,1766,occlusion_1,0.15952423079648897,0.022702356356950032,0.9994213581085205
7440,498,occlusion_1,-0.40748160527718646,0.0028591627563019435,0.013604667969048023
7441,2230,occlusion_1,0.023304954481621582,0.03944077482447028,0.9997672438621521
7442,884,occlusion_1,0.23453721730177113,-0.25515118879931314,0.6372222900390625
7443,3275,occlusion_1,0.03680982455319049,0.8380347512110009,0.9770309329032898
7444,1991,occlusion_1,0.03974367578824361,0.09918481210867564,0.9999368190765381
7445,3426,occlusion_1,-0.1066228193834562,-0.005328087709063699,0.000816914951428771
7446,566,occlusion_1,0.17222492054507538,0.024142060126807238,0.9996308088302612
7447,3457,occlusion_1,0.17932422955830893,0.026858322736289766,0.9997816681861877
7448,2792,occlusion_1,0.15141002549366517,0.05244588946754282,0.9993994235992432
7449,4095,occlusion_1,0.12896216725214169,0.04471483310827842,0.9997488856315613
7450,2257,occlusion_1,0.10134960750215932,0.06834569142053001,0.9997274279594421
7451,4129,occlusion_1,-0.585378460147019,0.018084694567369296,0.06931323558092117
7452,1606,occlusion_1,0.059025199214617415,0.09943700730800628,0.9988771080970764
7453,439,occlusion_1,0.019328512251377106,0.008530267410808139,0.9999281167984009
7454,2737,occlusion_1,0.2143546985462308,0.054061995819211006,0.9988178610801697
7455,2008,occlusion_1,0.27882738818609437,0.10136993209896393,0.9982183575630188
7456,3731,occlusion_1,0.2582408506423235,0.03075222403782865,0.9591206312179565
7457,3519,occlusion_1,0.06810415821506623,0.057886640283655616,0.9997548460960388
7458,2678,occlusion_1,0.01749683592630469,0.005216947068338809,0.9997536540031433
7459,4561,occlusion_1,0.03147952655951182,0.10734498823682467,0.9997255206108093
7460,3617,occlusion_1,0.7399483331789048,0.04536760884110589,0.8938249349594116
7461,1998,occlusion_1,-0.07045223725479886,-0.01887594668457468,0.002723908284679055
7462,1121,occlusion_1,0.37051741232756863,0.033462212844328446,0.9996702671051025
7463,2601,occlusion_1,0.10597145421938463,0.006396854465658014,0.9999405145645142
7464,1261,occlusion_1,0.0917050668444389,0.020526650624397475,0.9999402761459351
7465,2275,occlusion_1,-0.046722752042114735,0.07943954849615693,0.5741451382637024
7466,2611,occlusion_1,0.06404786482453347,0.017489485442638397,0.9998875856399536
7467,844,occlusion_1,0.025424928434433475,0.06928731164624614,0.9963823556900024
7468,4265,occlusion_1,0.26018440075542615,0.07015355384868124,0.9969958066940308
7469,27,occlusion_1,0.07193085237168799,0.039372956088068435,0.9997844099998474
7470,229,occlusion_1,0.485070183314383,0.020838067829608918,0.9907850027084351
7471,862,occlusion_1,0.056662087413397705,0.013697857206518,0.9999004602432251
7472,3155,occlusion_1,0.1055825383712848,0.004087808231512706,0.9999397993087769
7473,4039,occlusion_1,0.3293067290633917,0.07791568517684937,0.9994792342185974
7474,183,occlusion_1,-0.6876403113657777,0.17650613701963183,0.20557062327861786
7475,2360,occlusion_1,0.18824131546481962,0.01624360776716663,0.9999017715454102
7476,2348,occlusion_1,0.3941793783821843,0.09292166544632478,0.9916976690292358
7477,238,occlusion_1,0.017431283538991756,0.12200669131495735,0.9829922318458557
7478,3180,occlusion_1,0.2906750193104853,0.0248122247489723,0.9997753500938416
7479,2581,occlusion_1,0.1559098569476711,0.056745208001562526,0.9992966651916504
7480,1567,occlusion_1,0.025526553822251465,0.053565469498817735,0.9997461438179016
7481,2925,occlusion_1,0.01739484816789627,0.02831112965941429,0.9999390840530396
7482,523,occlusion_1,0.18730200358799526,0.024490614448274883,0.9997288584709167
7483,1035,occlusion_1,0.48307693545152813,0.07345752317357708,0.9997546076774597
7484,2402,occlusion_1,0.06166986400081265,0.031261424864492106,0.9832964539527893
7485,2312,occlusion_1,0.07943407052920924,0.11803655595415169,0.9992567896842957
7486,1225,occlusion_1,0.5468045494658873,0.05532372795045376,0.9997814297676086
7487,2069,occlusion_1,0.01571665360377385,0.06499768449709965,0.9999387264251709
7488,423,occlusion_1,0.4175734611639342,0.05806231972846118,0.9997726082801819
7489,4427,occlusion_1,0.024761856778671865,0.07385233946536716,0.9993597865104675
7490,1174,occlusion_1,0.048895337051007806,0.024960375958826483,0.9992849230766296
7491,1490,occlusion_1,0.02293617617000233,0.03343214952584469,0.9999188184738159
7492,2020,occlusion_1,0.02819999832321297,0.1525170916522091,0.9987404942512512
7493,1837,occlusion_1,0.44317671597065006,0.06762203134474207,0.9885565042495728
7494,3730,occlusion_1,0.553341993690105,0.12526984475325884,0.9954784512519836
7495,1586,occlusion_1,0.039673646713824985,0.008341657354476605,0.9999392032623291
7496,3595,occlusion_1,0.14319840720609614,0.08513925459824111,0.9994558691978455
7497,2622,occlusion_1,0.06952560243264931,0.022550028271791412,0.999466598033905
7498,2173,occlusion_1,0.06444428670100677,0.02041795926216321,0.9998503923416138
7499,2153,occlusion_1,0.01416119489263981,0.004078357777696975,0.9999412298202515
7500,1139,occlusion_1,0.06463903277402833,0.08681839864168849,0.9996631145477295
7501,4101,occlusion_1,0.07565797311919076,0.07168988926070077,0.9996612071990967
7502,4005,occlusion_1,0.33180519772900474,0.13481498923566607,0.9829677939414978
7503,1530,occlusion_1,0.2367018707119292,0.052212364971637726,0.9996594190597534
7504,4259,occlusion_1,0.19199456777927038,0.047614561544882285,0.9996960163116455
7505,2175,occlusion_1,0.05166230683631085,0.004307664455251491,0.9999364614486694
7506,1016,occlusion_1,0.14768914749184925,0.12197279353295604,0.9997708201408386
7507,1575,occlusion_1,0.21117670103615405,0.15484306165108494,0.9723339676856995
7508,1333,occlusion_1,0.7917726437117381,0.022745876827023247,0.9986074566841125
7509,1380,occlusion_1,0.05608083527873863,0.06760339862243696,0.9990560412406921
7510,1428,occlusion_1,0.19059703811345732,0.11470154276364208,0.9997190833091736
7511,2027,occlusion_1,0.17335302765982655,0.05617094224390502,0.9978861212730408
7512,1039,occlusion_1,0.14303426563739777,0.06520578265190125,0.999782383441925
7513,22,occlusion_1,0.21797947287776095,0.1585398403451193,0.9978649020195007
7514,1276,occlusion_1,0.01225714199244976,0.05288848001509905,0.9998977184295654
7515,1367,occlusion_1,0.4236305569742568,0.13170478510302167,0.998982846736908
7516,147,occlusion_1,0.16386413787092483,0.15823952973421132,0.9986269474029541
7517,3226,occlusion_1,0.09635378489339794,0.03513783147489583,0.9973932504653931
7518,4586,occlusion_1,0.16601601864902243,0.06930231266925412,0.9997712969779968
7519,2301,occlusion_1,0.34050216015933427,0.15963735933399806,0.9987567663192749
7520,2466,occlusion_1,0.04766862815426242,0.23248580608126376,0.9999179840087891
7521,2876,occlusion_1,0.7245928396781286,0.047293588519096375,0.9994862079620361
7522,2213,occlusion_1,-0.25855830711467814,-0.18197663211160237,0.0878281518816948
7523,2261,occlusion_1,0.09184866326932724,0.09531171820484675,0.9995148181915283
7524,1956,occlusion_1,-0.4686218993209133,-0.009019681697034022,0.0008964388398453593
7525,2369,occlusion_1,0.21648775691047628,0.052796925636048014,0.9990792274475098
7526,190,occlusion_1,0.25319879129529,0.07610077100495498,0.9997658133506775
7527,1834,occlusion_1,0.2059639243122477,0.02188208935639033,0.9997536540031433
7528,2393,occlusion_1,0.18616547414826023,0.17776193449066746,0.7915317416191101
7529,282,occlusion_1,0.04248463542296969,0.001658181691991872,0.9999170303344727
7530,1916,occlusion_1,0.21551479992922395,0.03871124004945159,0.9993376135826111
7531,4527,occlusion_1,0.3542776904959326,0.14992786580807574,0.9988406300544739
7532,1324,occlusion_1,0.1510112646680612,0.09899403881401014,0.9996585845947266
7533,3576,occlusion_1,0.0907513934212762,0.024511012676599865,0.9996577501296997
7534,4029,occlusion_1,0.041459445511141134,0.07020912583797209,0.9948514103889465
7535,1683,occlusion_1,0.8134726681518774,0.10947605720518724,0.9994662404060364
7536,4353,occlusion_1,0.4824031252504849,0.28490526122381776,0.9837759137153625
7537,273,occlusion_1,0.2358846430647738,0.1579463903261206,0.9609127640724182
7538,1970,occlusion_1,0.2963167031570761,0.08388952098109505,0.9997896552085876
7539,903,occlusion_1,0.3434741466882683,0.03214799878852708,0.9984595775604248
7540,3599,occlusion_1,0.036889651646980874,0.030416733886186893,0.9996839761734009
7541,2499,occlusion_1,0.9231782098286203,0.07351857136934996,0.9977362155914307
7542,3514,occlusion_1,0.22672461815502332,0.13663951663867288,0.9997149109840393
7543,2991,occlusion_1,0.37802546816735566,0.10660994033280172,0.999815046787262
7544,3705,occlusion_1,0.12193166613578796,0.14788893564837052,0.999768078327179
7545,2014,occlusion_1,0.04301927571601056,0.006524376412655445,0.9999241828918457
7546,257,occlusion_1,0.6559904180467129,0.0349049030078782,0.9978786706924438
7547,3721,occlusion_1,0.054155125969746074,0.0014585100236486216,0.9999274015426636
7548,2368,occlusion_1,0.032083471616109215,0.010614381896124946,0.9999309778213501
7549,3689,occlusion_1,0.055953941446669556,0.004148966454445047,0.999934196472168
7550,2574,occlusion_1,0.024122251705689865,0.002589774854255445,0.9999080896377563
7551,4260,occlusion_1,0.21761965175921266,0.16418407315557654,0.995688259601593
7552,517,occlusion_1,0.26280772585361717,0.011966841836129465,0.9990198612213135
7553,3170,occlusion_1,0.0777342173302738,-0.49524316554133957,0.08178331702947617
7554,3201,occlusion_1,0.5412961823493242,0.23142870258539916,0.9957893490791321
7555,3194,occlusion_1,0.15837433229645956,0.060042117438886475,0.9924966096878052
7556,3897,occlusion_1,0.07742281332612037,0.08144492954015732,0.9990540146827698
7557,858,occlusion_1,0.1689804531633854,0.3643378035048954,0.9762351512908936
7558,19,occlusion_1,0.43337168641112467,0.4505495080655372,0.8163796067237854
7559,699,occlusion_1,0.04137896498044332,0.021143087634333858,0.9998138546943665
7560,575,occlusion_1,0.01181202381849289,0.019253169496854145,0.9999368190765381
7561,1646,occlusion_1,0.00741623980658395,0.008476795185179938,0.999907374382019
7562,3623,occlusion_1,0.14546931780329564,0.043422480908835805,0.9995326995849609
7563,599,occlusion_1,0.04214859418570995,0.2802964300732128,0.9981202483177185
7564,2894,occlusion_1,0.036490931775834824,0.003965334097544352,0.9999396800994873
7565,305,occlusion_1,0.30843782036143513,0.03603115776237452,0.9993307590484619
7566,3433,occlusion_1,0.10578934426577587,0.003685631841983435,0.9998227953910828
7567,3826,occlusion_1,0.618550790556603,0.09768237496415774,0.9818872213363647
7568,1350,occlusion_1,0.10092386208912905,0.025140416972777423,0.9943504929542542
7569,2129,occlusion_1,0.584645135095343,0.0948114599185911,0.9983017444610596
7570,1422,occlusion_1,0.14060059768196784,0.02559756448394374,0.9996740818023682
7571,3819,occlusion_1,0.10490422543476928,0.019720136272636326,0.9984520673751831
7572,1527,occlusion_1,0.006815106868743897,0.0075785982608795165,0.9999376535415649
7573,1087,occlusion_1,0.023467551578174938,0.03281995721838691,0.9999384880065918
7574,1484,occlusion_1,0.10494382606773842,0.0255293228277346,0.9995259046554565
7575,3513,occlusion_1,0.046939651295542714,0.04279610719531775,0.9994493126869202
7576,3361,occlusion_1,0.05816387558976809,0.021014861265818276,0.999293327331543
7577,1323,occlusion_1,0.8910266520086831,0.02473956843217214,0.9977144002914429
7578,1553,occlusion_1,0.33956986084203455,0.03505844764766239,0.9996764659881592
7579,3687,occlusion_1,0.007370896637439728,0.0034037849732807706,0.9998612403869629
7580,4368,occlusion_1,0.26831054975909574,0.03118071969478361,0.9996041655540466
7581,3165,occlusion_1,0.37444939310459985,0.04072699760613234,0.9997616410255432
7582,1309,occlusion_1,0.6800661359518541,0.029840273839054687,0.9997159838676453
7583,2983,occlusion_1,0.11798917893797924,0.06124383426056458,0.9997509121894836
7584,3378,occlusion_1,0.3654460201554078,0.17461578768712502,0.9983618855476379
7585,345,occlusion_1,-0.09912490027668157,-0.6511588629497134,0.09959545731544495
7586,1086,occlusion_1,0.21193798298481853,0.12615682296454905,0.9997208714485168
7587,923,occlusion_1,0.10270627935727437,0.14482592605054379,0.9997708201408386
7588,1571,occlusion_1,0.17486290633678436,0.023038778454065323,0.9983104467391968
7589,842,occlusion_1,0.018643508988375565,0.8203097293634509,0.990315854549408
7590,2165,occlusion_1,0.5629906248874389,0.04164842157982863,0.9531433582305908
7591,608,occlusion_1,0.742335830724266,0.01994151152346445,0.9997633099555969
7592,285,occlusion_1,0.2583319383927367,0.07954375208778815,0.9996041655540466
7593,2009,occlusion_1,0.242991296405142,0.02383438531648029,0.9997312426567078
7594,807,occlusion_1,0.6039405100394127,0.01032551222069319,0.9999251365661621
7595,4511,occlusion_1,0.14885369909461588,0.04229034980138143,0.9997615218162537
7596,2495,occlusion_1,0.12082382561821564,0.04895709091614859,0.9997606873512268
7597,405,occlusion_1,0.13845730265032272,0.03258863463997841,0.9994694590568542
7598,218,occlusion_1,0.5065629536946935,0.10157456128827987,0.9995858073234558
7599,1976,occlusion_1,0.4030442594949688,0.15077037662267684,0.9958023428916931
7600,4040,occlusion_1,0.708946367080154,0.08323406360366127,0.9979668259620667
7601,2461,occlusion_1,0.20559854365207933,0.02942552530404293,0.9994953870773315
7602,2095,occlusion_1,0.14222265013827468,0.022507089383478434,0.9996145963668823
7603,327,occlusion_1,0.655015334157118,0.050564964612325035,0.8981558084487915
7604,2957,occlusion_1,0.3625715644556587,0.022484820209822412,0.9996838569641113
7605,1778,occlusion_1,0.32731070819621283,0.103404952523609,0.9954015016555786
7606,688,occlusion_1,0.3507556673139334,0.022828625562863473,0.999686598777771
7607,393,occlusion_1,0.8452675846190407,0.14728351816152915,0.9983372688293457
7608,3495,occlusion_1,0.09159337180965352,0.04769777295724401,0.9997907280921936
7609,2741,occlusion_1,0.062145625767500504,0.18217135649984298,0.9997590184211731
7610,3105,occlusion_1,0.5560759549337925,-0.04798710605372553,0.7089082598686218
7611,3579,occlusion_1,0.494785308385534,0.16885987797286361,0.9993767142295837
7612,4460,occlusion_1,0.030457462481361754,0.0752383494313727,0.9996813535690308
7613,1491,occlusion_1,0.26179146247082635,0.01765512008416025,0.9999392032623291
7614,882,occlusion_1,0.14649605419900683,0.07453382677502102,0.9983023405075073
7615,2085,occlusion_1,0.597755653300771,0.025278285697654442,0.9996563196182251
7616,1769,occlusion_1,0.2585482809605987,0.05644220390985178,0.9996805191040039
7617,3177,occlusion_1,-0.17038335502147675,-0.23669035732746124,0.6650061011314392
7618,3766,occlusion_1,0.17894373155939272,0.09435852631353416,0.9997426867485046
7619,2049,occlusion_1,0.05118323815986514,0.14790063351392746,0.9997180104255676
7620,794,occlusion_1,0.028487255627458744,0.012490689754486084,0.9999421834945679
7621,1617,occlusion_1,0.15767834917642176,0.06758692270765702,0.999640703201294
7622,21,occlusion_1,0.11620904105129065,0.034856978320965064,0.9997922778129578
7623,2626,occlusion_1,0.8220877524361843,0.006831459204355876,0.9998906850814819
7624,2199,occlusion_1,-0.13378071697079577,-0.0044720585723148866,0.003585011698305607
7625,4578,occlusion_1,0.07475038919043034,0.02561570862506298,0.9999222755432129
7626,1535,occlusion_1,0.7626379951754392,0.05642475419003388,0.9993570446968079
7627,1012,occlusion_1,0.7919236550528694,0.036540313391014934,0.985027551651001
7628,3302,occlusion_1,0.07026918098330498,0.05315561205148697,0.9996715784072876
7629,3059,occlusion_1,0.21538897831875753,0.1845643105606238,0.9987539052963257
7630,1172,occlusion_1,0.060876251621679825,0.013938807628371498,0.999935507774353
7631,3322,occlusion_1,0.1255281120033224,0.22073482707338898,0.9968185424804688
7632,3232,occlusion_1,0.6638099363388558,0.11452819136915919,0.8737022280693054
7633,3859,occlusion_1,0.04745795329411825,0.00766444206237793,0.9999407529830933
7634,1015,occlusion_1,0.4683660561392127,0.053031684527563495,0.9994232654571533
7635,1364,occlusion_1,0.05589537516884182,0.02720858351044033,0.9999010562896729
7636,2757,occlusion_1,0.01763486137261262,0.002977488814173518,0.998711347579956
7637,182,occlusion_1,0.15595695172326968,0.2460714223897073,0.5817652344703674
7638,1107,occlusion_1,0.0030526651276482474,0.013704586912084508,0.9999330043792725
7639,188,occlusion_1,0.247614272577422,0.027085600580487933,0.9995160102844238
7640,2990,occlusion_1,0.3571248079727714,0.2766444730441435,0.9992591738700867
7641,2951,occlusion_1,0.3204770069181298,0.12943003891268745,0.8948888182640076
7642,3539,occlusion_1,0.010807309395227676,0.01216440323071602,0.9999409914016724
7643,3473,occlusion_1,0.05226272065192461,0.05984996655024588,0.9995162487030029
7644,1655,occlusion_1,0.20123836345484722,0.10730613383424023,0.9880483150482178
7645,3422,occlusion_1,0.288496231255324,0.021104246215975803,0.9997698664665222
7646,4077,occlusion_1,0.06282017252794127,0.03772080562463621,0.9997468590736389
7647,3015,occlusion_1,0.05610292573128977,0.07595187425613403,0.9999136924743652
7648,2713,occlusion_1,0.18911680636497644,0.032497842151385084,0.9998477697372437
7649,3397,occlusion_1,0.28940441545118833,0.12224603422540933,0.9997735619544983
7650,1266,occlusion_1,0.4021572053011152,0.014978332001538504,0.9997161030769348
7651,1623,occlusion_1,0.019956108182668686,0.05986082826096278,0.9997606873512268
7652,3358,occlusion_1,0.15489130334130355,0.021616666267315548,0.9997507929801941
7653,373,occlusion_1,0.023283276706933975,0.03818008303642273,0.9999326467514038
7654,2026,occlusion_1,0.14355820094545682,0.06962782285279698,0.9993563294410706
7655,1524,occlusion_1,0.13277679739090112,0.05315479578880163,0.9997822642326355
7656,422,occlusion_1,0.19949218870273658,0.10877077121819768,0.9997616410255432
7657,3169,occlusion_1,0.09198181243503795,0.015914343735750985,0.9998743534088135
7658,3650,occlusion_1,0.17308463264595378,0.0025462670759721236,0.9999430179595947
7659,3800,occlusion_1,0.246544752785183,0.21238583056850635,0.9991720914840698
7660,1120,occlusion_1,0.2167925255478553,0.05016650969408593,0.9997346997261047
7661,2249,occlusion_1,0.1524307828309924,0.028227673886820327,0.9996480941772461
7662,4043,occlusion_1,0.042012805162474166,0.004995246266209802,0.999901294708252
7663,616,occlusion_1,0.07103952893923068,0.07033115034473353,0.9978971481323242
7664,2691,occlusion_1,0.13460091803524946,0.07564193171423834,0.9995947480201721
7665,2043,occlusion_1,0.07647082708509904,0.0874807696589934,0.9951033592224121
7666,3188,occlusion_1,0.6389375837519765,0.02031525380909443,0.9996837377548218
7667,2835,occlusion_1,0.36357957353958714,0.05776214012159751,0.9997915625572205
7668,4211,occlusion_1,0.0686609963575999,0.04771147966384888,0.9999293088912964
7669,917,occlusion_1,0.2569019543007016,0.02734546922147274,0.9920033812522888
7670,4100,occlusion_1,0.12247498465908899,0.16097108375074135,0.9977766871452332
7671,1162,occlusion_1,0.044734955742591766,0.022314693324449585,0.9987475872039795
7672,3716,occlusion_1,0.36774662063392094,0.08832450211048126,0.9998213648796082
7673,1248,occlusion_1,0.008191175577117175,0.004849760997586134,0.9999306201934814
7674,828,occlusion_1,0.004653291499361079,0.007391413475604768,0.9999380111694336
7675,2243,occlusion_1,-0.0392761854116895,-0.004977550660823321,0.02579612098634243
7676,2902,occlusion_1,0.03443437452726769,0.05379131271169996,0.9997243285179138
7677,337,occlusion_1,0.47291865775313896,0.06150587113239826,0.9995959401130676
7678,2351,occlusion_1,0.05302457734942436,0.021866798251867294,0.9995847344398499
7679,1959,occlusion_1,0.15045157298445702,0.049907826189883056,0.9972550272941589
7680,3431,occlusion_1,-0.11855236174596939,-0.0229367862862091,0.00036186506622470915
7681,4374,occlusion_1,0.3652237775374432,0.029586758464574814,0.9994891881942749
7682,1102,occlusion_1,0.22003536874597723,0.00991526155760794,0.9999380111694336
7683,1246,occlusion_1,0.007254042123493396,0.005015227878302859,0.9999332427978516
7684,1176,occlusion_1,0.40674913724554546,0.10101216315395302,0.9998319149017334
7685,4579,occlusion_1,0.010271859169006348,0.010095255904727513,0.9999203681945801
7686,3195,occlusion_1,-0.1199456535430406,-0.061134723057929316,0.38375335931777954
7687,2790,occlusion_1,0.06298305340111256,0.16788566751405598,0.9992958307266235
7688,3877,occlusion_1,0.36321058745185536,0.12095894983836583,0.9914222359657288
7689,93,occlusion_1,0.17236460726383293,0.02406123713698498,0.9984662532806396
7690,2795,occlusion_1,0.7563272237312049,0.35678239988723165,0.892436146736145
7691,2317,occlusion_1,0.05862123400650241,0.1072165791622617,0.9906683564186096
7692,385,occlusion_1,0.12088777031749487,0.04847183637320995,0.9997519850730896
7693,913,occlusion_1,0.1668924063895688,0.037078404065334435,0.9996331930160522
7694,693,occlusion_1,0.10854744366197674,0.05023310699120716,0.9674268960952759
7695,3241,occlusion_1,0.48898952805902807,0.04582468764856458,0.9992102384567261
7696,2471,occlusion_1,0.0364431763181881,0.1062230969570121,0.9979719519615173
7697,311,occlusion_1,0.05608304843025388,0.08416629315547224,0.9997581839561462
7698,334,occlusion_1,0.854163556814387,0.0033708102298232743,0.999934196472168
7699,861,occlusion_1,0.01127377814716763,0.010582228501637777,0.9998906850814819
7700,1454,occlusion_1,0.1746547129522595,0.07277973824077183,0.999445378780365
7701,2684,occlusion_1,0.4082834663326448,0.01816476473830781,0.9997395873069763
7702,1224,occlusion_1,0.5933556234593843,0.05584423816687758,0.6110888123512268
7703,2585,occlusion_1,0.03714738208420423,0.007616927429121368,0.9999161958694458
7704,708,occlusion_1,0.1530857363148876,0.021954404433136402,0.9994958639144897
7705,3141,occlusion_1,0.03945117411406144,0.00613197165986766,0.9999386072158813
7706,38,occlusion_1,0.2064056042933239,0.045920283094329654,0.9970207810401917
7707,2683,occlusion_1,0.3028134579828475,0.030841911025345326,0.9997358918190002
7708,935,occlusion_1,0.14853533372587088,0.28180563221543037,0.9997422099113464
7709,3339,occlusion_1,0.015234581802202307,0.013272031493808912,0.9999347925186157
7710,1325,occlusion_1,0.2828446546092976,0.2315662229476973,0.999762237071991
7711,2120,occlusion_1,-0.03310276383954082,-0.04730170386770338,0.0098820636048913
7712,470,occlusion_1,0.16585906619978388,0.7311135684856974,0.9994279742240906
7713,3393,occlusion_1,0.016683609099001497,0.010632716320656441,0.999913215637207
7714,1942,occlusion_1,0.035543071726957955,0.00895219420393308,0.9999091625213623
7715,3371,occlusion_1,0.2109110720662607,0.1022181194793019,0.9995042085647583
7716,1713,occlusion_1,0.5962675955126305,0.18607197539961856,0.7611915469169617
7717,160,occlusion_1,0.01530323787169023,0.008645457300272856,0.9997265934944153
7718,1192,occlusion_1,0.039541499316692354,0.012060077488422393,0.9999144077301025
7719,2161,occlusion_1,0.09831705850523871,0.0184024234075804,0.9999277591705322
7720,3925,occlusion_1,0.08980624870870446,0.2095391917897419,0.9990829229354858
7721,3619,occlusion_1,0.3306337594985962,0.08842091134616308,0.9777315258979797
7722,4209,occlusion_1,0.7239372159043947,-0.003017371281599387,0.9586831331253052
7723,3524,occlusion_1,0.11222506047266981,0.020845832546120106,0.9990906715393066
7724,353,occlusion_1,0.03929351809985784,0.020072892080156172,0.999738872051239
7725,2548,occlusion_1,0.04873017629697209,0.11064926443421948,0.9995682835578918
7726,4202,occlusion_1,0.26468084401318004,-0.15550462348120553,0.6926886439323425
7727,1014,occlusion_1,0.4682882781817832,0.06765577772801573,0.9995049238204956
7728,1200,occlusion_1,0.16851068037594186,0.07693539315770412,0.9997790455818176
7729,4580,occlusion_1,0.006283274403324834,0.0016558468341827393,0.9999163150787354
7730,3087,occlusion_1,0.044819432709898264,0.03203581379992621,0.9995974898338318
7731,1305,occlusion_1,0.2908431724528782,0.04370186030864716,0.994238018989563
7732,112,occlusion_1,0.16105303214862943,0.014780089259147644,0.9998038411140442
7733,1853,occlusion_1,0.17873729991190362,0.05173903161829168,0.9997662901878357
7734,4310,occlusion_1,0.23652598452429438,0.1522517227459439,0.9997687935829163
7735,3873,occlusion_1,0.043745183630993494,0.01363837248400638,0.9999330043792725
7736,4216,occlusion_1,0.5064886796797784,0.06798689327431175,0.9997439980506897
7737,14,occlusion_1,0.20557244735605576,-0.12259133773691513,0.7362715005874634
7738,3915,occlusion_1,0.3283722301678998,0.1699121129033821,0.9788841009140015
7739,2387,occlusion_1,0.12936571737130484,0.13197030045557767,0.9993690848350525
7740,533,occlusion_1,0.7094481123966121,0.14067007057989636,0.9764451384544373
7741,3551,occlusion_1,0.08329287472380591,0.08112191658334009,0.9994766116142273
7742,851,occlusion_1,0.23300242779607122,0.02112823911011219,0.9997901320457458
7743,1418,occlusion_1,0.11723878492780945,0.09312611756225427,0.9909952282905579
7744,3446,occlusion_1,0.07920533694002939,0.042463365679039904,0.9997702240943909
7745,1318,occlusion_1,0.12193472514098341,0.07766269138929519,0.9949485063552856
7746,677,occlusion_1,0.10644857372556414,0.009901727948869978,0.9995980858802795
7747,3740,occlusion_1,0.6192142735701054,0.03656940255314112,0.9996871948242188
7748,1317,occlusion_1,0.3989033328286242,0.0362742688567912,0.6237097382545471
7749,1072,occlusion_1,0.9134464941860643,0.09571023329524905,0.9997788071632385
7750,4275,occlusion_1,-0.2957409116672352,-0.25976841093506664,0.024295154958963394
7751,655,occlusion_1,0.9784969862847557,0.028921260145203822,0.9970287680625916
7752,3128,occlusion_1,0.27980711874438496,0.11525022438386591,0.9994780421257019
7753,3143,occlusion_1,0.5423060019345333,0.020650283495585123,0.9999178647994995
7754,568,occlusion_1,0.5567009526462893,0.10539611672450389,0.9994500279426575
7755,1871,occlusion_1,0.18619334250688552,0.010850341618061065,0.9999284744262695
7756,3956,occlusion_1,0.4052214374338898,0.07499028949273957,0.9997894167900085
7757,121,occlusion_1,0.016767614654132297,0.008627323167664664,0.9997743964195251
7758,3150,occlusion_1,0.4753778900789178,0.020700465563846672,0.9997784495353699
7759,587,occlusion_1,0.019004566547198173,0.012370592508560572,0.9999291896820068
7760,3061,occlusion_1,0.38021785834310007,0.20500845692063474,0.9979548454284668
7761,3162,occlusion_1,0.15493912263600915,0.018173091527488496,0.9997709393501282
7762,1254,occlusion_1,0.00397804283326672,0.004363867544358776,0.9999192953109741
7763,2658,occlusion_1,0.06892557156846878,0.03914213132985095,0.9993662238121033
7764,163,occlusion_1,0.24763382917765964,0.010370774702592329,0.9998517036437988
7765,1322,occlusion_1,0.06109135165643781,0.4766704282556563,0.999629020690918
7766,4249,occlusion_1,0.05638067295605486,-0.06080034737559882,0.8326014876365662
7767,360,occlusion_1,0.06081893039687026,0.016460826920886195,0.9997087121009827
7768,1768,occlusion_1,0.25616478357674943,0.0022210445044175634,0.9999029636383057
7769,732,occlusion_1,0.2683734823639194,0.29510053268168124,0.9986885190010071
7770,2671,occlusion_1,0.48319929077667345,0.22966217056141588,0.9972802400588989
7771,691,occlusion_1,0.28170520862221493,0.08991446960214022,0.537680983543396
7772,79,occlusion_1,0.28376736850650225,0.0859346026899638,0.9984980821609497
7773,2776,occlusion_1,0.04300076836212115,0.09350166622210633,0.9995684027671814
7774,1053,occlusion_1,0.394880951400481,0.1436568590648034,0.998623251914978
7775,410,occlusion_1,0.0990681627340484,0.019001816448412444,0.9997599720954895
7776,4367,occlusion_1,0.08056260148684184,0.06301034774099078,0.9834858179092407
7777,1667,occlusion_1,0.08548560347408056,0.09824488693848252,0.99955815076828
7778,3349,occlusion_1,0.08372655425752912,0.3585722519883088,0.9982094764709473
7779,2672,occlusion_1,0.308720575363347,0.0206548860578826,0.9998984336853027
7780,4038,occlusion_1,0.22020414833640378,0.0802187677961023,0.999718964099884
7781,4552,occlusion_1,0.16661876571529052,0.11078678290633594,0.9998063445091248
7782,1542,occlusion_1,0.006807498785914207,0.07882529664404538,0.9989033937454224
7783,1336,occlusion_1,0.04723264773686727,0.04109484775393617,0.9999227523803711
7784,1519,occlusion_1,0.06042781491310169,0.03201193324266336,0.9997904896736145
7785,1229,occlusion_1,0.1605890740454197,0.020708308517932893,0.9993537068367004
7786,1968,occlusion_1,0.25609802594408393,0.03997074378033479,0.9977643489837646
7787,4416,occlusion_1,0.7602666260147664,0.04515357606374381,0.9992958307266235
7788,2109,occlusion_1,0.497938652080102,0.04061932061783603,0.9996541738510132
7789,725,occlusion_1,0.22302976889269693,0.021978721200000672,0.9994435906410217
7790,1134,occlusion_1,-0.10467498638622817,-0.4234829751685971,0.24350415170192719
7791,101,occlusion_1,0.23066087868874488,0.16520814208880716,0.9965853691101074
7792,4266,occlusion_1,0.20243695101072623,0.047974212744901344,0.9994989633560181
7793,2253,occlusion_1,0.1532662793611869,0.03296791208096039,0.999208390712738
7794,1269,occlusion_1,0.006957944482564926,0.011432752013206482,0.9999366998672485
7795,2813,occlusion_1,0.23794263090406145,0.06020226648875645,0.99965500831604
7796,193,occlusion_1,0.10450226711955937,0.14829523138927692,0.9993638396263123
7797,1127,occlusion_1,0.19770907026690407,0.048624333900374336,0.9997536540031433
7798,2871,occlusion_1,0.0936254357192211,0.14221757950215805,0.9997450709342957
7799,3470,occlusion_1,0.0651449162293883,0.2312284475316547,0.9930214285850525
7800,280,occlusion_1,0.2428875098887243,0.047707388471615944,0.99970942735672
7801,1696,occlusion_1,0.4218341925491889,0.05036340798768732,0.9990069270133972
7802,2623,occlusion_1,0.07032498783535428,0.0005663408173455132,0.9932789206504822
7803,2139,occlusion_1,0.18501801788806915,0.10355069223062499,0.999329686164856
7804,3438,occlusion_1,0.03166533464735204,0.006479232148690658,0.9999388456344604
7805,82,occlusion_1,0.05477437436580658,0.01233127474784851,0.9998000264167786
7806,876,occlusion_1,0.08099278586882132,0.12746290338260155,0.9615743160247803
7807,2719,occlusion_1,0.0054123300187131195,0.003928594132687183,0.9999428987503052
7808,2374,occlusion_1,0.06507854869491175,0.04990348533580178,0.9995403289794922
7809,1569,occlusion_1,0.5420556195387418,0.022804482503140225,0.999365508556366
7810,2416,occlusion_1,0.010239395002524057,0.003679224600394567,0.9999324083328247
7811,3724,occlusion_1,0.1803952021258218,0.16566528337342398,0.9975895881652832
7812,3511,occlusion_1,0.8849128236435354,0.10300670851022005,0.9966631531715393
7813,4046,occlusion_1,0.07180097493929444,0.1375693922724437,0.9979152083396912
7814,2132,occlusion_1,0.1292772569439628,0.029510033130645753,0.9993273019790649
7815,2932,occlusion_1,0.2354578234063571,0.19000087557908366,0.9991326928138733
7816,3414,occlusion_1,0.004863181779550952,0.12258107717647108,0.9997473359107971
7817,1009,occlusion_1,0.02131101707132851,0.007230600205863394,0.9999313354492188
7818,4171,occlusion_1,0.09911186938605658,0.01936194954848871,0.9999346733093262
7819,1439,occlusion_1,0.28282387934777203,0.024689277215879792,0.9999344348907471
7820,3603,occlusion_1,0.1498871221272058,0.04219258827872054,0.9997875094413757
7821,2680,occlusion_1,0.0384355167328727,0.03315102046026903,0.9995542168617249
7822,4297,occlusion_1,0.00636024276415507,0.04014334330956141,0.999887228012085
7823,630,occlusion_1,0.4717900089091725,0.043487798339790766,0.9997987151145935
7824,638,occlusion_1,0.18444035356414729,0.03133751554735776,0.9995785355567932
7825,455,occlusion_1,0.5377127165172962,0.07023643844939292,0.9885410666465759
7826,129,occlusion_1,0.006151266892751058,0.00835558705859714,0.9999216794967651
7827,3544,occlusion_1,0.44949871038970274,0.11916866568991771,0.9996554851531982
7828,2705,occlusion_1,0.13197028178435105,0.00749174218911391,0.998616099357605
7829,4542,occlusion_1,0.14416990583857237,0.033449505574180416,0.9994493126869202
7830,1736,occlusion_1,0.17489057337796246,0.09299645821253459,0.9988632202148438
7831,1442,occlusion_1,0.09305805712938309,0.02329917270235899,0.9989868998527527
7832,836,occlusion_1,0.682581577959354,0.04631170770153403,0.9957411289215088
7833,3713,occlusion_1,0.024089021178392265,0.11810336013634999,0.9998024106025696
7834,963,occlusion_1,0.08028447093715056,-0.11979534371017382,0.1722792387008667
7835,3500,occlusion_1,0.16643019180744886,0.01979367382824421,0.9985418319702148
7836,1386,occlusion_1,0.07095539849251509,0.22059532382991165,0.9997828602790833
7837,3631,occlusion_1,0.17853977896121084,0.29190810458088406,0.9996988773345947
7838,3220,occlusion_1,0.24995028001128458,0.13858697117835866,0.999125063419342
7839,1920,occlusion_1,0.03982120752334595,0.11670129848965283,0.9993933439254761
7840,3065,occlusion_1,0.9045829396311413,0.024807370760861563,0.9984636306762695
7841,4122,occlusion_1,0.15420627113311522,0.015400628889760664,0.9999406337738037
7842,2735,occlusion_1,0.021903173997998238,0.08329046280546622,0.9997478127479553
7843,1441,occlusion_1,0.0671544810313554,0.09383409860588256,0.9997524619102478
7844,860,occlusion_1,0.04400671967728571,0.05390987240455367,0.9985270500183105
7845,930,occlusion_1,0.030756398688915165,0.03860538504844488,0.9999330043792725
7846,2920,occlusion_1,0.3019130941894319,0.01736957621243265,0.9837579131126404
7847,3073,occlusion_1,0.21319991221221593,0.04771156351153667,0.9581029415130615
7848,2537,occlusion_1,0.08402612520491376,0.3519334301133366,0.9997439980506897
7849,4582,occlusion_1,0.31438303248184485,0.02694443231675683,0.9996926784515381
7850,173,occlusion_1,0.005612996976767013,0.002340008073778295,0.9984564781188965
7851,1056,occlusion_1,0.36457486222347907,0.15513874055637467,0.9989043474197388
7852,2870,occlusion_1,0.058507098179114495,0.16080231464614994,0.9997250437736511
7853,50,occlusion_1,0.8754228068542683,0.0435965244957645,0.9988952875137329
7854,2560,occlusion_1,0.6579281117361134,0.009686376803960556,0.999908447265625
7855,31,occlusion_1,0.013281724954906263,0.03406161069869995,0.9997630715370178
7856,3419,occlusion_1,0.0038728270124881825,0.016333748685552717,0.9999228715896606
7857,3023,occlusion_1,0.04921601466455702,0.034577931514230824,0.9997532963752747
7858,1433,occlusion_1,0.13472728022053593,0.060994827906127834,0.998925507068634
7859,399,occlusion_1,0.07536114138715408,0.07287516050478991,0.9999289512634277
7860,3793,occlusion_1,0.06183419360054864,0.08535724783109294,0.9994363188743591
7861,3354,occlusion_1,0.11093930341303349,0.012709716334939003,0.9999203681945801
7862,749,occlusion_1,0.7462134258740185,-0.00044228367152668183,0.8262404203414917
7863,3479,occlusion_1,0.10158297014625176,0.18473062469907428,0.9997844099998474
7864,3212,occlusion_1,0.08367538327972095,0.2615768630316274,0.9915026426315308
7865,617,occlusion_1,0.23071008745361776,0.008825880639693317,0.9999336004257202
7866,4442,occlusion_1,0.2075887555972888,0.04900995049721155,0.9992184638977051
7867,2130,occlusion_1,0.7987254596965644,0.017392499243904805,0.9997063279151917
7868,283,occlusion_1,0.2902812727860042,0.049944830792290826,0.9996964931488037
7869,4517,occlusion_1,0.36964026279747486,0.08308898267291841,0.9997127652168274
7870,1217,occlusion_1,0.3935537900593456,0.029645373801822247,0.9997401833534241
7871,55,occlusion_1,0.09726574594775836,0.029382317513227462,0.999502420425415
7872,2038,occlusion_1,0.5140800690943641,0.03353426046669483,0.9997771382331848
7873,1302,occlusion_1,0.1566360559399155,0.1807212453383148,0.9997850060462952
7874,2767,occlusion_1,0.08688672352582216,0.26674352350112585,0.6382457613945007
7875,1813,occlusion_1,0.20052423974013198,0.02084423990353294,0.9982916712760925
7876,3881,occlusion_1,0.6064936809529576,0.09066201084189945,0.9993495345115662
7877,434,occlusion_1,0.31283968815515784,0.04238655238315977,0.9998668432235718
7878,115,occlusion_1,0.19348989679877246,0.08274742857819158,0.9998924732208252
7879,2119,occlusion_1,0.115519654795979,0.0574272737810106,0.9998014569282532
7880,2923,occlusion_1,0.04889765732428607,0.009356281336616068,0.999937891960144
7881,3392,occlusion_1,0.3343727500350387,0.0966397292084164,0.9993243217468262
7882,1789,occlusion_1,0.07480924977165349,0.04346780324319623,0.9997801184654236
7883,1103,occlusion_1,0.07620671391487122,0.1407364062558728,0.9999274015426636
7884,348,occlusion_1,0.18197481074567998,0.06874152394293835,0.8458763957023621
7885,4441,occlusion_1,0.09856519512101716,0.06077827703134686,0.9999092817306519
7886,78,occlusion_1,0.03020161169546622,0.03881742998405739,0.9999380111694336
7887,3224,occlusion_1,0.028297205766042072,0.0705177997931456,0.9999427795410156
7888,1821,occlusion_1,0.12225280614460216,0.023998982766095328,0.9997754693031311
7889,1735,occlusion_1,0.2903100142501435,0.010013356523693732,0.9999364614486694
7890,2473,occlusion_1,0.04529230816419735,0.006798938263294308,0.9999082088470459
7891,4204,occlusion_1,0.59383736569912,0.028649343129916068,0.9995266199111938
7892,3395,occlusion_1,0.03349412168775286,0.0319453912121909,0.9998862743377686
7893,3405,occlusion_1,0.88974299711933,0.06906445281846182,0.9555742740631104
7894,1431,occlusion_1,0.20119914799928665,0.01750675916671753,0.9995425939559937
7895,2113,occlusion_1,0.16393597826192324,0.049438371577046135,0.9997621178627014
7896,1294,occlusion_1,-0.03459768336107756,-0.39000347946235475,0.12968359887599945
7897,2798,occlusion_1,-0.10871592860655963,0.007595099724454081,0.012777583673596382
7898,4241,occlusion_1,0.41566273162292466,0.05025442468153464,0.9996380805969238
7899,2697,occlusion_1,0.0062251899923597065,0.014773300715855189,0.9884060621261597
7900,735,occlusion_1,0.16659308892003324,0.17094214793381302,0.999651312828064
7901,2398,occlusion_1,0.11039161786217899,0.10343861623721964,0.9996328353881836
7902,1921,occlusion_1,0.053683221770020634,0.0354530645104555,0.9974937438964844
7903,2454,occlusion_1,0.06734006023628915,0.05393397055090742,0.9868724346160889
7904,2436,occlusion_1,0.5769651326802833,-0.05135574630078148,0.6879131197929382
7905,3313,occlusion_1,0.11114837666568549,0.14226057032204192,0.9958451390266418
7906,2602,occlusion_1,0.039514472610072085,0.07708821563344252,0.9996352195739746
7907,1378,occlusion_1,0.30185364584829055,0.5999450747716061,0.9689615368843079
7908,4172,occlusion_1,0.3282068823614428,0.08983495230636289,0.9946192502975464
7909,140,occlusion_1,0.07233218770278127,0.016655578425056057,0.9997726082801819
7910,2482,occlusion_1,0.25773556759072974,0.0467786181464114,0.9996614456176758
7911,2566,occlusion_1,0.15584709708962372,0.037682180895524865,0.9996492862701416
7912,3043,occlusion_1,0.09019664576593435,0.061423512843419924,0.9995561242103577
7913,2718,occlusion_1,0.05761019983573964,0.04104726016521454,0.999789297580719
7914,1010,occlusion_1,0.18825543044573245,0.07859009285183514,0.9994291663169861
7915,1516,occlusion_1,-0.20160590075621648,-0.23220960296956555,0.611278772354126
7916,1988,occlusion_1,0.22519411858828628,0.12098925692193649,0.999685525894165
7917,2942,occlusion_1,0.46564968818849,0.02845022887796969,0.9995535016059875
7918,3097,occlusion_1,0.13847317520994692,0.04026258751749992,0.999742329120636
7919,151,occlusion_1,0.20566911697387696,0.07842861413955689,0.9639233946800232
7920,2319,occlusion_1,0.048541217595338824,0.10733374910196289,0.9901373386383057
7921,1373,occlusion_1,0.5958561142225091,0.043950366901188365,0.9997658133506775
7922,1358,occlusion_1,0.8318441236007048,0.17408710086278412,0.9988759160041809
7923,1873,occlusion_1,0.6382548248819897,0.08397698336664368,0.9902647733688354
7924,2668,occlusion_1,0.018990884606654827,0.03999743610620499,0.9999090433120728
7925,4357,occlusion_1,0.15426647731077833,0.12204194964992034,0.9990045428276062
7926,62,occlusion_1,0.054757685131496855,0.003837377495235867,0.999931812286377
7927,1795,occlusion_1,0.12716971928703374,0.07082814235111763,0.9999234676361084
7928,1000,occlusion_1,0.05181144418961862,0.019168481888139948,0.9997530579566956
7929,3679,occlusion_1,0.319050577867433,0.024297353664511127,0.9997993111610413
7930,1850,occlusion_1,0.07174963581150975,0.4046878624579002,0.998589813709259
7931,2825,occlusion_1,0.706314030134728,0.0723023059276434,0.9998986721038818
7932,3964,occlusion_1,0.02027913512518773,0.05338981905235694,0.999750554561615
7933,1625,occlusion_1,0.11085375547409057,0.10604298327650342,0.9999339580535889
7934,1313,occlusion_1,0.5165145170655759,0.2219389623359722,0.9997521042823792
7935,4320,occlusion_1,0.03562629545057142,0.010041763653626313,0.9997965693473816
7936,2166,occlusion_1,0.3651746146437921,0.0282894996878672,0.9997931122779846
7937,2184,occlusion_1,0.2753967676622172,0.13245573341846467,0.9955392479896545
7938,4148,occlusion_1,0.07812031441264683,0.030257679108116362,0.9999343156814575
7939,300,occlusion_1,0.13680895084936945,0.029137418658103584,0.9997203946113586
7940,339,occlusion_1,0.1014588300271758,0.03835119287084256,0.9997205138206482
7941,2220,occlusion_1,0.5696169308832159,0.040484962337042976,0.9997548460960388
7942,1587,occlusion_1,0.05632736720144749,0.02873360924422741,0.9998394250869751
7943,4410,occlusion_1,0.18502732616745762,0.07944585900339815,0.9997898936271667
7944,3009,occlusion_1,0.07366533811185874,0.02383617399369969,0.9995825886726379
7945,4314,occlusion_1,0.7861571595223302,0.03882643981621815,0.9995521903038025
7946,2236,occlusion_1,0.17173614080359295,0.2897573170456581,0.8126024603843689
7947,3837,occlusion_1,0.05044767757256826,0.017627666393915813,0.999776303768158
7948,2512,occlusion_1,0.05469976381763168,0.23954836841490443,0.9997861981391907
7949,4272,occlusion_1,0.05203238091407678,0.08591562433120532,0.9996488094329834
7950,2294,occlusion_1,0.19678164039339338,0.05146681049040386,0.9994392991065979
7951,3416,occlusion_1,0.14593710133007595,0.19730269653456553,0.9999258518218994
7952,3694,occlusion_1,0.2258985379665363,0.049853527146141705,0.9976987242698669
7953,108,occlusion_1,-0.4184892216697335,-0.00908636249601841,0.23390141129493713
7954,3795,occlusion_1,0.4910617859206266,0.09185805171728134,0.996711254119873
7955,3228,occlusion_1,0.07498811438996741,0.03885666740701554,0.9996755123138428
7956,4327,occlusion_1,0.013460716936323378,0.005553691916995578,0.9999361038208008
7957,4444,occlusion_1,0.1272363717882679,0.018444792439158145,0.9992326498031616
7958,932,occlusion_1,0.6383502415529537,0.10113671499614914,0.9995693564414978
7959,3245,occlusion_1,0.14424129836261274,0.31735258537810296,0.9996263980865479
7960,1037,occlusion_1,0.05597748590070148,0.01122438907623291,0.999936580657959
7961,3070,occlusion_1,0.017391662339906435,0.02212220269280511,0.9999281167984009
7962,507,occlusion_1,0.059088420239277184,0.0843235828797333,0.99973064661026
7963,1983,occlusion_1,0.12391520341237386,0.006391649776034885,0.9999369382858276
7964,635,occlusion_1,0.3961570645868778,0.057414838671684267,0.9995065927505493
7965,102,occlusion_1,0.19373530053323315,0.08867576258677629,0.9962306618690491
7966,2618,occlusion_1,0.11366523641186792,0.03601408125580968,0.999721109867096
7967,2452,occlusion_1,0.5564377769258702,0.03685378813081318,0.9994428753852844
7968,2433,occlusion_1,0.08177274275333324,0.0036139855993554946,0.9952096343040466
7969,2955,occlusion_1,0.0666071252945142,0.02413493776932741,0.9993991851806641
7970,4406,occlusion_1,0.005352964358670371,0.0016240413699831282,0.9999321699142456
7971,146,occlusion_1,0.12823369366427262,0.09238478352005283,0.9929821491241455
7972,2277,occlusion_1,0.21930406123399734,0.030316939353942873,0.9987791180610657
7973,628,occlusion_1,0.08637653243157171,0.08849003586557604,0.9996241331100464
7974,4147,occlusion_1,0.36890453743059576,0.06762565970420838,0.9977594614028931
7975,2488,occlusion_1,0.490680113254229,0.2563022547732618,0.7708569765090942
7976,4587,occlusion_1,0.7513886116388621,0.08418200481118578,0.9977166652679443
7977,624,occlusion_1,0.9397064093972058,0.17716362270509528,0.9758737683296204
7978,1402,occlusion_1,0.02773252443263405,0.01021161675453186,0.9999257326126099
7979,1547,occlusion_1,0.7502877144359572,0.03861755461886872,0.9995481371879578
7980,1680,occlusion_1,0.1500023178756237,0.055397579446434975,0.9995798468589783
7981,2779,occlusion_1,0.5057118016162089,0.06879633130683076,0.9997870326042175
7982,3616,occlusion_1,0.05018948091239464,0.018377715131131615,0.9381188154220581
7983,3676,occlusion_1,0.10911548100411891,0.0069885745644569395,0.9999200105667114
7984,2004,occlusion_1,0.009940633407005897,0.038776581103985124,0.9987618923187256
7985,2141,occlusion_1,0.2814827824874622,0.022830695822471526,0.999660849571228
7986,4045,occlusion_1,0.3288751905784011,0.016156809083346664,0.9999228715896606
7987,1761,occlusion_1,0.00875160500809953,0.013246246286340663,0.9999334812164307
7988,266,occlusion_1,0.22249746566789375,-0.06918265388624088,0.5002744197845459
7989,4195,occlusion_1,0.6332522669628738,0.04469603236685408,0.9997265934944153
7990,1808,occlusion_1,0.1620387158119211,0.09645045018645332,0.9724524021148682
7991,3786,occlusion_1,0.4932086665989544,0.03842634137006516,0.9997901320457458
7992,3199,occlusion_1,0.10554507374763489,0.029937402407328288,0.9999377727508545
7993,2619,occlusion_1,0.09131278154543704,0.025329400681787066,0.9995806813240051
7994,2459,occlusion_1,0.21076670097130717,0.1048624012054819,0.9987064599990845
7995,3187,occlusion_1,0.38339615299959073,0.046510625291954384,0.999652624130249
7996,4531,occlusion_1,0.18434962731165191,0.12377221501083113,0.9996719360351562
7997,4355,occlusion_1,0.14188668217199543,0.04037840185143674,0.9996660947799683
7998,2725,occlusion_1,0.05267811777151149,0.09552337717183906,0.9163215160369873
7999,4573,occlusion_1,0.027348003326318204,0.007003941597082676,0.9999277591705322
