,id,explanation_method,comprehensiveness,sufficiency,prob
0,1913,decompx,0.3092312990920618,0.029082690924406053,0.9943388104438782
1,4550,decompx,0.1367555228571291,0.05774453939375235,0.15146853029727936
2,4424,decompx,0.08803851922621599,0.00591814356881219,0.9996589422225952
3,3802,decompx,0.2097153174025672,0.0027822000639779227,0.9995806813240051
4,3867,decompx,0.7470756452730192,0.033050430885383064,0.9948807954788208
5,2557,decompx,0.8347786921658553,0.03451234113205882,0.9759672284126282
6,2097,decompx,0.01845921020743982,0.08983459645214509,0.9993723034858704
7,3546,decompx,0.8840525127672536,0.0030860670430715694,0.9584444761276245
8,2808,decompx,0.33844159560670195,0.007148455632360358,0.9996665716171265
9,893,decompx,0.5401887649638673,0.03163840665908183,0.999051034450531
10,674,decompx,0.528755864334843,0.03651833060112866,0.9989060163497925
11,4329,decompx,0.7381612117250644,0.03472045072635939,0.9989264607429504
12,518,decompx,0.6545978945299483,0.022439473104186175,0.9991744160652161
13,3071,decompx,0.8558938616421073,0.006254561245441437,0.9993823766708374
14,1449,decompx,0.7486699833969441,0.040440758917389845,0.9991769194602966
15,2475,decompx,0.5738100860035047,0.020782890689113865,0.9993069171905518
16,2224,decompx,0.7645266788036679,0.023210226092487574,0.9987109899520874
17,3008,decompx,0.9013997766992163,0.020052011084297428,0.9989023208618164
18,2799,decompx,0.48039882625603386,0.03093057137823874,0.9993740916252136
19,3455,decompx,0.7309187533614664,-0.11644748642164118,0.8473272919654846
20,2715,decompx,0.073231648567111,0.005900258241697799,0.9996358156204224
21,1799,decompx,0.7491796905330071,0.025084374615779288,0.9993937015533447
22,1476,decompx,0.03224983513355255,0.006394380331039428,0.9996558427810669
23,3045,decompx,0.32831070517951094,-0.39167646651989535,0.33991745114326477
24,191,decompx,0.7312138875963033,0.021129453364683658,0.9993802309036255
25,1612,decompx,0.08378092710708462,0.2280328508478665,0.9987958669662476
26,3501,decompx,0.7699986336364721,-0.004816067218780517,0.992664635181427
27,2706,decompx,0.0953969399134318,0.005608722898695204,0.9996641874313354
28,788,decompx,0.8515526866324,0.025098853618712037,0.9991770386695862
29,2721,decompx,-0.015560192151042429,-0.8428927380058061,0.0007631847984157503
30,2543,decompx,0.11109909787774086,0.0052831632395585375,0.9995973706245422
31,4425,decompx,0.6678003474939942,0.03810448874719441,0.9857469797134399
32,4154,decompx,0.06770068500190973,0.002222105860710144,0.9995936751365662
33,169,decompx,0.6604768607233252,0.024125859354223525,0.9913190007209778
34,1657,decompx,0.012758721004832874,0.007516709241000089,0.9996616840362549
35,3040,decompx,0.31696904604241516,0.002419437232770418,0.9996602535247803
36,269,decompx,0.6125626924175133,0.02332237399205929,0.9993628859519958
37,1775,decompx,0.35925204561896285,0.005464334379542957,0.9996589422225952
38,3229,decompx,0.9476138007964398,0.02231848207504853,0.9986925721168518
39,4496,decompx,-0.4720820152554019,-0.30971439362599934,0.10239534825086594
40,1064,decompx,0.6032751316291302,0.03158739382444426,0.9993277788162231
41,4134,decompx,0.8091355863251481,0.036044104335208736,0.9990893602371216
42,4000,decompx,0.3726854975064916,0.029991295308836045,0.9983528852462769
43,609,decompx,-0.3197178806402479,-0.017852908966166002,0.0020482183899730444
44,2710,decompx,0.5051091335092982,0.03384214093287786,0.9990960359573364
45,3460,decompx,0.6802187723614656,0.02605748813795416,0.9992254972457886
46,1803,decompx,0.6955603581599213,-0.10020113695751537,0.8552583456039429
47,1918,decompx,0.7274690418103555,0.004851048090020005,0.9996613264083862
48,3197,decompx,0.5231508215540088,-0.1052919678390026,0.5508357286453247
49,1737,decompx,0.3171613273972815,0.020212420177730648,0.9991699457168579
50,4435,decompx,0.5753705966358106,0.025775555781153744,0.9170476198196411
51,3750,decompx,0.9208615453456084,0.029801468618891457,0.9724546670913696
52,3966,decompx,0.5912016285955906,0.0374493633210659,0.9989425539970398
53,365,decompx,0.31533396737866626,0.028441239321647688,0.9988769888877869
54,4053,decompx,0.04861829831049992,0.006572530819819524,0.9995436072349548
55,2066,decompx,0.03095062250314757,0.0059395141379777775,0.999488115310669
56,1852,decompx,0.39954728781358917,0.07279588322381715,0.9942169189453125
57,2703,decompx,0.6994646910495836,0.005431792315314798,0.9989523887634277
58,487,decompx,0.6542733644384757,0.058100265114834265,0.9985476136207581
59,4055,decompx,0.5606204590973599,0.005633602539698283,0.9996187686920166
60,4475,decompx,0.8192195151328073,0.02872690916634523,0.9981461763381958
61,3348,decompx,0.5095245188470775,0.020177524924899142,0.9993853569030762
62,351,decompx,0.554085135328071,0.048209946994718755,0.9990637898445129
63,2509,decompx,0.2288417718823879,0.006908114879362045,0.999666690826416
64,4030,decompx,0.3661732885161655,0.0060376692563295364,0.9994561076164246
65,1650,decompx,0.02937317801558453,0.0053660454957381535,0.9996337890625
66,2653,decompx,0.07185740178486086,0.0026964815157764365,0.999609649181366
67,4285,decompx,0.5313330212807159,0.006581686437129974,0.9982865452766418
68,1468,decompx,0.666840553271868,0.030709557700902224,0.9989425539970398
69,2998,decompx,0.4579274104326032,0.006629979610443116,0.9995917677879333
70,1270,decompx,0.798593057376138,-0.13369709253311157,0.8581515550613403
71,297,decompx,0.6811384409278011,0.03726155466089646,0.9961426854133606
72,2019,decompx,0.6098208156251564,0.006113746651896724,0.9996432065963745
73,629,decompx,0.8481129317454272,0.056548399430128835,0.9985477328300476
74,1944,decompx,0.36077608958086266,0.023038595914840698,0.9991617202758789
75,953,decompx,0.018295336710779292,0.0063013434410095215,0.9994865655899048
76,466,decompx,0.05175207927823067,0.006419925019145012,0.9995763897895813
77,2200,decompx,0.8066354273608379,-0.12192433537996333,0.8540064096450806
78,728,decompx,0.6081174637901395,0.00558676773851568,0.9994561076164246
79,3376,decompx,0.8292177741925371,0.012640668634782758,0.9947073459625244
80,4549,decompx,0.7238300143481168,0.014805091761572416,0.9830725193023682
81,72,decompx,0.0035821835133960592,-0.8901807094113,0.00627287570387125
82,4,decompx,0.05527238531949672,0.12418575966334407,0.9985929131507874
83,1098,decompx,0.7681232543561507,0.056514946995554746,0.9961133003234863
84,2726,decompx,0.5225974594918079,0.01915629968047142,0.9993663430213928
85,2921,decompx,0.5117673925822255,0.0070356513772692,0.9996601343154907
86,2531,decompx,0.18516211648998054,0.005899731231772382,0.9996145963668823
87,2614,decompx,0.16638026128132496,0.0028014154203476445,0.9996167421340942
88,2434,decompx,0.7521640644890482,0.008525515489023307,0.9884706735610962
89,3111,decompx,0.7509038720508011,0.06424399450117228,0.9929046034812927
90,3615,decompx,0.7850997741730628,0.03953234484230263,0.989231288433075
91,3063,decompx,0.711373495782027,0.030837030382826924,0.9991852641105652
92,1385,decompx,0.6016587889856763,0.01947838068008423,0.9989620447158813
93,128,decompx,-0.003100977062832755,-0.6076387565296429,0.05991167202591896
94,1030,decompx,0.6020021237432956,0.03296887472271919,0.9918654561042786
95,16,decompx,0.14733025560776392,0.0015915282567342123,0.9995558857917786
96,670,decompx,0.8642415499551024,0.04901043167619994,0.9991095662117004
97,3743,decompx,0.7844493316891225,0.021955750102913656,0.9991957545280457
98,2202,decompx,0.5447898886293757,0.025690591265988903,0.9947768449783325
99,1615,decompx,0.7489928000260335,0.04745275450822634,0.9969441294670105
100,1558,decompx,0.4197240966795317,0.006293624639511108,0.9995993971824646
101,3953,decompx,0.7758253962667876,0.05125063189933466,0.8385427594184875
102,304,decompx,0.8155280047737737,0.01849980046059571,0.9991636276245117
103,4004,decompx,0.2760903772646806,0.006446675250404759,0.99965500831604
104,4547,decompx,0.7722179462421187,0.05427934454624043,0.9124698042869568
105,1247,decompx,0.5510403617471457,0.019726031422615052,0.9988911747932434
106,3136,decompx,0.6618878647051234,0.032330870938797794,0.9989492297172546
107,1220,decompx,0.4688889586546442,0.016804941652113933,0.9992615580558777
108,3261,decompx,0.9297370165612342,0.005198903878529866,0.9988645315170288
109,1611,decompx,0.7237346834747138,0.0090832463823832,0.9595311284065247
110,1181,decompx,0.7783664481701433,0.021265406244330935,0.9993925094604492
111,2797,decompx,0.3862251354332425,-0.39429830524482223,0.46431487798690796
112,610,decompx,0.8901667527445569,0.023842727629149834,0.9989633560180664
113,3751,decompx,0.6840876773225538,0.051274180271183,0.9895468354225159
114,2248,decompx,0.7555299657143246,0.013378145603033213,0.9825856685638428
115,99,decompx,0.7165674992245744,0.02385481741083296,0.9989156723022461
116,3781,decompx,0.12847397437221125,0.006870534859205547,0.9996659755706787
117,225,decompx,0.349862928611829,0.006160536233116598,0.9996508359909058
118,2103,decompx,0.7218056133198034,0.025315249131785497,0.9950827360153198
119,2836,decompx,0.578976360124127,0.024315840405661884,0.9990633130073547
120,2924,decompx,0.24085239916131262,0.008283192064703964,0.9996180534362793
121,2859,decompx,-0.4080690441187471,-0.289567568763981,0.0047720917500555515
122,2782,decompx,0.8819549529731515,0.021350880845999107,0.9962024092674255
123,515,decompx,0.6755836568308705,0.0070159805787576215,0.9996391534805298
124,1951,decompx,0.864813071066657,0.021202993316528123,0.9923940896987915
125,3869,decompx,0.5372615951630805,0.04126010653045442,0.9987646341323853
126,2263,decompx,0.8087481305243053,0.016511506654999474,0.9832453727722168
127,4006,decompx,0.7389749024247673,0.005896839002768199,0.9329985976219177
128,4522,decompx,0.7646276561038879,0.024730321640769642,0.997199535369873
129,2137,decompx,0.012491368886196253,0.005958275361494584,0.9994431138038635
130,3673,decompx,0.7949574336207489,0.014713152751045407,0.9948624968528748
131,1707,decompx,0.25040470917260144,-0.346887358996485,0.284817099571228
132,314,decompx,0.47740918510172464,0.001729985622510518,0.9995383024215698
133,1924,decompx,0.8373543629379667,0.35474991384479737,0.9326366782188416
134,2247,decompx,0.821323472341603,0.021372094395614806,0.9990529417991638
135,3901,decompx,0.7548553157857684,0.02053110734667889,0.9985560774803162
136,1847,decompx,0.6019568029918115,0.007720533645514286,0.9994674324989319
137,1725,decompx,0.04561211206974127,0.006044153983776386,0.9996540546417236
138,3547,decompx,0.0018863096352546445,-0.29716253067336734,0.012798065319657326
139,4558,decompx,0.6009804718403353,0.019820903407202828,0.9991627931594849
140,3403,decompx,0.5922136607956379,0.017438274748781894,0.9956961870193481
141,3007,decompx,0.9173837002022827,-0.01173383891582489,0.9694604873657227
142,2961,decompx,0.8941290304810536,0.02839945489540696,0.9989249110221863
143,3591,decompx,0.711752188474159,0.08524558758910965,0.999377965927124
144,571,decompx,0.19618823313503525,0.12397031486034393,0.9991270899772644
145,4041,decompx,0.43954476017647215,0.044220853679709966,0.9928140044212341
146,2629,decompx,0.4720615501116429,0.03472711110398883,0.9984891414642334
147,3121,decompx,0.7676865410811099,0.038725329732353035,0.9988301396369934
148,2701,decompx,0.6510226287944025,-0.08895227278387824,0.8653034567832947
149,3101,decompx,0.8711517636008836,0.033248099188009896,0.9965533018112183
150,1863,decompx,0.09666648594772115,0.00718460012884701,0.9994211196899414
151,2908,decompx,0.6198002580813197,0.005553271881369657,0.9996621608734131
152,4456,decompx,0.8110813760748979,0.020401304587721825,0.9987928867340088
153,3230,decompx,0.6720922413156726,0.028693268791987345,0.9988297820091248
154,2399,decompx,0.833756561666776,0.034668432842744026,0.9985949397087097
155,3447,decompx,0.013509748876094818,0.007989400625228881,0.9996182918548584
156,1522,decompx,0.6324165588735151,0.02895083549347791,0.9993118047714233
157,3295,decompx,0.7245926195348147,0.023968839831650258,0.988055944442749
158,495,decompx,0.9311535080433762,-0.0006571521884516665,0.9905909895896912
159,317,decompx,0.24939940286413678,0.01931467518772719,0.9993842840194702
160,4319,decompx,0.008445940415064494,0.010994754234949748,0.9995343685150146
161,2583,decompx,0.8410827044087151,0.04776143001185523,0.9699583053588867
162,4536,decompx,0.8287957085606953,0.04616575108634101,0.9908421039581299
163,551,decompx,0.38273146507613687,0.03663161818100059,0.9982461929321289
164,950,decompx,0.6568601332998288,0.016416966272839183,0.999201238155365
165,2681,decompx,0.9458747123858917,0.004276638095443313,0.9983810186386108
166,1720,decompx,0.27679060213267803,0.005354913798245517,0.9995889067649841
167,3845,decompx,0.6328375012159085,0.0066777199506759645,0.9996449947357178
168,1653,decompx,0.5731510302866809,0.024723376892507077,0.998863697052002
169,1475,decompx,0.9587496976272609,0.022423530236268654,0.9978700876235962
170,826,decompx,0.6430673819309699,0.02640131392649242,0.9985975623130798
171,2235,decompx,0.6877246608312887,0.034984166805560775,0.99935382604599
172,1061,decompx,0.8101262384012807,0.00885965809226036,0.9881864190101624
173,2353,decompx,0.3793387231873531,0.005238443028693106,0.9995245933532715
174,2771,decompx,0.008625388145446777,0.0063298093645196216,0.9996633529663086
175,3467,decompx,0.6962297674385686,0.07824259075159962,0.9501699805259705
176,1672,decompx,0.22224876103368965,0.005725440141317007,0.9996485710144043
177,4093,decompx,0.07377723819679684,0.800315642149912,0.9898171424865723
178,2772,decompx,0.37028349190950394,0.019073371620227892,0.9981696605682373
179,1352,decompx,0.040394865804248385,0.005406214131249322,0.9992867112159729
180,1168,decompx,0.5542757478288629,0.0027807549996809525,0.9996587038040161
181,1928,decompx,0.756899562355506,0.06361646172073153,0.9927173852920532
182,2714,decompx,0.6191491521894932,-0.08477829307317734,0.7320428490638733
183,3211,decompx,0.8084046000744715,0.021597921155219853,0.9987195730209351
184,4227,decompx,0.81866964139657,0.038187137233060706,0.9991139769554138
185,2379,decompx,0.898124524117884,0.006023277342319488,0.9993844032287598
186,3649,decompx,0.3394003909495142,0.024865682091977863,0.9989896416664124
187,3624,decompx,0.5351576039442656,0.006339736101103992,0.9996579885482788
188,3790,decompx,0.6829030841113405,-0.0011373885134433178,0.9919941425323486
189,1898,decompx,0.10552864841052464,0.0064025819301605225,0.9995865225791931
190,1664,decompx,0.6152334045251145,0.024039916302028456,0.9984980821609497
191,3412,decompx,0.08348887111689593,0.0070244476601884175,0.9996570348739624
192,4179,decompx,0.5329640036589505,0.0433531994620959,0.9532638192176819
193,32,decompx,0.8532104373219996,0.10967138008429454,0.9760161638259888
194,1218,decompx,0.014158940061609795,0.005542446958257797,0.9996414184570312
195,2565,decompx,0.4273062896852558,0.0031937052463663035,0.9995566010475159
196,2385,decompx,0.17017749428749085,0.005824234485626221,0.9991104006767273
197,2592,decompx,0.6134702878871134,0.03430208478655134,0.998818576335907
198,3443,decompx,0.5221886602200053,0.005545167873303096,0.9995662569999695
199,3365,decompx,0.006766872970681442,0.0063704346355639005,0.9996423721313477
200,338,decompx,0.9298272864926778,0.02726890480047778,0.9852792024612427
201,1346,decompx,0.6464487802651193,0.04975321392218272,0.9897589683532715
202,4523,decompx,0.8049103652980799,0.029190361085865233,0.9981122016906738
203,4054,decompx,0.4194859052516239,-0.14361932866697041,0.8148842453956604
204,1577,decompx,0.4413974217555307,0.04865874825639928,0.9991635084152222
205,1123,decompx,0.6986097801668938,0.022163723443829737,0.9992470741271973
206,3777,decompx,0.7956527586788833,-0.12813654878447134,0.7993559837341309
207,752,decompx,0.23470911416022675,0.005848752415698507,0.999661922454834
208,681,decompx,0.6180757031860676,0.02041174251247536,0.9991687536239624
209,4433,decompx,0.7736253380234733,0.04890218435933715,0.9993265867233276
210,1904,decompx,0.2613811254425225,-0.5279426951534473,0.28973811864852905
211,2342,decompx,0.06084335587766706,0.035337702352173476,0.9989364743232727
212,2364,decompx,0.48211580946884747,0.0035826414823532104,0.9996687173843384
213,778,decompx,0.45449385169688294,-0.19156597119014143,0.6467320919036865
214,3001,decompx,0.8257063574713108,0.04027803682468154,0.9987093210220337
215,3200,decompx,0.6290333423591954,0.025000456230420815,0.9993091821670532
216,3921,decompx,0.7706254251369381,0.01809167461294048,0.9991611242294312
217,3545,decompx,0.6374108365202761,0.05816826333894449,0.9883450269699097
218,542,decompx,0.008965577398027693,0.007150094849722726,0.9996370077133179
219,2272,decompx,0.7812830498028133,0.020453269282976787,0.9989991784095764
220,391,decompx,0.9095530278430313,-0.024001169753702062,0.9576553702354431
221,1979,decompx,0.8433236396027496,-0.03476458311080933,0.9399215579032898
222,1150,decompx,0.9023810851892904,-0.015928999288007617,0.9439349174499512
223,149,decompx,0.03384282759257725,0.0073126929146902905,0.9994687438011169
224,2570,decompx,0.8618891223945148,0.024296572726023823,0.998884379863739
225,927,decompx,0.802324756339658,0.0690089710322874,0.9926952123641968
226,4017,decompx,0.30683642400033545,0.008792124011299828,0.9994820952415466
227,1398,decompx,0.48155124289184514,0.061523631361185334,0.9988958835601807
228,3635,decompx,0.6114734509846174,0.042390406309139164,0.9990284442901611
229,505,decompx,0.1929665635670385,0.007587853939302506,0.9994749426841736
230,3423,decompx,0.8513205446816312,-0.03590511072140474,0.9053910970687866
231,3247,decompx,0.8199182543661058,0.006300162523984909,0.9992719292640686
232,1895,decompx,0.6710812641411192,0.026492032015489206,0.9993858337402344
233,2286,decompx,0.7321649475838058,0.0268278857426984,0.9985120892524719
234,4232,decompx,0.6933433899749717,0.0324644022103813,0.9964010715484619
235,2595,decompx,0.42495750697950524,0.008815338214238485,0.9982085227966309
236,1770,decompx,0.11070174462086446,0.005604262287552292,0.9996064305305481
237,1267,decompx,0.7407774421188867,0.027731285853819412,0.995884120464325
238,3124,decompx,0.8650694020519344,-0.07527524029666727,0.8890299797058105
239,2125,decompx,0.5543271520048924,0.022526322908344724,0.9991903901100159
240,1659,decompx,0.7503919580070942,-0.02224605027586222,0.9334602952003479
241,2909,decompx,0.5037779394537211,0.044946647435426715,0.9979445338249207
242,1765,decompx,0.8919088976587469,0.014793496734152237,0.993634819984436
243,1560,decompx,0.8768701048476422,0.03286871519319865,0.9978329539299011
244,2967,decompx,0.6980581869550709,0.008986666798591614,0.9993798732757568
245,1416,decompx,0.7866930690806304,0.028100444223074353,0.9993982315063477
246,1630,decompx,0.5398871497716755,0.04566510830606733,0.9948638081550598
247,449,decompx,0.7124821983797606,0.0221837033885856,0.9993274211883545
248,152,decompx,0.8523636259202283,-0.09647733964166551,0.8814172148704529
249,211,decompx,0.8242526935130063,0.021641998773529417,0.9989579916000366
250,2032,decompx,0.8313662499754823,0.0390798549300858,0.9964901804924011
251,902,decompx,0.6275295067268113,0.024196660002836816,0.9991514682769775
252,3436,decompx,0.7450182476539665,0.021146869592702212,0.9870097637176514
253,3198,decompx,0.8806616803997894,0.020619558691978453,0.998917818069458
254,57,decompx,0.9103445401400304,-0.001054793214186644,0.9542140960693359
255,3164,decompx,0.0029795660692102767,0.010341784533332376,0.999634861946106
256,4303,decompx,0.6525242614740645,-0.3246036083140272,0.6684200763702393
257,1927,decompx,0.49676122042971355,0.02592108253803518,0.9988740086555481
258,3206,decompx,0.4367949523061602,0.010040727821556298,0.999640703201294
259,3388,decompx,0.8698792305341075,0.02138112968003208,0.9989737272262573
260,816,decompx,0.6758112264118002,0.007656484842300415,0.9995569586753845
261,3284,decompx,0.2786210759689933,0.008103908676850168,0.9995666146278381
262,2765,decompx,0.7607075347332284,-0.11717005417897151,0.8446167707443237
263,3970,decompx,0.009914755821228027,0.005699971788807919,0.999560534954071
264,885,decompx,0.36719556696374306,0.05357945764606649,0.9988434314727783
265,249,decompx,0.7033587546959039,0.027978907429402875,0.9972788691520691
266,2203,decompx,0.6594641915066762,0.025913520220746385,0.9963403940200806
267,3115,decompx,0.010809191843358481,0.007193485411202035,0.9996254444122314
268,2341,decompx,0.039755247360052065,0.00613713541696238,0.9996615648269653
269,4132,decompx,0.8714338277097581,0.020431932132199127,0.9863123297691345
270,1781,decompx,0.4603589227881457,0.005520333846410115,0.9994680285453796
271,4488,decompx,0.6357956984556159,0.005652662204659503,0.999626874923706
272,44,decompx,0.10337674684631519,0.042191051137753025,0.9990755319595337
273,2390,decompx,0.6059774806296142,0.03790188084046046,0.9993762373924255
274,286,decompx,0.5640203949065339,0.04212218584408137,0.9976373910903931
275,1094,decompx,0.713379438289986,0.14000740527825536,0.8478512167930603
276,1962,decompx,0.6242075107042112,0.01879712910044427,0.9990949630737305
277,4530,decompx,0.8460100938611459,0.021603616817695338,0.9983419179916382
278,202,decompx,0.12242209017276764,0.005231711864471435,0.999395489692688
279,237,decompx,0.7273424687673864,0.005947246499683546,0.9996422529220581
280,2519,decompx,0.9424307928715191,0.033437507726797246,0.9991971850395203
281,3870,decompx,0.834277311746572,0.027959390744274736,0.9918448328971863
282,1108,decompx,-0.022474479124412028,-0.8864244692182789,0.0017256962601095438
283,2449,decompx,0.8658235536816338,0.05504676370936282,0.9986068606376648
284,2525,decompx,0.5803095072671469,0.025749237553493398,0.999263346195221
285,357,decompx,0.6444134945454805,0.02970413539720618,0.995868444442749
286,736,decompx,0.13507285043597222,0.007900027434031169,0.9995502829551697
287,3918,decompx,0.4906419841106981,0.006126967072486877,0.9995150566101074
288,3848,decompx,0.01992402527783368,0.005663354654569883,0.9994513392448425
289,1953,decompx,0.36652825586497784,-0.029006519122049212,0.9291532039642334
290,1131,decompx,0.8277370252318279,0.33070303303086096,0.9742646813392639
291,261,decompx,0.20625145357378102,0.002976940737830268,0.9996565580368042
292,3113,decompx,0.6366293549005059,0.03349713563919068,0.9979788661003113
293,379,decompx,0.6413799713841303,0.020012979019195475,0.9993801116943359
294,4263,decompx,0.610930984851737,0.02417159338410084,0.9990772008895874
295,1521,decompx,0.708460920886999,0.01786857105239674,0.9993463158607483
296,1006,decompx,0.19067842675707278,0.00808636194620377,0.9995046854019165
297,2099,decompx,0.9368794154739235,0.020995461177535174,0.996834933757782
298,4293,decompx,0.09406641125679016,0.006072429248264857,0.9996528625488281
299,436,decompx,0.19761278594915682,0.0046581878111912655,0.9996432065963745
300,368,decompx,0.8832538319644906,0.033654766529798506,0.9954442977905273
301,3335,decompx,0.5945490083372533,0.02820036979392171,0.9978650212287903
302,3450,decompx,0.893125453634258,0.01903823468574258,0.9942594766616821
303,939,decompx,0.6168455872224173,0.011245969969492692,0.999417781829834
304,3596,decompx,0.7148704830119931,0.083488214879911,0.9962910413742065
305,4027,decompx,0.008178208023309708,0.00591213380297025,0.9996507167816162
306,4056,decompx,0.3294371627924735,0.0024443812537611577,0.9996144771575928
307,3946,decompx,0.6646685920198235,0.015848441735694285,0.9989486336708069
308,1429,decompx,0.8364402537304275,-0.08506483756578885,0.9057272672653198
309,3847,decompx,0.7909046267654668,0.0238390935862318,0.9982719421386719
310,1195,decompx,0.45814883297111186,0.15522056301274606,0.8628044128417969
311,1003,decompx,0.05768857379235438,0.04062222400263174,0.9442935585975647
312,1465,decompx,0.5039641402661801,0.020146632525655957,0.9991002082824707
313,2308,decompx,0.9976013961300892,0.023061250618030858,0.9993336796760559
314,250,decompx,0.8817845940953702,-0.01811873796913359,0.9314371943473816
315,1579,decompx,0.5571266906385639,0.02145299842444862,0.9951466917991638
316,3954,decompx,0.4789797877243092,0.0060462314029072605,0.9996585845947266
317,1105,decompx,0.6023991040419787,0.02443366472919782,0.9887095093727112
318,3569,decompx,0.8403896418576305,0.11101297993917723,0.984534502029419
319,3943,decompx,0.31098925694823265,0.04930452066354263,0.9588570594787598
320,1610,decompx,0.5623954534956549,0.03995373990477585,0.9991377592086792
321,3003,decompx,0.4369351863773223,0.0025541152594224462,0.9996428489685059
322,2100,decompx,0.6785256741541988,0.028766670123194202,0.9992386102676392
323,403,decompx,0.8790702591921383,0.010670335455374285,0.9877170920372009
324,2746,decompx,0.8236293898460091,0.019678362361762836,0.9425838589668274
325,4535,decompx,0.5835668861567528,0.022955323787445716,0.9988791346549988
326,1022,decompx,0.10026575718075037,0.006312781944870949,0.9993900060653687
327,1764,decompx,0.8450336081397027,0.025485218192140262,0.9988139867782593
328,2231,decompx,0.5074360872386023,0.007481951266527176,0.9986382126808167
329,3830,decompx,0.6682247542077675,0.023965100571513177,0.9993945360183716
330,3357,decompx,0.11484521990869104,0.0059479475021362305,0.9995301961898804
331,1154,decompx,0.7199444829692809,0.02455055323385057,0.9990899562835693
332,4461,decompx,0.8093893266762892,0.005256599309493085,0.9996380805969238
333,4356,decompx,0.8758159394115758,0.019515341476482505,0.9852369427680969
334,1788,decompx,0.7376032464330355,-0.12348081521233734,0.8353526592254639
335,813,decompx,0.9306615697811745,0.028691472485661507,0.990988552570343
336,344,decompx,0.6483517850283533,0.04930007126596239,0.9980541467666626
337,1353,decompx,0.6409690935296289,-0.0020585027725800223,0.9471147060394287
338,3951,decompx,0.6236027724499225,0.003213895826923604,0.9996528625488281
339,2427,decompx,0.22657272108786164,0.005106331337065924,0.9986635446548462
340,3287,decompx,0.7416870830962176,0.09777384230660068,0.9768236875534058
341,1226,decompx,0.7634260351499883,0.006546276371653487,0.9993801116943359
342,1678,decompx,0.6777779094181591,0.027552968989580106,0.9987406134605408
343,2941,decompx,0.5608575939248378,0.0064412486262437774,0.9994339346885681
344,1740,decompx,0.09874403985535227,0.007864797987589022,0.999609649181366
345,168,decompx,0.9161845159314742,0.02623733404007825,0.9939910769462585
346,4577,decompx,0.767987344258095,0.05919308947944423,0.9986741542816162
347,1363,decompx,0.8612301177519839,0.00807227889696757,0.9993069171905518
348,853,decompx,0.45900752224028113,0.03509210020303726,0.9991099238395691
349,387,decompx,0.7053032655527989,0.01913413434636359,0.9993614554405212
350,3356,decompx,0.5224200219270729,0.04709836876108533,0.9985538125038147
351,3746,decompx,0.8745559036438918,0.028470945516318985,0.9982921481132507
352,3411,decompx,0.13106152262443152,0.006672371656466753,0.9996423721313477
353,880,decompx,0.8249469561790951,0.022562235050524276,0.996950089931488
354,3464,decompx,0.701106337364763,0.019166546873748302,0.9989995360374451
355,1034,decompx,0.11401818858252631,0.007122015953063965,0.9996495246887207
356,3564,decompx,0.5570079905742948,0.02189347432418303,0.9990552067756653
357,84,decompx,0.6508417568111327,0.02172766134820201,0.9993891716003418
358,3903,decompx,0.5375069696456194,0.02655535036077102,0.9993959665298462
359,1772,decompx,0.6608555865079526,-0.025510950427916314,0.9169833660125732
360,42,decompx,0.5124562753533776,0.03882380913604389,0.9977256655693054
361,4097,decompx,0.6004220444097566,0.06611189148996187,0.9840864539146423
362,2943,decompx,0.8054153261876379,0.03636027414065141,0.9993330836296082
363,4262,decompx,0.8578465888290894,0.02316277365132076,0.9988723397254944
364,3099,decompx,-0.0025210173869807577,-0.314214055769372,0.0013185561401769519
365,3982,decompx,0.9108005316200792,0.06399382942896566,0.9891585111618042
366,3797,decompx,0.6355265975456501,0.561003360042318,0.6892267465591431
367,1730,decompx,0.7639558123919414,0.018068975684317676,0.9928592443466187
368,2616,decompx,0.3067492582225608,0.005167327429118909,0.9981910586357117
369,476,decompx,0.2303840478083917,0.27536738658922594,0.9993278980255127
370,1489,decompx,0.28206656222993676,0.017752410742369565,0.9983879327774048
371,2295,decompx,0.7186751856763915,0.03975610553127963,0.9973560571670532
372,468,decompx,0.886598235728646,0.01885423669591546,0.9978876709938049
373,3608,decompx,0.3255073278170047,-0.16008214686404576,0.7348155379295349
374,4098,decompx,0.3827544379888511,0.02103554839041175,0.9970888495445251
375,1874,decompx,0.6671063152718402,0.022568151886974062,0.9993833303451538
376,290,decompx,0.7568988378752362,0.017384706843983043,0.998149037361145
377,383,decompx,0.15765432820010644,0.004429837832084069,0.9996250867843628
378,3175,decompx,0.8719137891290302,0.0231160631403327,0.999037504196167
379,4501,decompx,0.10138481553013694,-0.3116832563075526,0.15053939819335938
380,3622,decompx,0.3750057889320444,-0.10889946749167782,0.402948260307312
381,2034,decompx,0.4084633842005201,0.0036058729549623887,0.9970018267631531
382,363,decompx,0.8923191019222775,0.07441879470239986,0.9820668697357178
383,3374,decompx,0.7462490625387314,0.017691494641350766,0.9983819723129272
384,1640,decompx,0.25721077811579374,0.03747532066217689,0.998847484588623
385,1448,decompx,0.8406041251957614,0.014621029974836292,0.9979586601257324
386,957,decompx,0.8003465161565692,0.03592034377157688,0.9979537725448608
387,4028,decompx,0.8938496183569392,0.030767552755974436,0.9971436858177185
388,3583,decompx,0.8809326664532388,0.02411050251439998,0.9983096122741699
389,3657,decompx,0.16487993121147157,0.6095714961364865,0.9975359439849854
390,4436,decompx,0.7793703687998156,0.019892785449822745,0.9979088306427002
391,3203,decompx,0.9249855410411588,0.031204310556252796,0.981618344783783
392,3487,decompx,0.8814569971663606,0.01698910514282626,0.9909029603004456
393,4109,decompx,0.7999800273267154,-0.029345248958894184,0.8144953846931458
394,197,decompx,0.14402659952032323,0.005436979994481924,0.9995786547660828
395,3854,decompx,0.47133154346374795,0.022768152168109304,0.9994069337844849
396,2128,decompx,0.6616366592296843,0.02254639361940679,0.9993576407432556
397,2884,decompx,0.3966943246618315,0.006277887260212618,0.9996544122695923
398,213,decompx,0.29365952677872714,0.014187457306044442,0.9946565628051758
399,2214,decompx,-0.0012567295992551874,-0.004040087734481219,0.00034314801450818777
400,3161,decompx,0.04211179221548685,0.0071183719286104525,0.9996615648269653
401,907,decompx,0.18754997500674983,0.019190346931709963,0.9993670582771301
402,2498,decompx,0.798291225864159,0.023860047105699778,0.9993485808372498
403,2197,decompx,0.35064473296873844,0.020495030455864392,0.9991539716720581
404,1493,decompx,0.6721214376499548,0.037167646209983266,0.9939420819282532
405,176,decompx,0.6465806400137288,0.029160366526671817,0.996566116809845
406,3451,decompx,0.0693281888961792,0.007699583515976415,0.9996602535247803
407,2551,decompx,0.6897217207650621,0.031808891998870034,0.9991881251335144
408,1829,decompx,0.23343398405069654,0.003960417617451061,0.9996594190597534
409,4525,decompx,0.7231942786340962,0.018907605081188435,0.9990888833999634
410,47,decompx,0.7007183462253535,0.018905247762507082,0.9993900060653687
411,2650,decompx,0.026874262945992607,0.007866270201546805,0.9996182918548584
412,139,decompx,0.8049893322234063,0.010933712124824524,0.9877253174781799
413,2922,decompx,0.8669714285829369,0.017443109506910498,0.9993960857391357
414,3642,decompx,0.7703305239672773,0.023951505962759256,0.99886155128479
415,3719,decompx,0.8304945870697136,0.02261917210287518,0.9993595480918884
416,3053,decompx,0.4581991071999073,0.024222630262374877,0.9956526756286621
417,1889,decompx,0.7241269837062358,0.07838011317347225,0.9871044158935547
418,1470,decompx,0.34004201259660094,0.006394135324578536,0.9996492862701416
419,4096,decompx,0.42955997803558904,0.07528768999106956,0.9635717272758484
420,2293,decompx,0.13836976522352637,0.006239047864588295,0.999536395072937
421,251,decompx,0.8406291296084721,0.05035314112901688,0.9791962504386902
422,4358,decompx,0.46547138850893016,0.017458031358926193,0.9963322281837463
423,2791,decompx,0.44812760641798377,0.040320051833987236,0.9991394281387329
424,3028,decompx,0.7907336849848636,0.02134516868326399,0.999372661113739
425,215,decompx,0.7308513322698317,0.003646736559660538,0.9996404647827148
426,2298,decompx,0.6832898482865858,0.006407970190048217,0.9995597004890442
427,1533,decompx,0.7523159384960308,-0.09297862470149994,0.8608108758926392
428,2852,decompx,0.13508970255768576,0.021722133769545446,0.9964511394500732
429,933,decompx,0.05077275279022399,0.005857801153546288,0.9996296167373657
430,2679,decompx,0.6606941217381973,0.0410228930413723,0.9928038716316223
431,3072,decompx,0.008574310276243422,0.005480898751152886,0.9995871186256409
432,1681,decompx,0.7903675179571864,0.03332897053754076,0.9922989010810852
433,914,decompx,0.603879913924292,0.030836456365162326,0.9993832111358643
434,2306,decompx,0.47276125371802685,0.006097187829572101,0.9996342658996582
435,3841,decompx,0.18238933854981473,0.007161040055124383,0.9996579885482788
436,3570,decompx,0.8432848704661328,0.007146459637266217,0.9994775652885437
437,2211,decompx,0.8989846330933329,-0.0020584543094490514,0.9144052863121033
438,2857,decompx,0.05967194806278432,-0.26725931967107147,0.08441520482301712
439,1766,decompx,0.684140892228156,0.022358553395384832,0.9989136457443237
440,498,decompx,0.006589834167126326,-0.37112310240345614,0.03272458165884018
441,2230,decompx,0.677177442246375,0.05420049225601057,0.9991729855537415
442,884,decompx,0.8568983212386402,-0.01596442645504361,0.8953685760498047
443,3275,decompx,0.6221950882497955,0.01632612914431329,0.984022319316864
444,1991,decompx,0.23786757340033848,0.00862232247988383,0.9995319843292236
445,3426,decompx,0.4312232731867375,-0.439180594265323,0.43727901577949524
446,566,decompx,0.6668413542828528,0.025556804561937176,0.9991306662559509
447,3457,decompx,0.7986442308018148,0.017562885389283852,0.9992411136627197
448,2792,decompx,0.7109623069673862,0.016922480409795587,0.9982607960700989
449,4095,decompx,0.6482373144334326,0.018481572946676843,0.9991433620452881
450,2257,decompx,0.3014184095250369,0.023616589017604526,0.99796462059021
451,4129,decompx,0.27852547593314997,-0.6170501493981906,0.2853385806083679
452,1606,decompx,0.25526256834467254,0.03304608315229416,0.9987717270851135
453,439,decompx,0.8253641052126315,0.0019407876663737828,0.9994128942489624
454,2737,decompx,0.8422912072768668,0.020071830600500107,0.9952542781829834
455,2008,decompx,0.7523512892468378,0.019520049871400345,0.9962452054023743
456,3731,decompx,0.7384815947911905,-0.03905073812474375,0.9105895757675171
457,3519,decompx,0.5025683397308309,0.04937081260884062,0.999151349067688
458,2678,decompx,0.7871305675885789,0.005630703076072361,0.9996376037597656
459,4561,decompx,0.5905398746331533,0.05252754042545955,0.999054491519928
460,3617,decompx,0.8747825643796524,0.00815118949961018,0.9285452961921692
461,1998,decompx,0.3781239422052308,-0.19583206556060098,0.46868228912353516
462,1121,decompx,0.6646428999745033,0.033202856101773,0.9907028675079346
463,2601,decompx,0.1842593764039603,0.005761986429041082,0.999442994594574
464,1261,decompx,0.024789741406073935,0.006889198070917374,0.9995797276496887
465,2275,decompx,0.19356165456119925,-0.3412646181881428,0.3498845398426056
466,2611,decompx,0.3267755286971806,0.006518700718879699,0.9996684789657593
467,844,decompx,0.5177948681277132,0.016382050610357714,0.9836716055870056
468,4265,decompx,0.8362438316284881,0.055069471830907074,0.9942941069602966
469,27,decompx,0.11984346405256029,0.0233912356197834,0.9994039535522461
470,229,decompx,0.7952250316977734,-0.009116796851158142,0.970146656036377
471,862,decompx,0.13067079199986023,0.004707339135083285,0.9995015859603882
472,3155,decompx,0.776515927149679,0.0054827046891053515,0.999586284160614
473,4039,decompx,0.9259811150550377,0.07775634549558162,0.9984656572341919
474,183,decompx,0.09061939254024765,-0.8266638691843995,0.0993981808423996
475,2360,decompx,0.46742049440921796,0.007131036250822006,0.997113823890686
476,2348,decompx,0.8622969840229913,0.04007935964248397,0.9985082745552063
477,238,decompx,0.3635374671130469,0.038277635971705117,0.9985505938529968
478,3180,decompx,0.7046777454167101,0.02575582034281782,0.9993637204170227
479,2581,decompx,0.6605132245292354,0.17333827926112072,0.9118098616600037
480,1567,decompx,0.6156390953132919,0.04908863798930095,0.9991853833198547
481,2925,decompx,0.04131875435511271,0.006958603858947754,0.9996145963668823
482,523,decompx,0.4183248643364225,0.034926025143691475,0.9991225600242615
483,1035,decompx,0.8037927221629542,0.035893778140480455,0.9930290579795837
484,2402,decompx,0.43305435425211347,0.007649146741436374,0.9987123012542725
485,2312,decompx,0.839222499951979,0.03841001499030325,0.9987609386444092
486,1225,decompx,0.8035741754816264,0.019213514029979707,0.9988546371459961
487,2069,decompx,0.041684681024306856,0.006454475415058625,0.9994785189628601
488,423,decompx,0.5061320579647051,0.051073689582189184,0.9992967844009399
489,4427,decompx,0.6774327257214616,0.02081238086286344,0.9952455163002014
490,1174,decompx,0.6351329958316211,0.026965837289647358,0.9901217818260193
491,1490,decompx,0.1472418588219267,0.0060180317271839485,0.9996395111083984
492,2020,decompx,0.8283920818939805,0.020940785380926998,0.9984564781188965
493,1837,decompx,0.30784662290033504,-0.6075647640057275,0.33833006024360657
494,3730,decompx,0.7699873308397733,0.02352814249149183,0.9989099502563477
495,1586,decompx,0.16964617752014322,0.005709553018529365,0.9996424913406372
496,3595,decompx,0.46111954640793174,0.02512704737876591,0.9993891716003418
497,2622,decompx,0.7403439199055045,0.02327263800472748,0.9994051456451416
498,2173,decompx,0.03159377513787685,0.007534059194418101,0.9995648264884949
499,2153,decompx,0.42878621581451415,0.005020511911270466,0.9987844824790955
500,1139,decompx,0.8861331074923717,0.09061643929176387,0.9982008934020996
501,4101,decompx,0.8221675086999312,0.028402760199138097,0.9991216063499451
502,4005,decompx,0.7455036972338954,0.018244687881734636,0.9704930186271667
503,1530,decompx,0.6803198892327889,0.023279659995218603,0.9993129968643188
504,4259,decompx,0.8261008077215347,0.03154743060066893,0.9887791872024536
505,2175,decompx,0.2729664008985174,0.005651510776357448,0.9996013045310974
506,1016,decompx,0.628543213220133,0.022931343605441433,0.9991195797920227
507,1575,decompx,0.80805428163605,0.027309838463278377,0.9941682815551758
508,1333,decompx,0.882451017874039,0.036920351230285385,0.9992026686668396
509,1380,decompx,0.891737679667792,0.0981285132637078,0.9962151646614075
510,1428,decompx,0.6389411964919418,-0.00790807933491819,0.9597755074501038
511,2027,decompx,0.7867619020600194,0.019718225185687725,0.9940024018287659
512,1039,decompx,0.8060655255962047,0.024673822298645974,0.9993093013763428
513,22,decompx,0.7858250664376524,0.028261437752219135,0.9989134073257446
514,1276,decompx,0.08580329269170761,0.007422171533107758,0.9990806579589844
515,1367,decompx,0.8068349350116563,0.022419912870540175,0.9825390577316284
516,147,decompx,0.5293086377371635,0.0327153317630291,0.9974302649497986
517,3226,decompx,0.5962355502827753,0.030572921727542526,0.999040424823761
518,4586,decompx,0.7543678506476534,0.02358339618771307,0.9990293979644775
519,2301,decompx,0.6754276596514855,0.009886026256165262,0.9640269875526428
520,2466,decompx,0.009624719619750977,0.00866220074315225,0.9996640682220459
521,2876,decompx,0.8792575961247516,0.05196528557019356,0.9597526788711548
522,2213,decompx,-0.0023049522714144485,-0.1844145844014646,0.000202023729798384
523,2261,decompx,0.798732941273976,0.034315571547127686,0.9993762373924255
524,1956,decompx,0.03129033452503129,-0.6017372828315605,0.04006252810359001
525,2369,decompx,0.35776123478315136,0.03854528006086958,0.9902411699295044
526,190,decompx,0.7739727787298357,0.02663759235292673,0.9993892908096313
527,1834,decompx,0.7295005979188808,0.032116110622882846,0.9939466118812561
528,2393,decompx,0.6591728611723132,0.05347502066029443,0.9182735681533813
529,282,decompx,0.04988801068273084,0.0020907007414719156,0.9995655417442322
530,1916,decompx,0.7545066596285324,0.06930669804569334,0.998993456363678
531,4527,decompx,0.7289007863963932,0.024262237052122753,0.9987443685531616
532,1324,decompx,0.428168366687038,0.023480192973063543,0.9988691210746765
533,3576,decompx,0.5316473560005024,0.0257782859576715,0.9993870258331299
534,4029,decompx,0.8584080256123636,0.12289832856866621,0.9975489974021912
535,1683,decompx,0.9307022261934396,0.04115553799530734,0.9990891218185425
536,4353,decompx,0.1315374403323115,-0.31281254295168853,0.5951279997825623
537,273,decompx,-0.20110072078639452,-0.11211595757465277,0.004147555213421583
538,1970,decompx,0.7068558650895614,0.01684515659104694,0.9986754059791565
539,903,decompx,0.7606651962601713,-0.0331409823681627,0.9416317343711853
540,3599,decompx,0.6636648307052943,0.01511060601243606,0.9990440011024475
541,2499,decompx,0.7627663117519115,0.32949316054582595,0.7935299277305603
542,3514,decompx,0.6527305841464903,0.021551898883088776,0.9993149042129517
543,2991,decompx,0.6697596918525769,0.024001002703842363,0.9989377856254578
544,3705,decompx,0.6790942976658698,0.022328662686049938,0.9988238215446472
545,2014,decompx,0.2757865377563111,0.0033277818497191086,0.9996583461761475
546,257,decompx,0.7877167864116253,0.045758870188836696,0.9950889945030212
547,3721,decompx,0.0773993290838648,0.002388006351033195,0.9996111989021301
548,2368,decompx,0.2986316385368506,0.005982693036397298,0.999622106552124
549,3689,decompx,0.05393103969858048,0.007007135989818167,0.9996510744094849
550,2574,decompx,0.15407841449434106,0.0022372919501680317,0.9995563626289368
551,4260,decompx,0.6712314873425798,-0.025192913683977993,0.922892689704895
552,517,decompx,0.8658532506216885,-0.02485603286374,0.9671018719673157
553,3170,decompx,0.003711186458727949,-0.4882917742723146,0.012250982224941254
554,3201,decompx,0.911211916776374,0.03680973470211029,0.997749388217926
555,3194,decompx,0.3545398080478544,-0.049702423746171204,0.8306804895401001
556,3897,decompx,0.5238645318895578,0.02298972960561514,0.9989411234855652
557,858,decompx,0.9476711459392391,0.02860445366241038,0.9929360747337341
558,19,decompx,0.538702244973845,-0.2621904337019832,0.632340669631958
559,699,decompx,0.06029929068905336,0.007657225485201235,0.9980823993682861
560,575,decompx,0.18706339473525682,0.004773215701182683,0.9996497631072998
561,1646,decompx,0.044640761046182545,0.0060068184421176,0.9989633560180664
562,3623,decompx,0.6040528823916869,0.02324680039068548,0.9993762373924255
563,599,decompx,0.9273080228354956,0.020658836327493192,0.9796587228775024
564,2894,decompx,0.2878800932317972,0.005364535914527045,0.9996252059936523
565,305,decompx,0.9317352619793108,0.01790533798202029,0.9989272952079773
566,3433,decompx,0.33919624590648795,0.004854426069079705,0.9994997978210449
567,3826,decompx,0.761851862554128,-0.0075684759351942275,0.8962622880935669
568,1350,decompx,0.8467587405911592,0.028167244594763306,0.9993466734886169
569,2129,decompx,0.7265331773722375,0.021148997782306236,0.999143123626709
570,1422,decompx,0.7727777892570501,0.022084621614531466,0.9969171285629272
571,3819,decompx,0.834480505891737,0.020360242067412895,0.9985499978065491
572,1527,decompx,0.291295174062252,0.005179591178894043,0.9996610879898071
573,1087,decompx,0.007174864411354065,0.005756821144710888,0.9996534585952759
574,1484,decompx,0.4704027219516475,0.038378133642964246,0.9934612512588501
575,3513,decompx,0.7674869280843268,0.04298739079385996,0.9972319006919861
576,3361,decompx,0.8222105216648844,0.003876108593410916,0.9984989166259766
577,1323,decompx,0.8361790169166246,-0.1042889212568601,0.8490097522735596
578,1553,decompx,0.9150479624627873,0.021372343103090923,0.9981650710105896
579,3687,decompx,0.24567810273064034,0.0028835886291095187,0.999544084072113
580,4368,decompx,0.6837418913060138,0.03087627479145604,0.9993839263916016
581,3165,decompx,0.6819293614623704,0.0209718221069678,0.9991828799247742
582,1309,decompx,0.963028215614472,0.029791259855935066,0.9990371465682983
583,2983,decompx,0.8185848220957082,0.05057833878657757,0.998909592628479
584,3378,decompx,0.5748004675152953,0.023695589905535733,0.9752357006072998
585,345,decompx,0.610115868852122,-0.31111109110972157,0.6180360913276672
586,1086,decompx,0.3939600016921759,0.02304560597985983,0.999163031578064
587,923,decompx,0.8514493931688776,0.03055228590965271,0.9990264177322388
588,1571,decompx,0.015363529324531555,0.006478125229477882,0.9995949864387512
589,842,decompx,0.8976397026669976,-0.02132525325429683,0.94442218542099
590,2165,decompx,0.9866226041625711,0.013535746731437169,0.9938048124313354
591,608,decompx,0.9142563419618059,0.019361852465764336,0.9991636276245117
592,285,decompx,0.7804496619046404,0.08837641182948243,0.9989277720451355
593,2009,decompx,0.47089922511275456,0.020769719034433365,0.9982799291610718
594,807,decompx,0.9158444497774918,0.0050325005553489505,0.9985068440437317
595,4511,decompx,0.2371028990795215,0.03784044583638509,0.9992815852165222
596,2495,decompx,0.3131782724065523,0.01917131712623671,0.9993853569030762
597,405,decompx,0.787213330347167,0.0194941514304706,0.9992332458496094
598,218,decompx,0.6794073741822955,0.029732129025843837,0.9968808889389038
599,1976,decompx,0.6617991937557235,0.05656132719346455,0.9981683492660522
600,4040,decompx,0.7217337082375624,-0.10966752605004744,0.841234028339386
601,2461,decompx,0.4880777520628533,0.03420834570671573,0.999382734298706
602,2095,decompx,0.3889798389853172,0.03453973961888619,0.9986758828163147
603,327,decompx,0.520526653698956,-0.11213550791144371,0.5409786105155945
604,2957,decompx,0.8225035181316405,0.007379794272325806,0.9883548021316528
605,1778,decompx,0.788243316298273,0.03616556525230408,0.9987016916275024
606,688,decompx,0.8434048803330649,0.024117114070134286,0.9988686442375183
607,393,decompx,0.6981081868923352,-0.09747925725502846,0.763340413570404
608,3495,decompx,0.5751958434593003,0.01654114897521037,0.9989851117134094
609,2741,decompx,0.568028620547367,0.021104001318630966,0.9993811845779419
610,3105,decompx,0.7603203216770097,0.45268662630215933,0.8594332337379456
611,3579,decompx,0.701088333156492,0.057399938255548476,0.9866344928741455
612,4460,decompx,0.6758110952028569,0.018284434333760688,0.9910475611686707
613,1491,decompx,0.36395026380686385,0.006495311071998195,0.9995924830436707
614,882,decompx,0.7685032229379026,0.04817433862222566,0.9961193799972534
615,2085,decompx,0.8995750886560591,0.03376901066965527,0.9988679885864258
616,1769,decompx,0.7411064047929506,0.02026758637539176,0.9970420002937317
617,3177,decompx,0.6855541728436947,0.0014543214014598302,0.9704149961471558
618,3766,decompx,0.02347402312816718,0.06486044556666644,0.9971404075622559
619,2049,decompx,0.405486761170323,0.08919546924880706,0.9991164803504944
620,794,decompx,0.1411972721107304,0.0047939893874255094,0.9996032118797302
621,1617,decompx,0.3203612426328214,0.038715889004783496,0.998904824256897
622,21,decompx,0.5202489553916233,0.018739985853985505,0.9993841648101807
623,2626,decompx,0.694316202529525,0.00527914630042182,0.9995206594467163
624,2199,decompx,0.03339070773217827,-0.11898519839677546,0.039611686021089554
625,4578,decompx,0.2421677767126041,0.005862515023414125,0.9995160102844238
626,1535,decompx,0.8264613236453191,0.031777280029551734,0.998128354549408
627,1012,decompx,0.6764981128071668,0.010940240230411291,0.8239738345146179
628,3302,decompx,0.5744072345731547,0.01822390615940094,0.9989655017852783
629,3059,decompx,0.6643411560469151,0.049025156845649086,0.9987943172454834
630,1172,decompx,0.22583604366941887,0.0034872225739739156,0.9996435642242432
631,3322,decompx,0.7146308171200202,0.02270218082948735,0.9941058158874512
632,3232,decompx,0.8588078553650782,-0.023803466253659943,0.9047036170959473
633,3859,decompx,0.47688704318641567,0.0064563720654218625,0.9996185302734375
634,1015,decompx,0.7300692384326181,0.02194797585523406,0.9992378950119019
635,1364,decompx,0.8272583045687972,0.00635040195091911,0.9995948672294617
636,2757,decompx,0.20685352910486227,0.001384215580450522,0.9983596205711365
637,182,decompx,0.9374427888519588,0.017322089157852473,0.9991540908813477
638,1107,decompx,0.6871396852948237,0.002750766498071176,0.9995881915092468
639,188,decompx,0.6943749201533916,-0.0346652980361666,0.867632269859314
640,2990,decompx,0.8247752465476879,0.010267175734043121,0.9552038908004761
641,2951,decompx,0.8604949694102592,0.03275046497583389,0.9824032783508301
642,3539,decompx,0.02021002158140525,0.00668337100591415,0.9996664524078369
643,3473,decompx,0.8048348743759561,0.01972506692012151,0.9990646243095398
644,1655,decompx,0.21882311643465704,0.013706251492966776,0.9905045628547668
645,3422,decompx,0.783250435407314,0.034770976428104484,0.9972403049468994
646,4077,decompx,0.3322939465685589,0.03222285974316481,0.9940881729125977
647,3015,decompx,0.5462813738436859,0.008129894733428955,0.998708963394165
648,2713,decompx,0.013123852702287527,0.024171479619466342,0.9995044469833374
649,3397,decompx,0.7264213960808503,0.02025694653708884,0.9989211559295654
650,1266,decompx,0.6832657082095033,0.041532623182450025,0.9979817867279053
651,1623,decompx,0.5968981996321907,0.01768921115077459,0.9991612434387207
652,3358,decompx,0.6149529419351547,0.02228498441122827,0.9993563294410706
653,373,decompx,0.40384089946746826,0.006025172770023346,0.9982847571372986
654,2026,decompx,0.5804362899753162,0.037049907445907596,0.9989233613014221
655,1524,decompx,0.6091161457320245,0.0351360417329348,0.999204695224762
656,422,decompx,0.7780884462408721,0.016713983778442656,0.9925078749656677
657,3169,decompx,0.02168123862322639,0.004304409027099609,0.9977535605430603
658,3650,decompx,0.06737827387723055,0.00314081148667769,0.9994427561759949
659,3800,decompx,0.7950326861501572,-0.003775509272484069,0.9711559414863586
660,1120,decompx,0.5647258436623609,0.03011438883138153,0.9991294741630554
661,2249,decompx,0.5901253843215717,0.022017582991095477,0.9993816614151001
662,4043,decompx,0.3045312101508729,0.0058570323988448745,0.9996614456176758
663,616,decompx,0.5091381277246722,0.03601258222399087,0.9961885809898376
664,2691,decompx,0.6801666619910581,0.03026183322072029,0.9967065453529358
665,2043,decompx,0.8698957997065528,0.015620227570512466,0.9938713312149048
666,3188,decompx,0.8868781374342507,0.02297295704483986,0.9944091439247131
667,2835,decompx,0.3387121866600445,0.02168309796028412,0.9991340041160583
668,4211,decompx,0.09071890612443288,0.020423831542332967,0.9993029832839966
669,917,decompx,0.8173051327758003,0.018415647326037288,0.9877347350120544
670,4100,decompx,0.7782336164391987,0.023086772527959612,0.9991710186004639
671,1162,decompx,0.5320901993957416,0.023088590491835665,0.99937504529953
672,3716,decompx,0.6643527272525568,0.029939566240754237,0.9991697072982788
673,1248,decompx,0.5064036322877566,0.006677204515875839,0.9996421337127686
674,828,decompx,0.548735732796597,0.005651865867858237,0.999652624130249
675,2243,decompx,0.017796630043566467,0.013712733525842909,0.02451511286199093
676,2902,decompx,0.5925061105539635,0.017610211417360126,0.9986756443977356
677,337,decompx,0.6936935692136057,0.022975838146148585,0.9972852468490601
678,2351,decompx,0.5312274011131376,0.019156876504421234,0.9993780851364136
679,1959,decompx,0.7963967741505258,0.020597200468182565,0.995726466178894
680,3431,decompx,0.05073034727024606,-0.7804635174106807,0.10540931671857834
681,4374,decompx,0.662180910936476,0.02058516898933722,0.9985717535018921
682,1102,decompx,0.10174407064914703,0.006847294894131747,0.9996216297149658
683,1246,decompx,0.2539365287674101,0.0031255180375617847,0.9996531009674072
684,1176,decompx,0.7116541675421306,0.020362034936745963,0.9989305138587952
685,4579,decompx,0.04822627835803562,0.00557014544804891,0.9996460676193237
686,3195,decompx,0.5281162420399008,-0.4127873000414932,0.5380821824073792
687,2790,decompx,0.810965320598334,0.01682477116584778,0.997856080532074
688,3877,decompx,0.875567196934883,0.03474402392194385,0.9847211241722107
689,93,decompx,0.7611204169603975,0.02081681510736776,0.9966663718223572
690,2795,decompx,0.9078122736599825,0.018417614134582313,0.9456225037574768
691,2317,decompx,0.5632014994255521,0.014658136801286177,0.9903320670127869
692,385,decompx,0.22390595797629914,0.019749266912742536,0.9993897676467896
693,913,decompx,0.5040904300456698,0.02907208093639576,0.9993676543235779
694,693,decompx,0.4352959915995598,0.01619287883793866,0.9962208867073059
695,3241,decompx,0.7971041199598403,-0.0037597045302391052,0.9692100286483765
696,2471,decompx,0.5005803467059622,0.016734485115323747,0.9959734082221985
697,311,decompx,0.6681998063862886,0.019490895125101198,0.9990488886833191
698,334,decompx,0.9400392112065159,0.0025583280707305333,0.9995749592781067
699,861,decompx,0.02800541564270302,0.004633409005624277,0.999603807926178
700,1454,decompx,0.48708964460011983,0.02600105686320199,0.9986516833305359
701,2684,decompx,0.9103353809837673,0.01633938528456778,0.9983585476875305
702,1224,decompx,0.9833188861751208,0.12144608332985832,0.9987661838531494
703,2585,decompx,0.1193218462321223,0.002553398511847671,0.9996428489685059
704,708,decompx,0.6776595232684327,0.02053581461634325,0.9990423321723938
705,3141,decompx,0.15356405338515405,0.006932849469392196,0.9996360540390015
706,38,decompx,0.6766279711265046,0.01800970100569275,0.9987980127334595
707,2683,decompx,0.6557987947948277,0.02420080257579684,0.9991934895515442
708,935,decompx,0.6095281115932656,0.027897028670627242,0.9993172883987427
709,3339,decompx,0.08465834933778514,0.0055919315503991165,0.9996575117111206
710,1325,decompx,0.7067170805774282,0.02447059646595356,0.9985232949256897
711,2120,decompx,0.17381544495069914,-0.6973779238030022,0.19119592010974884
712,470,decompx,0.9188920441395944,0.03598337111676612,0.990198016166687
713,3393,decompx,0.3856051962545796,0.006406344271994926,0.999430239200592
714,1942,decompx,0.20158422893534103,0.005496115734179814,0.9994478821754456
715,3371,decompx,0.740609543030991,0.02518765152328544,0.9987943172454834
716,1713,decompx,0.6037438256974818,-0.32086244095926697,0.6230827569961548
717,160,decompx,0.03743777220899409,0.0059904171661897135,0.9995412826538086
718,1192,decompx,0.2662951461970806,0.006065331399440765,0.9996260404586792
719,2161,decompx,0.028956949710845947,0.006601357782209241,0.9995623230934143
720,3925,decompx,0.8633362733316227,0.021415433556330007,0.9971501231193542
721,3619,decompx,0.49517628699541094,0.10372185856103897,0.9700282216072083
722,4209,decompx,0.7648525712284027,-0.04199234358011148,0.9316954016685486
723,3524,decompx,0.33762154112691467,0.01922792390636776,0.9987012147903442
724,353,decompx,0.31890661892842276,0.017011177174899042,0.9980803728103638
725,2548,decompx,0.8047409764024321,0.028675671844255356,0.9991563558578491
726,4202,decompx,0.806180449555021,-0.0018677915845598492,0.9917930960655212
727,1014,decompx,0.7594397984783757,0.024066861244765196,0.9905891418457031
728,1200,decompx,0.4621323028515125,0.03415598450549718,0.9971856474876404
729,4580,decompx,0.21369392783553512,0.002883308463626438,0.9996461868286133
730,3087,decompx,0.3126492189975189,0.033677104993590286,0.9990992546081543
731,1305,decompx,0.7836536395945586,0.02334763268008828,0.998984158039093
732,112,decompx,0.1355565506964922,0.00629623606801033,0.9995773434638977
733,1853,decompx,0.70510303161361,0.02832929180427031,0.9979832172393799
734,4310,decompx,0.5030316627940751,0.02138711858627408,0.9988314509391785
735,3873,decompx,0.0953338506974672,0.006539076566696167,0.9996566772460938
736,4216,decompx,0.7523488406538645,0.0181803970404391,0.9993083477020264
737,14,decompx,0.1028908504282727,-0.20304858333924236,0.7737482786178589
738,3915,decompx,0.9275353317735218,0.027049938695771353,0.9990742206573486
739,2387,decompx,0.72090770033676,0.021271490092788423,0.9984325766563416
740,533,decompx,0.5917923587646025,-0.2770493157385361,0.6080431342124939
741,3551,decompx,0.651397421423878,0.028707619024706737,0.9923055768013
742,851,decompx,0.42352002329955046,0.020853921263055367,0.9991269707679749
743,1418,decompx,0.7232415998755881,-0.02549184871870175,0.8733924031257629
744,3446,decompx,0.5565882781137708,0.0195226458751637,0.998358428478241
745,1318,decompx,0.8801626217847859,0.01816841604357416,0.9967293739318848
746,677,decompx,0.016686156817844935,0.007526683807373047,0.9994944334030151
747,3740,decompx,0.6510370658415923,0.02505887607112527,0.9993976354598999
748,1317,decompx,0.8297211872380357,-0.12971070824099368,0.8506525158882141
749,1072,decompx,0.996082953941659,0.01991773270070553,0.999428927898407
750,4275,decompx,0.3349287796139834,-0.46742871422320603,0.3607975244522095
751,655,decompx,0.8673422154488748,-0.06001408732142942,0.9027310013771057
752,3128,decompx,0.8939453682737288,0.002274098192773214,0.9740851521492004
753,3143,decompx,0.06805301904678344,0.008410638570785523,0.9995619654655457
754,568,decompx,0.9009405381012974,0.02467035587344851,0.9719793200492859
755,1871,decompx,0.03846265524625778,0.006174406409263611,0.9996623992919922
756,3956,decompx,0.6344423871762248,0.027229058866699535,0.9993952512741089
757,121,decompx,0.6012176945168903,0.0026750873242105755,0.9996229410171509
758,3150,decompx,0.7874569052718985,0.03564964008072148,0.9991140961647034
759,587,decompx,0.31029446413501716,0.00628817387116261,0.9996590614318848
760,3061,decompx,0.7683838566394561,0.02691825137150531,0.99899822473526
761,3162,decompx,0.7659591550289877,0.0179047879797441,0.9993732571601868
762,1254,decompx,0.01938402364330907,0.0028819643682049165,0.999588668346405
763,2658,decompx,0.5904068710639122,0.02173855853207568,0.9991675615310669
764,163,decompx,0.9706296897568897,-0.0004515423403157816,0.9969267249107361
765,1322,decompx,0.6218610175732356,0.014734459679518173,0.9988309741020203
766,4249,decompx,0.7178145256036342,-0.026832540875131435,0.9448575377464294
767,360,decompx,0.9450027177719618,0.016091563768925204,0.9987766146659851
768,1768,decompx,0.8924931954451889,0.0025974242192394327,0.9953357577323914
769,732,decompx,0.9377654121514448,0.031858091118435065,0.9988956451416016
770,2671,decompx,0.8222511018273132,0.07131080367955668,0.9971069693565369
771,691,decompx,0.28514461903408095,-0.02283167456452911,0.3396788239479065
772,79,decompx,0.3585601066049464,0.01785830408334732,0.9992596507072449
773,2776,decompx,0.2736518210308118,0.019660869443958454,0.9976473450660706
774,1053,decompx,0.8920879394937918,0.018823244188930475,0.9929702877998352
775,410,decompx,0.7368675984703658,0.01656148687266467,0.9991416931152344
776,4367,decompx,0.7363684620941058,0.031863785215786526,0.9851753115653992
777,1667,decompx,0.7427916476037353,0.02203337848186493,0.9980067610740662
778,3349,decompx,0.8269911876322502,0.024204426790986742,0.9923461675643921
779,2672,decompx,0.622508566262144,0.00729937083793409,0.9995920062065125
780,4038,decompx,0.8744428174334555,0.01449253638425181,0.9987791180610657
781,4552,decompx,0.7700609220328796,0.028830754625446656,0.9967419505119324
782,1542,decompx,0.05749222575401773,0.005393699723847059,0.9995275735855103
783,1336,decompx,0.4214014995263378,0.004985302102332022,0.9993784427642822
784,1519,decompx,0.7663141371539006,0.024409065739466593,0.9993535876274109
785,1229,decompx,0.628483126834035,0.019084974229335784,0.9993834495544434
786,1968,decompx,0.8472750483260825,0.021826005230347317,0.9963032007217407
787,4416,decompx,0.7025916355073845,0.016901586923682897,0.9992473125457764
788,2109,decompx,0.9541242777982528,0.014558101042372281,0.9979265928268433
789,725,decompx,0.6405734496393485,0.022791471775798572,0.9994057416915894
790,1134,decompx,0.5381798732844236,0.23891634281192506,0.700931966304779
791,101,decompx,0.7533947931015459,0.07252351810102878,0.971911609172821
792,4266,decompx,0.9006897150484715,0.03507641737544259,0.9966752529144287
793,2253,decompx,0.8353713839658153,0.02748362700908612,0.9985866546630859
794,1269,decompx,0.10164189214507739,0.0031408630311489105,0.9996598958969116
795,2813,decompx,0.496713643095323,0.03650869301387242,0.9991287589073181
796,193,decompx,0.8562485840115132,0.028314996059193756,0.998537540435791
797,1127,decompx,0.21543400196006168,0.025723544427671947,0.9993529915809631
798,2871,decompx,0.6044519360563377,0.023084921262613158,0.9991708993911743
799,3470,decompx,0.5372910922220292,-0.4072644462918534,0.54932701587677
800,280,decompx,0.701340004587301,0.04796546462335085,0.9991291165351868
801,1696,decompx,0.49965043521175784,0.02668406597028176,0.9993871450424194
802,2623,decompx,0.09850306775834826,0.006073126527998182,0.9995787739753723
803,2139,decompx,0.8075683070447944,0.021052889687859493,0.9994019269943237
804,3438,decompx,0.19812477422370153,0.006206986579028043,0.9996529817581177
805,82,decompx,0.29512044072151183,0.00558598518371582,0.9996553659439087
806,876,decompx,0.291601334474291,-0.23981909343489893,0.5930060744285583
807,2719,decompx,0.5559097998503081,0.005341174754690617,0.9995077848434448
808,2374,decompx,0.24303059946549566,0.006206388536252473,0.999235987663269
809,1569,decompx,0.9195829645558409,0.022610238416397824,0.9976327419281006
810,2416,decompx,0.5883739401009128,0.00558808445930481,0.9995030164718628
811,3724,decompx,0.7937579469913284,0.03666726584945406,0.996752142906189
812,3511,decompx,0.9770112056238577,0.031943553537130354,0.9970585107803345
813,4046,decompx,0.2600035746064451,0.005273629393842485,0.9460201859474182
814,2132,decompx,0.6669603824657812,0.025816515629941767,0.9987367987632751
815,2932,decompx,0.5126470504191649,0.027966458240852636,0.9991791844367981
816,3414,decompx,0.8122908800710426,-0.036950640900190485,0.9524268507957458
817,1009,decompx,0.3954708283857965,0.00600796211056593,0.9996192455291748
818,4171,decompx,0.7592751723089505,0.006259544593531911,0.9995684027671814
819,1439,decompx,0.8230248938257597,0.004976483023896509,0.9993966817855835
820,3603,decompx,0.6834175375992091,0.021304982865965643,0.998826801776886
821,2680,decompx,0.5632601179611668,0.018900384724724526,0.9993784427642822
822,4297,decompx,0.5509199142411706,0.006030836275645665,0.9996525049209595
823,630,decompx,0.39952286108552165,0.04337456127007802,0.9986656904220581
824,638,decompx,0.8707552625283855,0.032893716261304655,0.9989514350891113
825,455,decompx,0.8854695584902421,0.03432744737476744,0.9898774027824402
826,129,decompx,0.05271043512556288,0.007424063152737088,0.999648928642273
827,3544,decompx,0.6108714893493109,0.02421869843816146,0.9991468191146851
828,2705,decompx,0.7846094292695992,0.002036848893532386,0.9954513907432556
829,4542,decompx,0.6744590334730396,0.016387021200636686,0.9993721842765808
830,1736,decompx,0.6019344568528511,0.033915830155213676,0.9991322159767151
831,1442,decompx,0.8455931117513966,0.021399634822112757,0.9975928664207458
832,836,decompx,0.9229984238977522,0.029609052930027246,0.9985809326171875
833,3713,decompx,0.6425919176487159,0.022841045298637487,0.9985994696617126
834,963,decompx,0.09413632424548268,-0.3771966680370528,0.17056235671043396
835,3500,decompx,0.8308327784051653,0.01599888563156128,0.9967949986457825
836,1386,decompx,0.780376435850485,0.029049861012026668,0.9987132549285889
837,3631,decompx,0.8072863762309699,0.01901907770305264,0.9985203146934509
838,3220,decompx,0.8683985744531074,0.022680591937958027,0.9989356398582458
839,1920,decompx,0.780033381677891,0.030709045200512326,0.9989533424377441
840,3065,decompx,0.6023163240786422,0.02872551298316787,0.9983017444610596
841,4122,decompx,0.5923270819759872,0.006712769308397847,0.999610960483551
842,2735,decompx,0.7842536937440111,0.020688983019102703,0.9991235136985779
843,1441,decompx,0.8466705289046375,0.024984083360149748,0.9989312291145325
844,860,decompx,0.7663502307841554,0.02163239847868681,0.9953527450561523
845,930,decompx,0.3314043312187328,0.006950589113457258,0.9996181726455688
846,2920,decompx,0.6638452965869672,0.04500658520393901,0.9982183575630188
847,3073,decompx,0.7710438116314785,0.02850857377052307,0.9701750874519348
848,2537,decompx,0.7298802523599828,0.04542592693777645,0.9980552196502686
849,4582,decompx,0.9749178030867436,0.002781197792146264,0.9957790374755859
850,173,decompx,0.04848968270999282,0.002530830119972798,0.9995403289794922
851,1056,decompx,0.618746601634719,0.036962557704217976,0.9974812865257263
852,2870,decompx,0.7998638495023203,0.02446384943629566,0.9991783499717712
853,50,decompx,0.7307686538510357,-0.20994214580527373,0.7346057295799255
854,2560,decompx,0.747088275781164,0.006370675869477101,0.9995317459106445
855,31,decompx,0.17645536374536613,0.004666292353680259,0.9975511431694031
856,3419,decompx,0.7922544665108286,0.005805500010226635,0.999573290348053
857,3023,decompx,0.6311574817469375,0.016387105177519685,0.9993419051170349
858,1433,decompx,0.8204782126227119,0.03029498763260294,0.9986405968666077
859,399,decompx,0.6159725761629969,0.007094290326623356,0.9993828535079956
860,3793,decompx,0.5828542801111729,0.021204793122079638,0.9993870258331299
861,3354,decompx,0.8182307210718136,0.007700931280851364,0.9995185136795044
862,749,decompx,0.0002586955115908668,-0.7826083252827326,0.05760134384036064
863,3479,decompx,0.3665783710362714,0.021032417274039726,0.9991241097450256
864,3212,decompx,0.251907908047239,-0.19639920174247688,0.7634863257408142
865,617,decompx,0.01765990607878741,0.006264179944992065,0.9996562004089355
866,4442,decompx,0.5716958398787448,0.0244633732124781,0.9993718266487122
867,2130,decompx,0.9772027139825413,0.01651293154934357,0.9974406957626343
868,283,decompx,0.9240787470443008,0.026287561867918287,0.998022198677063
869,4517,decompx,0.5913465744483152,0.04216231405735016,0.9982185959815979
870,1217,decompx,0.8669339784208442,0.020703127526718636,0.9991003274917603
871,55,decompx,0.7283102050239297,0.03327965463201205,0.9983003735542297
872,2038,decompx,0.42505079028861864,0.03318598174623081,0.9988310933113098
873,1302,decompx,0.3859848463061181,0.02111654593185945,0.9991274476051331
874,2767,decompx,0.5713232532309901,-0.3167694892202105,0.6745148301124573
875,1813,decompx,0.8602404152777087,0.020619121015719746,0.9990988969802856
876,3881,decompx,0.5034450072174271,0.026739740847713418,0.9991833567619324
877,434,decompx,0.044538179348255026,0.00873517579045789,0.9995984435081482
878,115,decompx,0.8740233860472861,0.002398045999663217,0.9996256828308105
879,2119,decompx,0.6407418840972241,0.029781758107922295,0.9987163543701172
880,2923,decompx,0.15910213657052202,0.00717891489758211,0.9995824694633484
881,3392,decompx,0.6713317206120808,0.05562844637919356,0.9981716871261597
882,1789,decompx,0.6107913734487979,0.03669260712867638,0.999123752117157
883,1103,decompx,0.7932620831415989,0.005894486023032147,0.9996674060821533
884,348,decompx,0.3869713728958176,-0.22186798105637232,0.511111855506897
885,4441,decompx,0.3232492015642278,0.006441665630714566,0.9996602535247803
886,78,decompx,0.08975901206334432,0.011098961035410563,0.9996417760848999
887,3224,decompx,0.561675415493739,0.006211918133955736,0.9996308088302612
888,1821,decompx,0.049522153524723014,0.008442673613043392,0.9996606111526489
889,1735,decompx,0.061832299209990595,0.0025430726555158508,0.999650239944458
890,2473,decompx,0.502813333639033,0.005396420179411422,0.9992415904998779
891,4204,decompx,0.8104028562710692,0.0240422663016197,0.9989504218101501
892,3395,decompx,0.27743507581097737,0.007656749657222203,0.9996649026870728
893,3405,decompx,0.8530376041669765,0.09198509761668643,0.998313307762146
894,1431,decompx,0.3926212304085493,0.004807677268981934,0.999091386795044
895,2113,decompx,0.6355774010669186,0.02168191656131636,0.9993559718132019
896,1294,decompx,0.21883268091589847,-0.07815020364966799,0.49627259373664856
897,2798,decompx,-0.08077509252147543,-0.138073838988526,0.004821134731173515
898,4241,decompx,0.5252682919271063,0.028443651223504864,0.9984984397888184
899,2697,decompx,0.017607620784214566,0.005168726046880086,0.9979537725448608
900,735,decompx,0.7074576957407813,0.02050349532171737,0.9970153570175171
901,2398,decompx,0.8033440967145211,0.041548392351935894,0.9870337247848511
902,1921,decompx,0.5322356109435742,0.018634339364675376,0.9991439580917358
903,2454,decompx,0.7042165745069531,0.017669108319789805,0.9879072308540344
904,2436,decompx,0.728847832286299,-0.18784514310605385,0.7371991872787476
905,3313,decompx,0.6704618054142845,0.01997487246990204,0.9991470575332642
906,2602,decompx,0.8504173865474417,0.024282461718509073,0.9971814155578613
907,1378,decompx,0.8459997119291895,-0.01879257107934644,0.9416289329528809
908,4172,decompx,0.6660815181601192,-0.012629733450951116,0.8241690993309021
909,140,decompx,0.11686251807565752,0.007249253360848678,0.999631404876709
910,2482,decompx,0.7522226918531074,0.026703521778637714,0.9969833493232727
911,2566,decompx,0.6922547198007711,0.02824343598502524,0.9993975162506104
912,3043,decompx,0.52304927568953,0.01693968727903546,0.9987640380859375
913,2718,decompx,0.4315968243356206,0.02399752681192599,0.9987961053848267
914,1010,decompx,0.4513652333578862,0.028292952872374478,0.99928218126297
915,1516,decompx,0.5706507423341723,-0.37001933157444,0.5778140425682068
916,1988,decompx,0.34129213856752305,0.054286686155725926,0.9968379735946655
917,2942,decompx,0.8350069843259376,0.026305452391907975,0.9990577101707458
918,3097,decompx,0.5671900286525488,0.03446535483002663,0.9991944432258606
919,151,decompx,0.5965764997527003,-0.04464263677597046,0.9380155205726624
920,2319,decompx,0.8748722966888454,0.008032119274139405,0.9779762625694275
921,1373,decompx,0.9168408093562281,0.023294055062096294,0.9993176460266113
922,1358,decompx,0.9775057428543934,0.037451683854063354,0.9978817105293274
923,1873,decompx,0.8171615556485075,-0.026260533534428653,0.9364849328994751
924,2668,decompx,0.3593063775736552,0.006147469465549176,0.9996448755264282
925,4357,decompx,0.9396327905391494,0.023881170596625353,0.9975283741950989
926,62,decompx,0.06834975149896409,0.006700543562571207,0.9996606111526489
927,1795,decompx,0.09783562709545267,0.006844054008352345,0.9993168115615845
928,1000,decompx,0.6702671977965271,0.020635344234167362,0.9982230067253113
929,3679,decompx,0.8301598138396481,0.02689800431069575,0.9979243278503418
930,1850,decompx,0.11128750751758444,0.006760831536917851,0.9991922974586487
931,2825,decompx,0.7332794498663413,0.009383719701033372,0.9994365572929382
932,3964,decompx,0.8579288592490439,0.020046321245340202,0.9991175532341003
933,1625,decompx,0.33909907223922864,0.008525936944144113,0.9996298551559448
934,1313,decompx,0.8390366708387292,0.12281512644361048,0.9869440793991089
935,4320,decompx,0.135487133989463,0.005663009914191994,0.9995608925819397
936,2166,decompx,0.9421979432001387,0.010446033725629047,0.9993587136268616
937,2184,decompx,0.857269882712151,-0.01661507785320282,0.9261394143104553
938,4148,decompx,0.05444942249192132,0.00595487654209137,0.9996285438537598
939,300,decompx,0.7172838751380969,0.018178616421964933,0.9992796778678894
940,339,decompx,0.6260155652640346,0.017560828078005995,0.9991207718849182
941,2220,decompx,0.8770565121135998,0.02067198531459207,0.9992837309837341
942,1587,decompx,0.3538667573593557,0.007537901401519775,0.9992247819900513
943,4410,decompx,0.7235767039179336,0.021073924667305417,0.9990875720977783
944,3009,decompx,0.6602585635778001,0.01879491277185141,0.999393105506897
945,4314,decompx,0.6885815024978887,0.024523968402391825,0.9993906021118164
946,2236,decompx,0.7007758083049472,-0.04518997033194798,0.9038647413253784
947,3837,decompx,0.03612612883249919,0.012543519337972006,0.9995393753051758
948,2512,decompx,0.6744117350399788,0.02097369706177193,0.9993730187416077
949,4272,decompx,0.2195452540062177,0.024984986927264776,0.9988380074501038
950,2294,decompx,0.6781572443848874,0.012694170964615685,0.9833579659461975
951,3416,decompx,0.17756127885409764,0.006670938219342913,0.99954754114151
952,3694,decompx,0.7047181720958977,0.06176069687779357,0.9991098046302795
953,108,decompx,0.8528361963434145,0.018219685554504393,0.9982311129570007
954,3795,decompx,0.9525846559722494,0.0266016016403834,0.9927491545677185
955,3228,decompx,0.7810302656069597,0.04367773361662601,0.9991713762283325
956,4327,decompx,0.035828665892283125,0.009872478908962673,0.9996592998504639
957,4444,decompx,0.6923703639712095,0.017278231823673613,0.9985395669937134
958,932,decompx,0.9546042982979226,0.041147724584196556,0.9980810880661011
959,3245,decompx,0.8653040560049703,0.022192085348069667,0.9987278580665588
960,1037,decompx,0.006179264811582343,0.006123089513113332,0.9996662139892578
961,3070,decompx,0.622424283760444,0.006895555032266153,0.9996428489685059
962,507,decompx,0.4809357145568356,0.028755921870470047,0.9985421895980835
963,1983,decompx,0.6455262657668855,0.006586152977413601,0.9996660947799683
964,635,decompx,0.8651491693081335,0.03599541664123535,0.998441755771637
965,102,decompx,0.7563661881253093,0.01921150292600355,0.9969923496246338
966,2618,decompx,0.7629071083423253,0.02573777221747347,0.9993610978126526
967,2452,decompx,0.8840891384661922,0.02114977008766598,0.9991616010665894
968,2433,decompx,0.45625843945890665,-0.21649299783909576,0.7743200063705444
969,2955,decompx,0.6110998656173857,0.0244652492304643,0.9993973970413208
970,4406,decompx,0.24505107580366062,0.0025426255805151804,0.9996486902236938
971,146,decompx,0.7503831196886798,0.03556087563435237,0.9977554678916931
972,2277,decompx,0.7323275424726308,-0.018640590906143187,0.9381861686706543
973,628,decompx,0.6430572899919371,0.029178239164813873,0.9967713952064514
974,4147,decompx,0.6718150113224207,0.030152261753877006,0.9988995790481567
975,2488,decompx,-0.03123569821378178,-0.05536570255549587,0.0980299562215805
976,4587,decompx,0.7304110435621679,-0.18014099798870808,0.7863044738769531
977,624,decompx,0.9675985649333472,0.1697494234118996,0.9947062134742737
978,1402,decompx,0.7603326063267319,0.0058068052718513894,0.9990047812461853
979,1547,decompx,0.7843403330365153,0.021515433265026227,0.9988071918487549
980,1680,decompx,0.35674946047365663,0.006337204575538635,0.9989929795265198
981,2779,decompx,0.6916108288860414,0.02296828922061693,0.9993093013763428
982,3616,decompx,0.6694047253141634,0.04701236671790844,0.970125138759613
983,3676,decompx,0.14178281053900718,0.006498125195503235,0.9996386766433716
984,2004,decompx,0.242223138992603,0.0049143571120042065,0.9987962245941162
985,2141,decompx,0.7888890432545961,0.023272429570192245,0.9993759989738464
986,4045,decompx,0.8089775686425253,0.005185248522922911,0.9956152439117432
987,1761,decompx,0.21195150750714378,0.004930531656419909,0.9989991784095764
988,266,decompx,-0.18509907194891492,-0.004530178445919945,0.014635598286986351
989,4195,decompx,0.12627313428736747,0.019280007862030192,0.9969258904457092
990,1808,decompx,0.6285000241900265,-0.3058675363952038,0.669123113155365
991,3786,decompx,0.8559133685141321,0.057243480882112015,0.9991650581359863
992,3199,decompx,0.2309986447294553,0.008439056078592936,0.9992378950119019
993,2619,decompx,0.683203445345296,0.026403751741680834,0.9993202686309814
994,2459,decompx,0.7084909994296278,0.11555084134593155,0.9979520440101624
995,3187,decompx,0.781148997660983,0.021459551189433445,0.9990643858909607
996,4531,decompx,0.6783683988881725,0.02020040829665959,0.9993942975997925
997,4355,decompx,0.6743759911138719,0.019832447015990812,0.9991635084152222
998,2725,decompx,0.6174335434435584,-0.11926280415576437,0.7989641427993774
999,4573,decompx,0.033718219170203574,0.006323103721325214,0.9996134638786316
1000,1913,attention,0.28174408885339897,0.15859247205468516,0.9943388104438782
1001,4550,attention,0.09392663357721176,0.1097475471906364,0.15146853029727936
1002,4424,attention,0.027797275298350566,0.013173916855373898,0.9996589422225952
1003,3802,attention,0.05474616374288287,0.008458797420774187,0.9995806813240051
1004,3867,attention,0.2027695325336286,0.1020982889192445,0.9948807954788208
1005,2557,attention,0.4111679507113877,0.29278579124579934,0.9759672284126282
1006,2097,attention,0.5987015196104657,0.04898582911997471,0.9993723034858704
1007,3546,attention,0.6817851641410312,0.07084663170064952,0.9584444761276245
1008,2808,attention,0.021416061802914266,0.008213852581224944,0.9996665716171265
1009,893,attention,0.323629260631436,0.11576467739828562,0.999051034450531
1010,674,attention,0.42713716135106305,0.07644127241589806,0.9989060163497925
1011,4329,attention,0.5019819077048829,0.06340588741870813,0.9989264607429504
1012,518,attention,0.6515615382600893,0.030136827106882886,0.9991744160652161
1013,3071,attention,0.027695158123970033,0.10563708953559399,0.9993823766708374
1014,1449,attention,0.6732784307550457,0.08931731051061212,0.9991769194602966
1015,2475,attention,0.4745540198839634,0.08436135070034019,0.9993069171905518
1016,2224,attention,0.46145451116608455,0.023232849035412072,0.9987109899520874
1017,3008,attention,0.8206811527134446,0.060292254890436714,0.9989023208618164
1018,2799,attention,0.4447239191241322,0.032414067536592484,0.9993740916252136
1019,3455,attention,0.6205977773129502,-0.023502108942279044,0.8473272919654846
1020,2715,attention,0.14372451360835586,0.019292809242425962,0.9996358156204224
1021,1799,attention,0.6318853237764694,0.049601586416172676,0.9993937015533447
1022,1476,attention,0.01112506091594696,0.008376197516918182,0.9996558427810669
1023,3045,attention,0.27595953695172765,-0.09507789110801623,0.33991745114326477
1024,191,attention,0.5272186071046495,0.05771366369967558,0.9993802309036255
1025,1612,attention,0.5904914885759354,0.09142852724031654,0.9987958669662476
1026,3501,attention,0.028189888596534728,0.1271744068954528,0.992664635181427
1027,2706,attention,0.05691306458579169,0.016961081822713216,0.9996641874313354
1028,788,attention,0.6096588897053152,0.20375279467663024,0.9991770386695862
1029,2721,attention,-0.6183212857043449,-0.05692678833535562,0.0007631847984157503
1030,2543,attention,0.040397209425767265,0.029202536990245182,0.9995973706245422
1031,4425,attention,0.1976679465151392,0.06573110329918563,0.9857469797134399
1032,4154,attention,0.04418621025979519,0.011133885942399502,0.9995936751365662
1033,169,attention,0.5675126119383744,0.04992983149630683,0.9913190007209778
1034,1657,attention,0.06481461768800562,0.07525485356084326,0.9996616840362549
1035,3040,attention,0.1054391596270235,0.004609822181233189,0.9996602535247803
1036,269,attention,0.5351235211667854,0.023301025352826934,0.9993628859519958
1037,1775,attention,0.08174820108847185,0.15089068235300312,0.9996589422225952
1038,3229,attention,0.8106064529809215,0.08645425186209056,0.9986925721168518
1039,4496,attention,-0.12611457292022632,-0.258913849191419,0.10239534825086594
1040,1064,attention,0.5814340197979364,0.08873779976437259,0.9993277788162231
1041,4134,attention,0.4472098193040842,0.05464197205448592,0.9990893602371216
1042,4000,attention,0.09351334408406288,0.06190511728486707,0.9983528852462769
1043,609,attention,-0.12250377637920556,-0.027335961030244275,0.0020482183899730444
1044,2710,attention,0.3588920587314836,0.16111671995992463,0.9990960359573364
1045,3460,attention,0.5425009132902089,0.2549757890060152,0.9992254972457886
1046,1803,attention,0.42372021668336607,0.02665679400617426,0.8552583456039429
1047,1918,attention,0.09288193619981104,0.0194005443125355,0.9996613264083862
1048,3197,attention,0.2287853258429095,0.14584284363663755,0.5508357286453247
1049,1737,attention,0.3890652490610426,0.04306370849636468,0.9991699457168579
1050,4435,attention,0.289295001951761,0.03802356391544129,0.9170476198196411
1051,3750,attention,0.44000598737462,0.28168742994206364,0.9724546670913696
1052,3966,attention,0.38447720896452664,0.186241225451231,0.9989425539970398
1053,365,attention,0.47893001801919105,0.023922071987113287,0.9988769888877869
1054,4053,attention,0.03596068498415825,0.025590198162274484,0.9995436072349548
1055,2066,attention,0.07383195605388908,0.01537731081940407,0.999488115310669
1056,1852,attention,0.32486922434858373,0.06305826837952072,0.9942169189453125
1057,2703,attention,0.012839443543378045,0.40490791460444386,0.9989523887634277
1058,487,attention,0.23111344067645925,0.39780906826490536,0.9985476136207581
1059,4055,attention,0.04298826058705648,0.029515455201665947,0.9996187686920166
1060,4475,attention,0.4110115526172404,0.05046596994193701,0.9981461763381958
1061,3348,attention,0.33668889838736504,0.09922961374589552,0.9993853569030762
1062,351,attention,0.645294141171402,0.1009465737182549,0.9990637898445129
1063,2509,attention,0.014480758097863967,0.018012912042679324,0.999666690826416
1064,4030,attention,0.07890837080776691,0.31701099411566247,0.9994561076164246
1065,1650,attention,0.017206005428148353,0.005471329326214997,0.9996337890625
1066,2653,attention,0.028341280964185606,0.0033952740003477854,0.999609649181366
1067,4285,attention,0.01777651160955429,0.1884843435327639,0.9982865452766418
1068,1468,attention,0.28562224050983787,0.2978486641222844,0.9989425539970398
1069,2998,attention,0.029955215752124786,0.006671746075153351,0.9995917677879333
1070,1270,attention,-0.02918568579480052,0.19491189685641075,0.8581515550613403
1071,297,attention,0.1738406710246636,0.11317096572990219,0.9961426854133606
1072,2019,attention,0.05378995449454696,0.019493686932104605,0.9996432065963745
1073,629,attention,0.4641927724644061,0.29426590766149363,0.9985477328300476
1074,1944,attention,0.44976034230508266,0.10250787738533247,0.9991617202758789
1075,953,attention,0.012147018783970884,0.007173789174933182,0.9994865655899048
1076,466,attention,0.06343611888587475,0.04883382096886635,0.9995763897895813
1077,2200,attention,0.3345605922646507,0.5465110948748391,0.8540064096450806
1078,728,attention,0.04414178769696842,0.42135875443504617,0.9994561076164246
1079,3376,attention,0.5272523384733256,0.10847856675421721,0.9947073459625244
1080,4549,attention,0.3083799093052052,0.1358281818413457,0.9830725193023682
1081,72,attention,-0.11939897705263819,-0.249583980864695,0.00627287570387125
1082,4,attention,0.20993061601481539,0.06904796118590426,0.9985929131507874
1083,1098,attention,0.39875537826604135,0.1462148483559439,0.9961133003234863
1084,2726,attention,0.6263232955709099,0.019147933572530747,0.9993663430213928
1085,2921,attention,0.02388017660095578,0.021830618381500244,0.9996601343154907
1086,2531,attention,0.03493627646695013,0.018093008062113888,0.9996145963668823
1087,2614,attention,0.023459790214415518,0.012274274902959023,0.9996167421340942
1088,2434,attention,0.5818821727699632,0.08676567012122993,0.9884706735610962
1089,3111,attention,0.4388631928179945,0.059396789086108306,0.9929046034812927
1090,3615,attention,0.400633383218361,0.20433631118225015,0.989231288433075
1091,3063,attention,0.38499415304977447,0.06050477520329878,0.9991852641105652
1092,1385,attention,0.5938576580445645,0.01955337921778361,0.9989620447158813
1093,128,attention,0.03871443532466984,-0.4091312770660107,0.05991167202591896
1094,1030,attention,0.2172214838862419,0.056286733001470565,0.9918654561042786
1095,16,attention,0.06642215967178344,0.01853393793106079,0.9995558857917786
1096,670,attention,0.7722978507676586,0.07378940848690091,0.9991095662117004
1097,3743,attention,0.6910379580167924,0.021990327727656033,0.9991957545280457
1098,2202,attention,0.10232111378464588,0.049138060662635534,0.9947768449783325
1099,1615,attention,0.3194875963605367,0.0729251993008149,0.9969441294670105
1100,1558,attention,0.06108220609334799,0.02306543863736666,0.9995993971824646
1101,3953,attention,0.6077835860034061,0.28621116921652195,0.8385427594184875
1102,304,attention,0.5435463769827038,0.05600548513671931,0.9991636276245117
1103,4004,attention,0.0530964920395299,0.053009719877369015,0.99965500831604
1104,4547,attention,0.6639342122592119,0.0748516252740871,0.9124698042869568
1105,1247,attention,0.4584705056250095,0.036697810739278795,0.9988911747932434
1106,3136,attention,0.6734716752058981,0.17941935491075534,0.9989492297172546
1107,1220,attention,0.5959746850033601,0.06383158887426059,0.9992615580558777
1108,3261,attention,0.08692439794540405,0.3175210031409127,0.9988645315170288
1109,1611,attention,0.34739855046455675,0.15537418103597772,0.9595311284065247
1110,1181,attention,0.5659073156097697,0.08552496238197717,0.9993925094604492
1111,2797,attention,0.15341455131573112,0.17398040934073689,0.46431487798690796
1112,610,attention,0.8689541406191249,0.025430926825942064,0.9989633560180664
1113,3751,attention,0.08101847779118654,0.38783469742559123,0.9895468354225159
1114,2248,attention,0.7384760718291196,0.037800114028728925,0.9825856685638428
1115,99,attention,0.5824439151849794,0.024018496471016032,0.9989156723022461
1116,3781,attention,0.027731777806031078,0.012422798495543631,0.9996659755706787
1117,225,attention,0.056837260723114014,0.006016345585093778,0.9996508359909058
1118,2103,attention,0.16054936746756235,0.2575853980540867,0.9950827360153198
1119,2836,attention,0.49213263213850283,0.023064052731525606,0.9990633130073547
1120,2924,attention,0.028889746200747607,0.2677031386950303,0.9996180534362793
1121,2859,attention,-0.3120694153750425,-0.6288430794169578,0.0047720917500555515
1122,2782,attention,0.8057040336014978,0.09303572836320083,0.9962024092674255
1123,515,attention,0.2695296434433879,0.044995075947529564,0.9996391534805298
1124,1951,attention,0.2198454172183306,0.14195874522034174,0.9923940896987915
1125,3869,attention,0.5846497252402413,0.08086309615108701,0.9987646341323853
1126,2263,attention,0.18197519806298343,0.10280662072667231,0.9832453727722168
1127,4006,attention,0.16672278785457215,0.44077063300695346,0.9329985976219177
1128,4522,attention,0.6739701027310931,0.028746681287884712,0.997199535369873
1129,2137,attention,0.024156536116744533,0.007051511244340377,0.9994431138038635
1130,3673,attention,0.34938801164334676,0.037384309788357536,0.9948624968528748
1131,1707,attention,-0.14453566214693378,0.10122834051955058,0.284817099571228
1132,314,attention,0.036184812245303635,0.015696479033117425,0.9995383024215698
1133,1924,attention,0.5213325689374296,0.6918061101308989,0.9326366782188416
1134,2247,attention,0.5344852255879059,0.1322948640999606,0.9990529417991638
1135,3901,attention,0.6256094032595324,0.06753818159056611,0.9985560774803162
1136,1847,attention,0.01985783649213386,0.014013088110721472,0.9994674324989319
1137,1725,attention,0.07738908590414585,0.01570574136880728,0.9996540546417236
1138,3547,attention,-0.36818718262797884,-0.01437788647449305,0.012798065319657326
1139,4558,attention,0.48236553370952606,0.08873052654994859,0.9991627931594849
1140,3403,attention,0.5726511547381573,0.03819253263955421,0.9956961870193481
1141,3007,attention,0.4685844110346145,0.5590885127587667,0.9694604873657227
1142,2961,attention,0.4088583295524586,0.08767099445685744,0.9989249110221863
1143,3591,attention,0.6790934064595016,0.15363989277359316,0.999377965927124
1144,571,attention,0.5437282998347654,0.05751307411119342,0.9991270899772644
1145,4041,attention,0.2531096032924122,0.14024677177270253,0.9928140044212341
1146,2629,attention,0.4718060222055231,0.06651894255663224,0.9984891414642334
1147,3121,attention,0.4612449355084788,0.14737875974440778,0.9988301396369934
1148,2701,attention,0.08845691326572451,0.11839592713472802,0.8653034567832947
1149,3101,attention,0.6912603986080891,0.11644901307644667,0.9965533018112183
1150,1863,attention,0.041708204676123226,0.007441948441898122,0.9994211196899414
1151,2908,attention,0.05663328531176545,0.04642722079920214,0.9996621608734131
1152,4456,attention,0.5516218576072291,0.021253114566206932,0.9987928867340088
1153,3230,attention,0.47483842367700374,0.0937070227586306,0.9988297820091248
1154,2399,attention,0.6134824604362764,0.07155792532782805,0.9985949397087097
1155,3447,attention,0.02007017284631729,0.008898383378982544,0.9996182918548584
1156,1522,attention,0.5655326286478984,0.05823730349992261,0.9993118047714233
1157,3295,attention,0.4149538873720303,0.20907406862825156,0.988055944442749
1158,495,attention,0.012177213242179468,0.6116721709021429,0.9905909895896912
1159,317,attention,0.44756583465298394,0.021281438405221363,0.9993842840194702
1160,4319,attention,0.027972676356633506,0.017911080519358316,0.9995343685150146
1161,2583,attention,0.6025522663387366,0.2997726132543499,0.9699583053588867
1162,4536,attention,0.21188654372882512,0.49886932963919306,0.9908421039581299
1163,551,attention,0.3331466465378585,0.020498816409836643,0.9982461929321289
1164,950,attention,0.5875022307696656,0.016456380358030057,0.999201238155365
1165,2681,attention,0.02954155528867567,0.4325525616059659,0.9983810186386108
1166,1720,attention,0.03297066959467801,0.028192280368371445,0.9995889067649841
1167,3845,attention,0.017984989285469054,0.018792992830276488,0.9996449947357178
1168,1653,attention,0.5846820870647207,0.08296720292419195,0.998863697052002
1169,1475,attention,0.6906224598105137,0.17169844210506058,0.9978700876235962
1170,826,attention,0.43708324759333794,0.03152744961636407,0.9985975623130798
1171,2235,attention,0.4903645845165906,0.03501741473491375,0.99935382604599
1172,1061,attention,0.2607310143858194,0.12308724544011057,0.9881864190101624
1173,2353,attention,0.03827195190915875,0.0051987510101467954,0.9995245933532715
1174,2771,attention,0.08220153890158001,0.008500394068266215,0.9996633529663086
1175,3467,attention,0.1242407920795518,0.20579045097582746,0.9501699805259705
1176,1672,attention,0.02454120887292398,0.008998996502644307,0.9996485710144043
1177,4093,attention,0.9190695768429173,0.036931493795580334,0.9898171424865723
1178,2772,attention,0.5519275746179725,0.027528954825053614,0.9981696605682373
1179,1352,attention,0.015876669022772048,0.01070618298318651,0.9992867112159729
1180,1168,attention,0.03437412001869895,0.034536678140813654,0.9996587038040161
1181,1928,attention,0.7507055698868095,0.08967509186930127,0.9927173852920532
1182,2714,attention,0.45398811623454094,0.0482670122385025,0.7320428490638733
1183,3211,attention,0.5828418369989755,0.037170925112657766,0.9987195730209351
1184,4227,attention,0.41212848299428034,0.017095992374315597,0.9991139769554138
1185,2379,attention,0.07633840516209603,0.20488235573720887,0.9993844032287598
1186,3649,attention,0.7473225881662479,0.17386925810068432,0.9989896416664124
1187,3624,attention,0.29788220434722196,0.01571403334780437,0.9996579885482788
1188,3790,attention,0.10118277244111325,0.12405656912225357,0.9919941425323486
1189,1898,attention,0.04599347852525257,0.01364086213566008,0.9995865225791931
1190,1664,attention,0.5226423572993985,0.12055502601556088,0.9984980821609497
1191,3412,attention,0.018207293909949226,0.021050918746638943,0.9996570348739624
1192,4179,attention,0.09730263538658619,0.20959938230613867,0.9532638192176819
1193,32,attention,0.15708650147112516,0.5063261929899454,0.9760161638259888
1194,1218,attention,0.044127757244921746,0.009846315739002633,0.9996414184570312
1195,2565,attention,0.027588285248855066,0.00344129780243183,0.9995566010475159
1196,2385,attention,0.11329660534858704,0.015546383857727051,0.9991104006767273
1197,2592,attention,0.4747397329924362,0.17616358887670294,0.998818576335907
1198,3443,attention,0.02504214271903038,0.04993757915993532,0.9995662569999695
1199,3365,attention,0.0811477099594317,0.02028446448476691,0.9996423721313477
1200,338,attention,0.24536227795148366,0.24773009388866885,0.9852792024612427
1201,1346,attention,0.21299136926730475,0.20281589579665,0.9897589683532715
1202,4523,attention,0.36527751565531447,0.1333591165193529,0.9981122016906738
1203,4054,attention,0.47619112925428264,-0.018590804189443588,0.8148842453956604
1204,1577,attention,0.17817712456304977,0.058151716723086985,0.9991635084152222
1205,1123,attention,0.6015076399997397,0.06768130723300368,0.9992470741271973
1206,3777,attention,0.6970827733397703,0.36488262692751783,0.7993559837341309
1207,752,attention,0.016743551129880158,0.02547754412112029,0.999661922454834
1208,681,attention,0.5170520606704734,0.04093188064342195,0.9991687536239624
1209,4433,attention,0.6437851757233913,0.13829965565941835,0.9993265867233276
1210,1904,attention,0.21835909509704485,0.028386339258689147,0.28973811864852905
1211,2342,attention,0.6558782659775141,0.04936363487219324,0.9989364743232727
1212,2364,attention,0.026036192070354115,0.007100190628658642,0.9996687173843384
1213,778,attention,0.2837122247033453,-0.08808637820815636,0.6467320919036865
1214,3001,attention,0.597371603700925,0.10397706809453666,0.9987093210220337
1215,3200,attention,0.570140991151627,0.17018083505038367,0.9993091821670532
1216,3921,attention,0.689200156207695,0.018705473123294004,0.9991611242294312
1217,3545,attention,0.23761561107547843,0.14973925230921903,0.9883450269699097
1218,542,attention,0.016137421131134033,0.02014673948287964,0.9996370077133179
1219,2272,attention,0.7670496139339068,0.10398480776283477,0.9989991784095764
1220,391,attention,0.43311458643068346,0.266570189538853,0.9576553702354431
1221,1979,attention,0.5258366632275283,0.06721940921561327,0.9399215579032898
1222,1150,attention,0.72914679863743,0.10988595526941936,0.9439349174499512
1223,149,attention,0.029989603587559293,0.009641497475760324,0.9994687438011169
1224,2570,attention,0.4811921129003167,0.12864935317817358,0.998884379863739
1225,927,attention,0.6859100050891617,0.11908439260774425,0.9926952123641968
1226,4017,attention,0.016704577388185444,0.007311400138970577,0.9994820952415466
1227,1398,attention,0.54057089359883,0.04585897392940288,0.9988958835601807
1228,3635,attention,0.36938392414179233,0.022468947761115573,0.9990284442901611
1229,505,attention,0.04328157055762506,0.09250196387931224,0.9994749426841736
1230,3423,attention,0.4812522701492223,0.6134945151622956,0.9053910970687866
1231,3247,attention,0.104642187555631,0.3114744299667412,0.9992719292640686
1232,1895,attention,0.3497122382072525,0.026513936722444162,0.9993858337402344
1233,2286,attention,0.37787764178855077,0.05506725838141782,0.9985120892524719
1234,4232,attention,0.25241920890079605,0.07090884198745091,0.9964010715484619
1235,2595,attention,0.024894391496976215,0.06679078315695126,0.9982085227966309
1236,1770,attention,0.03509856075853915,0.005963997260944263,0.9996064305305481
1237,1267,attention,0.14711583744395862,0.17600597503637386,0.995884120464325
1238,3124,attention,0.4094886771318587,0.08633227158817604,0.8890299797058105
1239,2125,attention,0.536673046559805,0.04621884753439753,0.9991903901100159
1240,1659,attention,0.2683966948083253,0.06467908527702093,0.9334602952003479
1241,2909,attention,0.16121592056006193,0.34140559639781715,0.9979445338249207
1242,1765,attention,0.4404090400785208,0.11649434832603826,0.993634819984436
1243,1560,attention,0.4415258166323207,0.540548652118281,0.9978329539299011
1244,2967,attention,0.017006231678856745,0.006907797522015042,0.9993798732757568
1245,1416,attention,0.6824469723523019,0.11612653938423403,0.9993982315063477
1246,1630,attention,0.3141106339437621,0.07874522932938167,0.9948638081550598
1247,449,attention,0.5815467856564495,0.0454015085435754,0.9993274211883545
1248,152,attention,0.43224217855582403,0.17021884062252762,0.8814172148704529
1249,211,attention,0.595493084671034,0.040118291264488584,0.9989579916000366
1250,2032,attention,0.3753827615541273,0.09244966081210546,0.9964901804924011
1251,902,attention,0.453823633145732,0.03890884619874832,0.9991514682769775
1252,3436,attention,0.41130719094801305,0.18188979754697032,0.9870097637176514
1253,3198,attention,0.530018718931824,0.10992514938116074,0.998917818069458
1254,57,attention,0.1977089307247064,0.3123025603365535,0.9542140960693359
1255,3164,attention,0.015630448565763587,0.01761578227959427,0.999634861946106
1256,4303,attention,-0.09233976986155192,0.341168027119451,0.6684200763702393
1257,1927,attention,0.10725537987632884,0.09170885984268454,0.9988740086555481
1258,3206,attention,0.04865052571167817,0.015028731243030445,0.999640703201294
1259,3388,attention,0.605938108489764,0.27177189269357105,0.9989737272262573
1260,816,attention,0.03550658871730169,0.16920220657872656,0.9995569586753845
1261,3284,attention,0.025876967530501515,0.026778922269218845,0.9995666146278381
1262,2765,attention,0.5297886526856858,0.108528073089054,0.8446167707443237
1263,3970,attention,0.015998688183332745,0.02204535352556329,0.999560534954071
1264,885,attention,0.3685475528002082,0.10568788424134254,0.9988434314727783
1265,249,attention,0.6082006908742891,0.13983316719532013,0.9972788691520691
1266,2203,attention,0.18033683632916592,0.0878581327207862,0.9963403940200806
1267,3115,attention,0.07421961063291968,0.016876414054777564,0.9996254444122314
1268,2341,attention,0.0502244982608529,0.02468842683836471,0.9996615648269653
1269,4132,attention,0.38006321129933845,0.09377040581355961,0.9863123297691345
1270,1781,attention,0.038040230671564736,0.008387267589569092,0.9994680285453796
1271,4488,attention,0.040538969247237495,0.02741172650586004,0.999626874923706
1272,44,attention,0.48195480526639867,0.1330090010395417,0.9990755319595337
1273,2390,attention,0.5091744511155412,0.037963387866814934,0.9993762373924255
1274,286,attention,0.4977879798921508,0.04843156564642082,0.9976373910903931
1275,1094,attention,0.47475242124483835,0.2441786396897064,0.8478512167930603
1276,1962,attention,0.4918600626874204,0.05451131831197178,0.9990949630737305
1277,4530,attention,0.6804790870263809,0.021526627969451068,0.9983419179916382
1278,202,attention,0.03768851637840271,0.013607704639434814,0.999395489692688
1279,237,attention,0.1261955725039234,0.18564889589628286,0.9996422529220581
1280,2519,attention,0.7870466462017048,0.09496541300833952,0.9991971850395203
1281,3870,attention,0.2954111226341304,0.07945674906174342,0.9918448328971863
1282,1108,attention,-0.760859577961431,-0.04691906115507057,0.0017256962601095438
1283,2449,attention,0.5535135654397035,0.10742772113093559,0.9986068606376648
1284,2525,attention,0.4722559822572244,0.050063943137993686,0.999263346195221
1285,357,attention,0.1648297800641993,0.2501750668186856,0.995868444442749
1286,736,attention,0.04591553409894308,0.06522180140018463,0.9995502829551697
1287,3918,attention,0.04272296279668808,0.009146006405353546,0.9995150566101074
1288,3848,attention,0.03383003859906583,0.023645093312134612,0.9994513392448425
1289,1953,attention,0.4823056109515684,-0.0007376740021365029,0.9291532039642334
1290,1131,attention,0.6391080884883801,0.5505701785950805,0.9742646813392639
1291,261,attention,0.028114942488846956,0.005522886912027995,0.9996565580368042
1292,3113,attention,0.3056916319578886,0.07291829600930214,0.9979788661003113
1293,379,attention,0.2850542925298214,0.03065303586264874,0.9993801116943359
1294,4263,attention,0.581265204735339,0.024295580215179004,0.9990772008895874
1295,1521,attention,0.6158943573978765,0.05452010427015247,0.9993463158607483
1296,1006,attention,0.07064573275737274,0.018718818823496502,0.9995046854019165
1297,2099,attention,0.4435032811583724,0.22328745473812267,0.996834933757782
1298,4293,attention,0.04124163048607962,0.029348845141274588,0.9996528625488281
1299,436,attention,0.04739170578809885,0.012684812912574181,0.9996432065963745
1300,368,attention,0.4998235922428042,0.17458822200812088,0.9954442977905273
1301,3335,attention,0.5118794210720807,0.027544450480490923,0.9978650212287903
1302,3450,attention,0.32554553431826966,0.03883356497038242,0.9942594766616821
1303,939,attention,0.3327587321861187,0.01166679513650936,0.999417781829834
1304,3596,attention,0.4716156224554226,0.05614049197669993,0.9962910413742065
1305,4027,attention,0.02647171790401141,0.010447440048058828,0.9996507167816162
1306,4056,attention,0.047529750748684534,0.0316758113994933,0.9996144771575928
1307,3946,attention,0.44613059499023255,0.09884331558357205,0.9989486336708069
1308,1429,attention,-0.08354686162410638,0.5358676173998855,0.9057272672653198
1309,3847,attention,0.5957411489588149,0.04352335830001121,0.9982719421386719
1310,1195,attention,0.21304883729786642,0.14575694002691778,0.8628044128417969
1311,1003,attention,0.3329579413715583,0.04425541700711891,0.9442935585975647
1312,1465,attention,0.34638518604074814,0.14924655196567377,0.9991002082824707
1313,2308,attention,0.9865937129723661,0.022606070738199147,0.9993336796760559
1314,250,attention,0.7700469064843168,0.09154253916607963,0.9314371943473816
1315,1579,attention,0.1515957987526568,0.11704524529234665,0.9951466917991638
1316,3954,attention,0.08010532412418099,0.05567507203235183,0.9996585845947266
1317,1105,attention,0.0991731133001546,0.2060945729414622,0.9887095093727112
1318,3569,attention,0.4317711716568148,0.2157257112699586,0.984534502029419
1319,3943,attention,0.28124503332834977,0.178061438139337,0.9588570594787598
1320,1610,attention,0.573206280153699,0.054598268030620206,0.9991377592086792
1321,3003,attention,0.0543128454460288,0.10212710373244195,0.9996428489685059
1322,2100,attention,0.6655959871537617,0.12490839804663803,0.9992386102676392
1323,403,attention,0.2847129116681489,0.3056142788422717,0.9877170920372009
1324,2746,attention,0.38909834416826133,0.1552511968690416,0.9425838589668274
1325,4535,attention,0.1763352450538189,0.3491919808129364,0.9988791346549988
1326,1022,attention,0.04508617892861366,0.025044210255146027,0.9993900060653687
1327,1764,attention,0.5589100102790527,0.16370495208037836,0.9988139867782593
1328,2231,attention,0.021782780066132545,0.059761131182312965,0.9986382126808167
1329,3830,attention,0.5375998000410618,0.024153999611735345,0.9993945360183716
1330,3357,attention,0.029738452376388922,0.01193436762181724,0.9995301961898804
1331,1154,attention,0.6612198225283508,0.06299742949860436,0.9990899562835693
1332,4461,attention,0.1121804026924834,0.029013215279092595,0.9996380805969238
1333,4356,attention,0.26625515882144957,0.18116680104653557,0.9852369427680969
1334,1788,attention,0.5732380357114788,-0.09150144358982845,0.8353526592254639
1335,813,attention,0.3698422668045775,0.40017192986690336,0.990988552570343
1336,344,attention,0.2719671012730234,0.1004206852780448,0.9980541467666626
1337,1353,attention,0.11845085632217967,0.02737821347039679,0.9471147060394287
1338,3951,attention,0.050982605437843165,0.007934775887703409,0.9996528625488281
1339,2427,attention,0.01681540125892276,0.028533993732361568,0.9986635446548462
1340,3287,attention,0.24805735227548414,0.08652712797953023,0.9768236875534058
1341,1226,attention,0.05396551039160752,0.09170234154500975,0.9993801116943359
1342,1678,attention,0.09715104351441066,0.027555811672638625,0.9987406134605408
1343,2941,attention,0.07942669348018926,0.006561036516980427,0.9994339346885681
1344,1740,attention,0.015615501054903357,0.00811582658349014,0.999609649181366
1345,168,attention,0.7218734780665148,0.11218142143704675,0.9939910769462585
1346,4577,attention,0.4323841792200522,0.024115904620507868,0.9986741542816162
1347,1363,attention,0.1748344399034977,0.07595014522473018,0.9993069171905518
1348,853,attention,0.17417192846536636,0.03608588844537735,0.9991099238395691
1349,387,attention,0.53590846738285,0.06469485992748364,0.9993614554405212
1350,3356,attention,0.25533963704393026,0.19390881132511867,0.9985538125038147
1351,3746,attention,0.6697042567062784,0.12041997344402428,0.9982921481132507
1352,3411,attention,0.025765201984307706,0.008797593605824007,0.9996423721313477
1353,880,attention,0.6084458376523495,0.023131538880988955,0.996950089931488
1354,3464,attention,0.4740993942292941,0.04345047023768226,0.9989995360374451
1355,1034,attention,0.07267554071214465,0.014217984676361085,0.9996495246887207
1356,3564,attention,0.5382433995699764,0.07002255909822204,0.9990552067756653
1357,84,attention,0.46457999136129563,0.06684551578523083,0.9993891716003418
1358,3903,attention,0.3428305921455224,0.18588004254787746,0.9993959665298462
1359,1772,attention,0.5878241717194518,0.029040918375054996,0.9169833660125732
1360,42,attention,0.3366737093099139,0.10280557450923053,0.9977256655693054
1361,4097,attention,0.42610083132698806,0.0773238790747912,0.9840864539146423
1362,2943,attention,0.8008059397442804,0.03639589479336372,0.9993330836296082
1363,4262,attention,0.640293442445421,0.0751970736423462,0.9988723397254944
1364,3099,attention,-0.058251522937663704,-0.009393378252138358,0.0013185561401769519
1365,3982,attention,0.7031292553853106,0.16548620371786119,0.9891585111618042
1366,3797,attention,0.3628152195119955,0.5499810662433566,0.6892267465591431
1367,1730,attention,0.22010818767276677,0.1759294624657328,0.9928592443466187
1368,2616,attention,0.04709442822556747,0.012582276996813323,0.9981910586357117
1369,476,attention,0.49905774510138995,0.05451621112788652,0.9993278980255127
1370,1489,attention,0.06832843057133935,0.06059545563025908,0.9983879327774048
1371,2295,attention,0.7382891382567767,0.04196344870256215,0.9973560571670532
1372,468,attention,0.6616593689056268,0.0525225424207747,0.9978876709938049
1373,3608,attention,-0.05888909973542799,0.08500095050443303,0.7348155379295349
1374,4098,attention,0.29436606822944267,0.067124096767568,0.9970888495445251
1375,1874,attention,0.42854160905837835,0.023775198452529452,0.9993833303451538
1376,290,attention,0.42045202499086204,0.015943742882121692,0.998149037361145
1377,383,attention,0.0904645025730133,0.012732125245607816,0.9996250867843628
1378,3175,attention,0.6227894066028966,0.1534751654769934,0.999037504196167
1379,4501,attention,0.040723696222593045,-0.05067380570710219,0.15053939819335938
1380,3622,attention,0.234685666576427,0.18327353278263694,0.402948260307312
1381,2034,attention,0.01609042005718879,0.08798584848080042,0.9970018267631531
1382,363,attention,0.4165134760127826,0.5136791548575275,0.9820668697357178
1383,3374,attention,0.6699165005839485,0.033061987775213575,0.9983819723129272
1384,1640,attention,0.5130975625889246,0.03755355660998544,0.998847484588623
1385,1448,attention,0.43693699540965486,0.04068875290227659,0.9979586601257324
1386,957,attention,0.47777506299316885,0.10893117494881153,0.9979537725448608
1387,4028,attention,0.5367532568724945,0.07469880741995734,0.9971436858177185
1388,3583,attention,0.5804372160989595,0.050279368719968354,0.9983096122741699
1389,3657,attention,0.8556257691979409,0.09150034725666047,0.9975359439849854
1390,4436,attention,0.6721262204150359,0.03737293200360404,0.9979088306427002
1391,3203,attention,0.5472630228226384,0.24952464544081263,0.981618344783783
1392,3487,attention,0.21163437857704107,0.42939632030767066,0.9909029603004456
1393,4109,attention,0.36322576911853893,0.3522955921777923,0.8144953846931458
1394,197,attention,0.055704737196163256,0.008627589868039501,0.9995786547660828
1395,3854,attention,0.46199544047981145,0.1173452507992763,0.9994069337844849
1396,2128,attention,0.4951723082963976,0.022549559761370932,0.9993576407432556
1397,2884,attention,0.01890107697131587,0.05406875820720897,0.9996544122695923
1398,213,attention,0.6041286241035072,0.08810537536533511,0.9946565628051758
1399,2214,attention,-0.004096355527557584,-0.002208616871644768,0.00034314801450818777
1400,3161,attention,0.013394223480689816,0.02534606398605719,0.9996615648269653
1401,907,attention,0.4015403883896914,0.05179223045706749,0.9993670582771301
1402,2498,attention,0.5459129130380461,0.023843725863844156,0.9993485808372498
1403,2197,attention,0.32816902304274176,0.13007835642649576,0.9991539716720581
1404,1493,attention,0.28161555139676614,0.15276212530101047,0.9939420819282532
1405,176,attention,0.2729370579123497,0.043433877187115805,0.996566116809845
1406,3451,attention,0.10033271822965506,0.009663442770640055,0.9996602535247803
1407,2551,attention,0.6506664629643117,0.03184621515018599,0.9991881251335144
1408,1829,attention,0.019572837786241012,0.016571630131114613,0.9996594190597534
1409,4525,attention,0.5664691341926857,0.06572366125729619,0.9990888833999634
1410,47,attention,0.6213772913039315,0.0695962886892113,0.9993900060653687
1411,2650,attention,0.03050846883228847,0.0077150787625994005,0.9996182918548584
1412,139,attention,0.2581159002147615,0.18788411303169347,0.9877253174781799
1413,2922,attention,0.7754271540367468,0.03555921600623564,0.9993960857391357
1414,3642,attention,0.1877746178768575,0.0671214715577662,0.99886155128479
1415,3719,attention,0.9080006752784053,0.039322983059618205,0.9993595480918884
1416,3053,attention,0.37148254319181434,0.18935249730944634,0.9956526756286621
1417,1889,attention,0.3023222029013069,0.07868907365359758,0.9871044158935547
1418,1470,attention,0.010018618483292429,0.007513033716302169,0.9996492862701416
1419,4096,attention,0.20906201072714545,0.057311303010492615,0.9635717272758484
1420,2293,attention,0.03878438472747803,0.04519465783747231,0.999536395072937
1421,251,attention,0.4848452767104997,0.2417665396623003,0.9791962504386902
1422,4358,attention,0.35393527482190856,0.018460068365801937,0.9963322281837463
1423,2791,attention,0.4447871366282925,0.034594101210435234,0.9991394281387329
1424,3028,attention,0.45107732657343147,0.021290082070562575,0.999372661113739
1425,215,attention,0.010967140612394913,0.030118094190307285,0.9996404647827148
1426,2298,attention,0.03920917809009552,0.23029103917851898,0.9995597004890442
1427,1533,attention,0.4657959167426452,-0.050791394412517545,0.8608108758926392
1428,2852,attention,0.18415039457207502,0.023074619991834775,0.9964511394500732
1429,933,attention,0.04208265599750337,0.009681654827935355,0.9996296167373657
1430,2679,attention,0.3256318364292383,0.10760323777794838,0.9928038716316223
1431,3072,attention,0.017245438363817003,0.005631325973404778,0.9995871186256409
1432,1681,attention,0.3145259869225482,0.09920501711956681,0.9922989010810852
1433,914,attention,0.44559998196669887,0.06253499327407729,0.9993832111358643
1434,2306,attention,0.0877558124619861,0.20856708548096722,0.9996342658996582
1435,3841,attention,0.049038984273609365,0.03112159983107918,0.9996579885482788
1436,3570,attention,0.025352786887775768,0.3335663512438204,0.9994775652885437
1437,2211,attention,0.5493733285869838,0.37095338933056954,0.9144052863121033
1438,2857,attention,-0.0662508457988644,0.04436774966933836,0.08441520482301712
1439,1766,attention,0.5178475415505956,0.053561060378948845,0.9989136457443237
1440,498,attention,-0.05187747930927623,-0.10137335368762573,0.03272458165884018
1441,2230,attention,0.42222983185395907,0.09576491584690909,0.9991729855537415
1442,884,attention,0.573362018719005,0.27030608033583986,0.8953685760498047
1443,3275,attention,0.39583305828273296,0.07824325945009203,0.984022319316864
1444,1991,attention,0.016582610209782918,0.013016041119893391,0.9995319843292236
1445,3426,attention,0.3455007125319551,0.3375386410428931,0.43727901577949524
1446,566,attention,0.6174083086614799,0.057887320004000854,0.9991306662559509
1447,3457,attention,0.5499538115152434,0.018522222146943764,0.9992411136627197
1448,2792,attention,0.3227539468895305,0.06034218005158685,0.9982607960700989
1449,4095,attention,0.6559826460344573,0.03783009072335867,0.9991433620452881
1450,2257,attention,0.5976851873121248,0.12348283004738685,0.99796462059021
1451,4129,attention,-0.08545073131598266,0.09962494684150443,0.2853385806083679
1452,1606,attention,0.3569887489080429,0.06187389443318049,0.9987717270851135
1453,439,attention,0.18968803404519954,0.12916462486868518,0.9994128942489624
1454,2737,attention,0.39503537798300387,0.13199434739653954,0.9952542781829834
1455,2008,attention,0.28393797836331436,0.062169627048248466,0.9962452054023743
1456,3731,attention,0.6673037714284399,0.15157319184230722,0.9105895757675171
1457,3519,attention,0.4971295856484311,0.03648868012935557,0.999151349067688
1458,2678,attention,0.06613413406454999,0.14445652585962546,0.9996376037597656
1459,4561,attention,0.5465599031653255,0.05196261952320735,0.999054491519928
1460,3617,attention,0.8382684081490781,0.13501953708662376,0.9285452961921692
1461,1998,attention,0.012515383744330116,0.09671920786301295,0.46868228912353516
1462,1121,attention,0.5033519522032954,0.12844288890218278,0.9907028675079346
1463,2601,attention,0.04000765627080744,0.01720920205116272,0.999442994594574
1464,1261,attention,0.02814252101458036,0.169514349124466,0.9995797276496887
1465,2275,attention,-0.07204653159715235,-0.18990682032890618,0.3498845398426056
1466,2611,attention,0.11650215685367585,0.018609312176704407,0.9996684789657593
1467,844,attention,0.5008390079582891,0.106390732310472,0.9836716055870056
1468,4265,attention,0.23542845184388367,0.17525062297025454,0.9942941069602966
1469,27,attention,0.37689400210465285,0.021870046780974258,0.9994039535522461
1470,229,attention,0.5458191136521054,0.04050471697002649,0.970146656036377
1471,862,attention,0.03483800725503401,0.008813000538132408,0.9995015859603882
1472,3155,attention,0.1085977057615916,0.01569098358352979,0.999586284160614
1473,4039,attention,0.906340559507953,0.09471460253000259,0.9984656572341919
1474,183,attention,-0.16794127393371705,-0.3620956931686537,0.0993981808423996
1475,2360,attention,0.019187754200350855,0.06167647338682605,0.997113823890686
1476,2348,attention,0.3619581996886568,0.1415455351498994,0.9985082745552063
1477,238,attention,0.530469223574707,0.059043008530738225,0.9985505938529968
1478,3180,attention,0.6568923828229811,0.051898562525575224,0.9993637204170227
1479,2581,attention,0.48280134930246277,-0.049169709506843774,0.9118098616600037
1480,1567,attention,0.3097210149985935,0.05631490427857408,0.9991853833198547
1481,2925,attention,0.020917460322380066,0.011379672835270563,0.9996145963668823
1482,523,attention,0.5865071623320026,0.10872081284012114,0.9991225600242615
1483,1035,attention,0.5107408347287895,0.14315074580293652,0.9930290579795837
1484,2402,attention,0.04289541898235198,0.015181576052019674,0.9987123012542725
1485,2312,attention,0.5662386062192835,0.19977579979846874,0.9987609386444092
1486,1225,attention,0.510339831970632,0.018911460340023042,0.9988546371459961
1487,2069,attention,0.01870543834490654,0.006566246350606282,0.9994785189628601
1488,423,attention,0.494809420047594,0.03868266476874615,0.9992967844009399
1489,4427,attention,0.36926044492927185,0.03179987441552313,0.9952455163002014
1490,1174,attention,0.17805858701467514,0.08320795944551142,0.9901217818260193
1491,1490,attention,0.017281246907783276,0.02193963347059308,0.9996395111083984
1492,2020,attention,0.668198606771925,0.02398271249099211,0.9984564781188965
1493,1837,attention,0.053200162550220725,-0.4255538092101695,0.33833006024360657
1494,3730,attention,0.5306892943250515,0.14060629230764946,0.9989099502563477
1495,1586,attention,0.01727261949092784,0.02840030066510464,0.9996424913406372
1496,3595,attention,0.37793313990052985,0.03947467278493078,0.9993891716003418
1497,2622,attention,0.45900502574038066,0.047371646253074086,0.9994051456451416
1498,2173,attention,0.02303942961570544,0.01643619629052969,0.9995648264884949
1499,2153,attention,0.09658285182841281,0.029178770932745426,0.9987844824790955
1500,1139,attention,0.770796733751056,0.1259369066960755,0.9982008934020996
1501,4101,attention,0.775053714936699,0.05672963586236749,0.9991216063499451
1502,4005,attention,0.3641417920589447,0.45906013436615467,0.9704930186271667
1503,1530,attention,0.644194555673294,0.023257068381076905,0.9993129968643188
1504,4259,attention,0.3078680499582677,0.13439398162016594,0.9887791872024536
1505,2175,attention,0.1713288636045887,0.059819068046326335,0.9996013045310974
1506,1016,attention,0.5614797339263943,0.05557348795475498,0.9991195797920227
1507,1575,attention,0.19952276991862877,0.18837576200637748,0.9941682815551758
1508,1333,attention,0.8010264564813538,0.029541831294243984,0.9992026686668396
1509,1380,attention,0.816217868330899,0.12819802972742103,0.9962151646614075
1510,1428,attention,0.2890357698574114,0.02111309827031458,0.9597755074501038
1511,2027,attention,0.4980202713945451,0.051316788993202724,0.9940024018287659
1512,1039,attention,0.520246455820743,0.024996270313858985,0.9993093013763428
1513,22,attention,0.4985269279500773,0.1211987579631251,0.9989134073257446
1514,1276,attention,0.02435976266860962,0.007614092901349068,0.9990806579589844
1515,1367,attention,0.1719146689703298,0.15533725845324264,0.9825390577316284
1516,147,attention,0.3337901669022228,0.09272290127617973,0.9974302649497986
1517,3226,attention,0.3962846692884341,0.018176695952812832,0.999040424823761
1518,4586,attention,0.6150618604827492,0.026564560950763764,0.9990293979644775
1519,2301,attention,0.27960765298645374,0.22031812566348305,0.9640269875526428
1520,2466,attention,0.029422169731509303,0.01110140162129556,0.9996640682220459
1521,2876,attention,0.5134242241963362,0.1673162318378066,0.9597526788711548
1522,2213,attention,-0.016342558485323226,-0.002464115964458971,0.000202023729798384
1523,2261,attention,0.5480988407552314,0.021566706566283338,0.9993762373924255
1524,1956,attention,0.02086640705899547,-0.3544256174090234,0.04006252810359001
1525,2369,attention,0.8897610209240427,0.08350892967366158,0.9902411699295044
1526,190,attention,0.5568845103650043,0.12304545444850293,0.9993892908096313
1527,1834,attention,0.4925206131373461,0.06559488652990414,0.9939466118812561
1528,2393,attention,0.5083270523852358,0.23087531417938104,0.9182735681533813
1529,282,attention,0.04086360746416552,0.03392217590891082,0.9995655417442322
1530,1916,attention,0.6817866616765969,0.12081181134271901,0.998993456363678
1531,4527,attention,0.6001838176245136,0.043575353033485864,0.9987443685531616
1532,1324,attention,0.5115952242929966,0.07289502565534069,0.9988691210746765
1533,3576,attention,0.555186539233939,0.046110302209854126,0.9993870258331299
1534,4029,attention,0.29355336990275027,0.19091762196002227,0.9975489974021912
1535,1683,attention,0.6936323109244846,0.18189299008404108,0.9990891218185425
1536,4353,attention,0.2279503424538345,-0.25352942162170644,0.5951279997825623
1537,273,attention,-0.123887472629205,-0.06285972861877205,0.004147555213421583
1538,1970,attention,0.43004486144266346,0.03446604623035951,0.9986754059791565
1539,903,attention,0.6307422830349034,0.01670472448070844,0.9416317343711853
1540,3599,attention,0.42991283719356244,0.04208266316698148,0.9990440011024475
1541,2499,attention,0.6783870707615278,0.5007164156064391,0.7935299277305603
1542,3514,attention,0.31396158926350914,0.16123504005372524,0.9993149042129517
1543,2991,attention,0.4153687755753804,0.023891512108476537,0.9989377856254578
1544,3705,attention,0.45741291759113667,0.0223659036681056,0.9988238215446472
1545,2014,attention,0.009063478479994105,0.0091847244729387,0.9996583461761475
1546,257,attention,0.11296290207516264,0.39666253942306395,0.9950889945030212
1547,3721,attention,0.0403946686963566,0.13785636860716965,0.9996111989021301
1548,2368,attention,0.03230177428987291,0.045908668968412614,0.999622106552124
1549,3689,attention,0.02586302985536291,0.048474133014678955,0.9996510744094849
1550,2574,attention,0.020018074548605717,0.00954103921398972,0.9995563626289368
1551,4260,attention,0.24593227171466092,0.3202707545662468,0.922892689704895
1552,517,attention,0.14259222774454694,0.0888150408319498,0.9671018719673157
1553,3170,attention,-0.050587872876250814,-0.2044985824755418,0.012250982224941254
1554,3201,attention,0.09345639534294606,0.07318811416625977,0.997749388217926
1555,3194,attention,0.27564120406041975,-0.011836412484231203,0.8306804895401001
1556,3897,attention,0.36039975779131056,0.047032250091433525,0.9989411234855652
1557,858,attention,0.46650208008941263,0.32962697416951414,0.9929360747337341
1558,19,attention,-0.03601230736132021,0.2543650693087666,0.632340669631958
1559,699,attention,0.010094636016421847,0.01251246311046459,0.9980823993682861
1560,575,attention,0.04070685555537542,0.010264589140812555,0.9996497631072998
1561,1646,attention,0.031210189773922876,0.0512935146689415,0.9989633560180664
1562,3623,attention,0.42116415861812306,0.0852444291841693,0.9993762373924255
1563,599,attention,0.2992446755146375,0.2688975333536291,0.9796587228775024
1564,2894,attention,0.026981457074483236,0.036678867869906956,0.9996252059936523
1565,305,attention,0.8235978505591739,0.05495867185856936,0.9989272952079773
1566,3433,attention,0.026717611078946095,0.07681289146531303,0.9994997978210449
1567,3826,attention,0.43551962110731335,0.12685526178942785,0.8962622880935669
1568,1350,attention,0.3509954637573922,0.028175017741673133,0.9993466734886169
1569,2129,attention,0.7923972465267236,0.020750619301741772,0.999143123626709
1570,1422,attention,0.3059179996581454,0.05998062283584946,0.9969171285629272
1571,3819,attention,0.6538520419800823,0.11278078772804954,0.9985499978065491
1572,1527,attention,0.026559122800827027,0.009429069757461548,0.9996610879898071
1573,1087,attention,0.03288404101675207,0.011027372696182945,0.9996534585952759
1574,1484,attention,0.5830738300616604,0.053174426279416896,0.9934612512588501
1575,3513,attention,0.1910679691573023,0.11760314675047993,0.9972319006919861
1576,3361,attention,0.025989541742536756,0.31083323477456964,0.9984989166259766
1577,1323,attention,0.7695605028963958,0.07773193170626959,0.8490097522735596
1578,1553,attention,0.6090043280772599,0.10883088756929196,0.9981650710105896
1579,3687,attention,0.04741493931838444,0.05632325794015612,0.999544084072113
1580,4368,attention,0.5018082261686364,0.030940330557284818,0.9993839263916016
1581,3165,attention,0.5411768716800472,0.0628385802164026,0.9991828799247742
1582,1309,attention,0.8196699698455632,0.14485187590683132,0.9990371465682983
1583,2983,attention,0.5416155318514659,0.12782543993149048,0.998909592628479
1584,3378,attention,0.5408941720638217,0.07379820321997006,0.9752357006072998
1585,345,attention,0.5654924673739437,0.3158395948779324,0.6180360913276672
1586,1086,attention,0.761694167877431,0.10251899571157992,0.999163031578064
1587,923,attention,0.6178129832570751,0.030553259452184043,0.9990264177322388
1588,1571,attention,0.017060967162251472,0.006964053958654404,0.9995949864387512
1589,842,attention,0.6812924191507758,0.14332839272731002,0.94442218542099
1590,2165,attention,0.8520582899375138,0.20613141468661175,0.9938048124313354
1591,608,attention,0.697483113718867,0.0800521174526733,0.9991636276245117
1592,285,attention,0.4350929462604902,0.16057280598430557,0.9989277720451355
1593,2009,attention,0.22778163680976088,0.03354938565330072,0.9982799291610718
1594,807,attention,0.2738952961517498,0.07108113620170327,0.9985068440437317
1595,4511,attention,0.4318766544323201,0.037946137289206185,0.9992815852165222
1596,2495,attention,0.4009366268109457,0.051414169005903544,0.9993853569030762
1597,405,attention,0.5410416617416967,0.019546507420588513,0.9992332458496094
1598,218,attention,0.5008435503489548,0.07366797676490199,0.9968808889389038
1599,1976,attention,0.49865650007767337,0.1653335445693561,0.9981683492660522
1600,4040,attention,0.5587660573232411,-0.023659829050302505,0.841234028339386
1601,2461,attention,0.47941074571854464,0.029209959800496246,0.999382734298706
1602,2095,attention,0.37695296488280566,0.04498406120066373,0.9986758828163147
1603,327,attention,0.34167273619192806,0.32580149711381334,0.5409786105155945
1604,2957,attention,0.7643662956701118,0.06648633970042407,0.9883548021316528
1605,1778,attention,0.45701240065682214,0.11925263741674523,0.9987016916275024
1606,688,attention,0.7274525463898243,0.07138587104586455,0.9988686442375183
1607,393,attention,0.1980979184452922,0.1491237267290648,0.763340413570404
1608,3495,attention,0.4523423931930425,0.1401734322590648,0.9989851117134094
1609,2741,attention,0.5346455319579589,0.0424165448234619,0.9993811845779419
1610,3105,attention,0.4531072567662467,0.5619553651498712,0.8594332337379456
1611,3579,attention,0.12596514342086657,0.2715657526361091,0.9866344928741455
1612,4460,attention,0.32245300924207304,0.07752788352205399,0.9910475611686707
1613,1491,attention,0.16490001307408275,0.033891335914009495,0.9995924830436707
1614,882,attention,0.6236994326027343,0.10541027256598075,0.9961193799972534
1615,2085,attention,0.7211341170801057,0.1402247193209068,0.9988679885864258
1616,1769,attention,0.5922915336654283,0.1961342963866543,0.9970420002937317
1617,3177,attention,0.49875900436724935,0.0026711638484682356,0.9704149961471558
1618,3766,attention,0.31758914252695364,0.1220233350371321,0.9971404075622559
1619,2049,attention,0.28340636927168816,0.1204409971833229,0.9991164803504944
1620,794,attention,0.02479347586631775,0.048670737580819565,0.9996032118797302
1621,1617,attention,0.23369404285525283,0.04862652806979087,0.998904824256897
1622,21,attention,0.6007474938265255,0.01873977613393907,0.9993841648101807
1623,2626,attention,0.06447719004419115,0.011751790841420492,0.9995206594467163
1624,2199,attention,-0.1425434244124012,0.02225977195582042,0.039611686021089554
1625,4578,attention,0.02489285519782533,0.08287791462823813,0.9995160102844238
1626,1535,attention,0.42790077665242654,0.22587679043926043,0.998128354549408
1627,1012,attention,0.2834421646039118,0.4201882898196345,0.8239738345146179
1628,3302,attention,0.49650265485106504,0.03600893408060074,0.9989655017852783
1629,3059,attention,0.6041778771391061,0.08745224252343178,0.9987943172454834
1630,1172,attention,0.028595274144952946,0.016642276536334644,0.9996435642242432
1631,3322,attention,0.5283926641151131,0.12909467936812066,0.9941058158874512
1632,3232,attention,0.6291526298389892,0.37368204967986623,0.9047036170959473
1633,3859,attention,0.04686018900993543,0.03731489334350977,0.9996185302734375
1634,1015,attention,0.5739719019769582,0.0432720982231373,0.9992378950119019
1635,1364,attention,0.37377179624593776,0.07749456628326974,0.9995948672294617
1636,2757,attention,0.026525310567907384,0.04829103479514251,0.9983596205711365
1637,182,attention,0.8137771664204432,0.08282901931042765,0.9991540908813477
1638,1107,attention,0.021183367128725403,0.09357058229269805,0.9995881915092468
1639,188,attention,0.25514161095655125,0.2234703242778778,0.867632269859314
1640,2990,attention,0.3447338645346463,0.044679545196534796,0.9552038908004761
1641,2951,attention,0.5472872620157432,0.2044531286058676,0.9824032783508301
1642,3539,attention,0.0445630091887254,0.022613713374504678,0.9996664524078369
1643,3473,attention,0.5519982396314541,0.06311779962076496,0.9990646243095398
1644,1655,attention,0.5799443941492506,0.019401678734499474,0.9905045628547668
1645,3422,attention,0.097754480884127,0.07699405563914258,0.9972403049468994
1646,4077,attention,0.1831459813728565,0.14292415576737103,0.9940881729125977
1647,3015,attention,0.03334063868368826,0.06898600328713655,0.998708963394165
1648,2713,attention,0.1169129736148394,0.02568788367968339,0.9995044469833374
1649,3397,attention,0.6629407742194474,0.050933920243319046,0.9989211559295654
1650,1266,attention,0.38393817828702076,0.024255641137382815,0.9979817867279053
1651,1623,attention,0.5824572011165751,0.034536514431238174,0.9991612434387207
1652,3358,attention,0.6669036363212703,0.022283397792350678,0.9993563294410706
1653,373,attention,0.08578410185873508,0.07823548233136535,0.9982847571372986
1654,2026,attention,0.12565651916795306,0.0667925879980127,0.9989233613014221
1655,1524,attention,0.32910731055129033,0.03513631453880897,0.999204695224762
1656,422,attention,0.3588974528192055,0.08301805398826088,0.9925078749656677
1657,3169,attention,0.018528892713434556,0.005516790291842292,0.9977535605430603
1658,3650,attention,0.039794666116887874,0.02336994084444913,0.9994427561759949
1659,3800,attention,0.5711511142571715,0.08743933540709475,0.9711559414863586
1660,1120,attention,0.6196017624318318,0.08515425940167229,0.9991294741630554
1661,2249,attention,0.45413940262894126,0.022814558082541753,0.9993816614151001
1662,4043,attention,0.06760522931121117,0.11114857636587044,0.9996614456176758
1663,616,attention,0.16156826650017295,0.06686589070435228,0.9961885809898376
1664,2691,attention,0.6153060727677232,0.03413342231431523,0.9967065453529358
1665,2043,attention,0.44420290026547654,0.12781910572760222,0.9938713312149048
1666,3188,attention,0.5858795055397786,0.15917313214857132,0.9944091439247131
1667,2835,attention,0.32983287235681646,0.05082604066970257,0.9991340041160583
1668,4211,attention,0.016514418522516887,0.025501163800557454,0.9993029832839966
1669,917,attention,0.30409193539526314,0.2391401988479629,0.9877347350120544
1670,4100,attention,0.3938576404005289,0.2521966466589624,0.9991710186004639
1671,1162,attention,0.5297251400515074,0.02319314576140264,0.99937504529953
1672,3716,attention,0.5047239370990632,0.05933951690446499,0.9991697072982788
1673,1248,attention,0.07262111546062841,0.08996835823466139,0.9996421337127686
1674,828,attention,0.12988568636331152,0.07872977091910992,0.999652624130249
1675,2243,attention,-0.07195867902802063,0.012699401079331554,0.02451511286199093
1676,2902,attention,0.23487259890392143,0.049860390430351474,0.9986756443977356
1677,337,attention,0.4686839420061845,0.22507967532445222,0.9972852468490601
1678,2351,attention,0.43663919280166735,0.038965543173253535,0.9993780851364136
1679,1959,attention,0.4157077245414257,0.09787488132715225,0.995726466178894
1680,3431,attention,-0.3804491638438776,-0.048432571589501094,0.10540931671857834
1681,4374,attention,0.44198276079734977,0.0826753881969014,0.9985717535018921
1682,1102,attention,0.02198420690767693,0.042469225146553734,0.9996216297149658
1683,1246,attention,0.009868109435365912,0.04602663820249993,0.9996531009674072
1684,1176,attention,0.46088755658517283,0.219000898881091,0.9989305138587952
1685,4579,attention,0.014492458767361112,0.011228480603959826,0.9996460676193237
1686,3195,attention,0.004159635480712442,0.1435934161692036,0.5380821824073792
1687,2790,attention,0.3880819933116436,0.08111180827021598,0.997856080532074
1688,3877,attention,0.5726666531215111,0.2917112810758963,0.9847211241722107
1689,93,attention,0.34833733217660773,0.02966960883417795,0.9966663718223572
1690,2795,attention,0.7499848674397563,0.07664423184217634,0.9456225037574768
1691,2317,attention,0.4453417176793499,0.05754388056018136,0.9903320670127869
1692,385,attention,0.395557850893891,0.11824555516395034,0.9993897676467896
1693,913,attention,0.4676723516066418,0.029064063208572792,0.9993676543235779
1694,693,attention,0.2751534440451198,0.0671402275286339,0.9962208867073059
1695,3241,attention,0.408074406220112,0.23331098420749186,0.9692100286483765
1696,2471,attention,0.4904574233924552,0.0364733885745613,0.9959734082221985
1697,311,attention,0.6497587616871691,0.05032052626868464,0.9990488886833191
1698,334,attention,0.29780810709410116,0.21037386515933387,0.9995749592781067
1699,861,attention,0.01062563834366975,0.03001146404831498,0.999603807926178
1700,1454,attention,0.5440082120476291,0.0532065455077423,0.9986516833305359
1701,2684,attention,0.5207022444239624,0.016820841240433027,0.9983585476875305
1702,1224,attention,0.9549663696107605,0.38467838989210223,0.9987661838531494
1703,2585,attention,0.0647149742866049,0.015109992757135508,0.9996428489685059
1704,708,attention,0.4235927160201675,0.020520777401068935,0.9990423321723938
1705,3141,attention,0.009606398966001429,0.014818711125332376,0.9996360540390015
1706,38,attention,0.4130842950028139,0.018319229050627293,0.9987980127334595
1707,2683,attention,0.5849369971081615,0.03875135881826282,0.9991934895515442
1708,935,attention,0.5130015438688653,0.2269114162772894,0.9993172883987427
1709,3339,attention,0.0465875954731651,0.019014963637227596,0.9996575117111206
1710,1325,attention,0.36969864169179006,0.21113729199697806,0.9985232949256897
1711,2120,attention,0.12510774167729358,-0.009543092154404697,0.19119592010974884
1712,470,attention,0.14405953527780296,0.40442994935721976,0.990198016166687
1713,3393,attention,0.1878885732384751,0.05518276465905679,0.999430239200592
1714,1942,attention,0.1649895106917635,0.016450217614571255,0.9994478821754456
1715,3371,attention,0.5880570455855276,0.04034544713795185,0.9987943172454834
1716,1713,attention,0.45964160173847946,-0.09896360208158908,0.6230827569961548
1717,160,attention,0.014083512804724953,0.006490413438190113,0.9995412826538086
1718,1192,attention,0.07307562828063965,0.018957233428955077,0.9996260404586792
1719,2161,attention,0.027126797147699305,0.01234217270000561,0.9995623230934143
1720,3925,attention,0.6206770894560413,0.08981560573714678,0.9971501231193542
1721,3619,attention,0.23772771810846668,0.14813516310283115,0.9700282216072083
1722,4209,attention,0.37687775547592306,0.038968864255226575,0.9316954016685486
1723,3524,attention,0.42375195534575893,0.018887330008589703,0.9987012147903442
1724,353,attention,0.2912951216709857,0.082949152957572,0.9980803728103638
1725,2548,attention,0.396270774127472,0.1239955865201496,0.9991563558578491
1726,4202,attention,0.012766931738172258,0.13996033115046366,0.9917930960655212
1727,1014,attention,0.2358294514092532,0.11796360781246966,0.9905891418457031
1728,1200,attention,0.5641770195858232,0.040182442500673494,0.9971856474876404
1729,4580,attention,0.022827263231630677,0.0184972087542216,0.9996461868286133
1730,3087,attention,0.3511943282958652,0.05292871554515192,0.9990992546081543
1731,1305,attention,0.48835699982591907,0.047398262191563845,0.998984158039093
1732,112,attention,0.04410235583782196,0.00879395380616188,0.9995773434638977
1733,1853,attention,0.5501196345624825,0.13295624208386111,0.9979832172393799
1734,4310,attention,0.4589902237749748,0.05922401904366737,0.9988314509391785
1735,3873,attention,0.07900965998047277,0.008957069171102424,0.9996566772460938
1736,4216,attention,0.62787460366633,0.0737978730368305,0.9993083477020264
1737,14,attention,-0.18220938479199128,-0.061397439854986524,0.7737482786178589
1738,3915,attention,0.7914504980320219,0.08874452470003494,0.9990742206573486
1739,2387,attention,0.5166234189555758,0.03584166669419834,0.9984325766563416
1740,533,attention,0.5598404133592599,0.11555216541247708,0.6080431342124939
1741,3551,attention,0.3476711852958293,0.05653347347729972,0.9923055768013
1742,851,attention,0.390554717106914,0.020740554583343594,0.9991269707679749
1743,1418,attention,0.12917673261019222,0.13123271895343797,0.8733924031257629
1744,3446,attention,0.2700950334496472,0.02324217525513276,0.998358428478241
1745,1318,attention,0.5203328388954767,0.1404230800372633,0.9967293739318848
1746,677,attention,0.01991497448512486,0.013672711168016707,0.9994944334030151
1747,3740,attention,0.47365396649111063,0.14771096603944897,0.9993976354598999
1748,1317,attention,0.6216162966800945,-0.07516793882260557,0.8506525158882141
1749,1072,attention,0.9947812791375327,0.036325618848204615,0.999428927898407
1750,4275,attention,0.14699437745730393,-0.296558921225369,0.3607975244522095
1751,655,attention,0.8292165850449739,-0.01953346539160301,0.9027310013771057
1752,3128,attention,0.5193223206371795,0.20066306224410854,0.9740851521492004
1753,3143,attention,0.04397469758987427,0.05214398503303528,0.9995619654655457
1754,568,attention,0.6907047496684494,0.37319310876939976,0.9719793200492859
1755,1871,attention,0.03082236796617508,0.012180192768573761,0.9996623992919922
1756,3956,attention,0.4483880170349342,0.10843148124533603,0.9993952512741089
1757,121,attention,0.01817587124449866,0.3103393955472192,0.9996229410171509
1758,3150,attention,0.627810499286684,0.06292264991561355,0.9991140961647034
1759,587,attention,0.01976159597054506,0.07737164084727947,0.9996590614318848
1760,3061,attention,0.6308891345860854,0.09584659258169788,0.99899822473526
1761,3162,attention,0.6528777428471518,0.017907455839492655,0.9993732571601868
1762,1254,attention,0.011969498088282923,0.003293546938127087,0.999588668346405
1763,2658,attention,0.30966748046054643,0.0221835528599455,0.9991675615310669
1764,163,attention,0.38626829256581796,0.14792786403135819,0.9969267249107361
1765,1322,attention,0.18906641751527786,0.0285883578124331,0.9988309741020203
1766,4249,attention,0.3875645181502808,0.005044189840555191,0.9448575377464294
1767,360,attention,0.4347144604900912,0.07312677232473488,0.9987766146659851
1768,1768,attention,0.025830410561471614,0.12814825700314822,0.9953357577323914
1769,732,attention,0.8493260768150018,0.10899898405186832,0.9988956451416016
1770,2671,attention,0.2781350014345913,0.12074215568859002,0.9971069693565369
1771,691,attention,0.19084503172229775,0.2191264465281337,0.3396788239479065
1772,79,attention,0.6585809629005207,0.1459275588988223,0.9992596507072449
1773,2776,attention,0.23161343900574138,0.03886986049738797,0.9976473450660706
1774,1053,attention,0.7194238813621375,0.41397184074180676,0.9929702877998352
1775,410,attention,0.5390412894331874,0.07797813768449582,0.9991416931152344
1776,4367,attention,0.5340914691665343,0.17529473715417443,0.9851753115653992
1777,1667,attention,0.5627207484001702,0.0892894420772791,0.9980067610740662
1778,3349,attention,0.6909075416919742,0.1373424164285617,0.9923461675643921
1779,2672,attention,0.06465417146682739,0.1093992271150152,0.9995920062065125
1780,4038,attention,0.6285173826655673,0.030263461968711308,0.9987791180610657
1781,4552,attention,0.40901333208688917,0.06020705445724375,0.9967419505119324
1782,1542,attention,0.057134478067865174,0.017350503376552036,0.9995275735855103
1783,1336,attention,0.04087837654001573,0.005017205780627681,0.9993784427642822
1784,1519,attention,0.7156175873884095,0.02443138844309709,0.9993535876274109
1785,1229,attention,0.45573098012246194,0.019085937440395356,0.9993834495544434
1786,1968,attention,0.41228354879422113,0.0571248314032952,0.9963032007217407
1787,4416,attention,0.3533463643602373,0.1072117131399481,0.9992473125457764
1788,2109,attention,0.8063971565456175,0.01629228841085903,0.9979265928268433
1789,725,attention,0.4546350060208213,0.022768979537345115,0.9994057416915894
1790,1134,attention,0.2034157599721636,0.19772111735351028,0.700931966304779
1791,101,attention,0.1931948316000078,0.453172460846279,0.971911609172821
1792,4266,attention,0.9332917257703484,0.05821278223464655,0.9966752529144287
1793,2253,attention,0.3543726618652447,0.12268834132462358,0.9985866546630859
1794,1269,attention,0.053189450254042946,0.04769316936532656,0.9996598958969116
1795,2813,attention,0.508231545459213,0.07694288886019161,0.9991287589073181
1796,193,attention,0.738914091700942,0.0866056943142956,0.998537540435791
1797,1127,attention,0.5488420358380756,0.058525686227792015,0.9993529915809631
1798,2871,attention,0.7357867340239265,0.023105316227529107,0.9991708993911743
1799,3470,attention,-0.04864951672361178,0.38304820489429403,0.54932701587677
1800,280,attention,0.5768630483530854,0.02408666340144057,0.9991291165351868
1801,1696,attention,0.5765583684292829,0.05288299121376541,0.9993871450424194
1802,2623,attention,0.012815618515014648,0.008407833841111925,0.9995787739753723
1803,2139,attention,0.4658331281768725,0.042475834772314716,0.9994019269943237
1804,3438,attention,0.022226096554235977,0.013579697771505876,0.9996529817581177
1805,82,attention,0.12881845057010652,0.017758716344833374,0.9996553659439087
1806,876,attention,-0.19303212666677105,0.22929292831018014,0.5930060744285583
1807,2719,attention,0.04064395453067536,0.008976371998482563,0.9995077848434448
1808,2374,attention,0.02241988401663931,0.016420902390229076,0.999235987663269
1809,1569,attention,0.813241586405561,0.1257911021722124,0.9976327419281006
1810,2416,attention,0.02806134521961212,0.013592001050710678,0.9995030164718628
1811,3724,attention,0.5008130756872041,0.08139595963335264,0.996752142906189
1812,3511,attention,0.6421387857198715,0.19832691065967084,0.9970585107803345
1813,4046,attention,0.38120132905465587,0.014660914600999267,0.9460201859474182
1814,2132,attention,0.30757267393849114,0.13077874102375725,0.9987367987632751
1815,2932,attention,0.3996303775621688,0.22258903140969136,0.9991791844367981
1816,3414,attention,0.018376938132352607,0.22095371755706364,0.9524268507957458
1817,1009,attention,0.12720562917430225,0.03574776067966368,0.9996192455291748
1818,4171,attention,0.2541823329413934,0.02928036160585357,0.9995684027671814
1819,1439,attention,0.15538422098117216,0.12125279876042386,0.9993966817855835
1820,3603,attention,0.4189142201009185,0.21782221985293207,0.998826801776886
1821,2680,attention,0.482942927158529,0.057798590383255015,0.9993784427642822
1822,4297,attention,0.0617591312953404,0.015139948754083542,0.9996525049209595
1823,630,attention,0.29802697855565286,0.08211710933181975,0.9986656904220581
1824,638,attention,0.4500684253871441,0.10279488871837485,0.9989514350891113
1825,455,attention,0.7411037914930506,0.08444274117813465,0.9898774027824402
1826,129,attention,0.039587903022766116,0.054424197143978545,0.999648928642273
1827,3544,attention,0.2622601719907461,0.024187283733716376,0.9991468191146851
1828,2705,attention,0.011847682870351352,0.040378617552610546,0.9954513907432556
1829,4542,attention,0.5830110555664652,0.083724888720376,0.9993721842765808
1830,1736,attention,0.4956643659517997,0.03426311551420777,0.9991322159767151
1831,1442,attention,0.3651188364161587,0.08297785625952046,0.9975928664207458
1832,836,attention,0.2991003467468545,0.3452550487618282,0.9985809326171875
1833,3713,attention,0.35396788296743464,0.02318182797768177,0.9985994696617126
1834,963,attention,-0.2383863223909304,-0.11679231335312643,0.17056235671043396
1835,3500,attention,0.3006366227567196,0.1787789571285248,0.9967949986457825
1836,1386,attention,0.4279908244498074,0.14196213684044778,0.9987132549285889
1837,3631,attention,0.6251772222850396,0.09706295460310517,0.9985203146934509
1838,3220,attention,0.3850864262374885,0.10480457916855812,0.9989356398582458
1839,1920,attention,0.5620182899854563,0.20137765950920736,0.9989533424377441
1840,3065,attention,0.1746353934354642,0.07785781976931236,0.9983017444610596
1841,4122,attention,0.08411640220607121,0.013539329651863344,0.999610960483551
1842,2735,attention,0.7372695415013534,0.09953639639372175,0.9991235136985779
1843,1441,attention,0.7070815019909614,0.02217256064925875,0.9989312291145325
1844,860,attention,0.7730215677187185,0.08406899065117944,0.9953527450561523
1845,930,attention,0.020041382590005565,0.051297604821102565,0.9996181726455688
1846,2920,attention,0.45888405674809796,0.21920554837884587,0.9982183575630188
1847,3073,attention,0.42092372462726557,0.08452138190086071,0.9701750874519348
1848,2537,attention,0.26500704446259665,0.11257898237775354,0.9980552196502686
1849,4582,attention,0.09582822206543713,0.30466774826522963,0.9957790374755859
1850,173,attention,0.03707047184901451,0.017473707503792065,0.9995403289794922
1851,1056,attention,0.4661682817797203,0.225257242158536,0.9974812865257263
1852,2870,attention,0.6697182236913297,0.04855282800762277,0.9991783499717712
1853,50,attention,0.5089829526332323,-0.09694539549361382,0.7346057295799255
1854,2560,attention,0.1656206568273214,0.027038020965380546,0.9995317459106445
1855,31,attention,0.03025284723231667,0.011308927285043817,0.9975511431694031
1856,3419,attention,0.11445468030077346,0.016663477775898387,0.999573290348053
1857,3023,attention,0.5323610985493761,0.08343412697915051,0.9993419051170349
1858,1433,attention,0.47364951115288606,0.04827961032507849,0.9986405968666077
1859,399,attention,0.041370118365568274,0.21702982786946984,0.9993828535079956
1860,3793,attention,0.41470980091447324,0.15303182102118928,0.9993870258331299
1861,3354,attention,0.051104865968227386,0.008307255804538727,0.9995185136795044
1862,749,attention,0.02271706190229105,-0.39602510253289,0.05760134384036064
1863,3479,attention,0.4037585433005639,0.1393783568688061,0.9991241097450256
1864,3212,attention,0.4916524027163784,-0.15460444637574255,0.7634863257408142
1865,617,attention,0.044999026200350595,0.01565663078252007,0.9996562004089355
1866,4442,attention,0.455924448915399,0.029600147348948013,0.9993718266487122
1867,2130,attention,0.48836988863406766,0.01980011640437718,0.9974406957626343
1868,283,attention,0.3514932522284133,0.22335135251549737,0.998022198677063
1869,4517,attention,0.33404473831788417,0.04407210648059845,0.9982185959815979
1870,1217,attention,0.578441978837161,0.10567883192561567,0.9991003274917603
1871,55,attention,0.5103676623781211,0.26462088672754663,0.9983003735542297
1872,2038,attention,0.37270948716572355,0.10358300605522734,0.9988310933113098
1873,1302,attention,0.4052045495164665,0.16177099062637848,0.9991274476051331
1874,2767,attention,-0.09006519988179207,0.051776843278535774,0.6745148301124573
1875,1813,attention,0.5804023511964655,0.022937246719780174,0.9990988969802856
1876,3881,attention,0.7392006842031454,0.09782851352873775,0.9991833567619324
1877,434,attention,0.023827447973448653,0.008643191436241413,0.9995984435081482
1878,115,attention,0.027600567255701338,0.07673703386847462,0.9996256828308105
1879,2119,attention,0.2933078851325042,0.17914393083474628,0.9987163543701172
1880,2923,attention,0.02131014711716596,0.06378014298046336,0.9995824694633484
1881,3392,attention,0.4246962210508408,0.24211878821477983,0.9981716871261597
1882,1789,attention,0.6579959783703089,0.0558047903139355,0.999123752117157
1883,1103,attention,0.016537132470504097,0.3366123692030669,0.9996674060821533
1884,348,attention,0.11095830504641388,-0.1926771698124481,0.511111855506897
1885,4441,attention,0.07046877402885288,0.015311238812465294,0.9996602535247803
1886,78,attention,0.010458045535617404,0.014673641434422246,0.9996417760848999
1887,3224,attention,0.10564722956564182,0.020865904979216747,0.9996308088302612
1888,1821,attention,0.1157020944648299,0.013551612110698925,0.9996606111526489
1889,1735,attention,0.03806562468690692,0.007111468405093787,0.999650239944458
1890,2473,attention,0.05080091814662135,0.011512766050737958,0.9992415904998779
1891,4204,attention,0.5947442871103517,0.156985777669037,0.9989504218101501
1892,3395,attention,0.01863316978727068,0.017103917258126395,0.9996649026870728
1893,3405,attention,0.4772358480441783,0.39923050636425617,0.998313307762146
1894,1431,attention,0.05386671543121338,0.00510097861289978,0.999091386795044
1895,2113,attention,0.4763989656295797,0.02237403350458904,0.9993559718132019
1896,1294,attention,0.1660787611803476,0.06484532578194395,0.49627259373664856
1897,2798,attention,-0.17119060202708675,-0.0741683998093423,0.004821134731173515
1898,4241,attention,0.08030723458206332,0.09595440905950209,0.9984984397888184
1899,2697,attention,0.015943331377846853,0.005833272423063006,0.9979537725448608
1900,735,attention,0.3699249373965485,0.04307590095261329,0.9970153570175171
1901,2398,attention,0.5071639345568495,0.1646196921082104,0.9870337247848511
1902,1921,attention,0.704369332945834,0.10663360951170595,0.9991439580917358
1903,2454,attention,0.2816345886812803,0.15916629656505316,0.9879072308540344
1904,2436,attention,0.4447951964924441,-0.07829954716212609,0.7371991872787476
1905,3313,attention,0.324789142013406,0.07109858063252075,0.9991470575332642
1906,2602,attention,0.036116596899534524,0.24352724360007988,0.9971814155578613
1907,1378,attention,0.45222476244652493,0.0939354968647803,0.9416289329528809
1908,4172,attention,0.26361631553980613,0.12606486870396522,0.8241690993309021
1909,140,attention,0.01958591530197545,0.010426242100565057,0.999631404876709
1910,2482,attention,0.5520465600261972,0.12728312323716554,0.9969833493232727
1911,2566,attention,0.6062827433514244,0.05672707890763002,0.9993975162506104
1912,3043,attention,0.45629173320419386,0.04838320753484402,0.9987640380859375
1913,2718,attention,0.5194059395071235,0.08454213409047377,0.9987961053848267
1914,1010,attention,0.5446902188568321,0.05720427547417143,0.99928218126297
1915,1516,attention,0.3422889601539022,0.30743203486573684,0.5778140425682068
1916,1988,attention,0.5317237823379829,0.16422165026340416,0.9968379735946655
1917,2942,attention,0.6845522231950953,0.027128402445767377,0.9990577101707458
1918,3097,attention,0.5017893161461688,0.036339356750249865,0.9991944432258606
1919,151,attention,0.07533128499984741,0.007414865493774414,0.9380155205726624
1920,2319,attention,0.1876043149828911,0.13415789806400424,0.9779762625694275
1921,1373,attention,0.9223331974318149,0.023314909418908562,0.9993176460266113
1922,1358,attention,0.6071693657431751,0.1251415259644596,0.9978817105293274
1923,1873,attention,0.5511515190386597,0.12229849726838224,0.9364849328994751
1924,2668,attention,0.03203691656772907,0.03274544958884899,0.9996448755264282
1925,4357,attention,0.6020561863740629,0.09963142282858088,0.9975283741950989
1926,62,attention,0.08555132349332174,0.04310503800710042,0.9996606111526489
1927,1795,attention,0.017530147371620966,0.007168406042559394,0.9993168115615845
1928,1000,attention,0.31803570702379824,0.025427519106397442,0.9982230067253113
1929,3679,attention,0.22556855372692408,0.22550525481959707,0.9979243278503418
1930,1850,attention,0.043213365406825625,0.013452792989796606,0.9991922974586487
1931,2825,attention,0.26535070909617037,0.03178613460980929,0.9994365572929382
1932,3964,attention,0.7619692114083312,0.047177568364601866,0.9991175532341003
1933,1625,attention,0.021976288727351596,0.015084867818014963,0.9996298551559448
1934,1313,attention,0.4981126369538662,0.4567095973967191,0.9869440793991089
1935,4320,attention,0.01639161560986493,0.005687934321326179,0.9995608925819397
1936,2166,attention,0.5200909018820646,0.010816830571512786,0.9993587136268616
1937,2184,attention,0.4828423582379603,0.24851767536666658,0.9261394143104553
1938,4148,attention,0.015472228328386942,0.022443170348803203,0.9996285438537598
1939,300,attention,0.48732289763025827,0.018186217701097705,0.9992796778678894
1940,339,attention,0.4374039061840449,0.11611391529108264,0.9991207718849182
1941,2220,attention,0.6907801000849324,0.06276504440314096,0.9992837309837341
1942,1587,attention,0.027073165401816368,0.048108840361237526,0.9992247819900513
1943,4410,attention,0.562481249941306,0.06535202654906445,0.9990875720977783
1944,3009,attention,0.497833142203151,0.09687369957785397,0.999393105506897
1945,4314,attention,0.5579095127132649,0.15169574930452,0.9993906021118164
1946,2236,attention,0.42559650617725464,0.0014763966929621812,0.9038647413253784
1947,3837,attention,0.022671308120091757,0.024411878983179727,0.9995393753051758
1948,2512,attention,0.46731640664739127,0.10716297660711342,0.9993730187416077
1949,4272,attention,0.4725352485592549,0.02399925906688739,0.9988380074501038
1950,2294,attention,0.5478653872319098,0.09177061904753958,0.9833579659461975
1951,3416,attention,0.035644781589508054,0.009332387787955148,0.99954754114151
1952,3694,attention,0.14336056253168641,0.11863970429432101,0.9991098046302795
1953,108,attention,0.2015436175465584,0.2152278109639883,0.9982311129570007
1954,3795,attention,0.6897278600320634,0.17712015777975063,0.9927491545677185
1955,3228,attention,0.5066097993230289,0.01948350192384517,0.9991713762283325
1956,4327,attention,0.05417446427875095,0.014947688579559327,0.9996592998504639
1957,4444,attention,0.3103331095861414,0.03607541641507011,0.9985395669937134
1958,932,attention,0.40067043793246604,0.178965915333141,0.9980810880661011
1959,3245,attention,0.40095178578048946,0.07026764898037072,0.9987278580665588
1960,1037,attention,0.1351924413858458,0.019923437473385833,0.9996662139892578
1961,3070,attention,0.033324599266052246,0.11622785737209425,0.9996428489685059
1962,507,attention,0.5490167751995614,0.058219603495672345,0.9985421895980835
1963,1983,attention,0.026426121923658584,0.018539790312449136,0.9996660947799683
1964,635,attention,0.7513955388590694,0.07463857397437096,0.998441755771637
1965,102,attention,0.5180605418262852,0.0817442244940227,0.9969923496246338
1966,2618,attention,0.7959148639748566,0.0771603397773327,0.9993610978126526
1967,2452,attention,0.7854880402886516,0.08574803322553634,0.9991616010665894
1968,2433,attention,-0.1910703752903228,-0.11826135566894044,0.7743200063705444
1969,2955,attention,0.5622908164760492,0.02445905340405611,0.9993973970413208
1970,4406,attention,0.14982430690101214,0.018767641058989933,0.9996486902236938
1971,146,attention,0.4788271177560091,0.09484035074710846,0.9977554678916931
1972,2277,attention,0.4154230447392911,0.2230566480010748,0.9381861686706543
1973,628,attention,0.09335816964026421,0.3112645244691521,0.9967713952064514
1974,4147,attention,0.5175001123881278,0.030112636586030323,0.9988995790481567
1975,2488,attention,-0.10972817844654224,0.02736787882880593,0.0980299562215805
1976,4587,attention,0.17385290873547396,0.13744230738798666,0.7863044738769531
1977,624,attention,0.691444625146687,0.41236669457806596,0.9947062134742737
1978,1402,attention,0.041243913926576316,0.1645161312473264,0.9990047812461853
1979,1547,attention,0.7797658417893704,0.044944944964765116,0.9988071918487549
1980,1680,attention,0.03621324002742767,0.03644547015428543,0.9989929795265198
1981,2779,attention,0.6902276431806275,0.0461184231209613,0.9993093013763428
1982,3616,attention,0.10102634368146338,0.27343210748328667,0.970125138759613
1983,3676,attention,0.042071296274662016,0.014301896095275879,0.9996386766433716
1984,2004,attention,0.006930945775447748,0.010676578069344545,0.9987962245941162
1985,2141,attention,0.6308451598742977,0.0777246247431854,0.9993759989738464
1986,4045,attention,0.08560468410623484,0.07487177591899345,0.9956152439117432
1987,1761,attention,0.010988050215953105,0.009818524927706332,0.9989991784095764
1988,266,attention,-0.6097990286007926,-0.01417368115555193,0.014635598286986351
1989,4195,attention,0.7817118376533084,0.02000767151091961,0.9969258904457092
1990,1808,attention,0.24971374752474765,0.3904060706788418,0.669123113155365
1991,3786,attention,0.48138002038467675,0.10448822608970582,0.9991650581359863
1992,3199,attention,0.023791172107060752,0.025686498483022055,0.9992378950119019
1993,2619,attention,0.5997287461573756,0.039181497465405196,0.9993202686309814
1994,2459,attention,0.43721780022182927,0.17718174885676213,0.9979520440101624
1995,3187,attention,0.695353256972422,0.021729573776776142,0.9990643858909607
1996,4531,attention,0.42444273092163104,0.07835233617030705,0.9993942975997925
1997,4355,attention,0.465907664707629,0.03972856467589736,0.9991635084152222
1998,2725,attention,0.11810803118809733,0.3794797116829811,0.7989641427993774
1999,4573,attention,0.12732474238444597,0.019995716901925895,0.9996134638786316
2000,1913,gradient_x_input,0.23123042229562998,0.08158132657408715,0.9943388104438782
2001,4550,gradient_x_input,0.1198126341769239,0.10772539271420101,0.15146853029727936
2002,4424,gradient_x_input,0.023296024348284747,0.021536965627928038,0.9996589422225952
2003,3802,gradient_x_input,0.041458516248634884,0.0029040947556495667,0.9995806813240051
2004,3867,gradient_x_input,0.3722933312711705,0.0613643861242703,0.9948807954788208
2005,2557,gradient_x_input,0.587294378239997,0.07407321694978129,0.9759672284126282
2006,2097,gradient_x_input,0.30853767729944215,0.14284110881107034,0.9993723034858704
2007,3546,gradient_x_input,0.6927897115779478,0.08403658641632213,0.9584444761276245
2008,2808,gradient_x_input,0.03486564284876773,0.007979099687777068,0.9996665716171265
2009,893,gradient_x_input,0.26071593010703387,0.12975510206641788,0.999051034450531
2010,674,gradient_x_input,0.24966242570768704,0.0763467015190558,0.9989060163497925
2011,4329,gradient_x_input,0.3047765047549335,0.07672965604552003,0.9989264607429504
2012,518,gradient_x_input,0.4643420567622454,0.037053850184126595,0.9991744160652161
2013,3071,gradient_x_input,0.03833281397819519,0.031546954065561295,0.9993823766708374
2014,1449,gradient_x_input,0.47134971166620165,0.09443022537885642,0.9991769194602966
2015,2475,gradient_x_input,0.3580211305828846,0.049545342224123684,0.9993069171905518
2016,2224,gradient_x_input,0.4331393057946116,0.023495465610176326,0.9987109899520874
2017,3008,gradient_x_input,0.8126632589492542,0.04167553741970788,0.9989023208618164
2018,2799,gradient_x_input,0.36056145460855576,0.16512297929054306,0.9993740916252136
2019,3455,gradient_x_input,0.7459596629166353,-0.05991451135453056,0.8473272919654846
2020,2715,gradient_x_input,0.3033966009700021,0.006491661071777344,0.9996358156204224
2021,1799,gradient_x_input,0.5249640932411123,0.05223522106042275,0.9993937015533447
2022,1476,gradient_x_input,0.016314014792442322,0.007030673325061798,0.9996558427810669
2023,3045,gradient_x_input,0.18274360212595447,-0.09585580504254292,0.33991745114326477
2024,191,gradient_x_input,0.4591462859522779,0.05108455492525685,0.9993802309036255
2025,1612,gradient_x_input,0.587740804300898,0.06790791947914418,0.9987958669662476
2026,3501,gradient_x_input,0.03244161407152812,0.03235420143440327,0.992664635181427
2027,2706,gradient_x_input,0.052833088239034015,0.011053187317318386,0.9996641874313354
2028,788,gradient_x_input,0.3917685985640698,0.20414286039581261,0.9991770386695862
2029,2721,gradient_x_input,-0.29662423092001217,-0.16990028870956544,0.0007631847984157503
2030,2543,gradient_x_input,0.04838643471399943,0.03059587317208449,0.9995973706245422
2031,4425,gradient_x_input,0.29893897054716945,0.04668156732805073,0.9857469797134399
2032,4154,gradient_x_input,0.08109909947961569,0.013292191550135612,0.9995936751365662
2033,169,gradient_x_input,0.6954863364675216,0.028337721100875308,0.9913190007209778
2034,1657,gradient_x_input,0.0244370698928833,0.02731540392745625,0.9996616840362549
2035,3040,gradient_x_input,0.03083388324369464,0.004105997712988602,0.9996602535247803
2036,269,gradient_x_input,0.1686472920133028,0.11762472666890883,0.9993628859519958
2037,1775,gradient_x_input,0.20036030541682107,0.014674041758884083,0.9996589422225952
2038,3229,gradient_x_input,0.9494362872827206,0.022290423836397087,0.9986925721168518
2039,4496,gradient_x_input,-0.22033177312074131,-0.4007649264972785,0.10239534825086594
2040,1064,gradient_x_input,0.6077920033184941,0.10306312284583963,0.9993277788162231
2041,4134,gradient_x_input,0.6931832721963508,0.03554023243486881,0.9990893602371216
2042,4000,gradient_x_input,0.23486452352540987,0.03253919775447538,0.9983528852462769
2043,609,gradient_x_input,-0.05096690362767765,-0.01300947286223096,0.0020482183899730444
2044,2710,gradient_x_input,0.3360972871383031,0.11423309765135249,0.9990960359573364
2045,3460,gradient_x_input,0.256520316249838,0.15593956151094876,0.9992254972457886
2046,1803,gradient_x_input,0.5742012318562377,-0.033444095741618766,0.8552583456039429
2047,1918,gradient_x_input,0.03702006656296399,0.005028033743099291,0.9996613264083862
2048,3197,gradient_x_input,0.37092906776815654,0.08663739934563637,0.5508357286453247
2049,1737,gradient_x_input,0.23796586167405953,0.020195989615537903,0.9991699457168579
2050,4435,gradient_x_input,0.37691169344755104,0.13060721260262653,0.9170476198196411
2051,3750,gradient_x_input,0.7976667966259728,0.2586523547175933,0.9724546670913696
2052,3966,gradient_x_input,0.3686566809564829,0.0791264919936657,0.9989425539970398
2053,365,gradient_x_input,0.34826265186001004,0.07268625133952429,0.9988769888877869
2054,4053,gradient_x_input,0.023312889612638034,0.011751651763916016,0.9995436072349548
2055,2066,gradient_x_input,0.11471839422403379,0.005927270235017289,0.999488115310669
2056,1852,gradient_x_input,0.505785460306986,0.07217521683589832,0.9942169189453125
2057,2703,gradient_x_input,0.04041169846759123,0.0750690127546584,0.9989523887634277
2058,487,gradient_x_input,0.7638189115416025,0.059085703597936245,0.9985476136207581
2059,4055,gradient_x_input,0.03171067933241526,0.17217301877296146,0.9996187686920166
2060,4475,gradient_x_input,0.6083287493134916,0.0289618420199706,0.9981461763381958
2061,3348,gradient_x_input,0.45503739394189324,0.11193153274750027,0.9993853569030762
2062,351,gradient_x_input,0.4294948663752477,0.09245798030966207,0.9990637898445129
2063,2509,gradient_x_input,0.02379155158996582,0.017969815961776242,0.999666690826416
2064,4030,gradient_x_input,0.05637255869805813,0.10276653206392439,0.9994561076164246
2065,1650,gradient_x_input,0.01957944165105405,0.005371171495188837,0.9996337890625
2066,2653,gradient_x_input,0.02017536815607323,0.0033184199962975843,0.999609649181366
2067,4285,gradient_x_input,0.034031813964247704,0.030986343510448933,0.9982865452766418
2068,1468,gradient_x_input,0.3582675290235784,0.2225043548969552,0.9989425539970398
2069,2998,gradient_x_input,0.028719900548458098,0.03863074630498886,0.9995917677879333
2070,1270,gradient_x_input,-0.03685635034344159,0.09181390608137008,0.8581515550613403
2071,297,gradient_x_input,0.5320114605359171,0.1157883266423596,0.9961426854133606
2072,2019,gradient_x_input,0.0347764668641267,0.0755567362325059,0.9996432065963745
2073,629,gradient_x_input,0.548835528143231,0.1957518878062406,0.9985477328300476
2074,1944,gradient_x_input,0.2710453621333554,0.13374042685054952,0.9991617202758789
2075,953,gradient_x_input,0.0302272031181737,0.006306375327863191,0.9994865655899048
2076,466,gradient_x_input,0.02640709839761257,0.05481147766113281,0.9995763897895813
2077,2200,gradient_x_input,0.3216799828021423,0.5553476654591656,0.8540064096450806
2078,728,gradient_x_input,0.2826065215790136,0.07741086794571443,0.9994561076164246
2079,3376,gradient_x_input,0.6145676832539928,0.08287482630265386,0.9947073459625244
2080,4549,gradient_x_input,0.4481693422205226,0.14575097276179425,0.9830725193023682
2081,72,gradient_x_input,-0.3946906322643401,-0.03746906448730208,0.00627287570387125
2082,4,gradient_x_input,0.27305283643146777,0.05903678004966771,0.9985929131507874
2083,1098,gradient_x_input,0.5865365696592709,0.11010149403198345,0.9961133003234863
2084,2726,gradient_x_input,0.44493971893563866,0.0589905690588057,0.9993663430213928
2085,2921,gradient_x_input,0.03493399847121466,0.007068101848874774,0.9996601343154907
2086,2531,gradient_x_input,0.058305192252864006,0.010519425506177156,0.9996145963668823
2087,2614,gradient_x_input,0.025557341114167246,0.006657090879255726,0.9996167421340942
2088,2434,gradient_x_input,0.8414914161283001,0.031239352927639567,0.9884706735610962
2089,3111,gradient_x_input,0.4229472727438777,0.044458038648780514,0.9929046034812927
2090,3615,gradient_x_input,0.5605131417674862,0.1474373231007569,0.989231288433075
2091,3063,gradient_x_input,0.6654026271498878,0.030873864190652966,0.9991852641105652
2092,1385,gradient_x_input,0.5133791867436635,0.03889517850346035,0.9989620447158813
2093,128,gradient_x_input,-0.02062306622377573,-0.27395070439729935,0.05991167202591896
2094,1030,gradient_x_input,0.41874467933550474,0.053409503549337385,0.9918654561042786
2095,16,gradient_x_input,0.021894688606262206,0.0071496725082397464,0.9995558857917786
2096,670,gradient_x_input,0.6107028558088298,0.09921753406524658,0.9991095662117004
2097,3743,gradient_x_input,0.33541526716895576,0.06734633714307187,0.9991957545280457
2098,2202,gradient_x_input,0.13129885356093562,0.026273714595062787,0.9947768449783325
2099,1615,gradient_x_input,0.2939536336522836,0.20125527278735086,0.9969441294670105
2100,1558,gradient_x_input,0.0338906107040552,0.04850909113883972,0.9995993971824646
2101,3953,gradient_x_input,0.7173087900547788,0.25653328503980194,0.8385427594184875
2102,304,gradient_x_input,0.5410917723350519,0.01856857487091831,0.9991636276245117
2103,4004,gradient_x_input,0.020249740073555393,0.01432544934122186,0.99965500831604
2104,4547,gradient_x_input,0.6342560857815971,0.18836989372611307,0.9124698042869568
2105,1247,gradient_x_input,0.3239709629700519,0.022490760684013365,0.9988911747932434
2106,3136,gradient_x_input,0.4827618271552233,0.11362634757016268,0.9989492297172546
2107,1220,gradient_x_input,0.5358515443819526,0.06760713516881592,0.9992615580558777
2108,3261,gradient_x_input,0.18373573323090872,0.008080871899922688,0.9988645315170288
2109,1611,gradient_x_input,0.3044041851983191,0.14514417502169424,0.9595311284065247
2110,1181,gradient_x_input,0.42656336896535424,0.021293884019056956,0.9993925094604492
2111,2797,gradient_x_input,-0.01544203467078899,-0.02972635313084251,0.46431487798690796
2112,610,gradient_x_input,0.7357870122480274,0.05997499419239963,0.9989633560180664
2113,3751,gradient_x_input,0.4243595979483375,0.3028625555223588,0.9895468354225159
2114,2248,gradient_x_input,0.6498826356359925,0.03763239114330365,0.9825856685638428
2115,99,gradient_x_input,0.44629031694249105,0.023885149900850496,0.9989156723022461
2116,3781,gradient_x_input,0.02740378128854852,0.014955454751064903,0.9996659755706787
2117,225,gradient_x_input,0.035130225560244394,0.006027258494321038,0.9996508359909058
2118,2103,gradient_x_input,0.45657476058436763,0.07678449588517348,0.9950827360153198
2119,2836,gradient_x_input,0.680724536019403,0.04179584743773065,0.9990633130073547
2120,2924,gradient_x_input,0.04983958529263008,0.012773074754854528,0.9996180534362793
2121,2859,gradient_x_input,-0.3425956240389496,-0.44754080557921794,0.0047720917500555515
2122,2782,gradient_x_input,0.6825551280695109,0.10731893169204107,0.9962024092674255
2123,515,gradient_x_input,0.05198784454448803,0.06418524239514325,0.9996391534805298
2124,1951,gradient_x_input,0.668855165823912,0.022662628537569292,0.9923940896987915
2125,3869,gradient_x_input,0.48616575002670287,0.09833500567409727,0.9987646341323853
2126,2263,gradient_x_input,0.6573396821333903,0.0361258148243933,0.9832453727722168
2127,4006,gradient_x_input,0.44223520811647177,0.22305480657572238,0.9329985976219177
2128,4522,gradient_x_input,0.5043226517736912,0.031163909576005407,0.997199535369873
2129,2137,gradient_x_input,0.022999248721382835,0.006415269591591575,0.9994431138038635
2130,3673,gradient_x_input,0.7106485070028113,0.035166595719824986,0.9948624968528748
2131,1707,gradient_x_input,-0.07119733584944957,0.02595288758831365,0.284817099571228
2132,314,gradient_x_input,0.005173285530038076,0.03660515399828349,0.9995383024215698
2133,1924,gradient_x_input,0.8165073370958756,0.4080032942195733,0.9326366782188416
2134,2247,gradient_x_input,0.41670890613680794,0.04721888793366296,0.9990529417991638
2135,3901,gradient_x_input,0.5756479941178546,0.020572777924149535,0.9985560774803162
2136,1847,gradient_x_input,0.025573235569578228,0.01237170443390355,0.9994674324989319
2137,1725,gradient_x_input,0.03143603679461357,0.015183516037769807,0.9996540546417236
2138,3547,gradient_x_input,-0.22435116736338503,-0.018032524103839553,0.012798065319657326
2139,4558,gradient_x_input,0.19897479001018736,0.10784078724488305,0.9991627931594849
2140,3403,gradient_x_input,0.5654200269900104,0.0694384403685306,0.9956961870193481
2141,3007,gradient_x_input,0.8893499379136218,0.13218418325890194,0.9694604873657227
2142,2961,gradient_x_input,0.7671895139210392,0.08344045025296509,0.9989249110221863
2143,3591,gradient_x_input,0.5266093282501542,0.11624602436923477,0.999377965927124
2144,571,gradient_x_input,0.7185984972224105,0.023591348621994256,0.9991270899772644
2145,4041,gradient_x_input,0.7591636114805523,0.06748019456863404,0.9928140044212341
2146,2629,gradient_x_input,0.37959519161709715,0.06645081019017934,0.9984891414642334
2147,3121,gradient_x_input,0.5900678507909602,0.05316081710837104,0.9988301396369934
2148,2701,gradient_x_input,0.18470939629992775,-0.0015279877454388974,0.8653034567832947
2149,3101,gradient_x_input,0.8142051947113402,0.12248651172827792,0.9965533018112183
2150,1863,gradient_x_input,0.019159294226590323,0.007207684657152961,0.9994211196899414
2151,2908,gradient_x_input,0.07469362020492554,0.023137839727623517,0.9996621608734131
2152,4456,gradient_x_input,0.6905022445558147,0.02180926518684084,0.9987928867340088
2153,3230,gradient_x_input,0.47870691792251396,0.09645856386766984,0.9988297820091248
2154,2399,gradient_x_input,0.680190689439003,0.157738147289676,0.9985949397087097
2155,3447,gradient_x_input,0.025261729955673218,0.008581043779850006,0.9996182918548584
2156,1522,gradient_x_input,0.3383578114550222,0.05821800785082759,0.9993118047714233
2157,3295,gradient_x_input,0.4835935098599293,0.04284554326441139,0.988055944442749
2158,495,gradient_x_input,0.10711381566024532,0.0013684802933743125,0.9905909895896912
2159,317,gradient_x_input,0.5169812990001069,0.051526608964744605,0.9993842840194702
2160,4319,gradient_x_input,0.043477912743886314,0.009794912735621135,0.9995343685150146
2161,2583,gradient_x_input,0.7728560327034858,0.19488025518755117,0.9699583053588867
2162,4536,gradient_x_input,0.5411679030124409,0.16836456986816806,0.9908421039581299
2163,551,gradient_x_input,0.30500494907407655,0.03966590243837108,0.9982461929321289
2164,950,gradient_x_input,0.3802190057387383,0.08405431846542091,0.999201238155365
2165,2681,gradient_x_input,0.03730485729269079,0.1700649671209347,0.9983810186386108
2166,1720,gradient_x_input,0.03669451177120209,0.047056042165918785,0.9995889067649841
2167,3845,gradient_x_input,0.04623768627643585,0.020567142963409425,0.9996449947357178
2168,1653,gradient_x_input,0.531099162553437,0.10426857182756066,0.998863697052002
2169,1475,gradient_x_input,0.750205569422971,0.02441705801548102,0.9978700876235962
2170,826,gradient_x_input,0.21030115570340838,0.030803656790937696,0.9985975623130798
2171,2235,gradient_x_input,0.5016488502733409,0.034999618163475625,0.99935382604599
2172,1061,gradient_x_input,0.3462718608044088,0.07437314286828041,0.9881864190101624
2173,2353,gradient_x_input,0.033824740671644024,0.005268820360595105,0.9995245933532715
2174,2771,gradient_x_input,0.05466487846876446,0.07890322726023824,0.9996633529663086
2175,3467,gradient_x_input,0.2874645953242843,0.213979690537058,0.9501699805259705
2176,1672,gradient_x_input,0.03117483209919285,0.12047676857076334,0.9996485710144043
2177,4093,gradient_x_input,0.9559754107975298,0.06923114135861397,0.9898171424865723
2178,2772,gradient_x_input,0.43344124694461544,0.04152658907696605,0.9981696605682373
2179,1352,gradient_x_input,0.05488297177685632,0.006130165523952908,0.9992867112159729
2180,1168,gradient_x_input,0.02638982751152732,0.0059478846463290125,0.9996587038040161
2181,1928,gradient_x_input,0.7318449918956806,0.07711689447363218,0.9927173852920532
2182,2714,gradient_x_input,0.5662551118060947,-0.0032946306467056276,0.7320428490638733
2183,3211,gradient_x_input,0.49225927984915935,0.09315241855937381,0.9987195730209351
2184,4227,gradient_x_input,0.4290764859893866,0.030196304841522584,0.9991139769554138
2185,2379,gradient_x_input,0.20765326395630837,0.005985648930072784,0.9993844032287598
2186,3649,gradient_x_input,0.7865027281555942,0.1268172276361535,0.9989896416664124
2187,3624,gradient_x_input,0.08095930807474183,0.015221342807862817,0.9996579885482788
2188,3790,gradient_x_input,0.14781068233733483,0.046621642214186645,0.9919941425323486
2189,1898,gradient_x_input,0.045823122773851664,0.010510656095686414,0.9995865225791931
2190,1664,gradient_x_input,0.6325481511946571,0.10486143822536657,0.9984980821609497
2191,3412,gradient_x_input,0.03502595746839369,0.020558428119968723,0.9996570348739624
2192,4179,gradient_x_input,0.16123729332660636,0.2009207518150409,0.9532638192176819
2193,32,gradient_x_input,0.5796799489941734,0.1646731341114411,0.9760161638259888
2194,1218,gradient_x_input,0.03732413814422932,0.018591179492625783,0.9996414184570312
2195,2565,gradient_x_input,0.0286176153298082,0.0033307764036902064,0.9995566010475159
2196,2385,gradient_x_input,0.056505411863327026,0.007807035446166993,0.9991104006767273
2197,2592,gradient_x_input,0.4467094314816807,0.1481041008473507,0.998818576335907
2198,3443,gradient_x_input,0.03705753137667974,0.009786011030276617,0.9995662569999695
2199,3365,gradient_x_input,0.02764310178003813,0.0072808187258870975,0.9996423721313477
2200,338,gradient_x_input,0.6373049214996985,0.11959319973462507,0.9852792024612427
2201,1346,gradient_x_input,0.47686264105141163,0.0970933089653651,0.9897589683532715
2202,4523,gradient_x_input,0.43109953231005754,0.08783775988828253,0.9981122016906738
2203,4054,gradient_x_input,0.5383557003158373,-0.014726968798434959,0.8148842453956604
2204,1577,gradient_x_input,0.18404494780809322,0.10557236328245477,0.9991635084152222
2205,1123,gradient_x_input,0.5242309822202769,0.1400154590238492,0.9992470741271973
2206,3777,gradient_x_input,0.7603690090547917,0.4425416750642809,0.7993559837341309
2207,752,gradient_x_input,0.019196497357409935,0.012342306582824043,0.999661922454834
2208,681,gradient_x_input,0.39896472611210565,0.020406299524686554,0.9991687536239624
2209,4433,gradient_x_input,0.5027339277129566,0.10539304582696211,0.9993265867233276
2210,1904,gradient_x_input,0.19337801279974742,-0.0392376587081414,0.28973811864852905
2211,2342,gradient_x_input,0.4970177389225181,0.03727676552169177,0.9989364743232727
2212,2364,gradient_x_input,0.022245100953362205,0.012400896711782976,0.9996687173843384
2213,778,gradient_x_input,0.11043073359018062,-0.09762603467551328,0.6467320919036865
2214,3001,gradient_x_input,0.4378287756222893,0.1755744109202417,0.9987093210220337
2215,3200,gradient_x_input,0.35634428228398685,0.19911694046918696,0.9993091821670532
2216,3921,gradient_x_input,0.47991415588536634,0.08026846067733923,0.9991611242294312
2217,3545,gradient_x_input,0.6176298320574193,0.036278236438246333,0.9883450269699097
2218,542,gradient_x_input,0.032638931274414064,0.01449486187526158,0.9996370077133179
2219,2272,gradient_x_input,0.8011026937023012,0.020699402027659946,0.9989991784095764
2220,391,gradient_x_input,0.6018637413681861,0.1869434323182264,0.9576553702354431
2221,1979,gradient_x_input,0.4811731422506273,0.04648850708268583,0.9399215579032898
2222,1150,gradient_x_input,0.8122869829048796,0.053096733670827234,0.9439349174499512
2223,149,gradient_x_input,0.038654468740735734,0.007780293055943081,0.9994687438011169
2224,2570,gradient_x_input,0.4780291218408628,0.07629213591606362,0.998884379863739
2225,927,gradient_x_input,0.6063968727331874,0.1301410067161279,0.9926952123641968
2226,4017,gradient_x_input,0.047542777928439056,0.00755115169467348,0.9994820952415466
2227,1398,gradient_x_input,0.6382513877333087,0.07722455073221057,0.9988958835601807
2228,3635,gradient_x_input,0.4867064835880661,0.06639507137948558,0.9990284442901611
2229,505,gradient_x_input,0.09944416630652643,0.020989864103255734,0.9994749426841736
2230,3423,gradient_x_input,0.7443703551426342,0.20994017120355216,0.9053910970687866
2231,3247,gradient_x_input,0.05326984946926435,0.010563285400470098,0.9992719292640686
2232,1895,gradient_x_input,0.7074690897780884,0.08495252025831077,0.9993858337402344
2233,2286,gradient_x_input,0.5766169496396157,0.027012864500284194,0.9985120892524719
2234,4232,gradient_x_input,0.23745480117698511,0.054071168725689255,0.9964010715484619
2235,2595,gradient_x_input,0.03195692350467046,0.08214244308571021,0.9982085227966309
2236,1770,gradient_x_input,0.04315364199715692,0.03620322894405674,0.9996064305305481
2237,1267,gradient_x_input,0.2519117006749818,0.0680761957033114,0.995884120464325
2238,3124,gradient_x_input,0.47188431543657894,-0.0312746444886381,0.8890299797058105
2239,2125,gradient_x_input,0.5785671413468663,0.04629730569597866,0.9991903901100159
2240,1659,gradient_x_input,0.49801999110241013,0.026570620992060867,0.9334602952003479
2241,2909,gradient_x_input,0.4420049657783238,0.18614917229861022,0.9979445338249207
2242,1765,gradient_x_input,0.537151594258224,0.03473662581139555,0.993634819984436
2243,1560,gradient_x_input,0.4184477469522734,0.4082394853597792,0.9978329539299011
2244,2967,gradient_x_input,0.027546270026101008,0.005928951832983229,0.9993798732757568
2245,1416,gradient_x_input,0.6362029541393414,0.08622348949532299,0.9993982315063477
2246,1630,gradient_x_input,0.1572321018204093,0.029727051087788173,0.9948638081550598
2247,449,gradient_x_input,0.3972061990305435,0.043739354974308677,0.9993274211883545
2248,152,gradient_x_input,0.7217253046873562,0.03165120197424911,0.8814172148704529
2249,211,gradient_x_input,0.38824075145558234,0.09669896499032066,0.9989579916000366
2250,2032,gradient_x_input,0.42517635577158736,0.059472249155598025,0.9964901804924011
2251,902,gradient_x_input,0.41085751800057596,0.10164184032533413,0.9991514682769775
2252,3436,gradient_x_input,0.5965079020486393,0.08082039390148511,0.9870097637176514
2253,3198,gradient_x_input,0.43798503816127776,0.19475145574484487,0.998917818069458
2254,57,gradient_x_input,0.3037348978030376,0.04599469055075389,0.9542140960693359
2255,3164,gradient_x_input,0.007931996794307934,0.005921367336721981,0.999634861946106
2256,4303,gradient_x_input,0.0411687312861954,-0.08900264452429528,0.6684200763702393
2257,1927,gradient_x_input,0.5677143499035284,0.02592363560365306,0.9988740086555481
2258,3206,gradient_x_input,0.10598027545052606,0.010671916845682505,0.999640703201294
2259,3388,gradient_x_input,0.6041930616854436,0.3297132025684484,0.9989737272262573
2260,816,gradient_x_input,0.08422167599201202,0.02982959213356177,0.9995569586753845
2261,3284,gradient_x_input,0.047073185443878174,0.019839923632772344,0.9995666146278381
2262,2765,gradient_x_input,0.7124869371764362,0.12110811314330651,0.8446167707443237
2263,3970,gradient_x_input,0.049209575904043096,0.006435400561282509,0.999560534954071
2264,885,gradient_x_input,0.42467074285853995,0.11839799666777254,0.9988434314727783
2265,249,gradient_x_input,0.707019851257604,0.16283715792721318,0.9972788691520691
2266,2203,gradient_x_input,0.5680612997112281,0.04091459401744477,0.9963403940200806
2267,3115,gradient_x_input,0.055734654752219594,0.007555013749657608,0.9996254444122314
2268,2341,gradient_x_input,0.04618951608968336,0.007886242034823396,0.9996615648269653
2269,4132,gradient_x_input,0.5796918044885937,0.18488082576121362,0.9863123297691345
2270,1781,gradient_x_input,0.030141135056813557,0.005526665598154068,0.9994680285453796
2271,4488,gradient_x_input,0.03551156494928443,0.022290043208910072,0.999626874923706
2272,44,gradient_x_input,0.2949008410020421,0.08279141516257556,0.9990755319595337
2273,2390,gradient_x_input,0.30290037193723646,0.08622846255699794,0.9993762373924255
2274,286,gradient_x_input,0.3938021177891642,0.03566857986152172,0.9976373910903931
2275,1094,gradient_x_input,0.3977782106694748,0.3166563794157415,0.8478512167930603
2276,1962,gradient_x_input,0.5668341703707234,0.031473594845509996,0.9990949630737305
2277,4530,gradient_x_input,0.6949966468269051,0.021555895303807606,0.9983419179916382
2278,202,gradient_x_input,0.07322196245193481,0.007109843492507935,0.999395489692688
2279,237,gradient_x_input,0.05875711466955102,0.006102120098860368,0.9996422529220581
2280,2519,gradient_x_input,0.5053441159018293,0.1990976665657377,0.9991971850395203
2281,3870,gradient_x_input,0.5548126556198386,0.04355659598813338,0.9918448328971863
2282,1108,gradient_x_input,-0.48164112600473646,-0.08160518576005416,0.0017256962601095438
2283,2449,gradient_x_input,0.4373626505223322,0.13555125826421907,0.9986068606376648
2284,2525,gradient_x_input,0.37226857526882273,0.14540645633698315,0.999263346195221
2285,357,gradient_x_input,0.5444094405798039,0.09160631635914677,0.995868444442749
2286,736,gradient_x_input,0.037555962800979614,0.03567371467749278,0.9995502829551697
2287,3918,gradient_x_input,0.041529470682144166,0.007431113719940185,0.9995150566101074
2288,3848,gradient_x_input,0.07655639422906411,0.00987178087234497,0.9994513392448425
2289,1953,gradient_x_input,0.5237787518750078,2.7759266751153128e-05,0.9291532039642334
2290,1131,gradient_x_input,0.8484054176798155,0.3494010004732344,0.9742646813392639
2291,261,gradient_x_input,0.009299221966001723,0.003208245392198916,0.9996565580368042
2292,3113,gradient_x_input,0.48404599737026727,0.08174105405807496,0.9979788661003113
2293,379,gradient_x_input,0.42741141339858124,0.029612189119166517,0.9993801116943359
2294,4263,gradient_x_input,0.35267252664869797,0.09757107897446705,0.9990772008895874
2295,1521,gradient_x_input,0.5776421198690379,0.036262987474738446,0.9993463158607483
2296,1006,gradient_x_input,0.07826100404445942,0.014294512760944856,0.9995046854019165
2297,2099,gradient_x_input,0.5752427118217073,0.020430269582969385,0.996834933757782
2298,4293,gradient_x_input,0.046544499056679865,0.022139057091304235,0.9996528625488281
2299,436,gradient_x_input,0.06707512071499458,0.004940165923191951,0.9996432065963745
2300,368,gradient_x_input,0.3916394222838183,0.12836802227199465,0.9954442977905273
2301,3335,gradient_x_input,0.3692854100081604,0.09151161770205363,0.9978650212287903
2302,3450,gradient_x_input,0.4239832275482111,0.022131696343421936,0.9942594766616821
2303,939,gradient_x_input,0.39945299306290816,0.104146501689044,0.999417781829834
2304,3596,gradient_x_input,0.32830019520615483,0.06176812665418108,0.9962910413742065
2305,4027,gradient_x_input,0.021409994612137478,0.006343655288219452,0.9996507167816162
2306,4056,gradient_x_input,0.027554470196104887,0.016748433573204175,0.9996144771575928
2307,3946,gradient_x_input,0.5244093057127637,0.017016519187835224,0.9989486336708069
2308,1429,gradient_x_input,0.20122768831415436,-0.07204127923036233,0.9057272672653198
2309,3847,gradient_x_input,0.6419583230497355,0.07132202969428073,0.9982719421386719
2310,1195,gradient_x_input,0.4924594783975232,0.2683260343488186,0.8628044128417969
2311,1003,gradient_x_input,0.7421288684066107,-0.006235324179948266,0.9442935585975647
2312,1465,gradient_x_input,0.251977770941125,0.14978601609925843,0.9991002082824707
2313,2308,gradient_x_input,0.8938162436987663,0.11451516578415256,0.9993336796760559
2314,250,gradient_x_input,0.8067448177782353,-0.011735057996379004,0.9314371943473816
2315,1579,gradient_x_input,0.3538411405823398,0.08774920371247501,0.9951466917991638
2316,3954,gradient_x_input,0.03313721751057824,0.006278123966483183,0.9996585845947266
2317,1105,gradient_x_input,0.23756694310965637,0.08549170543750127,0.9887095093727112
2318,3569,gradient_x_input,0.6975613446269857,0.2372193222714437,0.984534502029419
2319,3943,gradient_x_input,0.33737078882180727,0.0882354206763781,0.9588570594787598
2320,1610,gradient_x_input,0.24562484643808224,0.044358810455333894,0.9991377592086792
2321,3003,gradient_x_input,0.024726711354165706,0.10652326841680508,0.9996428489685059
2322,2100,gradient_x_input,0.5385696029212946,0.14574200163284937,0.9992386102676392
2323,403,gradient_x_input,0.4221266357129604,0.21060163563710044,0.9877170920372009
2324,2746,gradient_x_input,0.3997400557298375,0.08453179183213608,0.9425838589668274
2325,4535,gradient_x_input,0.2569022962546095,0.21337402039801978,0.9988791346549988
2326,1022,gradient_x_input,0.024301495403051376,0.007523480802774429,0.9993900060653687
2327,1764,gradient_x_input,0.4883423896923584,0.16439520992773599,0.9988139867782593
2328,2231,gradient_x_input,0.040043653920292854,0.031118087470531464,0.9986382126808167
2329,3830,gradient_x_input,0.36596231032162907,0.048772299429401755,0.9993945360183716
2330,3357,gradient_x_input,0.028179394035804564,0.0060043974620539965,0.9995301961898804
2331,1154,gradient_x_input,0.36002504563934745,0.034525118058636076,0.9990899562835693
2332,4461,gradient_x_input,0.07709249671624631,0.05397061881970386,0.9996380805969238
2333,4356,gradient_x_input,0.4845263931681128,0.08083813615581568,0.9852369427680969
2334,1788,gradient_x_input,0.5342227422907873,-0.07036663006458964,0.8353526592254639
2335,813,gradient_x_input,0.9066666575510882,0.038756696921255857,0.990988552570343
2336,344,gradient_x_input,0.293849889602926,0.049227774143218994,0.9980541467666626
2337,1353,gradient_x_input,0.27209995006737503,0.014469946856084078,0.9471147060394287
2338,3951,gradient_x_input,0.05058784752475972,0.004924524803550876,0.9996528625488281
2339,2427,gradient_x_input,0.06886639623414903,0.06028123447183697,0.9986635446548462
2340,3287,gradient_x_input,0.5697946724572426,0.08937484667532974,0.9768236875534058
2341,1226,gradient_x_input,0.03700324965686333,0.1037655852581715,0.9993801116943359
2342,1678,gradient_x_input,0.32185100570607644,0.027410665192665197,0.9987406134605408
2343,2941,gradient_x_input,0.028375093529864056,0.006545963810711372,0.9994339346885681
2344,1740,gradient_x_input,0.03200787160454727,0.007990575418239686,0.999609649181366
2345,168,gradient_x_input,0.7335876434702765,0.08640670058402149,0.9939910769462585
2346,4577,gradient_x_input,0.45558949051177833,0.04220952511560626,0.9986741542816162
2347,1363,gradient_x_input,0.018746417760849,0.01689616044362386,0.9993069171905518
2348,853,gradient_x_input,0.4313629512488842,0.03563003689050674,0.9991099238395691
2349,387,gradient_x_input,0.44298368381957215,0.11700778816114454,0.9993614554405212
2350,3356,gradient_x_input,0.5550924661968436,0.13791347046693167,0.9985538125038147
2351,3746,gradient_x_input,0.7601187512504332,0.059267979954849136,0.9982921481132507
2352,3411,gradient_x_input,0.025559863983056486,0.018796219275547907,0.9996423721313477
2353,880,gradient_x_input,0.655571499732711,0.025636493616426986,0.996950089931488
2354,3464,gradient_x_input,0.6400993759833303,0.02024067348490159,0.9989995360374451
2355,1034,gradient_x_input,0.05045903258853489,0.015530378288692899,0.9996495246887207
2356,3564,gradient_x_input,0.40770881067622794,0.07992487265305086,0.9990552067756653
2357,84,gradient_x_input,0.38790750528939744,0.06841320734979077,0.9993891716003418
2358,3903,gradient_x_input,0.3554270160901878,0.05535451229661703,0.9993959665298462
2359,1772,gradient_x_input,0.5617891428733451,0.06527756713330746,0.9169833660125732
2360,42,gradient_x_input,0.37709345791319554,0.05690635469826785,0.9977256655693054
2361,4097,gradient_x_input,0.47451297809248383,0.07237725931665172,0.9840864539146423
2362,2943,gradient_x_input,0.6776104039118553,0.03639969115073864,0.9993330836296082
2363,4262,gradient_x_input,0.48662855050160275,0.2600393004874449,0.9988723397254944
2364,3099,gradient_x_input,-0.018578873342375044,-0.0191661722224986,0.0013185561401769519
2365,3982,gradient_x_input,0.8285413266067612,0.12051588604887832,0.9891585111618042
2366,3797,gradient_x_input,0.43933434454632586,0.522198459164041,0.6892267465591431
2367,1730,gradient_x_input,0.43178290281370707,0.23896651472155514,0.9928592443466187
2368,2616,gradient_x_input,0.0430677454722555,0.04107671025160112,0.9981910586357117
2369,476,gradient_x_input,0.37859359105546997,0.274737608891174,0.9993278980255127
2370,1489,gradient_x_input,0.28427727486599574,0.07290300523692911,0.9983879327774048
2371,2295,gradient_x_input,0.6874590680321179,0.043217633646435855,0.9973560571670532
2372,468,gradient_x_input,0.6068455017230008,0.22532252425541324,0.9978876709938049
2373,3608,gradient_x_input,0.14305444815280763,0.01012448678639802,0.7348155379295349
2374,4098,gradient_x_input,0.34471301352832373,0.04488920947400535,0.9970888495445251
2375,1874,gradient_x_input,0.45760966442702783,0.04559707144896189,0.9993833303451538
2376,290,gradient_x_input,0.2866777399046855,0.0440808350389654,0.998149037361145
2377,383,gradient_x_input,0.05772788364153642,0.01181845825452071,0.9996250867843628
2378,3175,gradient_x_input,0.5320223698625342,0.09881478048773715,0.999037504196167
2379,4501,gradient_x_input,0.061189131393771745,0.014808020353766865,0.15053939819335938
2380,3622,gradient_x_input,0.2697185753717176,0.2121047569172723,0.402948260307312
2381,2034,gradient_x_input,0.03091479922240635,0.08347324963729337,0.9970018267631531
2382,363,gradient_x_input,0.5694226173006676,0.32415587379893457,0.9820668697357178
2383,3374,gradient_x_input,0.6478145105088604,0.06571410669415605,0.9983819723129272
2384,1640,gradient_x_input,0.5017050548001777,0.05258475278699121,0.998847484588623
2385,1448,gradient_x_input,0.6351763427567979,0.02144239910624244,0.9979586601257324
2386,957,gradient_x_input,0.6067514987057074,0.11195656187832355,0.9979537725448608
2387,4028,gradient_x_input,0.5440768096879175,0.09592117731635635,0.9971436858177185
2388,3583,gradient_x_input,0.4648414802018363,0.024174419084661884,0.9983096122741699
2389,3657,gradient_x_input,0.6846869644802064,0.06599980771541596,0.9975359439849854
2390,4436,gradient_x_input,0.6656398369671984,0.13618822476516168,0.9979088306427002
2391,3203,gradient_x_input,0.7278599511344164,0.17814489808820544,0.981618344783783
2392,3487,gradient_x_input,0.5532143819470738,0.1654144833947337,0.9909029603004456
2393,4109,gradient_x_input,0.7751547235820908,0.05208399625761168,0.8144953846931458
2394,197,gradient_x_input,0.023392594590479016,0.005542318431698546,0.9995786547660828
2395,3854,gradient_x_input,0.25288060152282316,0.06955744128762967,0.9994069337844849
2396,2128,gradient_x_input,0.4392437728210574,0.062149212562612126,0.9993576407432556
2397,2884,gradient_x_input,0.10855682398758683,0.035488277673721313,0.9996544122695923
2398,213,gradient_x_input,0.3689726394202028,0.04411840347611174,0.9946565628051758
2399,2214,gradient_x_input,-0.008389780970409865,-0.0019123625243082643,0.00034314801450818777
2400,3161,gradient_x_input,0.028800810255655427,0.023174938632220757,0.9996615648269653
2401,907,gradient_x_input,0.49058150410921514,0.08338011552890141,0.9993670582771301
2402,2498,gradient_x_input,0.47911942086648196,0.07304973653517663,0.9993485808372498
2403,2197,gradient_x_input,0.28514670612863624,0.036193545621175036,0.9991539716720581
2404,1493,gradient_x_input,0.29432290408979445,0.06852136968689806,0.9939420819282532
2405,176,gradient_x_input,0.5554289763128119,0.046164671650954656,0.996566116809845
2406,3451,gradient_x_input,0.027932194146243008,0.04463049182386109,0.9996602535247803
2407,2551,gradient_x_input,0.5021658290799158,0.031824463712317605,0.9991881251335144
2408,1829,gradient_x_input,0.035831916332244876,0.003878106854178689,0.9996594190597534
2409,4525,gradient_x_input,0.45112212628069126,0.09462019922781964,0.9990888833999634
2410,47,gradient_x_input,0.44316257666065995,0.13139188569039106,0.9993900060653687
2411,2650,gradient_x_input,0.02283675330025809,0.005669891834259033,0.9996182918548584
2412,139,gradient_x_input,0.23712264069102026,0.22675036050548608,0.9877253174781799
2413,2922,gradient_x_input,0.6087652814643331,0.0709795309823345,0.9993960857391357
2414,3642,gradient_x_input,0.3185598672251217,0.07976494361646473,0.99886155128479
2415,3719,gradient_x_input,0.7855560413872202,0.13389552309203687,0.9993595480918884
2416,3053,gradient_x_input,0.2757096716016531,0.2383112132549286,0.9956526756286621
2417,1889,gradient_x_input,0.5476290793433835,0.20862476228036317,0.9871044158935547
2418,1470,gradient_x_input,0.015122438731946443,0.006359588158758063,0.9996492862701416
2419,4096,gradient_x_input,0.4293169672318706,0.06824670167583408,0.9635717272758484
2420,2293,gradient_x_input,0.05887650571218351,0.006162938548297417,0.999536395072937
2421,251,gradient_x_input,0.5431298807884256,0.17778641203961645,0.9791962504386902
2422,4358,gradient_x_input,0.3087159310993941,0.01782217816166256,0.9963322281837463
2423,2791,gradient_x_input,0.21130756381899118,0.11842167827611168,0.9991394281387329
2424,3028,gradient_x_input,0.3479275526271926,0.06516693710452981,0.999372661113739
2425,215,gradient_x_input,0.04446751786314923,0.010919066874877266,0.9996404647827148
2426,2298,gradient_x_input,0.05712425112724304,0.05675269523544557,0.9995597004890442
2427,1533,gradient_x_input,0.6461245723726461,-0.0693119090795517,0.8608108758926392
2428,2852,gradient_x_input,0.5982062866624315,0.023272783257240474,0.9964511394500732
2429,933,gradient_x_input,0.040173347507204325,0.00800888595126924,0.9996296167373657
2430,2679,gradient_x_input,0.5342334726592526,0.15058136805891992,0.9928038716316223
2431,3072,gradient_x_input,0.028475539551840887,0.005514545573128594,0.9995871186256409
2432,1681,gradient_x_input,0.27836954609510745,0.043719603452197414,0.9922989010810852
2433,914,gradient_x_input,0.3833611299313845,0.06252781379847758,0.9993832111358643
2434,2306,gradient_x_input,0.05379544856936433,0.024687482867130014,0.9996342658996582
2435,3841,gradient_x_input,0.1135945989594084,0.02425536827037209,0.9996579885482788
2436,3570,gradient_x_input,0.11737512458454478,0.09311516990595864,0.9994775652885437
2437,2211,gradient_x_input,0.867450531660297,0.2086942929661635,0.9144052863121033
2438,2857,gradient_x_input,0.006738491616068551,-0.029517792183189437,0.08441520482301712
2439,1766,gradient_x_input,0.4231239210715839,0.1394528961890111,0.9989136457443237
2440,498,gradient_x_input,-0.14194932393729687,-0.03392823609042792,0.03272458165884018
2441,2230,gradient_x_input,0.3501310143619776,0.03985826554708183,0.9991729855537415
2442,884,gradient_x_input,0.7567652363684916,0.15413427339462077,0.8953685760498047
2443,3275,gradient_x_input,0.40633782987281974,0.06289880299100689,0.984022319316864
2444,1991,gradient_x_input,0.02511854569117228,0.024535920222600302,0.9995319843292236
2445,3426,gradient_x_input,0.3842318923561834,0.28642290938188564,0.43727901577949524
2446,566,gradient_x_input,0.3611845874504463,0.025837909732315992,0.9991306662559509
2447,3457,gradient_x_input,0.6241721293815687,0.021823057835852658,0.9992411136627197
2448,2792,gradient_x_input,0.2798467247662219,0.05935902013020082,0.9982607960700989
2449,4095,gradient_x_input,0.38924181977143657,0.049372330881082095,0.9991433620452881
2450,2257,gradient_x_input,0.5864909925547085,0.05343727076328114,0.99796462059021
2451,4129,gradient_x_input,0.061956492570295396,0.04414994120597839,0.2853385806083679
2452,1606,gradient_x_input,0.2775527539352576,0.05232105205456416,0.9987717270851135
2453,439,gradient_x_input,0.05645678026808633,0.05146245379000902,0.9994128942489624
2454,2737,gradient_x_input,0.5338093249534722,0.04208269603550434,0.9952542781829834
2455,2008,gradient_x_input,0.33479885999546494,0.05887754850609358,0.9962452054023743
2456,3731,gradient_x_input,0.7066543429442074,0.04536365199348201,0.9105895757675171
2457,3519,gradient_x_input,0.43530664458236795,0.029620990474173364,0.999151349067688
2458,2678,gradient_x_input,0.07967777096706888,0.13902533572653067,0.9996376037597656
2459,4561,gradient_x_input,0.39844096526503564,0.18600629428401588,0.999054491519928
2460,3617,gradient_x_input,0.7187023073233463,0.23618589144363697,0.9285452961921692
2461,1998,gradient_x_input,0.2396568912460652,0.12509296631271188,0.46868228912353516
2462,1121,gradient_x_input,0.6100171340460127,0.08211369990551082,0.9907028675079346
2463,2601,gradient_x_input,0.03187756917693398,0.006171750751408664,0.999442994594574
2464,1261,gradient_x_input,0.029253800710042317,0.14216638364208242,0.9995797276496887
2465,2275,gradient_x_input,-0.13547859414829871,-0.029361419659107924,0.3498845398426056
2466,2611,gradient_x_input,0.022825367748737335,0.007593767344951629,0.9996684789657593
2467,844,gradient_x_input,0.239603856157872,0.145991271061282,0.9836716055870056
2468,4265,gradient_x_input,0.3856468876094922,0.14418095609416132,0.9942941069602966
2469,27,gradient_x_input,0.34414198671641083,0.043759206264261524,0.9994039535522461
2470,229,gradient_x_input,0.48353917291387916,0.009785525538027286,0.970146656036377
2471,862,gradient_x_input,0.0359120788899335,0.00930564511906017,0.9995015859603882
2472,3155,gradient_x_input,0.03668413683772087,0.04698579882582029,0.999586284160614
2473,4039,gradient_x_input,0.7989013896032702,0.14152961358428,0.9984656572341919
2474,183,gradient_x_input,-0.07939077432489615,-0.3005712127567015,0.0993981808423996
2475,2360,gradient_x_input,0.07033032563424879,0.009444992388448408,0.997113823890686
2476,2348,gradient_x_input,0.5908088609576225,0.17713938568803397,0.9985082745552063
2477,238,gradient_x_input,0.2967443921405709,0.08940669843419032,0.9985505938529968
2478,3180,gradient_x_input,0.3307117655420223,0.1570295775324937,0.9993637204170227
2479,2581,gradient_x_input,0.5425913683897566,-0.05545151326805353,0.9118098616600037
2480,1567,gradient_x_input,0.13384754217874545,0.09230925017394699,0.9991853833198547
2481,2925,gradient_x_input,0.030398106823364895,0.027709591512878735,0.9996145963668823
2482,523,gradient_x_input,0.3205545893737248,0.12736736685037614,0.9991225600242615
2483,1035,gradient_x_input,0.62630157811391,0.11855048080906272,0.9930290579795837
2484,2402,gradient_x_input,0.048134913367609826,0.009024695042640932,0.9987123012542725
2485,2312,gradient_x_input,0.6097592678334978,0.13366754870447847,0.9987609386444092
2486,1225,gradient_x_input,0.5783200169267366,0.07614750035107136,0.9988546371459961
2487,2069,gradient_x_input,0.022630712924859464,0.006510005547450139,0.9994785189628601
2488,423,gradient_x_input,0.4703932823976139,0.03962957320807429,0.9992967844009399
2489,4427,gradient_x_input,0.49026030963011036,0.03594371637231425,0.9952455163002014
2490,1174,gradient_x_input,0.4919770707762459,0.04840492438979265,0.9901217818260193
2491,1490,gradient_x_input,0.01643020637107618,0.020380581870223537,0.9996395111083984
2492,2020,gradient_x_input,0.5429626750251786,0.0232490213079886,0.9984564781188965
2493,1837,gradient_x_input,-0.022084287779985882,-0.22878467273272451,0.33833006024360657
2494,3730,gradient_x_input,0.6101434645668898,0.20465483074608862,0.9989099502563477
2495,1586,gradient_x_input,0.023648855534005673,0.011926625637297935,0.9996424913406372
2496,3595,gradient_x_input,0.3564222127958936,0.02694227546453476,0.9993891716003418
2497,2622,gradient_x_input,0.487751840535699,0.07153939910051299,0.9994051456451416
2498,2173,gradient_x_input,0.039940132544590876,0.012051004629868727,0.9995648264884949
2499,2153,gradient_x_input,0.05029442589333717,0.04024642927849546,0.9987844824790955
2500,1139,gradient_x_input,0.6757431619667581,0.09901542225409121,0.9982008934020996
2501,4101,gradient_x_input,0.7805987923435168,0.11095164641737938,0.9991216063499451
2502,4005,gradient_x_input,0.45565251095427406,0.181729756295681,0.9704930186271667
2503,1530,gradient_x_input,0.4428383013824137,0.023292522968315497,0.9993129968643188
2504,4259,gradient_x_input,0.4914054149711454,0.18408391372980298,0.9887791872024536
2505,2175,gradient_x_input,0.14382901563844147,0.0055966706986122945,0.9996013045310974
2506,1016,gradient_x_input,0.37197928076549885,0.03362665012959511,0.9991195797920227
2507,1575,gradient_x_input,0.4180538509698475,0.1205439289812656,0.9941682815551758
2508,1333,gradient_x_input,0.828115543287078,0.046737198463895104,0.9992026686668396
2509,1380,gradient_x_input,0.774887323179097,0.18505415464328093,0.9962151646614075
2510,1428,gradient_x_input,0.5895730912521043,-0.007081508417339886,0.9597755074501038
2511,2027,gradient_x_input,0.6138361569476098,0.10975918100358775,0.9940024018287659
2512,1039,gradient_x_input,0.5905195912718773,0.14473246052861213,0.9993093013763428
2513,22,gradient_x_input,0.5161382372079547,0.13746431036744006,0.9989134073257446
2514,1276,gradient_x_input,0.051383793354034424,0.009972231462597847,0.9990806579589844
2515,1367,gradient_x_input,0.4930875478962133,0.15597706596735258,0.9825390577316284
2516,147,gradient_x_input,0.12166927222694669,0.09561503891433988,0.9974302649497986
2517,3226,gradient_x_input,0.4497663179472848,0.04714193926365287,0.999040424823761
2518,4586,gradient_x_input,0.5093009788176841,0.08332306059497979,0.9990293979644775
2519,2301,gradient_x_input,0.7518734509654154,0.07363846525549889,0.9640269875526428
2520,2466,gradient_x_input,0.06946458355073006,0.011736129560778219,0.9996640682220459
2521,2876,gradient_x_input,0.6381630540276185,0.06773359978046173,0.9597526788711548
2522,2213,gradient_x_input,-0.026671780081515963,-0.002389839065169023,0.000202023729798384
2523,2261,gradient_x_input,0.5608206251188397,0.09560949655357175,0.9993762373924255
2524,1956,gradient_x_input,0.026192014713491186,-0.022885283016049387,0.04006252810359001
2525,2369,gradient_x_input,0.8394761227663888,0.13130668091013076,0.9902411699295044
2526,190,gradient_x_input,0.44984221167396754,0.10931491483400653,0.9993892908096313
2527,1834,gradient_x_input,0.6724268204890764,0.047330430837777944,0.9939466118812561
2528,2393,gradient_x_input,0.6838287315436496,0.21815598992300997,0.9182735681533813
2529,282,gradient_x_input,0.01239308920399896,0.020096524008389176,0.9995655417442322
2530,1916,gradient_x_input,0.39228377991821617,0.08981682173907757,0.998993456363678
2531,4527,gradient_x_input,0.6319851425246487,0.04614737594411487,0.9987443685531616
2532,1324,gradient_x_input,0.5421346573350139,0.09606750305885306,0.9988691210746765
2533,3576,gradient_x_input,0.19632318112495784,0.03204656976300317,0.9993870258331299
2534,4029,gradient_x_input,0.5091156075453206,0.0733961567523018,0.9975489974021912
2535,1683,gradient_x_input,0.7577999471167973,0.21474650093232808,0.9990891218185425
2536,4353,gradient_x_input,-0.06988337124902301,-0.26587970854669085,0.5951279997825623
2537,273,gradient_x_input,-0.31621592188710157,-0.02348876869001863,0.004147555213421583
2538,1970,gradient_x_input,0.22452899234538728,0.08781633732671087,0.9986754059791565
2539,903,gradient_x_input,0.5919216789467706,0.0121846076633249,0.9416317343711853
2540,3599,gradient_x_input,0.4053411080287053,0.060981936466235384,0.9990440011024475
2541,2499,gradient_x_input,0.6736179815669311,0.28247947707772253,0.7935299277305603
2542,3514,gradient_x_input,0.4270565281622112,0.19804949048177703,0.9993149042129517
2543,2991,gradient_x_input,0.5870087297267961,0.023911678869473308,0.9989377856254578
2544,3705,gradient_x_input,0.6723229366012674,0.022424219362437724,0.9988238215446472
2545,2014,gradient_x_input,0.012814847712821148,0.005901852820781951,0.9996583461761475
2546,257,gradient_x_input,0.49134590447431914,0.2779062967057581,0.9950889945030212
2547,3721,gradient_x_input,0.023796528089241903,0.002511022520847008,0.9996111989021301
2548,2368,gradient_x_input,0.04122154182857937,0.012123005919986302,0.999622106552124
2549,3689,gradient_x_input,0.03128226133103066,0.014928451243867265,0.9996510744094849
2550,2574,gradient_x_input,0.015928878928675796,0.012267778317133585,0.9995563626289368
2551,4260,gradient_x_input,0.41852611041924154,0.14596622382205995,0.922892689704895
2552,517,gradient_x_input,0.36305230314117637,-0.009959528523106729,0.9671018719673157
2553,3170,gradient_x_input,-0.020795062456493946,-0.0038611258354944154,0.012250982224941254
2554,3201,gradient_x_input,0.4135594693711028,0.03639383018016815,0.997749388217926
2555,3194,gradient_x_input,0.2390118806987353,-0.01429145070521728,0.8306804895401001
2556,3897,gradient_x_input,0.3457773801404983,0.0593735596165061,0.9989411234855652
2557,858,gradient_x_input,0.7612073323689401,0.06487892968289088,0.9929360747337341
2558,19,gradient_x_input,0.17366522862748415,0.13919440836266236,0.632340669631958
2559,699,gradient_x_input,0.031212466734426993,0.01503969563378228,0.9980823993682861
2560,575,gradient_x_input,0.02040017768740654,0.04104802136619886,0.9996497631072998
2561,1646,gradient_x_input,0.038415104150772095,0.014340978293191819,0.9989633560180664
2562,3623,gradient_x_input,0.33598001146257467,0.040957992760146535,0.9993762373924255
2563,599,gradient_x_input,0.5951383104475099,0.1839966160026961,0.9796587228775024
2564,2894,gradient_x_input,0.04483477671941121,0.023228197627597386,0.9996252059936523
2565,305,gradient_x_input,0.6272007859891878,0.09925210644614021,0.9989272952079773
2566,3433,gradient_x_input,0.04653473845068014,0.033358875310645915,0.9994997978210449
2567,3826,gradient_x_input,0.5097877097626528,0.24918250921699736,0.8962622880935669
2568,1350,gradient_x_input,0.468294122530257,0.08689796224558342,0.9993466734886169
2569,2129,gradient_x_input,0.6925041716630486,0.05110112493011085,0.999143123626709
2570,1422,gradient_x_input,0.5309559820513976,0.046546915644093564,0.9969171285629272
2571,3819,gradient_x_input,0.47305039841343055,0.03997102091935548,0.9985499978065491
2572,1527,gradient_x_input,0.02089813232421875,0.0088515043258667,0.9996610879898071
2573,1087,gradient_x_input,0.02149565788832578,0.01100534200668335,0.9996534585952759
2574,1484,gradient_x_input,0.4784553141401308,0.05838692733427373,0.9934612512588501
2575,3513,gradient_x_input,0.4711041406779259,0.17667676629498602,0.9972319006919861
2576,3361,gradient_x_input,0.06004570457670424,0.03700020909309387,0.9984989166259766
2577,1323,gradient_x_input,0.7924866160882327,0.057980994880199435,0.8490097522735596
2578,1553,gradient_x_input,0.6530632415365073,0.08181818787540708,0.9981650710105896
2579,3687,gradient_x_input,0.031602545508316586,0.006634776081357684,0.999544084072113
2580,4368,gradient_x_input,0.43044681958253345,0.08969130967893908,0.9993839263916016
2581,3165,gradient_x_input,0.3991448318423784,0.0631976100899603,0.9991828799247742
2582,1309,gradient_x_input,0.7639486044045594,0.18552598062281808,0.9990371465682983
2583,2983,gradient_x_input,0.6383432820439339,0.08449530964478469,0.998909592628479
2584,3378,gradient_x_input,0.48178137804347054,0.09878971962327207,0.9752357006072998
2585,345,gradient_x_input,0.44862722182259185,0.3754573671511658,0.6180360913276672
2586,1086,gradient_x_input,0.7014579796807083,0.04506413582712412,0.999163031578064
2587,923,gradient_x_input,0.6281217955145014,0.09433478526771069,0.9990264177322388
2588,1571,gradient_x_input,0.02511621080338955,0.006681004539132118,0.9995949864387512
2589,842,gradient_x_input,0.5336684563187692,0.32164010235431545,0.94442218542099
2590,2165,gradient_x_input,0.9313120723796041,0.04075559779112854,0.9938048124313354
2591,608,gradient_x_input,0.2155877716191437,0.2048513248659931,0.9991636276245117
2592,285,gradient_x_input,0.372639495995827,0.19702939354729923,0.9989277720451355
2593,2009,gradient_x_input,0.4827275486578318,0.02612963014028289,0.9982799291610718
2594,807,gradient_x_input,0.12834155940732292,0.14713137634748288,0.9985068440437317
2595,4511,gradient_x_input,0.44242602633312345,0.04328449070453644,0.9992815852165222
2596,2495,gradient_x_input,0.4051483254925366,0.07557374060007871,0.9993853569030762
2597,405,gradient_x_input,0.44097043598089747,0.059163357055156816,0.9992332458496094
2598,218,gradient_x_input,0.47901873759204344,0.15449422669987525,0.9968808889389038
2599,1976,gradient_x_input,0.41886538629020964,0.1973732107451984,0.9981683492660522
2600,4040,gradient_x_input,0.4924704174786298,-0.0544835085218603,0.841234028339386
2601,2461,gradient_x_input,0.46564283001829276,0.03469356002681183,0.999382734298706
2602,2095,gradient_x_input,0.634205862853395,0.055030187486477616,0.9986758828163147
2603,327,gradient_x_input,0.4528824938616405,0.3401897519826889,0.5409786105155945
2604,2957,gradient_x_input,0.5994306961015278,0.04507222645363565,0.9883548021316528
2605,1778,gradient_x_input,0.563774535805957,0.190744733515506,0.9987016916275024
2606,688,gradient_x_input,0.7180485229040735,0.037364036991046026,0.9988686442375183
2607,393,gradient_x_input,0.4533479478186331,0.25922031436587134,0.763340413570404
2608,3495,gradient_x_input,0.47647920707767866,0.016572966609361035,0.9989851117134094
2609,2741,gradient_x_input,0.38796134608159977,0.11788139781793175,0.9993811845779419
2610,3105,gradient_x_input,0.6912172521045684,0.4882327514174192,0.8594332337379456
2611,3579,gradient_x_input,0.4721509222606463,0.14277564377657004,0.9866344928741455
2612,4460,gradient_x_input,0.3987610373111006,0.06106532602868182,0.9910475611686707
2613,1491,gradient_x_input,0.05313969129010251,0.02496585720463803,0.9995924830436707
2614,882,gradient_x_input,0.5527366557055049,0.053910504198736615,0.9961193799972534
2615,2085,gradient_x_input,0.7326490916834532,0.13926490251388815,0.9988679885864258
2616,1769,gradient_x_input,0.7729854782857813,0.07504745845704577,0.9970420002937317
2617,3177,gradient_x_input,0.5044016626197845,0.010198610595294408,0.9704149961471558
2618,3766,gradient_x_input,0.42271229176996994,0.12506303681509914,0.9971404075622559
2619,2049,gradient_x_input,0.08699933742173016,0.16050258395262063,0.9991164803504944
2620,794,gradient_x_input,0.08609514344822276,0.07447145932647717,0.9996032118797302
2621,1617,gradient_x_input,0.5495017934590578,0.09127827210532916,0.998904824256897
2622,21,gradient_x_input,0.3404213443260502,0.13001135202055727,0.9993841648101807
2623,2626,gradient_x_input,0.02136408223046197,0.04924323568702675,0.9995206594467163
2624,2199,gradient_x_input,-0.030873347089315453,0.01910960056508581,0.039611686021089554
2625,4578,gradient_x_input,0.0611984577584774,0.09252628794932574,0.9995160102844238
2626,1535,gradient_x_input,0.5385133730857794,0.17924406107290294,0.998128354549408
2627,1012,gradient_x_input,0.5746922431790153,0.33027281682007015,0.8239738345146179
2628,3302,gradient_x_input,0.4732278941920958,0.03793247580528259,0.9989655017852783
2629,3059,gradient_x_input,0.2015418165673812,0.13962397947907448,0.9987943172454834
2630,1172,gradient_x_input,0.015152168544855986,0.01302140544761311,0.9996435642242432
2631,3322,gradient_x_input,0.3698906382135312,0.07226906064897776,0.9941058158874512
2632,3232,gradient_x_input,0.7142870956396853,0.21265062046321956,0.9047036170959473
2633,3859,gradient_x_input,0.022615354794722337,0.01261216096388988,0.9996185302734375
2634,1015,gradient_x_input,0.45717475714898387,0.05152414089371992,0.9992378950119019
2635,1364,gradient_x_input,0.13050567787950454,0.006400568329769632,0.9995948672294617
2636,2757,gradient_x_input,0.013542775366757367,0.012146592945665927,0.9983596205711365
2637,182,gradient_x_input,0.8877351296473267,0.04968353463154213,0.9991540908813477
2638,1107,gradient_x_input,0.06360223861756148,0.08809617603266681,0.9995881915092468
2639,188,gradient_x_input,0.356512096577457,0.13715780792491777,0.867632269859314
2640,2990,gradient_x_input,0.26494576316326857,0.019914088149865467,0.9552038908004761
2641,2951,gradient_x_input,0.58967013518577,0.21271507728094244,0.9824032783508301
2642,3539,gradient_x_input,0.03184711780303564,0.018712367766942732,0.9996664524078369
2643,3473,gradient_x_input,0.5024397353772656,0.17727956884118612,0.9990646243095398
2644,1655,gradient_x_input,0.45260723698479327,0.030573585921007652,0.9905045628547668
2645,3422,gradient_x_input,0.6082459299938384,0.02642168153239333,0.9972403049468994
2646,4077,gradient_x_input,0.3156779986329195,0.1105552052215832,0.9940881729125977
2647,3015,gradient_x_input,0.041825379094769875,0.011648185791507844,0.998708963394165
2648,2713,gradient_x_input,0.15066309502491584,0.010392119105045613,0.9995044469833374
2649,3397,gradient_x_input,0.6419805914239135,0.07045226099286625,0.9989211559295654
2650,1266,gradient_x_input,0.5398968441323155,0.027869705199485735,0.9979817867279053
2651,1623,gradient_x_input,0.1981610979240101,0.06285711750388145,0.9991612434387207
2652,3358,gradient_x_input,0.348844811198346,0.022291271282093867,0.9993563294410706
2653,373,gradient_x_input,0.08311050198972225,0.03345227148383856,0.9982847571372986
2654,2026,gradient_x_input,0.26496480430165925,0.11250329275305072,0.9989233613014221
2655,1524,gradient_x_input,0.4850978603085073,0.06319492826094994,0.999204695224762
2656,422,gradient_x_input,0.4436922157571341,0.03651300480677968,0.9925078749656677
2657,3169,gradient_x_input,0.011955985251594992,0.006219180191264433,0.9977535605430603
2658,3650,gradient_x_input,0.06287399096922441,0.009467056664553556,0.9994427561759949
2659,3800,gradient_x_input,0.4163255481980741,0.20468510520902086,0.9711559414863586
2660,1120,gradient_x_input,0.47943602207134356,0.018492164617439487,0.9991294741630554
2661,2249,gradient_x_input,0.41417378590030723,0.022800595347964487,0.9993816614151001
2662,4043,gradient_x_input,0.04603957298190095,0.007938427980556044,0.9996614456176758
2663,616,gradient_x_input,0.36424466745992157,0.03418216880025535,0.9961885809898376
2664,2691,gradient_x_input,0.5966252610842521,0.057742272176452586,0.9967065453529358
2665,2043,gradient_x_input,0.37294588544006857,0.1849067235133199,0.9938713312149048
2666,3188,gradient_x_input,0.6187285475037061,0.07222033955156804,0.9944091439247131
2667,2835,gradient_x_input,0.4373945533373514,0.02107927196014386,0.9991340041160583
2668,4211,gradient_x_input,0.03937368392944336,0.04125352700551351,0.9993029832839966
2669,917,gradient_x_input,0.5509359132265672,0.07912691275123507,0.9877347350120544
2670,4100,gradient_x_input,0.3623475601275762,0.023213274776935577,0.9991710186004639
2671,1162,gradient_x_input,0.3625207281012724,0.1186681757340344,0.99937504529953
2672,3716,gradient_x_input,0.3512024603957354,0.03561473377915316,0.9991697072982788
2673,1248,gradient_x_input,0.017283650433144917,0.08717969677797179,0.9996421337127686
2674,828,gradient_x_input,0.042251225481642056,0.007469188659749133,0.999652624130249
2675,2243,gradient_x_input,-0.001765531780678899,0.015122678393738405,0.02451511286199093
2676,2902,gradient_x_input,0.3135601133811024,0.04943801462650299,0.9986756443977356
2677,337,gradient_x_input,0.5340541552465695,0.26227451349871284,0.9972852468490601
2678,2351,gradient_x_input,0.33115114068612456,0.05857501190155744,0.9993780851364136
2679,1959,gradient_x_input,0.5025669549038867,0.04614127706736326,0.995726466178894
2680,3431,gradient_x_input,-0.4767566804366652,-0.12495155282363157,0.10540931671857834
2681,4374,gradient_x_input,0.32334553336306493,0.08966101812464851,0.9985717535018921
2682,1102,gradient_x_input,0.06729764288122003,0.012750755656849255,0.9996216297149658
2683,1246,gradient_x_input,0.02625503142674764,0.0439980709761904,0.9996531009674072
2684,1176,gradient_x_input,0.31432007505661913,0.16652688012303163,0.9989305138587952
2685,4579,gradient_x_input,0.03234042856428358,0.013331686125861273,0.9996460676193237
2686,3195,gradient_x_input,-0.0045093637754154555,0.32852642476791516,0.5380821824073792
2687,2790,gradient_x_input,0.38436784967780113,0.016911640167236328,0.997856080532074
2688,3877,gradient_x_input,0.4543288274269019,0.16713733445586904,0.9847211241722107
2689,93,gradient_x_input,0.4271468563481819,0.06822792605258697,0.9966663718223572
2690,2795,gradient_x_input,0.8803977789766332,0.07057096285594476,0.9456225037574768
2691,2317,gradient_x_input,0.5230486146597699,0.05058861591599204,0.9903320670127869
2692,385,gradient_x_input,0.31809719865761543,0.039967650509610465,0.9993897676467896
2693,913,gradient_x_input,0.377183765003627,0.029062135991725056,0.9993676543235779
2694,693,gradient_x_input,0.441988536398168,0.03377677031137325,0.9962208867073059
2695,3241,gradient_x_input,0.4687523217871785,0.18265562848973788,0.9692100286483765
2696,2471,gradient_x_input,0.5554982542653677,0.07339934053312873,0.9959734082221985
2697,311,gradient_x_input,0.4560032470397792,0.08880955940288193,0.9990488886833191
2698,334,gradient_x_input,0.3574233329349707,0.02141903249661104,0.9995749592781067
2699,861,gradient_x_input,0.029606634819949115,0.041310628255208336,0.999603807926178
2700,1454,gradient_x_input,0.2796230684551928,0.02739624430735906,0.9986516833305359
2701,2684,gradient_x_input,0.7778467328038082,0.01669826035229665,0.9983585476875305
2702,1224,gradient_x_input,0.8768105676037169,0.3311098888215999,0.9987661838531494
2703,2585,gradient_x_input,0.018270696912493025,0.05296542206589056,0.9996428489685059
2704,708,gradient_x_input,0.27229857983310585,0.020551749788548634,0.9990423321723938
2705,3141,gradient_x_input,0.010297201249910437,0.013870815867963045,0.9996360540390015
2706,38,gradient_x_input,0.47555037942810535,0.1027040622539748,0.9987980127334595
2707,2683,gradient_x_input,0.6352097474969923,0.16574818920344114,0.9991934895515442
2708,935,gradient_x_input,0.2872284005291532,0.3157008304260671,0.9993172883987427
2709,3339,gradient_x_input,0.02371023012244183,0.015526562929153442,0.9996575117111206
2710,1325,gradient_x_input,0.7206042833777881,0.07946654530458672,0.9985232949256897
2711,2120,gradient_x_input,0.1600400158021526,-0.10064504977644366,0.19119592010974884
2712,470,gradient_x_input,0.2807127178260466,0.5060864344534532,0.990198016166687
2713,3393,gradient_x_input,0.034555222537066485,0.007630485135155755,0.999430239200592
2714,1942,gradient_x_input,0.028187934309244156,0.02166402091582616,0.9994478821754456
2715,3371,gradient_x_input,0.2928975850085812,0.0698076482448313,0.9987943172454834
2716,1713,gradient_x_input,0.4010810772989593,0.008087450820628716,0.6230827569961548
2717,160,gradient_x_input,0.025336470116268505,0.006467079574411566,0.9995412826538086
2718,1192,gradient_x_input,0.01776683032512665,0.022151972353458404,0.9996260404586792
2719,2161,gradient_x_input,0.03516191244125366,0.006418511674210832,0.9995623230934143
2720,3925,gradient_x_input,0.4670113456420234,0.2426842631863766,0.9971501231193542
2721,3619,gradient_x_input,0.28253667983891706,0.10551439374685287,0.9700282216072083
2722,4209,gradient_x_input,0.7562212072184477,0.08373788734547233,0.9316954016685486
2723,3524,gradient_x_input,0.38598424236735573,0.053307546545629914,0.9987012147903442
2724,353,gradient_x_input,0.423227708558647,0.03542514525505961,0.9980803728103638
2725,2548,gradient_x_input,0.24539584968061673,0.20269163318014416,0.9991563558578491
2726,4202,gradient_x_input,0.027014327049255372,0.002601586069379534,0.9917930960655212
2727,1014,gradient_x_input,0.36994719281792643,0.12866477383808655,0.9905891418457031
2728,1200,gradient_x_input,0.5284840467121003,0.0396591046471791,0.9971856474876404
2729,4580,gradient_x_input,0.027625881963306002,0.026435894546685396,0.9996461868286133
2730,3087,gradient_x_input,0.47439850176618037,0.040894046026681154,0.9990992546081543
2731,1305,gradient_x_input,0.6857789031113498,0.02341295639052987,0.998984158039093
2732,112,gradient_x_input,0.023768465965986252,0.009168252348899841,0.9995773434638977
2733,1853,gradient_x_input,0.49762960006906226,0.2206477326910703,0.9979832172393799
2734,4310,gradient_x_input,0.5213560634400956,0.11928769703521284,0.9988314509391785
2735,3873,gradient_x_input,0.09793703571746223,0.006483496803986399,0.9996566772460938
2736,4216,gradient_x_input,0.2773951860671898,0.05562837920942396,0.9993083477020264
2737,14,gradient_x_input,-0.10723344368093154,-0.14929640293121338,0.7737482786178589
2738,3915,gradient_x_input,0.7659614504880405,0.23165002506492394,0.9990742206573486
2739,2387,gradient_x_input,0.4634664136739004,0.08427371816443545,0.9984325766563416
2740,533,gradient_x_input,0.5476881432550726,0.12358438139337868,0.6080431342124939
2741,3551,gradient_x_input,0.4158459023705551,0.04857816819899848,0.9923055768013
2742,851,gradient_x_input,0.4689236069362695,0.06495249730704183,0.9991269707679749
2743,1418,gradient_x_input,0.40424206696058573,0.046340530640200564,0.8733924031257629
2744,3446,gradient_x_input,0.33711801264839975,0.06106132633336212,0.998358428478241
2745,1318,gradient_x_input,0.513874832117422,0.18418171131898733,0.9967293739318848
2746,677,gradient_x_input,0.029717178004128594,0.011996887411390033,0.9994944334030151
2747,3740,gradient_x_input,0.48709751704809606,0.2033300419599982,0.9993976354598999
2748,1317,gradient_x_input,0.7575784250502245,-0.09975199499091164,0.8506525158882141
2749,1072,gradient_x_input,0.5534048012539279,0.4541771091596456,0.999428927898407
2750,4275,gradient_x_input,0.29403018323791913,-0.25166071970015763,0.3607975244522095
2751,655,gradient_x_input,0.7517388679472536,-0.03441757143571459,0.9027310013771057
2752,3128,gradient_x_input,0.7284151056735981,0.03017030192947969,0.9740851521492004
2753,3143,gradient_x_input,0.03612840970357259,0.029791800181070964,0.9995619654655457
2754,568,gradient_x_input,0.4481391925364733,0.26169907592702657,0.9719793200492859
2755,1871,gradient_x_input,0.04606954604387283,0.01389690488576889,0.9996623992919922
2756,3956,gradient_x_input,0.4510825429881354,0.10892396150544907,0.9993952512741089
2757,121,gradient_x_input,0.02961607596703938,0.06959666397701117,0.9996229410171509
2758,3150,gradient_x_input,0.7104846190144916,0.06618598330280055,0.9991140961647034
2759,587,gradient_x_input,0.0170744993747809,0.08211717544457851,0.9996590614318848
2760,3061,gradient_x_input,0.3313870440636362,0.08347941699380777,0.99899822473526
2761,3162,gradient_x_input,0.4873481797468331,0.10987164074106624,0.9993732571601868
2762,1254,gradient_x_input,0.021832873744349324,0.002787584258664039,0.999588668346405
2763,2658,gradient_x_input,0.2963015116117102,0.022120382081955037,0.9991675615310669
2764,163,gradient_x_input,0.38903777585546306,0.009321215090813574,0.9969267249107361
2765,1322,gradient_x_input,0.46716844913230016,0.028817171147510187,0.9988309741020203
2766,4249,gradient_x_input,0.34347293107685717,0.09880109822208231,0.9448575377464294
2767,360,gradient_x_input,0.5464390931470741,0.04604218876169574,0.9987766146659851
2768,1768,gradient_x_input,0.20542943561976812,0.03443980020172191,0.9953357577323914
2769,732,gradient_x_input,0.5395307878044453,0.2389093419381728,0.9988956451416016
2770,2671,gradient_x_input,0.5697682878355784,0.06697295246453121,0.9971069693565369
2771,691,gradient_x_input,0.24693059337929496,0.0687498021367434,0.3396788239479065
2772,79,gradient_x_input,0.6217154586618697,0.13496398586020977,0.9992596507072449
2773,2776,gradient_x_input,0.30948233824561944,0.019673998721621254,0.9976473450660706
2774,1053,gradient_x_input,0.6539380076688295,0.21966698506445276,0.9929702877998352
2775,410,gradient_x_input,0.5354973525625834,0.07758348199882005,0.9991416931152344
2776,4367,gradient_x_input,0.6626563595519179,0.07547700688952491,0.9851753115653992
2777,1667,gradient_x_input,0.5064715740547399,0.02259521037340164,0.9980067610740662
2778,3349,gradient_x_input,0.6640985483145674,0.1617893491306209,0.9923461675643921
2779,2672,gradient_x_input,0.08368177124948213,0.2677205848422917,0.9995920062065125
2780,4038,gradient_x_input,0.7191942137588123,0.014471764165547586,0.9987791180610657
2781,4552,gradient_x_input,0.6739456065560636,0.08125085821923088,0.9967419505119324
2782,1542,gradient_x_input,0.04402075738322978,0.011425475684963927,0.9995275735855103
2783,1336,gradient_x_input,0.029771788447510963,0.005241570519466026,0.9993784427642822
2784,1519,gradient_x_input,0.5143687959539537,0.04947514344866459,0.9993535876274109
2785,1229,gradient_x_input,0.5677146508358419,0.03702113151550293,0.9993834495544434
2786,1968,gradient_x_input,0.5533864072931465,0.04778958633005459,0.9963032007217407
2787,4416,gradient_x_input,0.39727412660916644,0.10471323516481278,0.9992473125457764
2788,2109,gradient_x_input,0.6652802396164902,0.04194241821704829,0.9979265928268433
2789,725,gradient_x_input,0.5577864011117656,0.04642443446486834,0.9994057416915894
2790,1134,gradient_x_input,0.5553675134156254,0.31429021153599024,0.700931966304779
2791,101,gradient_x_input,0.32664502493065334,0.2566055023394849,0.971911609172821
2792,4266,gradient_x_input,0.7394154797082084,0.08029361441731453,0.9966752529144287
2793,2253,gradient_x_input,0.3732096442373661,0.09800169201424488,0.9985866546630859
2794,1269,gradient_x_input,0.04396085192759832,0.008437429865201315,0.9996598958969116
2795,2813,gradient_x_input,0.5290924918970892,0.026247075625828335,0.9991287589073181
2796,193,gradient_x_input,0.5278449860034566,0.05794331211258064,0.998537540435791
2797,1127,gradient_x_input,0.3748469145188259,0.08694313516890681,0.9993529915809631
2798,2871,gradient_x_input,0.48172657473421676,0.0675324934830026,0.9991708993911743
2799,3470,gradient_x_input,0.16961550277055187,0.1732072216040893,0.54932701587677
2800,280,gradient_x_input,0.6017647172911414,0.048171511606166235,0.9991291165351868
2801,1696,gradient_x_input,0.6809130734440664,0.026644104367329016,0.9993871450424194
2802,2623,gradient_x_input,0.02725690073437161,0.006843907303280301,0.9995787739753723
2803,2139,gradient_x_input,0.47209593468426686,0.08177886198720206,0.9994019269943237
2804,3438,gradient_x_input,0.043292966755953705,0.0356934517621994,0.9996529817581177
2805,82,gradient_x_input,0.019817055463790895,0.006642078161239624,0.9996553659439087
2806,876,gradient_x_input,0.29870913263962223,-0.04533125239389914,0.5930060744285583
2807,2719,gradient_x_input,0.055046313620628194,0.06322976502966374,0.9995077848434448
2808,2374,gradient_x_input,0.026786564212096364,0.025485692839873463,0.999235987663269
2809,1569,gradient_x_input,0.790174857747959,0.043750513543156865,0.9976327419281006
2810,2416,gradient_x_input,0.0315427432457606,0.005484789609909058,0.9995030164718628
2811,3724,gradient_x_input,0.3418134628662041,0.08172790221121562,0.996752142906189
2812,3511,gradient_x_input,0.7067236407473684,0.11828592456877232,0.9970585107803345
2813,4046,gradient_x_input,0.3416745175641996,-0.015507686883211136,0.9460201859474182
2814,2132,gradient_x_input,0.49907879118214954,0.06563687243244865,0.9987367987632751
2815,2932,gradient_x_input,0.4429414239438141,0.17838421337963903,0.9991791844367981
2816,3414,gradient_x_input,0.06740293946377067,0.01688224371782569,0.9524268507957458
2817,1009,gradient_x_input,0.025467070137582173,0.035151465636927906,0.9996192455291748
2818,4171,gradient_x_input,0.23795106911764866,0.01898035770509301,0.9995684027671814
2819,1439,gradient_x_input,0.0851820597843248,0.016518260751451765,0.9993966817855835
2820,3603,gradient_x_input,0.2632421754939525,0.19609120405863883,0.998826801776886
2821,2680,gradient_x_input,0.42113945537301545,0.0772659703541328,0.9993784427642822
2822,4297,gradient_x_input,0.07237412248338972,0.013410957086653937,0.9996525049209595
2823,630,gradient_x_input,0.5335408946809669,0.0699440512392256,0.9986656904220581
2824,638,gradient_x_input,0.5165932811796665,0.1215605448674539,0.9989514350891113
2825,455,gradient_x_input,0.788818790198383,0.059387869394800445,0.9898774027824402
2826,129,gradient_x_input,0.03026603725221422,0.013184523582458496,0.999648928642273
2827,3544,gradient_x_input,0.42984596916880363,0.12495699865170397,0.9991468191146851
2828,2705,gradient_x_input,0.07027919246600224,0.027953912145816363,0.9954513907432556
2829,4542,gradient_x_input,0.4219507261226743,0.08544454105608797,0.9993721842765808
2830,1736,gradient_x_input,0.2664710067350555,0.03390730448343136,0.9991322159767151
2831,1442,gradient_x_input,0.6302776987005662,0.09413051635038289,0.9975928664207458
2832,836,gradient_x_input,0.5214052861192613,0.09093373689938744,0.9985809326171875
2833,3713,gradient_x_input,0.2739500368061738,0.04432170379620332,0.9985994696617126
2834,963,gradient_x_input,-0.041310651107402195,-0.26312989686969024,0.17056235671043396
2835,3500,gradient_x_input,0.5228844155464322,0.0553008633852005,0.9967949986457825
2836,1386,gradient_x_input,0.442385665490292,0.09784723562188447,0.9987132549285889
2837,3631,gradient_x_input,0.5090530820152893,0.13644855697544253,0.9985203146934509
2838,3220,gradient_x_input,0.4584548994442265,0.09296013049635232,0.9989356398582458
2839,1920,gradient_x_input,0.33427207961935423,0.10046684719694393,0.9989533424377441
2840,3065,gradient_x_input,0.5639016715919271,0.0501974678653128,0.9983017444610596
2841,4122,gradient_x_input,0.03557051958576325,0.10331389988770694,0.999610960483551
2842,2735,gradient_x_input,0.631892757830263,0.038594817742705345,0.9991235136985779
2843,1441,gradient_x_input,0.7015392107485761,0.025187424605800993,0.9989312291145325
2844,860,gradient_x_input,0.5110605913002721,0.232844667323992,0.9953527450561523
2845,930,gradient_x_input,0.02655514589575834,0.05660420968088993,0.9996181726455688
2846,2920,gradient_x_input,0.7193506781477481,0.07227750577860409,0.9982183575630188
2847,3073,gradient_x_input,0.5758039604585904,0.14010110558368838,0.9701750874519348
2848,2537,gradient_x_input,0.42530300984542596,0.11639702966546311,0.9980552196502686
2849,4582,gradient_x_input,0.2174920691794818,0.0117144541042607,0.9957790374755859
2850,173,gradient_x_input,0.049374071519766284,0.002935996696130553,0.9995403289794922
2851,1056,gradient_x_input,0.33395540748437447,0.20352557346726122,0.9974812865257263
2852,2870,gradient_x_input,0.514180563194187,0.10293562140884062,0.9991783499717712
2853,50,gradient_x_input,0.6113688537630618,-0.10717250486569745,0.7346057295799255
2854,2560,gradient_x_input,0.03339786101610233,0.012280606306516208,0.9995317459106445
2855,31,gradient_x_input,0.21510815777276693,0.00482059309357091,0.9975511431694031
2856,3419,gradient_x_input,0.019617083224844425,0.010304156770097448,0.999573290348053
2857,3023,gradient_x_input,0.33170969514334103,0.10462956042107889,0.9993419051170349
2858,1433,gradient_x_input,0.4430003983195734,0.04819926570673458,0.9986405968666077
2859,399,gradient_x_input,0.04115384291200077,0.022712734692236957,0.9993828535079956
2860,3793,gradient_x_input,0.3474370179697871,0.13224814081461064,0.9993870258331299
2861,3354,gradient_x_input,0.043692125007510185,0.007965298369526863,0.9995185136795044
2862,749,gradient_x_input,0.018537423163208933,-0.10059183881440688,0.05760134384036064
2863,3479,gradient_x_input,0.273954724488051,0.034556314673112785,0.9991241097450256
2864,3212,gradient_x_input,0.41724298439092106,-0.17689267773595121,0.7634863257408142
2865,617,gradient_x_input,0.07405430955045364,0.012707713772268855,0.9996562004089355
2866,4442,gradient_x_input,0.49743229982992393,0.0397228958706061,0.9993718266487122
2867,2130,gradient_x_input,0.7322776908624982,0.018579129643481355,0.9974406957626343
2868,283,gradient_x_input,0.5717812581586519,0.11155930464821202,0.998022198677063
2869,4517,gradient_x_input,0.4034082873591355,0.04218195804527828,0.9982185959815979
2870,1217,gradient_x_input,0.5661166333289736,0.04194921186274808,0.9991003274917603
2871,55,gradient_x_input,0.7209345517980789,0.05981358513236046,0.9983003735542297
2872,2038,gradient_x_input,0.27123427550707546,0.13873007652416294,0.9988310933113098
2873,1302,gradient_x_input,0.42181986743658356,0.023053083230148663,0.9991274476051331
2874,2767,gradient_x_input,0.028686725800590857,0.04150020703673363,0.6745148301124573
2875,1813,gradient_x_input,0.618494839675765,0.05857639330560747,0.9990988969802856
2876,3881,gradient_x_input,0.738464936112804,0.09782623447891739,0.9991833567619324
2877,434,gradient_x_input,0.052133373145399425,0.0308034872186595,0.9995984435081482
2878,115,gradient_x_input,0.018652664763586863,0.05266248872690734,0.9996256828308105
2879,2119,gradient_x_input,0.35522679910839844,0.028824101117524235,0.9987163543701172
2880,2923,gradient_x_input,0.14653072024092956,0.05563971575568704,0.9995824694633484
2881,3392,gradient_x_input,0.5461499789315793,0.21699557591367652,0.9981716871261597
2882,1789,gradient_x_input,0.4665212896388938,0.10969446049476007,0.999123752117157
2883,1103,gradient_x_input,0.02690791824589605,0.005827459304229073,0.9996674060821533
2884,348,gradient_x_input,0.19373453642721428,-0.109360625798052,0.511111855506897
2885,4441,gradient_x_input,0.09063256604998719,0.059119031782828124,0.9996602535247803
2886,78,gradient_x_input,0.04262940309665821,0.011760237040343109,0.9996417760848999
2887,3224,gradient_x_input,0.040390242368747026,0.009025219159248548,0.9996308088302612
2888,1821,gradient_x_input,0.049008145051843977,0.007232459152446073,0.9996606111526489
2889,1735,gradient_x_input,0.11607595659651847,0.004664911414092442,0.999650239944458
2890,2473,gradient_x_input,0.054681893004927526,0.011489137660625369,0.9992415904998779
2891,4204,gradient_x_input,0.3223318961950449,0.1803400929963503,0.9989504218101501
2892,3395,gradient_x_input,0.04141535929271153,0.025834030764443534,0.9996649026870728
2893,3405,gradient_x_input,0.6258266439915002,0.19406607390119462,0.998313307762146
2894,1431,gradient_x_input,0.052865140438079834,0.004875712394714356,0.999091386795044
2895,2113,gradient_x_input,0.4245820452501489,0.06682753650767898,0.9993559718132019
2896,1294,gradient_x_input,0.1955141191509493,0.10017064126565102,0.49627259373664856
2897,2798,gradient_x_input,-0.35619840227688354,-0.033656178885656925,0.004821134731173515
2898,4241,gradient_x_input,0.32560930816406336,0.08208110806456692,0.9984984397888184
2899,2697,gradient_x_input,0.03255510755947658,0.00652202254249936,0.9979537725448608
2900,735,gradient_x_input,0.5786299396652815,0.06336648640396117,0.9970153570175171
2901,2398,gradient_x_input,0.34744582264958057,0.09522491956458372,0.9870337247848511
2902,1921,gradient_x_input,0.4092577470000833,0.03777449406334199,0.9991439580917358
2903,2454,gradient_x_input,0.4762267208400559,0.04655285227171918,0.9879072308540344
2904,2436,gradient_x_input,0.5397587802863735,-0.1395571185823749,0.7371991872787476
2905,3313,gradient_x_input,0.2686884233161159,0.2428004068361074,0.9991470575332642
2906,2602,gradient_x_input,0.3417325360259335,0.07905891125923709,0.9971814155578613
2907,1378,gradient_x_input,0.6719381845295204,0.10733475890611449,0.9416289329528809
2908,4172,gradient_x_input,0.5759757236603857,0.18273697180613394,0.8241690993309021
2909,140,gradient_x_input,0.028150266722628946,0.022259318514874105,0.999631404876709
2910,2482,gradient_x_input,0.6321127787867392,0.12877423714169048,0.9969833493232727
2911,2566,gradient_x_input,0.29137384346412387,0.0850575257311849,0.9993975162506104
2912,3043,gradient_x_input,0.4144432536976517,0.02057610367828945,0.9987640380859375
2913,2718,gradient_x_input,0.41858015184927927,0.07793441963823218,0.9987961053848267
2914,1010,gradient_x_input,0.4043236310895094,0.05728248378042789,0.99928218126297
2915,1516,gradient_x_input,0.5155499426348668,0.2936292713774102,0.5778140425682068
2916,1988,gradient_x_input,0.5218147829787888,0.07821101322770119,0.9968379735946655
2917,2942,gradient_x_input,0.5202195508550299,0.06532033613404713,0.9990577101707458
2918,3097,gradient_x_input,0.47688267441466453,0.019611619859933854,0.9991944432258606
2919,151,gradient_x_input,-0.02541615962982178,0.03038893222808838,0.9380155205726624
2920,2319,gradient_x_input,0.23329276621341705,0.05687678277492523,0.9779762625694275
2921,1373,gradient_x_input,0.7578119395226922,0.09527732289918675,0.9993176460266113
2922,1358,gradient_x_input,0.6858275747144944,0.25648207113974625,0.9978817105293274
2923,1873,gradient_x_input,0.7923596148757497,0.0007272259715725394,0.9364849328994751
2924,2668,gradient_x_input,0.05046576949266287,0.03392258401100452,0.9996448755264282
2925,4357,gradient_x_input,0.8787575424326319,0.02407841686461423,0.9975283741950989
2926,62,gradient_x_input,0.06354113287395902,0.007944462034437392,0.9996606111526489
2927,1795,gradient_x_input,0.05074929368907008,0.00807343474749861,0.9993168115615845
2928,1000,gradient_x_input,0.30039546204109985,0.021714597356085684,0.9982230067253113
2929,3679,gradient_x_input,0.5489427940445143,0.026298331390870244,0.9979243278503418
2930,1850,gradient_x_input,0.045106456197541334,0.007802422704367802,0.9991922974586487
2931,2825,gradient_x_input,0.04842098630391634,0.036666624821149386,0.9994365572929382
2932,3964,gradient_x_input,0.6320523417917474,0.017252186169991128,0.9991175532341003
2933,1625,gradient_x_input,0.02954177004950387,0.010195059435708182,0.9996298551559448
2934,1313,gradient_x_input,0.5268249316688847,0.26591178657048764,0.9869440793991089
2935,4320,gradient_x_input,0.023665821230089343,0.005701949467530122,0.9995608925819397
2936,2166,gradient_x_input,0.34780802352505985,0.06752796064378047,0.9993587136268616
2937,2184,gradient_x_input,0.6734534361761891,0.0440124308069547,0.9261394143104553
2938,4148,gradient_x_input,0.02789983484480116,0.005975546108351814,0.9996285438537598
2939,300,gradient_x_input,0.27693241121212264,0.10808033408280814,0.9992796778678894
2940,339,gradient_x_input,0.45642879591988667,0.06952120814405914,0.9991207718849182
2941,2220,gradient_x_input,0.6619497188816161,0.08496506353232848,0.9992837309837341
2942,1587,gradient_x_input,0.05234264396131039,0.028445228934288025,0.9992247819900513
2943,4410,gradient_x_input,0.3292651227106237,0.06540706490114745,0.9990875720977783
2944,3009,gradient_x_input,0.4647958211637303,0.1737106305400969,0.999393105506897
2945,4314,gradient_x_input,0.6421944384869093,0.02453354335366151,0.9993906021118164
2946,2236,gradient_x_input,0.44196062102323264,-0.01973868379505669,0.9038647413253784
2947,3837,gradient_x_input,0.031896311044692996,0.02436924378077189,0.9995393753051758
2948,2512,gradient_x_input,0.17567011625910905,0.11349367030450831,0.9993730187416077
2949,4272,gradient_x_input,0.30390541102641666,0.024375928327059135,0.9988380074501038
2950,2294,gradient_x_input,0.4789856266762529,0.044927521369286946,0.9833579659461975
2951,3416,gradient_x_input,0.06308137178421021,0.010034009388514927,0.99954754114151
2952,3694,gradient_x_input,0.5792755938884688,0.11538772430361771,0.9991098046302795
2953,108,gradient_x_input,0.40351511593908074,0.14888833904638887,0.9982311129570007
2954,3795,gradient_x_input,0.8280316061327337,0.0511676785018709,0.9927491545677185
2955,3228,gradient_x_input,0.45456459698207835,0.08175675759210865,0.9991713762283325
2956,4327,gradient_x_input,0.030495260821448433,0.014954584174686009,0.9996592998504639
2957,4444,gradient_x_input,0.273745462208843,0.10264851346325415,0.9985395669937134
2958,932,gradient_x_input,0.7348098155167518,0.16192406147831317,0.9980810880661011
2959,3245,gradient_x_input,0.4570237947627902,0.09687163319613319,0.9987278580665588
2960,1037,gradient_x_input,0.06735972678938577,0.02245995055797488,0.9996662139892578
2961,3070,gradient_x_input,0.03010903500221871,0.11321460951522395,0.9996428489685059
2962,507,gradient_x_input,0.37272176501573995,0.11316936556249857,0.9985421895980835
2963,1983,gradient_x_input,0.020737904972500273,0.059417139407661225,0.9996660947799683
2964,635,gradient_x_input,0.5438785117864608,0.03613057374954223,0.998441755771637
2965,102,gradient_x_input,0.33362318151780673,0.09121732298104514,0.9969923496246338
2966,2618,gradient_x_input,0.6550715245759567,0.02577399412119711,0.9993610978126526
2967,2452,gradient_x_input,0.7368813811684959,0.13042320159988272,0.9991616010665894
2968,2433,gradient_x_input,-0.016612424495372365,-0.17338995540395696,0.7743200063705444
2969,2955,gradient_x_input,0.5065229355524747,0.1276019932433533,0.9993973970413208
2970,4406,gradient_x_input,0.04034297274691718,0.002738737634250096,0.9996486902236938
2971,146,gradient_x_input,0.6160907365342913,0.06399394969145457,0.9977554678916931
2972,2277,gradient_x_input,0.5972640152368694,0.017848074436187744,0.9381861686706543
2973,628,gradient_x_input,0.4697423714096658,0.15489099973872786,0.9967713952064514
2974,4147,gradient_x_input,0.23208388512333233,0.06256843705972036,0.9988995790481567
2975,2488,gradient_x_input,-0.16280036898595945,-0.025997675119005904,0.0980299562215805
2976,4587,gradient_x_input,0.2584363116572301,-0.07262836447493597,0.7863044738769531
2977,624,gradient_x_input,0.8523554874690459,0.20894326205999622,0.9947062134742737
2978,1402,gradient_x_input,0.08192870648283708,0.15584954894209085,0.9990047812461853
2979,1547,gradient_x_input,0.6433521456323391,0.07107472428402235,0.9988071918487549
2980,1680,gradient_x_input,0.07024741470813751,0.006272172927856446,0.9989929795265198
2981,2779,gradient_x_input,0.46595631471774096,0.09295202059937376,0.9993093013763428
2982,3616,gradient_x_input,0.36910774533937846,0.17092329318203578,0.970125138759613
2983,3676,gradient_x_input,0.03800173103809357,0.011274832487106323,0.9996386766433716
2984,2004,gradient_x_input,0.035572732106233254,0.01005413287725204,0.9987962245941162
2985,2141,gradient_x_input,0.4381175387491722,0.09577881399451232,0.9993759989738464
2986,4045,gradient_x_input,0.07405693161076513,0.026430140281545705,0.9956152439117432
2987,1761,gradient_x_input,0.02169215679168701,0.005890570782326363,0.9989991784095764
2988,266,gradient_x_input,-0.06940960448638007,-0.0151436835326053,0.014635598286986351
2989,4195,gradient_x_input,0.8845499558770593,0.03270427375397784,0.9969258904457092
2990,1808,gradient_x_input,0.27385845440713796,0.5032716913504854,0.669123113155365
2991,3786,gradient_x_input,0.5372153611734827,0.10776168717433045,0.9991650581359863
2992,3199,gradient_x_input,0.02683012286822001,0.018794649839401247,0.9992378950119019
2993,2619,gradient_x_input,0.4992275737103127,0.1241207723424951,0.9993202686309814
2994,2459,gradient_x_input,0.17648312776829256,0.17386157034585872,0.9979520440101624
2995,3187,gradient_x_input,0.8246279883473604,0.03963783671232787,0.9990643858909607
2996,4531,gradient_x_input,0.3134494673383112,0.08398481849629509,0.9993942975997925
2997,4355,gradient_x_input,0.2365393132592241,0.10207323866294853,0.9991635084152222
2998,2725,gradient_x_input,0.25428740072833456,0.2805523544084281,0.7989641427993774
2999,4573,gradient_x_input,0.05576607050039829,0.018323471912970908,0.9996134638786316
3000,1913,deeplift,0.2938133001327515,0.0817907176911831,0.9943388104438782
3001,4550,deeplift,0.10913219381473027,0.11456472153076902,0.15146853029727936
3002,4424,deeplift,0.01709368422224715,0.02498358326989251,0.9996589422225952
3003,3802,deeplift,0.04353523360831397,0.0029407505478177753,0.9995806813240051
3004,3867,deeplift,0.39652625135412173,0.06155291050672531,0.9948807954788208
3005,2557,deeplift,0.5791766478017534,0.06773911549723433,0.9759672284126282
3006,2097,deeplift,0.2855489113508671,0.1428447356974741,0.9993723034858704
3007,3546,deeplift,0.7258137691072947,0.03936807967202608,0.9584444761276245
3008,2808,deeplift,0.03742524667790061,0.017235719843914633,0.9996665716171265
3009,893,deeplift,0.2587172625649531,0.1426108701872813,0.999051034450531
3010,674,deeplift,0.2790349342606284,0.07642002606933768,0.9989060163497925
3011,4329,deeplift,0.3272544792311829,0.07098862676079883,0.9989264607429504
3012,518,deeplift,0.5056831908821151,0.05300904828600767,0.9991744160652161
3013,3071,deeplift,0.04678827673196793,0.05507868956774473,0.9993823766708374
3014,1449,deeplift,0.5195072689491165,0.09435424254071421,0.9991769194602966
3015,2475,deeplift,0.4183729047198658,0.0631224928099824,0.9993069171905518
3016,2224,deeplift,0.4003421890782192,0.023439224157482386,0.9987109899520874
3017,3008,deeplift,0.8193928538315484,0.04148456802510697,0.9989023208618164
3018,2799,deeplift,0.35332251622551875,0.12798355117199883,0.9993740916252136
3019,3455,deeplift,0.762792228059826,-0.053814480848172135,0.8473272919654846
3020,2715,deeplift,0.2597679537396098,0.006471567375715389,0.9996358156204224
3021,1799,deeplift,0.4665752714708782,0.08070782431138632,0.9993937015533447
3022,1476,deeplift,0.0137929767370224,0.008367034792900085,0.9996558427810669
3023,3045,deeplift,0.18859960826260871,-0.06914432326294973,0.33991745114326477
3024,191,deeplift,0.46063747526887727,0.05963221070717792,0.9993802309036255
3025,1612,deeplift,0.5469296117851965,0.06943490436343952,0.9987958669662476
3026,3501,deeplift,0.028456476330757142,0.03347448464070719,0.992664635181427
3027,2706,deeplift,0.04367129670249091,0.011041569709777831,0.9996641874313354
3028,788,deeplift,0.41859863744734005,0.1862381166925794,0.9991770386695862
3029,2721,deeplift,-0.4943135925326108,-0.0760183510362064,0.0007631847984157503
3030,2543,deeplift,0.04314496616522471,0.044265915950139366,0.9995973706245422
3031,4425,deeplift,0.27010720933321863,0.047885355772450566,0.9857469797134399
3032,4154,deeplift,0.07197704166173935,0.004125969484448433,0.9995936751365662
3033,169,deeplift,0.7052377360739879,0.028943506947585514,0.9913190007209778
3034,1657,deeplift,0.045288813385096466,0.023315787315368652,0.9996616840362549
3035,3040,deeplift,0.018444973125792387,0.00277967515744661,0.9996602535247803
3036,269,deeplift,0.16634492305811585,0.11762993407958164,0.9993628859519958
3037,1775,deeplift,0.1777754544957795,0.01469777524471283,0.9996589422225952
3038,3229,deeplift,0.9482123082163288,0.022458983180315598,0.9986925721168518
3039,4496,deeplift,-0.22796388416689548,-0.32948479827108057,0.10239534825086594
3040,1064,deeplift,0.5967774800089902,0.09905438057991654,0.9993277788162231
3041,4134,deeplift,0.697503500062912,0.046644343753103855,0.9990893602371216
3042,4000,deeplift,0.24354698514235357,0.032746241217659365,0.9983528852462769
3043,609,deeplift,-0.05076284399601044,-0.016818595437884883,0.0020482183899730444
3044,2710,deeplift,0.27673225303490956,0.12692471683646242,0.9990960359573364
3045,3460,deeplift,0.3660531408447576,0.10927998852965079,0.9992254972457886
3046,1803,deeplift,0.5813384329053488,-0.0013969277793710881,0.8552583456039429
3047,1918,deeplift,0.043225642369717966,0.00503315730970733,0.9996613264083862
3048,3197,deeplift,0.3479349584318697,0.08057255148887635,0.5508357286453247
3049,1737,deeplift,0.2475077176297253,0.02021840773522854,0.9991699457168579
3050,4435,deeplift,0.3464866479815439,0.07898828377649404,0.9170476198196411
3051,3750,deeplift,0.8126244216797535,0.26358897507783363,0.9724546670913696
3052,3966,deeplift,0.4359850516729057,0.07723231360316277,0.9989425539970398
3053,365,deeplift,0.3661428386803045,0.05397794716233431,0.9988769888877869
3054,4053,deeplift,0.038637375220274314,0.013249519543770032,0.9995436072349548
3055,2066,deeplift,0.11754856969034949,0.0059274670689605,0.999488115310669
3056,1852,deeplift,0.49472336823473106,0.06681520954982655,0.9942169189453125
3057,2703,deeplift,0.04090893268585205,0.10344918825927273,0.9989523887634277
3058,487,deeplift,0.7596443384137403,0.059545197507499585,0.9985476136207581
3059,4055,deeplift,0.028181488315264385,0.15144410197338706,0.9996187686920166
3060,4475,deeplift,0.5733115179076637,0.029015946990022294,0.9981461763381958
3061,3348,deeplift,0.5184915121062659,0.09894659398317647,0.9993853569030762
3062,351,deeplift,0.4132857110939528,0.06724509890926511,0.9990637898445129
3063,2509,deeplift,0.02531366386721211,0.0179369161205907,0.999666690826416
3064,4030,deeplift,0.05860691890120506,0.13308558373364576,0.9994561076164246
3065,1650,deeplift,0.022966226805811344,0.005364604618238366,0.9996337890625
3066,2653,deeplift,0.022806128240981192,0.0033388565171439694,0.999609649181366
3067,4285,deeplift,0.024933509528636932,0.007203454151749611,0.9982865452766418
3068,1468,deeplift,0.3289568562468048,0.1893415404483676,0.9989425539970398
3069,2998,deeplift,0.0285627081990242,0.04658247083425522,0.9995917677879333
3070,1270,deeplift,-0.05350081785582006,0.09228244329278823,0.8581515550613403
3071,297,deeplift,0.5348378071187957,0.03661730047315359,0.9961426854133606
3072,2019,deeplift,0.042423483398225575,0.031303406727534754,0.9996432065963745
3073,629,deeplift,0.5538316771027542,0.18395265012288525,0.9985477328300476
3074,1944,deeplift,0.20770855478587605,0.15713070543660296,0.9991617202758789
3075,953,deeplift,0.02441049720111646,0.006351740736710398,0.9994865655899048
3076,466,deeplift,0.026833338662981987,0.05300831235945225,0.9995763897895813
3077,2200,deeplift,0.2738464456152819,0.5775715384762684,0.8540064096450806
3078,728,deeplift,0.2241406518627297,0.08026411926204507,0.9994561076164246
3079,3376,deeplift,0.6813684735843389,0.0879186153934713,0.9947073459625244
3080,4549,deeplift,0.5225790848219117,0.16883411195107498,0.9830725193023682
3081,72,deeplift,-0.37573696552182456,-0.07579195659209584,0.00627287570387125
3082,4,deeplift,0.2197733963740633,0.05916791026817357,0.9985929131507874
3083,1098,deeplift,0.5990147609515367,0.10736653329552831,0.9961133003234863
3084,2726,deeplift,0.40848010969348253,0.03909395081922412,0.9993663430213928
3085,2921,deeplift,0.0416156394141061,0.007079598449525379,0.9996601343154907
3086,2531,deeplift,0.04915599330611851,0.015579858551854673,0.9996145963668823
3087,2614,deeplift,0.01696237152622592,0.012591656177274643,0.9996167421340942
3088,2434,deeplift,0.8501076170372283,0.026811029954717076,0.9884706735610962
3089,3111,deeplift,0.4461572758321251,0.036555707150576065,0.9929046034812927
3090,3615,deeplift,0.532078807282707,0.17501858535452167,0.989231288433075
3091,3063,deeplift,0.5800740998674883,0.06060359039111063,0.9991852641105652
3092,1385,deeplift,0.46237548599601724,0.058715261436171,0.9989620447158813
3093,128,deeplift,-0.08195969614033134,-0.1932501687357823,0.05991167202591896
3094,1030,deeplift,0.3960789045318961,0.05261961206793785,0.9918654561042786
3095,16,deeplift,0.024630680878957114,0.012189314365386963,0.9995558857917786
3096,670,deeplift,0.6235612394776774,0.07341967929493297,0.9991095662117004
3097,3743,deeplift,0.3577121699575421,0.06664646048705246,0.9991957545280457
3098,2202,deeplift,0.21435285368284515,0.026107992890269258,0.9947768449783325
3099,1615,deeplift,0.29434748987356824,0.2068246382360275,0.9969441294670105
3100,1558,deeplift,0.025411090025534995,0.05116768983694223,0.9995993971824646
3101,3953,deeplift,0.728911044465941,0.251645999592404,0.8385427594184875
3102,304,deeplift,0.48970268364520925,0.018584524372629092,0.9991636276245117
3103,4004,deeplift,0.019601621125873766,0.014676936362919054,0.99965500831604
3104,4547,deeplift,0.6344807232204868,0.16934218392220088,0.9124698042869568
3105,1247,deeplift,0.4256949878507294,0.039459949950687585,0.9988911747932434
3106,3136,deeplift,0.48267275210269467,0.11429217946715653,0.9989492297172546
3107,1220,deeplift,0.520215633370211,0.07592091127707247,0.9992615580558777
3108,3261,deeplift,0.17936599180102347,0.008422097894880506,0.9988645315170288
3109,1611,deeplift,0.3116404014782837,0.13823999937337178,0.9595311284065247
3110,1181,deeplift,0.45040534047616854,0.021294221778710685,0.9993925094604492
3111,2797,deeplift,0.014708280024167738,-0.008311993589526728,0.46431487798690796
3112,610,deeplift,0.7399704389404733,0.035597076139798976,0.9989633560180664
3113,3751,deeplift,0.4248121062022013,0.23601099865680392,0.9895468354225159
3114,2248,deeplift,0.7005084586144688,0.03772260353733332,0.9825856685638428
3115,99,deeplift,0.4798554201904488,0.02384215612944804,0.9989156723022461
3116,3781,deeplift,0.037262215426093655,0.014723079769234908,0.9996659755706787
3117,225,deeplift,0.03321433067321777,0.0060276722206788905,0.9996508359909058
3118,2103,deeplift,0.4512720190687105,0.06967905432813698,0.9950827360153198
3119,2836,deeplift,0.5637643805626218,0.023477181247094782,0.9990633130073547
3120,2924,deeplift,0.04852079472890714,0.014107304375346115,0.9996180534362793
3121,2859,deeplift,-0.34608666542643574,-0.38636845065390363,0.0047720917500555515
3122,2782,deeplift,0.7059490435192577,0.1055767062651471,0.9962024092674255
3123,515,deeplift,0.06876203337231197,0.07073058308781804,0.9996391534805298
3124,1951,deeplift,0.6429158885222979,0.022693901107861444,0.9923940896987915
3125,3869,deeplift,0.5002466111547417,0.11023741685267952,0.9987646341323853
3126,2263,deeplift,0.6186409819702297,0.05881317953268687,0.9832453727722168
3127,4006,deeplift,0.40657504888561863,0.27119184473607066,0.9329985976219177
3128,4522,deeplift,0.5521608222689893,0.029343201261427667,0.997199535369873
3129,2137,deeplift,0.03714777845324892,0.006442293976292465,0.9994431138038635
3130,3673,deeplift,0.7424541279357278,0.03501725122156852,0.9948624968528748
3131,1707,deeplift,-0.03523748681514657,0.022092363198420832,0.284817099571228
3132,314,deeplift,0.01421003227364527,0.03559720352904437,0.9995383024215698
3133,1924,deeplift,0.8054574862175353,0.4125165421929624,0.9326366782188416
3134,2247,deeplift,0.41799413022540866,0.08231845815386069,0.9990529417991638
3135,3901,deeplift,0.5767822719157435,0.02059590314016786,0.9985560774803162
3136,1847,deeplift,0.026512234499960236,0.012337438987963127,0.9994674324989319
3137,1725,deeplift,0.022164324919382732,0.015200034165993715,0.9996540546417236
3138,3547,deeplift,-0.20858760878083207,-0.01765044185242826,0.012798065319657326
3139,4558,deeplift,0.19948949664831161,0.08564489969155854,0.9991627931594849
3140,3403,deeplift,0.5453758796954409,0.07127733766398531,0.9956961870193481
3141,3007,deeplift,0.9105187833642545,0.1400463550605557,0.9694604873657227
3142,2961,deeplift,0.7303657016600482,0.1053422309923917,0.9989249110221863
3143,3591,deeplift,0.4470658397605054,0.11623249586794854,0.999377965927124
3144,571,deeplift,0.7375993896916043,0.02358557740226388,0.9991270899772644
3145,4041,deeplift,0.6788693035228385,0.045925958454608916,0.9928140044212341
3146,2629,deeplift,0.3943791199652922,0.062130436301231384,0.9984891414642334
3147,3121,deeplift,0.5889227791650972,0.05317218804901296,0.9988301396369934
3148,2701,deeplift,0.1970461329748464,-0.01015126462592635,0.8653034567832947
3149,3101,deeplift,0.8195392212278589,0.09601439908146858,0.9965533018112183
3150,1863,deeplift,0.02243628922630759,0.0072395854136523075,0.9994211196899414
3151,2908,deeplift,0.07141213361607042,0.053763536303195844,0.9996621608734131
3152,4456,deeplift,0.7343021827665243,0.021267361430959267,0.9987928867340088
3153,3230,deeplift,0.47353523486974436,0.11209562521141309,0.9988297820091248
3154,2399,deeplift,0.7826870196241591,0.15460667646287843,0.9985949397087097
3155,3447,deeplift,0.02972329407930374,0.008300183713436127,0.9996182918548584
3156,1522,deeplift,0.3607595627563018,0.058219785152962715,0.9993118047714233
3157,3295,deeplift,0.45671305377763927,0.04221973472740501,0.988055944442749
3158,495,deeplift,0.10620295002713408,0.0015671504171271074,0.9905909895896912
3159,317,deeplift,0.5026293075028455,0.06685219402864294,0.9993842840194702
3160,4319,deeplift,0.03959079186121623,0.00979159673055013,0.9995343685150146
3161,2583,deeplift,0.7853344195703459,0.21963305870691935,0.9699583053588867
3162,4536,deeplift,0.5956011770176701,0.16912921136503833,0.9908421039581299
3163,551,deeplift,0.29317130780090456,0.04025807717572088,0.9982461929321289
3164,950,deeplift,0.3917980863520041,0.08355360373790408,0.999201238155365
3165,2681,deeplift,0.04104753281619098,0.15849380209771413,0.9983810186386108
3166,1720,deeplift,0.0387986343015324,0.04244281334633177,0.9995889067649841
3167,3845,deeplift,0.03962573111057281,0.019808194041252135,0.9996449947357178
3168,1653,deeplift,0.5548531690845266,0.111205690423958,0.998863697052002
3169,1475,deeplift,0.6713843825153816,0.024529113219334528,0.9978700876235962
3170,826,deeplift,0.277456654155893,0.03114790937730244,0.9985975623130798
3171,2235,deeplift,0.547288794715244,0.03500060851757343,0.99935382604599
3172,1061,deeplift,0.32297786813229323,0.09333435653010383,0.9881864190101624
3173,2353,deeplift,0.03905091332454307,0.005243893931893741,0.9995245933532715
3174,2771,deeplift,0.04713061295057598,0.052204012870788574,0.9996633529663086
3175,3467,deeplift,0.3026734968471165,0.24289142491446958,0.9501699805259705
3176,1672,deeplift,0.036500126928896516,0.12627174106750613,0.9996485710144043
3177,4093,deeplift,0.9504459190337609,0.05484848361876276,0.9898171424865723
3178,2772,deeplift,0.5132611002863996,0.04156880903368195,0.9981696605682373
3179,1352,deeplift,0.0760433359278573,0.006119911869366963,0.9992867112159729
3180,1168,deeplift,0.025878166068683973,0.006332877549258146,0.9996587038040161
3181,1928,deeplift,0.662257893388677,0.09962237121330367,0.9927173852920532
3182,2714,deeplift,0.5674310963228345,-0.02946814775466919,0.7320428490638733
3183,3211,deeplift,0.5558285390914872,0.09248821073493292,0.9987195730209351
3184,4227,deeplift,0.4772131689415689,0.03010787664536844,0.9991139769554138
3185,2379,deeplift,0.16891756653785706,0.006134404242038727,0.9993844032287598
3186,3649,deeplift,0.7369080614088388,0.1266480842243052,0.9989896416664124
3187,3624,deeplift,0.04790981513697926,0.015225826240167386,0.9996579885482788
3188,3790,deeplift,0.14306310897177837,0.03821025630261036,0.9919941425323486
3189,1898,deeplift,0.051495258297239034,0.013683905204137167,0.9995865225791931
3190,1664,deeplift,0.622404539884117,0.10483437144246541,0.9984980821609497
3191,3412,deeplift,0.0397345020964339,0.019049858724748767,0.9996570348739624
3192,4179,deeplift,0.1931615631096065,0.1360886278251807,0.9532638192176819
3193,32,deeplift,0.5297723726118699,0.14433474437548563,0.9760161638259888
3194,1218,deeplift,0.05731537747890391,0.010273962578874953,0.9996414184570312
3195,2565,deeplift,0.03152194413645514,0.0033011713932300435,0.9995566010475159
3196,2385,deeplift,0.05494005680084228,0.007265636920928955,0.9991104006767273
3197,2592,deeplift,0.41836946729038443,0.14121084741449783,0.998818576335907
3198,3443,deeplift,0.034197953840096794,0.00980856642127037,0.9995662569999695
3199,3365,deeplift,0.036605262442639,0.007107638999035484,0.9996423721313477
3200,338,deeplift,0.49033290876908914,0.12707985133716934,0.9852792024612427
3201,1346,deeplift,0.47957262003587353,0.13864233303401205,0.9897589683532715
3202,4523,deeplift,0.4167681232922607,0.10532351565995703,0.9981122016906738
3203,4054,deeplift,0.5369480497616712,-0.06126754344353136,0.8148842453956604
3204,1577,deeplift,0.17830588256425045,0.11675777995681509,0.9991635084152222
3205,1123,deeplift,0.5404799019225446,0.17799922878052607,0.9992470741271973
3206,3777,deeplift,0.7627800875662586,0.42249116327448355,0.7993559837341309
3207,752,deeplift,0.020909918391186257,0.01566255870072738,0.999661922454834
3208,681,deeplift,0.3624857074835084,0.020381294021552258,0.9991687536239624
3209,4433,deeplift,0.5085551260406072,0.10778766399935673,0.9993265867233276
3210,1904,deeplift,0.22160342498906316,-0.06512302862337002,0.28973811864852905
3211,2342,deeplift,0.4591331542374528,0.03805077075958252,0.9989364743232727
3212,2364,deeplift,0.025460590015758167,0.0073414499109441585,0.9996687173843384
3213,778,deeplift,0.11362101911836979,-0.07873077671659195,0.6467320919036865
3214,3001,deeplift,0.4731690278276801,0.1754923881557757,0.9987093210220337
3215,3200,deeplift,0.3911473356481445,0.24146588737953847,0.9993091821670532
3216,3921,deeplift,0.42428808081192226,0.07330950593821844,0.9991611242294312
3217,3545,deeplift,0.6050498394247638,0.04847660222474266,0.9883450269699097
3218,542,deeplift,0.022088651997702463,0.014464216572897775,0.9996370077133179
3219,2272,deeplift,0.7832428575959056,0.02070136765638987,0.9989991784095764
3220,391,deeplift,0.612890666938926,0.15070752817892322,0.9576553702354431
3221,1979,deeplift,0.4612012898363173,0.04557663827203214,0.9399215579032898
3222,1150,deeplift,0.8092999207119647,0.05089841378867277,0.9439349174499512
3223,149,deeplift,0.03824366160801479,0.007784419400351388,0.9994687438011169
3224,2570,deeplift,0.5471467072095134,0.07627180445802208,0.998884379863739
3225,927,deeplift,0.5949630560852321,0.129622911435685,0.9926952123641968
3226,4017,deeplift,0.03182537266702363,0.007579037637421579,0.9994820952415466
3227,1398,deeplift,0.6273421440730054,0.07636238824503094,0.9988958835601807
3228,3635,deeplift,0.5017646289364036,0.06440516321786813,0.9990284442901611
3229,505,deeplift,0.08256700538819836,0.016872040687068816,0.9994749426841736
3230,3423,deeplift,0.7590887585377996,0.19438843295360222,0.9053910970687866
3231,3247,deeplift,0.047489725053310394,0.01190858706831932,0.9992719292640686
3232,1895,deeplift,0.7324319308520191,0.08495239773765206,0.9993858337402344
3233,2286,deeplift,0.5398892704322602,0.027036646753549574,0.9985120892524719
3234,4232,deeplift,0.26295684422883725,0.05424211153553592,0.9964010715484619
3235,2595,deeplift,0.03487704445918401,0.04355088993906975,0.9982085227966309
3236,1770,deeplift,0.04350575563069936,0.036156481182253036,0.9996064305305481
3237,1267,deeplift,0.28668442741036415,0.07051706009290436,0.995884120464325
3238,3124,deeplift,0.5518848640406786,-0.0033200836994431234,0.8890299797058105
3239,2125,deeplift,0.5526140141318181,0.04631294623859936,0.9991903901100159
3240,1659,deeplift,0.4871376873448753,0.007334155821081367,0.9334602952003479
3241,2909,deeplift,0.36034107172454244,0.1861623389646411,0.9979445338249207
3242,1765,deeplift,0.5628436815459281,0.03469108537926028,0.993634819984436
3243,1560,deeplift,0.4201832770617033,0.4106217977384162,0.9978329539299011
3244,2967,deeplift,0.02752468486626943,0.0059060702721277876,0.9993798732757568
3245,1416,deeplift,0.6040044586133102,0.10178842729724505,0.9993982315063477
3246,1630,deeplift,0.3544041302753612,0.029058418103626797,0.9948638081550598
3247,449,deeplift,0.44457437446730774,0.04375710329690645,0.9993274211883545
3248,152,deeplift,0.7110266697325058,0.03975070942245986,0.8814172148704529
3249,211,deeplift,0.4079836755990982,0.07877982265892483,0.9989579916000366
3250,2032,deeplift,0.5153185221133754,0.059372199566236565,0.9964901804924011
3251,902,deeplift,0.4456004534298793,0.10155308595261513,0.9991514682769775
3252,3436,deeplift,0.63029955783898,0.07694404978138297,0.9870097637176514
3253,3198,deeplift,0.44056726805865765,0.21421659016574268,0.998917818069458
3254,57,deeplift,0.24464584390322366,0.0620250847363749,0.9542140960693359
3255,3164,deeplift,0.02866642147886987,0.005915925783269545,0.999634861946106
3256,4303,deeplift,0.055159241630153316,-0.047595525279324105,0.6684200763702393
3257,1927,deeplift,0.533464263935457,0.02590740823911296,0.9988740086555481
3258,3206,deeplift,0.16078915245629646,0.009467582444886904,0.999640703201294
3259,3388,deeplift,0.5701054766118019,0.32445647834207525,0.9989737272262573
3260,816,deeplift,0.0734030765791734,0.04204753980350991,0.9995569586753845
3261,3284,deeplift,0.0420185249102743,0.019955812316191823,0.9995666146278381
3262,2765,deeplift,0.729731620540126,0.10657646005543378,0.8446167707443237
3263,3970,deeplift,0.046180630985059236,0.006441568073473479,0.999560534954071
3264,885,deeplift,0.43194558518854054,0.09852103833955797,0.9988434314727783
3265,249,deeplift,0.6789297347873329,0.13727401527425936,0.9972788691520691
3266,2203,deeplift,0.5805511716555091,0.041655392247311615,0.9963403940200806
3267,3115,deeplift,0.051010249591455226,0.007329529378472305,0.9996254444122314
3268,2341,deeplift,0.03463844920313636,0.006296763586443524,0.9996615648269653
3269,4132,deeplift,0.5071921345760237,0.18059434622245016,0.9863123297691345
3270,1781,deeplift,0.02039220556616783,0.006136815994977951,0.9994680285453796
3271,4488,deeplift,0.03504573650982069,0.020414158054020092,0.999626874923706
3272,44,deeplift,0.3368170147296041,0.07780357010853596,0.9990755319595337
3273,2390,deeplift,0.3106010055053048,0.07878108819325765,0.9993762373924255
3274,286,deeplift,0.39328179379332473,0.06394710273227909,0.9976373910903931
3275,1094,deeplift,0.40256110926703464,0.34353989763361104,0.8478512167930603
3276,1962,deeplift,0.5923877492155846,0.04003108511952793,0.9990949630737305
3277,4530,deeplift,0.6441987220811226,0.02152704374819267,0.9983419179916382
3278,202,deeplift,0.05905621170997619,0.007135536670684815,0.999395489692688
3279,237,deeplift,0.0679977043815281,0.006076882714810578,0.9996422529220581
3280,2519,deeplift,0.5540573713483243,0.1952185484626126,0.9991971850395203
3281,3870,deeplift,0.587098219450198,0.04046139457062179,0.9918448328971863
3282,1108,deeplift,-0.48131602519545896,-0.08189378868852752,0.0017256962601095438
3283,2449,deeplift,0.5128071772333522,0.15427994706174908,0.9986068606376648
3284,2525,deeplift,0.34671699187743504,0.1424726890651761,0.999263346195221
3285,357,deeplift,0.5635108015419025,0.0914488434791565,0.995868444442749
3286,736,deeplift,0.04352208773295085,0.03558440307776133,0.9995502829551697
3287,3918,deeplift,0.059093645215034483,0.0074474111199378966,0.9995150566101074
3288,3848,deeplift,0.07155146469941011,0.010659074461137926,0.9994513392448425
3289,1953,deeplift,0.442199062023844,-0.004788447171449661,0.9291532039642334
3290,1131,deeplift,0.8477696254978784,0.3698492654495769,0.9742646813392639
3291,261,deeplift,0.011499689684973823,0.0031944391904053866,0.9996565580368042
3292,3113,deeplift,0.4837900960072875,0.11817932099103928,0.9979788661003113
3293,379,deeplift,0.4342226275711003,0.02950353111992491,0.9993801116943359
3294,4263,deeplift,0.2806238606572151,0.09756851597474171,0.9990772008895874
3295,1521,deeplift,0.5738387964320956,0.05469106479237477,0.9993463158607483
3296,1006,deeplift,0.08086738678125235,0.015431410227066431,0.9995046854019165
3297,2099,deeplift,0.49175579191707985,0.02043823334502011,0.996834933757782
3298,4293,deeplift,0.050302222796848844,0.02217240333557129,0.9996528625488281
3299,436,deeplift,0.07508098276761863,0.004974759542025053,0.9996432065963745
3300,368,deeplift,0.3727944961438576,0.1301867916661043,0.9954442977905273
3301,3335,deeplift,0.254863012698479,0.11186954943332239,0.9978650212287903
3302,3450,deeplift,0.42601491458887275,0.025768798104552335,0.9942594766616821
3303,939,deeplift,0.36349048687574953,0.05272473716739934,0.999417781829834
3304,3596,deeplift,0.3312152327494101,0.06742504496682197,0.9962910413742065
3305,4027,deeplift,0.035514758278926216,0.006590988487005234,0.9996507167816162
3306,4056,deeplift,0.03933782535686828,0.012141391896364982,0.9996144771575928
3307,3946,deeplift,0.5247857953848628,0.0164536767100033,0.9989486336708069
3308,1429,deeplift,0.17612712020770863,-0.07411223955643483,0.9057272672653198
3309,3847,deeplift,0.6477222232583989,0.06867617495516513,0.9982719421386719
3310,1195,deeplift,0.5099301148927019,0.27469179454830384,0.8628044128417969
3311,1003,deeplift,0.7487586382220486,-0.006302325138405188,0.9442935585975647
3312,1465,deeplift,0.22473575087885062,0.16781165664174802,0.9991002082824707
3313,2308,deeplift,0.8978393689924201,0.11451597113993431,0.9993336796760559
3314,250,deeplift,0.8053140010469684,-0.000775679780377282,0.9314371943473816
3315,1579,deeplift,0.3778119443506911,0.05927485100379804,0.9951466917991638
3316,3954,deeplift,0.04484774761421736,0.010571665542070256,0.9996585845947266
3317,1105,deeplift,0.2572228528714428,0.08546509991089503,0.9887095093727112
3318,3569,deeplift,0.7445034204960197,0.20702935463270625,0.984534502029419
3319,3943,deeplift,0.2803969107186183,0.07509825283136123,0.9588570594787598
3320,1610,deeplift,0.29489592381003427,0.04434984359072476,0.9991377592086792
3321,3003,deeplift,0.02816570704838015,0.11069889262951207,0.9996428489685059
3322,2100,deeplift,0.3947441195222465,0.16833143749020316,0.9992386102676392
3323,403,deeplift,0.451091682438015,0.25378106511462567,0.9877170920372009
3324,2746,deeplift,0.4241169010005567,0.10820201330858728,0.9425838589668274
3325,4535,deeplift,0.19122253738819284,0.22575864573306542,0.9988791346549988
3326,1022,deeplift,0.02311532385647297,0.010280996561050415,0.9993900060653687
3327,1764,deeplift,0.5141655593179166,0.1363550544827174,0.9988139867782593
3328,2231,deeplift,0.0388024915009737,0.037264103069901466,0.9986382126808167
3329,3830,deeplift,0.38484023632481695,0.04877329780720174,0.9993945360183716
3330,3357,deeplift,0.03918308601146791,0.005976047457718268,0.9995301961898804
3331,1154,deeplift,0.3349260755127207,0.03450776317289898,0.9990899562835693
3332,4461,deeplift,0.08083046334130424,0.03619886235314972,0.9996380805969238
3333,4356,deeplift,0.5246218367315391,0.06068708944846602,0.9852369427680969
3334,1788,deeplift,0.47645537863421367,-0.0715411055300917,0.8353526592254639
3335,813,deeplift,0.8747866310101623,0.05440248238543669,0.990988552570343
3336,344,deeplift,0.3395446863853269,0.04927564660708109,0.9980541467666626
3337,1353,deeplift,0.27295590601051634,0.04225537472445032,0.9471147060394287
3338,3951,deeplift,0.044927576366735965,0.005179506175372065,0.9996528625488281
3339,2427,deeplift,0.07490160351707822,0.03822625312022865,0.9986635446548462
3340,3287,deeplift,0.6036156263370585,0.08551441277894709,0.9768236875534058
3341,1226,deeplift,0.03491987106276721,0.07941597074599618,0.9993801116943359
3342,1678,deeplift,0.43534442242712545,0.027417866656413444,0.9987406134605408
3343,2941,deeplift,0.028752607543294024,0.006528543262946896,0.9994339346885681
3344,1740,deeplift,0.0399360642200563,0.007498393698436458,0.999609649181366
3345,168,deeplift,0.8359560094604438,0.08272138224406676,0.9939910769462585
3346,4577,deeplift,0.5118103932288316,0.04213208269055297,0.9986741542816162
3347,1363,deeplift,0.023178329070409138,0.0151430348555247,0.9993069171905518
3348,853,deeplift,0.43744758926331995,0.03565338760614395,0.9991099238395691
3349,387,deeplift,0.40657406445939603,0.11679576231878908,0.9993614554405212
3350,3356,deeplift,0.5841532916362796,0.1380846095936639,0.9985538125038147
3351,3746,deeplift,0.7547439390821664,0.05927253700087242,0.9982921481132507
3352,3411,deeplift,0.028566815914251864,0.018707356391808927,0.9996423721313477
3353,880,deeplift,0.6516556819939675,0.026425573431576293,0.996950089931488
3354,3464,deeplift,0.6377879322215753,0.020047941866020363,0.9989995360374451
3355,1034,deeplift,0.05463127824995253,0.011248393853505453,0.9996495246887207
3356,3564,deeplift,0.40922689871354534,0.07993006150830875,0.9990552067756653
3357,84,deeplift,0.376467491669411,0.06790444784035737,0.9993891716003418
3358,3903,deeplift,0.48279286672671634,0.05541133207993375,0.9993959665298462
3359,1772,deeplift,0.5865339187116155,0.032518349380956754,0.9169833660125732
3360,42,deeplift,0.3480803675272248,0.0557939044453881,0.9977256655693054
3361,4097,deeplift,0.48351188659991906,0.07373220376346422,0.9840864539146423
3362,2943,deeplift,0.7518103323124635,0.03640235043489016,0.9993330836296082
3363,4262,deeplift,0.5083150792932252,0.1371928175752301,0.9988723397254944
3364,3099,deeplift,-0.017146605045717158,-0.005811294498287041,0.0013185561401769519
3365,3982,deeplift,0.8575437201738909,0.11801786603762504,0.9891585111618042
3366,3797,deeplift,0.4642584712290373,0.532664697321483,0.6892267465591431
3367,1730,deeplift,0.42518559949398466,0.2745279989215884,0.9928592443466187
3368,2616,deeplift,0.04460014167584871,0.06408510891426551,0.9981910586357117
3369,476,deeplift,0.3931242446445364,0.25095692554234783,0.9993278980255127
3370,1489,deeplift,0.38678393668749117,0.07293097607114098,0.9983879327774048
3371,2295,deeplift,0.6393822943337444,0.04364894303243335,0.9973560571670532
3372,468,deeplift,0.6776365250407252,0.16567999497541072,0.9978876709938049
3373,3608,deeplift,0.13796725462783466,-0.009766070172190666,0.7348155379295349
3374,4098,deeplift,0.3450047854424977,0.044831305742263794,0.9970888495445251
3375,1874,deeplift,0.4492747616909799,0.045571536535308474,0.9993833303451538
3376,290,deeplift,0.2353412839499387,0.06785885745828801,0.998149037361145
3377,383,deeplift,0.03538254132637611,0.013238456386786241,0.9996250867843628
3378,3175,deeplift,0.547159692295827,0.09804204138345085,0.999037504196167
3379,4501,deeplift,0.07022952940315008,0.007145546697850885,0.15053939819335938
3380,3622,deeplift,0.2591748739055003,0.2395901953624118,0.402948260307312
3381,2034,deeplift,0.03868932768983661,0.08662504189700451,0.9970018267631531
3382,363,deeplift,0.5716913287019865,0.3065270341890441,0.9820668697357178
3383,3374,deeplift,0.6682279716136262,0.09312239099366992,0.9983819723129272
3384,1640,deeplift,0.5102192455859378,0.04588893766320029,0.998847484588623
3385,1448,deeplift,0.6040911806154657,0.021444833865671448,0.9979586601257324
3386,957,deeplift,0.6606453196890653,0.11173842914402485,0.9979537725448608
3387,4028,deeplift,0.5611586824399293,0.13440151361597552,0.9971436858177185
3388,3583,deeplift,0.45632972144583045,0.024167032814339587,0.9983096122741699
3389,3657,deeplift,0.7183809187356383,0.06093191802501678,0.9975359439849854
3390,4436,deeplift,0.6758854706202531,0.08430628399882052,0.9979088306427002
3391,3203,deeplift,0.7781620945870167,0.17505808919668198,0.981618344783783
3392,3487,deeplift,0.5578409733987132,0.14313757099037946,0.9909029603004456
3393,4109,deeplift,0.7606254704670781,0.061067252819027217,0.8144953846931458
3394,197,deeplift,0.02252650139283161,0.005571457804465781,0.9995786547660828
3395,3854,deeplift,0.2345598839179036,0.06982280983633939,0.9994069337844849
3396,2128,deeplift,0.4381475039214517,0.022573804660212426,0.9993576407432556
3397,2884,deeplift,0.11291555972660289,0.06052646566839779,0.9996544122695923
3398,213,deeplift,0.471322806666092,0.0473417052809073,0.9946565628051758
3399,2214,deeplift,-0.009635903807655858,-0.001821276855283744,0.00034314801450818777
3400,3161,deeplift,0.038961429421494644,0.028312454863292414,0.9996615648269653
3401,907,deeplift,0.4948988995633508,0.05451739754746942,0.9993670582771301
3402,2498,deeplift,0.46085667837178335,0.07305198214016854,0.9993485808372498
3403,2197,deeplift,0.26607609225007206,0.03613005750454389,0.9991539716720581
3404,1493,deeplift,0.355964757502079,0.05872842559919638,0.9939420819282532
3405,176,deeplift,0.5547766412076142,0.04652961045503616,0.996566116809845
3406,3451,deeplift,0.03277252479033037,0.04465251483700492,0.9996602535247803
3407,2551,deeplift,0.49766886443207375,0.031829613127878735,0.9991881251335144
3408,1829,deeplift,0.03190054351633245,0.003880630839954723,0.9996594190597534
3409,4525,deeplift,0.4908244683815889,0.0817837915858444,0.9990888833999634
3410,47,deeplift,0.4036276360937193,0.15415474919456185,0.9993900060653687
3411,2650,deeplift,0.024635299614497595,0.005713217599051339,0.9996182918548584
3412,139,deeplift,0.24821666365658696,0.1513533638948998,0.9877253174781799
3413,2922,deeplift,0.6092709688609995,0.05351775734770027,0.9993960857391357
3414,3642,deeplift,0.4108856870152522,0.07531651784665883,0.99886155128479
3415,3719,deeplift,0.8340417034717069,0.12815135628398922,0.9993595480918884
3416,3053,deeplift,0.2993949765712023,0.210937936604023,0.9956526756286621
3417,1889,deeplift,0.5785673705303405,0.15280094801595337,0.9871044158935547
3418,1470,deeplift,0.01390496994319715,0.0062965844806871915,0.9996492862701416
3419,4096,deeplift,0.41737005012956535,0.06818172358202212,0.9635717272758484
3420,2293,deeplift,0.05510651338391188,0.008269821725240567,0.999536395072937
3421,251,deeplift,0.6088678626343608,0.17406854649307207,0.9791962504386902
3422,4358,deeplift,0.3166852682504965,0.018057089136994404,0.9963322281837463
3423,2791,deeplift,0.24946313770487905,0.1084123741214474,0.9991394281387329
3424,3028,deeplift,0.4116346144427856,0.06487235770457321,0.999372661113739
3425,215,deeplift,0.051841475393461144,0.009111802215161531,0.9996404647827148
3426,2298,deeplift,0.0519132599234581,0.05673085758371599,0.9995597004890442
3427,1533,deeplift,0.6462325203744694,-0.07384601652622223,0.8608108758926392
3428,2852,deeplift,0.5418130040905157,0.022795259952545166,0.9964511394500732
3429,933,deeplift,0.04861845856621152,0.005699831814992996,0.9996296167373657
3430,2679,deeplift,0.5028272293042392,0.16860872581601144,0.9928038716316223
3431,3072,deeplift,0.027174307240380183,0.005549104677306281,0.9995871186256409
3432,1681,deeplift,0.27237451353922804,0.04670957534356003,0.9922989010810852
3433,914,deeplift,0.37919821938680065,0.08928039195316453,0.9993832111358643
3434,2306,deeplift,0.054760335489760996,0.018138976984245832,0.9996342658996582
3435,3841,deeplift,0.09685691421404236,0.024139683497579473,0.9996579885482788
3436,3570,deeplift,0.20938863277886854,0.05051541600595087,0.9994775652885437
3437,2211,deeplift,0.8352896146331632,0.214143652130257,0.9144052863121033
3438,2857,deeplift,-0.0034244560564939794,-0.021695379700619154,0.08441520482301712
3439,1766,deeplift,0.4001338208347858,0.13878523029520043,0.9989136457443237
3440,498,deeplift,-0.10110920670652582,-0.10896103067563907,0.03272458165884018
3441,2230,deeplift,0.3697380010659496,0.03985617069217066,0.9991729855537415
3442,884,deeplift,0.765320954999576,0.16330564112424673,0.8953685760498047
3443,3275,deeplift,0.4357196433451392,0.052605552416221765,0.984022319316864
3444,1991,deeplift,0.02353044549624125,0.026731741428375245,0.9995319843292236
3445,3426,deeplift,0.39298760938820326,0.28037978878880193,0.43727901577949524
3446,566,deeplift,0.36090521791295427,0.025850135128240328,0.9991306662559509
3447,3457,deeplift,0.7098762469379127,0.02186777235733138,0.9992411136627197
3448,2792,deeplift,0.18769333785907788,0.05930907468904149,0.9982607960700989
3449,4095,deeplift,0.3827050905674696,0.048956393622435056,0.9991433620452881
3450,2257,deeplift,0.5532530455016776,0.049971839462063815,0.99796462059021
3451,4129,deeplift,0.01562076952541247,0.07468513952834266,0.2853385806083679
3452,1606,deeplift,0.29070889080564183,0.05233513861894608,0.9987717270851135
3453,439,deeplift,0.0515550391541587,0.050261499670644603,0.9994128942489624
3454,2737,deeplift,0.5619188427313929,0.07409967053681613,0.9952542781829834
3455,2008,deeplift,0.32789954525786774,0.05918493658997292,0.9962452054023743
3456,3731,deeplift,0.7030930239707232,0.03676169883945714,0.9105895757675171
3457,3519,deeplift,0.43176826707860255,0.02986704225235797,0.999151349067688
3458,2678,deeplift,0.05804570991060008,0.13014974995799686,0.9996376037597656
3459,4561,deeplift,0.36443028959135215,0.1653739052514235,0.999054491519928
3460,3617,deeplift,0.7640874635528874,0.23551718814210412,0.9285452961921692
3461,1998,deeplift,0.21456378503000562,0.12429524901689905,0.46868228912353516
3462,1121,deeplift,0.5592539220709692,0.08254150953408415,0.9907028675079346
3463,2601,deeplift,0.03435854071920568,0.006161720915274186,0.999442994594574
3464,1261,deeplift,0.03281246393154829,0.11928864856674455,0.9995797276496887
3465,2275,deeplift,-0.11826049264636822,-0.013835793972248212,0.3498845398426056
3466,2611,deeplift,0.017841997742652892,0.009090735018253327,0.9996684789657593
3467,844,deeplift,0.22965937768740038,0.14146342921641566,0.9836716055870056
3468,4265,deeplift,0.4055049537640551,0.1444973297741102,0.9942941069602966
3469,27,deeplift,0.27028123727616143,0.04290464629108707,0.9994039535522461
3470,229,deeplift,0.533990626449231,0.009550287462770939,0.970146656036377
3471,862,deeplift,0.03196216577833349,0.008814790032126686,0.9995015859603882
3472,3155,deeplift,0.03500802939136823,0.031562515844901405,0.999586284160614
3473,4039,deeplift,0.796241893619299,0.11301361627876759,0.9984656572341919
3474,183,deeplift,-0.05665976516121935,-0.29711837715215306,0.0993981808423996
3475,2360,deeplift,0.07383852043459492,0.0098199479041561,0.997113823890686
3476,2348,deeplift,0.5739790458570827,0.17660072767599064,0.9985082745552063
3477,238,deeplift,0.2770207479567916,0.05852897713581721,0.9985505938529968
3478,3180,deeplift,0.4772445560005066,0.14909770553837204,0.9993637204170227
3479,2581,deeplift,0.5856676594885357,-0.05777347606739828,0.9118098616600037
3480,1567,deeplift,0.17750284885271236,0.056928368321118444,0.9991853833198547
3481,2925,deeplift,0.04952714343865713,0.027712007984519005,0.9996145963668823
3482,523,deeplift,0.318545630893537,0.14933289012738638,0.9991225600242615
3483,1035,deeplift,0.5758956463353054,0.10140587865198786,0.9930290579795837
3484,2402,deeplift,0.04465300037014869,0.008852070377719018,0.9987123012542725
3485,2312,deeplift,0.6242840799192587,0.1749566155097758,0.9987609386444092
3486,1225,deeplift,0.5868852986622369,0.057713686153292656,0.9988546371459961
3487,2069,deeplift,0.026211833342527732,0.006404441136580247,0.9994785189628601
3488,423,deeplift,0.48705894163773433,0.05238888038975465,0.9992967844009399
3489,4427,deeplift,0.4957793308299427,0.03617636114358902,0.9952455163002014
3490,1174,deeplift,0.5628882996090574,0.04757294385898404,0.9901217818260193
3491,1490,deeplift,0.013925928058046284,0.011827158205436937,0.9996395111083984
3492,2020,deeplift,0.4779330828142437,0.020739893344315617,0.9984564781188965
3493,1837,deeplift,0.04909917098454765,-0.28451097481807724,0.33833006024360657
3494,3730,deeplift,0.5623664501486574,0.1334729408838207,0.9989099502563477
3495,1586,deeplift,0.017278221059352793,0.01195871449531393,0.9996424913406372
3496,3595,deeplift,0.3586790899157916,0.02693867879478555,0.9993891716003418
3497,2622,deeplift,0.5230636890174072,0.07154159429596692,0.9994051456451416
3498,2173,deeplift,0.03976528461162861,0.012233264935322298,0.9995648264884949
3499,2153,deeplift,0.05755289818378205,0.0402211366181678,0.9987844824790955
3500,1139,deeplift,0.6756011196855634,0.09751542701962448,0.9982008934020996
3501,4101,deeplift,0.782419055835427,0.11067593528756074,0.9991216063499451
3502,4005,deeplift,0.5474368151691225,0.12125070972575082,0.9704930186271667
3503,1530,deeplift,0.5032686364905137,0.02345357762604225,0.9993129968643188
3504,4259,deeplift,0.4984086531440954,0.107654074055923,0.9887791872024536
3505,2175,deeplift,0.044390511005482775,0.005603277936894843,0.9996013045310974
3506,1016,deeplift,0.3725307715996619,0.03363808653047008,0.9991195797920227
3507,1575,deeplift,0.3857330142282972,0.09555212274997257,0.9941682815551758
3508,1333,deeplift,0.8523697190367702,0.04673108492385258,0.9992026686668396
3509,1380,deeplift,0.7059428965254814,0.18152853516353804,0.9962151646614075
3510,1428,deeplift,0.6059585326447097,-0.007334645837545395,0.9597755074501038
3511,2027,deeplift,0.6184415131193908,0.07425499592836086,0.9940024018287659
3512,1039,deeplift,0.5894690303783864,0.11850177457556128,0.9993093013763428
3513,22,deeplift,0.516466501009174,0.14479728978733683,0.9989134073257446
3514,1276,deeplift,0.04895777441561222,0.009786395356059074,0.9990806579589844
3515,1367,deeplift,0.4346382682926433,0.1824671008385891,0.9825390577316284
3516,147,deeplift,0.15327117006693566,0.06487687091742243,0.9974302649497986
3517,3226,deeplift,0.3874072453903931,0.04479925458629926,0.999040424823761
3518,4586,deeplift,0.5419497613291887,0.11346600063505673,0.9990293979644775
3519,2301,deeplift,0.7437803071915662,0.0942098860139564,0.9640269875526428
3520,2466,deeplift,0.0708289300241778,0.011780792667019752,0.9996640682220459
3521,2876,deeplift,0.5674542221121299,0.06586264207577094,0.9597526788711548
3522,2213,deeplift,-0.026145256158997654,-0.0023722511092879963,0.000202023729798384
3523,2261,deeplift,0.5810357773398909,0.09507428466951331,0.9993762373924255
3524,1956,deeplift,0.024576282131337477,-0.03920856555817987,0.04006252810359001
3525,2369,deeplift,0.8369363674177526,0.11888609509518806,0.9902411699295044
3526,190,deeplift,0.39691022674216786,0.13679025536354553,0.9993892908096313
3527,1834,deeplift,0.6529995048848483,0.04735300265825712,0.9939466118812561
3528,2393,deeplift,0.7002013555910607,0.2101330797320568,0.9182735681533813
3529,282,deeplift,0.010759773953207609,0.012672136569845265,0.9995655417442322
3530,1916,deeplift,0.4243884365205304,0.07334210257977247,0.998993456363678
3531,4527,deeplift,0.4306072655405539,0.04611902400141671,0.9987443685531616
3532,1324,deeplift,0.6198739334702109,0.09606227007670662,0.9988691210746765
3533,3576,deeplift,0.17455937240172076,0.03201500668719008,0.9993870258331299
3534,4029,deeplift,0.5111056211584758,0.07029082013234016,0.9975489974021912
3535,1683,deeplift,0.7514712505609445,0.21469743781642098,0.9990891218185425
3536,4353,deeplift,-0.05937399206365027,-0.25153072819286937,0.5951279997825623
3537,273,deeplift,-0.2738646673589793,-0.018135996491467694,0.004147555213421583
3538,1970,deeplift,0.2057494605976072,0.08696382812816988,0.9986754059791565
3539,903,deeplift,0.6061394672495746,-0.0016903190740517207,0.9416317343711853
3540,3599,deeplift,0.4106092640843529,0.05398176054541881,0.9990440011024475
3541,2499,deeplift,0.6866887765802676,0.2636199174821377,0.7935299277305603
3542,3514,deeplift,0.4649760308270545,0.18723590338967092,0.9993149042129517
3543,2991,deeplift,0.5691072715009412,0.06638053569354509,0.9989377856254578
3544,3705,deeplift,0.5973439594963565,0.03976697754114866,0.9988238215446472
3545,2014,deeplift,0.017878966128572503,0.004667520523071289,0.9996583461761475
3546,257,deeplift,0.4369876526848034,0.2718809172511101,0.9950889945030212
3547,3721,deeplift,0.029643504346003297,0.0025186040362373727,0.9996111989021301
3548,2368,deeplift,0.031298059887356226,0.0122097028626336,0.999622106552124
3549,3689,deeplift,0.027911009940695255,0.011767306226365109,0.9996510744094849
3550,2574,deeplift,0.02630974126584602,0.012983666224913164,0.9995563626289368
3551,4260,deeplift,0.42669752811674366,0.07157355999912728,0.922892689704895
3552,517,deeplift,0.40412876670997055,-0.013344787782238375,0.9671018719673157
3553,3170,deeplift,-0.017985003426155024,-0.046970972174627555,0.012250982224941254
3554,3201,deeplift,0.38229959005955605,0.0363720577955246,0.997749388217926
3555,3194,deeplift,0.22186986506795106,-0.020826965894388115,0.8306804895401001
3556,3897,deeplift,0.4126377403968945,0.05225942935794592,0.9989411234855652
3557,858,deeplift,0.772193462937139,0.0650616458588047,0.9929360747337341
3558,19,deeplift,0.20463712356501707,0.13127174352606139,0.632340669631958
3559,699,deeplift,0.026803422857213904,0.01675203111436632,0.9980823993682861
3560,575,deeplift,0.02575128028790156,0.04656269277135531,0.9996497631072998
3561,1646,deeplift,0.043965017511731104,0.009065954458145868,0.9989633560180664
3562,3623,deeplift,0.29516285384164714,0.04095525094648687,0.9993762373924255
3563,599,deeplift,0.6786723482349771,0.18432804017938906,0.9796587228775024
3564,2894,deeplift,0.04797381560007731,0.026795503165986802,0.9996252059936523
3565,305,deeplift,0.6100318382125137,0.13216897630888336,0.9989272952079773
3566,3433,deeplift,0.0509475773235537,0.03107819804605448,0.9994997978210449
3567,3826,deeplift,0.49623883449369005,0.26762625955873065,0.8962622880935669
3568,1350,deeplift,0.4449965289026937,0.08689925601699061,0.9993466734886169
3569,2129,deeplift,0.7327255813658915,0.04547260413793,0.999143123626709
3570,1422,deeplift,0.5197935396756389,0.021900515415166553,0.9969171285629272
3571,3819,deeplift,0.5665882125454531,0.03997409326786345,0.9985499978065491
3572,1527,deeplift,0.021770960092544554,0.009154754877090453,0.9996610879898071
3573,1087,deeplift,0.019388655369932003,0.011005331169475208,0.9996534585952759
3574,1484,deeplift,0.46797739239636715,0.051572012828617564,0.9934612512588501
3575,3513,deeplift,0.37538974454710117,0.17843761308613465,0.9972319006919861
3576,3361,deeplift,0.06404441595077515,0.04596969617737664,0.9984989166259766
3577,1323,deeplift,0.7904125425314609,0.1195625200867653,0.8490097522735596
3578,1553,deeplift,0.6553067689986035,0.061909107580071406,0.9981650710105896
3579,3687,deeplift,0.021481606577123915,0.00666818448475429,0.999544084072113
3580,4368,deeplift,0.49860588073610296,0.060534433011085756,0.9993839263916016
3581,3165,deeplift,0.42369982249953825,0.0426119692299677,0.9991828799247742
3582,1309,deeplift,0.733370787802745,0.20595756990157746,0.9990371465682983
3583,2983,deeplift,0.639519272491527,0.09943070988624524,0.998909592628479
3584,3378,deeplift,0.42566439254140415,0.07572946183521438,0.9752357006072998
3585,345,deeplift,0.40317375495214947,0.37634259545365756,0.6180360913276672
3586,1086,deeplift,0.7158849228173494,0.045073569752275944,0.999163031578064
3587,923,deeplift,0.6042454593654838,0.0943382820735375,0.9990264177322388
3588,1571,deeplift,0.02101699449121952,0.00667995773255825,0.9995949864387512
3589,842,deeplift,0.5675596942345859,0.3157108628300342,0.94442218542099
3590,2165,deeplift,0.9266597740105891,0.05890198491341345,0.9938048124313354
3591,608,deeplift,0.22206758723958678,0.16435422329516808,0.9991636276245117
3592,285,deeplift,0.37181617283600976,0.19570340012962167,0.9989277720451355
3593,2009,deeplift,0.43949703738855367,0.06651691368775077,0.9982799291610718
3594,807,deeplift,0.12591012619262518,0.19992178002220773,0.9985068440437317
3595,4511,deeplift,0.4045814595883712,0.04328016936779022,0.9992815852165222
3596,2495,deeplift,0.3999892047505972,0.0757268213794804,0.9993853569030762
3597,405,deeplift,0.41275083366781473,0.059106859150437674,0.9992332458496094
3598,218,deeplift,0.47901585845336797,0.14605873318449145,0.9968808889389038
3599,1976,deeplift,0.5825040409075363,0.19301884451082774,0.9981683492660522
3600,4040,deeplift,0.4955256394618614,-0.06944724104621193,0.841234028339386
3601,2461,deeplift,0.46290242638100276,0.0349203177699537,0.999382734298706
3602,2095,deeplift,0.6300616740020659,0.059370408783543785,0.9986758828163147
3603,327,deeplift,0.4627708924546217,0.2927026393512885,0.5409786105155945
3604,2957,deeplift,0.5893467097415912,0.046314595361887395,0.9883548021316528
3605,1778,deeplift,0.5819060991998413,0.2053152963053435,0.9987016916275024
3606,688,deeplift,0.7306157579415669,0.039065731259492725,0.9988686442375183
3607,393,deeplift,0.4576456006616354,0.20263281284431472,0.763340413570404
3608,3495,deeplift,0.4567869770920502,0.0165987473051503,0.9989851117134094
3609,2741,deeplift,0.3803051440589353,0.1502793741857876,0.9993811845779419
3610,3105,deeplift,0.6657084738873654,0.48660284260530834,0.8594332337379456
3611,3579,deeplift,0.48274421385888544,0.14771478451356027,0.9866344928741455
3612,4460,deeplift,0.3953073112135555,0.059874782853938165,0.9910475611686707
3613,1491,deeplift,0.045233847279297676,0.025028304049843235,0.9995924830436707
3614,882,deeplift,0.5149974502467861,0.05594721146755748,0.9961193799972534
3615,2085,deeplift,0.7569222300495582,0.10280630965199736,0.9988679885864258
3616,1769,deeplift,0.7714050930212685,0.06760226584277874,0.9970420002937317
3617,3177,deeplift,0.5055503666201341,0.010380130580493382,0.9704149961471558
3618,3766,deeplift,0.362133833191668,0.12405639230937829,0.9971404075622559
3619,2049,deeplift,0.08686809404753149,0.2246099489275366,0.9991164803504944
3620,794,deeplift,0.07874594222415578,0.08806592934177554,0.9996032118797302
3621,1617,deeplift,0.5481613755691797,0.10043013476792516,0.998904824256897
3622,21,deeplift,0.3205868339476486,0.09447167113561321,0.9993841648101807
3623,2626,deeplift,0.018831182850731744,0.049238760040477954,0.9995206594467163
3624,2199,deeplift,-0.021564120147377252,0.019074633872757357,0.039611686021089554
3625,4578,deeplift,0.053276730344650594,0.09086119034745548,0.9995160102844238
3626,1535,deeplift,0.5209048141661132,0.16677487327653015,0.998128354549408
3627,1012,deeplift,0.6246778986642312,0.2827344147954136,0.8239738345146179
3628,3302,deeplift,0.5004660780535778,0.03882808983325958,0.9989655017852783
3629,3059,deeplift,0.2589529349158208,0.13955184196432432,0.9987943172454834
3630,1172,deeplift,0.0331711620092392,0.012604049660942772,0.9996435642242432
3631,3322,deeplift,0.3069255083897396,0.07259949781980954,0.9941058158874512
3632,3232,deeplift,0.6653113585515794,0.2129860860718922,0.9047036170959473
3633,3859,deeplift,0.030733703038631342,0.0121458799411089,0.9996185302734375
3634,1015,deeplift,0.47632995719999766,0.05147382625660231,0.9992378950119019
3635,1364,deeplift,0.11813049734084179,0.006388789933660756,0.9995948672294617
3636,2757,deeplift,0.017591346760053892,0.009510359248599491,0.9983596205711365
3637,182,deeplift,0.8812620336213834,0.051540716021668674,0.9991540908813477
3638,1107,deeplift,0.08951529760465578,0.0731782532400555,0.9995881915092468
3639,188,deeplift,0.35048552182103904,0.1813694237598351,0.867632269859314
3640,2990,deeplift,0.27274957469974953,0.0586841608164832,0.9552038908004761
3641,2951,deeplift,0.5318510917616853,0.204684705635979,0.9824032783508301
3642,3539,deeplift,0.038954768425379045,0.015082130065331092,0.9996664524078369
3643,3473,deeplift,0.5161576703879595,0.15080772420333233,0.9990646243095398
3644,1655,deeplift,0.45188835006126243,0.05402753809871881,0.9905045628547668
3645,3422,deeplift,0.6230010485096895,0.026300871987705646,0.9972403049468994
3646,4077,deeplift,0.2607415395720703,0.10881165887524442,0.9940881729125977
3647,3015,deeplift,0.041845654287645896,0.011784972683075936,0.998708963394165
3648,2713,deeplift,0.10883646401075217,0.010215705403914819,0.9995044469833374
3649,3397,deeplift,0.6705643621501216,0.03361613430241321,0.9989211559295654
3650,1266,deeplift,0.4962569731509402,0.04187367599280108,0.9979817867279053
3651,1623,deeplift,0.21244457075730538,0.06331355583209258,0.9991612434387207
3652,3358,deeplift,0.3954199688797373,0.022289138287305832,0.9993563294410706
3653,373,deeplift,0.08681706711649895,0.03337038215249777,0.9982847571372986
3654,2026,deeplift,0.278361246900426,0.0904642581111855,0.9989233613014221
3655,1524,deeplift,0.47969979513436556,0.06314259079786447,0.999204695224762
3656,422,deeplift,0.4018396227416122,0.036388171393246876,0.9925078749656677
3657,3169,deeplift,0.017092855537638944,0.006149083375930786,0.9977535605430603
3658,3650,deeplift,0.07568044499917463,0.015304050662300804,0.9994427561759949
3659,3800,deeplift,0.41357464459477034,0.21428497848992653,0.9711559414863586
3660,1120,deeplift,0.4945427021187431,0.018485617103441706,0.9991294741630554
3661,2249,deeplift,0.4063028438926436,0.022803626867920854,0.9993816614151001
3662,4043,deeplift,0.028031229972839355,0.007982629676197851,0.9996614456176758
3663,616,deeplift,0.359669122764648,0.034174636006355286,0.9961885809898376
3664,2691,deeplift,0.5904427265647698,0.05445277237811604,0.9967065453529358
3665,2043,deeplift,0.32622342789545655,0.13615000160098134,0.9938713312149048
3666,3188,deeplift,0.6091301080828998,0.054379830434918404,0.9944091439247131
3667,2835,deeplift,0.47979498035308027,0.021024246556827657,0.9991340041160583
3668,4211,deeplift,0.03546162048975627,0.062156233191490176,0.9993029832839966
3669,917,deeplift,0.5671468442887999,0.10688601795118302,0.9877347350120544
3670,4100,deeplift,0.3453448878394233,0.029286937746736737,0.9991710186004639
3671,1162,deeplift,0.3495579968524597,0.16529850416430614,0.99937504529953
3672,3716,deeplift,0.3418790331586849,0.03561127532360166,0.9991697072982788
3673,1248,deeplift,0.01972553352030312,0.10768242342761014,0.9996421337127686
3674,828,deeplift,0.050498640283625176,0.007522435898476458,0.999652624130249
3675,2243,deeplift,-0.05553135432062611,0.013661496153461837,0.02451511286199093
3676,2902,deeplift,0.288879449496854,0.037001718889992194,0.9986756443977356
3677,337,deeplift,0.5237250484239596,0.26331266359641003,0.9972852468490601
3678,2351,deeplift,0.33233687745407225,0.03883970346301794,0.9993780851364136
3679,1959,deeplift,0.4931089276651619,0.04575824420899153,0.995726466178894
3680,3431,deeplift,-0.4686917617509607,-0.1391691435330813,0.10540931671857834
3681,4374,deeplift,0.3825169962127598,0.07557294198444911,0.9985717535018921
3682,1102,deeplift,0.052318954106533165,0.012809258518796978,0.9996216297149658
3683,1246,deeplift,0.024273262734998736,0.04722631866471809,0.9996531009674072
3684,1176,deeplift,0.27490009600296617,0.17952678295421517,0.9989305138587952
3685,4579,deeplift,0.028748022185431585,0.009253309832678901,0.9996460676193237
3686,3195,deeplift,-0.031145210597006714,0.323637560753816,0.5380821824073792
3687,2790,deeplift,0.4559527137875557,0.016783665418624878,0.997856080532074
3688,3877,deeplift,0.4560120088669161,0.15079656246650433,0.9847211241722107
3689,93,deeplift,0.4235013386364593,0.06906059821851032,0.9966663718223572
3690,2795,deeplift,0.848077023477369,0.08922218088362668,0.9456225037574768
3691,2317,deeplift,0.5261460154486651,0.04601416940038854,0.9903320670127869
3692,385,deeplift,0.2998045025754492,0.03996652531988767,0.9993897676467896
3693,913,deeplift,0.3516317271260601,0.029070626944303513,0.9993676543235779
3694,693,deeplift,0.4402607597272705,0.03684187183777491,0.9962208867073059
3695,3241,deeplift,0.4174155589193106,0.18242059247422732,0.9692100286483765
3696,2471,deeplift,0.5552031345028734,0.06748041684373415,0.9959734082221985
3697,311,deeplift,0.38061758313538896,0.08959282159735009,0.9990488886833191
3698,334,deeplift,0.2561129551328156,0.021428366808906057,0.9995749592781067
3699,861,deeplift,0.031997217072380915,0.035825376157407406,0.999603807926178
3700,1454,deeplift,0.3087991666462686,0.02762375358078215,0.9986516833305359
3701,2684,deeplift,0.752854406485501,0.016565707494627754,0.9983585476875305
3702,1224,deeplift,0.9231464259379033,0.34760895683880777,0.9987661838531494
3703,2585,deeplift,0.013295615205959397,0.051929253704693853,0.9996428489685059
3704,708,deeplift,0.2823252890501981,0.020540722929265186,0.9990423321723938
3705,3141,deeplift,0.013926555281100065,0.014171075561772222,0.9996360540390015
3706,38,deeplift,0.504392099194311,0.08692212705061121,0.9987980127334595
3707,2683,deeplift,0.6500432767556049,0.12582129072397946,0.9991934895515442
3708,935,deeplift,0.281282695190867,0.3138914832142087,0.9993172883987427
3709,3339,deeplift,0.021065356938735298,0.015682149192561275,0.9996575117111206
3710,1325,deeplift,0.6916777084461078,0.07982101689937503,0.9985232949256897
3711,2120,deeplift,0.1500318543346343,-0.09077555854238716,0.19119592010974884
3712,470,deeplift,0.29534547505673114,0.5064973654094147,0.990198016166687
3713,3393,deeplift,0.0330378397091015,0.00758186707625518,0.999430239200592
3714,1942,deeplift,0.025809320310751598,0.020913660526275635,0.9994478821754456
3715,3371,deeplift,0.37923880819430955,0.06940493442946011,0.9987943172454834
3716,1713,deeplift,0.4240912549835427,0.009191017213237026,0.6230827569961548
3717,160,deeplift,0.049053957516496834,0.0064707222309979525,0.9995412826538086
3718,1192,deeplift,0.02634664475917816,0.022156044840812683,0.9996260404586792
3719,2161,deeplift,0.027767018691913503,0.006446662786844614,0.9995623230934143
3720,3925,deeplift,0.4894017425029859,0.2174095098601013,0.9971501231193542
3721,3619,deeplift,0.28158055974968843,0.11124715741191592,0.9700282216072083
3722,4209,deeplift,0.7323553722907001,0.08896366606999297,0.9316954016685486
3723,3524,deeplift,0.30360861861592403,0.07042177021503448,0.9987012147903442
3724,353,deeplift,0.40975542313286234,0.03507283071474153,0.9980803728103638
3725,2548,deeplift,0.1801712622954732,0.23537140461814401,0.9991563558578491
3726,4202,deeplift,0.02816093308585031,0.03178518631362489,0.9917930960655212
3727,1014,deeplift,0.39297023161568423,0.1642221433195201,0.9905891418457031
3728,1200,deeplift,0.536185875655441,0.03782954418646364,0.9971856474876404
3729,4580,deeplift,0.02453696948510629,0.02644950537769883,0.9996461868286133
3730,3087,deeplift,0.5417754014654618,0.04159890926842179,0.9990992546081543
3731,1305,deeplift,0.6489138289645779,0.02341181943193078,0.998984158039093
3732,112,deeplift,0.026446055620908737,0.008968211710453033,0.9995773434638977
3733,1853,deeplift,0.5009864245005178,0.1792261664760934,0.9979832172393799
3734,4310,deeplift,0.5185294213249932,0.09980856713860534,0.9988314509391785
3735,3873,deeplift,0.09442648919005144,0.006488814165717677,0.9996566772460938
3736,4216,deeplift,0.31408864052368785,0.05562664955010954,0.9993083477020264
3737,14,deeplift,-0.11109985674128812,-0.15174936546998866,0.7737482786178589
3738,3915,deeplift,0.8413450648683855,0.1853460959225361,0.9990742206573486
3739,2387,deeplift,0.48028611161169554,0.09214325320153009,0.9984325766563416
3740,533,deeplift,0.5491699597110883,0.09380249488389208,0.6080431342124939
3741,3551,deeplift,0.42394464522866265,0.04867906928328531,0.9923055768013
3742,851,deeplift,0.5067208651347425,0.06489906445230273,0.9991269707679749
3743,1418,deeplift,0.3863712967242719,0.10493594421106472,0.8733924031257629
3744,3446,deeplift,0.339463057036957,0.06109741565002048,0.998358428478241
3745,1318,deeplift,0.5214390758509663,0.21820819240317427,0.9967293739318848
3746,677,deeplift,0.033389411653791154,0.029828820058277677,0.9994944334030151
3747,3740,deeplift,0.5374106861068867,0.23399462380330077,0.9993976354598999
3748,1317,deeplift,0.7615370982818946,-0.12051137231412481,0.8506525158882141
3749,1072,deeplift,0.5552211756317411,0.4545242980920011,0.999428927898407
3750,4275,deeplift,0.2535403712128755,-0.224037373252213,0.3607975244522095
3751,655,deeplift,0.7830373793198117,-0.03442559956476606,0.9027310013771057
3752,3128,deeplift,0.7302143893590788,0.05189863001791442,0.9740851521492004
3753,3143,deeplift,0.033781178792317706,0.02984537680943807,0.9995619654655457
3754,568,deeplift,0.497151093930006,0.19011850753283527,0.9719793200492859
3755,1871,deeplift,0.05132686197757721,0.0139070063829422,0.9996623992919922
3756,3956,deeplift,0.4701538586652734,0.10892467013844806,0.9993952512741089
3757,121,deeplift,0.03577557844775064,0.056449511548895055,0.9996229410171509
3758,3150,deeplift,0.6847239326357932,0.06614851919205292,0.9991140961647034
3759,587,deeplift,0.029298832783332236,0.05580035081276527,0.9996590614318848
3760,3061,deeplift,0.41121636305422504,0.03226387143439176,0.99899822473526
3761,3162,deeplift,0.4983084566235818,0.07294920919014623,0.9993732571601868
3762,1254,deeplift,0.022384628172843687,0.0027857913124945855,0.999588668346405
3763,2658,deeplift,0.3331983375581021,0.03633560351234801,0.9991675615310669
3764,163,deeplift,0.41976455855334494,0.014846118239613322,0.9969267249107361
3765,1322,deeplift,0.5175265459371592,0.02881536788460034,0.9988309741020203
3766,4249,deeplift,0.35342060097239236,0.1079615321349014,0.9448575377464294
3767,360,deeplift,0.6000931211240259,0.0795182874801779,0.9987766146659851
3768,1768,deeplift,0.27253951617727445,0.0074221368105906365,0.9953357577323914
3769,732,deeplift,0.48129844083256706,0.20339391085290118,0.9988956451416016
3770,2671,deeplift,0.5931683397000849,0.07560096732501326,0.9971069693565369
3771,691,deeplift,0.23762725528276124,0.12061271131844134,0.3396788239479065
3772,79,deeplift,0.650428858085501,0.05335869352954129,0.9992596507072449
3773,2776,deeplift,0.3121331481432373,0.02445246245373379,0.9976473450660706
3774,1053,deeplift,0.6836037048156939,0.20071876505572422,0.9929702877998352
3775,410,deeplift,0.5496173312952906,0.07759139895961996,0.9991416931152344
3776,4367,deeplift,0.5852671309950805,0.075748724596841,0.9851753115653992
3777,1667,deeplift,0.51647168405907,0.02258945256471634,0.9980067610740662
3778,3349,deeplift,0.6697087462093415,0.18998778229911945,0.9923461675643921
3779,2672,deeplift,0.06881451064890082,0.2796179425451114,0.9995920062065125
3780,4038,deeplift,0.6813115318162148,0.01444567751980597,0.9987791180610657
3781,4552,deeplift,0.6877930281779674,0.08257011937744477,0.9967419505119324
3782,1542,deeplift,0.044575151132077585,0.011249710102470554,0.9995275735855103
3783,1336,deeplift,0.02690930109398038,0.0052685796045789535,0.9993784427642822
3784,1519,deeplift,0.5602118991963112,0.0385318789153527,0.9993535876274109
3785,1229,deeplift,0.5454048374667764,0.03702148318290711,0.9993834495544434
3786,1968,deeplift,0.5317666935249387,0.0675483752203642,0.9963032007217407
3787,4416,deeplift,0.44264680019726876,0.09477990326520644,0.9992473125457764
3788,2109,deeplift,0.6984589289259319,0.01601908123884045,0.9979265928268433
3789,725,deeplift,0.4177107067246522,0.046422485960647464,0.9994057416915894
3790,1134,deeplift,0.5523933972421912,0.3644022018249546,0.700931966304779
3791,101,deeplift,0.3266073666189028,0.2668383374567265,0.971911609172821
3792,4266,deeplift,0.7381310841741398,0.09901283196238585,0.9966752529144287
3793,2253,deeplift,0.34779164901910686,0.15256064222791257,0.9985866546630859
3794,1269,deeplift,0.04048118243614832,0.008232029775778452,0.9996598958969116
3795,2813,deeplift,0.5242458772446428,0.026209631987980434,0.9991287589073181
3796,193,deeplift,0.5761775840638261,0.05791733713086807,0.998537540435791
3797,1127,deeplift,0.33913608595754047,0.09394165803049062,0.9993529915809631
3798,2871,deeplift,0.4802383623574292,0.0675613552150203,0.9991708993911743
3799,3470,deeplift,0.17766158126623316,0.1768236415279235,0.54932701587677
3800,280,deeplift,0.5947409382198728,0.048168095318894634,0.9991291165351868
3801,1696,deeplift,0.6973346912289142,0.02667055558413267,0.9993871450424194
3802,2623,deeplift,0.02797884808646308,0.01168634229236179,0.9995787739753723
3803,2139,deeplift,0.40589064637037076,0.11027159379876178,0.9994019269943237
3804,3438,deeplift,0.04006982933391224,0.03562356396154924,0.9996529817581177
3805,82,deeplift,0.040289533138275144,0.009006534814834594,0.9996553659439087
3806,876,deeplift,0.29860030373944296,-0.11642122323866244,0.5930060744285583
3807,2719,deeplift,0.0656617004820641,0.05620644067196136,0.9995077848434448
3808,2374,deeplift,0.02857367615950735,0.025460053431360347,0.999235987663269
3809,1569,deeplift,0.7575200099319696,0.023523485565439185,0.9976327419281006
3810,2416,deeplift,0.03463444858789444,0.00859312837322553,0.9995030164718628
3811,3724,deeplift,0.3175020179578236,0.11002181375848262,0.996752142906189
3812,3511,deeplift,0.6979959532618523,0.11833132065832615,0.9970585107803345
3813,4046,deeplift,0.4108257457889892,-0.024316699278575403,0.9460201859474182
3814,2132,deeplift,0.5047443778677421,0.06486138024113396,0.9987367987632751
3815,2932,deeplift,0.4558281800846624,0.19357072238755577,0.9991791844367981
3816,3414,deeplift,0.06729385464690453,-0.004263306079908859,0.9524268507957458
3817,1009,deeplift,0.022694769428997504,0.040103881824307325,0.9996192455291748
3818,4171,deeplift,0.20991590736141405,0.018990278244018555,0.9995684027671814
3819,1439,deeplift,0.07598407779421125,0.009313205066992312,0.9993966817855835
3820,3603,deeplift,0.2763615171046018,0.21595046206290813,0.998826801776886
3821,2680,deeplift,0.40311493254357983,0.05778890457369533,0.9993784427642822
3822,4297,deeplift,0.0735320732707069,0.013415352219627016,0.9996525049209595
3823,630,deeplift,0.5243854018031723,0.06521010730001661,0.9986656904220581
3824,638,deeplift,0.4964936529045346,0.08906955811484106,0.9989514350891113
3825,455,deeplift,0.7989369444313776,0.0796464268945435,0.9898774027824402
3826,129,deeplift,0.0241976261138916,0.013087338871426053,0.999648928642273
3827,3544,deeplift,0.3193640302007015,0.07461457319844228,0.9991468191146851
3828,2705,deeplift,0.08489943009156448,0.01842657046822401,0.9954513907432556
3829,4542,deeplift,0.47940617506155525,0.08546082726758668,0.9993721842765808
3830,1736,deeplift,0.24219815446822732,0.03384591390689214,0.9991322159767151
3831,1442,deeplift,0.6139834437365984,0.06844821876687247,0.9975928664207458
3832,836,deeplift,0.5158580262577743,0.06682705245839315,0.9985809326171875
3833,3713,deeplift,0.25559861714841997,0.04449656242743517,0.9985994696617126
3834,963,deeplift,-0.018844188331497896,-0.27142248505019934,0.17056235671043396
3835,3500,deeplift,0.49027341255452483,0.05414219915866852,0.9967949986457825
3836,1386,deeplift,0.2509847760666162,0.09735253383405507,0.9987132549285889
3837,3631,deeplift,0.5094865054291274,0.09660090095534617,0.9985203146934509
3838,3220,deeplift,0.4760259664663132,0.10455149014060404,0.9989356398582458
3839,1920,deeplift,0.3790386909908005,0.10001322913087969,0.9989533424377441
3840,3065,deeplift,0.5677795115146128,0.05021831897251746,0.9983017444610596
3841,4122,deeplift,0.029989921277569186,0.13573379639203795,0.999610960483551
3842,2735,deeplift,0.6929123022471851,0.03858168169178746,0.9991235136985779
3843,1441,deeplift,0.5770580387446292,0.02526989330848058,0.9989312291145325
3844,860,deeplift,0.509119606306988,0.14097070827318187,0.9953527450561523
3845,930,deeplift,0.032046778257503065,0.05046419197216977,0.9996181726455688
3846,2920,deeplift,0.7070919106093546,0.060689907521009445,0.9982183575630188
3847,3073,deeplift,0.6546690810041932,0.1339309158233496,0.9701750874519348
3848,2537,deeplift,0.42198422321063633,0.11449417417102001,0.9980552196502686
3849,4582,deeplift,0.33222950108295374,0.021591871249966504,0.9957790374755859
3850,173,deeplift,0.04963439080252576,0.0029568574321803764,0.9995403289794922
3851,1056,deeplift,0.3214894695988586,0.23096353677993325,0.9974812865257263
3852,2870,deeplift,0.47632490569039393,0.07760999135260997,0.9991783499717712
3853,50,deeplift,0.5688430494129924,-0.1379990926278489,0.7346057295799255
3854,2560,deeplift,0.029841215182573367,0.011966836758148976,0.9995317459106445
3855,31,deeplift,0.16620067232533506,0.005020103956523694,0.9975511431694031
3856,3419,deeplift,0.017753106482485508,0.014410521121735268,0.999573290348053
3857,3023,deeplift,0.334795976615061,0.12027719983104933,0.9993419051170349
3858,1433,deeplift,0.494812546183401,0.04899380148434248,0.9986405968666077
3859,399,deeplift,0.06279159468763015,0.022688508910291335,0.9993828535079956
3860,3793,deeplift,0.34939404382473893,0.15375813231286076,0.9993870258331299
3861,3354,deeplift,0.040049413219094276,0.007934357970952988,0.9995185136795044
3862,749,deeplift,-0.03219798767739641,-0.09143983863205427,0.05760134384036064
3863,3479,deeplift,0.3111401841692302,0.03515158107747202,0.9991241097450256
3864,3212,deeplift,0.44045163401299053,-0.17738926886684364,0.7634863257408142
3865,617,deeplift,0.06664885317578036,0.006652018603156595,0.9996562004089355
3866,4442,deeplift,0.5230308164102144,0.024469776890980892,0.9993718266487122
3867,2130,deeplift,0.7246649478650491,0.018230030377363336,0.9974406957626343
3868,283,deeplift,0.5986682550948379,0.1115947830357722,0.998022198677063
3869,4517,deeplift,0.4189916070373285,0.042142440165792196,0.9982185959815979
3870,1217,deeplift,0.5109424423223928,0.020931964011295982,0.9991003274917603
3871,55,deeplift,0.7153907452224909,0.059946443885564804,0.9983003735542297
3872,2038,deeplift,0.236732617020607,0.13882605916088714,0.9988310933113098
3873,1302,deeplift,0.35933722500604665,0.023015469989993355,0.9991274476051331
3874,2767,deeplift,0.022056507046467493,-0.038588455479059904,0.6745148301124573
3875,1813,deeplift,0.5654523515992839,0.06972687594268633,0.9990988969802856
3876,3881,deeplift,0.7831542004391344,0.0978259083090557,0.9991833567619324
3877,434,deeplift,0.043100609861571215,0.023044586181640625,0.9995984435081482
3878,115,deeplift,0.013907585825238909,0.028554866622601236,0.9996256828308105
3879,2119,deeplift,0.32446766745962313,0.02878762668732441,0.9987163543701172
3880,2923,deeplift,0.07782141951953664,0.055822926409104294,0.9995824694633484
3881,3392,deeplift,0.6069587438746735,0.19249642516175905,0.9981716871261597
3882,1789,deeplift,0.5389716608849583,0.11935686149616849,0.999123752117157
3883,1103,deeplift,0.029726040104161137,0.005819717179174008,0.9996674060821533
3884,348,deeplift,0.2078099224123765,-0.1209969732797507,0.511111855506897
3885,4441,deeplift,0.08875633104174745,0.052771145806593055,0.9996602535247803
3886,78,deeplift,0.03580570662463153,0.011758983135223389,0.9996417760848999
3887,3224,deeplift,0.036856209620451316,0.009090408300742125,0.9996308088302612
3888,1821,deeplift,0.04705988308962654,0.007227492683074053,0.9996606111526489
3889,1735,deeplift,0.11454290938827227,0.007244717400029021,0.999650239944458
3890,2473,deeplift,0.0633200393166653,0.005363968915717546,0.9992415904998779
3891,4204,deeplift,0.2505600189503569,0.18470948596055117,0.9989504218101501
3892,3395,deeplift,0.04101402078356062,0.042244557823453634,0.9996649026870728
3893,3405,deeplift,0.6633278246781888,0.18168766422334426,0.998313307762146
3894,1431,deeplift,0.05096237778663635,0.0050393414497375486,0.999091386795044
3895,2113,deeplift,0.42921893522990023,0.04425325342030688,0.9993559718132019
3896,1294,deeplift,0.20080480631440878,0.09681347464310362,0.49627259373664856
3897,2798,deeplift,-0.4263950940221548,-0.048372093562243715,0.004821134731173515
3898,4241,deeplift,0.3430847652457856,0.08131744207915019,0.9984984397888184
3899,2697,deeplift,0.03470648328463236,0.00615946026075454,0.9979537725448608
3900,735,deeplift,0.48717697274459654,0.04375785016887929,0.9970153570175171
3901,2398,deeplift,0.4565467824063757,0.15219199493089142,0.9870337247848511
3902,1921,deeplift,0.45063292756318474,0.01876466262799043,0.9991439580917358
3903,2454,deeplift,0.5216271387353698,0.04620662918116184,0.9879072308540344
3904,2436,deeplift,0.5246405594379586,-0.15293689751449754,0.7371991872787476
3905,3313,deeplift,0.23299468090028866,0.2366046548169992,0.9991470575332642
3906,2602,deeplift,0.31873618985379215,0.07877357755052417,0.9971814155578613
3907,1378,deeplift,0.6432000626622129,0.13686569107155647,0.9416289329528809
3908,4172,deeplift,0.5864682943614635,0.19750908437755801,0.8241690993309021
3909,140,deeplift,0.028688197073183562,0.022132046912845812,0.999631404876709
3910,2482,deeplift,0.6404639751735058,0.12807622441852634,0.9969833493232727
3911,2566,deeplift,0.1999892963863471,0.08505682975930326,0.9993975162506104
3912,3043,deeplift,0.4117598601535648,0.02068641500652961,0.9987640380859375
3913,2718,deeplift,0.3622759202691285,0.06749219761083,0.9987961053848267
3914,1010,deeplift,0.440250585485688,0.057263959007447254,0.99928218126297
3915,1516,deeplift,0.5253299671416504,0.26353483607194256,0.5778140425682068
3916,1988,deeplift,0.63158103549615,0.06415902187719065,0.9968379735946655
3917,2942,deeplift,0.4829690849307824,0.06572998597009762,0.9990577101707458
3918,3097,deeplift,0.3828694925829768,0.01952084556221962,0.9991944432258606
3919,151,deeplift,-0.02658203125,0.03328545570373535,0.9380155205726624
3920,2319,deeplift,0.2331654667854309,0.06308642208576203,0.9779762625694275
3921,1373,deeplift,0.7614330059178628,0.07121398154555297,0.9993176460266113
3922,1358,deeplift,0.6915628778612396,0.32993617270969683,0.9978817105293274
3923,1873,deeplift,0.7685651008454014,-0.00010081577826948727,0.9364849328994751
3924,2668,deeplift,0.05084511408439049,0.03732541547371791,0.9996448755264282
3925,4357,deeplift,0.8683762153126048,0.024059174229969848,0.9975283741950989
3926,62,deeplift,0.05816776090198093,0.007435495323605008,0.9996606111526489
3927,1795,deeplift,0.05486835076891143,0.007070054268014842,0.9993168115615845
3928,1000,deeplift,0.28463519649470553,0.0218658634260589,0.9982230067253113
3929,3679,deeplift,0.5267037455740041,0.025866007922511352,0.9979243278503418
3930,1850,deeplift,0.04693414836094297,0.007298810728665056,0.9991922974586487
3931,2825,deeplift,0.024190111802174494,0.04739945897689232,0.9994365572929382
3932,3964,deeplift,0.682975819249315,0.01723718413939843,0.9991175532341003
3933,1625,deeplift,0.02503366300037929,0.01015160254069737,0.9996298551559448
3934,1313,deeplift,0.5278541044167736,0.23189943397472448,0.9869440793991089
3935,4320,deeplift,0.01695599588187965,0.005701203604002256,0.9995608925819397
3936,2166,deeplift,0.40042590279588286,0.020042887261631538,0.9993587136268616
3937,2184,deeplift,0.6539941317401826,0.04380448940727446,0.9261394143104553
3938,4148,deeplift,0.027588691976335313,0.006003735793961419,0.9996285438537598
3939,300,deeplift,0.29528680679230196,0.14762367274203636,0.9992796778678894
3940,339,deeplift,0.43745537042351706,0.06926210356011454,0.9991207718849182
3941,2220,deeplift,0.5749615706078223,0.08523705507547635,0.9992837309837341
3942,1587,deeplift,0.020482759922742844,0.028421856462955475,0.9992247819900513
3943,4410,deeplift,0.30721059480371576,0.04329319186767356,0.9990875720977783
3944,3009,deeplift,0.4199395607061246,0.1354328088334524,0.999393105506897
3945,4314,deeplift,0.5634885595347254,0.02452588950594266,0.9993906021118164
3946,2236,deeplift,0.5484360548392188,-0.022092692190554084,0.9038647413253784
3947,3837,deeplift,0.024412091573079428,0.024414960543314615,0.9995393753051758
3948,2512,deeplift,0.19573578600893202,0.13013888998260803,0.9993730187416077
3949,4272,deeplift,0.27928355985727066,0.025119497798956357,0.9988380074501038
3950,2294,deeplift,0.46769726255110333,0.04503791087440082,0.9833579659461975
3951,3416,deeplift,0.05719681637627738,0.009196138381958008,0.99954754114151
3952,3694,deeplift,0.5295621968306056,0.11399583663882279,0.9991098046302795
3953,108,deeplift,0.40743597654625774,0.1633448582328856,0.9982311129570007
3954,3795,deeplift,0.8572514873722361,0.0888385746214125,0.9927491545677185
3955,3228,deeplift,0.43968590158235993,0.07449419316934779,0.9991713762283325
3956,4327,deeplift,0.028206320603688557,0.014951071474287245,0.9996592998504639
3957,4444,deeplift,0.29326830077199983,0.10878695970257887,0.9985395669937134
3958,932,deeplift,0.6990789271693564,0.2075253720113048,0.9980810880661011
3959,3245,deeplift,0.4113394740736112,0.07215552660345566,0.9987278580665588
3960,1037,deeplift,0.0575537501379501,0.022460152936536214,0.9996662139892578
3961,3070,deeplift,0.01977097988128662,0.11148183133352448,0.9996428489685059
3962,507,deeplift,0.38370890871738084,0.12570168916136026,0.9985421895980835
3963,1983,deeplift,0.014331489139133029,0.02807108163833618,0.9996660947799683
3964,635,deeplift,0.5320658904314041,0.035879383087158205,0.998441755771637
3965,102,deeplift,0.376140225438341,0.09070134864399029,0.9969923496246338
3966,2618,deeplift,0.588183486629655,0.025754110333887307,0.9993610978126526
3967,2452,deeplift,0.7387594923221816,0.12915461709101994,0.9991616010665894
3968,2433,deeplift,-0.0403840738408109,-0.17475746730540662,0.7743200063705444
3969,2955,deeplift,0.5202448813674542,0.12640758179940093,0.9993973970413208
3970,4406,deeplift,0.0537357149379594,0.002746512847287314,0.9996486902236938
3971,146,deeplift,0.617216398268162,0.06381802062193552,0.9977554678916931
3972,2277,deeplift,0.6328560464130715,0.01662139892578125,0.9381861686706543
3973,628,deeplift,0.4700369677344908,0.1636036317795515,0.9967713952064514
3974,4147,deeplift,0.24159188779691856,0.06260291039943695,0.9988995790481567
3975,2488,deeplift,-0.1508319152386061,-0.02520149718133771,0.0980299562215805
3976,4587,deeplift,0.22412791791738887,-0.06900556707246737,0.7863044738769531
3977,624,deeplift,0.8132069626816043,0.22122896246708415,0.9947062134742737
3978,1402,deeplift,0.08838764303608944,0.17378588258304117,0.9990047812461853
3979,1547,deeplift,0.602761534519147,0.058283555039832756,0.9988071918487549
3980,1680,deeplift,0.07901109382510185,0.010076288878917695,0.9989929795265198
3981,2779,deeplift,0.4919290057705006,0.09265809914185888,0.9993093013763428
3982,3616,deeplift,0.3677156814203666,0.19088661688856962,0.970125138759613
3983,3676,deeplift,0.037151186168193816,0.02044817805290222,0.9996386766433716
3984,2004,deeplift,0.031359946116422996,0.009949818635598207,0.9987962245941162
3985,2141,deeplift,0.4097311329891587,0.11888793692356203,0.9993759989738464
3986,4045,deeplift,0.06619143691556208,0.022408191500038935,0.9956152439117432
3987,1761,deeplift,0.018279413919191103,0.00564518168165877,0.9989991784095764
3988,266,deeplift,-0.13937904965132475,-0.016613559646380914,0.014635598286986351
3989,4195,deeplift,0.9088767115224866,0.019280173994125203,0.9969258904457092
3990,1808,deeplift,0.2686853248479904,0.47872626510740934,0.669123113155365
3991,3786,deeplift,0.5169225424290338,0.14653203329888786,0.9991650581359863
3992,3199,deeplift,0.0312718133131663,0.016379763682683308,0.9992378950119019
3993,2619,deeplift,0.5234738474747347,0.12428849815720848,0.9993202686309814
3994,2459,deeplift,0.1483889538230318,0.174387537987169,0.9979520440101624
3995,3187,deeplift,0.8240817248641344,0.056495418433438645,0.9990643858909607
3996,4531,deeplift,0.3001116357045248,0.06294647043493266,0.9993942975997925
3997,4355,deeplift,0.2602875032850231,0.10201313423749525,0.9991635084152222
3998,2725,deeplift,0.2778077601333675,0.26741400204153487,0.7989641427993774
3999,4573,deeplift,0.04561539032520392,0.01755836071112217,0.9996134638786316
4000,1913,integrated_gradient,0.27899302591880165,0.0292777789135774,0.9943388104438782
4001,4550,integrated_gradient,0.12062668140424648,0.06379845665651374,0.15146853029727936
4002,4424,integrated_gradient,0.044357863632408345,0.006896660134599016,0.9996589422225952
4003,3802,integrated_gradient,0.039770650012152534,0.002782012735094343,0.9995806813240051
4004,3867,integrated_gradient,0.4569422569138364,0.049016386483396804,0.9948807954788208
4005,2557,integrated_gradient,0.5962310489267111,0.12161058396005127,0.9759672284126282
4006,2097,integrated_gradient,0.22456940326769398,0.018299561977948783,0.9993723034858704
4007,3546,integrated_gradient,0.7164403336585586,0.03183309612579124,0.9584444761276245
4008,2808,integrated_gradient,0.05157048451273065,0.01405703394036544,0.9996665716171265
4009,893,integrated_gradient,0.3663064111339844,0.01674085748145136,0.999051034450531
4010,674,integrated_gradient,0.4106878951530565,0.03675657307559794,0.9989060163497925
4011,4329,integrated_gradient,0.6446351414525389,0.028787624783987224,0.9989264607429504
4012,518,integrated_gradient,0.5360364607143465,0.0224038178964359,0.9991744160652161
4013,3071,integrated_gradient,0.16672620764002205,0.009057235717773438,0.9993823766708374
4014,1449,integrated_gradient,0.6349928963577329,0.07057614031633953,0.9991769194602966
4015,2475,integrated_gradient,0.5011533230705105,0.020765858013992725,0.9993069171905518
4016,2224,integrated_gradient,0.32865377399139106,0.023455317411571742,0.9987109899520874
4017,3008,integrated_gradient,0.8420743480446222,0.02023215575710587,0.9989023208618164
4018,2799,integrated_gradient,0.493099982099187,0.030927177758947495,0.9993740916252136
4019,3455,integrated_gradient,0.7518954999943483,-0.0312031774836428,0.8473272919654846
4020,2715,integrated_gradient,0.09392997830413109,0.005970313105472299,0.9996358156204224
4021,1799,integrated_gradient,0.501734671756052,0.024031645021377467,0.9993937015533447
4022,1476,integrated_gradient,0.0207300066947937,0.00633937418460846,0.9996558427810669
4023,3045,integrated_gradient,0.22678591055936473,-0.1762637723433344,0.33991745114326477
4024,191,integrated_gradient,0.42818644214231444,0.024951390770016884,0.9993802309036255
4025,1612,integrated_gradient,0.5661021482286065,0.022649295194897542,0.9987958669662476
4026,3501,integrated_gradient,0.03648524781068166,0.035012492558113686,0.992664635181427
4027,2706,integrated_gradient,0.05037238730324639,0.005484441916147868,0.9996641874313354
4028,788,integrated_gradient,0.45218500313726634,0.025125456621518005,0.9991770386695862
4029,2721,integrated_gradient,-0.26810121763386024,-0.07412388651876729,0.0007631847984157503
4030,2543,integrated_gradient,0.05486066763599714,0.015205323696136475,0.9995973706245422
4031,4425,integrated_gradient,0.6059563353692283,0.037771807285025716,0.9857469797134399
4032,4154,integrated_gradient,0.060220587998628616,0.003187103196978569,0.9995936751365662
4033,169,integrated_gradient,0.8438880132272191,0.023671242807592665,0.9913190007209778
4034,1657,integrated_gradient,0.04255181280049411,0.007751290093768726,0.9996616840362549
4035,3040,integrated_gradient,0.048358685091922156,0.0024933584949426483,0.9996602535247803
4036,269,integrated_gradient,0.5064302856079871,0.023314129652046576,0.9993628859519958
4037,1775,integrated_gradient,0.20782620861427858,0.06039966153912246,0.9996589422225952
4038,3229,integrated_gradient,0.9569653951662274,0.020947283700756405,0.9986925721168518
4039,4496,integrated_gradient,-0.20162728052698717,-0.2911492794238288,0.10239534825086594
4040,1064,integrated_gradient,0.601908486379787,0.03658977532109549,0.9993277788162231
4041,4134,integrated_gradient,0.6405829221702233,0.03546014034913646,0.9990893602371216
4042,4000,integrated_gradient,0.3644987818214201,0.029914532217287248,0.9983528852462769
4043,609,integrated_gradient,-0.045464391026783874,-0.013180562592525449,0.0020482183899730444
4044,2710,integrated_gradient,0.39921656474131545,0.030258874595165252,0.9990960359573364
4045,3460,integrated_gradient,0.5904316577668253,0.025614572296801367,0.9992254972457886
4046,1803,integrated_gradient,0.6746106075969609,0.0006296684796159918,0.8552583456039429
4047,1918,integrated_gradient,0.11933233908244542,0.005597029413495745,0.9996613264083862
4048,3197,integrated_gradient,0.45854500693967565,-0.006268665194511414,0.5508357286453247
4049,1737,integrated_gradient,0.4323814379220659,0.032461056147109375,0.9991699457168579
4050,4435,integrated_gradient,0.407837845038536,0.04890870753415795,0.9170476198196411
4051,3750,integrated_gradient,0.8017036646064795,0.10687975449995561,0.9724546670913696
4052,3966,integrated_gradient,0.7792340469174087,0.09663709238171578,0.9989425539970398
4053,365,integrated_gradient,0.2953308335786989,0.021956344070129617,0.9988769888877869
4054,4053,integrated_gradient,0.022319500262920674,0.015488037696251502,0.9995436072349548
4055,2066,integrated_gradient,0.09526669424633648,0.009718041087305822,0.999488115310669
4056,1852,integrated_gradient,0.5453861070847189,0.051863812111519476,0.9942169189453125
4057,2703,integrated_gradient,0.07026375567211825,0.0062349982121411495,0.9989523887634277
4058,487,integrated_gradient,0.6026970547307948,0.049687642071928294,0.9985476136207581
4059,4055,integrated_gradient,0.03129405900835991,0.08351282486182754,0.9996187686920166
4060,4475,integrated_gradient,0.546823890221556,0.016853251279546663,0.9981461763381958
4061,3348,integrated_gradient,0.2959790264624947,0.04132083570584655,0.9993853569030762
4062,351,integrated_gradient,0.48919794193812105,0.02451272838209805,0.9990637898445129
4063,2509,integrated_gradient,0.024613092022557414,0.008157722411617156,0.999666690826416
4064,4030,integrated_gradient,0.07194444630295038,0.006512213498353958,0.9994561076164246
4065,1650,integrated_gradient,0.025951039531956547,0.005342556082684061,0.9996337890625
4066,2653,integrated_gradient,0.03411330254572743,0.0028021009463184286,0.999609649181366
4067,4285,integrated_gradient,0.047349873930215836,0.0069161951541900635,0.9982865452766418
4068,1468,integrated_gradient,0.383148729626555,0.0327734281308949,0.9989425539970398
4069,2998,integrated_gradient,0.055248141288757324,0.006655295193195343,0.9995917677879333
4070,1270,integrated_gradient,0.2055944521271158,0.11603913771386942,0.8581515550613403
4071,297,integrated_gradient,0.5099299191521519,0.03732377445946137,0.9961426854133606
4072,2019,integrated_gradient,0.08906317088339064,0.00830191594583017,0.9996432065963745
4073,629,integrated_gradient,0.5314449566987253,0.12285107445918143,0.9985477328300476
4074,1944,integrated_gradient,0.5146349714625449,0.022443443536758423,0.9991617202758789
4075,953,integrated_gradient,0.09667954633110448,0.006553191887704949,0.9994865655899048
4076,466,integrated_gradient,0.04271127097308636,0.009926006197929382,0.9995763897895813
4077,2200,integrated_gradient,0.5219682428363265,0.5269477894433531,0.8540064096450806
4078,728,integrated_gradient,0.06958530030467293,0.038469074801965195,0.9994561076164246
4079,3376,integrated_gradient,0.5644441174140012,0.012853546100750304,0.9947073459625244
4080,4549,integrated_gradient,0.5797206073915477,0.04539418159875759,0.9830725193023682
4081,72,integrated_gradient,-0.45503504240825293,-0.06156873837396908,0.00627287570387125
4082,4,integrated_gradient,0.39592472045741817,0.023909751563630205,0.9985929131507874
4083,1098,integrated_gradient,0.5144399973513508,0.14626360065429597,0.9961133003234863
4084,2726,integrated_gradient,0.5748882948327809,0.01913785085082054,0.9993663430213928
4085,2921,integrated_gradient,0.048916088683264594,0.010416643960135323,0.9996601343154907
4086,2531,integrated_gradient,0.030707071656766144,0.006602974041648533,0.9996145963668823
4087,2614,integrated_gradient,0.030554038863028248,0.008618430745217108,0.9996167421340942
4088,2434,integrated_gradient,0.866064733165519,0.015758582294501108,0.9884706735610962
4089,3111,integrated_gradient,0.4291008152827925,0.015655065981709227,0.9929046034812927
4090,3615,integrated_gradient,0.6565703304916404,0.12056483814249867,0.989231288433075
4091,3063,integrated_gradient,0.3937767147026534,0.030935026006773114,0.9991852641105652
4092,1385,integrated_gradient,0.5961087312238912,0.019731949435340033,0.9989620447158813
4093,128,integrated_gradient,0.015949168460419737,-0.2666149809001348,0.05991167202591896
4094,1030,integrated_gradient,0.40337599015794695,0.03229318097233772,0.9918654561042786
4095,16,integrated_gradient,0.018888994057973226,0.007393953005472819,0.9995558857917786
4096,670,integrated_gradient,0.6841448056158808,0.027100236578421158,0.9991095662117004
4097,3743,integrated_gradient,0.7522096010087448,0.022030045213394387,0.9991957545280457
4098,2202,integrated_gradient,0.30673360443392467,0.022841241124064424,0.9947768449783325
4099,1615,integrated_gradient,0.2793700107028529,0.03847679629539832,0.9969441294670105
4100,1558,integrated_gradient,0.04790206941274496,0.006636229845193716,0.9995993971824646
4101,3953,integrated_gradient,0.717383130453527,0.2794707117732181,0.8385427594184875
4102,304,integrated_gradient,0.6225166202390991,0.018704107652107876,0.9991636276245117
4103,4004,integrated_gradient,0.058786712194743906,0.008767356998042056,0.99965500831604
4104,4547,integrated_gradient,0.4952335214827123,0.13814540978434475,0.9124698042869568
4105,1247,integrated_gradient,0.2825160838663578,0.018062381148338316,0.9988911747932434
4106,3136,integrated_gradient,0.5801151408231817,0.20909523950993186,0.9989492297172546
4107,1220,integrated_gradient,0.5326090148086414,0.016801164599887113,0.9992615580558777
4108,3261,integrated_gradient,0.20777541622519494,0.007799283663431803,0.9988645315170288
4109,1611,integrated_gradient,0.4800273403805197,0.025581488815637734,0.9595311284065247
4110,1181,integrated_gradient,0.7295795297741683,0.021254946291446686,0.9993925094604492
4111,2797,integrated_gradient,0.10625698417425156,0.00274018962916575,0.46431487798690796
4112,610,integrated_gradient,0.8282415940079884,0.026470549586342602,0.9989633560180664
4113,3751,integrated_gradient,0.5384427892312295,0.09714617193535421,0.9895468354225159
4114,2248,integrated_gradient,0.752179496226092,0.014587432146072388,0.9825856685638428
4115,99,integrated_gradient,0.46100883795512154,0.02381474426702449,0.9989156723022461
4116,3781,integrated_gradient,0.037826756113453916,0.006854849426369918,0.9996659755706787
4117,225,integrated_gradient,0.07426857597687665,0.009539616458556232,0.9996508359909058
4118,2103,integrated_gradient,0.653836157606242,0.027015176912148792,0.9950827360153198
4119,2836,integrated_gradient,0.3118646591901779,0.045617448120582396,0.9990633130073547
4120,2924,integrated_gradient,0.07933293028575618,0.008153810733702124,0.9996180534362793
4121,2859,integrated_gradient,-0.2555277039406492,-0.3345426616587621,0.0047720917500555515
4122,2782,integrated_gradient,0.5204626195467054,0.022804401241816007,0.9962024092674255
4123,515,integrated_gradient,0.15637146671478813,0.007399956922273378,0.9996391534805298
4124,1951,integrated_gradient,0.7002313382899723,0.02189635733763377,0.9923940896987915
4125,3869,integrated_gradient,0.476380454417732,0.02078087627887726,0.9987646341323853
4126,2263,integrated_gradient,0.6034018176719793,0.013400095430287447,0.9832453727722168
4127,4006,integrated_gradient,0.6057133449745985,0.03128843506177267,0.9329985976219177
4128,4522,integrated_gradient,0.5178273086332612,0.02734947721991274,0.997199535369873
4129,2137,integrated_gradient,0.03250500108256484,0.006691817081335819,0.9994431138038635
4130,3673,integrated_gradient,0.4516979239020005,0.015180073045897033,0.9948624968528748
4131,1707,integrated_gradient,-0.042215381657505144,0.032289554115517864,0.284817099571228
4132,314,integrated_gradient,0.025792320297188955,0.013681065138072183,0.9995383024215698
4133,1924,integrated_gradient,0.8314252818387037,0.5328450309871523,0.9326366782188416
4134,2247,integrated_gradient,0.5346490969171837,0.0216108989857492,0.9990529417991638
4135,3901,integrated_gradient,0.7803400460370752,0.02088613617558812,0.9985560774803162
4136,1847,integrated_gradient,0.049431652733773895,0.06940169471570036,0.9994674324989319
4137,1725,integrated_gradient,0.07530986345731296,0.006483203325516138,0.9996540546417236
4138,3547,integrated_gradient,-0.21688841226146435,-0.017909019404361324,0.012798065319657326
4139,4558,integrated_gradient,0.5601455255515045,0.02082492642932468,0.9991627931594849
4140,3403,integrated_gradient,0.6241074271024541,0.017928133619592546,0.9956961870193481
4141,3007,integrated_gradient,0.9369315238034522,0.07626976181160319,0.9694604873657227
4142,2961,integrated_gradient,0.7951503851545567,0.02831924380734563,0.9989249110221863
4143,3591,integrated_gradient,0.42588836376500483,0.030841501648811734,0.999377965927124
4144,571,integrated_gradient,0.5377806996926665,0.02360103139653802,0.9991270899772644
4145,4041,integrated_gradient,0.7363662846593393,0.033016264107492234,0.9928140044212341
4146,2629,integrated_gradient,0.3590906482589032,0.021243023375670116,0.9984891414642334
4147,3121,integrated_gradient,0.48656007850711996,0.02032846754247492,0.9988301396369934
4148,2701,integrated_gradient,0.3735125418752432,-0.06135533334210862,0.8653034567832947
4149,3101,integrated_gradient,0.8152921204455197,0.03359159192553273,0.9965533018112183
4150,1863,integrated_gradient,0.0445666558602277,0.0071904256063349105,0.9994211196899414
4151,2908,integrated_gradient,0.03137714225192403,0.012697282225586647,0.9996621608734131
4152,4456,integrated_gradient,0.676748392383822,0.021024128422141075,0.9987928867340088
4153,3230,integrated_gradient,0.4508830983048448,0.029697625396343377,0.9988297820091248
4154,2399,integrated_gradient,0.5598921643472031,0.13238494482625116,0.9985949397087097
4155,3447,integrated_gradient,0.038784822821617125,0.008978521823883057,0.9996182918548584
4156,1522,integrated_gradient,0.32387775706240174,0.028949901687376427,0.9993118047714233
4157,3295,integrated_gradient,0.5383948506934757,0.018374173529446126,0.988055944442749
4158,495,integrated_gradient,0.4512990463990718,0.00012814057500738847,0.9905909895896912
4159,317,integrated_gradient,0.17838181224915217,0.01930954581442869,0.9993842840194702
4160,4319,integrated_gradient,0.04055856068929036,0.00772866408030192,0.9995343685150146
4161,2583,integrated_gradient,0.7470236105999599,0.16758586641452794,0.9699583053588867
4162,4536,integrated_gradient,0.7210603610955231,0.05282647079891629,0.9908421039581299
4163,551,integrated_gradient,0.3918907765461051,0.022091585980809254,0.9982461929321289
4164,950,integrated_gradient,0.3082345226490549,0.01649196741395983,0.999201238155365
4165,2681,integrated_gradient,0.229448377628688,0.005638021069603997,0.9983810186386108
4166,1720,integrated_gradient,0.04017830301414837,0.03270221306328577,0.9995889067649841
4167,3845,integrated_gradient,0.07398349642753602,0.006837423145771027,0.9996449947357178
4168,1653,integrated_gradient,0.47950118698645383,0.02483936455100775,0.998863697052002
4169,1475,integrated_gradient,0.8881598807728062,0.023099850385616988,0.9978700876235962
4170,826,integrated_gradient,0.5076405885330002,0.030586351880005427,0.9985975623130798
4171,2235,integrated_gradient,0.2816682672844483,0.03500175934571486,0.99935382604599
4172,1061,integrated_gradient,0.5628029872989282,0.007972268909215928,0.9881864190101624
4173,2353,integrated_gradient,0.04762834427403469,0.0052147577790653005,0.9995245933532715
4174,2771,integrated_gradient,0.05348179058024758,0.011795260404285631,0.9996633529663086
4175,3467,integrated_gradient,0.35101449955254793,0.177781347462253,0.9501699805259705
4176,1672,integrated_gradient,0.06712421855411015,0.009516290716222814,0.9996485710144043
4177,4093,integrated_gradient,0.9505425769965061,0.10466130980186993,0.9898171424865723
4178,2772,integrated_gradient,0.7755778137846695,0.01921084352458517,0.9981696605682373
4179,1352,integrated_gradient,0.05059825877348582,0.0055120206541485256,0.9992867112159729
4180,1168,integrated_gradient,0.01608143069527366,0.015672020478682085,0.9996587038040161
4181,1928,integrated_gradient,0.6168352072204774,0.04689110070466995,0.9927173852920532
4182,2714,integrated_gradient,0.5821308754570782,0.09379169315099717,0.7320428490638733
4183,3211,integrated_gradient,0.6377594546187496,0.11854041826932929,0.9987195730209351
4184,4227,integrated_gradient,0.495018563020909,0.02105274005678662,0.9991139769554138
4185,2379,integrated_gradient,0.14895349685102702,0.00610002875328064,0.9993844032287598
4186,3649,integrated_gradient,0.8247158430555525,0.09466892220920677,0.9989896416664124
4187,3624,integrated_gradient,0.14775697432640122,0.006350335551471245,0.9996579885482788
4188,3790,integrated_gradient,0.113285390620536,0.02626289839440204,0.9919941425323486
4189,1898,integrated_gradient,0.03298568441754296,0.006966206289473034,0.9995865225791931
4190,1664,integrated_gradient,0.7106963696423918,0.04886910976155808,0.9984980821609497
4191,3412,integrated_gradient,0.061333289017548434,0.038495133052001126,0.9996570348739624
4192,4179,integrated_gradient,0.22956476694283387,0.06180373810736152,0.9532638192176819
4193,32,integrated_gradient,0.465290713052337,0.1047910526394844,0.9760161638259888
4194,1218,integrated_gradient,0.05482957845038556,0.006323001486189822,0.9996414184570312
4195,2565,integrated_gradient,0.019701252723562306,0.0031351221018824085,0.9995566010475159
4196,2385,integrated_gradient,0.06723181009292603,0.00741370439529419,0.9991104006767273
4197,2592,integrated_gradient,0.7038886670555388,0.027163568564823697,0.998818576335907
4198,3443,integrated_gradient,0.021285168826580048,0.050807517021894455,0.9995662569999695
4199,3365,integrated_gradient,0.03291158456551401,0.011909157037734985,0.9996423721313477
4200,338,integrated_gradient,0.6929608696679536,0.03560114318602964,0.9852792024612427
4201,1346,integrated_gradient,0.33449268920554054,0.07258277303642696,0.9897589683532715
4202,4523,integrated_gradient,0.6124159017646754,0.04389082074717239,0.9981122016906738
4203,4054,integrated_gradient,0.5663976382358737,-0.05748974608327701,0.8148842453956604
4204,1577,integrated_gradient,0.25693899765610695,0.020928008759275397,0.9991635084152222
4205,1123,integrated_gradient,0.4731148122701534,0.022179689171702363,0.9992470741271973
4206,3777,integrated_gradient,0.7860970554752238,0.37433225565379663,0.7993559837341309
4207,752,integrated_gradient,0.020331281682719356,0.005673781685207201,0.999661922454834
4208,681,integrated_gradient,0.4847568712324243,0.020655312829396942,0.9991687536239624
4209,4433,integrated_gradient,0.6282370667108089,0.10966870610259082,0.9993265867233276
4210,1904,integrated_gradient,0.2615352195716696,-0.015972144185350493,0.28973811864852905
4211,2342,integrated_gradient,0.4687405810311285,0.020302212968164562,0.9989364743232727
4212,2364,integrated_gradient,0.0362829864025116,0.0074242353439331055,0.9996687173843384
4213,778,integrated_gradient,0.15831381236439793,-0.0730317687710463,0.6467320919036865
4214,3001,integrated_gradient,0.4293750113468956,0.021849209612066097,0.9987093210220337
4215,3200,integrated_gradient,0.46986001617226164,0.050898244432908926,0.9993091821670532
4216,3921,integrated_gradient,0.5583352602596553,0.018028641014166596,0.9991611242294312
4217,3545,integrated_gradient,0.5335138469989247,0.06351966954945751,0.9883450269699097
4218,542,integrated_gradient,0.052283004352024626,0.011029955318995885,0.9996370077133179
4219,2272,integrated_gradient,0.5731896294940574,0.020986933509508768,0.9989991784095764
4220,391,integrated_gradient,0.8572621870246765,0.010698680945655755,0.9576553702354431
4221,1979,integrated_gradient,0.49033100755419584,-0.006762504577636719,0.9399215579032898
4222,1150,integrated_gradient,0.8075867692891734,0.026342552531787078,0.9439349174499512
4223,149,integrated_gradient,0.029465399469648088,0.015936005115509033,0.9994687438011169
4224,2570,integrated_gradient,0.5500619203636521,0.026098209384240602,0.998884379863739
4225,927,integrated_gradient,0.5516168341148712,0.21512960628440073,0.9926952123641968
4226,4017,integrated_gradient,0.10811472842187593,0.007230083147684733,0.9994820952415466
4227,1398,integrated_gradient,0.38516628504822065,0.07160599646615047,0.9988958835601807
4228,3635,integrated_gradient,0.37641515569495304,0.022486279940321333,0.9990284442901611
4229,505,integrated_gradient,0.056532384887818365,0.0457352178712045,0.9994749426841736
4230,3423,integrated_gradient,0.8033300685802272,0.28472852611388916,0.9053910970687866
4231,3247,integrated_gradient,0.3906430887946044,0.007711134850978851,0.9992719292640686
4232,1895,integrated_gradient,0.43811306511310655,0.02648297707653708,0.9993858337402344
4233,2286,integrated_gradient,0.5157886014885402,0.02718112500650542,0.9985120892524719
4234,4232,integrated_gradient,0.6136068249438217,0.11594310061385234,0.9964010715484619
4235,2595,integrated_gradient,0.03663825740416845,0.06015210971236229,0.9982085227966309
4236,1770,integrated_gradient,0.03493626053268845,0.005986774289930189,0.9996064305305481
4237,1267,integrated_gradient,0.3006967465873017,0.02745743863510363,0.995884120464325
4238,3124,integrated_gradient,0.7112893871544106,-0.0636183274063197,0.8890299797058105
4239,2125,integrated_gradient,0.5223365616762922,0.04627623511034818,0.9991903901100159
4240,1659,integrated_gradient,0.5838707720613456,-0.002205522730946541,0.9334602952003479
4241,2909,integrated_gradient,0.4100946820806712,0.06935775652527809,0.9979445338249207
4242,1765,integrated_gradient,0.5760043511011949,0.015756920135269564,0.993634819984436
4243,1560,integrated_gradient,0.577409447398873,0.20059951271253582,0.9978329539299011
4244,2967,integrated_gradient,0.040223053759998746,0.005594884355862935,0.9993798732757568
4245,1416,integrated_gradient,0.6848262891392497,0.057320228325860464,0.9993982315063477
4246,1630,integrated_gradient,0.30636288918820875,0.06800165474414825,0.9948638081550598
4247,449,integrated_gradient,0.5084052788970862,0.029777871574773344,0.9993274211883545
4248,152,integrated_gradient,0.656361279487478,-0.04578452494065716,0.8814172148704529
4249,211,integrated_gradient,0.680911019995706,0.02191830745765141,0.9989579916000366
4250,2032,integrated_gradient,0.6041729535209015,0.03483139843280826,0.9964901804924011
4251,902,integrated_gradient,0.405194142809472,0.0622866900685506,0.9991514682769775
4252,3436,integrated_gradient,0.7661211804048951,0.025729438818212765,0.9870097637176514
4253,3198,integrated_gradient,0.523626107852906,0.01859429180622101,0.998917818069458
4254,57,integrated_gradient,0.6441186954541944,0.052758890708597996,0.9542140960693359
4255,3164,integrated_gradient,0.055642933237786386,0.004826725697984882,0.999634861946106
4256,4303,integrated_gradient,0.014019166117538995,-0.05355111816699835,0.6684200763702393
4257,1927,integrated_gradient,0.59847677767377,0.05157617334690359,0.9988740086555481
4258,3206,integrated_gradient,0.03815985048139418,0.012457533462627514,0.999640703201294
4259,3388,integrated_gradient,0.7110564569646324,0.06727586090776393,0.9989737272262573
4260,816,integrated_gradient,0.07561427106459935,0.008562587201595306,0.9995569586753845
4261,3284,integrated_gradient,0.045477184810136496,0.03808895380873429,0.9995666146278381
4262,2765,integrated_gradient,0.6503044658412154,0.12286594051581162,0.8446167707443237
4263,3970,integrated_gradient,0.04857177483408075,0.008190545596574483,0.999560534954071
4264,885,integrated_gradient,0.5087943840856579,0.06791135987097567,0.9988434314727783
4265,249,integrated_gradient,0.6528532486793871,0.028601825958298098,0.9972788691520691
4266,2203,integrated_gradient,0.5678439290619436,0.04977333403014122,0.9963403940200806
4267,3115,integrated_gradient,0.06756425776132723,0.0075946174016812956,0.9996254444122314
4268,2341,integrated_gradient,0.03902071159939433,0.00704070717789406,0.9996615648269653
4269,4132,integrated_gradient,0.5443330794783696,0.034271830376589076,0.9863123297691345
4270,1781,integrated_gradient,0.05420354257027308,0.005618048210938771,0.9994680285453796
4271,4488,integrated_gradient,0.04511722663174505,0.016960543134938114,0.999626874923706
4272,44,integrated_gradient,0.30198290552466345,0.023452930343456756,0.9990755319595337
4273,2390,integrated_gradient,0.5158030821864182,0.04949274162451426,0.9993762373924255
4274,286,integrated_gradient,0.456392881217074,0.020063913173296234,0.9976373910903931
4275,1094,integrated_gradient,0.5221880260977965,0.28113425291090643,0.8478512167930603
4276,1962,integrated_gradient,0.4083166063635373,0.023451633605302547,0.9990949630737305
4277,4530,integrated_gradient,0.722976429251636,0.022127032825132696,0.9983419179916382
4278,202,integrated_gradient,0.04487140893936157,0.006196873188018799,0.999395489692688
4279,237,integrated_gradient,0.10417439756186112,0.07860835844083973,0.9996422529220581
4280,2519,integrated_gradient,0.7106247629200835,0.07656511137398278,0.9991971850395203
4281,3870,integrated_gradient,0.5617608986794949,0.02538982515825945,0.9918448328971863
4282,1108,integrated_gradient,-0.6810936692169586,-0.08601195408058022,0.0017256962601095438
4283,2449,integrated_gradient,0.7718353594571132,0.029274788630359313,0.9986068606376648
4284,2525,integrated_gradient,0.36167824691211853,0.026402327257233696,0.999263346195221
4285,357,integrated_gradient,0.5570869795147978,0.07310776416536259,0.995868444442749
4286,736,integrated_gradient,0.03860881527264913,0.008259854714075724,0.9995502829551697
4287,3918,integrated_gradient,0.024954558908939363,0.008779549598693847,0.9995150566101074
4288,3848,integrated_gradient,0.059858149773365746,0.011740645846805058,0.9994513392448425
4289,1953,integrated_gradient,0.49667969519006355,-0.02988514071330428,0.9291532039642334
4290,1131,integrated_gradient,0.7995128620160459,0.42798742012948626,0.9742646813392639
4291,261,integrated_gradient,0.2194648046214651,0.0045579638746049665,0.9996565580368042
4292,3113,integrated_gradient,0.3881207659095526,0.03350153923034668,0.9979788661003113
4293,379,integrated_gradient,0.5451558152055169,0.04095449122263396,0.9993801116943359
4294,4263,integrated_gradient,0.47859089963663465,0.024346259446480334,0.9990772008895874
4295,1521,integrated_gradient,0.5399513177452954,0.017941843925250903,0.9993463158607483
4296,1006,integrated_gradient,0.05986521488580948,0.03946180374194414,0.9995046854019165
4297,2099,integrated_gradient,0.5030775569470191,0.022011128685823302,0.996834933757782
4298,4293,integrated_gradient,0.02643014703478132,0.007968905993870326,0.9996528625488281
4299,436,integrated_gradient,0.11433740418690902,0.005560845136642456,0.9996432065963745
4300,368,integrated_gradient,0.468256478143788,0.065633134462405,0.9954442977905273
4301,3335,integrated_gradient,0.4573635561946503,0.027705844957381487,0.9978650212287903
4302,3450,integrated_gradient,0.6063766733737835,0.023205819171528485,0.9942594766616821
4303,939,integrated_gradient,0.37462288939527105,0.026984265954284877,0.999417781829834
4304,3596,integrated_gradient,0.7396924094714353,0.038098083769387385,0.9962910413742065
4305,4027,integrated_gradient,0.03131227195262909,0.005585533877213796,0.9996507167816162
4306,4056,integrated_gradient,0.05351495533658747,0.00510282370082119,0.9996144771575928
4307,3946,integrated_gradient,0.5503195736244763,0.021645449363348775,0.9989486336708069
4308,1429,integrated_gradient,0.2818739143821847,-0.07815193365781735,0.9057272672653198
4309,3847,integrated_gradient,0.6396719495904573,0.04706823920949976,0.9982719421386719
4310,1195,integrated_gradient,0.4987304665133237,0.3281231302647821,0.8628044128417969
4311,1003,integrated_gradient,0.6792572858229057,-0.017786641174287937,0.9442935585975647
4312,1465,integrated_gradient,0.4539731015658213,0.019828550351990593,0.9991002082824707
4313,2308,integrated_gradient,0.9891534754089324,0.03454379295540411,0.9993336796760559
4314,250,integrated_gradient,0.7749673115516392,0.04281939880715476,0.9314371943473816
4315,1579,integrated_gradient,0.4104934930347088,0.04874057431773442,0.9951466917991638
4316,3954,integrated_gradient,0.044328404027362205,0.10764339912769406,0.9996585845947266
4317,1105,integrated_gradient,0.336711676667134,0.026554950326681138,0.9887095093727112
4318,3569,integrated_gradient,0.7050543491495773,0.16707456009965893,0.984534502029419
4319,3943,integrated_gradient,0.2670658727486928,0.05504061186160797,0.9588570594787598
4320,1610,integrated_gradient,0.4484754099124452,0.02248926060955699,0.9991377592086792
4321,3003,integrated_gradient,0.013858514012030835,0.007767140865325928,0.9996428489685059
4322,2100,integrated_gradient,0.6383962066505443,0.02867747809399258,0.9992386102676392
4323,403,integrated_gradient,0.5780816476586055,0.18648853357510894,0.9877170920372009
4324,2746,integrated_gradient,0.4464039891634298,0.01645894704953484,0.9425838589668274
4325,4535,integrated_gradient,0.5342105553371514,0.06285593857334808,0.9988791346549988
4326,1022,integrated_gradient,0.030357804149389267,0.015000253915786743,0.9993900060653687
4327,1764,integrated_gradient,0.5608169859282902,0.028042767403854266,0.9988139867782593
4328,2231,integrated_gradient,0.07565267011523247,0.008480336517095566,0.9986382126808167
4329,3830,integrated_gradient,0.6067115222802386,0.023909245058894156,0.9993945360183716
4330,3357,integrated_gradient,0.019398074324538068,0.011175133833071081,0.9995301961898804
4331,1154,integrated_gradient,0.4007078619407756,0.02118253885280518,0.9990899562835693
4332,4461,integrated_gradient,0.17734592928722195,0.005251043913315753,0.9996380805969238
4333,4356,integrated_gradient,0.31798335120958443,0.04837057147832478,0.9852369427680969
4334,1788,integrated_gradient,0.5839173356071115,-0.05797657568235787,0.8353526592254639
4335,813,integrated_gradient,0.8878504650460349,0.10532632387346691,0.990988552570343
4336,344,integrated_gradient,0.3892263544516431,0.05463595191637675,0.9980541467666626
4337,1353,integrated_gradient,0.634043542617608,0.03676352168068937,0.9471147060394287
4338,3951,integrated_gradient,0.1442206778696605,0.004006918595761669,0.9996528625488281
4339,2427,integrated_gradient,0.12701572406859624,0.008685302166711716,0.9986635446548462
4340,3287,integrated_gradient,0.7319296081550419,0.07561306717495124,0.9768236875534058
4341,1226,integrated_gradient,0.0893867800875408,0.017181275821313624,0.9993801116943359
4342,1678,integrated_gradient,0.3922755769215142,0.055315777086294614,0.9987406134605408
4343,2941,integrated_gradient,0.08185617225926096,0.011408843645235388,0.9994339346885681
4344,1740,integrated_gradient,0.05050309692941061,0.007868933968427704,0.999609649181366
4345,168,integrated_gradient,0.8045608458363197,0.11112768622961912,0.9939910769462585
4346,4577,integrated_gradient,0.6286338110975765,0.02265410361493506,0.9986741542816162
4347,1363,integrated_gradient,0.17163508348166942,0.058385533094406125,0.9993069171905518
4348,853,integrated_gradient,0.21250932097434996,0.03520488172769547,0.9991099238395691
4349,387,integrated_gradient,0.5045195562655435,0.018997895659184923,0.9993614554405212
4350,3356,integrated_gradient,0.44314424959676607,0.13306654280140287,0.9985538125038147
4351,3746,integrated_gradient,0.7659101747831851,0.028738485479896717,0.9982921481132507
4352,3411,integrated_gradient,0.0670055105135991,0.01363230362916604,0.9996423721313477
4353,880,integrated_gradient,0.6923499395525141,0.023500921282296378,0.996950089931488
4354,3464,integrated_gradient,0.5465860264666844,0.01911583325515191,0.9989995360374451
4355,1034,integrated_gradient,0.06594658427768284,0.010398545530107287,0.9996495246887207
4356,3564,integrated_gradient,0.5105135696725814,0.03396680490537123,0.9990552067756653
4357,84,integrated_gradient,0.45893334198362107,0.02168249728327448,0.9993891716003418
4358,3903,integrated_gradient,0.750587731341107,0.05412324282547666,0.9993959665298462
4359,1772,integrated_gradient,0.5082968733946068,0.035107223433442414,0.9169833660125732
4360,42,integrated_gradient,0.4088846758346666,0.09382912347262556,0.9977256655693054
4361,4097,integrated_gradient,0.5179212835171948,0.06935524486977121,0.9840864539146423
4362,2943,integrated_gradient,0.6704561736551113,0.03636978337397942,0.9993330836296082
4363,4262,integrated_gradient,0.6471742589662715,0.04771895946298794,0.9988723397254944
4364,3099,integrated_gradient,-0.03916662466410246,-0.010924757319829753,0.0013185561401769519
4365,3982,integrated_gradient,0.8670360888871882,0.09260564622825679,0.9891585111618042
4366,3797,integrated_gradient,0.48937098130766976,0.48112339054264863,0.6892267465591431
4367,1730,integrated_gradient,0.4676816110414537,0.044614523818547074,0.9928592443466187
4368,2616,integrated_gradient,0.03272844302026849,0.008490389899203652,0.9981910586357117
4369,476,integrated_gradient,0.51443850858645,0.11470548136087207,0.9993278980255127
4370,1489,integrated_gradient,0.36473151462321934,0.020425928316333077,0.9983879327774048
4371,2295,integrated_gradient,0.5787949600461416,0.044691346858332794,0.9973560571670532
4372,468,integrated_gradient,0.6065818370940784,0.019434643133232992,0.9978876709938049
4373,3608,integrated_gradient,0.1672289137813178,0.06765636903318492,0.7348155379295349
4374,4098,integrated_gradient,0.4129615289772429,0.04375744229409753,0.9970888495445251
4375,1874,integrated_gradient,0.34812935325594263,0.04205500210324923,0.9993833303451538
4376,290,integrated_gradient,0.5019867279312827,0.03355860032818534,0.998149037361145
4377,383,integrated_gradient,0.11230094272356766,0.004021007281083327,0.9996250867843628
4378,3175,integrated_gradient,0.7776316072617192,0.02325181420892477,0.999037504196167
4379,4501,integrated_gradient,0.07876255263670764,-0.010937221954448214,0.15053939819335938
4380,3622,integrated_gradient,0.30192208680368604,0.18429288689401888,0.402948260307312
4381,2034,integrated_gradient,0.04218231956913786,0.003939033679242404,0.9970018267631531
4382,363,integrated_gradient,0.7602970776920714,0.2125493974070361,0.9820668697357178
4383,3374,integrated_gradient,0.5075457984577024,0.018055362298208123,0.9983819723129272
4384,1640,integrated_gradient,0.6060872473429109,0.04054211201362832,0.998847484588623
4385,1448,integrated_gradient,0.6206997867275001,0.021261432179898926,0.9979586601257324
4386,957,integrated_gradient,0.5400856754835694,0.095902143381536,0.9979537725448608
4387,4028,integrated_gradient,0.7848046383682035,0.02545749899503347,0.9971436858177185
4388,3583,integrated_gradient,0.3951002711171321,0.024311541138510955,0.9983096122741699
4389,3657,integrated_gradient,0.722216277308762,0.09181836545467377,0.9975359439849854
4390,4436,integrated_gradient,0.7283045999912752,0.020126994616455503,0.9979088306427002
4391,3203,integrated_gradient,0.8236475820054433,0.07167411276272365,0.981618344783783
4392,3487,integrated_gradient,0.7828537714775912,0.06803594235070916,0.9909029603004456
4393,4109,integrated_gradient,0.5929262839157933,0.11361352194632802,0.8144953846931458
4394,197,integrated_gradient,0.023719695149635782,0.0054112916090050525,0.9995786547660828
4395,3854,integrated_gradient,0.4028103134284417,0.03764196405453341,0.9994069337844849
4396,2128,integrated_gradient,0.5413947102046915,0.0225679889498722,0.9993576407432556
4397,2884,integrated_gradient,0.046968939257603065,0.010179435505586512,0.9996544122695923
4398,213,integrated_gradient,0.7214759784009384,0.015463961326346105,0.9946565628051758
4399,2214,integrated_gradient,-0.009145625660076385,-0.002215370405276583,0.00034314801450818777
4400,3161,integrated_gradient,0.03399607902619897,0.006761892539698903,0.9996615648269653
4401,907,integrated_gradient,0.3882931286980416,0.01945463042048847,0.9993670582771301
4402,2498,integrated_gradient,0.7879780238261447,0.023850844148546456,0.9993485808372498
4403,2197,integrated_gradient,0.2386540471791075,0.031171852292922828,0.9991539716720581
4404,1493,integrated_gradient,0.704007071470294,0.04230750374057714,0.9939420819282532
4405,176,integrated_gradient,0.49818401525595357,0.05583793478352683,0.996566116809845
4406,3451,integrated_gradient,0.01925021590608539,0.010227241299369118,0.9996602535247803
4407,2551,integrated_gradient,0.5132892092972595,0.03188953282577651,0.9991881251335144
4408,1829,integrated_gradient,0.03767828182740645,0.007487692616202615,0.9996594190597534
4409,4525,integrated_gradient,0.5484286905979091,0.03273666421977841,0.9990888833999634
4410,47,integrated_gradient,0.5988282028439582,0.030898511628894246,0.9993900060653687
4411,2650,integrated_gradient,0.03783896309988839,0.00943206889288766,0.9996182918548584
4412,139,integrated_gradient,0.36797362413596024,0.03201130303469571,0.9877253174781799
4413,2922,integrated_gradient,0.692406027154489,0.01741387505422939,0.9993960857391357
4414,3642,integrated_gradient,0.5765629655419616,0.025590739492326976,0.99886155128479
4415,3719,integrated_gradient,0.7289333812685477,0.031351668470435676,0.9993595480918884
4416,3053,integrated_gradient,0.5732764907181263,0.22841090440750123,0.9956526756286621
4417,1889,integrated_gradient,0.7146832546660382,0.046338073321078956,0.9871044158935547
4418,1470,integrated_gradient,0.019964332643308137,0.006098113561931409,0.9996492862701416
4419,4096,integrated_gradient,0.4725030973786488,0.09020654292720737,0.9635717272758484
4420,2293,integrated_gradient,0.05682036062566245,0.011041751722010171,0.999536395072937
4421,251,integrated_gradient,0.45786980477472145,0.0709842786192894,0.9791962504386902
4422,4358,integrated_gradient,0.48843380403907405,0.01794974376326022,0.9963322281837463
4423,2791,integrated_gradient,0.45399692879679304,0.018334248413642246,0.9991394281387329
4424,3028,integrated_gradient,0.5163142502514853,0.021260555254088508,0.999372661113739
4425,215,integrated_gradient,0.058466841345248016,0.04025384783744812,0.9996404647827148
4426,2298,integrated_gradient,0.05766535773873329,0.010477648675441742,0.9995597004890442
4427,1533,integrated_gradient,0.665048481086269,-0.03068426936864853,0.8608108758926392
4428,2852,integrated_gradient,0.5113771699239001,0.021610578825307446,0.9964511394500732
4429,933,integrated_gradient,0.040457118125188915,0.0058475179331643245,0.9996296167373657
4430,2679,integrated_gradient,0.5927386930445209,0.11447475478053093,0.9928038716316223
4431,3072,integrated_gradient,0.03445818689134386,0.005456366472774082,0.9995871186256409
4432,1681,integrated_gradient,0.6009187927925365,0.03771038179067855,0.9922989010810852
4433,914,integrated_gradient,0.3965930162418273,0.030815698566936677,0.9993832111358643
4434,2306,integrated_gradient,0.045891104742538096,0.008894518364307493,0.9996342658996582
4435,3841,integrated_gradient,0.19089372553303532,0.021460970765665957,0.9996579885482788
4436,3570,integrated_gradient,0.29308466159978486,0.00724401618495132,0.9994775652885437
4437,2211,integrated_gradient,0.8137558992320644,0.15926861514647803,0.9144052863121033
4438,2857,integrated_gradient,0.02166816923328532,-0.11955182796988922,0.08441520482301712
4439,1766,integrated_gradient,0.3415050579046476,0.02244366882812409,0.9989136457443237
4440,498,integrated_gradient,-0.06557903679147843,-0.09393212628821211,0.03272458165884018
4441,2230,integrated_gradient,0.336055201497705,0.022263581088433664,0.9991729855537415
4442,884,integrated_gradient,0.8311999880707368,0.06602957631860461,0.8953685760498047
4443,3275,integrated_gradient,0.6985645595454045,0.01371014790207732,0.984022319316864
4444,1991,integrated_gradient,0.029996544122695923,0.012137522300084433,0.9995319843292236
4445,3426,integrated_gradient,0.40020673848253124,0.3456463485606407,0.43727901577949524
4446,566,integrated_gradient,0.509513378470532,0.02563036958108077,0.9991306662559509
4447,3457,integrated_gradient,0.32962953825308766,0.03581245098676947,0.9992411136627197
4448,2792,integrated_gradient,0.6278249580074441,0.017863233522935347,0.9982607960700989
4449,4095,integrated_gradient,0.651594965145565,0.018850489018055108,0.9991433620452881
4450,2257,integrated_gradient,0.5203478460837352,0.02343249066095603,0.99796462059021
4451,4129,integrated_gradient,0.05320729742026223,0.12015236392617226,0.2853385806083679
4452,1606,integrated_gradient,0.27870171815156936,0.03024377872546514,0.9987717270851135
4453,439,integrated_gradient,0.0587859774629275,0.0029133069846365186,0.9994128942489624
4454,2737,integrated_gradient,0.6526982768133166,0.01993843987584114,0.9952542781829834
4455,2008,integrated_gradient,0.4767684607738142,0.023352028325546618,0.9962452054023743
4456,3731,integrated_gradient,0.7987712450204012,0.058494490125904915,0.9105895757675171
4457,3519,integrated_gradient,0.459509680879877,0.019628838655796458,0.999151349067688
4458,2678,integrated_gradient,0.0769089110519575,0.005620101223821225,0.9996376037597656
4459,4561,integrated_gradient,0.4784829433852186,0.03026673843463262,0.999054491519928
4460,3617,integrated_gradient,0.8609257793758769,0.13395116158534545,0.9285452961921692
4461,1998,integrated_gradient,0.2452742867242319,0.038566441924283,0.46868228912353516
4462,1121,integrated_gradient,0.30042506669732655,0.17320210817640394,0.9907028675079346
4463,2601,integrated_gradient,0.056827890602025116,0.009490895000371065,0.999442994594574
4464,1261,integrated_gradient,0.035784149781251565,0.01334164539972941,0.9995797276496887
4465,2275,integrated_gradient,0.06757017943018581,-0.15944244135171176,0.3498845398426056
4466,2611,integrated_gradient,0.08123768419027329,0.010397754609584808,0.9996684789657593
4467,844,integrated_gradient,0.5532993425825431,0.018546120293678775,0.9836716055870056
4468,4265,integrated_gradient,0.4826422954059165,0.11906296452102454,0.9942941069602966
4469,27,integrated_gradient,0.3888573806873276,0.019025942201123518,0.9994039535522461
4470,229,integrated_gradient,0.709462408447871,0.009919362664222718,0.970146656036377
4471,862,integrated_gradient,0.05133893273093484,0.007985721934925426,0.9995015859603882
4472,3155,integrated_gradient,0.21420524059794843,0.0054647984604040785,0.999586284160614
4473,4039,integrated_gradient,0.8361343530751765,0.07357749745249748,0.9984656572341919
4474,183,integrated_gradient,-0.01486888082316992,-0.3115045086279596,0.0993981808423996
4475,2360,integrated_gradient,0.05894385230156683,0.06194812636221609,0.997113823890686
4476,2348,integrated_gradient,0.5632973938164386,0.060777373273264275,0.9985082745552063
4477,238,integrated_gradient,0.432759702540793,0.03387113502531341,0.9985505938529968
4478,3180,integrated_gradient,0.4958153267365855,0.025752754730952752,0.9993637204170227
4479,2581,integrated_gradient,0.5071271391752816,-0.029670770546155318,0.9118098616600037
4480,1567,integrated_gradient,0.24521797709167004,0.03630915427437195,0.9991853833198547
4481,2925,integrated_gradient,0.038567795107762017,0.008043392250935236,0.9996145963668823
4482,523,integrated_gradient,0.5489206287477698,0.03135748654603958,0.9991225600242615
4483,1035,integrated_gradient,0.7161820489422392,0.12429474289151463,0.9930290579795837
4484,2402,integrated_gradient,0.04888240752681609,0.042024996011487896,0.9987123012542725
4485,2312,integrated_gradient,0.6229321814607829,0.029908760140339535,0.9987609386444092
4486,1225,integrated_gradient,0.4895010298490524,0.019642666280269623,0.9988546371459961
4487,2069,integrated_gradient,0.027966531423422005,0.006617445212144118,0.9994785189628601
4488,423,integrated_gradient,0.28639874554106165,0.02581675998963319,0.9992967844009399
4489,4427,integrated_gradient,0.5609064864203039,0.030664589452116114,0.9952455163002014
4490,1174,integrated_gradient,0.37566351023979666,0.03046285197502229,0.9901217818260193
4491,1490,integrated_gradient,0.0105110045635339,0.013018154736721155,0.9996395111083984
4492,2020,integrated_gradient,0.7055881320583549,0.021661535582759163,0.9984564781188965
4493,1837,integrated_gradient,0.11863776595621812,-0.4075686121817495,0.33833006024360657
4494,3730,integrated_gradient,0.6993691525429135,0.022847674060158613,0.9989099502563477
4495,1586,integrated_gradient,0.08396727544196109,0.013389885425567627,0.9996424913406372
4496,3595,integrated_gradient,0.35222949425836925,0.025110049075201937,0.9993891716003418
4497,2622,integrated_gradient,0.42681123806935983,0.023274405791265208,0.9994051456451416
4498,2173,integrated_gradient,0.10533227695104404,0.008495744986411853,0.9995648264884949
4499,2153,integrated_gradient,0.04231845000956921,0.005084329463065939,0.9987844824790955
4500,1139,integrated_gradient,0.7940662167190263,0.263427591924223,0.9982008934020996
4501,4101,integrated_gradient,0.666256647492576,0.02891105157988412,0.9991216063499451
4502,4005,integrated_gradient,0.5352061560584439,0.12910552571217218,0.9704930186271667
4503,1530,integrated_gradient,0.5138720496353216,0.023281965677331134,0.9993129968643188
4504,4259,integrated_gradient,0.6819495905801887,0.03380586025682655,0.9887791872024536
4505,2175,integrated_gradient,0.07505895482732895,0.005840957164764404,0.9996013045310974
4506,1016,integrated_gradient,0.5762510594100722,0.031822457616668076,0.9991195797920227
4507,1575,integrated_gradient,0.4721734638818923,0.0851332099706519,0.9941682815551758
4508,1333,integrated_gradient,0.6968101693571291,0.03144059008495374,0.9992026686668396
4509,1380,integrated_gradient,0.7876993624529198,0.10007099747996438,0.9962151646614075
4510,1428,integrated_gradient,0.6495064550408107,0.030954514082302067,0.9597755074501038
4511,2027,integrated_gradient,0.7077328836133417,0.03236093859259899,0.9940024018287659
4512,1039,integrated_gradient,0.5875304130185396,0.020534122362732887,0.9993093013763428
4513,22,integrated_gradient,0.6350425727378447,0.08228038017486416,0.9989134073257446
4514,1276,integrated_gradient,0.06552487798035145,0.007419368252158165,0.9990806579589844
4515,1367,integrated_gradient,0.6405600910995503,0.06375905719239178,0.9825390577316284
4516,147,integrated_gradient,0.4581979819174324,0.03646837866732052,0.9974302649497986
4517,3226,integrated_gradient,0.4054202596846692,0.01858174483533259,0.999040424823761
4518,4586,integrated_gradient,0.3985106806954249,0.03535648327200643,0.9990293979644775
4519,2301,integrated_gradient,0.6549401947383974,0.045685689418845,0.9640269875526428
4520,2466,integrated_gradient,0.05868093429073211,0.009753867503135435,0.9996640682220459
4521,2876,integrated_gradient,0.7366322985818932,0.03739759994622988,0.9597526788711548
4522,2213,integrated_gradient,-0.032578915317571955,-0.0023719541352167856,0.000202023729798384
4523,2261,integrated_gradient,0.5935205702556302,0.018571317554093324,0.9993762373924255
4524,1956,integrated_gradient,0.015754342907298866,-0.04645398047498681,0.04006252810359001
4525,2369,integrated_gradient,0.842996974065132,0.07913533296990902,0.9902411699295044
4526,190,integrated_gradient,0.41082318428541637,0.026348807848989964,0.9993892908096313
4527,1834,integrated_gradient,0.6203797897395606,0.058014202117919925,0.9939466118812561
4528,2393,integrated_gradient,0.5471657944209356,0.1438666350311703,0.9182735681533813
4529,282,integrated_gradient,0.0349412714612895,0.012903072710694938,0.9995655417442322
4530,1916,integrated_gradient,0.504192927852273,0.059939027996733785,0.998993456363678
4531,4527,integrated_gradient,0.7738094042622488,0.02429285113300596,0.9987443685531616
4532,1324,integrated_gradient,0.2765788131703933,0.0701534549992245,0.9988691210746765
4533,3576,integrated_gradient,0.526832138376965,0.046092040635444025,0.9993870258331299
4534,4029,integrated_gradient,0.7951677375273111,0.0328294780225523,0.9975489974021912
4535,1683,integrated_gradient,0.8057498731359374,0.05725715034033941,0.9990891218185425
4536,4353,integrated_gradient,0.2451009709933182,-0.2471461484653069,0.5951279997825623
4537,273,integrated_gradient,-0.26992644815306577,-0.07290159543615063,0.004147555213421583
4538,1970,integrated_gradient,0.3019735156812451,0.017158256538889624,0.9986754059791565
4539,903,integrated_gradient,0.6474300846601269,-0.000822913966008595,0.9416317343711853
4540,3599,integrated_gradient,0.4511396641914661,0.014792556544909111,0.9990440011024475
4541,2499,integrated_gradient,0.7295063767977991,0.4044435828179121,0.7935299277305603
4542,3514,integrated_gradient,0.3738603403224893,0.06152655095185922,0.9993149042129517
4543,2991,integrated_gradient,0.6945337416594779,0.02388046642667369,0.9989377856254578
4544,3705,integrated_gradient,0.5246587102708873,0.023079275898635388,0.9988238215446472
4545,2014,integrated_gradient,0.06031895571566643,0.005291565935662452,0.9996583461761475
4546,257,integrated_gradient,0.4468738332701226,0.16211369495700906,0.9950889945030212
4547,3721,integrated_gradient,0.016671211015982706,0.02114426112565838,0.9996111989021301
4548,2368,integrated_gradient,0.06005342139138116,0.0063442826271057125,0.999622106552124
4549,3689,integrated_gradient,0.05081531976131683,0.01317944552036042,0.9996510744094849
4550,2574,integrated_gradient,0.022377369078722866,0.004668461553978197,0.9995563626289368
4551,4260,integrated_gradient,0.4159372278531505,-0.003934646194631403,0.922892689704895
4552,517,integrated_gradient,0.43903899578787875,-0.016716416805021225,0.9671018719673157
4553,3170,integrated_gradient,-0.024831320646823057,-0.042346663584278244,0.012250982224941254
4554,3201,integrated_gradient,0.9092697361717,0.03915738761425018,0.997749388217926
4555,3194,integrated_gradient,0.1800412746227306,-0.03806783161733462,0.8306804895401001
4556,3897,integrated_gradient,0.49549919180572033,0.02372646238654852,0.9989411234855652
4557,858,integrated_gradient,0.8179918790701777,0.03497448214329779,0.9929360747337341
4558,19,integrated_gradient,-0.04768719565537241,0.04904106135169665,0.632340669631958
4559,699,integrated_gradient,0.024192726170575177,0.013009614414638944,0.9980823993682861
4560,575,integrated_gradient,0.07560620084404945,0.004267229388157527,0.9996497631072998
4561,1646,integrated_gradient,0.026159702312378658,0.00584118990671067,0.9989633560180664
4562,3623,integrated_gradient,0.21470040073845445,0.040989971378954444,0.9993762373924255
4563,599,integrated_gradient,0.7640123277880775,0.10122630726546049,0.9796587228775024
4564,2894,integrated_gradient,0.10021863248613146,0.005345296859741211,0.9996252059936523
4565,305,integrated_gradient,0.8790989119102651,0.03942277633918906,0.9989272952079773
4566,3433,integrated_gradient,0.07502959696751721,0.009575781957158502,0.9994997978210449
4567,3826,integrated_gradient,0.7583038371159798,0.1096991221110026,0.8962622880935669
4568,1350,integrated_gradient,0.6041748654645156,0.028177833184599876,0.9993466734886169
4569,2129,integrated_gradient,0.6784653816033493,0.020983199334957382,0.999143123626709
4570,1422,integrated_gradient,0.3929371232362954,0.022457412591106014,0.9969171285629272
4571,3819,integrated_gradient,0.6552544559943437,0.0204174571077932,0.9985499978065491
4572,1527,integrated_gradient,0.034906328916549684,0.009716237783432008,0.9996610879898071
4573,1087,integrated_gradient,0.037227598103609955,0.005947629159147089,0.9996534585952759
4574,1484,integrated_gradient,0.6640598886850767,0.03399967020604669,0.9934612512588501
4575,3513,integrated_gradient,0.6341920530358038,0.13568356689065694,0.9972319006919861
4576,3361,integrated_gradient,0.08628962768448724,0.0103989839553833,0.9984989166259766
4577,1323,integrated_gradient,0.8253682486674128,0.08954138706127802,0.8490097522735596
4578,1553,integrated_gradient,0.6292457144064385,0.021000017012868608,0.9981650710105896
4579,3687,integrated_gradient,0.02818987731422697,0.006540568811552865,0.999544084072113
4580,4368,integrated_gradient,0.4999609604598053,0.030852605979288777,0.9993839263916016
4581,3165,integrated_gradient,0.37551227286862937,0.02190025515206482,0.9991828799247742
4582,1309,integrated_gradient,0.7219913882118735,0.03792883636373462,0.9990371465682983
4583,2983,integrated_gradient,0.5937030806134527,0.026969452507984944,0.998909592628479
4584,3378,integrated_gradient,0.5685729354068085,0.026568701559746707,0.9752357006072998
4585,345,integrated_gradient,0.44134768665200047,0.3858102316279774,0.6180360913276672
4586,1086,integrated_gradient,0.7897655218548607,0.02309239860624075,0.999163031578064
4587,923,integrated_gradient,0.5973247749575724,0.03064936598141988,0.9990264177322388
4588,1571,integrated_gradient,0.03196070343255997,0.01068621501326561,0.9995949864387512
4589,842,integrated_gradient,0.7927356318485144,0.13712625958177507,0.94442218542099
4590,2165,integrated_gradient,0.9362067490404186,0.020630202184502896,0.9938048124313354
4591,608,integrated_gradient,0.8789234900231468,0.019699539989233017,0.9991636276245117
4592,285,integrated_gradient,0.5375719486566429,0.02095799029550769,0.9989277720451355
4593,2009,integrated_gradient,0.4574758661487563,0.04157067530534484,0.9982799291610718
4594,807,integrated_gradient,0.2910457027123071,0.0065759822379711065,0.9985068440437317
4595,4511,integrated_gradient,0.18664483757068714,0.0378610094388326,0.9992815852165222
4596,2495,integrated_gradient,0.2877932805020143,0.03848324044078004,0.9993853569030762
4597,405,integrated_gradient,0.6369252649934164,0.01945913795913969,0.9992332458496094
4598,218,integrated_gradient,0.5837272407727376,0.048465813119565285,0.9968808889389038
4599,1976,integrated_gradient,0.6366839576645621,0.08478228045361383,0.9981683492660522
4600,4040,integrated_gradient,0.7059784428989091,-0.08791810003193942,0.841234028339386
4601,2461,integrated_gradient,0.6063904136447518,0.028984963103677288,0.999382734298706
4602,2095,integrated_gradient,0.5268908366385214,0.04156416471836702,0.9986758828163147
4603,327,integrated_gradient,0.442531351846507,0.1418177446971337,0.5409786105155945
4604,2957,integrated_gradient,0.6374880476179927,0.010855209776910684,0.9883548021316528
4605,1778,integrated_gradient,0.6268032155348919,0.0375839446981748,0.9987016916275024
4606,688,integrated_gradient,0.9178133310700874,0.023771194693369743,0.9988686442375183
4607,393,integrated_gradient,0.49901835904576075,0.2888620113550972,0.763340413570404
4608,3495,integrated_gradient,0.34452798337025464,0.033824853177340526,0.9989851117134094
4609,2741,integrated_gradient,0.45299025118457276,0.04163214782981769,0.9993811845779419
4610,3105,integrated_gradient,0.6499108383836953,0.4262989872823591,0.8594332337379456
4611,3579,integrated_gradient,0.5351508616935462,0.1756287209689617,0.9866344928741455
4612,4460,integrated_gradient,0.4705389272025291,0.07839033229553953,0.9910475611686707
4613,1491,integrated_gradient,0.1615420598291645,0.007476977611842908,0.9995924830436707
4614,882,integrated_gradient,0.6968360025461556,0.04932738385266728,0.9961193799972534
4615,2085,integrated_gradient,0.749243966956985,0.10314837318879587,0.9988679885864258
4616,1769,integrated_gradient,0.7833354861345575,0.02232964371525964,0.9970420002937317
4617,3177,integrated_gradient,0.6053989811933467,0.00301865211554936,0.9704149961471558
4618,3766,integrated_gradient,0.43446695174162203,0.047810654323070474,0.9971404075622559
4619,2049,integrated_gradient,0.19261226267553866,0.028595647541806102,0.9991164803504944
4620,794,integrated_gradient,0.027869775891304016,0.007080548188903115,0.9996032118797302
4621,1617,integrated_gradient,0.6161909448492224,0.08856682505251633,0.998904824256897
4622,21,integrated_gradient,0.38868784383629207,0.01873772087748404,0.9993841648101807
4623,2626,integrated_gradient,0.046352777216169566,0.005602843231625027,0.9995206594467163
4624,2199,integrated_gradient,-0.024547647902121147,0.022588764115547142,0.039611686021089554
4625,4578,integrated_gradient,0.04885706749368221,0.018168484911005547,0.9995160102844238
4626,1535,integrated_gradient,0.630804008707918,0.05234639898970209,0.998128354549408
4627,1012,integrated_gradient,0.6863355385739851,0.24329863814637065,0.8239738345146179
4628,3302,integrated_gradient,0.4307762881368399,0.018361117243766784,0.9989655017852783
4629,3059,integrated_gradient,0.4618873819427487,0.05311234071850777,0.9987943172454834
4630,1172,integrated_gradient,0.07244480299678716,0.00463032451542941,0.9996435642242432
4631,3322,integrated_gradient,0.3629970429578144,0.021155622248586855,0.9941058158874512
4632,3232,integrated_gradient,0.8152912713862448,0.19118934158574452,0.9047036170959473
4633,3859,integrated_gradient,0.024866165258945562,0.025176859818972074,0.9996185302734375
4634,1015,integrated_gradient,0.49638033186107183,0.022012735608705255,0.9992378950119019
4635,1364,integrated_gradient,0.23448790257553692,0.006388482840164848,0.9995948672294617
4636,2757,integrated_gradient,0.033464608965693296,0.010102690071673007,0.9983596205711365
4637,182,integrated_gradient,0.7765424550949213,0.02081690699446435,0.9991540908813477
4638,1107,integrated_gradient,0.08219058811664581,0.02746873762872484,0.9995881915092468
4639,188,integrated_gradient,0.49730950482189656,-0.0027058584349496026,0.867632269859314
4640,2990,integrated_gradient,0.5240711925240854,0.08872051229203255,0.9552038908004761
4641,2951,integrated_gradient,0.6930799304512524,0.10397498731860348,0.9824032783508301
4642,3539,integrated_gradient,0.05702641071417393,0.017465886397239488,0.9996664524078369
4643,3473,integrated_gradient,0.5088069215562427,0.048909797022740044,0.9990646243095398
4644,1655,integrated_gradient,0.5282290764557926,0.01666660169544427,0.9905045628547668
4645,3422,integrated_gradient,0.6194034033940862,0.023800677417413048,0.9972403049468994
4646,4077,integrated_gradient,0.26833677982411736,0.08877808119102222,0.9940881729125977
4647,3015,integrated_gradient,0.041879227084498254,0.009263663522658809,0.998708963394165
4648,2713,integrated_gradient,0.23888429239965403,0.005060900862400348,0.9995044469833374
4649,3397,integrated_gradient,0.6633135002264952,0.020499523491301436,0.9989211559295654
4650,1266,integrated_gradient,0.586389629835529,0.04557579414298137,0.9979817867279053
4651,1623,integrated_gradient,0.48055025179368943,0.01765015062231284,0.9991612434387207
4652,3358,integrated_gradient,0.5955604658949942,0.02230142110160419,0.9993563294410706
4653,373,integrated_gradient,0.047615643590688705,0.006429808214306831,0.9982847571372986
4654,2026,integrated_gradient,0.30524067961507373,0.043419460724625325,0.9989233613014221
4655,1524,integrated_gradient,0.4491644419389419,0.03509149413842421,0.999204695224762
4656,422,integrated_gradient,0.7008841037251321,0.017120172402688434,0.9925078749656677
4657,3169,integrated_gradient,0.02804339983884026,0.006126075983047485,0.9977535605430603
4658,3650,integrated_gradient,0.04868839220567183,0.004292854395779697,0.9994427561759949
4659,3800,integrated_gradient,0.6025433510125793,0.1438773276006922,0.9711559414863586
4660,1120,integrated_gradient,0.40288729087080594,0.01825846942528239,0.9991294741630554
4661,2249,integrated_gradient,0.2527566405316425,0.02199499976149825,0.9993816614151001
4662,4043,integrated_gradient,0.04501194732133732,0.0672133423247223,0.9996614456176758
4663,616,integrated_gradient,0.3806065309407382,0.048154168601693775,0.9961885809898376
4664,2691,integrated_gradient,0.5258313109091407,0.05014879347102062,0.9967065453529358
4665,2043,integrated_gradient,0.5345904614743111,0.015626559499651194,0.9938713312149048
4666,3188,integrated_gradient,0.5172415941441432,0.027856308370828628,0.9944091439247131
4667,2835,integrated_gradient,0.4849411828371768,0.019274578573038943,0.9991340041160583
4668,4211,integrated_gradient,0.026270339886347454,0.010798494021097818,0.9993029832839966
4669,917,integrated_gradient,0.46580962564621586,0.019509632838889956,0.9877347350120544
4670,4100,integrated_gradient,0.5269506525972651,0.020452428691916994,0.9991710186004639
4671,1162,integrated_gradient,0.3569903849033503,0.04722542420211362,0.99937504529953
4672,3716,integrated_gradient,0.45794381702665327,0.02134555647539538,0.9991697072982788
4673,1248,integrated_gradient,0.03660537411526936,0.006972436497851116,0.9996421337127686
4674,828,integrated_gradient,0.07660274429524198,0.008517440329206752,0.999652624130249
4675,2243,integrated_gradient,-0.004232202378672457,-0.014121633563791551,0.02451511286199093
4676,2902,integrated_gradient,0.3617311049744768,0.017528014362982985,0.9986756443977356
4677,337,integrated_gradient,0.5275287822079964,0.06008632500202228,0.9972852468490601
4678,2351,integrated_gradient,0.4531611171015538,0.019136464297771452,0.9993780851364136
4679,1959,integrated_gradient,0.5917029522184748,0.024147718027234078,0.995726466178894
4680,3431,integrated_gradient,-0.421099140541628,-0.024889820769203652,0.10540931671857834
4681,4374,integrated_gradient,0.5108710831145242,0.04059369405921625,0.9985717535018921
4682,1102,integrated_gradient,0.04953451951344808,0.035995698336398964,0.9996216297149658
4683,1246,integrated_gradient,0.016698135618577924,0.0032778298645688778,0.9996531009674072
4684,1176,integrated_gradient,0.4136487825670176,0.020486664275328317,0.9989305138587952
4685,4579,integrated_gradient,0.03027840455373128,0.005225618680318196,0.9996460676193237
4686,3195,integrated_gradient,0.13036944612395018,0.36422144674596735,0.5380821824073792
4687,2790,integrated_gradient,0.6788494780659675,0.035531186163425446,0.997856080532074
4688,3877,integrated_gradient,0.716495383439386,0.04950197715134848,0.9847211241722107
4689,93,integrated_gradient,0.7477049636911752,0.023290962327358333,0.9966663718223572
4690,2795,integrated_gradient,0.8593340807993947,0.07181834308682261,0.9456225037574768
4691,2317,integrated_gradient,0.5359877449650825,0.014551332051103765,0.9903320670127869
4692,385,integrated_gradient,0.35316620723401404,0.019714594039381767,0.9993897676467896
4693,913,integrated_gradient,0.3070412516368158,0.02905475404677969,0.9993676543235779
4694,693,integrated_gradient,0.5615424652178599,0.01762682530615065,0.9962208867073059
4695,3241,integrated_gradient,0.5974386697082081,0.05032762549817562,0.9692100286483765
4696,2471,integrated_gradient,0.5470826290167716,0.017790101620615745,0.9959734082221985
4697,311,integrated_gradient,0.5221844544493646,0.01842332757868857,0.9990488886833191
4698,334,integrated_gradient,0.37140461616877046,0.002624459986416799,0.9995749592781067
4699,861,integrated_gradient,0.04488996664683024,0.013219486784051966,0.999603807926178
4700,1454,integrated_gradient,0.4638761320254869,0.02585415956046846,0.9986516833305359
4701,2684,integrated_gradient,0.6646495473270199,0.017486339470125595,0.9983585476875305
4702,1224,integrated_gradient,0.9456957289648633,0.20809990636283351,0.9987661838531494
4703,2585,integrated_gradient,0.042948007583618164,0.002585154406878413,0.9996428489685059
4704,708,integrated_gradient,0.3844365539920071,0.026761982347006382,0.9990423321723938
4705,3141,integrated_gradient,0.035915389009144,0.006582748630772467,0.9996360540390015
4706,38,integrated_gradient,0.5876439750992983,0.018048015546123935,0.9987980127334595
4707,2683,integrated_gradient,0.6315622149966658,0.027257307898253202,0.9991934895515442
4708,935,integrated_gradient,0.5414574454462497,0.07503006379215085,0.9993172883987427
4709,3339,integrated_gradient,0.047368932029475334,0.013238709905873175,0.9996575117111206
4710,1325,integrated_gradient,0.6509058624505997,0.03499318936536478,0.9985232949256897
4711,2120,integrated_gradient,0.16066517580846124,-0.10258912134404276,0.19119592010974884
4712,470,integrated_gradient,0.48132365502462515,0.05130143372750864,0.990198016166687
4713,3393,integrated_gradient,0.04926753205222052,0.006506204605102539,0.999430239200592
4714,1942,integrated_gradient,0.027770064771175385,0.007725648581981659,0.9994478821754456
4715,3371,integrated_gradient,0.6154040418655818,0.025169091299176216,0.9987943172454834
4716,1713,integrated_gradient,0.4091928262749444,-0.06460760193674461,0.6230827569961548
4717,160,integrated_gradient,0.03830385885455392,0.006389069286259738,0.9995412826538086
4718,1192,integrated_gradient,0.03437152057886124,0.03951762616634369,0.9996260404586792
4719,2161,integrated_gradient,0.021636212194288098,0.011568304654714224,0.9995623230934143
4720,3925,integrated_gradient,0.8267728051506593,0.0339790300511923,0.9971501231193542
4721,3619,integrated_gradient,0.5108428951286311,0.00928340277501515,0.9700282216072083
4722,4209,integrated_gradient,0.8057833619037783,0.009570867396317996,0.9316954016685486
4723,3524,integrated_gradient,0.48233739302858064,0.0750595630834932,0.9987012147903442
4724,353,integrated_gradient,0.34641730785369873,0.017605212878207772,0.9980803728103638
4725,2548,integrated_gradient,0.4359249231984861,0.08277097805520975,0.9991563558578491
4726,4202,integrated_gradient,0.03905197041375297,0.010481575557163784,0.9917930960655212
4727,1014,integrated_gradient,0.3599859140136025,0.023264220763336528,0.9905891418457031
4728,1200,integrated_gradient,0.5782246210066408,0.028489492576697778,0.9971856474876404
4729,4580,integrated_gradient,0.012003973678306298,0.0027251276705000135,0.9996461868286133
4730,3087,integrated_gradient,0.5411227208512303,0.040716822259128094,0.9990992546081543
4731,1305,integrated_gradient,0.6207687148125842,0.023376451525837182,0.998984158039093
4732,112,integrated_gradient,0.03136453963816166,0.00722334161400795,0.9995773434638977
4733,1853,integrated_gradient,0.48283220026077645,0.02952527886990345,0.9979832172393799
4734,4310,integrated_gradient,0.4611245911828307,0.02849678556586421,0.9988314509391785
4735,3873,integrated_gradient,0.06417212674492284,0.006647986801047074,0.9996566772460938
4736,4216,integrated_gradient,0.531093681081778,0.01823356325896281,0.9993083477020264
4737,14,integrated_gradient,-0.11403072230956134,-0.15848462371265187,0.7737482786178589
4738,3915,integrated_gradient,0.8584921782011017,0.08000425121613912,0.9990742206573486
4739,2387,integrated_gradient,0.47513311278695863,0.02165174643908228,0.9984325766563416
4740,533,integrated_gradient,0.5689624501808014,0.0011460483961162112,0.6080431342124939
4741,3551,integrated_gradient,0.27373718919365536,0.07696282045383539,0.9923055768013
4742,851,integrated_gradient,0.4089739023792473,0.02072669379413128,0.9991269707679749
4743,1418,integrated_gradient,0.37848092883002227,-0.018303474705470234,0.8733924031257629
4744,3446,integrated_gradient,0.3102285479721816,0.020114509631758152,0.998358428478241
4745,1318,integrated_gradient,0.6951387133449316,0.02068645083768801,0.9967293739318848
4746,677,integrated_gradient,0.03827576637268067,0.008971152986798967,0.9994944334030151
4747,3740,integrated_gradient,0.4426899547957873,0.14149629314197226,0.9993976354598999
4748,1317,integrated_gradient,0.7895193074803158,-0.06008333187611377,0.8506525158882141
4749,1072,integrated_gradient,0.9655136310434318,0.019706783518195152,0.999428927898407
4750,4275,integrated_gradient,0.18705580521491355,-0.24436790975742043,0.3607975244522095
4751,655,integrated_gradient,0.7903639823198318,-0.03955617213043673,0.9027310013771057
4752,3128,integrated_gradient,0.7994755836339985,0.011061615333324525,0.9740851521492004
4753,3143,integrated_gradient,0.04668843150138855,0.013047045469284058,0.9995619654655457
4754,568,integrated_gradient,0.7064393513490879,0.29954126753727905,0.9719793200492859
4755,1871,integrated_gradient,0.056606163084506986,0.006243181228637695,0.9996623992919922
4756,3956,integrated_gradient,0.38164096361207256,0.05199234022034539,0.9993952512741089
4757,121,integrated_gradient,0.07716558980090278,0.01080159842967987,0.9996229410171509
4758,3150,integrated_gradient,0.7701440398459849,0.026302486334158028,0.9991140961647034
4759,587,integrated_gradient,0.03040701150894165,0.019126957807785425,0.9996590614318848
4760,3061,integrated_gradient,0.755574425447813,0.05288246920218273,0.99899822473526
4761,3162,integrated_gradient,0.5240311516724803,0.01789826899766922,0.9993732571601868
4762,1254,integrated_gradient,0.02170191272612541,0.002657820140161822,0.999588668346405
4763,2658,integrated_gradient,0.45429358785932367,0.042767846520910875,0.9991675615310669
4764,163,integrated_gradient,0.43893566957747493,0.02618190607467255,0.9969267249107361
4765,1322,integrated_gradient,0.4900965414274095,0.02726145355559107,0.9988309741020203
4766,4249,integrated_gradient,0.5684950547991321,0.09034359522841194,0.9448575377464294
4767,360,integrated_gradient,0.7327578995947636,0.022558505256329815,0.9987766146659851
4768,1768,integrated_gradient,0.3749790520007494,0.07378973675680892,0.9953357577323914
4769,732,integrated_gradient,0.8126563061698107,0.05631097752775531,0.9988956451416016
4770,2671,integrated_gradient,0.6459735139224935,0.10964264039849413,0.9971069693565369
4771,691,integrated_gradient,0.2511969826241634,0.059986930239844964,0.3396788239479065
4772,79,integrated_gradient,0.7896245366600515,0.01788624541627036,0.9992596507072449
4773,2776,integrated_gradient,0.5325954426536389,0.020510992881926624,0.9976473450660706
4774,1053,integrated_gradient,0.6797992266239781,0.3419684869346811,0.9929702877998352
4775,410,integrated_gradient,0.4079619382851218,0.016554072891411028,0.9991416931152344
4776,4367,integrated_gradient,0.40090807234602316,0.03220567178158533,0.9851753115653992
4777,1667,integrated_gradient,0.3290705319494009,0.022712698578834532,0.9980067610740662
4778,3349,integrated_gradient,0.8678042243272233,0.052053090504237585,0.9923461675643921
4779,2672,integrated_gradient,0.36451356299221516,0.00941625147154837,0.9995920062065125
4780,4038,integrated_gradient,0.5823781339169082,0.014914275777916755,0.9987791180610657
4781,4552,integrated_gradient,0.6459968122105826,0.028790367219377968,0.9967419505119324
4782,1542,integrated_gradient,0.05329569505185497,0.010559832563205642,0.9995275735855103
4783,1336,integrated_gradient,0.024313018602483413,0.005072648618735519,0.9993784427642822
4784,1519,integrated_gradient,0.49095787728826207,0.024412542677078493,0.9993535876274109
4785,1229,integrated_gradient,0.471919366158545,0.055344218611717226,0.9993834495544434
4786,1968,integrated_gradient,0.6796201742642248,0.02405571440855662,0.9963032007217407
4787,4416,integrated_gradient,0.5376934419598496,0.019002615098367658,0.9992473125457764
4788,2109,integrated_gradient,0.7095299106564557,0.0764087314076233,0.9979265928268433
4789,725,integrated_gradient,0.6101240007001685,0.06622129075583957,0.9994057416915894
4790,1134,integrated_gradient,0.4995477737725845,0.196138188863794,0.700931966304779
4791,101,integrated_gradient,0.4413283664085295,0.03390831079172051,0.971911609172821
4792,4266,integrated_gradient,0.8510445036145664,0.07741043058245681,0.9966752529144287
4793,2253,integrated_gradient,0.5421642088454414,0.03035510980930084,0.9985866546630859
4794,1269,integrated_gradient,0.03504099448521932,0.004360580195983251,0.9996598958969116
4795,2813,integrated_gradient,0.486222177531038,0.0270131060055324,0.9991287589073181
4796,193,integrated_gradient,0.5158919994013779,0.0284170861722845,0.998537540435791
4797,1127,integrated_gradient,0.5414924542545467,0.07870614168712416,0.9993529915809631
4798,2871,integrated_gradient,0.6886072481312312,0.023194855487928157,0.9991708993911743
4799,3470,integrated_gradient,0.2975793299059767,0.08676137665615362,0.54932701587677
4800,280,integrated_gradient,0.6617371535658573,0.027341760891048533,0.9991291165351868
4801,1696,integrated_gradient,0.3919723693591853,0.03719912334862682,0.9993871450424194
4802,2623,integrated_gradient,0.039479115274217394,0.007954267660776775,0.9995787739753723
4803,2139,integrated_gradient,0.48502936505753064,0.021109619056401047,0.9994019269943237
4804,3438,integrated_gradient,0.03727216476743871,0.008257547562772577,0.9996529817581177
4805,82,integrated_gradient,0.07671809177845716,0.019526350498199462,0.9996553659439087
4806,876,integrated_gradient,0.19001504181263348,-0.05096947870872639,0.5930060744285583
4807,2719,integrated_gradient,0.05133635820226466,0.012399544107153061,0.9995077848434448
4808,2374,integrated_gradient,0.05626220138449418,0.023618938107239574,0.999235987663269
4809,1569,integrated_gradient,0.7314407809171826,0.14110858831059267,0.9976327419281006
4810,2416,integrated_gradient,0.03282503535350164,0.005538177986939748,0.9995030164718628
4811,3724,integrated_gradient,0.6138222967806671,0.024523415522915978,0.996752142906189
4812,3511,integrated_gradient,0.768727743960917,0.06237559005618096,0.9970585107803345
4813,4046,integrated_gradient,0.3881285672455474,-0.0018312837066197837,0.9460201859474182
4814,2132,integrated_gradient,0.5149012986401266,0.07000466937368566,0.9987367987632751
4815,2932,integrated_gradient,0.366664991933195,0.029481052585384426,0.9991791844367981
4816,3414,integrated_gradient,0.040332837160243544,-0.025522244531054828,0.9524268507957458
4817,1009,integrated_gradient,0.060023909661828016,0.029587853518201084,0.9996192455291748
4818,4171,integrated_gradient,0.22875152623370323,0.006274373066134569,0.9995684027671814
4819,1439,integrated_gradient,0.09136713950001464,0.012545630639913131,0.9993966817855835
4820,3603,integrated_gradient,0.3088810075680877,0.08211808027916176,0.998826801776886
4821,2680,integrated_gradient,0.4045590755036649,0.018871540751527336,0.9993784427642822
4822,4297,integrated_gradient,0.04479551882970901,0.006344673179444813,0.9996525049209595
4823,630,integrated_gradient,0.47945366563896336,0.03443458742565579,0.9986656904220581
4824,638,integrated_gradient,0.5160733072151398,0.042278973193004214,0.9989514350891113
4825,455,integrated_gradient,0.79167370212839,0.055696413733382175,0.9898774027824402
4826,129,integrated_gradient,0.04400186936060588,0.055744232402907476,0.999648928642273
4827,3544,integrated_gradient,0.3680861479101273,0.024269629842959918,0.9991468191146851
4828,2705,integrated_gradient,0.30740077306892577,0.006032481789588928,0.9954513907432556
4829,4542,integrated_gradient,0.43543567909401354,0.01635359814864094,0.9993721842765808
4830,1736,integrated_gradient,0.4497988058461083,0.03419070249354398,0.9991322159767151
4831,1442,integrated_gradient,0.782211448875165,0.047419032127392,0.9975928664207458
4832,836,integrated_gradient,0.8252076116987155,0.02920860843732953,0.9985809326171875
4833,3713,integrated_gradient,0.2649377388640856,0.024309800030329287,0.9985994696617126
4834,963,integrated_gradient,-0.030751687137345815,-0.22633690862306233,0.17056235671043396
4835,3500,integrated_gradient,0.7593284535495332,0.04201849639415741,0.9967949986457825
4836,1386,integrated_gradient,0.29938705591484904,0.039282615063712,0.9987132549285889
4837,3631,integrated_gradient,0.6781432992417593,0.019264740071126392,0.9985203146934509
4838,3220,integrated_gradient,0.7359206211472423,0.019061962398243884,0.9989356398582458
4839,1920,integrated_gradient,0.5040243636096169,0.031145086062365566,0.9989533424377441
4840,3065,integrated_gradient,0.5299071891794858,0.028548871112220427,0.9983017444610596
4841,4122,integrated_gradient,0.28501601589678394,0.01119588844237789,0.999610960483551
4842,2735,integrated_gradient,0.7292342750442913,0.02067868902601979,0.9991235136985779
4843,1441,integrated_gradient,0.65664158675082,0.02253066109759467,0.9989312291145325
4844,860,integrated_gradient,0.5285469620192255,0.07589459397025745,0.9953527450561523
4845,930,integrated_gradient,0.03102838577226151,0.09534638030129637,0.9996181726455688
4846,2920,integrated_gradient,0.6214747205004743,0.032355573028326035,0.9982183575630188
4847,3073,integrated_gradient,0.49947302458951104,0.05847423580976633,0.9701750874519348
4848,2537,integrated_gradient,0.4358998645535287,0.05450798012316227,0.9980552196502686
4849,4582,integrated_gradient,0.3851221187647841,0.017298179428751875,0.9957790374755859
4850,173,integrated_gradient,0.019831816651927892,0.00946470872679753,0.9995403289794922
4851,1056,integrated_gradient,0.5074991091800433,0.028196423765151732,0.9974812865257263
4852,2870,integrated_gradient,0.8118052265076825,0.02433721466284049,0.9991783499717712
4853,50,integrated_gradient,0.5146688114972287,-0.06872806937566825,0.7346057295799255
4854,2560,integrated_gradient,0.03999490309984256,0.012727661010546561,0.9995317459106445
4855,31,integrated_gradient,0.023956565480483204,0.026375510190662584,0.9975511431694031
4856,3419,integrated_gradient,0.13020047666554518,0.005708641194282694,0.999573290348053
4857,3023,integrated_gradient,0.46656524007982114,0.016407937505992794,0.9993419051170349
4858,1433,integrated_gradient,0.4274039813851724,0.05042133614665172,0.9986405968666077
4859,399,integrated_gradient,0.027023965821546668,0.026750346317010766,0.9993828535079956
4860,3793,integrated_gradient,0.2825008485673202,0.04203876447346475,0.9993870258331299
4861,3354,integrated_gradient,0.03109101764857769,0.007876841351389885,0.9995185136795044
4862,749,integrated_gradient,0.03565551235667607,-0.07802706653074849,0.05760134384036064
4863,3479,integrated_gradient,0.40878763756431313,0.03973883277048235,0.9991241097450256
4864,3212,integrated_gradient,0.31731120496988297,-0.17498436549471486,0.7634863257408142
4865,617,integrated_gradient,0.09588198626742643,0.00995106907451854,0.9996562004089355
4866,4442,integrated_gradient,0.44762020254841983,0.024452676471227255,0.9993718266487122
4867,2130,integrated_gradient,0.7165793547342062,0.01933253440877487,0.9974406957626343
4868,283,integrated_gradient,0.5261790146851646,0.02616183864218848,0.998022198677063
4869,4517,integrated_gradient,0.4472671729468164,0.0405338697490238,0.9982185959815979
4870,1217,integrated_gradient,0.6001480861425238,0.021276262467322143,0.9991003274917603
4871,55,integrated_gradient,0.7232009109618958,0.033398559937874474,0.9983003735542297
4872,2038,integrated_gradient,0.2819843664765358,0.033920768648386,0.9988310933113098
4873,1302,integrated_gradient,0.28812219735912303,0.021313659846782684,0.9991274476051331
4874,2767,integrated_gradient,-0.05196232907474041,-0.10662745790822166,0.6745148301124573
4875,1813,integrated_gradient,0.7670804288038356,0.02062297458557979,0.9990988969802856
4876,3881,integrated_gradient,0.7409418092413236,0.090944635681808,0.9991833567619324
4877,434,integrated_gradient,0.025008057725840603,0.0087430189395773,0.9995984435081482
4878,115,integrated_gradient,0.19017306535637804,0.0028273899640355793,0.9996256828308105
4879,2119,integrated_gradient,0.5752944514352941,0.037158423526720566,0.9987163543701172
4880,2923,integrated_gradient,0.03833839297294617,0.011294605100856107,0.9995824694633484
4881,3392,integrated_gradient,0.5139565247421464,0.11184849812976878,0.9981716871261597
4882,1789,integrated_gradient,0.563297351962834,0.018396016913202574,0.999123752117157
4883,1103,integrated_gradient,0.03510155755540599,0.28775494918638445,0.9996674060821533
4884,348,integrated_gradient,0.12480909529734742,-0.17262283848090607,0.511111855506897
4885,4441,integrated_gradient,0.06906915762845207,0.0064390161458183735,0.9996602535247803
4886,78,integrated_gradient,0.014002261338410553,0.030257834328545466,0.9996417760848999
4887,3224,integrated_gradient,0.054605300609882064,0.06409054975479077,0.9996308088302612
4888,1821,integrated_gradient,0.08308330923318863,0.007157536113963407,0.9996606111526489
4889,1735,integrated_gradient,0.059021861485715185,0.002624770380416006,0.999650239944458
4890,2473,integrated_gradient,0.08171066433884376,0.00573485535244609,0.9992415904998779
4891,4204,integrated_gradient,0.418137152846425,0.024706900883943606,0.9989504218101501
4892,3395,integrated_gradient,0.08105784143720354,0.01606344836098807,0.9996649026870728
4893,3405,integrated_gradient,0.9046211893840727,0.1910203750072729,0.998313307762146
4894,1431,integrated_gradient,0.0693383526802063,0.0091130530834198,0.999091386795044
4895,2113,integrated_gradient,0.3104145033285022,0.021673424254086884,0.9993559718132019
4896,1294,integrated_gradient,0.37194118745491267,0.042882137872437213,0.49627259373664856
4897,2798,integrated_gradient,-0.15930694260944922,-0.03364865187710772,0.004821134731173515
4898,4241,integrated_gradient,0.3635390653806688,0.0543103006643218,0.9984984397888184
4899,2697,integrated_gradient,0.03658640668505714,0.005804562852496193,0.9979537725448608
4900,735,integrated_gradient,0.6528624765842959,0.04361586358809714,0.9970153570175171
4901,2398,integrated_gradient,0.592073655084652,0.04556023723938886,0.9870337247848511
4902,1921,integrated_gradient,0.605227011614121,0.018580934749199793,0.9991439580917358
4903,2454,integrated_gradient,0.47078177063389026,0.024196878392645654,0.9879072308540344
4904,2436,integrated_gradient,0.5528125077321687,-0.1476501320653102,0.7371991872787476
4905,3313,integrated_gradient,0.3891663969818341,0.020296811409618542,0.9991470575332642
4906,2602,integrated_gradient,0.28250245671523244,0.07803038605733921,0.9971814155578613
4907,1378,integrated_gradient,0.7412267676704833,0.10447010205638024,0.9416289329528809
4908,4172,integrated_gradient,0.3286090800839086,0.16403740668489086,0.8241690993309021
4909,140,integrated_gradient,0.03185902457488211,0.008887673679151033,0.999631404876709
4910,2482,integrated_gradient,0.5475879340771247,0.023239451545205982,0.9969833493232727
4911,2566,integrated_gradient,0.4729859865654041,0.056869896895745224,0.9993975162506104
4912,3043,integrated_gradient,0.5096692979195208,0.019385683086683165,0.9987640380859375
4913,2718,integrated_gradient,0.3630455176898977,0.02411995004666479,0.9987961053848267
4914,1010,integrated_gradient,0.5061995561015519,0.02873430773615837,0.99928218126297
4915,1516,integrated_gradient,0.5282784542401454,0.24115354434720107,0.5778140425682068
4916,1988,integrated_gradient,0.7153403294295833,0.04899699394317234,0.9968379735946655
4917,2942,integrated_gradient,0.5489408399884563,0.02643008892600601,0.9990577101707458
4918,3097,integrated_gradient,0.5264574647601694,0.019852504879236222,0.9991944432258606
4919,151,integrated_gradient,-0.004453279972076416,0.035798032283782956,0.9380155205726624
4920,2319,integrated_gradient,0.498163872002915,0.08786728730192409,0.9779762625694275
4921,1373,integrated_gradient,0.7766410366109595,0.023303591805260357,0.9993176460266113
4922,1358,integrated_gradient,0.6297692748873184,0.10396897120194303,0.9978817105293274
4923,1873,integrated_gradient,0.8087534032734659,0.038933962364407146,0.9364849328994751
4924,2668,integrated_gradient,0.06187596687903771,0.03857026191858145,0.9996448755264282
4925,4357,integrated_gradient,0.8851618975073703,0.025686793432042405,0.9975283741950989
4926,62,integrated_gradient,0.057517635822296145,0.007104588879479302,0.9996606111526489
4927,1795,integrated_gradient,0.04167605063010906,0.007920717370921168,0.9993168115615845
4928,1000,integrated_gradient,0.27464209431234526,0.02183847801358092,0.9982230067253113
4929,3679,integrated_gradient,0.5436399503929639,0.026777631162028564,0.9979243278503418
4930,1850,integrated_gradient,0.03467765964310745,0.012011739714392301,0.9991922974586487
4931,2825,integrated_gradient,0.33208771466832754,0.017150106338354256,0.9994365572929382
4932,3964,integrated_gradient,0.5662421458099953,0.01887442056949322,0.9991175532341003
4933,1625,integrated_gradient,0.05494808810097831,0.013552602699824742,0.9996298551559448
4934,1313,integrated_gradient,0.6737974197055925,0.2957380812286454,0.9869440793991089
4935,4320,integrated_gradient,0.017884378497664992,0.0057257558848406815,0.9995608925819397
4936,2166,integrated_gradient,0.5217936487003628,0.03229328651665425,0.9993587136268616
4937,2184,integrated_gradient,0.6855089287946208,0.04850049250655704,0.9261394143104553
4938,4148,integrated_gradient,0.02407768534289466,0.006905663344595168,0.9996285438537598
4939,300,integrated_gradient,0.6365297162308982,0.01826712594560857,0.9992796778678894
4940,339,integrated_gradient,0.5258355968845925,0.022419585846364498,0.9991207718849182
4941,2220,integrated_gradient,0.6353107211205339,0.020687181907503502,0.9992837309837341
4942,1587,integrated_gradient,0.029914606362581253,0.007690180093050003,0.9992247819900513
4943,4410,integrated_gradient,0.28651451932059396,0.021345647672812145,0.9990875720977783
4944,3009,integrated_gradient,0.4231582310269861,0.05738447374303588,0.999393105506897
4945,4314,integrated_gradient,0.6101816296816255,0.02446143701672554,0.9993906021118164
4946,2236,integrated_gradient,0.5546316100023942,-0.020246566250556854,0.9038647413253784
4947,3837,integrated_gradient,0.045760456720987955,0.008090126514434814,0.9995393753051758
4948,2512,integrated_gradient,0.47168395351416065,0.0416059450286886,0.9993730187416077
4949,4272,integrated_gradient,0.384210436581037,0.023497447562523376,0.9988380074501038
4950,2294,integrated_gradient,0.408812640234828,0.019087526947259903,0.9833579659461975
4951,3416,integrated_gradient,0.03452824865068708,0.014796406882149832,0.99954754114151
4952,3694,integrated_gradient,0.4226938373204775,0.0914056362675094,0.9991098046302795
4953,108,integrated_gradient,0.5595790279656648,0.05836080268025398,0.9982311129570007
4954,3795,integrated_gradient,0.7696318556037214,0.17269460674983242,0.9927491545677185
4955,3228,integrated_gradient,0.5762907088987475,0.019501508867486993,0.9991713762283325
4956,4327,integrated_gradient,0.12761057532495923,0.0076800372865464955,0.9996592998504639
4957,4444,integrated_gradient,0.4780204785884752,0.01751841103228239,0.9985395669937134
4958,932,integrated_gradient,0.6512616070086192,0.09488705784844403,0.9980810880661011
4959,3245,integrated_gradient,0.6181727888993919,0.022788563929498195,0.9987278580665588
4960,1037,integrated_gradient,0.06673246344854665,0.006082717762436978,0.9996662139892578
4961,3070,integrated_gradient,0.04931699746363872,0.16934043235173826,0.9996428489685059
4962,507,integrated_gradient,0.4008635554346256,0.029218310490250587,0.9985421895980835
4963,1983,integrated_gradient,0.028415364689297146,0.009723056687249078,0.9996660947799683
4964,635,integrated_gradient,0.6101051274687052,0.03604249715805054,0.998441755771637
4965,102,integrated_gradient,0.5986543087694314,0.020969059318304062,0.9969923496246338
4966,2618,integrated_gradient,0.7771198610032631,0.025735586176852922,0.9993610978126526
4967,2452,integrated_gradient,0.715148950343266,0.021184686488575407,0.9991616010665894
4968,2433,integrated_gradient,-0.08395757193261004,-0.1982393429634419,0.7743200063705444
4969,2955,integrated_gradient,0.5769152970841298,0.024436723058804486,0.9993973970413208
4970,4406,integrated_gradient,0.018397403614861623,0.0030299616711480276,0.9996486902236938
4971,146,integrated_gradient,0.7415379697985676,0.06303438643614451,0.9977554678916931
4972,2277,integrated_gradient,0.4706336303707212,-0.012653371095657348,0.9381861686706543
4973,628,integrated_gradient,0.5511762486581104,0.05926138258749439,0.9967713952064514
4974,4147,integrated_gradient,0.39992187585836897,0.02992094208796819,0.9988995790481567
4975,2488,integrated_gradient,-0.09061974789044458,-0.009400166181505335,0.0980299562215805
4976,4587,integrated_gradient,0.5192133371690006,-0.12019094519994476,0.7863044738769531
4977,624,integrated_gradient,0.8908809035221629,0.20426016135526628,0.9947062134742737
4978,1402,integrated_gradient,0.02747611309352674,0.08422332894865815,0.9990047812461853
4979,1547,integrated_gradient,0.8345073282415437,0.02154352645887885,0.9988071918487549
4980,1680,integrated_gradient,0.030209529399871825,0.01188112199306488,0.9989929795265198
4981,2779,integrated_gradient,0.5331211674957081,0.02294333190435455,0.9993093013763428
4982,3616,integrated_gradient,0.40132212368544284,0.09623959805907273,0.970125138759613
4983,3676,integrated_gradient,0.04240670502185821,0.006495553255081177,0.9996386766433716
4984,2004,integrated_gradient,0.044602387990707,0.005399451805995061,0.9987962245941162
4985,2141,integrated_gradient,0.46965292366448697,0.023268965231936153,0.9993759989738464
4986,4045,integrated_gradient,0.0432268422225426,0.020174530045739537,0.9956152439117432
4987,1761,integrated_gradient,0.014090326992241112,0.005750865549654574,0.9989991784095764
4988,266,integrated_gradient,-0.02460016924384478,-0.05961791519075632,0.014635598286986351
4989,4195,integrated_gradient,0.8890721224882501,0.019988757815766842,0.9969258904457092
4990,1808,integrated_gradient,0.42144357345943506,0.3672766704477516,0.669123113155365
4991,3786,integrated_gradient,0.5151034644941126,0.024061043528800317,0.9991650581359863
4992,3199,integrated_gradient,0.026980656385421752,0.02309293349583944,0.9992378950119019
4993,2619,integrated_gradient,0.5738014373912139,0.02641662634495232,0.9993202686309814
4994,2459,integrated_gradient,0.6628785848363556,0.1378910036574146,0.9979520440101624
4995,3187,integrated_gradient,0.7646453610452061,0.021534048867496578,0.9990643858909607
4996,4531,integrated_gradient,0.4407977850254004,0.020506767478461068,0.9993942975997925
4997,4355,integrated_gradient,0.646594311343506,0.019830646459013224,0.9991635084152222
4998,2725,integrated_gradient,0.27001673072252586,0.242345367995807,0.7989641427993774
4999,4573,integrated_gradient,0.04769224234116383,0.006329693855383458,0.9996134638786316
5000,1913,lime,0.4519197473108458,0.05661219830314319,0.9943388104438782
5001,4550,lime,0.13816552185744513,0.08721382806834299,0.15146853029727936
5002,4424,lime,0.006385788724229143,0.021225064187436492,0.9996589422225952
5003,3802,lime,0.0888449421950749,0.0028559757130486624,0.9995806813240051
5004,3867,lime,0.6068034245499543,0.0445590540766716,0.9948807954788208
5005,2557,lime,0.6995920019570108,0.07267946026781026,0.9759672284126282
5006,2097,lime,0.05600228438259296,0.018245970654600072,0.9993723034858704
5007,3546,lime,0.7526812979106813,0.05184918971255768,0.9584444761276245
5008,2808,lime,0.008918109693025289,0.16058248051099086,0.9996665716171265
5009,893,lime,0.2662373164474325,0.021308601849665074,0.999051034450531
5010,674,lime,0.07353841242465106,0.03645355118946596,0.9989060163497925
5011,4329,lime,0.7377017100347033,0.023873438062362893,0.9989264607429504
5012,518,lime,0.11230636737877275,0.10020357896800994,0.9991744160652161
5013,3071,lime,0.19681130717508494,0.006323327124118805,0.9993823766708374
5014,1449,lime,0.36328009434226083,0.08085900436087352,0.9991769194602966
5015,2475,lime,0.04231365203209545,0.020921769511440525,0.9993069171905518
5016,2224,lime,0.032621498499065635,0.023325055930763484,0.9987109899520874
5017,3008,lime,0.8546544622538773,0.02031558152774106,0.9989023208618164
5018,2799,lime,0.3572496106930738,0.030954105599272634,0.9993740916252136
5019,3455,lime,0.6782161047004218,-0.05088908488259596,0.8473272919654846
5020,2715,lime,0.06903293382289798,0.00594774650972943,0.9996358156204224
5021,1799,lime,0.30127586010479346,0.0747850599567382,0.9993937015533447
5022,1476,lime,0.01914561986923218,0.016241525113582612,0.9996558427810669
5023,3045,lime,0.22366904539644325,-0.0018280066157642164,0.33991745114326477
5024,191,lime,0.24081267218808738,0.038965326714880615,0.9993802309036255
5025,1612,lime,0.3311543234212454,0.05824143222944681,0.9987958669662476
5026,3501,lime,0.007807056109110515,0.030772405424067985,0.992664635181427
5027,2706,lime,0.005756033791436089,0.016488550768958197,0.9996641874313354
5028,788,lime,0.6271853075721427,0.025364290822196652,0.9991770386695862
5029,2721,lime,-0.4466804863041034,-0.01742042648387117,0.0007631847984157503
5030,2543,lime,0.08841937283674876,0.010107954343159994,0.9995973706245422
5031,4425,lime,0.07982057280605659,0.03248437796719372,0.9857469797134399
5032,4154,lime,0.058639269322156906,0.0022705961018800735,0.9995936751365662
5033,169,lime,0.7712913760649306,0.028789377851145607,0.9913190007209778
5034,1657,lime,0.01826518503102389,0.06179285591298884,0.9996616840362549
5035,3040,lime,0.0078083684569910956,0.15108050401894407,0.9996602535247803
5036,269,lime,0.2999370112651732,0.09254388202254366,0.9993628859519958
5037,1775,lime,0.08371092108162967,0.005426089872013439,0.9996589422225952
5038,3229,lime,0.9580809456475317,0.021656424778959026,0.9986925721168518
5039,4496,lime,-0.2963732786733529,-0.2788380695314243,0.10239534825086594
5040,1064,lime,0.5039200002197609,0.022568052244740865,0.9993277788162231
5041,4134,lime,0.5793500852046741,0.03628355164632753,0.9990893602371216
5042,4000,lime,0.23925352228745336,0.03151317109023371,0.9983528852462769
5043,609,lime,-0.02391886679214184,-0.009685090411006025,0.0020482183899730444
5044,2710,lime,0.05944381256898244,0.09409627951681614,0.9990960359573364
5045,3460,lime,0.6302818691964556,0.02557600809163169,0.9992254972457886
5046,1803,lime,0.4823818439787084,-0.0444346389987252,0.8552583456039429
5047,1918,lime,0.2846881760170265,0.0050017189006416165,0.9996613264083862
5048,3197,lime,0.514136730961036,0.06729314103722572,0.5508357286453247
5049,1737,lime,0.0203721917827021,0.04518562436781146,0.9991699457168579
5050,4435,lime,0.17430691009517327,0.0911850034229479,0.9170476198196411
5051,3750,lime,0.8725567255274985,0.09593995050950484,0.9724546670913696
5052,3966,lime,0.5088320212066173,0.037611557096242906,0.9989425539970398
5053,365,lime,0.46014296471379523,0.02197293911215871,0.9988769888877869
5054,4053,lime,0.028369263196602847,0.006681332221397987,0.9995436072349548
5055,2066,lime,0.024721578110096065,0.005918312904446624,0.999488115310669
5056,1852,lime,0.46890365624347247,0.029839997356002394,0.9942169189453125
5057,2703,lime,0.5148221086111495,0.005742798833286061,0.9989523887634277
5058,487,lime,0.5768217034205528,0.09196460703179972,0.9985476136207581
5059,4055,lime,0.009346503764390945,0.07440101515718804,0.9996187686920166
5060,4475,lime,0.37287804638393796,0.017444099514530256,0.9981461763381958
5061,3348,lime,0.4775717156978014,0.039116721988345184,0.9993853569030762
5062,351,lime,0.45542644081931366,0.024477941229155187,0.9990637898445129
5063,2509,lime,0.10052667990807564,0.006633787385879024,0.999666690826416
5064,4030,lime,0.4171785400205863,0.011999903246760368,0.9994561076164246
5065,1650,lime,0.013495259958764782,0.005388765231422756,0.9996337890625
5066,2653,lime,0.002838972604499673,0.01818948984146118,0.999609649181366
5067,4285,lime,0.03437238559126854,0.006851647049188614,0.9982865452766418
5068,1468,lime,0.48518664309813175,0.02848059730604291,0.9989425539970398
5069,2998,lime,0.01759118139743805,0.0066524922847747804,0.9995917677879333
5070,1270,lime,0.5966131487152779,-0.12167295441031456,0.8581515550613403
5071,297,lime,0.269705637358129,0.03611825065066417,0.9961426854133606
5072,2019,lime,0.0624481373363071,0.025591423071024043,0.9996432065963745
5073,629,lime,0.5460188029063565,0.045831766580381704,0.9985477328300476
5074,1944,lime,0.14278586605429328,0.02277465235619318,0.9991617202758789
5075,953,lime,0.07644761784065754,0.006139468205602546,0.9994865655899048
5076,466,lime,0.029350388795137405,0.0065189022570848465,0.9995763897895813
5077,2200,lime,0.35421717841793154,0.34785732088367577,0.8540064096450806
5078,728,lime,0.23048053681850433,0.010256927121769299,0.9994561076164246
5079,3376,lime,0.18059320048543445,0.013274905974404854,0.9947073459625244
5080,4549,lime,0.43007742661203063,0.07433161529344182,0.9830725193023682
5081,72,lime,-0.786887670777017,-0.040448178050170217,0.00627287570387125
5082,4,lime,0.03816896439232725,0.04593141662313583,0.9985929131507874
5083,1098,lime,0.48757681185127916,0.13609135070362607,0.9961133003234863
5084,2726,lime,0.1352861760184169,0.01914888247847557,0.9993663430213928
5085,2921,lime,0.06810587644577026,0.008105032500766572,0.9996601343154907
5086,2531,lime,0.00635873882666878,0.017359045536621757,0.9996145963668823
5087,2614,lime,0.004734561327965029,0.03166929656459439,0.9996167421340942
5088,2434,lime,0.6824269966896752,0.01686030838253169,0.9884706735610962
5089,3111,lime,0.4168756464306189,0.032864771023088574,0.9929046034812927
5090,3615,lime,0.5153020298162448,0.06690166469501413,0.989231288433075
5091,3063,lime,0.0867890992667526,0.031475399853661656,0.9991852641105652
5092,1385,lime,0.15350110994444954,0.01953762902153863,0.9989620447158813
5093,128,lime,-0.22812880458644566,-0.3274909191979812,0.05991167202591896
5094,1030,lime,0.14074185460805894,0.13042159959673882,0.9918654561042786
5095,16,lime,0.05461371650298436,0.0016105222702026368,0.9995558857917786
5096,670,lime,0.7365301780713102,0.0490139772494634,0.9991095662117004
5097,3743,lime,0.5265730510920633,0.021935315412837407,0.9991957545280457
5098,2202,lime,0.04462675403716952,0.021735986651376236,0.9947768449783325
5099,1615,lime,0.130739416938293,0.021576203405857086,0.9969441294670105
5100,1558,lime,0.05667085945606232,0.006267043260427622,0.9995993971824646
5101,3953,lime,0.7013449223582134,0.24767685629600703,0.8385427594184875
5102,304,lime,0.12034204397715774,0.018530005990874534,0.9991636276245117
5103,4004,lime,0.022127738124445864,0.008649134322216636,0.99965500831604
5104,4547,lime,0.4670882398915087,0.025817165627729063,0.9124698042869568
5105,1247,lime,0.13910151509364369,0.018030772805213927,0.9988911747932434
5106,3136,lime,0.5432509589526389,0.19951514767793319,0.9989492297172546
5107,1220,lime,0.35500490634442766,0.016805070272663182,0.9992615580558777
5108,3261,lime,0.5168508390585581,0.006042068534427219,0.9988645315170288
5109,1611,lime,0.4527872292539821,0.09593220227039777,0.9595311284065247
5110,1181,lime,0.5022921707015484,0.04992655466000239,0.9993925094604492
5111,2797,lime,-0.09333361332353793,0.35932035522388395,0.46431487798690796
5112,610,lime,0.877074118499167,0.024705991875834582,0.9989633560180664
5113,3751,lime,0.5457449374353569,0.05892605659072146,0.9895468354225159
5114,2248,lime,0.5699553119752986,0.014372627704571456,0.9825856685638428
5115,99,lime,0.2265107602273163,0.024066613104782607,0.9989156723022461
5116,3781,lime,0.012489216892342819,0.02436921941606622,0.9996659755706787
5117,225,lime,0.012371683821958654,0.006122774937573601,0.9996508359909058
5118,2103,lime,0.5681869796891179,0.031537184284793005,0.9950827360153198
5119,2836,lime,0.21036030770075032,0.0798798819504133,0.9990633130073547
5120,2924,lime,0.027685682948042706,0.014275800891038849,0.9996180534362793
5121,2859,lime,-0.668440309654483,-0.3382601180278203,0.0047720917500555515
5122,2782,lime,0.2864512111991644,0.074174246750772,0.9962024092674255
5123,515,lime,0.3418926646479884,0.007290814373944257,0.9996391534805298
5124,1951,lime,0.7608673700418037,0.02740416733118204,0.9923940896987915
5125,3869,lime,0.5583665741646352,0.021050642927487692,0.9987646341323853
5126,2263,lime,0.6445826937155233,0.051178251590692635,0.9832453727722168
5127,4006,lime,0.5407570614867533,0.06999183197816213,0.9329985976219177
5128,4522,lime,0.7929584027216252,0.024757988130052883,0.997199535369873
5129,2137,lime,0.02265092459591952,0.009495597897153912,0.9994431138038635
5130,3673,lime,0.38350979794027673,0.014808728236634776,0.9948624968528748
5131,1707,lime,-0.27708513390306116,-0.005249775147863797,0.284817099571228
5132,314,lime,0.027698955307268118,0.001643755664564159,0.9995383024215698
5133,1924,lime,0.840804542388974,0.42667725909915233,0.9326366782188416
5134,2247,lime,0.022659446866739364,0.039952411892868224,0.9990529417991638
5135,3901,lime,0.7589776669195745,0.02054142726715221,0.9985560774803162
5136,1847,lime,0.05410093069076538,0.007811537294676809,0.9994674324989319
5137,1725,lime,0.06997799185606149,0.013057751533312675,0.9996540546417236
5138,3547,lime,-0.3724536142882801,-0.005198274318489337,0.012798065319657326
5139,4558,lime,0.17085211127996444,0.04115888468093342,0.9991627931594849
5140,3403,lime,0.5001315818505084,0.017685971361525516,0.9956961870193481
5141,3007,lime,0.9283234395732342,0.051693569259210065,0.9694604873657227
5142,2961,lime,0.6726950310439861,0.029227195773273706,0.9989249110221863
5143,3591,lime,0.08271940523648963,0.06284776099902742,0.999377965927124
5144,571,lime,0.5207448191940784,0.023508200142532586,0.9991270899772644
5145,4041,lime,0.4728012875550323,0.022748681902885436,0.9928140044212341
5146,2629,lime,0.02262742356175468,0.1750789467010431,0.9984891414642334
5147,3121,lime,0.5259002723244273,0.05860850570554083,0.9988301396369934
5148,2701,lime,0.050543195806270425,-0.07473212792429813,0.8653034567832947
5149,3101,lime,0.820072615881347,0.03504860759885223,0.9965533018112183
5150,1863,lime,0.013642388231614056,0.012472750509486479,0.9994211196899414
5151,2908,lime,0.08188276997832365,0.007086335226546886,0.9996621608734131
5152,4456,lime,0.22848034531555392,0.020657332275401463,0.9987928867340088
5153,3230,lime,0.3557612317112776,0.0720195548179058,0.9988297820091248
5154,2399,lime,0.6902684900713595,0.024480366197071578,0.9985949397087097
5155,3447,lime,0.007694667577743531,0.014378897845745087,0.9996182918548584
5156,1522,lime,0.20890291029530944,0.029007331665718193,0.9993118047714233
5157,3295,lime,0.19656073953956366,0.026513026840984822,0.988055944442749
5158,495,lime,0.4098934324237665,0.0014517746473613538,0.9905909895896912
5159,317,lime,0.17835011319169458,0.018230467823878774,0.9993842840194702
5160,4319,lime,0.00845837394396464,0.012249837319056192,0.9995343685150146
5161,2583,lime,0.921825479678551,0.02237656811873118,0.9699583053588867
5162,4536,lime,0.8694482683559828,0.04953944683074951,0.9908421039581299
5163,551,lime,0.18827965758416965,0.019551609197388523,0.9982461929321289
5164,950,lime,0.169039851239208,0.03310362519375209,0.999201238155365
5165,2681,lime,0.018676582220438366,0.036405363950777696,0.9983810186386108
5166,1720,lime,0.07633440331979231,0.005382093516263095,0.9995889067649841
5167,3845,lime,0.007505814731121063,0.007860906422138214,0.9996449947357178
5168,1653,lime,0.3913326808717102,0.024395049177110197,0.998863697052002
5169,1475,lime,0.6749731334738243,0.023208769468160775,0.9978700876235962
5170,826,lime,0.23995710201561452,0.026576292727674755,0.9985975623130798
5171,2235,lime,0.36532465425821453,0.03498413929572472,0.99935382604599
5172,1061,lime,0.11710447981953621,0.04682831600308418,0.9881864190101624
5173,2353,lime,0.022747931527156456,0.011404684945648792,0.9995245933532715
5174,2771,lime,0.010299649677778544,0.05068097616496839,0.9996633529663086
5175,3467,lime,0.4364825210760574,0.15811779486437053,0.9501699805259705
5176,1672,lime,0.18503993306611036,0.0066121752197678026,0.9996485710144043
5177,4093,lime,0.9780459004506055,0.01603627610537741,0.9898171424865723
5178,2772,lime,0.5121065389830619,0.10676898832510535,0.9981696605682373
5179,1352,lime,0.01776289939880371,0.005295501814948188,0.9992867112159729
5180,1168,lime,0.03900994821028276,0.002695289525118741,0.9996587038040161
5181,1928,lime,0.6301719898151027,0.12216363093919225,0.9927173852920532
5182,2714,lime,0.6583420044928789,0.11638005316257477,0.7320428490638733
5183,3211,lime,0.8793693689621314,0.021733862716098163,0.9987195730209351
5184,4227,lime,0.3720083974738117,0.018589436942548082,0.9991139769554138
5185,2379,lime,0.583810190904478,0.006045679748058319,0.9993844032287598
5186,3649,lime,0.7128445472154352,0.02202789303329256,0.9989896416664124
5187,3624,lime,0.008460389404762082,0.010165561990040104,0.9996579885482788
5188,3790,lime,0.0391235795426876,0.09526028373139969,0.9919941425323486
5189,1898,lime,0.011780395394279844,0.018474016870771135,0.9995865225791931
5190,1664,lime,0.5014693060595738,0.023944722978692306,0.9984980821609497
5191,3412,lime,0.00856634893932858,0.015601699416701859,0.9996570348739624
5192,4179,lime,0.11927953908840815,0.043181033432483674,0.9532638192176819
5193,32,lime,0.7633131563376921,0.1166142735343713,0.9760161638259888
5194,1218,lime,0.0056884935561646805,0.005541678438795374,0.9996414184570312
5195,2565,lime,0.0035443490949170343,0.012904907095021215,0.9995566010475159
5196,2385,lime,0.0996437919139862,0.006264661550521851,0.9991104006767273
5197,2592,lime,0.3479131024064762,0.03476906844547817,0.998818576335907
5198,3443,lime,0.008208888272444407,0.005425422141949336,0.9995662569999695
5199,3365,lime,0.0449743412042919,0.0074398345068881384,0.9996423721313477
5200,338,lime,0.8593363022281617,0.046921566324798686,0.9852792024612427
5201,1346,lime,0.28834763831562465,0.04943151772022247,0.9897589683532715
5202,4523,lime,0.4335718497082039,0.03951295617002028,0.9981122016906738
5203,4054,lime,0.15088099641901143,-0.021175922017614795,0.8148842453956604
5204,1577,lime,0.01918384242565074,0.15937488205096823,0.9991635084152222
5205,1123,lime,0.5245138449962575,0.0221812097832214,0.9992470741271973
5206,3777,lime,0.5876549882250989,0.43821729995890507,0.7993559837341309
5207,752,lime,0.007624882718791132,0.01142059590505517,0.999661922454834
5208,681,lime,0.5770064242758302,0.020401350984519177,0.9991687536239624
5209,4433,lime,0.6568722773196274,0.04519279438414072,0.9993265867233276
5210,1904,lime,0.2251841673972264,-0.09637038194789337,0.28973811864852905
5211,2342,lime,0.34741211226400065,0.01925980314916494,0.9989364743232727
5212,2364,lime,0.0036928870461203837,0.0070813000202178955,0.9996687173843384
5213,778,lime,-0.26523342393970084,0.0837027818848521,0.6467320919036865
5214,3001,lime,0.2641989248259051,0.040291718799959526,0.9987093210220337
5215,3200,lime,0.5017489322804307,0.025004263084970023,0.9993091821670532
5216,3921,lime,0.7111927338739646,0.03528683709929574,0.9991611242294312
5217,3545,lime,0.1662576527279966,0.027337697498938617,0.9883450269699097
5218,542,lime,0.018163011755262103,0.00727872337613787,0.9996370077133179
5219,2272,lime,0.810882952220143,0.02055612968073951,0.9989991784095764
5220,391,lime,0.8337232159938778,-0.01677356176731879,0.9576553702354431
5221,1979,lime,0.08206565707921981,-0.01456956148147583,0.9399215579032898
5222,1150,lime,0.8591935627118801,-0.011499843327328563,0.9439349174499512
5223,149,lime,0.011487860339028495,0.009115476267678398,0.9994687438011169
5224,2570,lime,0.7989086193516223,0.02557295129487389,0.998884379863739
5225,927,lime,0.6448718353141365,0.0945732608171446,0.9926952123641968
5226,4017,lime,0.017095973997405083,0.007155776023864746,0.9994820952415466
5227,1398,lime,0.7465505792973929,0.035219267156778596,0.9988958835601807
5228,3635,lime,0.07778359701236089,0.022502297979025615,0.9990284442901611
5229,505,lime,0.171046403502377,0.0090306612753099,0.9994749426841736
5230,3423,lime,0.7195952244331308,0.3252222092869954,0.9053910970687866
5231,3247,lime,0.23370798139755303,0.006478899468978246,0.9992719292640686
5232,1895,lime,0.6335272788742764,0.026492813498609595,0.9993858337402344
5233,2286,lime,0.23693762623838016,0.026937367554221835,0.9985120892524719
5234,4232,lime,0.7639201455183664,0.02850531434847249,0.9964010715484619
5235,2595,lime,0.02342819670836131,0.008885969718297323,0.9982085227966309
5236,1770,lime,0.033776075453371614,0.00553842493005701,0.9996064305305481
5237,1267,lime,0.06054699194448238,0.06236893501640721,0.995884120464325
5238,3124,lime,0.837738810950241,-0.06368120669415503,0.8890299797058105
5239,2125,lime,0.09086548448318527,0.02272333045090948,0.9991903901100159
5240,1659,lime,0.26913951300084593,-0.010115284100174904,0.9334602952003479
5241,2909,lime,0.129533164575696,0.04397061839699745,0.9979445338249207
5242,1765,lime,0.24203826153340438,0.01703201870744427,0.993634819984436
5243,1560,lime,0.5830116961151361,0.10640486291068017,0.9978329539299011
5244,2967,lime,0.11128921065715582,0.005717499388588799,0.9993798732757568
5245,1416,lime,0.4963973914547002,0.057350777794935685,0.9993982315063477
5246,1630,lime,0.07183885851076671,0.042174071073532104,0.9948638081550598
5247,449,lime,0.07627397122641288,0.022299027286989744,0.9993274211883545
5248,152,lime,0.8458212884878827,-0.08559297369617336,0.8814172148704529
5249,211,lime,0.3611221588327594,0.022172383609272185,0.9989579916000366
5250,2032,lime,0.6620485272391566,0.0421844038314053,0.9964901804924011
5251,902,lime,0.18534129619216308,0.02422364715200204,0.9991514682769775
5252,3436,lime,0.38682866983424957,0.02918579140261038,0.9870097637176514
5253,3198,lime,0.5795919355750084,0.05226263374090195,0.998917818069458
5254,57,lime,0.14380201429892808,0.03694162073915299,0.9542140960693359
5255,3164,lime,0.003564716554155537,0.041365869489370606,0.999634861946106
5256,4303,lime,0.11319077261237483,-0.13698305474950911,0.6684200763702393
5257,1927,lime,0.5672308486989803,0.026059093781643443,0.9988740086555481
5258,3206,lime,0.01681370026356465,0.006515825116956556,0.999640703201294
5259,3388,lime,0.7558425816744354,0.038945836861702526,0.9989737272262573
5260,816,lime,0.07842525467276573,0.007702931761741638,0.9995569586753845
5261,3284,lime,0.010065389306921708,0.007759124040603638,0.9995666146278381
5262,2765,lime,0.4738007984034574,0.016612536632097684,0.8446167707443237
5263,3970,lime,0.008104658440539711,0.008104776081285979,0.999560534954071
5264,885,lime,0.37225230300365103,0.04427828043699265,0.9988434314727783
5265,249,lime,0.3813160702871579,0.02871416917731685,0.9972788691520691
5266,2203,lime,0.7516239627321409,0.023640481874029687,0.9963403940200806
5267,3115,lime,0.007543784816090654,0.014144105155293534,0.9996254444122314
5268,2341,lime,0.0069467785746552225,0.018929184869278307,0.9996615648269653
5269,4132,lime,0.5663976272950301,0.015991008225476968,0.9863123297691345
5270,1781,lime,0.028418919692436855,0.02109182005127271,0.9994680285453796
5271,4488,lime,0.0545433568160819,0.0056599767311759615,0.999626874923706
5272,44,lime,0.02342527225995675,0.04894396156454698,0.9990755319595337
5273,2390,lime,0.15393597166985273,0.03790156046549479,0.9993762373924255
5274,286,lime,0.29229761121413583,0.020162338052283634,0.9976373910903931
5275,1094,lime,0.5479546175601909,0.2678115356643245,0.8478512167930603
5276,1962,lime,0.7324708685391313,0.030340401857506995,0.9990949630737305
5277,4530,lime,0.7613634831022199,0.022256699095412,0.9983419179916382
5278,202,lime,0.014862589836120606,0.0051906096935272214,0.999395489692688
5279,237,lime,0.13987334437020446,0.0057585511518561325,0.9996422529220581
5280,2519,lime,0.8944268188646586,0.03518630364319173,0.9991971850395203
5281,3870,lime,0.27962308026411953,0.03531311262472003,0.9918448328971863
5282,1108,lime,-0.5587209135798427,-0.025922603372540227,0.0017256962601095438
5283,2449,lime,0.5406935330033508,0.027363167746978646,0.9986068606376648
5284,2525,lime,0.2309617906229923,0.02577496742880022,0.999263346195221
5285,357,lime,0.10885119168391533,0.09613584370716759,0.995868444442749
5286,736,lime,0.25929229545096555,0.010271700223286946,0.9995502829551697
5287,3918,lime,0.04876410961151123,0.11080106368754059,0.9995150566101074
5288,3848,lime,0.00906346134237341,0.005526905124251907,0.9994513392448425
5289,1953,lime,0.046897983486165425,-0.0024981381804017083,0.9291532039642334
5290,1131,lime,0.9015534153182266,0.33417498754958314,0.9742646813392639
5291,261,lime,0.0039284516263891145,0.010094618355786358,0.9996565580368042
5292,3113,lime,0.1592825558781624,0.05758366346359253,0.9979788661003113
5293,379,lime,0.19912247722869383,0.020019275552414832,0.9993801116943359
5294,4263,lime,0.1286610262707258,0.0242039357813505,0.9990772008895874
5295,1521,lime,0.08482991924716367,0.017828770602742832,0.9993463158607483
5296,1006,lime,0.04979595465537829,0.007695757425748385,0.9995046854019165
5297,2099,lime,0.833287356489497,0.02256141185033612,0.996834933757782
5298,4293,lime,0.15044045565383776,0.0059804371425083705,0.9996528625488281
5299,436,lime,0.021791789394158583,0.009882128009429345,0.9996432065963745
5300,368,lime,0.24630009271204473,0.03498538459340731,0.9954442977905273
5301,3335,lime,0.4080383812543005,0.027845768723636866,0.9978650212287903
5302,3450,lime,0.2445463128387928,0.01794240467770155,0.9942594766616821
5303,939,lime,0.3134425201013193,0.01114553614304616,0.999417781829834
5304,3596,lime,0.10167883876760668,0.03727045552210605,0.9962910413742065
5305,4027,lime,0.010516985009113947,0.01618202527364095,0.9996507167816162
5306,4056,lime,0.07040463257254216,0.006605412876396848,0.9996144771575928
5307,3946,lime,0.32690177107303353,0.0227553976470964,0.9989486336708069
5308,1429,lime,0.5721518015951659,-0.07030837046794403,0.9057272672653198
5309,3847,lime,0.5588277545856669,0.05019076580696918,0.9982719421386719
5310,1195,lime,0.23471987235449976,0.2282354915815015,0.8628044128417969
5311,1003,lime,0.5258144171797295,-0.03146427914277831,0.9442935585975647
5312,1465,lime,0.05343817803594801,0.12800437522431216,0.9991002082824707
5313,2308,lime,0.9749208834742434,0.04294705884747727,0.9993336796760559
5314,250,lime,0.7330082365052981,0.032129974332120684,0.9314371943473816
5315,1579,lime,0.21302751606477924,0.13936384519698417,0.9951466917991638
5316,3954,lime,0.02044608426648517,0.05603612093038337,0.9996585845947266
5317,1105,lime,0.10097699972490469,0.02341140533487002,0.9887095093727112
5318,3569,lime,0.8117435197338047,0.14695125133604617,0.984534502029419
5319,3943,lime,0.16888538824442106,0.015492243835559258,0.9588570594787598
5320,1610,lime,0.14925349403808758,0.03519112743982455,0.9991377592086792
5321,3003,lime,0.007205242255948625,0.03802457163637539,0.9996428489685059
5322,2100,lime,0.14847416531075863,0.19052747558012154,0.9992386102676392
5323,403,lime,0.25424101220613177,0.19633754578138574,0.9877170920372009
5324,2746,lime,0.73800515920764,-0.016528200520121532,0.9425838589668274
5325,4535,lime,0.1273862435779673,0.06322817187359993,0.9988791346549988
5326,1022,lime,0.10686228098347783,0.0064806025475263596,0.9993900060653687
5327,1764,lime,0.6117613045498729,0.08062598355334355,0.9988139867782593
5328,2231,lime,0.022278496995568275,0.028171006590127945,0.9986382126808167
5329,3830,lime,0.025421635434031486,0.11621381905861199,0.9993945360183716
5330,3357,lime,0.008329628444299466,0.01397492972815909,0.9995301961898804
5331,1154,lime,0.1037626223904746,0.14005792191338037,0.9990899562835693
5332,4461,lime,0.46876924177536705,0.005302251601705746,0.9996380805969238
5333,4356,lime,0.7624439612743171,0.033147737876895594,0.9852369427680969
5334,1788,lime,0.7320723490200328,-0.10981376332287886,0.8353526592254639
5335,813,lime,0.9201422645128332,0.06661389457682769,0.990988552570343
5336,344,lime,0.328030526638031,0.04902657866477966,0.9980541467666626
5337,1353,lime,0.11015555246368698,0.0435296105949775,0.9471147060394287
5338,3951,lime,0.15286783326645287,0.0033099408052405534,0.9996528625488281
5339,2427,lime,0.12917574175766536,0.0052591292631058465,0.9986635446548462
5340,3287,lime,0.519428870951136,0.03612352804177337,0.9768236875534058
5341,1226,lime,0.0846401976376045,0.007201675961657268,0.9993801116943359
5342,1678,lime,0.12595027875534306,0.10400280098502453,0.9987406134605408
5343,2941,lime,0.3882237729157191,0.006519259476080173,0.9994339346885681
5344,1740,lime,0.00814125014514458,0.010721180497146234,0.999609649181366
5345,168,lime,0.8796846021083183,0.046743348240852356,0.9939910769462585
5346,4577,lime,0.3679174724577645,0.040187305611808125,0.9986741542816162
5347,1363,lime,0.1924638698498408,0.023640328645706178,0.9993069171905518
5348,853,lime,0.40983885258436203,0.03509409576654434,0.9991099238395691
5349,387,lime,0.23680853159806015,0.020318710044318556,0.9993614554405212
5350,3356,lime,0.20854591649203075,0.04210274453674044,0.9985538125038147
5351,3746,lime,0.698601753599095,0.028707128018140793,0.9982921481132507
5352,3411,lime,0.010315427413353553,0.041819583147000045,0.9996423721313477
5353,880,lime,0.3579771905982246,0.01883433456532657,0.996950089931488
5354,3464,lime,0.4971208094502799,0.01923877156029145,0.9989995360374451
5355,1034,lime,0.007112260659535726,0.042109455002678764,0.9996495246887207
5356,3564,lime,0.3883273994465443,0.022396259009838104,0.9990552067756653
5357,84,lime,0.04352461148730733,0.06462669931352139,0.9993891716003418
5358,3903,lime,0.22673494234267208,0.05403676786873904,0.9993959665298462
5359,1772,lime,0.5153160051753124,-0.018050992033547826,0.9169833660125732
5360,42,lime,0.5215538045899435,0.04014264589006251,0.9977256655693054
5361,4097,lime,0.2125839548914329,0.03237832985494448,0.9840864539146423
5362,2943,lime,0.7239233893185604,0.060797692491458014,0.9993330836296082
5363,4262,lime,0.1421673637289531,0.046395174432091596,0.9988723397254944
5364,3099,lime,-0.058949582480095526,-0.021089488366694265,0.0013185561401769519
5365,3982,lime,0.8977113864919959,0.029065968123851,0.9891585111618042
5366,3797,lime,0.41418977826833725,0.5620672758401478,0.6892267465591431
5367,1730,lime,0.3290693159638481,0.017590850252996792,0.9928592443466187
5368,2616,lime,0.05231166042779621,0.04567936680426723,0.9981910586357117
5369,476,lime,0.18095178928758418,0.04329986906574144,0.9993278980255127
5370,1489,lime,0.12559479813684116,0.018717427280816164,0.9983879327774048
5371,2295,lime,0.5789419299320931,0.04135824785363383,0.9973560571670532
5372,468,lime,0.8032975186458012,0.019721089396625757,0.9978876709938049
5373,3608,lime,-0.01678587072952227,-0.0486872023479505,0.7348155379295349
5374,4098,lime,0.028038532995596166,0.02131686486848971,0.9970888495445251
5375,1874,lime,0.2612126517508711,0.022356013279585613,0.9993833303451538
5376,290,lime,0.07557125877250324,0.016926235502416436,0.998149037361145
5377,383,lime,0.3272579207819385,0.004005510073441725,0.9996250867843628
5378,3175,lime,0.881322484917473,0.023200816474854946,0.999037504196167
5379,4501,lime,-0.09106450258144017,0.11967779267258172,0.15053939819335938
5380,3622,lime,0.3067825471603317,0.1419394499666634,0.402948260307312
5381,2034,lime,0.01966856673078717,0.0037933126935419045,0.9970018267631531
5382,363,lime,0.857030682488006,0.06261629611253738,0.9820668697357178
5383,3374,lime,0.18918254546046157,0.023051536988978293,0.9983819723129272
5384,1640,lime,0.18982829967903536,0.037481416969798335,0.998847484588623
5385,1448,lime,0.32672119682485407,0.015365063918359352,0.9979586601257324
5386,957,lime,0.8521177607309073,0.02312556602060795,0.9979537725448608
5387,4028,lime,0.4645743682678487,0.027412023898717518,0.9971436858177185
5388,3583,lime,0.5449618486638524,0.024141413796889156,0.9983096122741699
5389,3657,lime,0.675049442499876,0.0387306946516037,0.9975359439849854
5390,4436,lime,0.6571877608334439,0.019993361002869078,0.9979088306427002
5391,3203,lime,0.8886490146230374,0.05378793109030951,0.981618344783783
5392,3487,lime,0.39568387770884517,0.10386249093815338,0.9909029603004456
5393,4109,lime,0.7991769527517525,0.13753064987914904,0.8144953846931458
5394,197,lime,0.00559425232361774,0.012021180318326366,0.9995786547660828
5395,3854,lime,0.08906865040106433,0.04624989852752714,0.9994069337844849
5396,2128,lime,0.11232213365534942,0.02250808628187293,0.9993576407432556
5397,2884,lime,0.014249311942680209,0.08672946793775932,0.9996544122695923
5398,213,lime,0.40936665738723715,0.015116239992939696,0.9946565628051758
5399,2214,lime,-0.026263831059033103,-0.0015764922038117122,0.00034314801450818777
5400,3161,lime,0.044062550474957725,0.009369930116141715,0.9996615648269653
5401,907,lime,0.47602585446107765,0.019580224419341367,0.9993670582771301
5402,2498,lime,0.33944073642778677,0.02392604136839509,0.9993485808372498
5403,2197,lime,0.15797283156560019,0.08946897999311869,0.9991539716720581
5404,1493,lime,0.5073469888199779,0.05331282120417146,0.9939420819282532
5405,176,lime,0.13614364452784813,0.027103989252022335,0.996566116809845
5406,3451,lime,0.010374164942539099,0.007491361011158337,0.9996602535247803
5407,2551,lime,0.5892555425276181,0.031816087130989344,0.9991881251335144
5408,1829,lime,0.008867655017159201,0.008528117700056596,0.9996594190597534
5409,4525,lime,0.4465728212071925,0.032711459361777016,0.9990888833999634
5410,47,lime,0.30737949571773115,0.018905683694516912,0.9993900060653687
5411,2650,lime,0.01365703514644078,0.01670947926385062,0.9996182918548584
5412,139,lime,0.6386033468244766,0.038653998212380844,0.9877253174781799
5413,2922,lime,0.7121976273085403,0.03548367307944731,0.9993960857391357
5414,3642,lime,0.18562003169208766,0.023901441041380166,0.99886155128479
5415,3719,lime,0.8850237571220431,0.03906666056977378,0.9993595480918884
5416,3053,lime,0.2711553655937314,0.1627586916089058,0.9956526756286621
5417,1889,lime,0.508424885030093,0.05197260705263991,0.9871044158935547
5418,1470,lime,0.011125724566610236,0.01549811739670603,0.9996492862701416
5419,4096,lime,0.22130798345262354,0.011009145189415325,0.9635717272758484
5420,2293,lime,0.050132284804088316,0.0059798069116545885,0.999536395072937
5421,251,lime,0.5730356448795646,0.04256371508042018,0.9791962504386902
5422,4358,lime,0.10672678344923517,0.05675272902716761,0.9963322281837463
5423,2791,lime,0.07495262039204438,0.03739356901496649,0.9991394281387329
5424,3028,lime,0.08159821165932549,0.033257904648780826,0.999372661113739
5425,215,lime,0.008886153283326523,0.007892247127450031,0.9996404647827148
5426,2298,lime,0.20174269303679465,0.0564003617493654,0.9995597004890442
5427,1533,lime,0.40430737800896166,-0.05242966115474701,0.8608108758926392
5428,2852,lime,0.16498001612896143,0.05443576446106268,0.9964511394500732
5429,933,lime,0.02476009726524353,0.005727055526915051,0.9996296167373657
5430,2679,lime,0.16628582999110222,0.03899979814887047,0.9928038716316223
5431,3072,lime,0.009059377842479281,0.008693065908220079,0.9995871186256409
5432,1681,lime,0.15824958860398608,0.0394082968222334,0.9922989010810852
5433,914,lime,0.042467966315246394,0.03083148610688025,0.9993832111358643
5434,2306,lime,0.006505773511043814,0.024612780227217565,0.9996342658996582
5435,3841,lime,0.01817731951412402,0.01224064826965332,0.9996579885482788
5436,3570,lime,0.16096479694048563,0.18167132262853114,0.9994775652885437
5437,2211,lime,0.8990746039181072,0.07375495835687175,0.9144052863121033
5438,2857,lime,0.025378165184520185,-0.1859552633160582,0.08441520482301712
5439,1766,lime,0.2203127746248529,0.022577144915149325,0.9989136457443237
5440,498,lime,-0.0743602276629498,-0.3020594339937933,0.03272458165884018
5441,2230,lime,0.17111366094710925,0.14941714621818392,0.9991729855537415
5442,884,lime,0.8223123483448511,0.14928952427137465,0.8953685760498047
5443,3275,lime,0.1534481281323322,0.02390833082152348,0.984022319316864
5444,1991,lime,0.009140682220458985,0.013264405727386474,0.9995319843292236
5445,3426,lime,0.40116542380322545,0.2572010781516804,0.43727901577949524
5446,566,lime,0.09737280172270697,0.02568120267745611,0.9991306662559509
5447,3457,lime,0.4895618133197314,0.01751875698014542,0.9992411136627197
5448,2792,lime,0.34950169289315286,0.01602103059942072,0.9982607960700989
5449,4095,lime,0.07170950778974937,0.02335715150603881,0.9991433620452881
5450,2257,lime,0.3813295176154689,0.023466625299892928,0.99796462059021
5451,4129,lime,-0.0007954321901447007,0.021762981797967637,0.2853385806083679
5452,1606,lime,0.031141726672649382,0.030394995709260304,0.9987717270851135
5453,439,lime,0.10333637851807806,0.004001241591241624,0.9994128942489624
5454,2737,lime,0.598525180836441,0.06992460738256341,0.9952542781829834
5455,2008,lime,0.8233679192259821,0.022892281066539677,0.9962452054023743
5456,3731,lime,0.6049364523294017,-0.006263758501280909,0.9105895757675171
5457,3519,lime,0.16329466266200898,0.019739374835440453,0.999151349067688
5458,2678,lime,0.24276387487011758,0.03597485776180807,0.9996376037597656
5459,4561,lime,0.12529760996500652,0.030193706850210826,0.999054491519928
5460,3617,lime,0.8628675382131258,0.007479212800594601,0.9285452961921692
5461,1998,lime,0.13381552040686295,0.0757220760552269,0.46868228912353516
5462,1121,lime,0.7457732640878848,0.030742747539823704,0.9907028675079346
5463,2601,lime,0.008145106109705839,0.010437235236167908,0.999442994594574
5464,1261,lime,0.015594711670508752,0.01844487129113613,0.9995797276496887
5465,2275,lime,-0.08736290046945214,-0.28075762540102006,0.3498845398426056
5466,2611,lime,0.019352027773857118,0.006538759171962738,0.9996684789657593
5467,844,lime,0.05887895870593286,0.04978395662000103,0.9836716055870056
5468,4265,lime,0.5771742729627042,0.03767798711424288,0.9942941069602966
5469,27,lime,0.038405415218542606,0.05164894279019505,0.9994039535522461
5470,229,lime,0.10871991015970707,0.01655662477016449,0.970146656036377
5471,862,lime,0.23694076839919118,0.004784296859394421,0.9995015859603882
5472,3155,lime,0.09071510843932629,0.005449796716372172,0.999586284160614
5473,4039,lime,0.7586313107397291,0.08164233133196831,0.9984656572341919
5474,183,lime,0.07793048848047461,-0.49958715512184426,0.0993981808423996
5475,2360,lime,0.01663850199791693,0.009837100582738076,0.997113823890686
5476,2348,lime,0.6376683768731627,0.04053806615146724,0.9985082745552063
5477,238,lime,0.20580512917403018,0.02857742616624543,0.9985505938529968
5478,3180,lime,0.2980719693005085,0.02576204822272868,0.9993637204170227
5479,2581,lime,0.2447893809186488,-0.052255838976374695,0.9118098616600037
5480,1567,lime,0.17024898876759556,0.24753556465125606,0.9991853833198547
5481,2925,lime,0.06629369780421257,0.006942695627609889,0.9996145963668823
5482,523,lime,0.1495797109391008,0.02683541157415935,0.9991225600242615
5483,1035,lime,0.4554112258593778,0.025400361096536792,0.9930290579795837
5484,2402,lime,0.05364508782663653,0.012670374685718168,0.9987123012542725
5485,2312,lime,0.5973067492062304,0.026912317093875673,0.9987609386444092
5486,1225,lime,0.4515038996748626,0.058161395192146303,0.9988546371459961
5487,2069,lime,0.010790835588406295,0.052974301270949535,0.9994785189628601
5488,423,lime,0.04999870047360271,0.05110801899104149,0.9992967844009399
5489,4427,lime,0.2882311819856496,0.020802328068959087,0.9952455163002014
5490,1174,lime,0.1710091382265091,0.04098080207661885,0.9901217818260193
5491,1490,lime,0.008564882206194328,0.0258940855662028,0.9996395111083984
5492,2020,lime,0.736112624279816,0.022304496304555374,0.9984564781188965
5493,1837,lime,0.18242041345258228,-0.3875292962813964,0.33833006024360657
5494,3730,lime,0.6681386043385762,0.04314824629847596,0.9989099502563477
5495,1586,lime,0.005832284054857619,0.01404972659780624,0.9996424913406372
5496,3595,lime,0.07556398967771154,0.02515357301423424,0.9993891716003418
5497,2622,lime,0.12527016436726582,0.02327434473284861,0.9994051456451416
5498,2173,lime,0.008677707268641545,0.007576205791571202,0.9995648264884949
5499,2153,lime,0.01628404728909756,0.008619318617151138,0.9987844824790955
5500,1139,lime,0.5870600813955423,0.060752248568903836,0.9982008934020996
5501,4101,lime,0.34177030263734715,0.08374762733666492,0.9991216063499451
5502,4005,lime,0.6014675866398547,0.04385525733232498,0.9704930186271667
5503,1530,lime,0.19208621924243321,0.0232679760310708,0.9993129968643188
5504,4259,lime,0.4837569343681271,0.024235640224572773,0.9887791872024536
5505,2175,lime,0.07961256960605054,0.0058577808927982415,0.9996013045310974
5506,1016,lime,0.1444429105904419,0.023932022913809744,0.9991195797920227
5507,1575,lime,0.3554376471860736,0.026015559832255047,0.9941682815551758
5508,1333,lime,0.876645721421069,0.029602653770284218,0.9992026686668396
5509,1380,lime,0.7920033173021775,0.0580356071957133,0.9962151646614075
5510,1428,lime,0.15608737793038874,0.0851306498858749,0.9597755074501038
5511,2027,lime,0.42839499685662585,0.0162853140097398,0.9940024018287659
5512,1039,lime,0.1725551712885499,0.03969219222664833,0.9993093013763428
5513,22,lime,0.7110242211194926,0.03274558805102526,0.9989134073257446
5514,1276,lime,0.01021849736571312,0.014405608177185059,0.9990806579589844
5515,1367,lime,0.39524650209864903,0.05012627846972887,0.9825390577316284
5516,147,lime,0.2457944585808686,0.03406655841640064,0.9974302649497986
5517,3226,lime,0.37504330839739713,0.03065380523050273,0.999040424823761
5518,4586,lime,0.19475928652325586,0.015440199043481581,0.9990293979644775
5519,2301,lime,0.5568083460300656,0.005585994129463778,0.9640269875526428
5520,2466,lime,0.0136424514555162,0.017053634889664188,0.9996640682220459
5521,2876,lime,0.6714985899818249,0.08162628362576167,0.9597526788711548
5522,2213,lime,-0.008276104133983608,-0.0023363571061862684,0.000202023729798384
5523,2261,lime,0.672787159600725,0.01951720085568153,0.9993762373924255
5524,1956,lime,0.024579388978467745,-0.024034603657624262,0.04006252810359001
5525,2369,lime,0.8634422139594073,0.05147363277191811,0.9902411699295044
5526,190,lime,0.39066318712300724,0.0266252343232433,0.9993892908096313
5527,1834,lime,0.3567042178832568,0.04738266754608888,0.9939466118812561
5528,2393,lime,0.6378658026094652,0.2544739776187473,0.9182735681533813
5529,282,lime,0.018824017638790196,0.008638729309213573,0.9995655417442322
5530,1916,lime,0.3422003274317831,0.10749984555877745,0.998993456363678
5531,4527,lime,0.7139272014832213,0.024265867258821214,0.9987443685531616
5532,1324,lime,0.34043942745297384,0.04450398951004713,0.9988691210746765
5533,3576,lime,0.058726154871889064,0.046127537617812284,0.9993870258331299
5534,4029,lime,0.8815315604292517,0.049780186265707016,0.9975489974021912
5535,1683,lime,0.8204279522026848,0.04107313716541166,0.9990891218185425
5536,4353,lime,-0.18815496781977212,-0.023800583329142595,0.5951279997825623
5537,273,lime,-0.3926665177093629,-0.004665882521480018,0.004147555213421583
5538,1970,lime,0.2651364711367271,0.03466897505250844,0.9986754059791565
5539,903,lime,0.6543415254536307,-0.004048423575503486,0.9416317343711853
5540,3599,lime,0.1226832411896724,0.01571118333018743,0.9990440011024475
5541,2499,lime,0.7719263913552277,0.22827305570244788,0.7935299277305603
5542,3514,lime,0.4708254096103306,0.021102146852923477,0.9993149042129517
5543,2991,lime,0.5253361662188055,0.023880856993951295,0.9989377856254578
5544,3705,lime,0.20855550989508628,0.02319198977202177,0.9988238215446472
5545,2014,lime,0.007272618882199551,0.0030681668443882718,0.9996583461761475
5546,257,lime,0.7845097051327617,0.12722130037016338,0.9950889945030212
5547,3721,lime,0.007076757853148413,0.002501364614142746,0.9996111989021301
5548,2368,lime,0.00678080055448744,0.04972533020708296,0.999622106552124
5549,3689,lime,0.009143432404132599,0.009820085890749668,0.9996510744094849
5550,2574,lime,0.0039353470007578535,0.014638722846002289,0.9995563626289368
5551,4260,lime,0.16047479991208424,-0.020521890033375133,0.922892689704895
5552,517,lime,0.14586391694648493,-0.01945273914644795,0.9671018719673157
5553,3170,lime,-0.01484892315489265,-0.019984250757654476,0.012250982224941254
5554,3201,lime,0.9053751576499781,0.038238651156425475,0.997749388217926
5555,3194,lime,0.098783060827333,-0.04874777631915134,0.8306804895401001
5556,3897,lime,0.3129269601777196,0.022989738546311856,0.9989411234855652
5557,858,lime,0.9398937673104228,0.030599920311942697,0.9929360747337341
5558,19,lime,0.0759281877566267,-0.08253370846311252,0.632340669631958
5559,699,lime,0.06536746576980308,0.009292079342736138,0.9980823993682861
5560,575,lime,0.004687566310167313,0.004486054182052612,0.9996497631072998
5561,1646,lime,0.018819960809889295,0.007728688773654756,0.9989633560180664
5562,3623,lime,0.1061137247285465,0.034107688360097935,0.9993762373924255
5563,599,lime,0.8984081439470174,0.11618811096996069,0.9796587228775024
5564,2894,lime,0.041998232735527885,0.0052216317918565534,0.9996252059936523
5565,305,lime,0.7068831170645525,0.03785276785492897,0.9989272952079773
5566,3433,lime,0.24136374131688532,0.004864241716996679,0.9994997978210449
5567,3826,lime,0.7713412484205845,0.0707551532321506,0.8962622880935669
5568,1350,lime,0.4392693874679561,0.028160107815090346,0.9993466734886169
5569,2129,lime,0.37958593912083993,0.02100142887370153,0.999143123626709
5570,1422,lime,0.40452831454182925,0.022688435488625577,0.9969171285629272
5571,3819,lime,0.7286538249013987,0.02048264833336527,0.9985499978065491
5572,1527,lime,0.0065926587581634525,0.011147891283035278,0.9996610879898071
5573,1087,lime,0.005926241928880865,0.023752081123265354,0.9996534585952759
5574,1484,lime,0.1495854890928036,0.027397919355369196,0.9934612512588501
5575,3513,lime,0.2720972565934062,0.04464667532593012,0.9972319006919861
5576,3361,lime,0.10065481066703796,0.005163122547997369,0.9984989166259766
5577,1323,lime,0.8135524002970972,0.024932567775249482,0.8490097522735596
5578,1553,lime,0.7629258836712411,0.02107795576254527,0.9981650710105896
5579,3687,lime,0.02009266721350806,0.009715251624584198,0.999544084072113
5580,4368,lime,0.3770323910960747,0.030888405298033068,0.9993839263916016
5581,3165,lime,0.657172472924804,0.02291375568703465,0.9991828799247742
5582,1309,lime,0.644450603520399,0.036707726843429336,0.9990371465682983
5583,2983,lime,0.6036215512416302,0.026030064966434088,0.998909592628479
5584,3378,lime,0.6196922716098251,0.030029983018283492,0.9752357006072998
5585,345,lime,0.32266900291585404,0.4373369407840073,0.6180360913276672
5586,1086,lime,0.3916478821542114,0.023044802807271482,0.999163031578064
5587,923,lime,0.7319149946173032,0.030579084157943727,0.9990264177322388
5588,1571,lime,0.007207952439785004,0.017130475491285324,0.9995949864387512
5589,842,lime,0.6625144438276409,0.03190462610551289,0.94442218542099
5590,2165,lime,0.8885123585977663,0.014985954102415305,0.9938048124313354
5591,608,lime,0.1818008644749289,0.03952148216574088,0.9991636276245117
5592,285,lime,0.3013832255435938,0.03643888048827648,0.9989277720451355
5593,2009,lime,0.12279434976252643,0.04139682396569035,0.9982799291610718
5594,807,lime,0.10380594952161921,0.07407873721663343,0.9985068440437317
5595,4511,lime,0.07254228244225185,0.03788543244202932,0.9992815852165222
5596,2495,lime,0.1129691460188113,0.05164807552800459,0.9993853569030762
5597,405,lime,0.38220692537154777,0.019463080380644118,0.9992332458496094
5598,218,lime,0.11985277997389916,0.03379549302401081,0.9968808889389038
5599,1976,lime,0.6561845185767327,0.030264138962541307,0.9981683492660522
5600,4040,lime,0.18045229534618556,-0.025255878540602596,0.841234028339386
5601,2461,lime,0.12172486435509089,0.03029160528923526,0.999382734298706
5602,2095,lime,0.19378385981017687,0.03675165533457162,0.9986758828163147
5603,327,lime,0.5002341159852222,0.10681392401456832,0.5409786105155945
5604,2957,lime,0.2596963054611016,0.008558051818508213,0.9883548021316528
5605,1778,lime,0.6670293584271955,0.036785210172335304,0.9987016916275024
5606,688,lime,0.6891381317415298,0.024036045639942855,0.9988686442375183
5607,393,lime,0.638451763178007,0.15443576891452837,0.763340413570404
5608,3495,lime,0.21633750889098868,0.05218162331378685,0.9989851117134094
5609,2741,lime,0.04595795314273109,0.03943355721624001,0.9993811845779419
5610,3105,lime,0.6794231243876984,0.4639831572447134,0.8594332337379456
5611,3579,lime,0.4762561884176518,0.08571251992668424,0.9866344928741455
5612,4460,lime,0.1378134800953434,0.02124639204207887,0.9910475611686707
5613,1491,lime,0.08783603263528723,0.050653647631406784,0.9995924830436707
5614,882,lime,0.4937233915552497,0.04894220539265209,0.9961193799972534
5615,2085,lime,0.9419388167206543,0.03389254019216255,0.9988679885864258
5616,1769,lime,0.721695764769995,0.02893796355225319,0.9970420002937317
5617,3177,lime,0.39220622508520525,0.04212665898459298,0.9704149961471558
5618,3766,lime,0.04846480641609583,0.04649800625749123,0.9971404075622559
5619,2049,lime,0.029421915067359805,0.13192973978584632,0.9991164803504944
5620,794,lime,0.04724683273922314,0.004822928797114979,0.9996032118797302
5621,1617,lime,0.4177242673694208,0.04792894158486484,0.998904824256897
5622,21,lime,0.10677795498459428,0.018706725358411117,0.9993841648101807
5623,2626,lime,0.02799178891711765,0.005217605166965061,0.9995206594467163
5624,2199,lime,0.029745826774483754,0.01210036858295401,0.039611686021089554
5625,4578,lime,0.061633353537701545,0.012748261715503448,0.9995160102844238
5626,1535,lime,0.6835309648244031,0.03204943072693101,0.998128354549408
5627,1012,lime,0.7316847197835159,0.1588544505648315,0.8239738345146179
5628,3302,lime,0.11894587789443904,0.018069096207618714,0.9989655017852783
5629,3059,lime,0.6033353045427551,0.05408781444032987,0.9987943172454834
5630,1172,lime,0.15017032555558466,0.003212466835975647,0.9996435642242432
5631,3322,lime,0.34329665265326376,0.03155902635894323,0.9941058158874512
5632,3232,lime,0.66540294024162,0.15454173542887226,0.9047036170959473
5633,3859,lime,0.07605031438362904,0.006294747193654378,0.9996185302734375
5634,1015,lime,0.28128724415288414,0.022181389030329016,0.9992378950119019
5635,1364,lime,0.5047192390522232,0.006381172200907831,0.9995948672294617
5636,2757,lime,0.021992964116302697,0.055861234853698594,0.9983596205711365
5637,182,lime,0.759720855219034,0.017421460619159772,0.9991540908813477
5638,1107,lime,0.002711439574206317,0.023572894986029023,0.9995881915092468
5639,188,lime,0.4634743190237454,0.005269145965576172,0.867632269859314
5640,2990,lime,0.26751394585395855,0.03747554775327444,0.9552038908004761
5641,2951,lime,0.8120241365371234,0.03657990942398707,0.9824032783508301
5642,3539,lime,0.02473965822122036,0.017353232090289775,0.9996664524078369
5643,3473,lime,0.31499949532250565,0.019688770174980164,0.9990646243095398
5644,1655,lime,0.21649220715398373,0.01982865012858225,0.9905045628547668
5645,3422,lime,0.5264478922320489,0.02271071060196213,0.9972403049468994
5646,4077,lime,0.12577220470440098,0.07504461160520227,0.9940881729125977
5647,3015,lime,0.011484182650043119,0.007421653116902997,0.998708963394165
5648,2713,lime,0.3043534623888823,0.0050472812010691715,0.9995044469833374
5649,3397,lime,0.2251838912513662,0.03962778648797502,0.9989211559295654
5650,1266,lime,0.3296825621011002,0.05882646777622756,0.9979817867279053
5651,1623,lime,0.13331943607101074,0.01779802401478474,0.9991612434387207
5652,3358,lime,0.08919788036672842,0.02228881897670882,0.9993563294410706
5653,373,lime,0.006326155737042427,0.061754677444696426,0.9982847571372986
5654,2026,lime,0.02145132091310289,0.1748838802282181,0.9989233613014221
5655,1524,lime,0.04124884880506075,0.03504005762246939,0.999204695224762
5656,422,lime,0.26690441140921656,0.04230569728783199,0.9925078749656677
5657,3169,lime,0.010466857868082383,0.02385793363346773,0.9977535605430603
5658,3650,lime,0.03828818798065185,0.003470967032692649,0.9994427561759949
5659,3800,lime,0.5843486544023456,0.006386747861162145,0.9711559414863586
5660,1120,lime,0.28030631227313346,0.03578903343317644,0.9991294741630554
5661,2249,lime,0.11272186014887899,0.022053639642720998,0.9993816614151001
5662,4043,lime,0.04990594617502634,0.03878981429477071,0.9996614456176758
5663,616,lime,0.11350511631061291,0.06157484599228563,0.9961885809898376
5664,2691,lime,0.4303990026583543,0.028482562082039344,0.9967065453529358
5665,2043,lime,0.2060942894521369,0.03637051972847465,0.9938713312149048
5666,3188,lime,0.7964150750881527,0.022931437641382217,0.9944091439247131
5667,2835,lime,0.08513061014505532,0.019037191612789266,0.9991340041160583
5668,4211,lime,0.022561001777648925,0.014093242088953654,0.9993029832839966
5669,917,lime,0.7103427388356067,0.021648629335686564,0.9877347350120544
5670,4100,lime,0.4512308987064494,0.02043135381407208,0.9991710186004639
5671,1162,lime,0.023123338545967893,0.25492281384947824,0.99937504529953
5672,3716,lime,0.2125040538782297,0.021665568268576334,0.9991697072982788
5673,1248,lime,0.00826150615040849,0.006809978950314406,0.9996421337127686
5674,828,lime,0.029414563737017042,0.005785233162819071,0.999652624130249
5675,2243,lime,0.008431687969864616,-0.017569211349191684,0.02451511286199093
5676,2902,lime,0.20970546299556517,0.10589435042918853,0.9986756443977356
5677,337,lime,0.5228747754142835,0.023952308946695082,0.9972852468490601
5678,2351,lime,0.07874231394380331,0.12092509508132934,0.9993780851364136
5679,1959,lime,0.33527188263833524,0.028150555863976478,0.995726466178894
5680,3431,lime,-0.257821741153748,0.041623693747169455,0.10540931671857834
5681,4374,lime,0.395749705178397,0.04124164865447246,0.9985717535018921
5682,1102,lime,0.07050915649442961,0.006161411603291829,0.9996216297149658
5683,1246,lime,0.0060253258337054335,0.07264579701841924,0.9996531009674072
5684,1176,lime,0.40530276749697,0.020653398334980012,0.9989305138587952
5685,4579,lime,0.005434317058987088,0.01830661826663547,0.9996460676193237
5686,3195,lime,0.030012841172078076,0.006496082564220107,0.5380821824073792
5687,2790,lime,0.36160921793431045,0.03929671794176102,0.997856080532074
5688,3877,lime,0.7603668486034232,0.0659240253624462,0.9847211241722107
5689,93,lime,0.5781660644110119,0.020173976241156112,0.9966663718223572
5690,2795,lime,0.8376466865852676,0.007640855537878501,0.9456225037574768
5691,2317,lime,0.228380391204899,0.03839855721559037,0.9903320670127869
5692,385,lime,0.12736573857160247,0.10029463065141926,0.9993897676467896
5693,913,lime,0.02921905515320373,0.029047373908035683,0.9993676543235779
5694,693,lime,0.25144729183779824,0.015752657696052833,0.9962208867073059
5695,3241,lime,0.30823124004527924,0.11451941005507252,0.9692100286483765
5696,2471,lime,0.11515103161515554,0.01637040656440112,0.9959734082221985
5697,311,lime,0.5368231226193702,0.020397117396570602,0.9990488886833191
5698,334,lime,0.8761822441526917,0.0025084828430751585,0.9995749592781067
5699,861,lime,0.007601287629869249,0.009329105968828555,0.999603807926178
5700,1454,lime,0.11502362239278024,0.07915237235526244,0.9986516833305359
5701,2684,lime,0.3594379842913938,0.01689442935979591,0.9983585476875305
5702,1224,lime,0.9128978025438564,0.42986766128770765,0.9987661838531494
5703,2585,lime,0.03785869783284713,0.002534490458819331,0.9996428489685059
5704,708,lime,0.09509854277838832,0.020676418086108955,0.9990423321723938
5705,3141,lime,0.015534601781679236,0.01816751257232998,0.9996360540390015
5706,38,lime,0.019205479267633187,0.07197695746490697,0.9987980127334595
5707,2683,lime,0.2916173750825692,0.02684900416061282,0.9991934895515442
5708,935,lime,0.6399163286589509,0.0569265966056561,0.9993172883987427
5709,3339,lime,0.04047669405522554,0.005679125371186629,0.9996575117111206
5710,1325,lime,0.6295874736510044,0.03422766750635103,0.9985232949256897
5711,2120,lime,0.1622868683371766,-0.4038228936055127,0.19119592010974884
5712,470,lime,0.7430679987230133,0.02062185671998233,0.990198016166687
5713,3393,lime,0.031385238106186326,0.007154042656357224,0.999430239200592
5714,1942,lime,0.013668242841959,0.005321475366751353,0.9994478821754456
5715,3371,lime,0.3163817901578214,0.02547355844742722,0.9987943172454834
5716,1713,lime,0.5581209090128338,-0.15317043824040372,0.6230827569961548
5717,160,lime,0.006126547401601618,0.028990186073563316,0.9995412826538086
5718,1192,lime,0.029578593373298646,0.005974176526069641,0.9996260404586792
5719,2161,lime,0.01323487951948836,0.02299969582944303,0.9995623230934143
5720,3925,lime,0.9087399898739111,0.02156744103451244,0.9971501231193542
5721,3619,lime,0.15103542527982167,0.0035141295620373316,0.9700282216072083
5722,4209,lime,0.8536294309380583,0.020200344041371956,0.9316954016685486
5723,3524,lime,0.15007229627150556,0.02255398099837096,0.9987012147903442
5724,353,lime,0.16396560635398694,0.05374288041980899,0.9980803728103638
5725,2548,lime,0.03644290921233949,0.024213695100375583,0.9991563558578491
5726,4202,lime,0.09648032735234925,0.033804043315883193,0.9917930960655212
5727,1014,lime,0.40838040951745247,0.036362264237620616,0.9905891418457031
5728,1200,lime,0.5692943765235872,0.018385942126142567,0.9971856474876404
5729,4580,lime,0.0055870755955025,0.009523902778272276,0.9996461868286133
5730,3087,lime,0.1621725768116968,0.03411179741046259,0.9990992546081543
5731,1305,lime,0.07451174957677723,0.02346304664388299,0.998984158039093
5732,112,lime,0.11978254653513432,0.006358373910188675,0.9995773434638977
5733,1853,lime,0.8047208661353745,0.02870717802734086,0.9979832172393799
5734,4310,lime,0.2713107532540033,0.021928431336269823,0.9988314509391785
5735,3873,lime,0.04335641547253257,0.011299243098811099,0.9996566772460938
5736,4216,lime,0.2137101160643517,0.03691323865907935,0.9993083477020264
5737,14,lime,-0.183801309150808,-0.09441056146341212,0.7737482786178589
5738,3915,lime,0.9314075100501733,0.03563412129878998,0.9990742206573486
5739,2387,lime,0.3171623895565669,0.024738609968196778,0.9984325766563416
5740,533,lime,0.586746372322696,0.03081411948161466,0.6080431342124939
5741,3551,lime,0.10982951136039835,0.12347955127812124,0.9923055768013
5742,851,lime,0.1423419277099046,0.020810090174729175,0.9991269707679749
5743,1418,lime,0.38549673687993435,-0.03558225315390972,0.8733924031257629
5744,3446,lime,0.1352623140682345,0.0906599909067154,0.998358428478241
5745,1318,lime,0.5663260687989268,0.021175483919002792,0.9967293739318848
5746,677,lime,0.008365656648363386,0.012841962065015521,0.9994944334030151
5747,3740,lime,0.5777114790624183,0.05798298120498657,0.9993976354598999
5748,1317,lime,0.8238877591955643,-0.06603456007652596,0.8506525158882141
5749,1072,lime,0.9972032226622105,0.024165401682257653,0.999428927898407
5750,4275,lime,0.22203233840409667,-0.4418034145608544,0.3607975244522095
5751,655,lime,0.809009122172499,-0.0442393255130998,0.9027310013771057
5752,3128,lime,0.7579651018831788,0.03150850607127678,0.9740851521492004
5753,3143,lime,0.08438796003659567,0.008233914772669474,0.9995619654655457
5754,568,lime,0.8671857872811545,0.05467962729079383,0.9719793200492859
5755,1871,lime,0.026899279654026033,0.03572186166420579,0.9996623992919922
5756,3956,lime,0.057346641499963075,0.051895283369554415,0.9993952512741089
5757,121,lime,0.02062840387225151,0.007048237536634717,0.9996229410171509
5758,3150,lime,0.6751499430721869,0.024943668881188267,0.9991140961647034
5759,587,lime,0.07549518652451344,0.014245302249223758,0.9996590614318848
5760,3061,lime,0.5958407866027282,0.03939065740120654,0.99899822473526
5761,3162,lime,0.15816428063920251,0.01789380196068022,0.9993732571601868
5762,1254,lime,0.00605564828841917,0.008757103835382769,0.999588668346405
5763,2658,lime,0.4322424749942853,0.04031168685314503,0.9991675615310669
5764,163,lime,0.5159244718417139,0.12353156415092481,0.9969267249107361
5765,1322,lime,0.19227398865258516,0.01617750681158322,0.9988309741020203
5766,4249,lime,0.1312819780273871,0.01543830863454125,0.9448575377464294
5767,360,lime,0.39788726099481386,0.040741501623884804,0.9987766146659851
5768,1768,lime,0.7120273626444615,0.009101698983390376,0.9953357577323914
5769,732,lime,0.7420090194869166,0.020395069445172945,0.9988956451416016
5770,2671,lime,0.7222446161683584,0.040064551835430076,0.9971069693565369
5771,691,lime,-0.04751974736919274,0.022300742163851455,0.3396788239479065
5772,79,lime,0.701715238245756,0.017896490792433422,0.9992596507072449
5773,2776,lime,0.12398660699413581,0.0774873213588514,0.9976473450660706
5774,1053,lime,0.8018289555466789,0.07829506308132526,0.9929702877998352
5775,410,lime,0.1220691977844884,0.031765426067929516,0.9991416931152344
5776,4367,lime,0.6594697476553154,0.030334205144927615,0.9851753115653992
5777,1667,lime,0.3349009532481432,0.04479520935565233,0.9980067610740662
5778,3349,lime,0.8422570529061236,0.05042183786364538,0.9923461675643921
5779,2672,lime,0.15921478944294382,0.0075426535172895956,0.9995920062065125
5780,4038,lime,0.7433907546116144,0.014533804909836861,0.9987791180610657
5781,4552,lime,0.7099789956118912,0.02670856105054126,0.9967419505119324
5782,1542,lime,0.02424794678785363,0.00577485804655114,0.9995275735855103
5783,1336,lime,0.013068822084688674,0.008269445568907494,0.9993784427642822
5784,1519,lime,0.3168412125072418,0.02442386603126159,0.9993535876274109
5785,1229,lime,0.24730066092684866,0.01904860347509384,0.9993834495544434
5786,1968,lime,0.8348719814021024,0.020288050174713135,0.9963032007217407
5787,4416,lime,0.4417926660216038,0.017038069011872273,0.9992473125457764
5788,2109,lime,0.864658405149325,0.03700802994311833,0.9979265928268433
5789,725,lime,0.36469535876642023,0.04641143781399088,0.9994057416915894
5790,1134,lime,0.15436834345261255,-0.057697122650487084,0.700931966304779
5791,101,lime,0.5799621054447135,0.04118884970312533,0.971911609172821
5792,4266,lime,0.7031245351718944,0.07012849231792051,0.9966752529144287
5793,2253,lime,0.07741912912863952,0.10991949052326024,0.9985866546630859
5794,1269,lime,0.006202004849910736,0.012760389596223831,0.9996598958969116
5795,2813,lime,0.2729623070784977,0.02597250086920602,0.9991287589073181
5796,193,lime,0.21645858522617456,0.028419540799928433,0.998537540435791
5797,1127,lime,0.08733821826408038,0.05202638060861343,0.9993529915809631
5798,2871,lime,0.29431317683036734,0.02314758028199033,0.9991708993911743
5799,3470,lime,0.32923785109511194,-0.11364797612323481,0.54932701587677
5800,280,lime,0.1487968146408859,0.02414531750898612,0.9991291165351868
5801,1696,lime,0.2902907508218454,0.02685690950602293,0.9993871450424194
5802,2623,lime,0.020309544934166802,0.005918819374508328,0.9995787739753723
5803,2139,lime,0.02308724674841632,0.021334178259839184,0.9994019269943237
5804,3438,lime,0.011199960654432123,0.034163458103483375,0.9996529817581177
5805,82,lime,0.008469233512878418,0.005005266666412354,0.9996553659439087
5806,876,lime,-0.03639210636417071,-0.10245533729041065,0.5930060744285583
5807,2719,lime,0.20196099325697472,0.0055958007244353595,0.9995077848434448
5808,2374,lime,0.007267807659349944,0.006215393543243408,0.999235987663269
5809,1569,lime,0.7249728731335477,0.021528684236901872,0.9976327419281006
5810,2416,lime,0.010221506158510843,0.0055380165576934814,0.9995030164718628
5811,3724,lime,0.4325139049473884,0.02449825725385121,0.996752142906189
5812,3511,lime,0.589591651186347,0.05285295590758324,0.9970585107803345
5813,4046,lime,0.09196824332078297,0.09274617427339156,0.9460201859474182
5814,2132,lime,0.25278032902966846,0.03732385228980671,0.9987367987632751
5815,2932,lime,0.15190357824458794,0.0569851577610654,0.9991791844367981
5816,3414,lime,0.007399800211884255,0.003999594339104586,0.9524268507957458
5817,1009,lime,0.0243587348519302,0.1524398507459498,0.9996192455291748
5818,4171,lime,0.19220404546401212,0.006264801432446736,0.9995684027671814
5819,1439,lime,0.11896202758866914,0.005185924014266656,0.9993966817855835
5820,3603,lime,0.5079731423905942,0.021448757586091063,0.998826801776886
5821,2680,lime,0.03837894904883761,0.056594587205087435,0.9993784427642822
5822,4297,lime,0.013331298317228044,0.04806405022030785,0.9996525049209595
5823,630,lime,0.08382196029027303,0.04863052003913455,0.9986656904220581
5824,638,lime,0.40870539786229876,0.15627876857038717,0.9989514350891113
5825,455,lime,0.8682682227443637,0.05874218962135467,0.9898774027824402
5826,129,lime,0.024567671616872153,0.007368693086836073,0.999648928642273
5827,3544,lime,0.06040883732911868,0.0490469762052481,0.9991468191146851
5828,2705,lime,0.44065305821669215,0.004026150474181542,0.9954513907432556
5829,4542,lime,0.2847015111651903,0.016383388348050035,0.9993721842765808
5830,1736,lime,0.2657321058558645,0.03376242546019731,0.9991322159767151
5831,1442,lime,0.28857584978260736,0.023303997407599194,0.9975928664207458
5832,836,lime,0.8669711858638038,0.03342941636219621,0.9985809326171875
5833,3713,lime,0.06934844301297115,0.02275438931507942,0.9985994696617126
5834,963,lime,-0.05559449414883194,-0.15701354410627794,0.17056235671043396
5835,3500,lime,0.7880438720365055,0.01761643648147583,0.9967949986457825
5836,1386,lime,0.5753507344907121,0.029566849349066615,0.9987132549285889
5837,3631,lime,0.678086133635774,0.01888253684250676,0.9985203146934509
5838,3220,lime,0.5711462528024819,0.05653179013261608,0.9989356398582458
5839,1920,lime,0.4654784208667416,0.03123557824513008,0.9989533424377441
5840,3065,lime,0.5433004673789529,0.02794898016487851,0.9983017444610596
5841,4122,lime,0.023310378674537904,0.07120060133175068,0.999610960483551
5842,2735,lime,0.4812734515448524,0.020726268433711746,0.9991235136985779
5843,1441,lime,0.8403592312694984,0.021849588624068668,0.9989312291145325
5844,860,lime,0.543265563054857,0.036681734110144054,0.9953527450561523
5845,930,lime,0.053546168963251595,0.014756292797798333,0.9996181726455688
5846,2920,lime,0.547461274248134,0.03254620855053266,0.9982183575630188
5847,3073,lime,0.4322517688672703,0.08307523179190376,0.9701750874519348
5848,2537,lime,0.6533071414964712,0.07992863008642898,0.9980552196502686
5849,4582,lime,0.8164772414148036,0.014994083381280667,0.9957790374755859
5850,173,lime,0.010075121673185434,0.0027499314564377515,0.9995403289794922
5851,1056,lime,0.2823504893890312,0.028792702863293308,0.9974812865257263
5852,2870,lime,0.5321496054591415,0.024604930493392442,0.9991783499717712
5853,50,lime,0.5888116929116742,-0.07777113813374724,0.7346057295799255
5854,2560,lime,0.05547904204099606,0.006471112752572084,0.9995317459106445
5855,31,lime,0.0217700835905577,0.01677743855275606,0.9975511431694031
5856,3419,lime,0.314344235769587,0.005665817159287473,0.999573290348053
5857,3023,lime,0.3622201410737836,0.03234833434729253,0.9993419051170349
5858,1433,lime,0.31481561326177515,0.042348804532504475,0.9986405968666077
5859,399,lime,0.0075855728457955756,0.04171911670881159,0.9993828535079956
5860,3793,lime,0.021261053284009297,0.10824811293019189,0.9993870258331299
5861,3354,lime,0.05650945007801056,0.007772516459226608,0.9995185136795044
5862,749,lime,0.04634944766682262,-0.06339731783650461,0.05760134384036064
5863,3479,lime,0.15038142167031765,0.0852366529263394,0.9991241097450256
5864,3212,lime,-0.13439595430261558,0.12878041102683507,0.7634863257408142
5865,617,lime,0.018383443355560303,0.0062865649952608,0.9996562004089355
5866,4442,lime,0.02500158481490918,0.049923882951052524,0.9993718266487122
5867,2130,lime,0.4852386331667417,0.018330309026200194,0.9974406957626343
5868,283,lime,0.5147447049085583,0.025518650029386792,0.998022198677063
5869,4517,lime,0.38253698036784217,0.04123638712224506,0.9982185959815979
5870,1217,lime,0.2782137050171909,0.02089478367048761,0.9991003274917603
5871,55,lime,0.6737112557001335,0.0331866554915905,0.9983003735542297
5872,2038,lime,0.1863430751753705,0.05717721315366881,0.9988310933113098
5873,1302,lime,0.28279362652789464,0.05761317095973275,0.9991274476051331
5874,2767,lime,0.1104143843986094,-0.10907642915844917,0.6745148301124573
5875,1813,lime,0.15006435237845164,0.020515705661281296,0.9990988969802856
5876,3881,lime,0.7486305454707084,0.079313433315191,0.9991833567619324
5877,434,lime,0.03561961239781873,0.018503067822291934,0.9995984435081482
5878,115,lime,0.39894622733559765,0.002485596707889012,0.9996256828308105
5879,2119,lime,0.1906079493011489,0.059856636957688766,0.9987163543701172
5880,2923,lime,0.21845940905897057,0.05648873208830243,0.9995824694633484
5881,3392,lime,0.37672429131688895,0.0701580851994179,0.9981716871261597
5882,1789,lime,0.5763397047050157,0.03677457114154438,0.999123752117157
5883,1103,lime,0.1891770287158737,0.005494483139203942,0.9996674060821533
5884,348,lime,-0.1368778824328205,-0.2777026139877059,0.511111855506897
5885,4441,lime,0.031432362163768095,0.006539001184351304,0.9996602535247803
5886,78,lime,0.03604349825117323,0.0117522191118311,0.9996417760848999
5887,3224,lime,0.02571997581384121,0.006327227140084291,0.9996308088302612
5888,1821,lime,0.007438528187134687,0.013204905916662776,0.9996606111526489
5889,1735,lime,0.0031844253809946888,0.011199379866977907,0.999650239944458
5890,2473,lime,0.0361199794813644,0.005618795405986698,0.9992415904998779
5891,4204,lime,0.5510068108456042,0.14381765076765218,0.9989504218101501
5892,3395,lime,0.2049095345394952,0.012321972846984863,0.9996649026870728
5893,3405,lime,0.9328535494517253,0.18734076704297747,0.998313307762146
5894,1431,lime,0.021264296770095826,0.0048285555839538575,0.999091386795044
5895,2113,lime,0.1668477097145197,0.021690234118564564,0.9993559718132019
5896,1294,lime,-0.0030181743997208616,0.05418728830966544,0.49627259373664856
5897,2798,lime,-0.4521714078469409,-0.03868663560392128,0.004821134731173515
5898,4241,lime,0.1849097901502171,0.07567228135224935,0.9984984397888184
5899,2697,lime,0.014995945351464408,0.01128680081594558,0.9979537725448608
5900,735,lime,0.043803511663924814,0.08407284156419337,0.9970153570175171
5901,2398,lime,0.8370159518740633,0.0414885913624483,0.9870337247848511
5902,1921,lime,0.12755889123162398,0.018887796654151037,0.9991439580917358
5903,2454,lime,0.2208856410802679,0.035040070401861315,0.9879072308540344
5904,2436,lime,0.24677201585077188,-0.14980373378185666,0.7371991872787476
5905,3313,lime,0.26766799056950613,0.06222938659155498,0.9991470575332642
5906,2602,lime,0.587021462031101,0.026598516263459857,0.9971814155578613
5907,1378,lime,0.741923063790666,0.027232018689955433,0.9416289329528809
5908,4172,lime,0.2669111545227708,0.13679159216342435,0.8241690993309021
5909,140,lime,0.014380580500552529,0.04466792078394639,0.999631404876709
5910,2482,lime,0.4088434803892266,0.024583324959332294,0.9969833493232727
5911,2566,lime,0.0287336035467246,0.09700599900337264,0.9993975162506104
5912,3043,lime,0.03475058542669944,0.051324515410189356,0.9987640380859375
5913,2718,lime,0.16857347262435055,0.023866129941061923,0.9987961053848267
5914,1010,lime,0.1512263836339116,0.028258936150985604,0.99928218126297
5915,1516,lime,0.5539140138758479,0.18823857166405236,0.5778140425682068
5916,1988,lime,0.5115563510095372,0.027662915561129067,0.9968379735946655
5917,2942,lime,0.313041901820012,0.02650288713944925,0.9990577101707458
5918,3097,lime,0.2644765154272318,0.02025227203965187,0.9991944432258606
5919,151,lime,-0.031052341461181642,0.09641133308410645,0.9380155205726624
5920,2319,lime,0.7634660132951103,0.03864208459854126,0.9779762625694275
5921,1373,lime,0.872147611637668,0.023310976966125208,0.9993176460266113
5922,1358,lime,0.3976878428948112,0.35176903603132814,0.9978817105293274
5923,1873,lime,0.8372073606314028,0.020285355913288453,0.9364849328994751
5924,2668,lime,0.03239226799744826,0.006140744456878075,0.9996448755264282
5925,4357,lime,0.9089660827444892,0.026190433349158312,0.9975283741950989
5926,62,lime,0.12576666937934028,0.006759576002756755,0.9996606111526489
5927,1795,lime,0.08025943445230449,0.007578644259222622,0.9993168115615845
5928,1000,lime,0.052948095634871836,0.01903356056587369,0.9982230067253113
5929,3679,lime,0.6494950732043148,0.025772386279545333,0.9979243278503418
5930,1850,lime,0.012304254646958977,0.0068975152640507135,0.9991922974586487
5931,2825,lime,0.43650588231797044,0.009320715299019447,0.9994365572929382
5932,3964,lime,0.7747886743096527,0.03420300753070758,0.9991175532341003
5933,1625,lime,0.03304584196635655,0.008475932053157262,0.9996298551559448
5934,1313,lime,0.8033332390717559,0.17180981591124744,0.9869440793991089
5935,4320,lime,0.024114052991609316,0.0056829436405284985,0.9995608925819397
5936,2166,lime,0.2779384150492902,0.01047044182766457,0.9993587136268616
5937,2184,lime,0.7720286778614132,-0.013499760462178125,0.9261394143104553
5938,4148,lime,0.01210927300983005,0.008667536907725863,0.9996285438537598
5939,300,lime,0.19624302224783263,0.037085097564278906,0.9992796778678894
5940,339,lime,0.27954297017238006,0.01751011410462005,0.9991207718849182
5941,2220,lime,0.0843697828443154,0.04178662452360858,0.9992837309837341
5942,1587,lime,0.033548615872859955,0.007514137774705887,0.9992247819900513
5943,4410,lime,0.08756149307721191,0.08666608897555206,0.9990875720977783
5944,3009,lime,0.09173981859987858,0.15551802689008706,0.999393105506897
5945,4314,lime,0.38314236390093964,0.04980635762405701,0.9993906021118164
5946,2236,lime,0.520723451610382,0.015775893337842895,0.9038647413253784
5947,3837,lime,0.011359151204427083,0.014680341879526774,0.9995393753051758
5948,2512,lime,0.16808609089449697,0.04202778803427582,0.9993730187416077
5949,4272,lime,0.1261528411354774,0.025328110999021776,0.9988380074501038
5950,2294,lime,0.39305968808808495,0.02309290628348078,0.9833579659461975
5951,3416,lime,0.0126969541822161,0.006652273450578962,0.99954754114151
5952,3694,lime,0.2847738314147403,0.07656065374612808,0.9991098046302795
5953,108,lime,0.5579884157702327,0.032777801156044006,0.9982311129570007
5954,3795,lime,0.8898604306599333,0.04116802977191077,0.9927491545677185
5955,3228,lime,0.41377096369545513,0.019455807323151445,0.9991713762283325
5956,4327,lime,0.007383471065097385,0.021773180696699354,0.9996592998504639
5957,4444,lime,0.15192119207663032,0.01857824007479044,0.9985395669937134
5958,932,lime,0.5576906880067493,0.07641387222842737,0.9980810880661011
5959,3245,lime,0.16620136505443953,0.02267842348664999,0.9987278580665588
5960,1037,lime,0.023436776427335517,0.012009767598884051,0.9996662139892578
5961,3070,lime,0.1464009986988999,0.013555845698794804,0.9996428489685059
5962,507,lime,0.4236361193470657,0.02903430163860321,0.9985421895980835
5963,1983,lime,0.037972250249650744,0.006662276056077745,0.9996660947799683
5964,635,lime,0.8581982540944592,0.036033310890197755,0.998441755771637
5965,102,lime,0.5094747473279224,0.04921981265708324,0.9969923496246338
5966,2618,lime,0.5021859199607845,0.025712912247793096,0.9993610978126526
5967,2452,lime,0.741496967749198,0.021093907290034825,0.9991616010665894
5968,2433,lime,-0.19400999013413775,-0.07648427962781267,0.7743200063705444
5969,2955,lime,0.051750090737373404,0.049647085105952546,0.9993973970413208
5970,4406,lime,0.011469284338610513,0.020251675375870297,0.9996486902236938
5971,146,lime,0.7953721661547509,0.03285598109165828,0.9977554678916931
5972,2277,lime,0.5038091596681624,-0.01687306523323059,0.9381861686706543
5973,628,lime,0.44520427232548115,0.10888086694983705,0.9967713952064514
5974,4147,lime,0.3279101887717843,0.029953839878241222,0.9988995790481567
5975,2488,lime,0.06722094523435344,-0.010987151984353455,0.0980299562215805
5976,4587,lime,0.4848151948923866,-0.11270605580824794,0.7863044738769531
5977,624,lime,0.9660988282733436,0.17725880501856064,0.9947062134742737
5978,1402,lime,0.01558643893191689,0.03503100756604813,0.9990047812461853
5979,1547,lime,0.7531735135762151,0.021622969747282738,0.9988071918487549
5980,1680,lime,0.05254790335893631,0.01423346996307373,0.9989929795265198
5981,2779,lime,0.48967480423882426,0.022782105597711745,0.9993093013763428
5982,3616,lime,0.2289541815748302,0.1065110849534593,0.970125138759613
5983,3676,lime,0.03895540535449982,0.006501251459121704,0.9996386766433716
5984,2004,lime,0.04653920424290192,0.004846048660767384,0.9987962245941162
5985,2141,lime,0.12044280921904052,0.0722419096372749,0.9993759989738464
5986,4045,lime,0.09316487045123659,0.007915996271988442,0.9956152439117432
5987,1761,lime,0.004987305886036641,0.009242233392354604,0.9989991784095764
5988,266,lime,-0.25976650585102645,-0.005060188226854881,0.014635598286986351
5989,4195,lime,0.6745372986101467,0.02078494905157292,0.9969258904457092
5990,1808,lime,0.23644971518832095,0.40533495717225415,0.669123113155365
5991,3786,lime,0.8492069869161958,0.02387368457114443,0.9991650581359863
5992,3199,lime,0.02897918423016866,0.008416688442230225,0.9992378950119019
5993,2619,lime,0.36315123834032825,0.04682463169511822,0.9993202686309814
5994,2459,lime,0.7048225605350594,0.1190456517718055,0.9979520440101624
5995,3187,lime,0.4526795173085041,0.021565297957171093,0.9990643858909607
5996,4531,lime,0.316530480600098,0.021229278839503724,0.9993942975997925
5997,4355,lime,0.2607340278918855,0.019814996514469385,0.9991635084152222
5998,2725,lime,-0.15786358066227124,0.18785838447713657,0.7989641427993774
5999,4573,lime,0.006665734144357534,0.09575487329409672,0.9996134638786316
6000,1913,kernelshap,0.19322587217514714,0.030909481892983117,0.9943388104438782
6001,4550,kernelshap,0.12645227589746355,0.07767780940048397,0.15146853029727936
6002,4424,kernelshap,0.005909993841841414,0.005867796975213128,0.9996589422225952
6003,3802,kernelshap,0.021039373108318875,0.002785941319806235,0.9995806813240051
6004,3867,kernelshap,0.28433676232484034,0.05123171231576375,0.9948807954788208
6005,2557,kernelshap,0.303960018681691,0.037473487489692425,0.9759672284126282
6006,2097,kernelshap,0.24818446720897588,0.11062742369073741,0.9993723034858704
6007,3546,kernelshap,0.8235848550251577,0.016909813291804736,0.9584444761276245
6008,2808,kernelshap,0.01853747901163603,0.008880991684763055,0.9996665716171265
6009,893,kernelshap,0.08190726873985792,0.033130919592360315,0.999051034450531
6010,674,kernelshap,0.16068038683045993,0.1263295066627589,0.9989060163497925
6011,4329,kernelshap,0.17977602151763994,0.09162320331995223,0.9989264607429504
6012,518,kernelshap,0.07741072664900524,0.022972672995997638,0.9991744160652161
6013,3071,kernelshap,0.3134554716234561,0.006602665781974793,0.9993823766708374
6014,1449,kernelshap,0.3344002217054367,0.20304766819789644,0.9991769194602966
6015,2475,kernelshap,0.15244661299916712,0.02128696457847305,0.9993069171905518
6016,2224,kernelshap,0.12319008223712444,0.24629116259602596,0.9987109899520874
6017,3008,kernelshap,0.7257822702193389,0.0375828190666178,0.9989023208618164
6018,2799,kernelshap,0.05944075255144027,0.0613265008695664,0.9993740916252136
6019,3455,kernelshap,0.7079760571393896,0.031919382950838876,0.8473272919654846
6020,2715,kernelshap,0.06334431919940682,0.011033546092898347,0.9996358156204224
6021,1799,kernelshap,0.057305802137423784,0.02402669172256421,0.9993937015533447
6022,1476,kernelshap,0.011915311217308044,0.008119413256645202,0.9996558427810669
6023,3045,kernelshap,0.2885928688766925,-0.10033682694560603,0.33991745114326477
6024,191,kernelshap,0.1014985309115478,0.03893417606548387,0.9993802309036255
6025,1612,kernelshap,0.5104075381207431,0.022104564187831657,0.9987958669662476
6026,3501,kernelshap,0.046271681785583496,0.015569759408632915,0.992664635181427
6027,2706,kernelshap,0.03335247966978285,0.02386720644103156,0.9996641874313354
6028,788,kernelshap,0.12176421546452754,0.02650553934477471,0.9991770386695862
6029,2721,kernelshap,-0.5430269765250463,-0.015867279167499266,0.0007631847984157503
6030,2543,kernelshap,0.13274535474677882,0.006592428932587306,0.9995973706245422
6031,4425,kernelshap,0.15038402588106692,0.030526454793289304,0.9857469797134399
6032,4154,kernelshap,0.007564176805317402,0.0022717174142599106,0.9995936751365662
6033,169,kernelshap,0.793554519915155,0.02767107039690018,0.9913190007209778
6034,1657,kernelshap,0.01594951884313063,0.007472974332896146,0.9996616840362549
6035,3040,kernelshap,0.049924994769849275,0.002564644604398493,0.9996602535247803
6036,269,kernelshap,0.09549980416962105,0.02330260851034304,0.9993628859519958
6037,1775,kernelshap,0.00965086438439109,0.020348099145022305,0.9996589422225952
6038,3229,kernelshap,0.9231733070957252,0.02180146231599476,0.9986925721168518
6039,4496,kernelshap,-0.13492728882180205,-0.4094537889649128,0.10239534825086594
6040,1064,kernelshap,0.10922501803657343,0.022267037699388904,0.9993277788162231
6041,4134,kernelshap,0.3681661501975247,0.10151269322442305,0.9990893602371216
6042,4000,kernelshap,0.09513299647838838,0.15003406532829808,0.9983528852462769
6043,609,kernelshap,-0.022158736699364252,-0.0519127418735513,0.0020482183899730444
6044,2710,kernelshap,0.10948426697092752,0.03052575041850408,0.9990960359573364
6045,3460,kernelshap,0.224463624536599,0.10668403668770272,0.9992254972457886
6046,1803,kernelshap,0.42461391145532784,0.028538894704119726,0.8552583456039429
6047,1918,kernelshap,0.4289973323442498,0.004907865913546815,0.9996613264083862
6048,3197,kernelshap,0.5223492710880236,-0.09238941594958305,0.5508357286453247
6049,1737,kernelshap,0.06866384179077366,0.04270752019841562,0.9991699457168579
6050,4435,kernelshap,0.25931148179048713,0.211288352553776,0.9170476198196411
6051,3750,kernelshap,0.7587812536459585,0.01869977739724246,0.9724546670913696
6052,3966,kernelshap,0.549181648157537,0.07589455530047416,0.9989425539970398
6053,365,kernelshap,0.1307489763685437,0.022308082168185434,0.9988769888877869
6054,4053,kernelshap,0.06671183231549385,0.010420232247083615,0.9995436072349548
6055,2066,kernelshap,0.11373269280721975,0.007914354634839435,0.999488115310669
6056,1852,kernelshap,0.24796039913151716,0.07497841401680096,0.9942169189453125
6057,2703,kernelshap,0.10498224456301507,0.035892793121199834,0.9989523887634277
6058,487,kernelshap,0.2882097326751266,0.03154903756720679,0.9985476136207581
6059,4055,kernelshap,0.01676933839917183,0.006961791465679805,0.9996187686920166
6060,4475,kernelshap,0.3040842062865312,0.02605285681784153,0.9981461763381958
6061,3348,kernelshap,0.08118320171100397,0.11623081963625737,0.9993853569030762
6062,351,kernelshap,0.16349685094074198,0.10459777668706681,0.9990637898445129
6063,2509,kernelshap,0.07640137018695954,0.017622497773939563,0.999666690826416
6064,4030,kernelshap,0.10152096673846245,0.007099861279129982,0.9994561076164246
6065,1650,kernelshap,0.009064389311749002,0.005334306022395258,0.9996337890625
6066,2653,kernelshap,0.005329949675865893,0.0060202648054878665,0.999609649181366
6067,4285,kernelshap,0.09699195233406499,0.019317783415317535,0.9982865452766418
6068,1468,kernelshap,0.1426218970445916,0.059333041310310364,0.9989425539970398
6069,2998,kernelshap,0.0177238792181015,0.006644108891487121,0.9995917677879333
6070,1270,kernelshap,0.47658191544542206,-0.10609332658350468,0.8581515550613403
6071,297,kernelshap,0.559972325747367,0.12462804342309634,0.9961426854133606
6072,2019,kernelshap,0.033306906620661415,0.025345613515970332,0.9996432065963745
6073,629,kernelshap,0.27601527789187047,0.07607602027635421,0.9985477328300476
6074,1944,kernelshap,0.0458406697781313,0.02400169060343788,0.9991617202758789
6075,953,kernelshap,0.01187837280725178,0.0063248778644360995,0.9994865655899048
6076,466,kernelshap,0.010776422917842865,0.007431697100400925,0.9995763897895813
6077,2200,kernelshap,0.40792230585255945,0.4887294942176516,0.8540064096450806
6078,728,kernelshap,0.28350645528090274,0.03892809626731006,0.9994561076164246
6079,3376,kernelshap,0.14667399168798798,0.029843357048536603,0.9947073459625244
6080,4549,kernelshap,0.256028278709151,0.039426134855941285,0.9830725193023682
6081,72,kernelshap,-0.4182099977868699,-0.5528197348767501,0.00627287570387125
6082,4,kernelshap,0.11679650129790002,0.09428820654036517,0.9985929131507874
6083,1098,kernelshap,0.24646967088306523,0.14593179765585307,0.9961133003234863
6084,2726,kernelshap,0.24467646427452563,0.03882757946848869,0.9993663430213928
6085,2921,kernelshap,0.03519362069311596,0.010449816783269247,0.9996601343154907
6086,2531,kernelshap,0.04329842944508013,0.01575859344523886,0.9996145963668823
6087,2614,kernelshap,0.003997939248238841,0.002986812783825782,0.9996167421340942
6088,2434,kernelshap,0.6720076982280168,0.016690174117684364,0.9884706735610962
6089,3111,kernelshap,0.15814520418643951,0.04905474520459467,0.9929046034812927
6090,3615,kernelshap,0.09722249096502429,0.10064031075740205,0.989231288433075
6091,3063,kernelshap,0.21550314525302383,0.08938005423988216,0.9991852641105652
6092,1385,kernelshap,0.47189006325012695,0.02025145822101169,0.9989620447158813
6093,128,kernelshap,-0.10856422285238902,-0.6461433255328581,0.05991167202591896
6094,1030,kernelshap,0.1000140056759119,0.06262521639466286,0.9918654561042786
6095,16,kernelshap,0.00442522128423055,0.013867096900939941,0.9995558857917786
6096,670,kernelshap,0.07080190244949225,0.04901831032651843,0.9991095662117004
6097,3743,kernelshap,0.24031935193099427,0.0219816850541636,0.9991957545280457
6098,2202,kernelshap,0.07319871769394985,0.04524627016034237,0.9947768449783325
6099,1615,kernelshap,0.34838846331396595,0.09310905348796111,0.9969441294670105
6100,1558,kernelshap,0.010252260244809665,0.006739275959821848,0.9995993971824646
6101,3953,kernelshap,0.7380870216807653,0.35045052163822704,0.8385427594184875
6102,304,kernelshap,0.5466619971563227,0.018666992657909207,0.9991636276245117
6103,4004,kernelshap,0.08199163800791691,0.006911169541509528,0.99965500831604
6104,4547,kernelshap,0.2562189809978008,0.09520320152474004,0.9124698042869568
6105,1247,kernelshap,0.18575487785041334,0.01833365023136139,0.9988911747932434
6106,3136,kernelshap,0.23760692889239485,0.34393637019416523,0.9989492297172546
6107,1220,kernelshap,0.22199607624165846,0.01676433311219801,0.9992615580558777
6108,3261,kernelshap,0.5047656848302318,0.006545133060879177,0.9988645315170288
6109,1611,kernelshap,0.21209633780213502,0.039802268434029356,0.9595311284065247
6110,1181,kernelshap,0.021362216108375125,0.04338556446859406,0.9993925094604492
6111,2797,kernelshap,-0.25542368504561874,-0.08090662446461226,0.46431487798690796
6112,610,kernelshap,0.7327086683589874,0.1045747613988635,0.9989633560180664
6113,3751,kernelshap,0.42184289837270184,0.024368706413290718,0.9895468354225159
6114,2248,kernelshap,0.086016030719456,0.010950654745101929,0.9825856685638428
6115,99,kernelshap,0.17248363087051793,0.02380217866677987,0.9989156723022461
6116,3781,kernelshap,0.00685308481517591,0.006856482279928107,0.9996659755706787
6117,225,kernelshap,0.03728686185444102,0.013468591605915743,0.9996508359909058
6118,2103,kernelshap,0.04957455313867993,0.02416826370689604,0.9950827360153198
6119,2836,kernelshap,0.13135694785089028,0.03630933656198222,0.9990633130073547
6120,2924,kernelshap,0.017228466708485674,0.010092088362065757,0.9996180534362793
6121,2859,kernelshap,-0.480626192094539,-0.3897123022539103,0.0047720917500555515
6122,2782,kernelshap,0.4510479660018926,0.09849176048719062,0.9962024092674255
6123,515,kernelshap,0.012746965562975084,0.09802383168307888,0.9996391534805298
6124,1951,kernelshap,0.34371000623855835,0.022267738595986977,0.9923940896987915
6125,3869,kernelshap,0.1425412926952251,0.08747538295057085,0.9987646341323853
6126,2263,kernelshap,0.32382999834689224,0.01816259143930493,0.9832453727722168
6127,4006,kernelshap,0.4195455829612911,0.3569724600141247,0.9329985976219177
6128,4522,kernelshap,0.08214488066732883,0.02983811352815893,0.997199535369873
6129,2137,kernelshap,0.00848270726926399,0.006921161304820667,0.9994431138038635
6130,3673,kernelshap,0.3235805993196818,0.015201855732022592,0.9948624968528748
6131,1707,kernelshap,-0.040077587423313944,-0.05884006925459419,0.284817099571228
6132,314,kernelshap,0.0023120902989008656,0.001684623221828513,0.9995383024215698
6133,1924,kernelshap,0.762715379804528,0.4039641538703883,0.9326366782188416
6134,2247,kernelshap,0.09285011222319943,0.06438083188342196,0.9990529417991638
6135,3901,kernelshap,0.659068041914251,0.02111065439706625,0.9985560774803162
6136,1847,kernelshap,0.1399347655700915,0.01204567967039166,0.9994674324989319
6137,1725,kernelshap,0.00634300097441062,0.00731125397559924,0.9996540546417236
6138,3547,kernelshap,-0.35121748303513856,-0.012744407116946193,0.012798065319657326
6139,4558,kernelshap,0.12538425193892586,0.02113274998135037,0.9991627931594849
6140,3403,kernelshap,0.6210150394905755,0.017087785487479353,0.9956961870193481
6141,3007,kernelshap,0.6547574432418597,0.030025033292953262,0.9694604873657227
6142,2961,kernelshap,0.38847983116284013,0.050314212683588266,0.9989249110221863
6143,3591,kernelshap,0.24795380344285683,0.19655553576098206,0.999377965927124
6144,571,kernelshap,0.34604317212942987,0.02353706518188119,0.9991270899772644
6145,4041,kernelshap,0.3903791715662616,0.0457319931851493,0.9928140044212341
6146,2629,kernelshap,0.12744750614677156,0.02145046456938698,0.9984891414642334
6147,3121,kernelshap,0.3132808249105107,0.14628562187267977,0.9988301396369934
6148,2701,kernelshap,0.2614270890589132,-0.04260836818883585,0.8653034567832947
6149,3101,kernelshap,0.43472263727475097,0.09598515513870451,0.9965533018112183
6150,1863,kernelshap,0.01572127903209013,0.0072937222088084504,0.9994211196899414
6151,2908,kernelshap,0.2192276962499776,0.005737540333770042,0.9996621608734131
6152,4456,kernelshap,0.6349579556845129,0.03866547058251771,0.9987928867340088
6153,3230,kernelshap,0.10317710844370034,0.04187731616772138,0.9988297820091248
6154,2399,kernelshap,0.49363083340913844,0.24029241914027616,0.9985949397087097
6155,3447,kernelshap,0.011750571429729462,0.008076737821102142,0.9996182918548584
6156,1522,kernelshap,0.09290027846300015,0.05794783196214474,0.9993118047714233
6157,3295,kernelshap,0.19373494570027106,0.03211759049445391,0.988055944442749
6158,495,kernelshap,0.7404703942715729,-0.00014552317167583264,0.9905909895896912
6159,317,kernelshap,0.2268616222548035,0.018269003913649974,0.9993842840194702
6160,4319,kernelshap,0.02477102279663086,0.007998581727345784,0.9995343685150146
6161,2583,kernelshap,0.5479590472920487,0.06672705047660404,0.9699583053588867
6162,4536,kernelshap,0.7830862862691801,0.04601789183086819,0.9908421039581299
6163,551,kernelshap,0.26833309702899144,0.023058208758416382,0.9982461929321289
6164,950,kernelshap,0.1997088739520003,0.050841224981985726,0.999201238155365
6165,2681,kernelshap,0.07726433027434994,0.1284101875247182,0.9983810186386108
6166,1720,kernelshap,0.010692271319302645,0.005620872432535345,0.9995889067649841
6167,3845,kernelshap,0.027335751056671142,0.015683196485042572,0.9996449947357178
6168,1653,kernelshap,0.38637665543938055,0.0764010849641636,0.998863697052002
6169,1475,kernelshap,0.6518372493103529,0.02263634021465595,0.9978700876235962
6170,826,kernelshap,0.10300127672297614,0.05827439959560122,0.9985975623130798
6171,2235,kernelshap,0.15359541014409983,0.03517839083304772,0.99935382604599
6172,1061,kernelshap,0.11591554671525955,0.16360524639487267,0.9881864190101624
6173,2353,kernelshap,0.016119975669711243,0.0100593040971195,0.9995245933532715
6174,2771,kernelshap,0.007891142054607994,0.006672819978312442,0.9996633529663086
6175,3467,kernelshap,0.4828608876811592,0.05102036108036299,0.9501699805259705
6176,1672,kernelshap,0.02161866909748799,0.025181823485606426,0.9996485710144043
6177,4093,kernelshap,0.9679001272707763,0.013114003423187469,0.9898171424865723
6178,2772,kernelshap,0.11366517251978318,0.01935203078513344,0.9981696605682373
6179,1352,kernelshap,0.014453801843855116,0.00549135771062639,0.9992867112159729
6180,1168,kernelshap,0.17195904769680717,0.003518553213639693,0.9996587038040161
6181,1928,kernelshap,0.6277280578409167,0.1044597895609008,0.9927173852920532
6182,2714,kernelshap,0.6506844368577004,-0.1628679573535919,0.7320428490638733
6183,3211,kernelshap,0.7099775928830685,0.06446478585171145,0.9987195730209351
6184,4227,kernelshap,0.08481444686389807,0.03149169467781719,0.9991139769554138
6185,2379,kernelshap,0.5000856299186125,0.006058189272880554,0.9993844032287598
6186,3649,kernelshap,0.5816170821173323,0.03746931867467033,0.9989896416664124
6187,3624,kernelshap,0.066204812468552,0.006445048785791165,0.9996579885482788
6188,3790,kernelshap,0.23595436083826613,0.0046521463292710325,0.9919941425323486
6189,1898,kernelshap,0.009055645692916144,0.011045058568318685,0.9995865225791931
6190,1664,kernelshap,0.3856237431939103,0.05203566205148634,0.9984980821609497
6191,3412,kernelshap,0.029730187880026328,0.010112670627800194,0.9996570348739624
6192,4179,kernelshap,0.04398725777864456,0.05387229273716609,0.9532638192176819
6193,32,kernelshap,0.6392030217237055,0.11326711280987813,0.9760161638259888
6194,1218,kernelshap,0.013758599758148193,0.005608599236670961,0.9996414184570312
6195,2565,kernelshap,0.004644256213615681,0.0037605896078307054,0.9995566010475159
6196,2385,kernelshap,0.040510598421096805,0.008291482925415039,0.9991104006767273
6197,2592,kernelshap,0.13760120272636414,0.03405961990356445,0.998818576335907
6198,3443,kernelshap,0.020416226238012314,0.008342728018760681,0.9995662569999695
6199,3365,kernelshap,0.008369069350393195,0.006499213607687699,0.9996423721313477
6200,338,kernelshap,0.8655258837205014,0.0273361647207486,0.9852792024612427
6201,1346,kernelshap,0.36223040650495225,0.16908170758850044,0.9897589683532715
6202,4523,kernelshap,0.4139132413213331,0.0556044839322567,0.9981122016906738
6203,4054,kernelshap,0.302944402579429,0.009439131392183591,0.8148842453956604
6204,1577,kernelshap,0.04520372253783206,0.021047953595506385,0.9991635084152222
6205,1123,kernelshap,0.24569139093279752,0.03477482844230741,0.9992470741271973
6206,3777,kernelshap,0.6468388418945852,0.29108816876466714,0.7993559837341309
6207,752,kernelshap,0.011263475469920946,0.005600276200667671,0.999661922454834
6208,681,kernelshap,0.3411002778871493,0.022611877288330685,0.9991687536239624
6209,4433,kernelshap,0.3932634096548243,0.06718299126154498,0.9993265867233276
6210,1904,kernelshap,0.1966163031588971,-0.04504516548835314,0.28973811864852905
6211,2342,kernelshap,0.12220283377231383,0.037752085650453765,0.9989364743232727
6212,2364,kernelshap,0.021773159503936768,0.04988364849586188,0.9996687173843384
6213,778,kernelshap,0.21770668399157161,-0.19805664398660094,0.6467320919036865
6214,3001,kernelshap,0.18465493780306794,0.023058590563860806,0.9987093210220337
6215,3200,kernelshap,0.18839923488466362,0.050939283799380064,0.9993091821670532
6216,3921,kernelshap,0.2565133823081851,0.1077414573222961,0.9991611242294312
6217,3545,kernelshap,0.12943114669007413,0.16667583316345425,0.9883450269699097
6218,542,kernelshap,0.019465313638959612,0.00722905227116176,0.9996370077133179
6219,2272,kernelshap,0.667279159969702,0.0208463235033883,0.9989991784095764
6220,391,kernelshap,0.8680430874973944,-0.018200623492399853,0.9576553702354431
6221,1979,kernelshap,0.125633382499218,0.25629085585300343,0.9399215579032898
6222,1150,kernelshap,0.6275016351719387,-0.00782984378747642,0.9439349174499512
6223,149,kernelshap,0.02639733723231724,0.007369397367749895,0.9994687438011169
6224,2570,kernelshap,0.21830658876876297,0.05563556272050176,0.998884379863739
6225,927,kernelshap,0.4142216820078569,0.17090053011530212,0.9926952123641968
6226,4017,kernelshap,0.027907900737993645,0.0073348608883944426,0.9994820952415466
6227,1398,kernelshap,0.37873921872061844,0.06644496628466774,0.9988958835601807
6228,3635,kernelshap,0.09819463596102737,0.048611872075569065,0.9990284442901611
6229,505,kernelshap,0.009905505564904982,0.05766171793783865,0.9994749426841736
6230,3423,kernelshap,0.8687267249115393,-0.019786769189895727,0.9053910970687866
6231,3247,kernelshap,0.19943838737284145,0.007096525281667709,0.9992719292640686
6232,1895,kernelshap,0.5196494441479445,0.02648603181458182,0.9993858337402344
6233,2286,kernelshap,0.3957572340790648,0.08294208788179926,0.9985120892524719
6234,4232,kernelshap,0.07009394777317841,0.03191344170934624,0.9964010715484619
6235,2595,kernelshap,0.010637355347474417,0.019159138202667236,0.9982085227966309
6236,1770,kernelshap,0.00580261043600134,0.005596673166429675,0.9996064305305481
6237,1267,kernelshap,0.05476760740081469,0.03497858571283745,0.995884120464325
6238,3124,kernelshap,0.8539033833058607,-0.045175422095891204,0.8890299797058105
6239,2125,kernelshap,0.16456332968664356,0.03597942331717128,0.9991903901100159
6240,1659,kernelshap,0.010386128164827823,0.06180282924324274,0.9334602952003479
6241,2909,kernelshap,0.45543577391654255,0.04513167217373848,0.9979445338249207
6242,1765,kernelshap,0.6035737538816951,0.017153597281624872,0.993634819984436
6243,1560,kernelshap,0.5680271578068864,0.08913724335404682,0.9978329539299011
6244,2967,kernelshap,0.0061589015854729545,0.006892753971947564,0.9993798732757568
6245,1416,kernelshap,0.11400015290607424,0.05740551069132326,0.9993982315063477
6246,1630,kernelshap,0.04592132483209883,0.04665456754820688,0.9948638081550598
6247,449,kernelshap,0.26903441736777856,0.0221706971006338,0.9993274211883545
6248,152,kernelshap,0.844699561771638,-0.08986515460430451,0.8814172148704529
6249,211,kernelshap,0.26455130091025714,0.02193300426006317,0.9989579916000366
6250,2032,kernelshap,0.38429085713245775,0.03294352987515075,0.9964901804924011
6251,902,kernelshap,0.11520279991703156,0.12374398088416992,0.9991514682769775
6252,3436,kernelshap,0.35337598307589035,0.06520023392930405,0.9870097637176514
6253,3198,kernelshap,0.08917521029710769,0.03391543209552765,0.998917818069458
6254,57,kernelshap,0.4304555586467569,-0.012319007363074865,0.9542140960693359
6255,3164,kernelshap,0.06447338239819396,0.003565500764285817,0.999634861946106
6256,4303,kernelshap,0.20863477950246925,-0.1925019834666176,0.6684200763702393
6257,1927,kernelshap,0.2865232196636498,0.02618454334636529,0.9988740086555481
6258,3206,kernelshap,0.030374747675818367,0.006555765061765103,0.999640703201294
6259,3388,kernelshap,0.5572855075482618,0.09733353453603658,0.9989737272262573
6260,816,kernelshap,0.01570228983958562,0.05303511411572496,0.9995569586753845
6261,3284,kernelshap,0.016225160736786693,0.008744017073982641,0.9995666146278381
6262,2765,kernelshap,0.7837968485680624,-0.05248604027124552,0.8446167707443237
6263,3970,kernelshap,0.01237212199913828,0.009073318619477121,0.999560534954071
6264,885,kernelshap,0.3091307586397637,0.08940838567743248,0.9988434314727783
6265,249,kernelshap,0.5031792381177506,0.0451075624554388,0.9972788691520691
6266,2203,kernelshap,0.22524045423624364,0.04226570511038633,0.9963403940200806
6267,3115,kernelshap,0.05692576635174635,0.009413301944732666,0.9996254444122314
6268,2341,kernelshap,0.01022751109544621,0.006148439507151759,0.9996615648269653
6269,4132,kernelshap,0.5182666661534107,0.2216406245276613,0.9863123297691345
6270,1781,kernelshap,0.00854581966996193,0.0055289069811503095,0.9994680285453796
6271,4488,kernelshap,0.02275871841803841,0.01577720953070599,0.999626874923706
6272,44,kernelshap,0.03320001829893161,0.024479005963374406,0.9990755319595337
6273,2390,kernelshap,0.038341231644153595,0.03802176068226496,0.9993762373924255
6274,286,kernelshap,0.08329654230990192,0.020381639796224506,0.9976373910903931
6275,1094,kernelshap,0.41666822792645897,0.3529942286077817,0.8478512167930603
6276,1962,kernelshap,0.1814968309675654,0.020172239810812707,0.9990949630737305
6277,4530,kernelshap,0.3150992497074895,0.0219344313188297,0.9983419179916382
6278,202,kernelshap,0.04981566905975342,0.09389486372470855,0.999395489692688
6279,237,kernelshap,0.052664113433464714,0.027098075547458036,0.9996422529220581
6280,2519,kernelshap,0.8562067131932098,0.053679240731204426,0.9991971850395203
6281,3870,kernelshap,0.21969975070918307,0.12334313652679033,0.9918448328971863
6282,1108,kernelshap,-0.22527175298212873,-0.025177498977427604,0.0017256962601095438
6283,2449,kernelshap,0.7837123930632302,0.05411514727508321,0.9986068606376648
6284,2525,kernelshap,0.05453396769794258,0.028112500503256515,0.999263346195221
6285,357,kernelshap,0.199767064060206,0.041427433490753174,0.995868444442749
6286,736,kernelshap,0.16253806054592132,0.011708952983220418,0.9995502829551697
6287,3918,kernelshap,0.0115088552236557,0.05219892971217632,0.9995150566101074
6288,3848,kernelshap,0.00910485112989271,0.011680965488021439,0.9994513392448425
6289,1953,kernelshap,0.03198184522001871,-0.03880579323906984,0.9291532039642334
6290,1131,kernelshap,0.8822768269261966,0.4826793437823653,0.9742646813392639
6291,261,kernelshap,0.027778495068627375,0.0029215271826143617,0.9996565580368042
6292,3113,kernelshap,0.03349530458450317,0.03389566421508789,0.9979788661003113
6293,379,kernelshap,0.3443143475562968,0.02078291504306996,0.9993801116943359
6294,4263,kernelshap,0.37044157257351357,0.04944153770040243,0.9990772008895874
6295,1521,kernelshap,0.26644697243830673,0.017922174392475024,0.9993463158607483
6296,1006,kernelshap,0.06643283137908348,0.007895564421629295,0.9995046854019165
6297,2099,kernelshap,0.6636990684016448,0.02199775689258808,0.996834933757782
6298,4293,kernelshap,0.013881346157618931,0.007900939668927874,0.9996528625488281
6299,436,kernelshap,0.022206163177123435,0.004574696605022137,0.9996432065963745
6300,368,kernelshap,0.7116357984132871,0.032679030547539394,0.9954442977905273
6301,3335,kernelshap,0.23580093262717128,0.028587915468961,0.9978650212287903
6302,3450,kernelshap,0.6676442762836814,0.01904875144015911,0.9942594766616821
6303,939,kernelshap,0.1395889360785157,0.07658509770408273,0.999417781829834
6304,3596,kernelshap,0.07511771192893069,0.02457573526400201,0.9962910413742065
6305,4027,kernelshap,0.00553416833281517,0.012465057273705801,0.9996507167816162
6306,4056,kernelshap,0.023614672192356044,0.0025331723062615645,0.9996144771575928
6307,3946,kernelshap,0.06352321163081286,0.04563285371190623,0.9989486336708069
6308,1429,kernelshap,0.43656056460279685,-0.06815042862525353,0.9057272672653198
6309,3847,kernelshap,0.1057335081252646,0.11096838940965369,0.9982719421386719
6310,1195,kernelshap,0.20546678898315276,0.015497857524502662,0.8628044128417969
6311,1003,kernelshap,0.5293403778002778,-0.021947056944690534,0.9442935585975647
6312,1465,kernelshap,0.05574747820695241,0.01991336378786299,0.9991002082824707
6313,2308,kernelshap,0.9925715980637104,0.023482055251681528,0.9993336796760559
6314,250,kernelshap,0.7373715224054952,-0.005210770666599274,0.9314371943473816
6315,1579,kernelshap,0.21108190501790222,0.023609719807054938,0.9951466917991638
6316,3954,kernelshap,0.010143697261810303,0.008030725079913472,0.9996585845947266
6317,1105,kernelshap,0.09935001575698456,0.025306974103053412,0.9887095093727112
6318,3569,kernelshap,0.7552091133036664,0.20446719229221344,0.984534502029419
6319,3943,kernelshap,0.22040037968410894,0.09585819488916641,0.9588570594787598
6320,1610,kernelshap,0.10833043705036001,0.039588995096160144,0.9991377592086792
6321,3003,kernelshap,0.005312815027416877,0.012191142676011572,0.9996428489685059
6322,2100,kernelshap,0.11665996502746236,0.12552568034240694,0.9992386102676392
6323,403,kernelshap,0.1539756159552119,0.07880764844065363,0.9877170920372009
6324,2746,kernelshap,0.5157710835666639,-0.011259891092777252,0.9425838589668274
6325,4535,kernelshap,0.0985854022363399,0.07219390666231196,0.9988791346549988
6326,1022,kernelshap,0.03717615269124508,0.009554462507367134,0.9993900060653687
6327,1764,kernelshap,0.054811027314927846,0.025592607549495168,0.9988139867782593
6328,2231,kernelshap,0.022001737728714943,0.007643425837159157,0.9986382126808167
6329,3830,kernelshap,0.1311139130499214,0.02390732876956463,0.9993945360183716
6330,3357,kernelshap,0.0060422754869228455,0.005845180371912514,0.9995301961898804
6331,1154,kernelshap,0.10469842329621315,0.10829327783236901,0.9990899562835693
6332,4461,kernelshap,0.3834332363223847,0.005275592512013961,0.9996380805969238
6333,4356,kernelshap,0.14529400921481497,0.16179440192439976,0.9852369427680969
6334,1788,kernelshap,0.6522443877457051,-0.07137393358410621,0.8353526592254639
6335,813,kernelshap,0.6233957787691098,0.13925443279246488,0.990988552570343
6336,344,kernelshap,0.3227451578843304,0.061304426855511136,0.9980541467666626
6337,1353,kernelshap,0.06413001787302125,-0.00133656224478846,0.9471147060394287
6338,3951,kernelshap,0.07082449051798606,0.003354943528467295,0.9996528625488281
6339,2427,kernelshap,0.032044027532849996,0.005786008778072539,0.9986635446548462
6340,3287,kernelshap,0.20480200983102906,0.1688395786202616,0.9768236875534058
6341,1226,kernelshap,0.00641287245401522,0.06494226415709752,0.9993801116943359
6342,1678,kernelshap,0.18652012292594194,0.10305786190124658,0.9987406134605408
6343,2941,kernelshap,0.03955733485338164,0.006604613327398532,0.9994339346885681
6344,1740,kernelshap,0.033323155670631224,0.008148328560154612,0.999609649181366
6345,168,kernelshap,0.7628133589994501,0.05924966348843141,0.9939910769462585
6346,4577,kernelshap,0.4633457068556731,0.022663353965049836,0.9986741542816162
6347,1363,kernelshap,0.02152907053629557,0.05918000340461731,0.9993069171905518
6348,853,kernelshap,0.0373024120926857,0.03506237894296646,0.9991099238395691
6349,387,kernelshap,0.044130927937872266,0.03476602511078704,0.9993614554405212
6350,3356,kernelshap,0.25532732864043545,0.06225715542123431,0.9985538125038147
6351,3746,kernelshap,0.40229569042849384,0.02871795619527499,0.9982921481132507
6352,3411,kernelshap,0.015560749249580579,0.0065089097389808065,0.9996423721313477
6353,880,kernelshap,0.16277160441192487,0.019943776928509276,0.996950089931488
6354,3464,kernelshap,0.39773036950888735,0.01930179229627053,0.9989995360374451
6355,1034,kernelshap,0.05692113770378961,0.00924745798110962,0.9996495246887207
6356,3564,kernelshap,0.22510218921710146,0.019662465967915276,0.9990552067756653
6357,84,kernelshap,0.42546261672925373,0.026177527382969856,0.9993891716003418
6358,3903,kernelshap,0.6053708338230435,0.027849446671704452,0.9993959665298462
6359,1772,kernelshap,0.09421386217905416,0.10944372870855862,0.9169833660125732
6360,42,kernelshap,0.397518209435723,0.053036875345490196,0.9977256655693054
6361,4097,kernelshap,0.22442334193898283,0.1108650513317274,0.9840864539146423
6362,2943,kernelshap,0.3197017160889048,0.036374769531763516,0.9993330836296082
6363,4262,kernelshap,0.21752686296141047,0.052325368898625414,0.9988723397254944
6364,3099,kernelshap,-0.012864614299630645,-0.08379442555943152,0.0013185561401769519
6365,3982,kernelshap,0.7892282654151872,0.17929730495368992,0.9891585111618042
6366,3797,kernelshap,0.5760840371434317,0.47383788433765656,0.6892267465591431
6367,1730,kernelshap,0.1778764818922024,0.05101903070780364,0.9928592443466187
6368,2616,kernelshap,0.012414242091931794,0.11271145263392675,0.9981910586357117
6369,476,kernelshap,0.22642035114687759,0.043208188921600194,0.9993278980255127
6370,1489,kernelshap,0.05982871705835516,0.020267958668145267,0.9983879327774048
6371,2295,kernelshap,0.5258593253973054,0.023235280430171548,0.9973560571670532
6372,468,kernelshap,0.48968947121951106,0.0782311203268667,0.9978876709938049
6373,3608,kernelshap,-0.08079553530974821,-0.012144951996478167,0.7348155379295349
6374,4098,kernelshap,0.06242254667165803,0.06573031252113784,0.9970888495445251
6375,1874,kernelshap,0.4812276426181641,0.02241164286221777,0.9993833303451538
6376,290,kernelshap,0.3697579259222204,0.01628216179934415,0.998149037361145
6377,383,kernelshap,0.04621077271608206,0.004458791934526884,0.9996250867843628
6378,3175,kernelshap,0.7411243773087335,0.023102480731904507,0.999037504196167
6379,4501,kernelshap,0.07068534558317785,-0.04665706370925081,0.15053939819335938
6380,3622,kernelshap,0.12884654033751713,0.29486096433053416,0.402948260307312
6381,2034,kernelshap,0.011263688780226797,0.015962875114296966,0.9970018267631531
6382,363,kernelshap,0.7720192332159389,0.1308273341168057,0.9820668697357178
6383,3374,kernelshap,0.12233785877241661,0.04067289716034543,0.9983819723129272
6384,1640,kernelshap,0.10302795902934185,0.021331336782422175,0.998847484588623
6385,1448,kernelshap,0.1136800991089055,0.07948388322962052,0.9979586601257324
6386,957,kernelshap,0.13173574700951576,0.14364746861159802,0.9979537725448608
6387,4028,kernelshap,0.5141197471199809,0.025624288900478465,0.9971436858177185
6388,3583,kernelshap,0.21397166366468331,0.024115413623420817,0.9983096122741699
6389,3657,kernelshap,0.44258091986179354,0.049025732874870304,0.9975359439849854
6390,4436,kernelshap,0.14409702171881994,0.02033428897460302,0.9979088306427002
6391,3203,kernelshap,0.889310443816482,0.08631416683506575,0.981618344783783
6392,3487,kernelshap,0.6090417665451072,0.06453049598738204,0.9909029603004456
6393,4109,kernelshap,0.7895357086755601,-0.015841723020587648,0.8144953846931458
6394,197,kernelshap,0.027614319811061938,0.009885643209729875,0.9995786547660828
6395,3854,kernelshap,0.17939269285471665,0.04796207070882831,0.9994069337844849
6396,2128,kernelshap,0.28095998668106315,0.04172031625750519,0.9993576407432556
6397,2884,kernelshap,0.02491612761628394,0.02456617705962237,0.9996544122695923
6398,213,kernelshap,0.03578826541803321,0.02306117178226004,0.9946565628051758
6399,2214,kernelshap,-0.0019210476484904822,-0.002213691412376844,0.00034314801450818777
6400,3161,kernelshap,0.12356131905462683,0.00783899789903222,0.9996615648269653
6401,907,kernelshap,0.27932343478588495,0.04039232113270783,0.9993670582771301
6402,2498,kernelshap,0.20137702293577603,0.04866591691970825,0.9993485808372498
6403,2197,kernelshap,0.14475101956094688,0.01992083713412285,0.9991539716720581
6404,1493,kernelshap,0.521003595991608,0.08675558032358394,0.9939420819282532
6405,176,kernelshap,0.523097362668029,0.04660438192742211,0.996566116809845
6406,3451,kernelshap,0.007534899494864724,0.007607458215771299,0.9996602535247803
6407,2551,kernelshap,0.42697721714752596,0.031841227518660684,0.9991881251335144
6408,1829,kernelshap,0.04746650999242609,0.004415595531463623,0.9996594190597534
6409,4525,kernelshap,0.23680723260860054,0.05646121593154207,0.9990888833999634
6410,47,kernelshap,0.021226904774997748,0.1240802552624076,0.9993900060653687
6411,2650,kernelshap,0.021901936190468926,0.012252461910247803,0.9996182918548584
6412,139,kernelshap,0.32429370834407484,0.02666722373528914,0.9877253174781799
6413,2922,kernelshap,0.6158174721812512,0.05348001716827804,0.9993960857391357
6414,3642,kernelshap,0.13153607475105672,0.03667059177532792,0.99886155128479
6415,3719,kernelshap,0.605468739155266,0.15676332684751187,0.9993595480918884
6416,3053,kernelshap,0.2500618677586317,0.10694156289100647,0.9956526756286621
6417,1889,kernelshap,0.3058419858264786,0.12906534538457268,0.9871044158935547
6418,1470,kernelshap,0.07316865419086657,0.006547267499722932,0.9996492862701416
6419,4096,kernelshap,0.14371268146417357,0.09204291461995154,0.9635717272758484
6420,2293,kernelshap,0.006200812211850795,0.016074602196856243,0.999536395072937
6421,251,kernelshap,0.6058898227987811,0.03663136214017868,0.9791962504386902
6422,4358,kernelshap,0.2219924508674961,0.018943088858023933,0.9963322281837463
6423,2791,kernelshap,0.3407529482501559,0.03758654495080312,0.9991394281387329
6424,3028,kernelshap,0.04880914708806409,0.021322488453653123,0.999372661113739
6425,215,kernelshap,0.08642996329328288,0.003968352856843368,0.9996404647827148
6426,2298,kernelshap,0.21214400570606812,0.05640164622946031,0.9995597004890442
6427,1533,kernelshap,0.14854820512235165,-0.02929883301258087,0.8608108758926392
6428,2852,kernelshap,0.09010285676218742,0.02702809489050577,0.9964511394500732
6429,933,kernelshap,0.015885235298247563,0.0057899086248307,0.9996296167373657
6430,2679,kernelshap,0.04517604634165764,0.09028651341795921,0.9928038716316223
6431,3072,kernelshap,0.0074594103627734715,0.010316507683859931,0.9995871186256409
6432,1681,kernelshap,0.513766083541881,0.04681519498216345,0.9922989010810852
6433,914,kernelshap,0.15808610119406255,0.09336685815886143,0.9993832111358643
6434,2306,kernelshap,0.022215723991394043,0.013456499853799509,0.9996342658996582
6435,3841,kernelshap,0.06520010511341848,0.012919242444791292,0.9996579885482788
6436,3570,kernelshap,0.5128058585995116,0.009117597883397882,0.9994775652885437
6437,2211,kernelshap,0.8733806954273446,0.007355978317332991,0.9144052863121033
6438,2857,kernelshap,0.05680093357267861,-0.2302761719060632,0.08441520482301712
6439,1766,kernelshap,0.2578342302946285,0.0460922240412661,0.9989136457443237
6440,498,kernelshap,-0.05600995588446817,-0.09222082403157988,0.03272458165884018
6441,2230,kernelshap,0.14148911259447536,0.01955027086660266,0.9991729855537415
6442,884,kernelshap,0.8152334765625364,-0.018299593102364314,0.8953685760498047
6443,3275,kernelshap,0.18054489477300176,0.013128193862297955,0.984022319316864
6444,1991,kernelshap,0.022507969538370767,0.008614015579223634,0.9995319843292236
6445,3426,kernelshap,0.37340899079141243,0.3703712050035527,0.43727901577949524
6446,566,kernelshap,0.331964223746311,0.025664142861559585,0.9991306662559509
6447,3457,kernelshap,0.25058169494796956,0.017501393264090573,0.9992411136627197
6448,2792,kernelshap,0.11371570622379129,0.016504441608082166,0.9982607960700989
6449,4095,kernelshap,0.11006572899910119,0.040195966318536266,0.9991433620452881
6450,2257,kernelshap,0.20257940359021487,0.13460470053158993,0.99796462059021
6451,4129,kernelshap,0.20100120353911605,0.030452997237443925,0.2853385806083679
6452,1606,kernelshap,0.14945305933554967,0.031655341883500415,0.9987717270851135
6453,439,kernelshap,0.047619675596555076,0.0019512226184209187,0.9994128942489624
6454,2737,kernelshap,0.4017765264594345,0.04632547346263891,0.9952542781829834
6455,2008,kernelshap,0.10731109664883724,0.05086405332698379,0.9962452054023743
6456,3731,kernelshap,0.43176042937430675,0.043082334101200104,0.9105895757675171
6457,3519,kernelshap,0.0786504366613449,0.040131275641157274,0.999151349067688
6458,2678,kernelshap,0.13963851154498433,0.027436622458955517,0.9996376037597656
6459,4561,kernelshap,0.1448403629163901,0.059704721967379255,0.999054491519928
6460,3617,kernelshap,0.371782570511002,0.40639884050029357,0.9285452961921692
6461,1998,kernelshap,0.36723303396932105,-0.20686565362142795,0.46868228912353516
6462,1121,kernelshap,0.24819468368183484,0.03411095183004032,0.9907028675079346
6463,2601,kernelshap,0.05739061873067509,0.021863751790740273,0.999442994594574
6464,1261,kernelshap,0.040617964206597745,0.01213687199812669,0.9995797276496887
6465,2275,kernelshap,-0.1403475893457653,-0.3322288993746042,0.3498845398426056
6466,2611,kernelshap,0.02871275246143341,0.012389376759529114,0.9996684789657593
6467,844,kernelshap,0.035615858051084706,0.01865522755730537,0.9836716055870056
6468,4265,kernelshap,0.3192891206430352,0.16076560771983603,0.9942941069602966
6469,27,kernelshap,0.2507758377229466,0.01902915383963024,0.9994039535522461
6470,229,kernelshap,0.29369963323697446,0.01271868884563446,0.970146656036377
6471,862,kernelshap,0.009877344424074347,0.004703818397088485,0.9995015859603882
6472,3155,kernelshap,0.09662437935670216,0.005513085673252742,0.999586284160614
6473,4039,kernelshap,0.7458168027084321,0.06906265512108803,0.9984656572341919
6474,183,kernelshap,-0.06682575134982471,-0.25409520290453325,0.0993981808423996
6475,2360,kernelshap,0.02772840953642322,0.08038074427074002,0.997113823890686
6476,2348,kernelshap,0.23552037741650234,0.04108736630190502,0.9985082745552063
6477,238,kernelshap,0.12421900403657646,0.05716852843761444,0.9985505938529968
6478,3180,kernelshap,0.2520214464213397,0.0339680613094085,0.9993637204170227
6479,2581,kernelshap,0.3951380707834947,-0.04448986146599054,0.9118098616600037
6480,1567,kernelshap,0.05700089553227791,0.11340142694266084,0.9991853833198547
6481,2925,kernelshap,0.020393691956996918,0.009071946144104004,0.9996145963668823
6482,523,kernelshap,0.2122990967971938,0.04360668212175369,0.9991225600242615
6483,1035,kernelshap,0.5662569784295015,0.05478295683860779,0.9930290579795837
6484,2402,kernelshap,0.013626638920076432,0.18141199840653327,0.9987123012542725
6485,2312,kernelshap,0.5378145443456661,0.18878717032364672,0.9987609386444092
6486,1225,kernelshap,0.027815305888652803,0.019624578654766082,0.9988546371459961
6487,2069,kernelshap,0.006436273073538756,0.006768159377269256,0.9994785189628601
6488,423,kernelshap,0.11233243031741737,0.09068810624711506,0.9992967844009399
6489,4427,kernelshap,0.3042633043062922,0.021006194776610324,0.9952455163002014
6490,1174,kernelshap,0.3806281005622955,0.025153345814565332,0.9901217818260193
6491,1490,kernelshap,0.054683132583952763,0.006089784882285378,0.9996395111083984
6492,2020,kernelshap,0.35640074651349674,0.020807788453318855,0.9984564781188965
6493,1837,kernelshap,-0.19256330892199375,-0.2743574876765736,0.33833006024360657
6494,3730,kernelshap,0.3991740669419126,0.023267226793417115,0.9989099502563477
6495,1586,kernelshap,0.011037016168553779,0.010273513641763241,0.9996424913406372
6496,3595,kernelshap,0.05573379003295773,0.05515756771752709,0.9993891716003418
6497,2622,kernelshap,0.1422367831010644,0.02325711026787758,0.9994051456451416
6498,2173,kernelshap,0.0270766019821167,0.011150667300591102,0.9995648264884949
6499,2153,kernelshap,0.007790448817800969,0.005427810739963613,0.9987844824790955
6500,1139,kernelshap,0.4307295903192772,0.029528084344097545,0.9982008934020996
6501,4101,kernelshap,0.28129195400646756,0.05564267148396799,0.9991216063499451
6502,4005,kernelshap,0.7265493443442715,0.08278772979974747,0.9704930186271667
6503,1530,kernelshap,0.07286842103774954,0.023254849925273803,0.9993129968643188
6504,4259,kernelshap,0.18643865623586886,0.07650875686542005,0.9887791872024536
6505,2175,kernelshap,0.012661171720383014,0.005628904129596467,0.9996013045310974
6506,1016,kernelshap,0.0644327680309934,0.03131255831929945,0.9991195797920227
6507,1575,kernelshap,0.4392743209997813,0.1054722137895285,0.9941682815551758
6508,1333,kernelshap,0.8337848161966328,0.04430927149951458,0.9992026686668396
6509,1380,kernelshap,0.5847389371324838,0.19297073925421995,0.9962151646614075
6510,1428,kernelshap,0.18119210486218115,0.018872332704417846,0.9597755074501038
6511,2027,kernelshap,0.24973186032058528,0.016049499695117656,0.9940024018287659
6512,1039,kernelshap,0.11106422170996666,0.09486402373760938,0.9993093013763428
6513,22,kernelshap,0.31498289866329626,0.1180931732578333,0.9989134073257446
6514,1276,kernelshap,0.008087106049060822,0.007355578243732452,0.9990806579589844
6515,1367,kernelshap,0.1723726448104825,0.03400884014229442,0.9825390577316284
6516,147,kernelshap,0.36847961640783716,0.03437494646225657,0.9974302649497986
6517,3226,kernelshap,0.133174867403728,0.018180048162186588,0.999040424823761
6518,4586,kernelshap,0.11546348048854739,0.02517718785712796,0.9990293979644775
6519,2301,kernelshap,0.37503795881392593,0.011444074748936345,0.9640269875526428
6520,2466,kernelshap,0.04169714066290086,0.011456497253910188,0.9996640682220459
6521,2876,kernelshap,0.47239976201970607,0.016207500719107114,0.9597526788711548
6522,2213,kernelshap,-0.003726723638465046,-0.004034790659716236,0.000202023729798384
6523,2261,kernelshap,0.35960155850177844,0.01856206049426244,0.9993762373924255
6524,1956,kernelshap,0.015219270952829074,-0.018017156615810978,0.04006252810359001
6525,2369,kernelshap,0.7713262557889276,0.04303370067413817,0.9902411699295044
6526,190,kernelshap,0.6515037899694612,0.02705981509966983,0.9993892908096313
6527,1834,kernelshap,0.3994730439610206,0.018123655365063593,0.9939466118812561
6528,2393,kernelshap,0.4422039729090304,0.14605495830376944,0.9182735681533813
6529,282,kernelshap,0.03578916603121264,0.002562475615534289,0.9995655417442322
6530,1916,kernelshap,0.16209231840912253,0.04450207052286714,0.998993456363678
6531,4527,kernelshap,0.5129886835680476,0.026710998799119676,0.9987443685531616
6532,1324,kernelshap,0.17289109148371679,0.024240693220725425,0.9988691210746765
6533,3576,kernelshap,0.24608511778500838,0.025909243805988413,0.9993870258331299
6534,4029,kernelshap,0.6692599923971424,0.06401346599863421,0.9975489974021912
6535,1683,kernelshap,0.7944391959387324,0.04727339080494383,0.9990891218185425
6536,4353,kernelshap,-0.1932271248320254,-0.09981409437945908,0.5951279997825623
6537,273,kernelshap,-0.33735159538420184,-0.19091198595278724,0.004147555213421583
6538,1970,kernelshap,0.31276393688537857,0.034903037107803604,0.9986754059791565
6539,903,kernelshap,0.5581421398878558,-0.0031523614057472776,0.9416317343711853
6540,3599,kernelshap,0.030287025410395404,0.082630737641683,0.9990440011024475
6541,2499,kernelshap,0.7717276545858476,0.20855210110545158,0.7935299277305603
6542,3514,kernelshap,0.2268775471324182,0.023447807311363842,0.9993149042129517
6543,2991,kernelshap,0.03134504940948988,0.023807094677498464,0.9989377856254578
6544,3705,kernelshap,0.06938907587900758,0.02260475289076567,0.9988238215446472
6545,2014,kernelshap,0.047211829652177524,0.003283406825775796,0.9996583461761475
6546,257,kernelshap,0.5096316247557601,0.11636346219866364,0.9950889945030212
6547,3721,kernelshap,0.013782576459353088,0.0030866998140929177,0.9996111989021301
6548,2368,kernelshap,0.006805132495032416,0.005949233637915718,0.999622106552124
6549,3689,kernelshap,0.01818349259964963,0.015159239160253647,0.9996510744094849
6550,2574,kernelshap,0.03471324841181437,0.006991800033684933,0.9995563626289368
6551,4260,kernelshap,0.2764141558674799,0.04428959096019918,0.922892689704895
6552,517,kernelshap,0.2053928638230108,-0.01375501194307881,0.9671018719673157
6553,3170,kernelshap,-0.010563270769371474,-0.10055954515229205,0.012250982224941254
6554,3201,kernelshap,0.8846312803030014,0.04001511752605438,0.997749388217926
6555,3194,kernelshap,0.11029067258957935,-0.056446568311556526,0.8306804895401001
6556,3897,kernelshap,0.16055589020252228,0.025742306374013424,0.9989411234855652
6557,858,kernelshap,0.8017732914304361,0.061875357991084456,0.9929360747337341
6558,19,kernelshap,0.3718959308677801,-0.07934217444724506,0.632340669631958
6559,699,kernelshap,0.01839775067788583,0.017122021427860967,0.9980823993682861
6560,575,kernelshap,0.05995915954311689,0.040969533401948866,0.9996497631072998
6561,1646,kernelshap,0.026537327539353145,0.014520650818234398,0.9989633560180664
6562,3623,kernelshap,0.06749940772609013,0.04095510556930449,0.9993762373924255
6563,599,kernelshap,0.7025363859254867,0.11847589816898108,0.9796587228775024
6564,2894,kernelshap,0.027751206027136908,0.005197020371754965,0.9996252059936523
6565,305,kernelshap,0.7789877227700825,0.019344859879534198,0.9989272952079773
6566,3433,kernelshap,0.17749490265576345,0.041967659626366956,0.9994997978210449
6567,3826,kernelshap,0.24734859632121192,0.26612572818994523,0.8962622880935669
6568,1350,kernelshap,0.14583937292370727,0.05701908376067877,0.9993466734886169
6569,2129,kernelshap,0.3920172227715904,0.020974200388247318,0.999143123626709
6570,1422,kernelshap,0.3816880429359643,0.022704011123431355,0.9969171285629272
6571,3819,kernelshap,0.26338979440995236,0.02556443874808875,0.9985499978065491
6572,1527,kernelshap,0.014443817138671875,0.0056716763973236085,0.9996610879898071
6573,1087,kernelshap,0.014657237313010475,0.011936951767314564,0.9996534585952759
6574,1484,kernelshap,0.2149507775902748,0.023560357166499627,0.9934612512588501
6575,3513,kernelshap,0.420374297491071,0.042484077252447607,0.9972319006919861
6576,3361,kernelshap,0.054784331719080606,0.011994885073767768,0.9984989166259766
6577,1323,kernelshap,0.8168711823161477,0.2758105767735591,0.8490097522735596
6578,1553,kernelshap,0.8442026985309591,0.021839766984894163,0.9981650710105896
6579,3687,kernelshap,0.004036889544555119,0.002953439950942993,0.999544084072113
6580,4368,kernelshap,0.030905404158176913,0.08893559608728654,0.9993839263916016
6581,3165,kernelshap,0.29051097901538014,0.08610026232655281,0.9991828799247742
6582,1309,kernelshap,0.8161649725004805,0.02902862565083937,0.9990371465682983
6583,2983,kernelshap,0.14854959699993905,0.04254638212613571,0.998909592628479
6584,3378,kernelshap,0.49595971970767194,0.06605560649876241,0.9752357006072998
6585,345,kernelshap,0.5053125567033219,0.33105097061185085,0.6180360913276672
6586,1086,kernelshap,0.1450954783707857,0.02307245638221502,0.999163031578064
6587,923,kernelshap,0.17044538396100203,0.06353868432343006,0.9990264177322388
6588,1571,kernelshap,0.0075418297201395035,0.0070003848522901535,0.9995949864387512
6589,842,kernelshap,0.6935653834489688,0.015080565548672969,0.94442218542099
6590,2165,kernelshap,0.9529056985495397,0.24861189988083565,0.9938048124313354
6591,608,kernelshap,0.5738600084063681,0.055976636707782745,0.9991636276245117
6592,285,kernelshap,0.3172070301899856,0.027652819217606026,0.9989277720451355
6593,2009,kernelshap,0.13409337966020923,0.021851295435970478,0.9982799291610718
6594,807,kernelshap,0.06347493238227311,0.021735346594522167,0.9985068440437317
6595,4511,kernelshap,0.10856995296974976,0.037885549167792,0.9992815852165222
6596,2495,kernelshap,0.052365624144965525,0.05996059177114683,0.9993853569030762
6597,405,kernelshap,0.2653295093605637,0.019483259593953892,0.9992332458496094
6598,218,kernelshap,0.5509797017720919,0.029913332914152452,0.9968808889389038
6599,1976,kernelshap,0.3804235621155905,0.060917568845408304,0.9981683492660522
6600,4040,kernelshap,0.7039666364964267,-0.05275556512854316,0.841234028339386
6601,2461,kernelshap,0.2318954318409052,0.02898410154563008,0.999382734298706
6602,2095,kernelshap,0.15300051551663651,0.05780053412858045,0.9986758828163147
6603,327,kernelshap,0.5150765689419737,0.27779155131429434,0.5409786105155945
6604,2957,kernelshap,0.4315532587658046,0.008260036676616992,0.9883548021316528
6605,1778,kernelshap,0.67808009050835,0.036462398866812386,0.9987016916275024
6606,688,kernelshap,0.5478361795599668,0.023635574258290805,0.9988686442375183
6607,393,kernelshap,0.521760640737529,0.35737092691796046,0.763340413570404
6608,3495,kernelshap,0.12921945272751575,0.016565527274923504,0.9989851117134094
6609,2741,kernelshap,0.14074396900832653,0.02335280941232391,0.9993811845779419
6610,3105,kernelshap,0.686808154715792,0.28175991838393005,0.8594332337379456
6611,3579,kernelshap,0.5388346839163984,0.06250139591949326,0.9866344928741455
6612,4460,kernelshap,0.03853709837223621,0.04088156591070459,0.9910475611686707
6613,1491,kernelshap,0.012644756781427484,0.0081535467976018,0.9995924830436707
6614,882,kernelshap,0.4930781948625938,0.04861010818017854,0.9961193799972534
6615,2085,kernelshap,0.9220759509631468,0.033616881955552985,0.9988679885864258
6616,1769,kernelshap,0.47951571444092794,0.02157355602397475,0.9970420002937317
6617,3177,kernelshap,0.12206826827355793,0.002131385888372149,0.9704149961471558
6618,3766,kernelshap,0.14593291244445702,0.1775337900445522,0.9971404075622559
6619,2049,kernelshap,0.0935990756843239,0.028419269947335124,0.9991164803504944
6620,794,kernelshap,0.24569522075101055,0.004841643300923434,0.9996032118797302
6621,1617,kernelshap,0.3044402931506435,0.04111231320873938,0.998904824256897
6622,21,kernelshap,0.09961000379364661,0.06816903305136496,0.9993841648101807
6623,2626,kernelshap,0.019835599263509116,0.005768244796329074,0.9995206594467163
6624,2199,kernelshap,-0.002535636422301953,0.00992850705774294,0.039611686021089554
6625,4578,kernelshap,0.012829071663795634,0.009430088895432492,0.9995160102844238
6626,1535,kernelshap,0.45296401999376973,0.032454680651426315,0.998128354549408
6627,1012,kernelshap,0.4935199810715858,0.07240755530074239,0.8239738345146179
6628,3302,kernelshap,0.2949321709293872,0.05450922921299935,0.9989655017852783
6629,3059,kernelshap,0.3911871487895648,0.03858175749580065,0.9987943172454834
6630,1172,kernelshap,0.011881939389488914,0.006287852471525019,0.9996435642242432
6631,3322,kernelshap,0.032160801126768716,0.020403035181133372,0.9941058158874512
6632,3232,kernelshap,0.8128638497014022,0.18632630612178633,0.9047036170959473
6633,3859,kernelshap,0.019599162615262546,0.006429936641301864,0.9996185302734375
6634,1015,kernelshap,0.2983252654761769,0.021982022582791572,0.9992378950119019
6635,1364,kernelshap,0.09675343140311864,0.006395450104837832,0.9995948672294617
6636,2757,kernelshap,0.011398486188940099,0.0018260003747166814,0.9983596205711365
6637,182,kernelshap,0.7555494908695383,0.018439589762220196,0.9991540908813477
6638,1107,kernelshap,0.0028564267688327366,0.004928884682831941,0.9995881915092468
6639,188,kernelshap,0.12717551631586893,0.03092388255255563,0.867632269859314
6640,2990,kernelshap,0.15105441701598465,0.10811087395995855,0.9552038908004761
6641,2951,kernelshap,0.554436701189843,0.10552504946584425,0.9824032783508301
6642,3539,kernelshap,0.02822817136079837,0.007927159468332926,0.9996664524078369
6643,3473,kernelshap,0.23530500133832297,0.08668187214061618,0.9990646243095398
6644,1655,kernelshap,0.15761340269818902,0.04600230484957928,0.9905045628547668
6645,3422,kernelshap,0.04764928765918897,0.09413620193853327,0.9972403049468994
6646,4077,kernelshap,0.07073407168159397,0.028132030149785485,0.9940881729125977
6647,3015,kernelshap,0.029200002070396178,0.008451171459690217,0.998708963394165
6648,2713,kernelshap,0.22965441185694474,0.00509689633662884,0.9995044469833374
6649,3397,kernelshap,0.06272533261514407,0.05929730388712376,0.9989211559295654
6650,1266,kernelshap,0.38722863056561135,0.07101453938299701,0.9979817867279053
6651,1623,kernelshap,0.06826015676443394,0.01765388508255665,0.9991612434387207
6652,3358,kernelshap,0.2521320498947586,0.022292141226075944,0.9993563294410706
6653,373,kernelshap,0.06604613014496863,0.014752676710486412,0.9982847571372986
6654,2026,kernelshap,0.10198820630709331,0.11949235002199808,0.9989233613014221
6655,1524,kernelshap,0.03795038278286274,0.0711904398810405,0.999204695224762
6656,422,kernelshap,0.20036717415565536,0.040824685600541886,0.9925078749656677
6657,3169,kernelshap,0.015355853473438937,0.005106429843341603,0.9977535605430603
6658,3650,kernelshap,0.11647136292674325,0.004591948335820978,0.9994427561759949
6659,3800,kernelshap,0.49816517813250105,-0.002646067199554849,0.9711559414863586
6660,1120,kernelshap,0.056924769619725785,0.033781959060228094,0.9991294741630554
6661,2249,kernelshap,0.11485412078882502,0.021996728296196737,0.9993816614151001
6662,4043,kernelshap,0.13521961607905322,0.02028130098830822,0.9996614456176758
6663,616,kernelshap,0.25345059053908137,0.07627308368682861,0.9961885809898376
6664,2691,kernelshap,0.14941406073803837,0.03203571416638993,0.9967065453529358
6665,2043,kernelshap,0.053782573801332285,0.08893001356877253,0.9938713312149048
6666,3188,kernelshap,0.6966039820201695,0.019846403747797014,0.9944091439247131
6667,2835,kernelshap,0.14784717982491621,0.02043740558796204,0.9991340041160583
6668,4211,kernelshap,0.007694739103317261,0.008693766593933106,0.9993029832839966
6669,917,kernelshap,0.15400403284002095,0.017788500292226672,0.9877347350120544
6670,4100,kernelshap,0.2560911144647333,0.11849234839901328,0.9991710186004639
6671,1162,kernelshap,0.23850480771464547,0.11626579189991079,0.99937504529953
6672,3716,kernelshap,0.09814586958219838,0.02143493433331334,0.9991697072982788
6673,1248,kernelshap,0.00665647227589677,0.03159080527541114,0.9996421337127686
6674,828,kernelshap,0.17962984312722025,0.02152503551320827,0.999652624130249
6675,2243,kernelshap,0.014060484587154802,0.004680260445081418,0.02451511286199093
6676,2902,kernelshap,0.10241230289047619,0.0740832433385669,0.9986756443977356
6677,337,kernelshap,0.5696606101611486,0.05344207451129571,0.9972852468490601
6678,2351,kernelshap,0.062167120575904844,0.05847013045102358,0.9993780851364136
6679,1959,kernelshap,0.17583458853987394,0.024019553139805794,0.995726466178894
6680,3431,kernelshap,-0.27028173662120025,0.050690406889998485,0.10540931671857834
6681,4374,kernelshap,0.24009673100627713,0.028792231058587834,0.9985717535018921
6682,1102,kernelshap,0.08479055491360751,0.006507199822050153,0.9996216297149658
6683,1246,kernelshap,0.0027259462758114465,0.0027685625511303285,0.9996531009674072
6684,1176,kernelshap,0.3409110057271189,0.020395528773466745,0.9989305138587952
6685,4579,kernelshap,0.018411068121592204,0.0055646869871351454,0.9996460676193237
6686,3195,kernelshap,-0.15033645044176785,0.3171702691376113,0.5380821824073792
6687,2790,kernelshap,0.14454832270741463,0.05060592085123062,0.997856080532074
6688,3877,kernelshap,0.5508212028958258,0.09901917127094098,0.9847211241722107
6689,93,kernelshap,0.4696668126555376,0.02353723485802495,0.9966663718223572
6690,2795,kernelshap,0.7682002698499206,0.05738990774025788,0.9456225037574768
6691,2317,kernelshap,0.06745881925929677,0.04138794253495606,0.9903320670127869
6692,385,kernelshap,0.16178436779383837,0.020858438799575885,0.9993897676467896
6693,913,kernelshap,0.184284894303842,0.032482447384884865,0.9993676543235779
6694,693,kernelshap,0.24381939832259109,0.01704141276854056,0.9962208867073059
6695,3241,kernelshap,0.5388276208075695,0.023119671642780303,0.9692100286483765
6696,2471,kernelshap,0.4522773733318603,0.016469796701353425,0.9959734082221985
6697,311,kernelshap,0.19368318946294064,0.02059584602994739,0.9990488886833191
6698,334,kernelshap,0.7819011683409972,0.0025818865254240214,0.9995749592781067
6699,861,kernelshap,0.0043403903643290205,0.01645828507564686,0.999603807926178
6700,1454,kernelshap,0.029046908848815493,0.026128402186764613,0.9986516833305359
6701,2684,kernelshap,0.4860664889151077,0.03460566671389454,0.9983585476875305
6702,1224,kernelshap,0.9620085385977291,0.15707879858992754,0.9987661838531494
6703,2585,kernelshap,0.03020907786427712,0.007732980105341698,0.9996428489685059
6704,708,kernelshap,0.18963541140597637,0.08302540425211191,0.9990423321723938
6705,3141,kernelshap,0.04771785632423733,0.00657303177792093,0.9996360540390015
6706,38,kernelshap,0.04204625067002368,0.018064658737407542,0.9987980127334595
6707,2683,kernelshap,0.15547489163582212,0.061920814600307496,0.9991934895515442
6708,935,kernelshap,0.39186753528382706,0.044388556890949914,0.9993172883987427
6709,3339,kernelshap,0.02291709314221921,0.028258041195247486,0.9996575117111206
6710,1325,kernelshap,0.43458921870563266,0.025136611835901126,0.9985232949256897
6711,2120,kernelshap,0.05660906976417584,-0.2819594292371881,0.19119592010974884
6712,470,kernelshap,0.44444393188473996,0.041239790981862604,0.990198016166687
6713,3393,kernelshap,0.03040960994926659,0.006734227811968005,0.999430239200592
6714,1942,kernelshap,0.10474493789176147,0.005542015035947164,0.9994478821754456
6715,3371,kernelshap,0.20214114022544688,0.024996181536051962,0.9987943172454834
6716,1713,kernelshap,0.5935158640014656,-0.26457115230352984,0.6230827569961548
6717,160,kernelshap,0.013756802136247808,0.005972240458835255,0.9995412826538086
6718,1192,kernelshap,0.006004318594932556,0.007789239287376404,0.9996260404586792
6719,2161,kernelshap,0.016450925453289134,0.012050103496860814,0.9995623230934143
6720,3925,kernelshap,0.4107454748915844,0.017487582246788213,0.9971501231193542
6721,3619,kernelshap,0.17050808774573462,0.045137883722782136,0.9700282216072083
6722,4209,kernelshap,0.7269379934594513,0.04122684380182853,0.9316954016685486
6723,3524,kernelshap,0.04264918844337049,0.01909259415191153,0.9987012147903442
6724,353,kernelshap,0.017346789034045473,0.03454248181411198,0.9980803728103638
6725,2548,kernelshap,0.21871804268587203,0.02499645593620482,0.9991563558578491
6726,4202,kernelshap,0.2105240564760087,0.030877451851431814,0.9917930960655212
6727,1014,kernelshap,0.17550821121443402,0.027884729477492244,0.9905891418457031
6728,1200,kernelshap,0.18579700589179993,0.033135549775485336,0.9971856474876404
6729,4580,kernelshap,0.03347348228648857,0.002903596118644432,0.9996461868286133
6730,3087,kernelshap,0.20333744545600244,0.03392943061356034,0.9990992546081543
6731,1305,kernelshap,0.06828398862853646,0.02349002370610833,0.998984158039093
6732,112,kernelshap,0.05094505567103624,0.03289397247135639,0.9995773434638977
6733,1853,kernelshap,0.42556729382186226,0.029055494927998745,0.9979832172393799
6734,4310,kernelshap,0.09640199812345726,0.021225535938906116,0.9988314509391785
6735,3873,kernelshap,0.018521125379361604,0.007924530066941915,0.9996566772460938
6736,4216,kernelshap,0.4500617176593053,0.018201183316842565,0.9993083477020264
6737,14,kernelshap,-0.13945049398085652,-0.1345316583619398,0.7737482786178589
6738,3915,kernelshap,0.7902658586789455,0.028250744087355478,0.9990742206573486
6739,2387,kernelshap,0.17120759730182944,0.04727010588560786,0.9984325766563416
6740,533,kernelshap,0.5859546692074564,-0.21671307290948572,0.6080431342124939
6741,3551,kernelshap,0.33555283467285335,0.09235157458377737,0.9923055768013
6742,851,kernelshap,0.13415283258919689,0.020763570104133,0.9991269707679749
6743,1418,kernelshap,0.6583215049386286,-0.023296746114889782,0.8733924031257629
6744,3446,kernelshap,0.17005316402925097,0.04130488885161669,0.998358428478241
6745,1318,kernelshap,0.11955468720671805,0.01952913725240664,0.9967293739318848
6746,677,kernelshap,0.014613733972821917,0.008745348453521729,0.9994944334030151
6747,3740,kernelshap,0.15105996252968906,0.027685295138508082,0.9993976354598999
6748,1317,kernelshap,0.6789993171791974,-0.07142897878513961,0.8506525158882141
6749,1072,kernelshap,0.9944910435832571,0.05558855913579464,0.999428927898407
6750,4275,kernelshap,0.06008272925391793,-0.255881586112082,0.3607975244522095
6751,655,kernelshap,0.7802145348797584,-0.05706869091453223,0.9027310013771057
6752,3128,kernelshap,0.8001734818354612,0.017890356662796765,0.9740851521492004
6753,3143,kernelshap,0.01082349419593811,0.01741424798965454,0.9995619654655457
6754,568,kernelshap,0.7395962493244692,0.12091113009623118,0.9719793200492859
6755,1871,kernelshap,0.011496898531913758,0.007320734858512879,0.9996623992919922
6756,3956,kernelshap,0.27247992946973276,0.18471675998686501,0.9993952512741089
6757,121,kernelshap,0.011453291135174888,0.08341517884816442,0.9996229410171509
6758,3150,kernelshap,0.4329793736662554,0.02068668571503266,0.9991140961647034
6759,587,kernelshap,0.006287321066245055,0.006240074451153095,0.9996590614318848
6760,3061,kernelshap,0.09919837014559581,0.01949117081810017,0.99899822473526
6761,3162,kernelshap,0.4458905396663963,0.01796233516048502,0.9993732571601868
6762,1254,kernelshap,0.0034882858876259097,0.002955910659605457,0.999588668346405
6763,2658,kernelshap,0.08087809764324351,0.022074906274359277,0.9991675615310669
6764,163,kernelshap,0.6908964063161863,0.14016336671911278,0.9969267249107361
6765,1322,kernelshap,0.14839121855016965,0.029490890565203196,0.9988309741020203
6766,4249,kernelshap,0.4196412608419037,0.21424673172560604,0.9448575377464294
6767,360,kernelshap,0.5625555875331855,0.024137693787774733,0.9987766146659851
6768,1768,kernelshap,0.49400223380411573,0.022183020441037305,0.9953357577323914
6769,732,kernelshap,0.64538681012491,0.018775470182299615,0.9988956451416016
6770,2671,kernelshap,0.5276355089073808,0.04883173943079751,0.9971069693565369
6771,691,kernelshap,0.13700438392776493,-0.24360535011903658,0.3396788239479065
6772,79,kernelshap,0.5678070167821176,0.017898147580800234,0.9992596507072449
6773,2776,kernelshap,0.10439415034753355,0.04000004618005319,0.9976473450660706
6774,1053,kernelshap,0.6598737764031872,0.018367992093165714,0.9929702877998352
6775,410,kernelshap,0.49296363247068303,0.01707082947618083,0.9991416931152344
6776,4367,kernelshap,0.40844417585148696,0.03614256424563272,0.9851753115653992
6777,1667,kernelshap,0.2584067292511463,0.045386245101690294,0.9980067610740662
6778,3349,kernelshap,0.5448168637064684,0.023543303992067065,0.9923461675643921
6779,2672,kernelshap,0.44977913486460847,0.010595236763809666,0.9995920062065125
6780,4038,kernelshap,0.4034128802483,0.02989031608787275,0.9987791180610657
6781,4552,kernelshap,0.15987262332483249,0.02827970091910923,0.9967419505119324
6782,1542,kernelshap,0.04065536479560696,0.011517046665658757,0.9995275735855103
6783,1336,kernelshap,0.007857263088226318,0.005181160627626905,0.9993784427642822
6784,1519,kernelshap,0.3362830670890756,0.024415764384544812,0.9993535876274109
6785,1229,kernelshap,0.09389038115739823,0.03901373683474958,0.9993834495544434
6786,1968,kernelshap,0.5126024338654437,0.04779024717087547,0.9963032007217407
6787,4416,kernelshap,0.4634795884454721,0.0172225589814939,0.9992473125457764
6788,2109,kernelshap,0.8189959239947503,0.07355567611387519,0.9979265928268433
6789,725,kernelshap,0.1868528939916619,0.07219172894422497,0.9994057416915894
6790,1134,kernelshap,0.22613360336981714,0.1830832516508443,0.700931966304779
6791,101,kernelshap,0.16003692150115967,0.026780950634375862,0.971911609172821
6792,4266,kernelshap,0.9077661413527472,0.1318153366446495,0.9966752529144287
6793,2253,kernelshap,0.2125194867929587,0.1767113596583024,0.9985866546630859
6794,1269,kernelshap,0.020620834082365036,0.010380602131287256,0.9996598958969116
6795,2813,kernelshap,0.1804002976843289,0.05053747573069164,0.9991287589073181
6796,193,kernelshap,0.44430493199351156,0.058488559782166376,0.998537540435791
6797,1127,kernelshap,0.15784207474742387,0.052146522630308126,0.9993529915809631
6798,2871,kernelshap,0.15438113693238759,0.023114490981509046,0.9991708993911743
6799,3470,kernelshap,0.26934562357799974,0.08982447228010963,0.54932701587677
6800,280,kernelshap,0.2574588066567422,0.024173322280770855,0.9991291165351868
6801,1696,kernelshap,0.060712134258614645,0.05347017550634013,0.9993871450424194
6802,2623,kernelshap,0.006649634573194715,0.006275008784400092,0.9995787739753723
6803,2139,kernelshap,0.020897044273822205,0.04273683832877356,0.9994019269943237
6804,3438,kernelshap,0.02964246543970975,0.01127349246631969,0.9996529817581177
6805,82,kernelshap,0.02172659158706665,0.005000051259994507,0.9996553659439087
6806,876,kernelshap,0.13595040473673078,-0.2216509817926972,0.5930060744285583
6807,2719,kernelshap,0.20116972796460417,0.005258859472071871,0.9995077848434448
6808,2374,kernelshap,0.01342473218315526,0.0072811261603706766,0.999235987663269
6809,1569,kernelshap,0.8384991060556012,0.021545076782399034,0.9976327419281006
6810,2416,kernelshap,0.10347635974176228,0.00550386185447375,0.9995030164718628
6811,3724,kernelshap,0.6504262746045631,0.05285041332244873,0.996752142906189
6812,3511,kernelshap,0.9214302105514798,0.10287513338029385,0.9970585107803345
6813,4046,kernelshap,0.280249336803401,-0.027623045085756866,0.9460201859474182
6814,2132,kernelshap,0.12614012577316977,0.11400146240537817,0.9987367987632751
6815,2932,kernelshap,0.08729713377268876,0.028322257649372604,0.9991791844367981
6816,3414,kernelshap,0.027127038600832917,-0.027037009250286015,0.9524268507957458
6817,1009,kernelshap,0.057388061430396105,0.0059927963629001525,0.9996192455291748
6818,4171,kernelshap,0.07767647359429336,0.0062700102968913755,0.9995684027671814
6819,1439,kernelshap,0.05756649435782919,0.005471314702715192,0.9993966817855835
6820,3603,kernelshap,0.08576966423627942,0.042622281541658,0.998826801776886
6821,2680,kernelshap,0.049094926127616095,0.0964508509884278,0.9993784427642822
6822,4297,kernelshap,0.017543375492095947,0.006268214611780076,0.9996525049209595
6823,630,kernelshap,0.22457834581534067,0.03704470528496636,0.9986656904220581
6824,638,kernelshap,0.5824563842395256,0.10399930230502424,0.9989514350891113
6825,455,kernelshap,0.831958921609491,0.01713147394834681,0.9898774027824402
6826,129,kernelshap,0.026707462469736733,0.00744626522064209,0.999648928642273
6827,3544,kernelshap,0.23112925810691637,0.024198556653200053,0.9991468191146851
6828,2705,kernelshap,0.2107811625330494,0.0023106359518491305,0.9954513907432556
6829,4542,kernelshap,0.08283631370986923,0.03626588527586753,0.9993721842765808
6830,1736,kernelshap,0.34447752500677276,0.03488837706821936,0.9991322159767151
6831,1442,kernelshap,0.5496004069019563,0.04228720123448023,0.9975928664207458
6832,836,kernelshap,0.7276214381781756,0.034893444273620844,0.9985809326171875
6833,3713,kernelshap,0.04705187067007407,0.023367851017377317,0.9985994696617126
6834,963,kernelshap,-0.15839316278238427,-0.21717472369622054,0.17056235671043396
6835,3500,kernelshap,0.3548507472197525,0.020170913934707643,0.9967949986457825
6836,1386,kernelshap,0.4234323653217871,0.030424848897382617,0.9987132549285889
6837,3631,kernelshap,0.3143653892626872,0.01891920221399288,0.9985203146934509
6838,3220,kernelshap,0.10716875021656354,0.03780119413254308,0.9989356398582458
6839,1920,kernelshap,0.1477725867840365,0.03091398857790848,0.9989533424377441
6840,3065,kernelshap,0.1675337189260651,0.03564920079182176,0.9983017444610596
6841,4122,kernelshap,0.013641542004000756,0.07048178977152754,0.999610960483551
6842,2735,kernelshap,0.2163726994900075,0.020775435492396355,0.9991235136985779
6843,1441,kernelshap,0.16899272267307555,0.02195632918959572,0.9989312291145325
6844,860,kernelshap,0.14381132553204556,0.17426680294077165,0.9953527450561523
6845,930,kernelshap,0.012208470078401788,0.007035586723061495,0.9996181726455688
6846,2920,kernelshap,0.490651133366757,0.08560693346791798,0.9982183575630188
6847,3073,kernelshap,0.054277283211167045,0.045736163854599,0.9701750874519348
6848,2537,kernelshap,0.20669719949364662,0.06206379217260024,0.9980552196502686
6849,4582,kernelshap,0.7569082957918176,0.06166930024216815,0.9957790374755859
6850,173,kernelshap,0.014169103174067256,0.005164651728388089,0.9995403289794922
6851,1056,kernelshap,0.45987155082102327,0.0297742836898373,0.9974812865257263
6852,2870,kernelshap,0.14084739958573328,0.03144112680303423,0.9991783499717712
6853,50,kernelshap,0.63345326419637,-0.17290084888892515,0.7346057295799255
6854,2560,kernelshap,0.027255503030923698,0.0062695451271839635,0.9995317459106445
6855,31,kernelshap,0.0049079060554504395,0.004620617941806191,0.9975511431694031
6856,3419,kernelshap,0.7184468237098004,0.005925789792486962,0.999573290348053
6857,3023,kernelshap,0.2113397495536986,0.08240667032867165,0.9993419051170349
6858,1433,kernelshap,0.2713805872519485,0.01639392581142363,0.9986405968666077
6859,399,kernelshap,0.0074617845170638145,0.011465649394428028,0.9993828535079956
6860,3793,kernelshap,0.043653499376442695,0.08793710993809832,0.9993870258331299
6861,3354,kernelshap,0.10607305355370045,0.007746875286102295,0.9995185136795044
6862,749,kernelshap,0.04330192992416587,-0.16795960773846932,0.05760134384036064
6863,3479,kernelshap,0.182184883919747,0.021090728757174118,0.9991241097450256
6864,3212,kernelshap,-0.1124646087280578,-0.16127031027442879,0.7634863257408142
6865,617,kernelshap,0.031490052447599524,0.006518253508736105,0.9996562004089355
6866,4442,kernelshap,0.1645494824132094,0.032375046171439,0.9993718266487122
6867,2130,kernelshap,0.8634209667557272,0.019472914651550096,0.9974406957626343
6868,283,kernelshap,0.21676518068249737,0.02663031071424484,0.998022198677063
6869,4517,kernelshap,0.07497876953511011,0.041672082883971076,0.9982185959815979
6870,1217,kernelshap,0.1617123992049449,0.04185637791195641,0.9991003274917603
6871,55,kernelshap,0.7015679649242278,0.03237929865717888,0.9983003735542297
6872,2038,kernelshap,0.32765996926796753,0.06576251478067466,0.9988310933113098
6873,1302,kernelshap,0.037784155796874656,0.07097465206276286,0.9991274476051331
6874,2767,kernelshap,-0.02327408405419971,0.07243003223889641,0.6745148301124573
6875,1813,kernelshap,0.21441600682547965,0.02053070400396119,0.9990988969802856
6876,3881,kernelshap,0.6488479762038979,0.10712403550537096,0.9991833567619324
6877,434,kernelshap,0.009463211585735452,0.00893733419221023,0.9995984435081482
6878,115,kernelshap,0.02250945142337254,0.002465338579245976,0.9996256828308105
6879,2119,kernelshap,0.3800601704667012,0.03757513043555347,0.9987163543701172
6880,2923,kernelshap,0.015018559554043938,0.039022307842969894,0.9995824694633484
6881,3392,kernelshap,0.33910333704531054,0.12347434944024792,0.9981716871261597
6882,1789,kernelshap,0.0937365868814149,0.018090293443990203,0.999123752117157
6883,1103,kernelshap,0.027185902647350147,0.15772152263509823,0.9996674060821533
6884,348,kernelshap,0.005355894791357445,-0.22826390894073428,0.511111855506897
6885,4441,kernelshap,0.006434009355657241,0.11448425405165728,0.9996602535247803
6886,78,kernelshap,0.026110587296662508,0.01110788627907082,0.9996417760848999
6887,3224,kernelshap,0.04889723123648228,0.059252462114016406,0.9996308088302612
6888,1821,kernelshap,0.011143594980239868,0.007058920229182523,0.9996606111526489
6889,1735,kernelshap,0.08418883748774258,0.006365762566620449,0.999650239944458
6890,2473,kernelshap,0.006612384042074514,0.010754084864328073,0.9992415904998779
6891,4204,kernelshap,0.22088857688821661,0.061103338041366674,0.9989504218101501
6892,3395,kernelshap,0.01916259356907436,0.012322296415056501,0.9996649026870728
6893,3405,kernelshap,0.9119456483182148,0.13204886806862695,0.998313307762146
6894,1431,kernelshap,0.022600114345550537,0.017011674642562865,0.999091386795044
6895,2113,kernelshap,0.021908202885904095,0.034165269525891,0.9993559718132019
6896,1294,kernelshap,-0.13454546414791269,0.06061617015926613,0.49627259373664856
6897,2798,kernelshap,-0.033000379138522676,-0.3858914532129549,0.004821134731173515
6898,4241,kernelshap,0.12053765708933005,0.1069594608836908,0.9984984397888184
6899,2697,kernelshap,0.009126299903506324,0.018069727080208913,0.9979537725448608
6900,735,kernelshap,0.08707067734280298,0.023862875478212222,0.9970153570175171
6901,2398,kernelshap,0.2006663090604193,0.047287236241733324,0.9870337247848511
6902,1921,kernelshap,0.5626761989462046,0.01948992506815837,0.9991439580917358
6903,2454,kernelshap,0.10274880617222887,0.036865778980737035,0.9879072308540344
6904,2436,kernelshap,0.3856054935056497,-0.17416149268255515,0.7371991872787476
6905,3313,kernelshap,0.0601641773853613,0.019976387205331222,0.9991470575332642
6906,2602,kernelshap,0.17053760666596263,0.027546462259794537,0.9971814155578613
6907,1378,kernelshap,0.45909569860105554,0.02643094572328752,0.9416289329528809
6908,4172,kernelshap,0.41094071159680046,0.07805737132026304,0.8241690993309021
6909,140,kernelshap,0.008580739560880159,0.006721184441917821,0.999631404876709
6910,2482,kernelshap,0.46410742664540355,0.05833941274745898,0.9969833493232727
6911,2566,kernelshap,0.030537723947097275,0.05669318314860849,0.9993975162506104
6912,3043,kernelshap,0.06986871709660539,0.03870462865199683,0.9987640380859375
6913,2718,kernelshap,0.07420978518693071,0.024164640981900066,0.9987961053848267
6914,1010,kernelshap,0.08592970307697267,0.22884207844788976,0.99928218126297
6915,1516,kernelshap,0.528688563522467,0.3662995821131127,0.5778140425682068
6916,1988,kernelshap,0.34058919165502577,0.027655412388198516,0.9968379735946655
6917,2942,kernelshap,0.14914827048778534,0.04722422280827084,0.9990577101707458
6918,3097,kernelshap,0.15470227257348598,0.08727419219911098,0.9991944432258606
6919,151,kernelshap,0.2436889785528183,-0.019461815357208253,0.9380155205726624
6920,2319,kernelshap,0.5979744043125538,0.05436107158660888,0.9779762625694275
6921,1373,kernelshap,0.5325798086095147,0.023311984429999096,0.9993176460266113
6922,1358,kernelshap,0.7602905256507155,0.19604483215759197,0.9978817105293274
6923,1873,kernelshap,0.8539073107736733,0.002120137433795368,0.9364849328994751
6924,2668,kernelshap,0.013740940735890316,0.006165933150511522,0.9996448755264282
6925,4357,kernelshap,0.7664882609167615,0.026007242500782013,0.9975283741950989
6926,62,kernelshap,0.0965347343020969,0.006716158654954698,0.9996606111526489
6927,1795,kernelshap,0.03316011922112826,0.0355286259075691,0.9993168115615845
6928,1000,kernelshap,0.1724806910052019,0.05648321132449543,0.9982230067253113
6929,3679,kernelshap,0.27379441104437174,0.02721166434256654,0.9979243278503418
6930,1850,kernelshap,0.09643959690784586,0.012416196280512316,0.9991922974586487
6931,2825,kernelshap,0.04059120554190416,0.010576640184109028,0.9994365572929382
6932,3964,kernelshap,0.5694868489831256,0.01796999917580531,0.9991175532341003
6933,1625,kernelshap,0.008689616407666887,0.01914351327078683,0.9996298551559448
6934,1313,kernelshap,0.8521385228480486,0.1166497420738725,0.9869440793991089
6935,4320,kernelshap,0.032346928441846695,0.005698076776556067,0.9995608925819397
6936,2166,kernelshap,0.2744751314119417,0.009653391696664751,0.9993587136268616
6937,2184,kernelshap,0.5898543859314588,-0.014892729620138804,0.9261394143104553
6938,4148,kernelshap,0.10214580794692868,0.007242308722601997,0.9996285438537598
6939,300,kernelshap,0.24300863904458964,0.08458421999623753,0.9992796778678894
6940,339,kernelshap,0.36621710702768595,0.07214532247079271,0.9991207718849182
6941,2220,kernelshap,0.34697335287321196,0.021062863504757053,0.9992837309837341
6942,1587,kernelshap,0.03749494720250368,0.007564585655927658,0.9992247819900513
6943,4410,kernelshap,0.371121349840218,0.042832967100871935,0.9990875720977783
6944,3009,kernelshap,0.03812090453563952,0.09642506417517058,0.999393105506897
6945,4314,kernelshap,0.47341730397863263,0.024505289223713752,0.9993906021118164
6946,2236,kernelshap,0.144707922437569,-0.008188622208630167,0.9038647413253784
6947,3837,kernelshap,0.02180186708768209,0.009809945027033489,0.9995393753051758
6948,2512,kernelshap,0.19797893743152203,0.0221908757382113,0.9993730187416077
6949,4272,kernelshap,0.07716887663954343,0.06151050080855688,0.9988380074501038
6950,2294,kernelshap,0.47873908281326294,0.015151552962405342,0.9833579659461975
6951,3416,kernelshap,0.039028421470097135,0.008391814572470528,0.99954754114151
6952,3694,kernelshap,0.3830461010064294,0.032797435525713896,0.9991098046302795
6953,108,kernelshap,0.11821010172367095,0.08904250174760818,0.9982311129570007
6954,3795,kernelshap,0.850912830069299,0.08420560978508244,0.9927491545677185
6955,3228,kernelshap,0.20938010315319147,0.01949752042902277,0.9991713762283325
6956,4327,kernelshap,0.019913575384351942,0.0077281090948316785,0.9996592998504639
6957,4444,kernelshap,0.019976426345797684,0.01753999708363643,0.9985395669937134
6958,932,kernelshap,0.2908113783253639,0.03766844435030538,0.9980810880661011
6959,3245,kernelshap,0.47926810728386043,0.022203399799764156,0.9987278580665588
6960,1037,kernelshap,0.006207001763720845,0.00615006685256958,0.9996662139892578
6961,3070,kernelshap,0.10145496260972593,0.012860417366027832,0.9996428489685059
6962,507,kernelshap,0.15046390984207392,0.030957503244280815,0.9985421895980835
6963,1983,kernelshap,0.03558227883444892,0.0066040105289883085,0.9996660947799683
6964,635,kernelshap,0.8121551375323907,0.036063807010650636,0.998441755771637
6965,102,kernelshap,0.3124299161255852,0.12182917888276279,0.9969923496246338
6966,2618,kernelshap,0.5624863476165243,0.07950474042445421,0.9993610978126526
6967,2452,kernelshap,0.6519125033894346,0.021173151002989873,0.9991616010665894
6968,2433,kernelshap,-0.15652932321771662,-0.21360853758264095,0.7743200063705444
6969,2955,kernelshap,0.323674758663401,0.04990284603375655,0.9993973970413208
6970,4406,kernelshap,0.0382805422679147,0.002844928630760738,0.9996486902236938
6971,146,kernelshap,0.6622339342994867,0.03225446691115697,0.9977554678916931
6972,2277,kernelshap,0.5177490976126865,-0.008795336484909058,0.9381861686706543
6973,628,kernelshap,0.1292200677337185,0.05167302633485486,0.9967713952064514
6974,4147,kernelshap,0.25490841269493103,0.030039195716381074,0.9988995790481567
6975,2488,kernelshap,0.036670030081616144,-0.09240858979067024,0.0980299562215805
6976,4587,kernelshap,0.39295055711585464,-0.11442437418030971,0.7863044738769531
6977,624,kernelshap,0.9666184508954255,0.4196038255146865,0.9947062134742737
6978,1402,kernelshap,0.005854743091683639,0.012472336229525115,0.9990047812461853
6979,1547,kernelshap,0.3157505790248167,0.03835609286677006,0.9988071918487549
6980,1680,kernelshap,0.12548252940177917,0.0061140239238739015,0.9989929795265198
6981,2779,kernelshap,0.2433355473691509,0.03703958062188966,0.9993093013763428
6982,3616,kernelshap,0.4344764251557247,0.03028490176288093,0.970125138759613
6983,3676,kernelshap,0.11638196483254433,0.007248683273792267,0.9996386766433716
6984,2004,kernelshap,0.005884086474394187,0.005073429682315924,0.9987962245941162
6985,2141,kernelshap,0.12145617395275976,0.11985796070998399,0.9993759989738464
6986,4045,kernelshap,0.028071974885874783,0.03345724220933585,0.9956152439117432
6987,1761,kernelshap,0.004938623389682254,0.0707311968545656,0.9989991784095764
6988,266,kernelshap,-0.0038797801251938516,-0.16326292216576435,0.014635598286986351
6989,4195,kernelshap,0.8278928920230333,0.01961195627425579,0.9969258904457092
6990,1808,kernelshap,0.5119085715462764,0.3234206108723347,0.669123113155365
6991,3786,kernelshap,0.5567571456009086,0.020842084542233894,0.9991650581359863
6992,3199,kernelshap,0.05001624425252279,0.026828314860661825,0.9992378950119019
6993,2619,kernelshap,0.12872048788186577,0.03476363761971394,0.9993202686309814
6994,2459,kernelshap,0.5461765628759608,0.14814114920569188,0.9979520440101624
6995,3187,kernelshap,0.12092737514864314,0.021828073161569508,0.9990643858909607
6996,4531,kernelshap,0.18260937579907477,0.04095853111357428,0.9993942975997925
6997,4355,kernelshap,0.15895510996536663,0.09585057716079366,0.9991635084152222
6998,2725,kernelshap,0.11563864933407825,-0.05016738778447135,0.7989641427993774
6999,4573,kernelshap,0.03976089832110283,0.010143565825926952,0.9996134638786316
7000,1913,occlusion_1,0.030188994854688643,0.05590221509337425,0.9943388104438782
7001,4550,occlusion_1,0.13759979413589463,0.026594608672894537,0.15146853029727936
7002,4424,occlusion_1,0.012282171764889278,0.024722717903755808,0.9996589422225952
7003,3802,occlusion_1,0.03958509010928018,0.0028449914285114835,0.9995806813240051
7004,3867,occlusion_1,0.38338339770478863,0.049787914965833936,0.9948807954788208
7005,2557,occlusion_1,0.08898962206919403,0.06939288947101244,0.9759672284126282
7006,2097,occlusion_1,0.05524922545366692,0.10680913647531338,0.9993723034858704
7007,3546,occlusion_1,0.5001553700760354,0.0016519390912943107,0.9584444761276245
7008,2808,occlusion_1,0.011001240265996833,0.013716547112715872,0.9996665716171265
7009,893,occlusion_1,0.08673534706487494,0.09243176602837393,0.999051034450531
7010,674,occlusion_1,0.09495804865251888,0.03681617772037333,0.9989060163497925
7011,4329,occlusion_1,0.09036665938274804,0.07188586795399356,0.9989264607429504
7012,518,occlusion_1,0.05313995135266606,0.045058345104136116,0.9991744160652161
7013,3071,occlusion_1,0.3614667926070979,0.07276716679334641,0.9993823766708374
7014,1449,occlusion_1,0.21962050267313493,0.09392277828258712,0.9991769194602966
7015,2475,occlusion_1,0.06330840492054172,0.08920827022065288,0.9993069171905518
7016,2224,occlusion_1,0.08701301589608193,0.14701324121560902,0.9987109899520874
7017,3008,occlusion_1,0.4355126133431559,0.022013146430253983,0.9989023208618164
7018,2799,occlusion_1,0.0914734823088492,0.24170521038374113,0.9993740916252136
7019,3455,occlusion_1,0.6508635815287775,0.026518838808817023,0.8473272919654846
7020,2715,occlusion_1,0.011011632375938947,0.007027540096016817,0.9996358156204224
7021,1799,occlusion_1,0.23033208755674797,0.1870433412348995,0.9993937015533447
7022,1476,occlusion_1,0.006522470712661743,0.013018034398555756,0.9996558427810669
7023,3045,occlusion_1,0.15617498239321562,0.0703969556642206,0.33991745114326477
7024,191,occlusion_1,0.12084066320438774,0.06053614418725578,0.9993802309036255
7025,1612,occlusion_1,0.3433912703929859,0.09177877372780512,0.9987958669662476
7026,3501,occlusion_1,0.011660422881444294,0.032602125960935764,0.992664635181427
7027,2706,occlusion_1,0.041316796673668756,0.018810207313961453,0.9996641874313354
7028,788,occlusion_1,0.025256338755826693,0.29052059768346716,0.9991770386695862
7029,2721,occlusion_1,-0.4930193867973382,-0.02302349027983534,0.0007631847984157503
7030,2543,occlusion_1,0.020123887807130814,0.011827833950519562,0.9995973706245422
7031,4425,occlusion_1,0.2132577585709896,0.04532099817879498,0.9857469797134399
7032,4154,occlusion_1,0.0026241661980748177,0.006872518919408321,0.9995936751365662
7033,169,occlusion_1,0.5417253540562732,0.035960726014205385,0.9913190007209778
7034,1657,occlusion_1,0.038413252342831,0.011441580273888328,0.9996616840362549
7035,3040,occlusion_1,0.052219354935611285,0.004147712598767197,0.9996602535247803
7036,269,occlusion_1,0.023333165340307282,0.11963077792443516,0.9993628859519958
7037,1775,occlusion_1,0.08375458012927663,0.07203491997312415,0.9996589422225952
7038,3229,occlusion_1,0.9627438955456297,0.02258807517912077,0.9986925721168518
7039,4496,occlusion_1,-0.5605917601235981,-0.14661788246754942,0.10239534825086594
7040,1064,occlusion_1,0.4884183467298118,0.02257275546706,0.9993277788162231
7041,4134,occlusion_1,0.3448175585487021,0.12770043341098009,0.9990893602371216
7042,4000,occlusion_1,0.03594826041690765,0.18757763512868195,0.9983528852462769
7043,609,occlusion_1,-0.2741501657033546,-0.015105821998548452,0.0020482183899730444
7044,2710,occlusion_1,0.0620745570709308,0.19775564142813284,0.9990960359573364
7045,3460,occlusion_1,0.21725445206883656,0.054910657731326,0.9992254972457886
7046,1803,occlusion_1,0.48977095383134756,-0.02426891489462419,0.8552583456039429
7047,1918,occlusion_1,0.004885765970969687,0.004974394428486727,0.9996613264083862
7048,3197,occlusion_1,0.46734612208092585,0.0030603207647800445,0.5508357286453247
7049,1737,occlusion_1,0.0320534287867221,0.020343661477619953,0.9991699457168579
7050,4435,occlusion_1,0.1829461185911367,0.1902622433012449,0.9170476198196411
7051,3750,occlusion_1,0.730779490826535,0.2052013830874454,0.9724546670913696
7052,3966,occlusion_1,0.356032782047987,0.038966156095266345,0.9989425539970398
7053,365,occlusion_1,0.06627758756973022,0.13475113492025886,0.9988769888877869
7054,4053,occlusion_1,0.03809338960892115,0.006792377202938764,0.9995436072349548
7055,2066,occlusion_1,0.03474087631979654,0.01080232304196025,0.999488115310669
7056,1852,occlusion_1,0.1130160755805067,0.07815231362710127,0.9942169189453125
7057,2703,occlusion_1,0.20259004568352418,0.25194886614061784,0.9989523887634277
7058,487,occlusion_1,0.21208870075643063,0.06105243378385369,0.9985476136207581
7059,4055,occlusion_1,0.015113070607185364,0.05094971228390932,0.9996187686920166
7060,4475,occlusion_1,0.12156612211121963,0.040448178752110556,0.9981461763381958
7061,3348,occlusion_1,0.18151856512607387,0.07075696353179713,0.9993853569030762
7062,351,occlusion_1,0.2802770329933417,0.25208269526008636,0.9990637898445129
7063,2509,occlusion_1,0.02289006979234757,0.01659342165916197,0.999666690826416
7064,4030,occlusion_1,0.08943446131388555,0.0803113770643904,0.9994561076164246
7065,1650,occlusion_1,0.01684186251267143,0.005305699680162513,0.9996337890625
7066,2653,occlusion_1,0.0032588659592394558,0.004797520502558294,0.999609649181366
7067,4285,occlusion_1,0.007296396419405937,0.00741063617169857,0.9982865452766418
7068,1468,occlusion_1,0.037863985169678926,0.06125047476962209,0.9989425539970398
7069,2998,occlusion_1,0.024980711936950683,0.018919138610363005,0.9995917677879333
7070,1270,occlusion_1,-0.1285407803952694,0.1343984068807913,0.8581515550613403
7071,297,occlusion_1,0.17236007346461216,0.07849836260720622,0.9961426854133606
7072,2019,occlusion_1,0.006393060640052513,0.013271161803492793,0.9996432065963745
7073,629,occlusion_1,0.2916525164919515,0.3731007420968625,0.9985477328300476
7074,1944,occlusion_1,0.09816884905809448,0.24945648109392746,0.9991617202758789
7075,953,occlusion_1,0.012519455269763344,0.010426880497681467,0.9994865655899048
7076,466,occlusion_1,0.009291835129261017,0.03699181601405144,0.9995763897895813
7077,2200,occlusion_1,0.13861311287821634,0.5620934555114693,0.8540064096450806
7078,728,occlusion_1,0.107239384542812,0.010228774764321068,0.9994561076164246
7079,3376,occlusion_1,0.09505237691235124,0.19882579164154696,0.9947073459625244
7080,4549,occlusion_1,0.20331218513811744,0.19543087634063044,0.9830725193023682
7081,72,occlusion_1,-0.4579869858383562,-0.01499209888025953,0.00627287570387125
7082,4,occlusion_1,0.14637336784854849,0.14036034834273953,0.9985929131507874
7083,1098,occlusion_1,0.2657020869287285,0.17345105463991295,0.9961133003234863
7084,2726,occlusion_1,0.16676174961030482,0.1577615104895085,0.9993663430213928
7085,2921,occlusion_1,0.07800636688868205,0.010421010709944226,0.9996601343154907
7086,2531,occlusion_1,0.005861474120098612,0.006211488143257473,0.9996145963668823
7087,2614,occlusion_1,0.002963628499738632,0.022187343047511195,0.9996167421340942
7088,2434,occlusion_1,0.6007415484757451,0.012177737686654618,0.9884706735610962
7089,3111,occlusion_1,0.17822522092230467,0.03827342786351029,0.9929046034812927
7090,3615,occlusion_1,0.7089013807995218,0.07226002000380254,0.989231288433075
7091,3063,occlusion_1,0.31221791345160455,0.09167450800305232,0.9991852641105652
7092,1385,occlusion_1,0.086719537495325,0.2531994755897257,0.9989620447158813
7093,128,occlusion_1,-0.4484360427237474,-0.09836247834400871,0.05991167202591896
7094,1030,occlusion_1,0.1285080996900797,0.06355226412415504,0.9918654561042786
7095,16,occlusion_1,0.0064373429616292315,0.03778772989908854,0.9995558857917786
7096,670,occlusion_1,0.19430678191058565,0.06583047579183723,0.9991095662117004
7097,3743,occlusion_1,0.22792566357570332,0.13692823764028808,0.9991957545280457
7098,2202,occlusion_1,0.040121851618899855,0.02267189462517583,0.9947768449783325
7099,1615,occlusion_1,0.18230183821250626,0.12554131467372942,0.9969441294670105
7100,1558,occlusion_1,0.025602418642777663,0.06667972986514752,0.9995993971824646
7101,3953,occlusion_1,0.7115000413167615,0.3033485767366581,0.8385427594184875
7102,304,occlusion_1,0.0934189027723144,0.057266876101493835,0.9991636276245117
7103,4004,occlusion_1,0.013813440736971404,0.23688944631660552,0.99965500831604
7104,4547,occlusion_1,0.43826838453343614,0.08435634688235992,0.9124698042869568
7105,1247,occlusion_1,0.16528763515350875,0.11705810007173569,0.9988911747932434
7106,3136,occlusion_1,0.1810258134113004,0.10214229758518438,0.9989492297172546
7107,1220,occlusion_1,0.38724308797534096,0.032934530785209255,0.9992615580558777
7108,3261,occlusion_1,0.10590808097687032,0.0072462174627516,0.9988645315170288
7109,1611,occlusion_1,0.17041851365894006,0.048070014955905765,0.9595311284065247
7110,1181,occlusion_1,0.1776450001531177,0.19996670943995318,0.9993925094604492
7111,2797,occlusion_1,0.1740362207454286,-0.1411561069912032,0.46431487798690796
7112,610,occlusion_1,0.44007519891531,0.02463429330325708,0.9989633560180664
7113,3751,occlusion_1,0.44249031647588266,0.06432637648487632,0.9895468354225159
7114,2248,occlusion_1,0.5154087604560817,0.04849266461454905,0.9825856685638428
7115,99,occlusion_1,0.2813083581556719,0.09012760476846444,0.9989156723022461
7116,3781,occlusion_1,0.014396643952319496,0.026981451009449205,0.9996659755706787
7117,225,occlusion_1,0.14840632370289633,0.019230826812631944,0.9996508359909058
7118,2103,occlusion_1,0.24754042209436497,0.28607182908389306,0.9950827360153198
7119,2836,occlusion_1,0.1454509431517558,0.10555615326071657,0.9990633130073547
7120,2924,occlusion_1,0.04801678628001998,0.013629371073187851,0.9996180534362793
7121,2859,occlusion_1,-0.5711045815499828,-0.11446537496864467,0.0047720917500555515
7122,2782,occlusion_1,0.10129714824068241,0.1476665979806477,0.9962024092674255
7123,515,occlusion_1,0.4477118644359949,0.00801751742491851,0.9996391534805298
7124,1951,occlusion_1,0.3383644756216269,0.01982461603788229,0.9923940896987915
7125,3869,occlusion_1,0.1232913538813591,0.06623524644981242,0.9987646341323853
7126,2263,occlusion_1,0.013933668985511318,0.07318076807441133,0.9832453727722168
7127,4006,occlusion_1,0.14578218727062145,0.37200699746608734,0.9329985976219177
7128,4522,occlusion_1,0.07617101983891593,0.08071628652719988,0.997199535369873
7129,2137,occlusion_1,0.013825268456430145,0.06386007233099504,0.9994431138038635
7130,3673,occlusion_1,0.5385896887241441,0.016270487165113666,0.9948624968528748
7131,1707,occlusion_1,-0.05198078432918659,-0.008189022474523102,0.284817099571228
7132,314,occlusion_1,0.07450021476778265,0.048244497139159945,0.9995383024215698
7133,1924,occlusion_1,0.8448184932672625,0.3710331349650881,0.9326366782188416
7134,2247,occlusion_1,0.3487790452671193,0.02131006724777676,0.9990529417991638
7135,3901,occlusion_1,0.19020133673451667,0.0426163369313229,0.9985560774803162
7136,1847,occlusion_1,0.011279691349376331,0.012572301156593092,0.9994674324989319
7137,1725,occlusion_1,0.01128714512556027,0.027999508075225048,0.9996540546417236
7138,3547,occlusion_1,-0.25810474133299244,-0.0037727803893146976,0.012798065319657326
7139,4558,occlusion_1,0.038563011089960735,0.023738141854604086,0.9991627931594849
7140,3403,occlusion_1,0.29404693279177585,0.05312342624715034,0.9956961870193481
7141,3007,occlusion_1,0.1500528853555972,0.5850848921421196,0.9694604873657227
7142,2961,occlusion_1,0.3172234881785698,0.13905454752966762,0.9989249110221863
7143,3591,occlusion_1,0.2579122458529823,0.11616586057660992,0.999377965927124
7144,571,occlusion_1,0.15460593868046998,0.02357995817437768,0.9991270899772644
7145,4041,occlusion_1,0.16739215445187355,0.05241853478882048,0.9928140044212341
7146,2629,occlusion_1,0.058908468910626004,0.11432473367312923,0.9984891414642334
7147,3121,occlusion_1,0.28756795992905443,0.14458467709747228,0.9988301396369934
7148,2701,occlusion_1,-0.05337767684182455,-0.04924089998699898,0.8653034567832947
7149,3101,occlusion_1,0.6537431651743612,0.13619320963819823,0.9965533018112183
7150,1863,occlusion_1,0.007494877366458669,0.007351645651985617,0.9994211196899414
7151,2908,occlusion_1,0.10102645611000616,0.07389784275099288,0.9996621608734131
7152,4456,occlusion_1,0.20516427826475014,0.03602651659060608,0.9987928867340088
7153,3230,occlusion_1,0.19146876610242403,0.09499018897230808,0.9988297820091248
7154,2399,occlusion_1,0.34821734346424865,0.4801624740326875,0.9985949397087097
7155,3447,occlusion_1,0.01244570016860962,0.009093232452869415,0.9996182918548584
7156,1522,occlusion_1,0.11922143683786447,0.028996857504049938,0.9993118047714233
7157,3295,occlusion_1,0.3427984364912845,0.17643721422646194,0.988055944442749
7158,495,occlusion_1,0.46737444955138735,0.0029899415216947858,0.9905909895896912
7159,317,occlusion_1,0.16806451909525214,0.025264933775618392,0.9993842840194702
7160,4319,occlusion_1,0.020409321784973143,0.012359013160069784,0.9995343685150146
7161,2583,occlusion_1,0.5946221732224027,0.258192252409127,0.9699583053588867
7162,4536,occlusion_1,0.3317110440435095,0.47109002176633413,0.9908421039581299
7163,551,occlusion_1,0.22694833637417658,0.04412987601497899,0.9982461929321289
7164,950,occlusion_1,0.10443088193905764,0.13552396950022927,0.999201238155365
7165,2681,occlusion_1,0.2343268408314199,0.06165026974033665,0.9983810186386108
7166,1720,occlusion_1,0.0615222386338494,0.009652508930726484,0.9995889067649841
7167,3845,occlusion_1,0.02313012182712555,0.09892802412650781,0.9996449947357178
7168,1653,occlusion_1,0.08073173742741346,0.05119856302626431,0.998863697052002
7169,1475,occlusion_1,0.7682905093981669,0.023081449361947868,0.9978700876235962
7170,826,occlusion_1,0.1165376069523128,0.028517401431288038,0.9985975623130798
7171,2235,occlusion_1,0.08773620082781865,0.03503236403832069,0.99935382604599
7172,1061,occlusion_1,0.06267677456140518,0.09215559646487236,0.9881864190101624
7173,2353,occlusion_1,0.01128678462084602,0.005242428358863382,0.9995245933532715
7174,2771,occlusion_1,0.006616699068169845,0.03456340808617441,0.9996633529663086
7175,3467,occlusion_1,0.2609435429271921,0.2447894722399478,0.9501699805259705
7176,1672,occlusion_1,0.029822831218307082,0.12885282938746181,0.9996485710144043
7177,4093,occlusion_1,0.7595702369179991,0.1220561485323641,0.9898171424865723
7178,2772,occlusion_1,0.17245886859018356,0.02294446233039101,0.9981696605682373
7179,1352,occlusion_1,0.04063640203740862,0.04430848318669531,0.9992867112159729
7180,1168,occlusion_1,0.005327195470983332,0.005593795126134699,0.9996587038040161
7181,1928,occlusion_1,0.6743821778748599,0.08062712699174882,0.9927173852920532
7182,2714,occlusion_1,0.6165874039568007,-0.008878774344921112,0.7320428490638733
7183,3211,occlusion_1,0.345087613336482,0.13503564229955203,0.9987195730209351
7184,4227,occlusion_1,0.11920968095134747,0.31496957932974684,0.9991139769554138
7185,2379,occlusion_1,0.009736846387386321,0.05691849556096713,0.9993844032287598
7186,3649,occlusion_1,0.33739468852678933,0.32109920700184175,0.9989896416664124
7187,3624,occlusion_1,0.06007361375704044,0.059699149030010876,0.9996579885482788
7188,3790,occlusion_1,0.010813831014836088,0.17901072841375432,0.9919941425323486
7189,1898,occlusion_1,0.038516051712490264,0.03722226619720459,0.9995865225791931
7190,1664,occlusion_1,0.1688768683295501,0.22434195954548686,0.9984980821609497
7191,3412,occlusion_1,0.016076456856083225,0.04931668453925365,0.9996570348739624
7192,4179,occlusion_1,0.19632693873718382,0.24265046132544132,0.9532638192176819
7193,32,occlusion_1,0.22964897979265794,0.12583239319232795,0.9760161638259888
7194,1218,occlusion_1,0.11974506809356365,0.005572988631877493,0.9996414184570312
7195,2565,occlusion_1,0.01054877967670046,0.002994955613695342,0.9995566010475159
7196,2385,occlusion_1,0.05009108424186706,0.007975682020187377,0.9991104006767273
7197,2592,occlusion_1,0.196274198698146,0.16460503857316716,0.998818576335907
7198,3443,occlusion_1,0.01820715640981992,0.018971893936395645,0.9995662569999695
7199,3365,occlusion_1,0.02325430198719627,0.006537798203920063,0.9996423721313477
7200,338,occlusion_1,0.3082493820080632,0.1907001397033271,0.9852792024612427
7201,1346,occlusion_1,0.3881789772874779,0.09511771591173278,0.9897589683532715
7202,4523,occlusion_1,0.2980780820189803,0.05190714379703557,0.9981122016906738
7203,4054,occlusion_1,0.13626025958021856,0.08171992025004243,0.8148842453956604
7204,1577,occlusion_1,0.08305711857974529,0.13539244123595826,0.9991635084152222
7205,1123,occlusion_1,0.026586004121359006,0.022357071208399394,0.9992470741271973
7206,3777,occlusion_1,0.6753937756575104,0.4768983042768894,0.7993559837341309
7207,752,occlusion_1,0.04465490061303844,0.012096966090409653,0.999661922454834
7208,681,occlusion_1,0.3202196883926676,0.04183196979151531,0.9991687536239624
7209,4433,occlusion_1,0.14888473881843597,0.08987284039980487,0.9993265867233276
7210,1904,occlusion_1,0.2676593158964981,-0.12603212563464275,0.28973811864852905
7211,2342,occlusion_1,0.3701464944728175,0.058505803954844574,0.9989364743232727
7212,2364,occlusion_1,0.00876585461876609,0.006300691853870045,0.9996687173843384
7213,778,occlusion_1,-0.09403460081351006,0.08406181936546908,0.6467320919036865
7214,3001,occlusion_1,0.17222417704761028,0.3455653331536517,0.9987093210220337
7215,3200,occlusion_1,0.07840067657985185,0.07686121352507096,0.9993091821670532
7216,3921,occlusion_1,0.25392146949779315,0.0905851633551548,0.9991611242294312
7217,3545,occlusion_1,0.263589762370376,0.029924104318899268,0.9883450269699097
7218,542,occlusion_1,0.013427105971745082,0.0081817626953125,0.9996370077133179
7219,2272,occlusion_1,0.6982481300093544,0.020481654339366488,0.9989991784095764
7220,391,occlusion_1,0.04889142251851266,0.2281832491750257,0.9576553702354431
7221,1979,occlusion_1,0.18626208275556563,0.11690431063936557,0.9399215579032898
7222,1150,occlusion_1,0.746103636945918,0.015251650707796216,0.9439349174499512
7223,149,occlusion_1,0.013808965682983398,0.016551339626312257,0.9994687438011169
7224,2570,occlusion_1,0.13048780210144623,0.22055323917945652,0.998884379863739
7225,927,occlusion_1,0.26010867359582335,0.2756168581545353,0.9926952123641968
7226,4017,occlusion_1,0.19848334748354374,0.011914997389822296,0.9994820952415466
7227,1398,occlusion_1,0.6237764117472312,0.0740206362131764,0.9988958835601807
7228,3635,occlusion_1,0.027037640944832846,0.04608896197307678,0.9990284442901611
7229,505,occlusion_1,0.02341153544764365,0.007724806185691587,0.9994749426841736
7230,3423,occlusion_1,0.7499482475031982,0.1164606617918859,0.9053910970687866
7231,3247,occlusion_1,0.0503455592940251,0.030006947616736095,0.9992719292640686
7232,1895,occlusion_1,0.13491367179408875,0.08014023169461224,0.9993858337402344
7233,2286,occlusion_1,0.16970669289585202,0.026966689633471624,0.9985120892524719
7234,4232,occlusion_1,0.1294377762824297,0.09794857332275973,0.9964010715484619
7235,2595,occlusion_1,0.013530338803927103,0.009483816723028818,0.9982085227966309
7236,1770,occlusion_1,0.01930219418293721,0.005659904028918292,0.9996064305305481
7237,1267,occlusion_1,0.12464580797787869,0.026922109452160923,0.995884120464325
7238,3124,occlusion_1,0.6113911010166206,-0.001595040839729887,0.8890299797058105
7239,2125,occlusion_1,0.027720429180633454,0.09290021677900638,0.9991903901100159
7240,1659,occlusion_1,0.12283598577778321,0.057683553686365484,0.9334602952003479
7241,2909,occlusion_1,0.2401130197569728,0.3135831310413778,0.9979445338249207
7242,1765,occlusion_1,0.22406573966145515,0.24399494006987274,0.993634819984436
7243,1560,occlusion_1,0.5161219072737255,0.2852907720299875,0.9978329539299011
7244,2967,occlusion_1,0.007355057530932956,0.005588303009668986,0.9993798732757568
7245,1416,occlusion_1,0.36793778189252513,0.08152797084082575,0.9993982315063477
7246,1630,occlusion_1,0.052829713906560626,0.028881814650126864,0.9948638081550598
7247,449,occlusion_1,0.17439340674426668,0.06865699703772661,0.9993274211883545
7248,152,occlusion_1,-0.015750649824457348,0.25221236886562043,0.8814172148704529
7249,211,occlusion_1,0.12636312452100573,0.24410439990017385,0.9989579916000366
7250,2032,occlusion_1,0.37564189239804235,0.14092695443624897,0.9964901804924011
7251,902,occlusion_1,0.024518997336809453,0.1456975063834435,0.9991514682769775
7252,3436,occlusion_1,0.28729336664020677,0.01906661878326046,0.9870097637176514
7253,3198,occlusion_1,0.10629232261329889,0.06022060025134124,0.998917818069458
7254,57,occlusion_1,0.13740827530795613,0.05185890121337695,0.9542140960693359
7255,3164,occlusion_1,0.00966427723566691,0.0033402209188423903,0.999634861946106
7256,4303,occlusion_1,-0.010334404565312186,-0.1290660504489503,0.6684200763702393
7257,1927,occlusion_1,0.2366735765592441,0.03205423326128059,0.9988740086555481
7258,3206,occlusion_1,0.023391459439251874,0.007096791589582288,0.999640703201294
7259,3388,occlusion_1,0.6325892755180988,0.07678531493398953,0.9989737272262573
7260,816,occlusion_1,0.010869147876898447,0.13809197939311466,0.9995569586753845
7261,3284,occlusion_1,0.008876347228100425,0.026086186107836272,0.9995666146278381
7262,2765,occlusion_1,0.6466228552162647,0.04437996561710651,0.8446167707443237
7263,3970,occlusion_1,0.013057569139882139,0.008115104938808241,0.999560534954071
7264,885,occlusion_1,0.13204737014285373,0.088326107846065,0.9988434314727783
7265,249,occlusion_1,0.6479902604835168,0.028855366812598322,0.9972788691520691
7266,2203,occlusion_1,0.056762077231356435,0.06361659996687098,0.9963403940200806
7267,3115,occlusion_1,0.030673746655626995,0.015704172413523603,0.9996254444122314
7268,2341,occlusion_1,0.009825084098549776,0.014291969842688983,0.9996615648269653
7269,4132,occlusion_1,0.3462522724327051,0.03331091915661434,0.9863123297691345
7270,1781,occlusion_1,0.013332550724347433,0.011407790084679922,0.9994680285453796
7271,4488,occlusion_1,0.3568967887698344,0.0568749937026397,0.999626874923706
7272,44,occlusion_1,0.0689831888780762,0.1198515827075029,0.9990755319595337
7273,2390,occlusion_1,0.08130081618825595,0.037920872370402016,0.9993762373924255
7274,286,occlusion_1,0.1691279768605124,0.19601351014253768,0.9976373910903931
7275,1094,occlusion_1,0.1573381134361591,0.3450752470712617,0.8478512167930603
7276,1962,occlusion_1,0.0509846628296609,0.06676534431822159,0.9990949630737305
7277,4530,occlusion_1,0.20145240553268573,0.13248983370821651,0.9983419179916382
7278,202,occlusion_1,0.07328537464141846,0.007068746089935303,0.999395489692688
7279,237,occlusion_1,0.014247545729512754,0.07481291529763004,0.9996422529220581
7280,2519,occlusion_1,0.17568511315962163,0.10287314862376307,0.9991971850395203
7281,3870,occlusion_1,0.0769578789671262,0.12797482180244782,0.9918448328971863
7282,1108,occlusion_1,-0.06814524278282381,-0.12341889733428009,0.0017256962601095438
7283,2449,occlusion_1,0.5836084184668247,0.11247465321246315,0.9986068606376648
7284,2525,occlusion_1,0.20071731885341373,0.0257752477317243,0.999263346195221
7285,357,occlusion_1,0.17546890101031118,0.028492588063944942,0.995868444442749
7286,736,occlusion_1,0.03733714620272319,0.008042339483896892,0.9995502829551697
7287,3918,occlusion_1,0.16481511034071444,0.0059730738401412966,0.9995150566101074
7288,3848,occlusion_1,0.04693285355696807,0.012462614355860529,0.9994513392448425
7289,1953,occlusion_1,0.21211079474804656,0.0715466105113072,0.9291532039642334
7290,1131,occlusion_1,0.8664486059064479,0.3201216124515567,0.9742646813392639
7291,261,occlusion_1,0.005818107613810786,0.028227834789841262,0.9996565580368042
7292,3113,occlusion_1,0.3037180660618469,0.05946039795875549,0.9979788661003113
7293,379,occlusion_1,0.5157735510314368,0.04645586949079595,0.9993801116943359
7294,4263,occlusion_1,0.0910647267427964,0.02487173705146863,0.9990772008895874
7295,1521,occlusion_1,0.0356121849682596,0.03505895817997279,0.9993463158607483
7296,1006,occlusion_1,0.04310431235875839,0.02404942879310021,0.9995046854019165
7297,2099,occlusion_1,0.23809257323751454,0.2578743198352707,0.996834933757782
7298,4293,occlusion_1,0.00791654075895037,0.10147353282996587,0.9996528625488281
7299,436,occlusion_1,0.016970463670217074,0.0131243673654703,0.9996432065963745
7300,368,occlusion_1,0.4099393819347218,0.03796746656298637,0.9954442977905273
7301,3335,occlusion_1,0.1831755314487964,0.0875746626406908,0.9978650212287903
7302,3450,occlusion_1,0.08133857679921527,0.1908167427795571,0.9942594766616821
7303,939,occlusion_1,0.13296885112975979,0.01121708136665952,0.999417781829834
7304,3596,occlusion_1,0.2759064056011452,0.13447972862644397,0.9962910413742065
7305,4027,occlusion_1,0.01676531384388606,0.011056856562693914,0.9996507167816162
7306,4056,occlusion_1,0.007323624794943291,0.007369276724363628,0.9996144771575928
7307,3946,occlusion_1,0.2473141834948604,0.017200373374579244,0.9989486336708069
7308,1429,occlusion_1,0.08177030669190945,-0.054925730595221885,0.9057272672653198
7309,3847,occlusion_1,0.410708764449079,0.06842034516182352,0.9982719421386719
7310,1195,occlusion_1,0.0031617530170948275,0.2061007610492168,0.8628044128417969
7311,1003,occlusion_1,0.5139677448392804,-0.004637464213727125,0.9442935585975647
7312,1465,occlusion_1,0.020054507586691115,0.0626060853815741,0.9991002082824707
7313,2308,occlusion_1,0.9974731005779685,0.023079538154740665,0.9993336796760559
7314,250,occlusion_1,0.771644608657031,0.026200410278720988,0.9314371943473816
7315,1579,occlusion_1,0.08089248381736802,0.10613374048616828,0.9951466917991638
7316,3954,occlusion_1,0.0809421788814456,0.018929367841676224,0.9996585845947266
7317,1105,occlusion_1,0.20587918920597684,0.11012943734725317,0.9887095093727112
7318,3569,occlusion_1,0.18458383203156897,0.07461050354145668,0.984534502029419
7319,3943,occlusion_1,0.12018701892632705,0.021731664163944047,0.9588570594787598
7320,1610,occlusion_1,0.1188584747837811,0.04458897887933545,0.9991377592086792
7321,3003,occlusion_1,0.003952762990627649,0.11524050447316665,0.9996428489685059
7322,2100,occlusion_1,0.11591039112571513,0.2366333030672236,0.9992386102676392
7323,403,occlusion_1,0.20671025646681135,0.015391997315666893,0.9877170920372009
7324,2746,occlusion_1,0.3805454921119077,0.1721241312182468,0.9425838589668274
7325,4535,occlusion_1,0.021649445625061683,0.1753377765417099,0.9988791346549988
7326,1022,occlusion_1,0.019657660275697708,0.10333044547587633,0.9993900060653687
7327,1764,occlusion_1,0.0266257646597094,0.4674620467331907,0.9988139867782593
7328,2231,occlusion_1,0.022241102531552315,0.07616387470625341,0.9986382126808167
7329,3830,occlusion_1,0.14473065063357354,0.14634057110524737,0.9993945360183716
7330,3357,occlusion_1,0.0151361197960086,0.04054954357263518,0.9995301961898804
7331,1154,occlusion_1,0.021480952345189593,0.03457227810507729,0.9990899562835693
7332,4461,occlusion_1,0.010157644748687744,0.05221241834212323,0.9996380805969238
7333,4356,occlusion_1,0.502133032265941,0.15554077769903576,0.9852369427680969
7334,1788,occlusion_1,0.3468748709491017,-0.0911135127653881,0.8353526592254639
7335,813,occlusion_1,0.33984912238601184,0.06963598904096419,0.990988552570343
7336,344,occlusion_1,0.11903558712866572,0.09878686153226429,0.9980541467666626
7337,1353,occlusion_1,0.3904954389461478,-0.0006158863720686539,0.9471147060394287
7338,3951,occlusion_1,0.010290723674151361,0.003203909007870421,0.9996528625488281
7339,2427,occlusion_1,0.017189156441461472,0.02813715736071269,0.9986635446548462
7340,3287,occlusion_1,0.3114343339370357,0.11633598204288217,0.9768236875534058
7341,1226,occlusion_1,0.023753925067622486,0.0798985718823288,0.9993801116943359
7342,1678,occlusion_1,0.3296781772037204,0.03068404835768235,0.9987406134605408
7343,2941,occlusion_1,0.03474984663288768,0.0068464395476550595,0.9994339346885681
7344,1740,occlusion_1,0.01386891632545285,0.011232400812753817,0.999609649181366
7345,168,occlusion_1,0.687735432902859,0.04316021976145831,0.9939910769462585
7346,4577,occlusion_1,0.07289745113471659,0.08711755881085992,0.9986741542816162
7347,1363,occlusion_1,0.05157818181469338,0.038417492310206094,0.9993069171905518
7348,853,occlusion_1,0.11897938579320907,0.03587860494852066,0.9991099238395691
7349,387,occlusion_1,0.0822482694889985,0.081914911192714,0.9993614554405212
7350,3356,occlusion_1,0.044918601356801535,0.08417141614925294,0.9985538125038147
7351,3746,occlusion_1,0.23699562577530742,0.20850935471103046,0.9982921481132507
7352,3411,occlusion_1,0.08753107984860738,0.011893871502998548,0.9996423721313477
7353,880,occlusion_1,0.17131355575596294,0.07056893009333483,0.996950089931488
7354,3464,occlusion_1,0.11593552585691214,0.019269533765812714,0.9989995360374451
7355,1034,occlusion_1,0.007276961538526747,0.026343087355295818,0.9996495246887207
7356,3564,occlusion_1,0.0958105744286017,0.22323382009159434,0.9990552067756653
7357,84,occlusion_1,0.02175282399085435,0.06534016420218078,0.9993891716003418
7358,3903,occlusion_1,0.12323091934538549,0.1829321667448514,0.9993959665298462
7359,1772,occlusion_1,-0.006894405724273788,0.06690230128717506,0.9169833660125732
7360,42,occlusion_1,0.10208107802000913,0.0703299655155702,0.9977256655693054
7361,4097,occlusion_1,0.4540062933836294,0.11031879776197931,0.9840864539146423
7362,2943,occlusion_1,0.7205123681073579,0.036362215876579285,0.9993330836296082
7363,4262,occlusion_1,0.16107182297855616,0.046944559165617315,0.9988723397254944
7364,3099,occlusion_1,-0.003185819854922089,-0.013781917533157644,0.0013185561401769519
7365,3982,occlusion_1,0.616622619822594,0.31394963597384407,0.9891585111618042
7366,3797,occlusion_1,0.5443120015571352,0.3941478622107782,0.6892267465591431
7367,1730,occlusion_1,0.3644249066710472,0.029617336324670097,0.9928592443466187
7368,2616,occlusion_1,0.00680521287416157,0.37311090421127646,0.9981910586357117
7369,476,occlusion_1,0.11123913173358162,0.0351231386280292,0.9993278980255127
7370,1489,occlusion_1,0.0215630212968046,0.10571499182419343,0.9983879327774048
7371,2295,occlusion_1,0.5639634661194755,0.04459271570894777,0.9973560571670532
7372,468,occlusion_1,0.3951385324386744,0.22312895295908675,0.9978876709938049
7373,3608,occlusion_1,-0.18090106072750958,0.022199063138528305,0.7348155379295349
7374,4098,occlusion_1,0.0724426442530097,0.1067827045917511,0.9970888495445251
7375,1874,occlusion_1,0.1737088119345052,0.022378309674206235,0.9993833303451538
7376,290,occlusion_1,0.07961307046088305,0.0796161196787249,0.998149037361145
7377,383,occlusion_1,0.04891819793444414,0.006345532261408293,0.9996250867843628
7378,3175,occlusion_1,0.2862811945815338,0.04889485966414213,0.999037504196167
7379,4501,occlusion_1,0.04654451902827312,-0.0635479223946559,0.15053939819335938
7380,3622,occlusion_1,0.28849132439063396,0.23955953970462793,0.402948260307312
7381,2034,occlusion_1,0.01004597375977714,0.16023081161503522,0.9970018267631531
7382,363,occlusion_1,0.787948830741119,0.30630611130883073,0.9820668697357178
7383,3374,occlusion_1,0.07199440940338023,0.17470760862616933,0.9983819723129272
7384,1640,occlusion_1,0.1952229233155417,0.10127646735934324,0.998847484588623
7385,1448,occlusion_1,0.3212601328268647,0.03403005940896092,0.9979586601257324
7386,957,occlusion_1,0.21704352289438247,0.16081258215010166,0.9979537725448608
7387,4028,occlusion_1,0.4642020307884023,0.07422327751142753,0.9971436858177185
7388,3583,occlusion_1,0.3118458829489292,0.02464969711084115,0.9983096122741699
7389,3657,occlusion_1,0.5189773482456803,0.04914879739284515,0.9975359439849854
7390,4436,occlusion_1,0.09040787369012833,0.13126184702333477,0.9979088306427002
7391,3203,occlusion_1,0.8679679815014381,0.08972618728876114,0.981618344783783
7392,3487,occlusion_1,0.27880669783714207,0.11780414262483287,0.9909029603004456
7393,4109,occlusion_1,0.7997013664446838,0.18698861077427864,0.8144953846931458
7394,197,occlusion_1,0.013782862497835743,0.02738024020681576,0.9995786547660828
7395,3854,occlusion_1,0.04581824184528419,0.20744646654375606,0.9994069337844849
7396,2128,occlusion_1,0.092244104703977,0.06863372285096418,0.9993576407432556
7397,2884,occlusion_1,0.020079601044748343,0.027498647278430415,0.9996544122695923
7398,213,occlusion_1,0.08684502389966225,0.2421003127546639,0.9946565628051758
7399,2214,occlusion_1,-0.0024120402278542214,-0.0016218084174151708,0.00034314801450818777
7400,3161,occlusion_1,0.006893345495549644,0.007462239846950624,0.9996615648269653
7401,907,occlusion_1,0.22698829243274624,0.11589055389677193,0.9993670582771301
7402,2498,occlusion_1,0.20033173440024257,0.023840067628771066,0.9993485808372498
7403,2197,occlusion_1,0.09263334924784991,0.044483201434979074,0.9991539716720581
7404,1493,occlusion_1,0.3705997324830284,0.07617893179549891,0.9939420819282532
7405,176,occlusion_1,0.05756163767405919,0.08530815477882113,0.996566116809845
7406,3451,occlusion_1,0.01742072358275905,0.015070602749333237,0.9996602535247803
7407,2551,occlusion_1,0.0908335420702185,0.09742235006498438,0.9991881251335144
7408,1829,occlusion_1,0.022151724858717484,0.009229112755168568,0.9996594190597534
7409,4525,occlusion_1,0.0383209899371984,0.07889584391092767,0.9990888833999634
7410,47,occlusion_1,0.21066764238126137,0.1295053264966198,0.9993900060653687
7411,2650,occlusion_1,0.012957186358315604,0.00561751127243042,0.9996182918548584
7412,139,occlusion_1,0.1417825533585115,0.36334339292741125,0.9877253174781799
7413,2922,occlusion_1,0.018036578866568478,0.03561442941427231,0.9993960857391357
7414,3642,occlusion_1,0.17763334335759282,0.04717393154278397,0.99886155128479
7415,3719,occlusion_1,0.5046094762264854,0.04256206237607532,0.9993595480918884
7416,3053,occlusion_1,0.16313187481835484,0.24176746904850005,0.9956526756286621
7417,1889,occlusion_1,0.2437069083699546,0.11128367944375465,0.9871044158935547
7418,1470,occlusion_1,0.012429295401824149,0.009754162085683723,0.9996492862701416
7419,4096,occlusion_1,0.3607049396995342,0.03876991998968703,0.9635717272758484
7420,2293,occlusion_1,0.034417210555658106,0.005949437618255615,0.999536395072937
7421,251,occlusion_1,0.4358833352724711,0.208382178703323,0.9791962504386902
7422,4358,occlusion_1,0.11648133210837841,0.10150308583093726,0.9963322281837463
7423,2791,occlusion_1,0.05461395811289549,0.186013433112142,0.9991394281387329
7424,3028,occlusion_1,0.0976864577167564,0.021378360523117913,0.999372661113739
7425,215,occlusion_1,0.01962706964948903,0.06015083258566649,0.9996404647827148
7426,2298,occlusion_1,0.152118498038908,0.27479874011933136,0.9995597004890442
7427,1533,occlusion_1,0.24712677608185912,0.0008470592647790908,0.8608108758926392
7428,2852,occlusion_1,0.1908843402945718,0.022122202917586927,0.9964511394500732
7429,933,occlusion_1,0.057183543841044106,0.02570000361828577,0.9996296167373657
7430,2679,occlusion_1,0.09796923026442528,0.1268327094614506,0.9928038716316223
7431,3072,occlusion_1,0.02385542955663469,0.016779184341430664,0.9995871186256409
7432,1681,occlusion_1,0.21356836376473942,0.05836700197269625,0.9922989010810852
7433,914,occlusion_1,0.12489697171915923,0.06234991466326098,0.9993832111358643
7434,2306,occlusion_1,0.01913480010143546,0.006213993527168451,0.9996342658996582
7435,3841,occlusion_1,0.013136537451493112,0.030469737554851332,0.9996579885482788
7436,3570,occlusion_1,0.05309560985276193,0.2533355059779503,0.9994775652885437
7437,2211,occlusion_1,0.6626039378690731,0.22573417673508325,0.9144052863121033
7438,2857,occlusion_1,0.04410802932062115,-0.04966621437611488,0.08441520482301712
7439,1766,occlusion_1,0.1630554024706639,0.18382566447724544,0.9989136457443237
7440,498,occlusion_1,-0.026337276302999067,-0.2796649223854465,0.03272458165884018
7441,2230,occlusion_1,0.1751669807890721,0.038758165358255305,0.9991729855537415
7442,884,occlusion_1,0.5623979179099912,0.07275540720937508,0.8953685760498047
7443,3275,occlusion_1,0.08015083275420372,0.188440871424973,0.984022319316864
7444,1991,occlusion_1,0.01641692320505778,0.008541278044382731,0.9995319843292236
7445,3426,occlusion_1,0.40143196161106637,-0.1262415041457172,0.43727901577949524
7446,566,occlusion_1,0.11638175686066216,0.15550659289835272,0.9991306662559509
7447,3457,occlusion_1,0.05521295371430891,0.14471639790227292,0.9992411136627197
7448,2792,occlusion_1,0.315525688037054,0.04865507212552157,0.9982607960700989
7449,4095,occlusion_1,0.34325880829531413,0.07328137741065942,0.9991433620452881
7450,2257,occlusion_1,0.09856852144002914,0.04696449284490786,0.99796462059021
7451,4129,occlusion_1,-0.5458729499152728,-0.03567266208784921,0.2853385806083679
7452,1606,occlusion_1,0.03302465130885442,0.05972149595618248,0.9987717270851135
7453,439,occlusion_1,0.017192944884300232,0.02991635352373123,0.9994128942489624
7454,2737,occlusion_1,0.22954648555169116,0.09262960944324732,0.9952542781829834
7455,2008,occlusion_1,0.03785716378411581,0.13664538222689962,0.9962452054023743
7456,3731,occlusion_1,0.7979848165996373,0.017588272366834724,0.9105895757675171
7457,3519,occlusion_1,0.1210366593713456,0.05672857609200985,0.999151349067688
7458,2678,occlusion_1,0.19244140723300085,0.005876748458198879,0.9996376037597656
7459,4561,occlusion_1,0.05499385843674342,0.16982218471045296,0.999054491519928
7460,3617,occlusion_1,0.8261211322419144,0.05578053624344033,0.9285452961921692
7461,1998,occlusion_1,0.13210765393997656,0.22061678913958144,0.46868228912353516
7462,1121,occlusion_1,0.32498209788040683,0.0404840890656818,0.9907028675079346
7463,2601,occlusion_1,0.04996487904678692,0.026829677549275486,0.999442994594574
7464,1261,occlusion_1,0.01984192622013581,0.058814055644548856,0.9995797276496887
7465,2275,occlusion_1,-0.34387751407921313,0.054985831206431614,0.3498845398426056
7466,2611,occlusion_1,0.007761919498443603,0.006911054253578186,0.9996684789657593
7467,844,occlusion_1,0.08048070318275882,0.1357205200099176,0.9836716055870056
7468,4265,occlusion_1,0.6381621212577042,0.05509420775848886,0.9942941069602966
7469,27,occlusion_1,0.07561558211112723,0.02256594386463072,0.9994039535522461
7470,229,occlusion_1,0.24687798100902,0.10279176533222198,0.970146656036377
7471,862,occlusion_1,0.07493684881112793,0.03482614457607269,0.9995015859603882
7472,3155,occlusion_1,0.4750015798448051,0.0708528307150118,0.999586284160614
7473,4039,occlusion_1,0.5079815079225227,0.03792434997856617,0.9984656572341919
7474,183,occlusion_1,-0.5646881324196742,-0.25620217790657823,0.0993981808423996
7475,2360,occlusion_1,0.014311077133301766,0.015677313650808027,0.997113823890686
7476,2348,occlusion_1,0.5236227138983932,0.04056427052075213,0.9985082745552063
7477,238,occlusion_1,0.06972076224558281,0.05827826698959777,0.9985505938529968
7478,3180,occlusion_1,0.052220949601079966,0.025758460667487736,0.9993637204170227
7479,2581,occlusion_1,0.6807497641088308,0.03262049452002559,0.9118098616600037
7480,1567,occlusion_1,0.03719176910817623,0.09444433820177577,0.9991853833198547
7481,2925,occlusion_1,0.033698378751675286,0.025711152081688244,0.9996145963668823
7482,523,occlusion_1,0.15045351907610893,0.040046997368335724,0.9991225600242615
7483,1035,occlusion_1,0.36109551364505615,0.0782744325697422,0.9930290579795837
7484,2402,occlusion_1,0.008035257939369447,0.008953671301564863,0.9987123012542725
7485,2312,occlusion_1,0.5294628592156287,0.1674785321423163,0.9987609386444092
7486,1225,occlusion_1,0.23694965286413208,0.11389489309862257,0.9988546371459961
7487,2069,occlusion_1,0.006719676347879263,0.035601839423179626,0.9994785189628601
7488,423,occlusion_1,0.21608477001163093,0.1456628805873069,0.9992967844009399
7489,4427,occlusion_1,0.0945377517491579,0.08690680916372098,0.9952455163002014
7490,1174,occlusion_1,0.15049591124421213,0.06038167491191771,0.9901217818260193
7491,1490,occlusion_1,0.006804168224334717,0.05840815197337757,0.9996395111083984
7492,2020,occlusion_1,0.2278122944249348,0.06911797245795076,0.9984564781188965
7493,1837,occlusion_1,-0.3210069484632752,-0.020440223947411677,0.33833006024360657
7494,3730,occlusion_1,0.11204878931365363,0.04477976844078157,0.9989099502563477
7495,1586,occlusion_1,0.06175460460338187,0.04071143332948076,0.9996424913406372
7496,3595,occlusion_1,0.05142896426351447,0.10438179474716124,0.9993891716003418
7497,2622,occlusion_1,0.16871501736217973,0.04631535699818193,0.9994051456451416
7498,2173,occlusion_1,0.011311943714435283,0.012253394493689904,0.9995648264884949
7499,2153,occlusion_1,0.036665005886808356,0.040186608725405755,0.9987844824790955
7500,1139,occlusion_1,0.28586150377634023,0.25835524898554596,0.9982008934020996
7501,4101,occlusion_1,0.5381332085600921,0.08241888965879168,0.9991216063499451
7502,4005,occlusion_1,0.33197672044237453,0.3213943551397986,0.9704930186271667
7503,1530,occlusion_1,0.14888462985343323,0.023278007056654955,0.9993129968643188
7504,4259,occlusion_1,0.10918664308013143,0.18277226588562936,0.9887791872024536
7505,2175,occlusion_1,0.1270933796631846,0.005610293530403299,0.9996013045310974
7506,1016,occlusion_1,0.14846118323264584,0.027048389277150555,0.9991195797920227
7507,1575,occlusion_1,0.12452398342829124,0.3007658462533179,0.9941682815551758
7508,1333,occlusion_1,0.37830832272514026,0.029712411659685047,0.9992026686668396
7509,1380,occlusion_1,0.7341610480427996,0.09706528425555337,0.9962151646614075
7510,1428,occlusion_1,0.4550466270131223,0.06520238523508477,0.9597755074501038
7511,2027,occlusion_1,0.1859103863557371,0.1634302084119274,0.9940024018287659
7512,1039,occlusion_1,0.09505113273859024,0.034402796402573585,0.9993093013763428
7513,22,occlusion_1,0.6451861517893713,0.027382757168176564,0.9989134073257446
7514,1276,occlusion_1,0.007207408547401428,0.013656184077262878,0.9990806579589844
7515,1367,occlusion_1,0.21163762274176576,0.06465958845585065,0.9825390577316284
7516,147,occlusion_1,0.1143570254955973,0.034601639956235886,0.9974302649497986
7517,3226,occlusion_1,0.26408273604115323,0.12240011843473271,0.999040424823761
7518,4586,occlusion_1,0.09660123709228731,0.10938270026517491,0.9990293979644775
7519,2301,occlusion_1,0.2666952162823182,0.04492899661852141,0.9640269875526428
7520,2466,occlusion_1,0.01843126550797493,0.01961659039220502,0.9996640682220459
7521,2876,occlusion_1,0.7033532719379321,0.12725624900597793,0.9597526788711548
7522,2213,occlusion_1,-0.017878323517733306,-0.0024639178581209206,0.000202023729798384
7523,2261,occlusion_1,0.3061471315200973,0.05559672329288263,0.9993762373924255
7524,1956,occlusion_1,0.01548039802053774,-0.014673812918111005,0.04006252810359001
7525,2369,occlusion_1,0.590597715070273,0.0457195354268906,0.9902411699295044
7526,190,occlusion_1,0.31426971920558977,0.053037113406591944,0.9993892908096313
7527,1834,occlusion_1,0.6146352256719883,0.06379295415603198,0.9939466118812561
7528,2393,occlusion_1,0.2793676602240238,0.22413783236212717,0.9182735681533813
7529,282,occlusion_1,0.0020729005336761475,0.03182443668102396,0.9995655417442322
7530,1916,occlusion_1,0.20721033622976393,0.07041508925613016,0.998993456363678
7531,4527,occlusion_1,0.2641997246651694,0.02487374097108841,0.9987443685531616
7532,1324,occlusion_1,0.42127554051769084,0.0911020112152283,0.9988691210746765
7533,3576,occlusion_1,0.07627654146101023,0.06154318868711188,0.9993870258331299
7534,4029,occlusion_1,0.8258643781117562,0.09933081755955372,0.9975489974021912
7535,1683,occlusion_1,0.6434239959141806,0.153247404873938,0.9990891218185425
7536,4353,occlusion_1,0.002458427782829215,-0.03500154319506071,0.5951279997825623
7537,273,occlusion_1,-0.6189384763509187,-0.008022580443102181,0.004147555213421583
7538,1970,occlusion_1,0.03911765346472913,0.21493281403725797,0.9986754059791565
7539,903,occlusion_1,0.16411574362289338,0.02425706262389819,0.9416317343711853
7540,3599,occlusion_1,0.11717185101543481,0.04347449592672861,0.9990440011024475
7541,2499,occlusion_1,0.33271419651806355,0.19715581312775612,0.7935299277305603
7542,3514,occlusion_1,0.38868446209285734,0.042295883814601795,0.9993149042129517
7543,2991,occlusion_1,0.46844773029653497,0.2224376887652876,0.9989377856254578
7544,3705,occlusion_1,0.4470594662823714,0.07094672657549381,0.9988238215446472
7545,2014,occlusion_1,0.005639450347169917,0.009215926870386651,0.9996583461761475
7546,257,occlusion_1,0.6769882014185121,0.18708628940361519,0.9950889945030212
7547,3721,occlusion_1,0.056443288678028544,0.00419960940470461,0.9996111989021301
7548,2368,occlusion_1,0.015930553277333576,0.013014660941229926,0.999622106552124
7549,3689,occlusion_1,0.02212675708405515,0.019076966224832737,0.9996510744094849
7550,2574,occlusion_1,0.008403455669229681,0.03739978689135927,0.9995563626289368
7551,4260,occlusion_1,0.09210508687696843,0.30704521701078524,0.922892689704895
7552,517,occlusion_1,0.22333008473018004,-0.018512006728879867,0.9671018719673157
7553,3170,occlusion_1,-0.036073700759270404,-0.18725533073616996,0.012250982224941254
7554,3201,occlusion_1,0.6096342834457755,0.03633372962474823,0.997749388217926
7555,3194,occlusion_1,0.12978755856823662,0.03237035384644633,0.8306804895401001
7556,3897,occlusion_1,0.07477044314146042,0.044054131023585796,0.9989411234855652
7557,858,occlusion_1,0.8207489564410935,0.029935239115729928,0.9929360747337341
7558,19,occlusion_1,0.2908026688490753,-0.04814056569227466,0.632340669631958
7559,699,occlusion_1,0.06319594935134605,0.009600067580187763,0.9980823993682861
7560,575,occlusion_1,0.014775541921456655,0.004402283579111099,0.9996497631072998
7561,1646,occlusion_1,0.04138647993316963,0.006349966639564151,0.9989633560180664
7562,3623,occlusion_1,0.02350047048999042,0.04915874860272175,0.9993762373924255
7563,599,occlusion_1,0.6290525206597521,0.1572327938161834,0.9796587228775024
7564,2894,occlusion_1,0.006072195370992025,0.01039979722764757,0.9996252059936523
7565,305,occlusion_1,0.7667374442845477,0.08544810924608752,0.9989272952079773
7566,3433,occlusion_1,0.1502982810983118,0.015933240359684207,0.9994997978210449
7567,3826,occlusion_1,0.5350133162405756,0.2006472071011861,0.8962622880935669
7568,1350,occlusion_1,0.5178282576243338,0.028161764473599547,0.9993466734886169
7569,2129,occlusion_1,0.45277367337522184,0.08932935616460534,0.999143123626709
7570,1422,occlusion_1,0.3158365823328495,0.046948103528273735,0.9969171285629272
7571,3819,occlusion_1,0.3721388271925124,0.022086036306890575,0.9985499978065491
7572,1527,occlusion_1,0.010999456644058228,0.010119155645370484,0.9996610879898071
7573,1087,occlusion_1,0.013122797012329102,0.006729065017266707,0.9996534585952759
7574,1484,occlusion_1,0.16353776678442955,0.02455568640697293,0.9934612512588501
7575,3513,occlusion_1,0.26827352953314404,0.07225596988573671,0.9972319006919861
7576,3361,occlusion_1,0.02705542114045885,0.028835018475850422,0.9984989166259766
7577,1323,occlusion_1,0.8400239947409621,0.07873869190613429,0.8490097522735596
7578,1553,occlusion_1,0.32513701348077684,0.06758201477073487,0.9981650710105896
7579,3687,occlusion_1,0.002773384962763105,0.004468487841742379,0.999544084072113
7580,4368,occlusion_1,0.057815063143930125,0.06242075616553906,0.9993839263916016
7581,3165,occlusion_1,0.16963065745632933,0.1566594650351402,0.9991828799247742
7582,1309,occlusion_1,0.6697989561150528,0.10277935825147186,0.9990371465682983
7583,2983,occlusion_1,0.10011629492808612,0.14438582737094316,0.998909592628479
7584,3378,occlusion_1,0.4277504523181253,0.03451398525525023,0.9752357006072998
7585,345,occlusion_1,0.48567210463174293,0.004896521730267484,0.6180360913276672
7586,1086,occlusion_1,0.5726262006428442,0.16874788217246534,0.999163031578064
7587,923,occlusion_1,0.06066036249200503,0.22778434151162705,0.9990264177322388
7588,1571,occlusion_1,0.008043056353926659,0.010312607511878014,0.9995949864387512
7589,842,occlusion_1,0.4456136081776373,0.12271851360113645,0.94442218542099
7590,2165,occlusion_1,0.898851244873815,0.05952194290092358,0.9938048124313354
7591,608,occlusion_1,0.10450034669559935,0.3456926091176169,0.9991636276245117
7592,285,occlusion_1,0.07679413455877114,0.27149850817989896,0.9989277720451355
7593,2009,occlusion_1,0.24246207997202873,0.021863937039266933,0.9982799291610718
7594,807,occlusion_1,0.2818465600180071,0.005593085011770559,0.9985068440437317
7595,4511,occlusion_1,0.11673794966191053,0.03801930695772171,0.9992815852165222
7596,2495,occlusion_1,0.20180573577389999,0.03176771396515416,0.9993853569030762
7597,405,occlusion_1,0.1698033849385624,0.18153350068997515,0.9992332458496094
7598,218,occlusion_1,0.36518893234672084,0.0516498893980057,0.9968808889389038
7599,1976,occlusion_1,0.15716768971511297,0.09874782817704338,0.9981683492660522
7600,4040,occlusion_1,0.36123925662303175,-0.036126432093707,0.841234028339386
7601,2461,occlusion_1,0.08491962527235349,0.22676776730540124,0.999382734298706
7602,2095,occlusion_1,0.21484679321073136,0.10282724027363759,0.9986758828163147
7603,327,occlusion_1,0.3967451689764857,0.14219550117850305,0.5409786105155945
7604,2957,occlusion_1,0.3956283930337877,0.03350139731320284,0.9883548021316528
7605,1778,occlusion_1,0.31358853572358686,0.27972999904159224,0.9987016916275024
7606,688,occlusion_1,0.717240874392864,0.024288035738162506,0.9988686442375183
7607,393,occlusion_1,0.11604957501866664,0.40087308726297355,0.763340413570404
7608,3495,occlusion_1,0.11781693643556451,0.09578299466169106,0.9989851117134094
7609,2741,occlusion_1,0.020858646572931953,0.08574149919592816,0.9993811845779419
7610,3105,occlusion_1,0.5844385291490218,0.10264409122907597,0.8594332337379456
7611,3579,occlusion_1,0.22047190027577537,0.1114108991410051,0.9866344928741455
7612,4460,occlusion_1,0.1490542508186178,0.018010548454649906,0.9910475611686707
7613,1491,occlusion_1,0.04984479632816816,0.04721727026136298,0.9995924830436707
7614,882,occlusion_1,0.3231752576927344,0.04901740327477455,0.9961193799972534
7615,2085,occlusion_1,0.7856831211872675,0.034058618600721714,0.9988679885864258
7616,1769,occlusion_1,0.30680649467678955,0.08995339339382427,0.9970420002937317
7617,3177,occlusion_1,0.15952251399202005,0.01150141486099788,0.9704149961471558
7618,3766,occlusion_1,0.09284981684042858,0.07293644485374291,0.9971404075622559
7619,2049,occlusion_1,0.03154862183146179,0.2805420782533474,0.9991164803504944
7620,794,occlusion_1,0.059359251775524834,0.143994352880823,0.9996032118797302
7621,1617,occlusion_1,0.3657403542763657,0.036851296873970166,0.998904824256897
7622,21,occlusion_1,0.12126276897335495,0.019133188865251012,0.9993841648101807
7623,2626,occlusion_1,0.01790424320432875,0.005318562189737956,0.9995206594467163
7624,2199,occlusion_1,-0.10418698473885242,0.019820583117608395,0.039611686021089554
7625,4578,occlusion_1,0.05141587412737785,0.10479674405081475,0.9995160102844238
7626,1535,occlusion_1,0.8192265994870906,0.09000582363584946,0.998128354549408
7627,1012,occlusion_1,0.3953241299604997,0.1104373843409121,0.8239738345146179
7628,3302,occlusion_1,0.06343172252178192,0.1671943486481905,0.9989655017852783
7629,3059,occlusion_1,0.32634369913527433,0.2257662046700716,0.9987943172454834
7630,1172,occlusion_1,0.03264917568726973,0.0076244785027070475,0.9996435642242432
7631,3322,occlusion_1,0.04192414154347621,0.07734700427145551,0.9941058158874512
7632,3232,occlusion_1,0.7593342542637732,0.08858434161679311,0.9047036170959473
7633,3859,occlusion_1,0.100827517417761,0.030177218791766044,0.9996185302734375
7634,1015,occlusion_1,0.11139752245833014,0.031279846765967304,0.9992378950119019
7635,1364,occlusion_1,0.09943589179412178,0.0063718207504438315,0.9995948672294617
7636,2757,occlusion_1,0.014828250214860245,0.0055134973010501345,0.9983596205711365
7637,182,occlusion_1,0.8175335776271394,0.017355298294740563,0.9991540908813477
7638,1107,occlusion_1,0.02692337058208607,0.14174730579058328,0.9995881915092468
7639,188,occlusion_1,0.12978500968643597,0.036608295781271796,0.867632269859314
7640,2990,occlusion_1,0.33364398349173524,0.0532719853023688,0.9552038908004761
7641,2951,occlusion_1,0.5302828371683669,0.10880226890246074,0.9824032783508301
7642,3539,occlusion_1,0.018768558135399453,0.011828248317425068,0.9996664524078369
7643,3473,occlusion_1,0.15054854882570604,0.04567980642120043,0.9990646243095398
7644,1655,occlusion_1,0.047191160366587014,0.0747381204172321,0.9905045628547668
7645,3422,occlusion_1,0.14067264962131562,0.033338461719129395,0.9972403049468994
7646,4077,occlusion_1,0.15472450707016921,0.06007294683921628,0.9940881729125977
7647,3015,occlusion_1,0.008017215036576795,0.013486981391906738,0.998708963394165
7648,2713,occlusion_1,0.2168177870603708,0.023117957206872795,0.9995044469833374
7649,3397,occlusion_1,0.06341264614875013,0.03685604622389408,0.9989211559295654
7650,1266,occlusion_1,0.2711904362021458,0.0186089485706318,0.9979817867279053
7651,1623,occlusion_1,0.03780882893345104,0.1627877174088588,0.9991612434387207
7652,3358,occlusion_1,0.27678172671723933,0.0683978893128889,0.9993563294410706
7653,373,occlusion_1,0.013966642320156097,0.21059091622009873,0.9982847571372986
7654,2026,occlusion_1,0.022315516736772324,0.049672870503531565,0.9989233613014221
7655,1524,occlusion_1,0.2949621310600868,0.09110684005113748,0.999204695224762
7656,422,occlusion_1,0.17417627856844947,0.2837541267453205,0.9925078749656677
7657,3169,occlusion_1,0.008023151580025168,0.00791997418684118,0.9977535605430603
7658,3650,occlusion_1,0.20713921723389914,0.02071008032018488,0.9994427561759949
7659,3800,occlusion_1,0.3771717745434255,0.09470363682571878,0.9711559414863586
7660,1120,occlusion_1,0.10581969005881615,0.038244625448055986,0.9991294741630554
7661,2249,occlusion_1,0.039597617765498715,0.06116074055086735,0.9993816614151001
7662,4043,occlusion_1,0.016092339227365894,0.028748210086378942,0.9996614456176758
7663,616,occlusion_1,0.06259334858121543,0.11012603483837226,0.9961885809898376
7664,2691,occlusion_1,0.2505399390073443,0.08434427252693756,0.9967065453529358
7665,2043,occlusion_1,0.14440105419739016,0.11760614145324715,0.9938713312149048
7666,3188,occlusion_1,0.4128878216072917,0.019576078802347182,0.9944091439247131
7667,2835,occlusion_1,0.15376303914504555,0.0209754784949697,0.9991340041160583
7668,4211,occlusion_1,0.014831988016764323,0.016385912895202637,0.9993029832839966
7669,917,occlusion_1,0.1637199537071865,0.08058298646938056,0.9877347350120544
7670,4100,occlusion_1,0.12873784535461003,0.08076849795050091,0.9991710186004639
7671,1162,occlusion_1,0.16849126257910962,0.16675589626609552,0.99937504529953
7672,3716,occlusion_1,0.09350631004849146,0.030650718960651132,0.9991697072982788
7673,1248,occlusion_1,0.013709345968758188,0.012287385580016345,0.9996421337127686
7674,828,occlusion_1,0.059330084222428345,0.021890103182894118,0.999652624130249
7675,2243,occlusion_1,-0.03926176116088285,0.00885873038937608,0.02451511286199093
7676,2902,occlusion_1,0.05115004762444856,0.12398547195952456,0.9986756443977356
7677,337,occlusion_1,0.3521670531003903,0.23496246992204434,0.9972852468490601
7678,2351,occlusion_1,0.05985712617635727,0.07694705918431283,0.9993780851364136
7679,1959,occlusion_1,0.1544836090877652,0.3183347454527393,0.995726466178894
7680,3431,occlusion_1,-0.11410652959239087,-0.14866653946228325,0.10540931671857834
7681,4374,occlusion_1,0.2118526914594125,0.18479265082551508,0.9985717535018921
7682,1102,occlusion_1,0.024964220596082283,0.06026191783673836,0.9996216297149658
7683,1246,occlusion_1,0.01833392235270718,0.015365439548827055,0.9996531009674072
7684,1176,occlusion_1,0.3014220853449337,0.056941534578800204,0.9989305138587952
7685,4579,occlusion_1,0.010545987553066677,0.008873909049563937,0.9996460676193237
7686,3195,occlusion_1,-0.2614850490285522,0.3012295658708728,0.5380821824073792
7687,2790,occlusion_1,0.04947546005249023,0.037640234529972075,0.997856080532074
7688,3877,occlusion_1,0.42172523951151,0.06789750851956862,0.9847211241722107
7689,93,occlusion_1,0.31005216892375503,0.022727361598680187,0.9966663718223572
7690,2795,occlusion_1,0.4954452112040206,0.07680316309671144,0.9456225037574768
7691,2317,occlusion_1,0.08218281988361427,0.06227418848059394,0.9903320670127869
7692,385,occlusion_1,0.05555155126102345,0.07390533022734584,0.9993897676467896
7693,913,occlusion_1,0.029218865502061264,0.05897244585282875,0.9993676543235779
7694,693,occlusion_1,0.16733886011772686,0.016014454541382967,0.9962208867073059
7695,3241,occlusion_1,0.1869094643741846,0.3492225558198697,0.9692100286483765
7696,2471,occlusion_1,0.0360618855576126,0.11048417804496628,0.9959734082221985
7697,311,occlusion_1,0.141949086256747,0.08401447928176736,0.9990488886833191
7698,334,occlusion_1,0.7498543102017995,0.0025340802264663407,0.9995749592781067
7699,861,occlusion_1,0.012429369820488824,0.011929325483463428,0.999603807926178
7700,1454,occlusion_1,0.21102046225213497,0.02635931223630905,0.9986516833305359
7701,2684,occlusion_1,0.31985850388597137,0.01670031615023343,0.9983585476875305
7702,1224,occlusion_1,0.9756827792490742,0.2454985349228786,0.9987661838531494
7703,2585,occlusion_1,0.016199380767588714,0.0818573285122307,0.9996428489685059
7704,708,occlusion_1,0.06516903598347436,0.03165891078179297,0.9990423321723938
7705,3141,occlusion_1,0.00668356988741004,0.030424717975699383,0.9996360540390015
7706,38,occlusion_1,0.2489520676855771,0.05112903551110681,0.9987980127334595
7707,2683,occlusion_1,0.41958969053812323,0.027068747114390133,0.9991934895515442
7708,935,occlusion_1,0.07265166094412609,0.3837715182786009,0.9993172883987427
7709,3339,occlusion_1,0.015607393306234608,0.032402141586593956,0.9996575117111206
7710,1325,occlusion_1,0.5471237910949344,0.025741059766259303,0.9985232949256897
7711,2120,occlusion_1,0.10844836675324569,-0.22965508867420403,0.19119592010974884
7712,470,occlusion_1,0.018814543580136647,0.1655586437299484,0.990198016166687
7713,3393,occlusion_1,0.2759831417855379,0.019196677852321316,0.999430239200592
7714,1942,occlusion_1,0.06213639676570892,0.013735735168059668,0.9994478821754456
7715,3371,occlusion_1,0.10686351917684078,0.134381712485467,0.9987943172454834
7716,1713,occlusion_1,0.17845044863086357,0.08334397750339755,0.6230827569961548
7717,160,occlusion_1,0.05112072772515768,0.025387823581695557,0.9995412826538086
7718,1192,occlusion_1,0.016255186498165132,0.10581590086221696,0.9996260404586792
7719,2161,occlusion_1,0.00905290970931182,0.011519237144573315,0.9995623230934143
7720,3925,occlusion_1,0.12264321445197356,0.04025005488122096,0.9971501231193542
7721,3619,occlusion_1,0.09671442317111152,0.19042797918830598,0.9700282216072083
7722,4209,occlusion_1,0.6004522631246334,0.0569980863757127,0.9316954016685486
7723,3524,occlusion_1,0.06093260435306508,0.13757281788908268,0.9987012147903442
7724,353,occlusion_1,0.10856521707408283,0.04985062671559198,0.9980803728103638
7725,2548,occlusion_1,0.35423224358168054,0.1598480077785401,0.9991563558578491
7726,4202,occlusion_1,0.012656513282230922,0.18326640525566681,0.9917930960655212
7727,1014,occlusion_1,0.11276127445426855,0.11040191619910977,0.9905891418457031
7728,1200,occlusion_1,0.03480593140782981,0.05135915343296425,0.9971856474876404
7729,4580,occlusion_1,0.004515613670702334,0.005908458321182816,0.9996461868286133
7730,3087,occlusion_1,0.13968999324632542,0.034139505055333884,0.9990992546081543
7731,1305,occlusion_1,0.1985412772046402,0.02345325509086251,0.998984158039093
7732,112,occlusion_1,0.023879701271653175,0.019444501027464867,0.9995773434638977
7733,1853,occlusion_1,0.1429869576611302,0.08918084246529774,0.9979832172393799
7734,4310,occlusion_1,0.4701541340207684,0.03378775126712267,0.9988314509391785
7735,3873,occlusion_1,0.03246877381676122,0.016040232620741193,0.9996566772460938
7736,4216,occlusion_1,0.2063419297337532,0.07386031639674362,0.9993083477020264
7737,14,occlusion_1,-0.14402415997841778,-0.09585735026527853,0.7737482786178589
7738,3915,occlusion_1,0.6318730145071251,0.1962753417865315,0.9990742206573486
7739,2387,occlusion_1,0.3460581592683281,0.06936981156468391,0.9984325766563416
7740,533,occlusion_1,0.5119466764195489,0.12162530018637578,0.6080431342124939
7741,3551,occlusion_1,0.0950920496002904,0.051938977159027545,0.9923055768013
7742,851,occlusion_1,0.1415585196492347,0.09355315068652006,0.9991269707679749
7743,1418,occlusion_1,0.2506398140991989,0.2618350421911792,0.8733924031257629
7744,3446,occlusion_1,0.38984710123875865,0.02223085676846297,0.998358428478241
7745,1318,occlusion_1,0.1960068641823124,0.06994090551002459,0.9967293739318848
7746,677,occlusion_1,0.007519493784223284,0.017067745753696986,0.9994944334030151
7747,3740,occlusion_1,0.0737664501182735,0.1336635321844369,0.9993976354598999
7748,1317,occlusion_1,0.7621423984938835,-0.03226862792841724,0.8506525158882141
7749,1072,occlusion_1,0.9922014393622521,0.025388081297278403,0.999428927898407
7750,4275,occlusion_1,-0.34500809088349343,-0.1137741110054776,0.3607975244522095
7751,655,occlusion_1,0.8767464464707982,-0.034711159251887225,0.9027310013771057
7752,3128,occlusion_1,0.5220111073335496,0.11761182910058557,0.9740851521492004
7753,3143,occlusion_1,0.008603686094284057,0.013271431128184,0.9995619654655457
7754,568,occlusion_1,0.7011941507458687,0.37902616993856747,0.9719793200492859
7755,1871,occlusion_1,0.0090078666806221,0.015359643101692199,0.9996623992919922
7756,3956,occlusion_1,0.05699330382049084,0.263760745848736,0.9993952512741089
7757,121,occlusion_1,0.23013851005401062,0.002506026199885777,0.9996229410171509
7758,3150,occlusion_1,0.4313979678503845,0.05319748762185159,0.9991140961647034
7759,587,occlusion_1,0.015465028775043977,0.026928704518538255,0.9996590614318848
7760,3061,occlusion_1,0.3594386648037471,0.03930338715412179,0.99899822473526
7761,3162,occlusion_1,0.03643513436394709,0.07542846976193013,0.9993732571601868
7762,1254,occlusion_1,0.0027264558499859224,0.002869570447552589,0.999588668346405
7763,2658,occlusion_1,0.11274430607544615,0.025051443025152734,0.9991675615310669
7764,163,occlusion_1,0.7820759911162706,0.008797531778162176,0.9969267249107361
7765,1322,occlusion_1,0.21216673164892552,0.01581350836291242,0.9988309741020203
7766,4249,occlusion_1,0.17930273332379082,0.3070092507479289,0.9448575377464294
7767,360,occlusion_1,0.24855211223926274,0.02206314835817583,0.9987766146659851
7768,1768,occlusion_1,0.1792956660238077,0.0074078193250692115,0.9953357577323914
7769,732,occlusion_1,0.846344689768739,0.046915683227901656,0.9988956451416016
7770,2671,occlusion_1,0.1963762547499661,0.2133131900657739,0.9971069693565369
7771,691,occlusion_1,-0.18262643241197676,-0.10075480521127984,0.3396788239479065
7772,79,occlusion_1,0.017920169289465302,0.01822380418026889,0.9992596507072449
7773,2776,occlusion_1,0.08235799351876433,0.04005057703364979,0.9976473450660706
7774,1053,occlusion_1,0.8670510435773644,0.08126460680482435,0.9929702877998352
7775,410,occlusion_1,0.1372033716914685,0.2517984719117777,0.9991416931152344
7776,4367,occlusion_1,0.268227142326179,0.16478768008805456,0.9851753115653992
7777,1667,occlusion_1,0.04904516637325287,0.06839112378656864,0.9980067610740662
7778,3349,occlusion_1,0.2312082139775157,0.2714722981876028,0.9923461675643921
7779,2672,occlusion_1,0.053263268687508324,0.1637257978771672,0.9995920062065125
7780,4038,occlusion_1,0.5549214439243153,0.03892775108256648,0.9987791180610657
7781,4552,occlusion_1,0.08848633617162704,0.12975871420520194,0.9967419505119324
7782,1542,occlusion_1,0.0932538314741485,0.010903071384040676,0.9995275735855103
7783,1336,occlusion_1,0.015837821305966844,0.02811125680512073,0.9993784427642822
7784,1519,occlusion_1,0.11792925430031923,0.02449269564105914,0.9993535876274109
7785,1229,occlusion_1,0.28579946181038396,0.037845864817500116,0.9993834495544434
7786,1968,occlusion_1,0.18109579399848977,0.08975650059680144,0.9963032007217407
7787,4416,occlusion_1,0.45583968572808725,0.034399202910431644,0.9992473125457764
7788,2109,occlusion_1,0.6148425252253159,0.10467083190308242,0.9979265928268433
7789,725,occlusion_1,0.048249720817520506,0.07408217304120106,0.9994057416915894
7790,1134,occlusion_1,0.1374370622063344,0.22064546069928578,0.700931966304779
7791,101,occlusion_1,0.10809537962726924,0.27187099068364856,0.971911609172821
7792,4266,occlusion_1,0.379313827860494,0.09902738753792852,0.9966752529144287
7793,2253,occlusion_1,0.23460085100780886,0.0659201762233025,0.9985866546630859
7794,1269,occlusion_1,0.053022104664705694,0.0064309438069661455,0.9996598958969116
7795,2813,occlusion_1,0.3147322800542627,0.026701807975769043,0.9991287589073181
7796,193,occlusion_1,0.12283245993383003,0.05892002322908604,0.998537540435791
7797,1127,occlusion_1,0.10451459758789153,0.10461358446627855,0.9993529915809631
7798,2871,occlusion_1,0.2914810242562941,0.1186606364960714,0.9991708993911743
7799,3470,occlusion_1,0.11618303825311802,-0.07675060183700065,0.54932701587677
7800,280,occlusion_1,0.4837910870678331,0.04794028793510638,0.9991291165351868
7801,1696,occlusion_1,0.1364893623524242,0.053831144184288054,0.9993871450424194
7802,2623,occlusion_1,0.022544365459018282,0.005920161141289605,0.9995787739753723
7803,2139,occlusion_1,0.024459072267231735,0.042033826446403626,0.9994019269943237
7804,3438,occlusion_1,0.01841203055598519,0.02138832617889751,0.9996529817581177
7805,82,occlusion_1,0.00967145562171936,0.01477534294128418,0.9996553659439087
7806,876,occlusion_1,-0.08679560958235352,0.005465596362396523,0.5930060744285583
7807,2719,occlusion_1,0.008294950140283463,0.046256115461917637,0.9995077848434448
7808,2374,occlusion_1,0.021251629841955083,0.044075807458476016,0.999235987663269
7809,1569,occlusion_1,0.6623618221331506,0.020399644178278904,0.9976327419281006
7810,2416,occlusion_1,0.006909915556510289,0.03070712632810076,0.9995030164718628
7811,3724,occlusion_1,0.279075245984963,0.11903899804539313,0.996752142906189
7812,3511,occlusion_1,0.7348787519708275,0.14902614399790765,0.9970585107803345
7813,4046,occlusion_1,0.0431263808298994,0.12949140687231664,0.9460201859474182
7814,2132,occlusion_1,0.3499548397280953,0.03304990882223303,0.9987367987632751
7815,2932,occlusion_1,0.18340234228355043,0.20350304195273886,0.9991791844367981
7816,3414,occlusion_1,0.05409343159475992,-0.009274436983951303,0.9524268507957458
7817,1009,occlusion_1,0.012343951841680014,0.006369616927170172,0.9996192455291748
7818,4171,occlusion_1,0.11550774152685957,0.0063662761595191025,0.9995684027671814
7819,1439,occlusion_1,0.027011295970605344,0.005435707617779167,0.9993966817855835
7820,3603,occlusion_1,0.16699405050725502,0.11144083114557488,0.998826801776886
7821,2680,occlusion_1,0.037993045560285155,0.08974513999533419,0.9993784427642822
7822,4297,occlusion_1,0.018063587801797048,0.030161236013684953,0.9996525049209595
7823,630,occlusion_1,0.08380565312173631,0.07658454709582858,0.9986656904220581
7824,638,occlusion_1,0.20012666760333653,0.18437629090300922,0.9989514350891113
7825,455,occlusion_1,0.8246915115320936,0.10841414774582285,0.9898774027824402
7826,129,occlusion_1,0.03646781179640028,0.0474622368812561,0.999648928642273
7827,3544,occlusion_1,0.10381219555170108,0.1886229237111715,0.9991468191146851
7828,2705,occlusion_1,0.025601071807054374,0.08968107545605072,0.9954513907432556
7829,4542,occlusion_1,0.2562326260100482,0.04908551922920397,0.9993721842765808
7830,1736,occlusion_1,0.05385866347286436,0.21375946308210217,0.9991322159767151
7831,1442,occlusion_1,0.40257382241117473,0.06192409138127071,0.9975928664207458
7832,836,occlusion_1,0.8420493931407691,0.062037544092163444,0.9985809326171875
7833,3713,occlusion_1,0.026270555953184765,0.06881208373950078,0.9985994696617126
7834,963,occlusion_1,-0.07364750244044538,-0.18304384792030887,0.17056235671043396
7835,3500,occlusion_1,0.564650750355795,0.048680337071418764,0.9967949986457825
7836,1386,occlusion_1,0.13309181365184486,0.04218825581483543,0.9987132549285889
7837,3631,occlusion_1,0.22722842405569188,0.05822304172479376,0.9985203146934509
7838,3220,occlusion_1,0.1275637701847682,0.2575359666062629,0.9989356398582458
7839,1920,occlusion_1,0.10787371289113472,0.0682791452533726,0.9989533424377441
7840,3065,occlusion_1,0.16923197994337363,0.05039140209555626,0.9983017444610596
7841,4122,occlusion_1,0.06789172272528371,0.04539998596714389,0.999610960483551
7842,2735,occlusion_1,0.1424180485138839,0.07451413504102013,0.9991235136985779
7843,1441,occlusion_1,0.1852928964155061,0.1362738079790558,0.9989312291145325
7844,860,occlusion_1,0.4197006891904907,0.20123577095893613,0.9953527450561523
7845,930,occlusion_1,0.006919813710589742,0.009038722792337106,0.9996181726455688
7846,2920,occlusion_1,0.5987008774860038,0.0324146445426676,0.9982183575630188
7847,3073,occlusion_1,0.22748246409285527,0.13521703801066345,0.9701750874519348
7848,2537,occlusion_1,0.33406126017079635,0.19184376754085808,0.9980552196502686
7849,4582,occlusion_1,0.42370308393743117,0.0053638059918473405,0.9957790374755859
7850,173,occlusion_1,0.005513392277617953,0.0028987749299006675,0.9995403289794922
7851,1056,occlusion_1,0.19691838402180903,0.0605637482001311,0.9974812865257263
7852,2870,occlusion_1,0.45128297472470685,0.0988399532966708,0.9991783499717712
7853,50,occlusion_1,0.42144563359553494,-0.1375163450304951,0.7346057295799255
7854,2560,occlusion_1,0.014583881084735576,0.006248316703698574,0.9995317459106445
7855,31,occlusion_1,0.008983746955269262,0.01579586769405164,0.9975511431694031
7856,3419,occlusion_1,0.3218042905147663,0.019449515545621833,0.999573290348053
7857,3023,occlusion_1,0.1335443956461751,0.06655416524006148,0.9993419051170349
7858,1433,occlusion_1,0.24026465780969106,0.0435740627714845,0.9986405968666077
7859,399,occlusion_1,0.018597606350393855,0.07885769642341663,0.9993828535079956
7860,3793,occlusion_1,0.06474472189115153,0.1718700954173174,0.9993870258331299
7861,3354,occlusion_1,0.08542647496506106,0.008011618629097939,0.9995185136795044
7862,749,occlusion_1,0.022605762392881194,-0.009823276206762308,0.05760134384036064
7863,3479,occlusion_1,0.28271557620879006,0.05104628043330234,0.9991241097450256
7864,3212,occlusion_1,0.0596415255115264,-0.10037740961545044,0.7634863257408142
7865,617,occlusion_1,0.012551561874501845,0.00939360962194555,0.9996562004089355
7866,4442,occlusion_1,0.04908737062643736,0.06621716725520599,0.9993718266487122
7867,2130,occlusion_1,0.2444208313967904,0.02179553089984532,0.9974406957626343
7868,283,occlusion_1,0.3507067351984525,0.025673938861915043,0.998022198677063
7869,4517,occlusion_1,0.08865244970435188,0.04124629284654345,0.9982185959815979
7870,1217,occlusion_1,0.05525900067194649,0.020786597352960835,0.9991003274917603
7871,55,occlusion_1,0.26917665675282476,0.03374601329366366,0.9983003735542297
7872,2038,occlusion_1,0.032998201570340564,0.2105551238055341,0.9988310933113098
7873,1302,occlusion_1,0.11427764052694495,0.0558443624864925,0.9991274476051331
7874,2767,occlusion_1,0.2959314949943551,-0.11821750411763787,0.6745148301124573
7875,1813,occlusion_1,0.055937050598795,0.32518382215905306,0.9990988969802856
7876,3881,occlusion_1,0.579511478698502,0.09118750888026422,0.9991833567619324
7877,434,occlusion_1,0.020044382276206182,0.009067564175046724,0.9995984435081482
7878,115,occlusion_1,0.0025201205696378437,0.15740139410211537,0.9996256828308105
7879,2119,occlusion_1,0.03190096874128689,0.08090278630455335,0.9987163543701172
7880,2923,occlusion_1,0.10544455402037677,0.015532144728828879,0.9995824694633484
7881,3392,occlusion_1,0.19250687446307252,0.1214845670318162,0.9981716871261597
7882,1789,occlusion_1,0.34772117590566853,0.05539695821913346,0.999123752117157
7883,1103,occlusion_1,0.16129901225086424,0.02899763830330061,0.9996674060821533
7884,348,occlusion_1,-0.14797102504720291,0.10829365066478425,0.511111855506897
7885,4441,occlusion_1,0.02511292345383588,0.12709308722439935,0.9996602535247803
7886,78,occlusion_1,0.009475067809776024,0.02661746519583243,0.9996417760848999
7887,3224,occlusion_1,0.007199291999523456,0.00657429297765096,0.9996308088302612
7888,1821,occlusion_1,0.00728072489009184,0.0514343600062763,0.9996606111526489
7889,1735,occlusion_1,0.00868540552427184,0.005039125118615493,0.999650239944458
7890,2473,occlusion_1,0.014624480591263882,0.1432124148623823,0.9992415904998779
7891,4204,occlusion_1,0.20319741760762647,0.3495173488194362,0.9989504218101501
7892,3395,occlusion_1,0.029450712885175433,0.03647527694702148,0.9996649026870728
7893,3405,occlusion_1,0.8824298561885371,0.09536199335541044,0.998313307762146
7894,1431,occlusion_1,0.029082489013671876,0.02150359272956848,0.999091386795044
7895,2113,occlusion_1,0.04472267644649202,0.022387655875222248,0.9993559718132019
7896,1294,occlusion_1,0.3868123957951692,-0.08840470245860993,0.49627259373664856
7897,2798,occlusion_1,-0.2766752378808128,-0.011522107669669721,0.004821134731173515
7898,4241,occlusion_1,0.050557153853210246,0.10027307090727058,0.9984984397888184
7899,2697,occlusion_1,0.0050809865906125025,0.005719165007273356,0.9979537725448608
7900,735,occlusion_1,0.27235799300116165,0.085661394980487,0.9970153570175171
7901,2398,occlusion_1,0.5137972601634615,0.04388382504968082,0.9870337247848511
7902,1921,occlusion_1,0.12190592453743403,0.1874618426708576,0.9991439580917358
7903,2454,occlusion_1,0.21931594443269709,0.12530259962411636,0.9879072308540344
7904,2436,occlusion_1,0.2204067310975755,-0.060798947206314874,0.7371991872787476
7905,3313,occlusion_1,0.04161397724047951,0.16234157858011516,0.9991470575332642
7906,2602,occlusion_1,0.08550820068309181,0.025924930447026304,0.9971814155578613
7907,1378,occlusion_1,0.17383250403368183,0.23062660521076572,0.9416289329528809
7908,4172,occlusion_1,0.2648006553851789,0.15277738148166287,0.8241690993309021
7909,140,occlusion_1,0.007880704967599166,0.016496248935398302,0.999631404876709
7910,2482,occlusion_1,0.36466553197665647,0.10678226145153696,0.9969833493232727
7911,2566,occlusion_1,0.028263671761926484,0.17288997584118454,0.9993975162506104
7912,3043,occlusion_1,0.15338084607754113,0.034393086396860624,0.9987640380859375
7913,2718,occlusion_1,0.07691039380274321,0.1476466765529231,0.9987961053848267
7914,1010,occlusion_1,0.13524652130025275,0.05178999090019394,0.99928218126297
7915,1516,occlusion_1,0.5011424728800193,-0.0585284275668008,0.5778140425682068
7916,1988,occlusion_1,0.39673837203992984,0.06151003379593877,0.9968379735946655
7917,2942,occlusion_1,0.16874848443360344,0.0541127533526034,0.9990577101707458
7918,3097,occlusion_1,0.18806362250819803,0.04354334130883217,0.9991944432258606
7919,151,occlusion_1,0.042836410999298094,0.034342156648635866,0.9380155205726624
7920,2319,occlusion_1,0.42114861123263836,0.1401274636387825,0.9779762625694275
7921,1373,occlusion_1,0.7163592661935382,0.023283837953718696,0.9993176460266113
7922,1358,occlusion_1,0.857233144912041,0.07300787729521592,0.9978817105293274
7923,1873,occlusion_1,0.44160949394983406,0.008269119131214479,0.9364849328994751
7924,2668,occlusion_1,0.02211284637451172,0.01564870201624357,0.9996448755264282
7925,4357,occlusion_1,0.33262871074918154,0.12537624727229815,0.9975283741950989
7926,62,occlusion_1,0.029762723710801867,0.019274057282341852,0.9996606111526489
7927,1795,occlusion_1,0.006980943268743055,0.047318279871652866,0.9993168115615845
7928,1000,occlusion_1,0.05414320597899895,0.02388854470907473,0.9982230067253113
7929,3679,occlusion_1,0.2578347813702605,0.024663818313887243,0.9979243278503418
7930,1850,occlusion_1,0.013998857859907479,0.007341728128235915,0.9991922974586487
7931,2825,occlusion_1,0.05259321286128117,0.009152309252665592,0.9994365572929382
7932,3964,occlusion_1,0.4002869428636936,0.018234080993212186,0.9991175532341003
7933,1625,occlusion_1,0.04233380492244448,0.01183305127280099,0.9996298551559448
7934,1313,occlusion_1,0.5512536518714007,0.2684941048843457,0.9869440793991089
7935,4320,occlusion_1,0.026396003929344384,0.010430364995389371,0.9995608925819397
7936,2166,occlusion_1,0.15125343654000636,0.0410638049777065,0.9993587136268616
7937,2184,occlusion_1,0.5005349502226131,0.07252604646815194,0.9261394143104553
7938,4148,occlusion_1,0.01032943692472246,0.06893849323387258,0.9996285438537598
7939,300,occlusion_1,0.03619714545191459,0.16785712140768258,0.9992796778678894
7940,339,occlusion_1,0.3353972925272371,0.017487339808472564,0.9991207718849182
7941,2220,occlusion_1,0.08577313306285879,0.2142199114317444,0.9992837309837341
7942,1587,occlusion_1,0.014380134642124176,0.007531642913818359,0.9992247819900513
7943,4410,occlusion_1,0.3507048513843781,0.2981449618314703,0.9990875720977783
7944,3009,occlusion_1,0.11172396032249227,0.056306758347679585,0.999393105506897
7945,4314,occlusion_1,0.2796081838986048,0.024494907317253258,0.9993906021118164
7946,2236,occlusion_1,0.07532713307840068,0.057109084616347054,0.9038647413253784
7947,3837,occlusion_1,0.040618642171223955,0.01310940384864807,0.9995393753051758
7948,2512,occlusion_1,0.2749953899816003,0.16754201840123403,0.9993730187416077
7949,4272,occlusion_1,0.07143474857394512,0.051790763122531086,0.9988380074501038
7950,2294,occlusion_1,0.2112170422449708,0.1881021551787853,0.9833579659461975
7951,3416,occlusion_1,0.01685512236186436,0.013804210935320173,0.99954754114151
7952,3694,occlusion_1,0.3716285467692992,0.05407272261090395,0.9991098046302795
7953,108,occlusion_1,0.4010291806794703,0.11122956693172455,0.9982311129570007
7954,3795,occlusion_1,0.8862045720995714,0.028781902458932664,0.9927491545677185
7955,3228,occlusion_1,0.14017275776317778,0.10132818379776275,0.9991713762283325
7956,4327,occlusion_1,0.017194673750135635,0.019668471813201905,0.9996592998504639
7957,4444,occlusion_1,0.2032087159414704,0.01929443687773668,0.9985395669937134
7958,932,occlusion_1,0.7078917770872287,0.04886761556069056,0.9980810880661011
7959,3245,occlusion_1,0.0656781479716301,0.25281532276421786,0.9987278580665588
7960,1037,occlusion_1,0.013624658418256183,0.018547515536463537,0.9996662139892578
7961,3070,occlusion_1,0.09259324389367483,0.04226281030758007,0.9996428489685059
7962,507,occlusion_1,0.03220129758119583,0.029115157201886177,0.9985421895980835
7963,1983,occlusion_1,0.016677898830837673,0.03460347917344835,0.9996660947799683
7964,635,occlusion_1,0.735333014279604,0.03632510900497436,0.998441755771637
7965,102,occlusion_1,0.14108544660191383,0.09001588327960382,0.9969923496246338
7966,2618,occlusion_1,0.2676569374429213,0.0618528122636112,0.9993610978126526
7967,2452,occlusion_1,0.4664182490151789,0.06251091294818455,0.9991616010665894
7968,2433,occlusion_1,-0.2176804352313914,0.18306810377126045,0.7743200063705444
7969,2955,occlusion_1,0.02815216636428466,0.08360256040946414,0.9993973970413208
7970,4406,occlusion_1,0.11448994960197265,0.005246636058603015,0.9996486902236938
7971,146,occlusion_1,0.32280139649907746,0.031575162708759305,0.9977554678916931
7972,2277,occlusion_1,0.16916691608726978,0.23578404753003268,0.9381861686706543
7973,628,occlusion_1,0.3474438987492073,0.06060125270197468,0.9967713952064514
7974,4147,occlusion_1,0.13158888965845109,0.16226132318479358,0.9988995790481567
7975,2488,occlusion_1,-0.23711706914615874,-0.011891466166291918,0.0980299562215805
7976,4587,occlusion_1,-0.08968709296349323,0.054459991554860164,0.7863044738769531
7977,624,occlusion_1,0.9276987516044254,0.17964218370616436,0.9947062134742737
7978,1402,occlusion_1,0.012325829581210488,0.006103247404098511,0.9990047812461853
7979,1547,occlusion_1,0.1485161554328231,0.13279674938327612,0.9988071918487549
7980,1680,occlusion_1,0.008032849431037903,0.006162802875041962,0.9989929795265198
7981,2779,occlusion_1,0.27062413545458447,0.092554531814087,0.9993093013763428
7982,3616,occlusion_1,0.09641699184004854,0.17055196733009526,0.970125138759613
7983,3676,occlusion_1,0.012933020293712617,0.020062197744846345,0.9996386766433716
7984,2004,occlusion_1,0.013807979913858267,0.006267157884744497,0.9987962245941162
7985,2141,occlusion_1,0.4017923605129997,0.0959036747879553,0.9993759989738464
7986,4045,occlusion_1,0.017254297075600458,0.00856540326414437,0.9956152439117432
7987,1761,occlusion_1,0.00497606155034658,0.025518083894574963,0.9989991784095764
7988,266,occlusion_1,-0.5687730129732674,-0.054863213385279115,0.014635598286986351
7989,4195,occlusion_1,0.6371345095574221,0.05606818738135886,0.9969258904457092
7990,1808,occlusion_1,0.2413339642625229,0.13614172236446073,0.669123113155365
7991,3786,occlusion_1,0.5544776826207725,0.03964237266398491,0.9991650581359863
7992,3199,occlusion_1,0.008288236459096272,0.03884152074654897,0.9992378950119019
7993,2619,occlusion_1,0.2559057143508754,0.12525113594407836,0.9993202686309814
7994,2459,occlusion_1,0.08885011347857388,0.07906489164540262,0.9979520440101624
7995,3187,occlusion_1,0.4992012983315032,0.06710526772605424,0.9990643858909607
7996,4531,occlusion_1,0.07996724576999743,0.1239875401588506,0.9993942975997925
7997,4355,occlusion_1,0.11983920935502586,0.021220958326011896,0.9991635084152222
7998,2725,occlusion_1,-0.028152111107888428,-0.0442031116589256,0.7989641427993774
7999,4573,occlusion_1,0.008732152290833302,0.014138996601104736,0.9996134638786316
