,id,explanation_method,comprehensiveness,sufficiency,prob
0,1913,attention,0.0884813517332077,0.20033828715483348,0.9940606951713562
1,4550,attention,-0.12498067621709197,-0.09357615403132513,0.0026435537729412317
2,4424,attention,0.09283791281081535,0.05388755170074669,0.9993114471435547
3,3802,attention,0.49324935860931873,0.06181140536708491,0.9990894794464111
4,3867,attention,0.10430022648402623,0.23872614162308828,0.939868152141571
5,2557,attention,0.24479811156497283,0.2552346727427314,0.94000244140625
6,2097,attention,0.15245658834025544,0.05979795388455661,0.9991582632064819
7,3546,attention,0.41604696075583614,-0.09514104557591815,0.6169075965881348
8,2808,attention,0.11396234953089764,0.11688033805081718,0.9994128942489624
9,893,attention,0.1722569917723284,0.3198190361766492,0.9792831540107727
10,674,attention,0.349089499224316,0.12217833372679623,0.9992257356643677
11,4329,attention,0.5773722630665573,0.0708518527274908,0.9972947239875793
12,518,attention,0.3034807959707772,0.1624073186298696,0.9962371587753296
13,3071,attention,0.19082721509039402,0.137400383874774,0.9986370205879211
14,1449,attention,0.10845098844388636,0.17165476992362882,0.9880275726318359
15,2475,attention,0.355280871624532,0.05633322894573212,0.9992716908454895
16,2224,attention,0.4599375260993838,0.047575301676988604,0.9987493753433228
17,3008,attention,0.5747100007922753,0.07941657563914424,0.9971387386322021
18,2799,attention,0.3121125803839776,0.08593318347007997,0.9990039467811584
19,3455,attention,0.39421350465101357,0.26665615246576424,0.9336522817611694
20,2715,attention,0.2614877466545549,0.14815502041994139,0.9993176460266113
21,1799,attention,0.41915134751261807,0.05422408611346514,0.9989339709281921
22,1476,attention,0.09138085953891277,0.1133579857647419,0.9983426332473755
23,3045,attention,-0.12409200323255438,-0.03720264852439102,0.03766162693500519
24,191,attention,0.33131385282898435,0.07589853114011336,0.9994010925292969
25,1612,attention,0.37114081722359327,0.184549956300924,0.994823694229126
26,3501,attention,0.33097258980075517,0.07264815544088682,0.9978377223014832
27,2706,attention,0.046991695960362755,0.11784658994939592,0.9995693564414978
28,788,attention,0.18808874407330076,0.3268306921865489,0.9957150816917419
29,2721,attention,-0.16403386757398644,-0.07968788671617706,0.0640377625823021
30,2543,attention,0.26458686993767816,0.122539224413534,0.9978628754615784
31,4425,attention,0.08582456316798925,0.13686504866927862,0.9849875569343567
32,4154,attention,0.14747333782725036,0.12536316877231002,0.9995231628417969
33,169,attention,0.4687500034059797,0.18166722846882685,0.9828258156776428
34,1657,attention,0.06459958309477026,0.17341785979541866,0.9993871450424194
35,3040,attention,0.062905958870001,0.16327846599252602,0.9993938207626343
36,269,attention,0.31556373834609985,0.0627028284276404,0.999180018901825
37,1775,attention,0.2570580677552657,0.18831607631661676,0.9988150596618652
38,3229,attention,0.5118798319371822,0.09152500072251195,0.9935006499290466
39,4496,attention,0.003090844072144607,-0.26251247730748406,0.3342333137989044
40,1064,attention,0.22265783714693646,0.19560975564080615,0.9945560693740845
41,4134,attention,0.346713372402721,0.17565940154923332,0.9898181557655334
42,4000,attention,0.11035990138207713,0.16222312854182336,0.9962179064750671
43,609,attention,-0.12633554658128154,-0.054943519092544364,0.011769838631153107
44,2710,attention,0.22664439504345257,0.313996022939682,0.9958511590957642
45,3460,attention,0.24553435256606654,0.11890615209152824,0.9968229532241821
46,1803,attention,0.6782618607987058,0.07415547858585012,0.9033440947532654
47,1918,attention,0.11839084357631449,0.20532455036834796,0.9983850717544556
48,3197,attention,0.03054289221763611,0.3258884955197573,0.7010975480079651
49,1737,attention,0.36389053612947464,0.11644149402325804,0.997461199760437
50,4435,attention,0.13803430906561917,0.220822105920592,0.923281192779541
51,3750,attention,0.10425430671735243,0.32306131517345255,0.9421367049217224
52,3966,attention,0.2335573363304138,0.4264032119512558,0.9899585843086243
53,365,attention,0.2141082300696262,0.06403527772703836,0.998174786567688
54,4053,attention,0.11757331093152364,0.19801310316110268,0.9990399479866028
55,2066,attention,0.2255610175604044,0.0956258389145829,0.9994871616363525
56,1852,attention,0.12256447850046931,0.13607316967603322,0.9941151142120361
57,2703,attention,0.5505088170483599,0.1421567753833883,0.9895234704017639
58,487,attention,0.18841720308576312,0.34278966443879266,0.9830442070960999
59,4055,attention,0.10184463113546371,0.06711425570150216,0.9994490742683411
60,4475,attention,0.21016560724148384,0.14644715906335756,0.9919978976249695
61,3348,attention,0.35886936510602635,0.07978945846358936,0.9958131909370422
62,351,attention,0.43560901715567235,0.23555561311935125,0.9872593283653259
63,2509,attention,0.10428232435257204,0.15957821136520756,0.999016284942627
64,4030,attention,0.21198758983518928,0.27037596613445203,0.9968666434288025
65,1650,attention,0.11344828391852586,0.0985388065809789,0.999357283115387
66,2653,attention,0.06255684146341288,0.10539693821151301,0.999255359172821
67,4285,attention,0.31032823910936713,0.1839818493463099,0.9913411736488342
68,1468,attention,0.37193402647972107,0.10948232747614384,0.9902837872505188
69,2998,attention,0.22122571431100368,0.08212125934660434,0.9990971088409424
70,1270,attention,0.3970740323420614,0.1966773213353008,0.9700825214385986
71,297,attention,0.1492388186355432,0.2699420178929965,0.9916892051696777
72,2019,attention,0.04130684225647538,0.2210324981974231,0.9993290901184082
73,629,attention,0.17092868877995399,0.16718557308758458,0.9969925880432129
74,1944,attention,0.14060554334095546,0.09999331477142516,0.998633086681366
75,953,attention,0.10359672378552587,0.050367049872875214,0.9991455078125
76,466,attention,0.2749137105420232,0.19768132036551833,0.9924671053886414
77,2200,attention,0.018524693406146507,0.15266558625127957,0.4452812671661377
78,728,attention,0.19919248213144866,0.08434656804258173,0.9994852542877197
79,3376,attention,0.22898902783268377,0.1388808663999825,0.9961434602737427
80,4549,attention,0.2663440775386123,0.09320857843687368,0.9670119285583496
81,72,attention,0.023612932572441715,0.07420098108630027,0.46043118834495544
82,4,attention,0.09247573512665769,0.11241756411308938,0.9973944425582886
83,1098,attention,0.07543585912601368,0.1336523962987436,0.9942672848701477
84,2726,attention,0.33253901213407516,0.04035303294658661,0.999093770980835
85,2921,attention,0.11037653862010866,0.10885568779139292,0.9979820251464844
86,2531,attention,0.13033416413742563,0.200761578977108,0.9994220733642578
87,2614,attention,0.1302655649281317,0.07703639903376179,0.9993896484375
88,2434,attention,0.41946556984350597,0.2073906855336551,0.8255192637443542
89,3111,attention,0.3152262051494754,0.17800500137465342,0.9797075986862183
90,3615,attention,0.11820221163224483,0.19250934970551642,0.9640594124794006
91,3063,attention,0.5640772609040141,0.07283932063728571,0.9986141920089722
92,1385,attention,0.26091246174441446,0.15730955319272147,0.9949799180030823
93,128,attention,0.0742498170106839,0.5310700678159125,0.8470497131347656
94,1030,attention,0.06900867164134979,0.16241071999073028,0.9899411797523499
95,16,attention,0.17657547533512116,0.37550918479760487,0.9863909482955933
96,670,attention,0.4155396746866631,0.187950792186188,0.9812442660331726
97,3743,attention,0.4594683795301027,0.01740687600401945,0.9994787573814392
98,2202,attention,0.07357727580292281,0.07675151457620222,0.9909063577651978
99,1615,attention,0.11674054272663899,0.41341008513401717,0.9959613680839539
100,1558,attention,0.0837224658865195,0.09909401060296939,0.9992675185203552
101,3953,attention,0.1895917284973832,-0.30054317830606947,0.37901660799980164
102,304,attention,0.3346796976585014,0.040793951235565486,0.9992388486862183
103,4004,attention,0.32410638740188197,0.11558569183475093,0.9994511008262634
104,4547,attention,0.408799065753471,0.2016273466653602,0.9904848337173462
105,1247,attention,0.3322376675903797,0.22210953548550605,0.9959080219268799
106,3136,attention,0.3371410597529676,0.07178865952624215,0.9977060556411743
107,1220,attention,0.39933807958374945,0.0597204513717116,0.9980212450027466
108,3261,attention,0.6629624913964006,0.08333816528320312,0.9863646030426025
109,1611,attention,0.2992546449487026,0.23671386090035623,0.9235408902168274
110,1181,attention,0.2756886276933882,0.05632194942898221,0.9992200136184692
111,2797,attention,0.0038348714772023654,-0.1555020867993957,0.17203807830810547
112,610,attention,0.5958378242283333,0.05455429161467203,0.9989365935325623
113,3751,attention,0.11855946616692976,0.10224312227783781,0.791394829750061
114,2248,attention,0.42553789569781375,0.08174883325894673,0.9987683892250061
115,99,attention,0.259083219264683,0.10084653371258785,0.9980423450469971
116,3781,attention,0.1094079201942996,0.1542079672217369,0.9994951486587524
117,225,attention,0.3047238242100267,0.20071820213514216,0.9991347193717957
118,2103,attention,0.21460659719175762,0.07268452230427,0.9904856085777283
119,2836,attention,0.3502037812296937,0.14120912152092632,0.9911707639694214
120,2924,attention,0.05670994592875969,0.377566088581594,0.9982529282569885
121,2859,attention,-0.09328305589802124,0.02328893104020287,0.44702982902526855
122,2782,attention,0.3838685936270616,0.14504064886997908,0.9973209500312805
123,515,attention,0.2743452674633748,0.17798602218563492,0.9992256164550781
124,1951,attention,0.21993405467424637,0.1870618787331459,0.9638931751251221
125,3869,attention,0.1416475236415863,0.22720652023951213,0.9699894189834595
126,2263,attention,0.23607456774422617,0.1043216170686664,0.991732120513916
127,4006,attention,0.1026758315662543,0.3955810349434614,0.9365668296813965
128,4522,attention,0.28915902102986973,0.1256914958357811,0.9287102818489075
129,2137,attention,0.14139293043902426,0.11988778547807173,0.9989307522773743
130,3673,attention,0.5551159910435947,0.031507242962999164,0.9934455156326294
131,1707,attention,-0.3897732730422701,-0.035164984475289075,0.2515707015991211
132,314,attention,0.25165820468778477,0.06003486456936353,0.9993185997009277
133,1924,attention,0.09323029937567534,0.37795493641385325,0.7368393540382385
134,2247,attention,0.4128550099475043,0.12354259334859394,0.9445804357528687
135,3901,attention,0.37639875016933266,0.22356818616390228,0.9865525364875793
136,1847,attention,0.6098062904043631,0.15445343021190527,0.99727863073349
137,1725,attention,0.10094084533361289,0.38447685160029393,0.999278724193573
138,3547,attention,-0.25144428244581624,-0.06026669958185765,0.0022909927647560835
139,4558,attention,0.3299655129512151,0.12260629170470767,0.9979118704795837
140,3403,attention,0.4096179208222856,0.12589533183168858,0.9844356179237366
141,3007,attention,0.15528243238275702,0.21852778413079002,0.9092604517936707
142,2961,attention,0.2480779872275889,0.4256922237109393,0.9357489943504333
143,3591,attention,0.35319288074970245,0.06913446328219246,0.9976986050605774
144,571,attention,0.5536575542762876,0.05969924107193947,0.9918489456176758
145,4041,attention,0.12767567502127752,0.23999986549218497,0.9645596146583557
146,2629,attention,0.296904250624634,0.0687200054526329,0.9967537522315979
147,3121,attention,0.3928222432732582,0.07537146522240205,0.9962735176086426
148,2701,attention,0.14932268234186394,0.11487975577975429,0.9926167130470276
149,3101,attention,0.4884432543207098,0.21792233542159753,0.9948674440383911
150,1863,attention,0.1396752928986269,0.20454782422851114,0.99782794713974
151,2908,attention,0.07343848950641099,0.07666091135768004,0.9994472861289978
152,4456,attention,0.5050717988474802,0.08354211429303343,0.8976505398750305
153,3230,attention,0.2646343716635154,0.2155546652009854,0.7923704385757446
154,2399,attention,0.4788609249027152,0.15913987159729004,0.9342092871665955
155,3447,attention,0.07338364012539386,0.13119830004870892,0.9995092153549194
156,1522,attention,0.4830890948122198,0.04246183146129955,0.9994648098945618
157,3295,attention,0.12343423182610422,0.2964316409081221,0.8942312598228455
158,495,attention,0.3820537243430552,0.1932253625832106,0.8177621960639954
159,317,attention,0.28414494502094556,0.09764664577987958,0.999187171459198
160,4319,attention,0.18956804573535918,0.2782046630978584,0.9990465044975281
161,2583,attention,0.06858039829466078,0.2934943516221311,0.9599522352218628
162,4536,attention,0.26100904246171314,0.2866556230518553,0.9808602333068848
163,551,attention,0.09621741395929585,0.3066339171592794,0.9939906597137451
164,950,attention,0.21871669333556604,0.03374105075310017,0.9993846416473389
165,2681,attention,0.20016546547412872,0.47322350231980953,0.9989701509475708
166,1720,attention,0.2349303469739177,0.13230884650891478,0.9986968636512756
167,3845,attention,0.17033043541014195,0.1772309874650091,0.999030351638794
168,1653,attention,0.3008669652044773,0.10573879852890969,0.994971752166748
169,1475,attention,0.7392858090834358,0.09025672574838002,0.9835436940193176
170,826,attention,0.15304084696940012,0.09694056596074785,0.9929458498954773
171,2235,attention,0.4027115450455592,0.05392703757836269,0.9994392991065979
172,1061,attention,0.37032480210065843,0.09984097599983216,0.9965953230857849
173,2353,attention,0.2384616367372812,0.07871412383575066,0.9992517828941345
174,2771,attention,0.06484650114649221,0.07628017703169271,0.9995061159133911
175,3467,attention,0.0829220212794639,0.4400324180306917,0.9807337522506714
176,1672,attention,0.23947226195722013,0.11287873097368188,0.9995594620704651
177,4093,attention,0.5424729698234134,0.03603625562455919,0.9967077970504761
178,2772,attention,0.48068762601663667,0.20216221796969572,0.9860475063323975
179,1352,attention,0.15750100505020884,0.41942563011414474,0.9941739439964294
180,1168,attention,0.08839289898222143,0.10431348871101033,0.9994186162948608
181,1928,attention,0.5142593112256791,0.06032009853257073,0.9919043183326721
182,2714,attention,0.14740382105112076,0.07063024550676346,0.8787665367126465
183,3211,attention,0.20577667688214502,0.2530330232409544,0.9969128370285034
184,4227,attention,0.20548137316578313,0.2766457040581787,0.9984350800514221
185,2379,attention,0.39034905172884465,0.18255889229476452,0.9983804225921631
186,3649,attention,0.590130767184827,0.1712840242518319,0.9394604563713074
187,3624,attention,0.18731771373167272,0.18551914139491757,0.9995593428611755
188,3790,attention,0.3869179772569778,0.07090677828230757,0.9988049268722534
189,1898,attention,0.07740527675265357,0.13845904065029963,0.998936116695404
190,1664,attention,0.4766656576018584,0.19600636394400345,0.9910966157913208
191,3412,attention,0.11203386332537676,0.2246362421963666,0.9994736313819885
192,4179,attention,0.07894461949666341,0.1912544886271159,0.9841135144233704
193,32,attention,0.10928263687170468,0.6058680329185265,0.9159712791442871
194,1218,attention,0.04182496762022059,0.07485644297396883,0.9995166063308716
195,2565,attention,0.19829668001881962,0.05764360648804698,0.9993822574615479
196,2385,attention,0.6831801334023475,0.10047563910484314,0.9984819293022156
197,2592,attention,0.3892777178968702,0.16957199275493623,0.7863647937774658
198,3443,attention,0.08495343135048945,0.17117311844291785,0.9974483251571655
199,3365,attention,0.12729000221741826,0.08610410478554274,0.9992196559906006
200,338,attention,0.21095613272566544,0.5579971929914073,0.9702622294425964
201,1346,attention,0.45264704525470734,0.2311292721165551,0.9144437909126282
202,4523,attention,0.04407719909041016,0.4124069165576387,0.9180521368980408
203,4054,attention,0.35453770773590737,-0.0017062855779000049,0.6432211995124817
204,1577,attention,0.16665093695863764,0.2531520385057368,0.9983749389648438
205,1123,attention,0.3665874250406443,0.06879657368327297,0.997806966304779
206,3777,attention,-0.14464876407216634,-0.050434988998477495,0.03533075749874115
207,752,attention,0.05129307605650114,0.11677299245544102,0.9992679953575134
208,681,attention,0.4884565875611522,0.09516767141493884,0.9917995929718018
209,4433,attention,0.4926830637023637,0.2292723851768594,0.9969304203987122
210,1904,attention,0.6130427985738677,0.025211509603720445,0.8253421187400818
211,2342,attention,0.4910303129225361,0.058027678910566836,0.998218834400177
212,2364,attention,0.20132712748917667,0.08908335661346262,0.9994663596153259
213,778,attention,0.04597754044047857,0.3593234318797871,0.9361146092414856
214,3001,attention,0.5266466774046421,0.23930117877369578,0.9884476065635681
215,3200,attention,0.1507581723363776,0.050448477268218994,0.9977902173995972
216,3921,attention,0.1630852795996756,0.13119159948151066,0.9962112903594971
217,3545,attention,0.13462459515122807,0.2954043566304095,0.9760608077049255
218,542,attention,0.07863116349492755,0.2432393214532307,0.9987058639526367
219,2272,attention,0.6254014717208014,0.04779667920536465,0.9897513389587402
220,391,attention,0.13326993689202427,0.45044576456737623,0.9806801080703735
221,1979,attention,0.11135487079620361,0.3993001139163971,0.9497057199478149
222,1150,attention,0.39492528000846505,0.2372830588137731,0.9237070679664612
223,149,attention,0.16815829958234516,0.17830964837755475,0.9986693859100342
224,2570,attention,0.3070294923688236,0.3284368457174615,0.9868229627609253
225,927,attention,0.437381367332169,0.0850771889090538,0.9929592609405518
226,4017,attention,0.2105052615656997,0.09789395287181392,0.9989086389541626
227,1398,attention,0.518651707499635,0.14988774119638928,0.9888457655906677
228,3635,attention,0.5062337230358805,0.06587459537244979,0.9991046786308289
229,505,attention,0.20141396983977286,0.24331030513971083,0.9986055493354797
230,3423,attention,0.2642277784836598,0.38649174286864507,0.7715491056442261
231,3247,attention,0.4396845291679104,0.1979234516620636,0.9958134293556213
232,1895,attention,0.27888785385423237,0.05492763055695428,0.9992928504943848
233,2286,attention,0.223098190341677,0.08239196028028216,0.9972063899040222
234,4232,attention,0.15641858014795515,0.11482891026470396,0.9928299784660339
235,2595,attention,0.10914494842290878,0.1848130232344071,0.9987068176269531
236,1770,attention,0.07861306498179564,0.18345358162312894,0.9991127848625183
237,1267,attention,0.09637126326560974,0.22009872667717212,0.9937105178833008
238,3124,attention,0.12265147404237227,0.4783239977603609,0.9518105387687683
239,2125,attention,0.1757824087426776,0.0542931528318496,0.9988439083099365
240,1659,attention,0.10584470778703689,0.3982234185823472,0.9825353622436523
241,2909,attention,0.2830679401755333,0.17744293957948684,0.9896961450576782
242,1765,attention,0.19964647541443506,0.24366190034197643,0.9915174841880798
243,1560,attention,-0.3405841658918225,-0.02878917730888542,0.42819473147392273
244,2967,attention,0.059124699897236295,0.15002520754933357,0.997596800327301
245,1416,attention,0.34057911353952747,0.061882067252607906,0.9992648959159851
246,1630,attention,0.1320510881287711,0.09810183644294738,0.994085431098938
247,449,attention,0.3813147260699161,0.10005724845930587,0.9985476136207581
248,152,attention,0.02676801636533917,0.08604926011472377,0.6268501281738281
249,211,attention,0.21278771687121617,0.11552134298142933,0.9976720213890076
250,2032,attention,0.07335146676216807,0.5179291760016765,0.9610276818275452
251,902,attention,0.29576834577780503,0.05464104964182927,0.9993207454681396
252,3436,attention,0.13883092732571845,0.16395505284195516,0.9847512245178223
253,3198,attention,0.19439648777246477,0.2648727548122406,0.9946434497833252
254,57,attention,0.11042206868147239,0.15413793080892318,0.9932764768600464
255,3164,attention,0.1538209234382592,0.13956540034097784,0.9993665814399719
256,4303,attention,0.20906933917951315,0.14194553495790968,0.3865921199321747
257,1927,attention,0.2024028574426969,0.3468581752644645,0.989018440246582
258,3206,attention,0.17327513606161685,0.06713130224395443,0.9988553524017334
259,3388,attention,0.44093807380307803,0.17694895037195899,0.9899905920028687
260,816,attention,0.21542568411678076,0.12226718415816624,0.9994173049926758
261,3284,attention,0.10172755075128455,0.20051368874938866,0.998814582824707
262,2765,attention,0.05845016642258717,0.12646065193873185,0.5901681780815125
263,3970,attention,0.17902777030279762,0.12256798540291033,0.9991254210472107
264,885,attention,0.34046579463915394,0.08861538767814636,0.9972060322761536
265,249,attention,0.5798325259839335,0.12672060103185714,0.9932523369789124
266,2203,attention,0.08593929923595266,0.10232924622424105,0.9943013191223145
267,3115,attention,0.12799419389992225,0.12983306370130399,0.999232292175293
268,2341,attention,0.11160148888133294,0.09283915993779204,0.9994705319404602
269,4132,attention,0.37085661095268324,0.15553195261449185,0.7690308690071106
270,1781,attention,0.11789047283430894,0.1299103753020366,0.9977916479110718
271,4488,attention,0.13053932267686594,0.06863057127465373,0.9995443224906921
272,44,attention,0.14522389532663885,0.18260392164572692,0.9981480836868286
273,2390,attention,0.28595502364138764,0.12876102949182192,0.9991089701652527
274,286,attention,0.18484536524523387,0.2701294574547898,0.9643418192863464
275,1094,attention,0.08626320845675918,0.1777092620449246,0.815365731716156
276,1962,attention,0.26724329327835755,0.1329676029728908,0.9978436231613159
277,4530,attention,0.22627669354764426,0.13000022165658998,0.9974662065505981
278,202,attention,0.2295481613278389,0.0979584190249443,0.9960434436798096
279,237,attention,0.13829200131737668,0.32125172010906367,0.9975428581237793
280,2519,attention,0.40022775530815125,0.04057841330039792,0.9916484355926514
281,3870,attention,0.0811432746111178,0.1549436116919798,0.9730283617973328
282,1108,attention,-0.17975289234891534,-0.042291649229203664,0.0036458508111536503
283,2449,attention,0.39202042537577014,0.16379026630345514,0.995836615562439
284,2525,attention,0.4074039394791062,0.032261111446329066,0.9991913437843323
285,357,attention,0.1151932691750319,0.25924252783474716,0.9849495887756348
286,736,attention,0.34172597577174507,0.1074993779261907,0.9983686804771423
287,3918,attention,0.09389492198824882,0.1457053292542696,0.9989615678787231
288,3848,attention,0.0666308100964572,0.16132653605293584,0.9983273148536682
289,1953,attention,0.38131840247660875,0.21435873356780835,0.9612942934036255
290,1131,attention,0.37568864557478165,0.209689070781072,0.7940917611122131
291,261,attention,0.09247660747280827,0.13118413201084844,0.9992940425872803
292,3113,attention,0.2730028086900711,0.35141722083091737,0.970764696598053
293,379,attention,0.38125248538686873,0.06090349212605903,0.9993364214897156
294,4263,attention,0.5038298418482717,0.0680005642083975,0.9988070726394653
295,1521,attention,0.3628709961970647,0.04383182580824251,0.9981088638305664
296,1006,attention,0.1881100451334929,0.06192170045314691,0.9991581439971924
297,2099,attention,0.34129772462495944,0.28618528784775155,0.9899472594261169
298,4293,attention,0.06755321834768568,0.13496346282107488,0.9991214871406555
299,436,attention,0.1824229620397091,0.08263096413933314,0.998141884803772
300,368,attention,0.12318411767482758,0.19455756843090058,0.9935798645019531
301,3335,attention,0.5907964631915092,0.11854145070537925,0.973648190498352
302,3450,attention,0.14265830988107725,0.13638561071698055,0.9894094467163086
303,939,attention,0.2759085762631762,0.0670612028666905,0.998868465423584
304,3596,attention,0.48429501670947733,0.053880654116894335,0.9944566488265991
305,4027,attention,0.03679342723141114,0.11915819471081097,0.9994283318519592
306,4056,attention,0.17331654617660924,0.1402479391871837,0.9989823698997498
307,3946,attention,0.20460300330530135,0.11708407443866395,0.9952074885368347
308,1429,attention,0.3533018261958391,0.11087180483035552,0.8791371583938599
309,3847,attention,0.5736112545462365,0.11746967314405644,0.9632099270820618
310,1195,attention,0.07442175284508735,0.14502205411272664,0.8619402647018433
311,1003,attention,0.636104202648597,0.15192959046185905,0.992969810962677
312,1465,attention,0.20649274223380618,0.11766405171818203,0.9981902241706848
313,2308,attention,0.9333036934285489,0.9053553565578578,0.9977642297744751
314,250,attention,0.5468000757818421,0.052939654390017195,0.6969126462936401
315,1579,attention,0.09945107742053706,0.27873531311023525,0.9905306696891785
316,3954,attention,0.21332497652186905,0.18574149248211883,0.9991521835327148
317,1105,attention,0.13430801331996917,0.17233302394549052,0.9864060282707214
318,3569,attention,0.23693861107568484,0.21586419042904634,0.9641889929771423
319,3943,attention,0.1486824773825132,0.11259490327957349,0.9397312998771667
320,1610,attention,0.21137774499451242,0.12472983613246824,0.998532772064209
321,3003,attention,0.15673640792099935,0.13542373843912808,0.9991557598114014
322,2100,attention,0.35445736529249133,0.0376123334422256,0.9993533492088318
323,403,attention,0.25266756252809003,0.0809222087264061,0.986555814743042
324,2746,attention,0.07457470310770947,0.29938315341006155,0.934796929359436
325,4535,attention,0.09944342457233592,0.08947495196727996,0.997681736946106
326,1022,attention,0.27380644087679684,0.1996630597859621,0.9967067837715149
327,1764,attention,0.4272032188406835,0.13570957341127926,0.9904029369354248
328,2231,attention,0.26937804790213704,0.12691121129319072,0.9988033771514893
329,3830,attention,0.1799565389752388,0.11095720380544663,0.9991507530212402
330,3357,attention,0.11758737956605307,0.14917246052404728,0.9989792704582214
331,1154,attention,0.3705691539105915,0.1024384746948878,0.9977420568466187
332,4461,attention,0.35605967500988317,0.05033678455012185,0.9993699193000793
333,4356,attention,0.06266757999272908,0.12857391005929777,0.9749600291252136
334,1788,attention,0.43871186742064905,0.09206475226246581,0.7988119125366211
335,813,attention,0.20019638538360596,0.294212792482641,0.965772807598114
336,344,attention,0.18500356210602653,0.1772330403327942,0.994411051273346
337,1353,attention,0.111354384733283,0.2843101519443419,0.9664875268936157
338,3951,attention,0.09409781378142688,0.08201739313651105,0.9993706345558167
339,2427,attention,0.2757413468900181,0.1410295008903458,0.9975643157958984
340,3287,attention,0.22000139703353247,0.15137451804346508,0.9502406716346741
341,1226,attention,0.19912724015189381,0.061192813806417515,0.9986475110054016
342,1678,attention,0.13146235545476279,0.1581225043688065,0.991341769695282
343,2941,attention,0.31841449112426945,0.09845491971184568,0.9983413219451904
344,1740,attention,0.06719595193862915,0.11473712179718948,0.9993639588356018
345,168,attention,0.6007700581442226,0.20897803035649387,0.9438225626945496
346,4577,attention,0.13984517244304098,0.34358084197269706,0.9915236234664917
347,1363,attention,0.3420566990971565,0.2316520301004251,0.99774569272995
348,853,attention,0.3875431752204895,0.059518100023269654,0.9994274377822876
349,387,attention,0.2127676132847281,0.06044203393599566,0.9979690909385681
350,3356,attention,0.46396305163701373,0.12873916966574533,0.9928568601608276
351,3746,attention,0.476873696753473,0.09695276798623981,0.9983327984809875
352,3411,attention,0.07766710259975532,0.13245482666370195,0.9995294809341431
353,880,attention,0.5585589306429029,0.08478512056171894,0.9876089096069336
354,3464,attention,0.32276650712204474,0.37799097058693104,0.9958645105361938
355,1034,attention,0.1386980093187756,0.15705482330587175,0.9986048340797424
356,3564,attention,0.13025981214913454,0.2692473883655938,0.998264729976654
357,84,attention,0.4086773371620273,0.05635506050153212,0.9993313550949097
358,3903,attention,0.31726550228065914,0.07363021208180322,0.9940381050109863
359,1772,attention,0.5768314877318012,0.05522349145677355,0.892763078212738
360,42,attention,0.4569706239483573,0.36041631922125816,0.9616796970367432
361,4097,attention,0.1811325912890227,0.266383886013342,0.9007664322853088
362,2943,attention,0.5350031124857756,0.055711451631325945,0.9992274045944214
363,4262,attention,0.35619626285099404,0.11754527033829107,0.9909334182739258
364,3099,attention,-0.10354127115695863,-0.13177818511738568,0.006214184686541557
365,3982,attention,0.3594661505869877,0.25152450523994585,0.6208940744400024
366,3797,attention,-0.07956807144352647,0.11190799544336366,0.3251017928123474
367,1730,attention,0.1012464003129439,0.4699206333607435,0.9543066024780273
368,2616,attention,0.19936358301263107,0.43095560960079493,0.9945579767227173
369,476,attention,0.4256260118314198,0.05512551440821065,0.9988596439361572
370,1489,attention,0.08333717313679782,0.08267078318379142,0.9966388940811157
371,2295,attention,0.3451177190716674,0.07936090594384729,0.9955814480781555
372,468,attention,0.3576804039378961,0.08722309395670891,0.9972794651985168
373,3608,attention,0.15099242329597473,0.14476589452136646,0.9065811634063721
374,4098,attention,0.13617880733274831,0.13687342441663508,0.986187219619751
375,1874,attention,0.5582464629163345,0.04582976017679487,0.9993380904197693
376,290,attention,0.08974089243195274,0.1336420644413341,0.9960606694221497
377,383,attention,0.3448928969983871,0.08596798175802597,0.9991720914840698
378,3175,attention,0.37459638752043245,0.2932983409613371,0.9857865571975708
379,4501,attention,-0.03750856657480371,-0.2073601569081175,0.12315056473016739
380,3622,attention,-0.17108996709187826,0.1688857543548303,0.403207391500473
381,2034,attention,0.09427444974206528,0.10284755364903864,0.9993428587913513
382,363,attention,0.2681888694112951,0.14495180547237396,0.9916552305221558
383,3374,attention,0.37408755193738374,0.04351710162910761,0.9985848665237427
384,1640,attention,0.332670325110125,0.17284079797046129,0.9966698288917542
385,1448,attention,0.0557079915747498,0.20171160612142447,0.9965840578079224
386,957,attention,0.16432031035423278,0.08819218337535858,0.996331512928009
387,4028,attention,0.4043490195999274,0.2438252025560753,0.9583606123924255
388,3583,attention,0.20564058756357745,0.05111156874581387,0.9989262223243713
389,3657,attention,0.4232794231176376,0.15393573999404908,0.9940369129180908
390,4436,attention,0.21968857712215847,0.43400941151711675,0.9842575788497925
391,3203,attention,0.049680939742497036,0.30972862018028363,0.6920673847198486
392,3487,attention,0.10656896372174107,0.25895058484964595,0.9533994197845459
393,4109,attention,0.09814840235880443,0.36050431550081286,0.6673213243484497
394,197,attention,0.11705386577820291,0.09989024090523622,0.998417854309082
395,3854,attention,0.22801203706434794,0.06664683776242393,0.9992596507072449
396,2128,attention,0.18214793503284454,0.05553713937600454,0.9992577433586121
397,2884,attention,0.14774283401521981,0.11308336199498643,0.9994655251502991
398,213,attention,0.3437780667932666,0.25932163851601736,0.986492931842804
399,2214,attention,-0.06761432071593967,-0.047135633276460843,0.001623338321223855
400,3161,attention,0.1176929862760916,0.17029703353963246,0.9994334578514099
401,907,attention,0.4184599791963895,0.18419877191384634,0.9981001019477844
402,2498,attention,0.40475323647260664,0.033525504916906354,0.998960018157959
403,2197,attention,0.2539744715277965,0.23161238603867018,0.9983829259872437
404,1493,attention,0.3409106240553014,0.218659206348307,0.9405252933502197
405,176,attention,0.1707238393170493,0.2434460790029594,0.9933602213859558
406,3451,attention,0.24900299762234543,0.13169555727279547,0.9989234805107117
407,2551,attention,0.30702893116644453,0.1408022136560508,0.9902015328407288
408,1829,attention,0.06259845332665877,0.10785157788883556,0.9994402527809143
409,4525,attention,0.16428843535939042,0.22271181247672256,0.9970123767852783
410,47,attention,0.290938817987255,0.0675545568559684,0.999426007270813
411,2650,attention,0.09016459669385637,0.10530388482979365,0.9995126724243164
412,139,attention,0.33938974142074585,0.16845324804837053,0.9588784575462341
413,2922,attention,0.3548810948025097,0.04740793217312206,0.9993489384651184
414,3642,attention,0.46850996036082504,0.06856649443507194,0.9988958835601807
415,3719,attention,0.4597482982609007,0.10385912524329291,0.9944077730178833
416,3053,attention,0.2160922858119011,0.2871793302893639,0.8891727924346924
417,1889,attention,0.18148567998095563,0.20143758211480944,0.9610589742660522
418,1470,attention,0.14330922616155525,0.21976733286129801,0.9985764026641846
419,4096,attention,0.17875088435230832,0.13025830911867547,0.989296019077301
420,2293,attention,0.29844431997072407,0.1356917852308692,0.9994111061096191
421,251,attention,0.12331069409847259,0.4971569690387696,0.974237859249115
422,4358,attention,0.2840881056111792,0.16890210237192071,0.9950791597366333
423,2791,attention,0.11850119940936565,0.34778207913041115,0.9987816214561462
424,3028,attention,0.17411568959554036,0.0613928132587009,0.9987490177154541
425,215,attention,0.31448665552813077,0.23186106655908667,0.9987908005714417
426,2298,attention,0.4201708175009117,0.07948699109256267,0.9964422583580017
427,1533,attention,0.176780304312706,0.09154621988534928,0.6086938381195068
428,2852,attention,0.1352465755717699,0.06511746000411898,0.9918903112411499
429,933,attention,0.061531622849759604,0.10909357560532433,0.9992483258247375
430,2679,attention,0.5028678588569164,0.08795576989650726,0.9879344701766968
431,3072,attention,0.21226618190606436,0.04742222651839256,0.9992577433586121
432,1681,attention,0.05289667527726356,0.3127165157744225,0.9828292727470398
433,914,attention,0.14032468295866443,0.060857276762685465,0.999286949634552
434,2306,attention,0.1296280861593956,0.11755565363307331,0.9987727999687195
435,3841,attention,0.12245541261999231,0.12200591870044407,0.9986420273780823
436,3570,attention,0.19078835382154494,0.20802838332725293,0.9980530738830566
437,2211,attention,0.5308071275552114,0.0924506015849836,0.9349544048309326
438,2857,attention,-0.23563606492601907,-0.031886280657580264,0.21262961626052856
439,1766,attention,0.5089386591820845,0.06837262071314312,0.9990941286087036
440,498,attention,-0.0736558823095214,-0.07902936949845284,0.05736610293388367
441,2230,attention,0.034414466470479965,0.1204898360495766,0.9966093301773071
442,884,attention,0.3067215134700139,0.16066997391836985,0.6775282621383667
443,3275,attention,0.1871794643355351,0.16754830789332295,0.9664580821990967
444,1991,attention,0.16550039003292719,0.2537120399375757,0.9986211061477661
445,3426,attention,-0.18474234498312903,-0.04755860801001459,0.0023448080755770206
446,566,attention,0.3863753237434336,0.034717212657670714,0.9992467164993286
447,3457,attention,0.539395633843486,0.06381349265575409,0.998980700969696
448,2792,attention,0.11119805899533358,0.1577018591490659,0.9960203766822815
449,4095,attention,0.41761176316783977,0.11475044804123732,0.99498051404953
450,2257,attention,0.5022970143901674,0.10455273405501717,0.9961966276168823
451,4129,attention,-0.08544022185461862,0.44961923330223985,0.6013912558555603
452,1606,attention,0.19763760219017665,0.16039286255836488,0.996669352054596
453,439,attention,0.290754324860043,0.19336850527260038,0.9968563318252563
454,2737,attention,0.11490918286144733,0.33969667218625543,0.9930230379104614
455,2008,attention,0.19404786409333694,0.2631438949773478,0.980529248714447
456,3731,attention,0.6536045868111693,0.11683791292750317,0.9366511106491089
457,3519,attention,0.2877610484336285,0.29451973292421785,0.9982911944389343
458,2678,attention,0.3159922400246496,0.22315400470372126,0.9567103981971741
459,4561,attention,0.3488585149248441,0.16006888846556347,0.9962685108184814
460,3617,attention,0.0923772917405979,-0.01923891740876275,0.29665276408195496
461,1998,attention,-0.04231952446879762,-0.07112923716053818,0.0412522628903389
462,1121,attention,0.5519696440209042,0.3595062026923353,0.9835547804832458
463,2601,attention,0.15577275881713087,0.10190706666220319,0.9989109039306641
464,1261,attention,0.06509400140016507,0.24262705836922693,0.9994351267814636
465,2275,attention,0.07071208208799362,0.5028231979929842,0.9245105981826782
466,2611,attention,0.10744929984211922,0.11139378733932973,0.9992610812187195
467,844,attention,0.15381802426230523,0.39309837981577844,0.9531400799751282
468,4265,attention,0.42555798849333887,0.34993750537219254,0.9553266763687134
469,27,attention,0.1463140097318911,0.05444951793726753,0.9992986917495728
470,229,attention,0.5913199251890182,0.05506789892911911,0.9817320704460144
471,862,attention,0.04024088145657019,0.10367681255394762,0.9989375472068787
472,3155,attention,0.08310739447673161,0.0697703870634238,0.9988868832588196
473,4039,attention,0.5106890353560448,0.058783461451530454,0.9874572157859802
474,183,attention,0.1619552732868628,0.1554886055263606,0.8408257365226746
475,2360,attention,0.10758782298334184,0.19716208884792943,0.9968122839927673
476,2348,attention,0.2757037417455153,0.5204829577017914,0.8021566271781921
477,238,attention,0.1627590267947226,0.08329818194562738,0.9872130751609802
478,3180,attention,0.27991188297400604,0.06826888226174019,0.9992392063140869
479,2581,attention,0.2673679092632873,0.29152483054037603,0.9943011999130249
480,1567,attention,0.11009169427248147,0.2868038203853827,0.998291552066803
481,2925,attention,0.1149328900501132,0.10173532428840797,0.9994780421257019
482,523,attention,0.41030092750276836,0.27948171581540787,0.9963511228561401
483,1035,attention,0.0697529767010663,0.4074872295195992,0.9714162945747375
484,2402,attention,0.14646024521320097,0.18493993628409602,0.9966562986373901
485,2312,attention,0.3735083250535859,0.07621615793969896,0.9954087138175964
486,1225,attention,0.3866040390729904,0.052969334721565245,0.999314546585083
487,2069,attention,0.12949794148787475,0.1510308984762583,0.9992940425872803
488,423,attention,0.438155072559784,0.05384367685039322,0.999146580696106
489,4427,attention,0.1360577925255424,0.1351636303098578,0.9972666501998901
490,1174,attention,0.09742409645057307,0.05798419401413057,0.9946218729019165
491,1490,attention,0.19033096143693634,0.19179841650254797,0.9994750618934631
492,2020,attention,0.694130277261138,0.0899167192930525,0.9884366989135742
493,1837,attention,-0.07955589487415846,-0.21122784448451684,0.19283337891101837
494,3730,attention,0.32016261030987997,0.26640342003325135,0.9857283234596252
495,1586,attention,0.13603059947490692,0.20624364341827148,0.9994356036186218
496,3595,attention,0.29898658198745626,0.04717978756678732,0.9992507100105286
497,2622,attention,0.2248097134799492,0.04032472793648883,0.9990929365158081
498,2173,attention,0.1188950301744999,0.16587735330447173,0.9975391626358032
499,2153,attention,0.0911258544693602,0.14343378962354458,0.9989340901374817
500,1139,attention,0.4644252767875081,0.07600373242582593,0.99576735496521
501,4101,attention,0.45338114883218494,0.10474358882222856,0.9974703788757324
502,4005,attention,0.21402494692140156,0.31604113678137463,0.920300304889679
503,1530,attention,0.3869899118818888,0.05359541497579435,0.9989368319511414
504,4259,attention,0.08867105116715303,0.6193088093785116,0.9868696331977844
505,2175,attention,0.28363493750704094,0.0790734535202067,0.998029887676239
506,1016,attention,0.23165840583462868,0.14843730508319794,0.9987121820449829
507,1575,attention,0.0971886042286368,0.16537207335818047,0.988329291343689
508,1333,attention,0.627941394076598,0.1285745890980417,0.997680127620697
509,1380,attention,0.46285727416927164,0.06569743427363309,0.9898627996444702
510,1428,attention,0.23821914283668294,0.1648910930928062,0.9926486611366272
511,2027,attention,0.10055033318125285,0.2246684807424362,0.9842751622200012
512,1039,attention,0.22228946447372436,0.06213780701160431,0.9986599683761597
513,22,attention,0.23295718639395957,0.22395564303841703,0.9752492904663086
514,1276,attention,0.09025557711720467,0.07961694430559874,0.998924195766449
515,1367,attention,0.12076360195182091,0.4822267829332241,0.9712473750114441
516,147,attention,0.24470906385353633,0.2387184841292245,0.9817050695419312
517,3226,attention,0.38058527738407805,0.16998759077654946,0.9958255290985107
518,4586,attention,0.2170310890482318,0.053641263996401144,0.9990346431732178
519,2301,attention,0.2106571647070222,0.1518461221860627,0.9713895320892334
520,2466,attention,0.2955393546050595,0.14696374439424084,0.9994401335716248
521,2876,attention,0.2711511055628459,0.24113616793870163,0.9326568841934204
522,2213,attention,0.6522028094364537,0.22061039093467924,0.9941562414169312
523,2261,attention,0.4916420475794719,0.06404358435135621,0.9990488886833191
524,1956,attention,-0.014685461805625395,-0.04831604524092241,0.21360939741134644
525,2369,attention,0.5484047471842868,0.19126190181742322,0.9757903218269348
526,190,attention,0.3832057012865941,0.07315680964125527,0.9993757605552673
527,1834,attention,0.10919129367058093,0.12149005967837113,0.9904553294181824
528,2393,attention,0.12537916584147346,0.23148257037003836,0.8728262186050415
529,282,attention,0.0882815402643434,0.06787253890571923,0.9992960691452026
530,1916,attention,0.4103108299896121,0.14938780944794416,0.9962771534919739
531,4527,attention,0.6481969203977358,0.1414122341998986,0.9958440661430359
532,1324,attention,0.21907851405632803,0.20829235972502294,0.997307300567627
533,3576,attention,0.42950202967669515,0.03801103782009434,0.9993765950202942
534,4029,attention,0.19940013847043436,0.06702896183536898,0.9840233325958252
535,1683,attention,0.40887765975102136,0.0747352281342382,0.9959592223167419
536,4353,attention,0.3860875968707771,-0.14227735014950357,0.6442529559135437
537,273,attention,-0.2875198083264487,0.08687485199735252,0.4366813004016876
538,1970,attention,0.2806589066982269,0.050570559501647946,0.9992675185203552
539,903,attention,0.2563248063836779,0.20324166864156723,0.9751281142234802
540,3599,attention,0.2828463137149811,0.0587260365486145,0.9986629486083984
541,2499,attention,0.5900462489761412,0.06536685228347779,0.7589396238327026
542,3514,attention,0.21047750050606934,0.12584025218434955,0.9938662648200989
543,2991,attention,0.42090970581691517,0.16180737434249176,0.9984467625617981
544,3705,attention,0.3327683206647635,0.14698420986533164,0.9963952898979187
545,2014,attention,0.17340645828145615,0.11538027226924896,0.9991874098777771
546,257,attention,0.20887273660412542,0.36616943859391743,0.9354739189147949
547,3721,attention,0.20388257185943792,0.10934567720186515,0.999211311340332
548,2368,attention,0.07962950666745504,0.10868449376689063,0.9995133876800537
549,3689,attention,0.07779772769897542,0.08404379480696739,0.9995414018630981
550,2574,attention,0.0948562974279577,0.16956259332823032,0.9986448884010315
551,4260,attention,0.08933030068874359,0.48520487783984706,0.9845682382583618
552,517,attention,0.3479373189320247,0.2284412730124689,0.9890824556350708
553,3170,attention,0.0914581699951275,0.0817296467973171,0.37728896737098694
554,3201,attention,0.2555860924720764,0.285158212184906,0.9731975793838501
555,3194,attention,0.12179494940716287,0.20551583300466122,0.9696018099784851
556,3897,attention,0.3668770894408226,0.11808482445776462,0.9893485307693481
557,858,attention,0.12863561790436506,0.44484545662999153,0.953101634979248
558,19,attention,-0.4372992625942937,0.0035056899543161745,0.19863805174827576
559,699,attention,0.19821684117670413,0.23536762484797724,0.9981850981712341
560,575,attention,0.15445648475239673,0.12786716843644777,0.9992434978485107
561,1646,attention,0.10393049603416807,0.07503065857149306,0.998680055141449
562,3623,attention,0.2559580286828483,0.044272403164607725,0.9992762207984924
563,599,attention,0.09428595155477523,0.16043793596327305,0.8552141785621643
564,2894,attention,0.08740107152197096,0.16115007665422226,0.9994414448738098
565,305,attention,0.2681629486241431,0.290187879553381,0.7452290058135986
566,3433,attention,0.4363726042913941,0.21516862764673414,0.9913182258605957
567,3826,attention,0.26762854589356316,0.19884358247121176,0.833632230758667
568,1350,attention,0.30352533279972915,0.06643080010133631,0.999143123626709
569,2129,attention,0.6251076293939893,0.06170756911689585,0.9817749261856079
570,1422,attention,0.22579259621469597,0.11564159471737712,0.9939923882484436
571,3819,attention,0.3578246445818381,0.22433669755065982,0.9720261693000793
572,1527,attention,0.08007919371128082,0.13461253613233568,0.9995263814926147
573,1087,attention,0.02827380360527472,0.09152214567769658,0.9994671940803528
574,1484,attention,0.3916384628633173,0.14398196266918648,0.9925711750984192
575,3513,attention,0.07622599005699157,0.26889606937766075,0.9936748147010803
576,3361,attention,0.15499409900771247,0.32586891767051485,0.9925170540809631
577,1323,attention,0.6724155232310295,0.19483489245176316,0.9002510905265808
578,1553,attention,0.287793223879167,0.1226863002493268,0.9968364238739014
579,3687,attention,0.17165730973439558,0.18452373133706196,0.9988264441490173
580,4368,attention,0.3707710216122289,0.04425862143116613,0.9993677735328674
581,3165,attention,0.38490093305059103,0.09954773926216623,0.9985639452934265
582,1309,attention,0.4425010455377174,0.11943792303403218,0.9942368268966675
583,2983,attention,0.1328358688415625,0.33693980597532713,0.9794597029685974
584,3378,attention,0.2678843217867392,0.3335798305493814,0.972556471824646
585,345,attention,-0.019656470511108637,-0.18429539287867752,0.22643691301345825
586,1086,attention,0.4962235756218433,0.14783112183213235,0.9965366125106812
587,923,attention,0.3261656388640404,0.1883128046989441,0.9984931945800781
588,1571,attention,0.3341681808233261,0.13808423792943358,0.9976995587348938
589,842,attention,0.5364818177661117,0.09327394439249623,0.9669604301452637
590,2165,attention,0.4925430534550777,0.25673645161665404,0.9136630296707153
591,608,attention,0.261035474098247,0.20329713043959244,0.9965329170227051
592,285,attention,0.2976599694652991,0.13527680764144118,0.9881919026374817
593,2009,attention,0.21248327805237335,0.08554693921045824,0.9968289732933044
594,807,attention,0.7415808331827785,0.1683871867351754,0.9934793710708618
595,4511,attention,0.2442662181953589,0.085871122777462,0.9991313815116882
596,2495,attention,0.27208439713599636,0.07388019503331651,0.9992901086807251
597,405,attention,0.32767013384371385,0.05295384720880158,0.9991509914398193
598,218,attention,0.4192749684856784,0.08390805894328703,0.9951441287994385
599,1976,attention,0.11965441448347909,0.16486250247274126,0.9597140550613403
600,4040,attention,0.09841114282608032,0.4090364785356955,0.9750842452049255
601,2461,attention,0.13806223959633798,0.06016569065325188,0.999349057674408
602,2095,attention,0.0893112432281926,0.20355787142267767,0.9949711561203003
603,327,attention,0.002702168623606364,0.17369804146389167,0.5873706340789795
604,2957,attention,0.18238359134076004,0.045889506400641746,0.9203109741210938
605,1778,attention,0.17756539831558862,0.31930843243996304,0.9840218424797058
606,688,attention,0.5330924884631083,0.12273927223988068,0.9932776093482971
607,393,attention,-0.09563943055959848,0.3733299743049802,0.6850461363792419
608,3495,attention,0.08372926065381968,0.1303345299554321,0.9981430768966675
609,2741,attention,0.17653112437414087,0.0774204776338909,0.9992361068725586
610,3105,attention,0.21987687504809836,0.23797850505165433,0.9249241352081299
611,3579,attention,0.20962080912930625,0.22798852835382735,0.9520959258079529
612,4460,attention,0.15122409894111308,0.231957623299132,0.9898013472557068
613,1491,attention,0.1677742129877994,0.2879296266718915,0.9982465505599976
614,882,attention,0.5374404945307307,0.1355509724881914,0.9501113295555115
615,2085,attention,0.41329002380371094,0.4474768450966588,0.9845461845397949
616,1769,attention,0.30087172638538273,0.32845216920209486,0.9936925172805786
617,3177,attention,0.2807483094079154,0.1502452837569373,0.786124587059021
618,3766,attention,0.09396091638467251,0.10666494644605197,0.9932982325553894
619,2049,attention,0.1528453161008656,0.20138459373265505,0.9959898591041565
620,794,attention,0.12870418483560736,0.17323298210447485,0.9991806149482727
621,1617,attention,0.32161314061118496,0.07500375372668107,0.9971369504928589
622,21,attention,0.12872542661649208,0.07986812238340024,0.9991961121559143
623,2626,attention,0.268117724524604,0.12070675227377149,0.9990397095680237
624,2199,attention,-0.286409563322862,0.014517608564347029,0.11630181223154068
625,4578,attention,0.34890499298876904,0.25947820141594463,0.9979962110519409
626,1535,attention,0.607410334821405,0.19588794893231884,0.965785801410675
627,1012,attention,0.2578092999756336,0.2930654273368418,0.9110031127929688
628,3302,attention,0.24125438928604126,0.12416308730840683,0.9966009259223938
629,3059,attention,0.344213164349397,0.1751534844438235,0.9944150447845459
630,1172,attention,0.22956928035075014,0.1775062449953773,0.9994309544563293
631,3322,attention,0.24062779388929667,0.14300779763020968,0.9869601726531982
632,3232,attention,0.0560545472597534,0.48605392970652744,0.6787059307098389
633,3859,attention,0.22192262743528074,0.13518318610313612,0.9994000196456909
634,1015,attention,0.4732079301462617,0.10437933164973591,0.9988258481025696
635,1364,attention,0.09005125514839006,0.1962316483259201,0.9986250400543213
636,2757,attention,0.0429545628863412,0.0982472538142591,0.9965582489967346
637,182,attention,0.5502021268886679,0.28047844972096236,0.9968185424804688
638,1107,attention,0.12966184442241988,0.11182378342858067,0.9994277358055115
639,188,attention,0.28828556197030203,0.32690228308950153,0.9641963839530945
640,2990,attention,0.1200519638756911,0.7052079594626169,0.9777076244354248
641,2951,attention,0.12098537354419629,0.19388203819592795,0.9268053770065308
642,3539,attention,0.11047252515951793,0.10448475793386117,0.9992080330848694
643,3473,attention,0.30906142108142376,0.3016144049664338,0.9916621446609497
644,1655,attention,0.2764159774650698,0.348895048403748,0.9561798572540283
645,3422,attention,0.08099872003430905,0.2365706919328026,0.9873555302619934
646,4077,attention,0.18993893556478547,0.13137958762122365,0.9864309430122375
647,3015,attention,0.08622799765679144,0.27818101452242944,0.9961894154548645
648,2713,attention,0.34460335969924927,0.12147355595460305,0.9959392547607422
649,3397,attention,0.48472241653089826,0.11261420871349091,0.9982140064239502
650,1266,attention,0.35005506979567663,0.053840226360729763,0.9910101890563965
651,1623,attention,0.0883475009065408,0.12783800753263327,0.9975281357765198
652,3358,attention,0.5476942520056453,0.01596303851831527,0.9994218349456787
653,373,attention,0.0934251588769257,0.3480179966427386,0.9986394047737122
654,2026,attention,0.29271379510561624,0.13121883256567848,0.9973853230476379
655,1524,attention,0.4329276540531562,0.05802984764942756,0.9991912245750427
656,422,attention,0.2129902442296346,0.1390277636902673,0.9964370727539062
657,3169,attention,0.07523300542550929,0.17550905487116644,0.9984326958656311
658,3650,attention,0.37990675168958576,0.1519823296503587,0.9988405108451843
659,3800,attention,0.511227687384854,0.10441346371427496,0.9954853653907776
660,1120,attention,0.31208730699881065,0.15361620485782623,0.9985499978065491
661,2249,attention,0.28657623917557473,0.04176437161689581,0.999239444732666
662,4043,attention,0.07510424145432405,0.1445309505906216,0.9995046854019165
663,616,attention,0.14946501522228636,0.16586880745558902,0.9932864308357239
664,2691,attention,0.3904202177717879,0.04230334629883637,0.9945648908615112
665,2043,attention,0.10076120868325233,0.15516450894730432,0.9893264770507812
666,3188,attention,0.04257751852273941,0.6474865452386439,0.9561892151832581
667,2835,attention,0.3659079665174851,0.17837380044735396,0.9964105486869812
668,4211,attention,0.0971258689959844,0.14550633678833644,0.9993695616722107
669,917,attention,0.4855785323306918,0.23950076196342707,0.9769731760025024
670,4100,attention,0.23021823705898392,0.13785423901345994,0.9941927790641785
671,1162,attention,0.21007508911737582,0.07368131745152356,0.9986494183540344
672,3716,attention,0.4432573048181312,0.2004453830940779,0.9980462789535522
673,1248,attention,0.11285127008833536,0.06289287311274831,0.9990745782852173
674,828,attention,0.11060312770782633,0.18299656979581144,0.9993220567703247
675,2243,attention,-0.0945437882215746,-0.07528908917259786,0.019019760191440582
676,2902,attention,0.12909361382700363,0.08870841337824767,0.9966222047805786
677,337,attention,0.22990726010921675,0.17286864801859245,0.9783531427383423
678,2351,attention,0.2849203783273697,0.07750683248043061,0.9992207288742065
679,1959,attention,0.4857864987105131,0.17733452953398227,0.9609718918800354
680,3431,attention,-0.13298794517322676,-0.1404004591940975,0.00046993696014396846
681,4374,attention,0.2467408283632629,0.10552755059028159,0.9872118830680847
682,1102,attention,0.2658485779256532,0.167390967408816,0.999197781085968
683,1246,attention,0.04248180724026864,0.14433446944805614,0.9996080994606018
684,1176,attention,0.40331088478366534,0.1655276464091407,0.9969789981842041
685,4579,attention,0.0583106709851159,0.10353595316410065,0.9994199275970459
686,3195,attention,0.2753049065085018,-0.04325923805727678,0.6346989870071411
687,2790,attention,0.1429274386167526,0.19816698074340822,0.9861191511154175
688,3877,attention,0.6572610074210734,0.051971604426701866,0.9876953363418579
689,93,attention,0.3562313323450643,0.08382329102172408,0.9915067553520203
690,2795,attention,0.556626396052338,0.2472134582899712,0.7535057663917542
691,2317,attention,0.1958825672892007,0.16028674590316686,0.96194988489151
692,385,attention,0.18192091340921362,0.08900423682465845,0.9994681477546692
693,913,attention,0.24185339700091968,0.047537787394090134,0.9994449019432068
694,693,attention,0.16007531848218706,0.1628714225910328,0.9457829594612122
695,3241,attention,0.2553873859345913,0.2934306375682354,0.9732812643051147
696,2471,attention,0.24408479339005995,0.1157633268407413,0.982262372970581
697,311,attention,0.3561890422594997,0.10721551542574505,0.9971117973327637
698,334,attention,0.6956842607062943,0.12816918795963503,0.9988366961479187
699,861,attention,0.07562890566057628,0.11010902540551291,0.999292254447937
700,1454,attention,0.15473551054795584,0.12262196135189798,0.870018720626831
701,2684,attention,0.18476792720128904,0.0685264878677872,0.9973424077033997
702,1224,attention,0.4475364356617173,0.22172129058068799,0.4944649934768677
703,2585,attention,0.0978514701128006,0.07017612730970188,0.9993125200271606
704,708,attention,0.48259248341555183,0.038533314414646316,0.999289870262146
705,3141,attention,0.09300319558900336,0.10669564196596974,0.9991186261177063
706,38,attention,0.307007724102938,0.17974838277079025,0.9958574175834656
707,2683,attention,0.5461634585633874,0.07130494490265846,0.9975536465644836
708,935,attention,0.2556185390876264,0.09358926391114994,0.9975470900535583
709,3339,attention,0.12735938572365305,0.13334740309611612,0.9989293217658997
710,1325,attention,0.4178568998048472,0.14731905903927114,0.9911705255508423
711,2120,attention,-0.12304440783519371,-0.2333620850946389,0.1793193370103836
712,470,attention,0.15641179971578645,0.30223640018120046,0.9710757732391357
713,3393,attention,0.17041636479867472,0.319651027788987,0.9974689483642578
714,1942,attention,0.23793816845864058,0.12690730765461922,0.9988511800765991
715,3371,attention,0.181007975505458,0.06716249634822209,0.9979150891304016
716,1713,attention,-0.07771058315816133,0.20274876235255404,0.3988629877567291
717,160,attention,0.08220493454824794,0.10673490098931572,0.9973318576812744
718,1192,attention,0.17338783256709575,0.0618257649242878,0.9993274211883545
719,2161,attention,0.05215366587445543,0.10720781377843909,0.9993523955345154
720,3925,attention,0.26270110783029776,0.10881524154397308,0.9852386116981506
721,3619,attention,0.18752114602497647,0.20003181951386587,0.9477124810218811
722,4209,attention,0.6451302783038372,0.42878557397769046,0.9352366328239441
723,3524,attention,0.2248611042033071,0.09171177414448364,0.9971683621406555
724,353,attention,0.16645228984404584,0.05108611863486621,0.9979647397994995
725,2548,attention,0.1641543936871347,0.2089697461397875,0.9975493550300598
726,4202,attention,0.4334351903625897,0.09657369894640787,0.997850775718689
727,1014,attention,0.16898860254070974,0.5850411605089902,0.9347330927848816
728,1200,attention,0.47011362452959193,0.1429489144477351,0.9977559447288513
729,4580,attention,0.06251576377285852,0.10091237061553532,0.9995810389518738
730,3087,attention,0.37625628443700926,0.17865785637072154,0.9966663718223572
731,1305,attention,0.2580721162259579,0.07586037665605545,0.9835767149925232
732,112,attention,0.21958751324564219,0.13178833853453398,0.9985590577125549
733,1853,attention,0.4470612478978706,0.04726800954703129,0.9991658926010132
734,4310,attention,0.28576707268177076,0.11034757314726364,0.9597232341766357
735,3873,attention,0.11620230384563145,0.1074132589917434,0.9993884563446045
736,4216,attention,0.3028105098121571,0.01677963306319039,0.9993745684623718
737,14,attention,0.25769368953564586,0.13627706380451426,0.9734302163124084
738,3915,attention,0.7985730329736336,0.16948833678449904,0.9973796606063843
739,2387,attention,0.26637498005515053,0.07332551195507958,0.9941787719726562
740,533,attention,0.24083367120918064,0.10983228115808397,0.4826476275920868
741,3551,attention,0.07570236601999827,0.1176346976842199,0.9966212511062622
742,851,attention,0.21833173422650856,0.19418933682821013,0.9978539347648621
743,1418,attention,0.1590303057118466,0.4197025992172329,0.9697797298431396
744,3446,attention,0.11439625011838,0.05712662086538647,0.997368335723877
745,1318,attention,0.4368038834495978,0.1965279264206236,0.9875132441520691
746,677,attention,0.11386530143874032,0.11721105022089821,0.9916860461235046
747,3740,attention,0.21150441691279412,0.18314556255936623,0.9944434762001038
748,1317,attention,0.10181819439911452,-0.06465124905292617,0.5384346842765808
749,1072,attention,0.9459455652441829,0.41218759432435037,0.9982333183288574
750,4275,attention,-0.17638708725571633,0.19407278234139086,0.5105814337730408
751,655,attention,0.5201797572703197,0.16373520884020576,0.9464302659034729
752,3128,attention,0.08041302605373103,0.6110487673999514,0.9878808259963989
753,3143,attention,0.11633300085862477,0.1717416028181712,0.9988874793052673
754,568,attention,-0.11865634151867457,0.3950891344142812,0.6731927394866943
755,1871,attention,0.03983100354671478,0.1407760389149189,0.9991005659103394
756,3956,attention,0.155958558122317,0.0638245658742057,0.9991905093193054
757,121,attention,0.10109202616981097,0.328923730977944,0.9930188059806824
758,3150,attention,0.546177972432064,0.07842777215916177,0.9939358830451965
759,587,attention,0.1517581744835927,0.1433085783933982,0.9995540976524353
760,3061,attention,0.2959955317937598,0.12341620423355881,0.9894143342971802
761,3162,attention,0.23173411576836198,0.054325033669118526,0.9993428587913513
762,1254,attention,0.11463283434990913,0.0698263642768706,0.9993379712104797
763,2658,attention,0.1494201532703765,0.16357386619486708,0.9953664541244507
764,163,attention,0.6545756350864064,0.20432846731953808,0.9316372275352478
765,1322,attention,0.13531700288181875,0.11622577038273882,0.995735764503479
766,4249,attention,-0.007021737640554255,0.3557215811557729,0.7952587604522705
767,360,attention,0.16866288262028847,0.2084522223280322,0.9935325384140015
768,1768,attention,0.4149360369258332,0.226854552075548,0.9967795014381409
769,732,attention,0.1971366815889875,0.046460635711749396,0.6572086811065674
770,2671,attention,0.4952019281556894,0.13099047593001661,0.9818098545074463
771,691,attention,-0.08340989979537758,0.4134873441181372,0.5833619236946106
772,79,attention,0.5047104459393907,0.09307697801678269,0.9984570741653442
773,2776,attention,0.09900165247646245,0.22390863638032565,0.9979240894317627
774,1053,attention,0.4189353482980354,0.19941480662308486,0.8781459927558899
775,410,attention,0.14535623475124962,0.26725248600307266,0.9984721541404724
776,4367,attention,0.5080322722593943,0.30750892133939833,0.952244222164154
777,1667,attention,0.22902738354168833,0.14850680008530617,0.9760575890541077
778,3349,attention,0.40594051481623733,0.164696520034756,0.7163977026939392
779,2672,attention,0.42803409176342416,0.2744539212999922,0.9987738728523254
780,4038,attention,0.2078695424622105,0.07660620659589767,0.9978801012039185
781,4552,attention,0.1274377721197465,0.08222975362749661,0.9957738518714905
782,1542,attention,0.25034163268853205,0.0758287930975155,0.9965852499008179
783,1336,attention,0.11377332724776923,0.062194685433425156,0.9987636804580688
784,1519,attention,0.20817560224961013,0.03781138627957075,0.9992033839225769
785,1229,attention,0.15838294446468354,0.04523470044136047,0.9991181492805481
786,1968,attention,0.12416369033356507,0.344565668834548,0.9927006959915161
787,4416,attention,0.40983403513306066,0.09750220650120785,0.9977737069129944
788,2109,attention,0.49248231898565764,0.0907640628150252,0.9951434135437012
789,725,attention,0.13821507067907424,0.050305179896808806,0.9993847608566284
790,1134,attention,0.003206102620987665,0.306840536317655,0.7298153042793274
791,101,attention,0.1416492125262385,0.20476714942766272,0.9894145727157593
792,4266,attention,0.4918528570425372,0.0795296361280042,0.9957767724990845
793,2253,attention,0.3288819514788114,0.14392997591923445,0.9804319143295288
794,1269,attention,0.04563286838432153,0.15094925463199615,0.999366819858551
795,2813,attention,0.32689512499741147,0.13320081872599465,0.9908060431480408
796,193,attention,0.46845900651180383,0.10896610671823675,0.9990468621253967
797,1127,attention,0.35768017857461365,0.10268923801344794,0.9991212487220764
798,2871,attention,0.6177329617302593,0.032055899137403907,0.999359667301178
799,3470,attention,0.07123336984830744,0.41774552978356094,0.9851285219192505
800,280,attention,0.4169278563441415,0.24846845080977992,0.9979800581932068
801,1696,attention,0.16955904910961786,0.081309807797273,0.9992374181747437
802,2623,attention,0.10382442673047383,0.15196065604686737,0.9975774884223938
803,2139,attention,0.2808055210372676,0.04587510163369386,0.9991551637649536
804,3438,attention,0.14177954129197382,0.09434452178803357,0.9978731870651245
805,82,attention,0.17089136481285094,0.18264322608709335,0.9986634254455566
806,876,attention,0.17563383005283498,0.1276627293339482,0.8936775326728821
807,2719,attention,0.13578404232542565,0.3298646838582577,0.9975148439407349
808,2374,attention,0.12914466269706426,0.10802534222602844,0.9988671541213989
809,1569,attention,0.18382345171684913,0.0989764117180033,0.9009878635406494
810,2416,attention,0.13461857785781225,0.15978426517297825,0.9984265565872192
811,3724,attention,0.24509830261979784,0.2832199637378965,0.9507468938827515
812,3511,attention,0.36143413752317427,0.22333129554986952,0.9864051342010498
813,4046,attention,0.3113916863997777,0.1735132717423969,0.9659867882728577
814,2132,attention,0.3681283246387135,0.15084369643168016,0.7641882300376892
815,2932,attention,0.365277119419154,0.0442781141575645,0.999075174331665
816,3414,attention,0.09810698586840962,0.17225802811079247,0.9952929615974426
817,1009,attention,0.2723150303269305,0.1622044818430412,0.9986796975135803
818,4171,attention,0.4466774369158396,0.11462537181086657,0.9994396567344666
819,1439,attention,0.10979217868678424,0.19520667560246527,0.9960202574729919
820,3603,attention,0.28978579751280853,0.038880609495695245,0.9982815980911255
821,2680,attention,0.11637883151278776,0.07182042797406514,0.9991251826286316
822,4297,attention,0.2121125559012095,0.13916366192556562,0.9990498423576355
823,630,attention,0.2779087444146474,0.13498296009169686,0.9961799383163452
824,638,attention,0.4411376714706421,0.07790471870323708,0.9926242232322693
825,455,attention,0.08344926574128739,0.31026347671100435,0.5071028470993042
826,129,attention,0.09903606639968024,0.19482002415590816,0.9993221759796143
827,3544,attention,0.19486484772119766,0.10986925623355767,0.9990901947021484
828,2705,attention,0.5423551648855209,0.1790546803520276,0.9922772645950317
829,4542,attention,0.24286236336170616,0.04174950314780413,0.9992546439170837
830,1736,attention,0.31129961322855065,0.1412375889442585,0.9978107810020447
831,1442,attention,0.1334876505340018,0.13788422215275647,0.9889532327651978
832,836,attention,0.19262731820344925,0.28322166856378317,0.9602082967758179
833,3713,attention,0.1535270917109954,0.16782118456485945,0.997062623500824
834,963,attention,0.42588519253607454,0.30650554443227834,0.7013798356056213
835,3500,attention,0.24756843984127044,0.09913563787937164,0.9903208613395691
836,1386,attention,0.3417408773675561,0.23040406731888652,0.988541841506958
837,3631,attention,0.48863670807711934,0.07695229077825741,0.9985546469688416
838,3220,attention,0.15528466654758827,0.06235438877461003,0.9970023036003113
839,1920,attention,0.4052757117254981,0.16388153361863103,0.9749138355255127
840,3065,attention,0.34773150568499284,0.4344771011349033,0.9664181470870972
841,4122,attention,0.21957614921754406,0.07583103977864789,0.9988512992858887
842,2735,attention,0.6276393877249741,0.13347032056613403,0.9983483552932739
843,1441,attention,0.5307733670231842,0.08089163296279453,0.9963527917861938
844,860,attention,0.4048019901595332,0.09118528189984235,0.9987955093383789
845,930,attention,0.06536060363747352,0.09695095967414767,0.9993113279342651
846,2920,attention,0.3466501037279765,0.16695325407716963,0.9939746260643005
847,3073,attention,0.0491044120146678,0.48009291727794334,0.9264870285987854
848,2537,attention,0.3473675873349695,0.09364201654406155,0.9951505661010742
849,4582,attention,0.612312244569383,0.2788209918795562,0.9943999648094177
850,173,attention,0.18970683773062122,0.11121589568123888,0.9981030225753784
851,1056,attention,0.3064163606013021,0.28796875188427584,0.9929484128952026
852,2870,attention,0.4626140986618243,0.20893068846903348,0.9918369650840759
853,50,attention,0.42525750219023656,0.33353147708943914,0.9725416302680969
854,2560,attention,0.4787956231679672,0.12658508465840265,0.9982095956802368
855,31,attention,0.07464900769685444,0.14637415777695806,0.9972336888313293
856,3419,attention,0.18632782234790476,0.11128977226450089,0.9989976286888123
857,3023,attention,0.13421538371150776,0.12260698716519243,0.9991033673286438
858,1433,attention,0.17010428597692584,0.15308144175615468,0.9910736680030823
859,399,attention,0.1914294033366091,0.2035377065048498,0.9990413784980774
860,3793,attention,0.15213708149062263,0.03892072637875875,0.9991317391395569
861,3354,attention,0.35597928799688816,0.2604925825726241,0.9954630732536316
862,749,attention,-0.2901365842138018,0.22321293410190957,0.4001754820346832
863,3479,attention,0.24984224885702133,0.3700098069156925,0.9988149404525757
864,3212,attention,0.20648159086704254,0.08813460212614802,0.8418026566505432
865,617,attention,0.10151221778462916,0.11924309414975784,0.9992697834968567
866,4442,attention,0.2510093985459743,0.08274757174345163,0.9992165565490723
867,2130,attention,0.8360568781158534,0.14018533147614579,0.9917389154434204
868,283,attention,0.369241567168917,0.1407579779624939,0.9724657535552979
869,4517,attention,0.3111925891467503,0.1878897604488191,0.9827471971511841
870,1217,attention,0.3362923283939776,0.03421067867590034,0.997246503829956
871,55,attention,0.20583398143450418,0.1912044376755754,0.9938522577285767
872,2038,attention,0.16421878337860107,0.09672762027808599,0.996727466583252
873,1302,attention,0.20862215757369995,0.22760886190967125,0.9955599308013916
874,2767,attention,0.26365245186856817,0.1191405841548528,0.5201186537742615
875,1813,attention,0.5804433761083562,0.017927983532781185,0.99909508228302
876,3881,attention,0.2020324096083641,0.10132421967056063,0.9980366826057434
877,434,attention,0.11523083777263246,0.1717584785716287,0.9986609220504761
878,115,attention,0.41201310558244586,0.36593762717633843,0.9986892342567444
879,2119,attention,0.17936758561567825,0.14148298357472275,0.9953769445419312
880,2923,attention,0.06667995584361694,0.20571650038747227,0.9991176724433899
881,3392,attention,0.23336661965758712,0.2538150835920263,0.9822044968605042
882,1789,attention,0.273131861439291,0.036032965723073705,0.9983977675437927
883,1103,attention,0.07614015334326288,0.23699222812833992,0.998978853225708
884,348,attention,0.014504120205387924,0.09615213243347226,0.6730783581733704
885,4441,attention,0.0494412607422062,0.1797111804811649,0.9994233846664429
886,78,attention,0.06897916065322028,0.4144448879416342,0.9962342381477356
887,3224,attention,0.09492730253782028,0.2274350160971666,0.9987070560455322
888,1821,attention,0.4132351577281952,0.08974665491019979,0.999369204044342
889,1735,attention,0.0940423697795508,0.11437807077506804,0.9992828965187073
890,2473,attention,0.08164908303770908,0.10985845847185267,0.9992145299911499
891,4204,attention,0.26285243340027636,0.09662439349370125,0.9979497790336609
892,3395,attention,0.09912129385130745,0.1220551175730569,0.9993000030517578
893,3405,attention,0.3781676377568926,0.2864800610712596,0.9717742800712585
894,1431,attention,0.17576952576637267,0.13163494527339936,0.9985513091087341
895,2113,attention,0.11202538081190803,0.04303143173456192,0.9994407296180725
896,1294,attention,-0.2960041935773606,0.05318284874900858,0.23911690711975098
897,2798,attention,-0.09048902773194843,-0.1735631591743893,0.06338197737932205
898,4241,attention,0.15744640456663594,0.1424408788616593,0.9952488541603088
899,2697,attention,0.08407996949695405,0.10112381265276954,0.9981086254119873
900,735,attention,0.1817568388096122,0.23208171250515205,0.9977530837059021
901,2398,attention,0.22995138869566076,0.22675439364769878,0.9901330471038818
902,1921,attention,0.38587416550860953,0.1497665411577775,0.9981052875518799
903,2454,attention,0.09445839739860372,0.3317731070391675,0.9865091443061829
904,2436,attention,0.22656185749699087,0.30763814948937473,0.8336161971092224
905,3313,attention,0.15339358312928159,0.20719088840743768,0.9492006301879883
906,2602,attention,0.0939181337231084,0.6360482816633425,0.9651636481285095
907,1378,attention,0.38547320988389755,0.37937879199237234,0.780280590057373
908,4172,attention,0.2355498219690015,0.40587408408041925,0.9546794295310974
909,140,attention,0.11319896853283833,0.13250944841849177,0.9983526468276978
910,2482,attention,0.07677632773464377,0.4140549542551691,0.9925501346588135
911,2566,attention,0.14040876924991608,0.05411515341085546,0.9993178844451904
912,3043,attention,0.20797356569542075,0.16107738488968812,0.9959887862205505
913,2718,attention,0.19484293460845947,0.1689910586727293,0.993831992149353
914,1010,attention,0.35366513448603015,0.06624320587691139,0.9986224174499512
915,1516,attention,0.36182152699413045,-0.051816528130854876,0.6016080379486084
916,1988,attention,0.14120584244237228,0.43252257980844555,0.9752394556999207
917,2942,attention,0.5118960383776072,0.06853940196939416,0.9971004128456116
918,3097,attention,0.2794714263081551,0.2756975620985031,0.9971495270729065
919,151,attention,0.2321473228931427,0.24903697431087493,0.9439519047737122
920,2319,attention,0.07877039849758148,0.4350691419094801,0.9653905034065247
921,1373,attention,0.6910575134906827,0.043777119822618435,0.9969499707221985
922,1358,attention,0.7603885921287454,0.12436935719516543,0.9920171499252319
923,1873,attention,0.45905014478108463,0.1612070001223508,0.9168630838394165
924,2668,attention,0.2628177977525271,0.07580284430430485,0.9989368319511414
925,4357,attention,0.49285387077897386,0.1304591958587234,0.996317982673645
926,62,attention,0.3854776832792494,0.20340075790882112,0.9986578226089478
927,1795,attention,0.2014342823932911,0.1556923327774837,0.9956574440002441
928,1000,attention,0.0950120769295038,0.1286482904471603,0.9972234964370728
929,3679,attention,0.14146065711975098,0.1568464911297748,0.9812660813331604
930,1850,attention,0.2775295931717445,0.20177767913917016,0.9921916127204895
931,2825,attention,0.3411016429846103,0.16308264839104736,0.9966124892234802
932,3964,attention,0.3753090896285497,0.133777094575075,0.9856755137443542
933,1625,attention,0.06006803469998496,0.11047515996864864,0.9992632269859314
934,1313,attention,0.24748900445068583,0.3042368156945004,0.9579071998596191
935,4320,attention,0.11172514871971027,0.19421623768033208,0.9989030361175537
936,2166,attention,0.2879701081891449,0.14993799188915563,0.999046266078949
937,2184,attention,0.0988553418053521,0.3550705818666352,0.8345558047294617
938,4148,attention,0.11920078140166071,0.33044522545403904,0.9991229176521301
939,300,attention,0.47788788837749724,0.037121943707736034,0.9993970394134521
940,339,attention,0.1954221823917968,0.20975181087851524,0.9961872696876526
941,2220,attention,0.5160205940837446,0.06043430774108223,0.9993591904640198
942,1587,attention,0.11508745234459639,0.22870282270014286,0.9941820502281189
943,4410,attention,0.271111050579283,0.03541537986861335,0.9993759989738464
944,3009,attention,0.3039225740175621,0.05911507150706123,0.9992461204528809
945,4314,attention,0.17424122721720964,0.09859878054031959,0.9987629652023315
946,2236,attention,0.12886255379857087,-0.10558007911937993,0.34710606932640076
947,3837,attention,0.14791474888722103,0.1459081734220187,0.9984845519065857
948,2512,attention,0.3132242207293925,0.06648707843345145,0.9992753863334656
949,4272,attention,0.1321814912251937,0.15122592831269288,0.9955319166183472
950,2294,attention,0.38620628373963495,0.12017489671707153,0.9934572577476501
951,3416,attention,0.21409776508808137,0.21121175714901516,0.9990482926368713
952,3694,attention,0.30322822564985696,0.10694667188132681,0.983767032623291
953,108,attention,-0.1674404436349869,0.1432551059126854,0.6615850329399109
954,3795,attention,0.7006300915239586,0.25028638111220464,0.9655578136444092
955,3228,attention,0.2863271825629822,0.3518576422270308,0.998615026473999
956,4327,attention,0.07382635606659783,0.11940050688054826,0.9992097616195679
957,4444,attention,0.5052659957168194,0.03306973152435743,0.9992716908454895
958,932,attention,0.40866216430158325,0.050638546546300255,0.9971217513084412
959,3245,attention,0.47934643998742105,0.09651507548987866,0.9940226674079895
960,1037,attention,0.0882450002570485,0.13006134816380435,0.999542236328125
961,3070,attention,0.07287006362064465,0.09411385333215869,0.9994454979896545
962,507,attention,0.12355864187702537,0.1985129020176828,0.9963080883026123
963,1983,attention,0.09288084771898057,0.08696154587798649,0.9995002746582031
964,635,attention,0.40201892018318175,0.08533201217651368,0.9988839030265808
965,102,attention,0.11908427241348452,0.0574952301479155,0.9880661964416504
966,2618,attention,0.46211874243375417,0.044279097705274016,0.998975396156311
967,2452,attention,0.3987388114134471,0.10250526203049554,0.998415470123291
968,2433,attention,-0.052557850771761956,0.15676074554311467,0.8843941688537598
969,2955,attention,0.10821673197624011,0.05731947070513016,0.9988574981689453
970,4406,attention,0.12980673808072293,0.18254674046433397,0.999517560005188
971,146,attention,0.09238103032112122,0.2247394209106763,0.9879866242408752
972,2277,attention,0.4052847945690155,0.2677470284700394,0.9849121570587158
973,628,attention,0.12027696640260759,0.2507814755362849,0.9879328608512878
974,4147,attention,0.3575564761956533,0.22864805062611898,0.9953141212463379
975,2488,attention,-0.3341315350666338,0.016601171667630574,0.15893366932868958
976,4587,attention,0.6043698909607801,0.10840494163108594,0.9842387437820435
977,624,attention,0.5705259065946628,0.12933584533888717,0.8085424900054932
978,1402,attention,0.08603844477942116,0.514111746433436,0.9951568245887756
979,1547,attention,0.5412429056541864,0.08317597938138385,0.9889434576034546
980,1680,attention,-0.03462501876056194,0.18794075399637222,0.882503867149353
981,2779,attention,0.40272578526110875,0.04852680578118279,0.9986691474914551
982,3616,attention,0.09584117008418572,0.14494053837729665,0.9909054040908813
983,3676,attention,0.14577592648565768,0.1230431642383337,0.9988582134246826
984,2004,attention,0.15831078397922027,0.1761659441085962,0.9954458475112915
985,2141,attention,0.18371897245325694,0.0713971635190452,0.9988664388656616
986,4045,attention,0.25311488067281657,0.178075122679102,0.9974861145019531
987,1761,attention,0.06939602099560402,0.14583817406280622,0.9984110593795776
988,266,attention,-0.014274185875783095,-0.13914024789591092,0.09362630546092987
989,4195,attention,0.29608506313029753,0.11108042331452066,0.5176810622215271
990,1808,attention,0.08944019616818895,0.33051742730187433,0.8842668533325195
991,3786,attention,0.2787822082321695,0.3621478578313551,0.9964937567710876
992,3199,attention,0.16313450038433075,0.15126092930634816,0.9992595314979553
993,2619,attention,0.41997440573241973,0.02260750366581811,0.9993948936462402
994,2459,attention,0.19462586442629495,0.2921158048239621,0.9711902141571045
995,3187,attention,0.5372945012694056,0.02720406719229438,0.9992068409919739
996,4531,attention,0.20028069708496332,0.08128762431442738,0.9991652965545654
997,4355,attention,0.3391375693803032,0.02399553234378497,0.9993711113929749
998,2725,attention,0.10381990541582523,0.15801434024520541,0.9719756841659546
999,4573,attention,0.07154342379325475,0.1185435094894507,0.9993993043899536
1000,1913,gradient_x_input,0.23443035085995992,0.0782565414905548,0.9940606951713562
1001,4550,gradient_x_input,-0.22266496950760484,-0.04909096054325346,0.0026435537729412317
1002,4424,gradient_x_input,0.28622085178220597,0.10787362343556173,0.9993114471435547
1003,3802,gradient_x_input,0.6121366497661386,0.041584529780915806,0.9990894794464111
1004,3867,gradient_x_input,0.3290956054415022,0.0905602148600987,0.939868152141571
1005,2557,gradient_x_input,0.37670758191277,0.10849030228222117,0.94000244140625
1006,2097,gradient_x_input,0.322500024482889,0.03557439232772251,0.9991582632064819
1007,3546,gradient_x_input,0.383211366658987,0.029028697415839796,0.6169075965881348
1008,2808,gradient_x_input,0.19995075856384478,0.09292978558101152,0.9994128942489624
1009,893,gradient_x_input,0.4071883867352696,0.17306426142231893,0.9792831540107727
1010,674,gradient_x_input,0.4150596112012863,0.06300995702093298,0.9992257356643677
1011,4329,gradient_x_input,0.5515670124766265,0.0725170748178349,0.9972947239875793
1012,518,gradient_x_input,0.41414607915936447,0.06087803150095591,0.9962371587753296
1013,3071,gradient_x_input,0.23500346913933753,0.06204327717423439,0.9986370205879211
1014,1449,gradient_x_input,0.5638354313446254,0.08975674175634617,0.9880275726318359
1015,2475,gradient_x_input,0.35268057688422827,0.05597756867823393,0.9992716908454895
1016,2224,gradient_x_input,0.425580595433712,0.03232695311307907,0.9987493753433228
1017,3008,gradient_x_input,0.6706465712707975,0.028137511533239613,0.9971387386322021
1018,2799,gradient_x_input,0.37929878119499455,0.07267937833263029,0.9990039467811584
1019,3455,gradient_x_input,0.5918170224656077,0.15544219227398143,0.9336522817611694
1020,2715,gradient_x_input,0.5116276034089022,0.06694953767366188,0.9993176460266113
1021,1799,gradient_x_input,0.42475590912195355,0.03755268530967908,0.9989339709281921
1022,1476,gradient_x_input,0.14993046559393405,0.10235178656876087,0.9983426332473755
1023,3045,gradient_x_input,-0.12410180344197311,-0.012029503766251238,0.03766162693500519
1024,191,gradient_x_input,0.4184734860853273,0.029213441877948994,0.9994010925292969
1025,1612,gradient_x_input,0.47900969171246816,0.06352003785066826,0.994823694229126
1026,3501,gradient_x_input,0.3759266982475917,0.0696104275683562,0.9978377223014832
1027,2706,gradient_x_input,0.2460983243253496,0.05242003864712185,0.9995693564414978
1028,788,gradient_x_input,0.5046700150580019,0.04642949434551033,0.9957150816917419
1029,2721,gradient_x_input,-0.10639552201610059,-0.06593891892892619,0.0640377625823021
1030,2543,gradient_x_input,0.32922780079146224,0.09674908313900232,0.9978628754615784
1031,4425,gradient_x_input,0.4265266638249159,0.06312342081218958,0.9849875569343567
1032,4154,gradient_x_input,0.39498680643737316,0.061210692627355456,0.9995231628417969
1033,169,gradient_x_input,0.6396688435758863,0.10864876423563276,0.9828258156776428
1034,1657,gradient_x_input,0.2374370592561635,0.05144125290892341,0.9993871450424194
1035,3040,gradient_x_input,0.2589631579947053,0.067232707351969,0.9993938207626343
1036,269,gradient_x_input,0.3050441632910473,0.04575875147086818,0.999180018901825
1037,1775,gradient_x_input,0.38896858218041336,0.1193020215088671,0.9988150596618652
1038,3229,gradient_x_input,0.8032182432387186,0.02639556190241938,0.9935006499290466
1039,4496,gradient_x_input,-0.11234538976488442,0.03695363217386706,0.3342333137989044
1040,1064,gradient_x_input,0.32974898537924124,0.14847279981125233,0.9945560693740845
1041,4134,gradient_x_input,0.5611434158765607,0.07241879900296529,0.9898181557655334
1042,4000,gradient_x_input,0.20543094315836508,0.0821618745403905,0.9962179064750671
1043,609,gradient_x_input,-0.1618809483393475,-0.0408626451605448,0.011769838631153107
1044,2710,gradient_x_input,0.33729633937279385,0.18674665788809458,0.9958511590957642
1045,3460,gradient_x_input,0.31610710801262604,0.05495800313196684,0.9968229532241821
1046,1803,gradient_x_input,0.6782302355224435,0.08388987915082412,0.9033440947532654
1047,1918,gradient_x_input,0.30330612556058534,0.04321007004805973,0.9983850717544556
1048,3197,gradient_x_input,0.33456550985574723,0.029952532052993773,0.7010975480079651
1049,1737,gradient_x_input,0.45644901117140596,0.07966016571630131,0.997461199760437
1050,4435,gradient_x_input,0.3578807545262714,0.09128376841545105,0.923281192779541
1051,3750,gradient_x_input,0.5496719333935868,0.05155648494308645,0.9421367049217224
1052,3966,gradient_x_input,0.4030506330728531,0.14913293421268464,0.9899585843086243
1053,365,gradient_x_input,0.47958435014236805,0.035394976998484415,0.998174786567688
1054,4053,gradient_x_input,0.2639214052603795,0.09753995063977364,0.9990399479866028
1055,2066,gradient_x_input,0.5567813051301379,0.059070111014122184,0.9994871616363525
1056,1852,gradient_x_input,0.3829131255278716,0.08182262891047709,0.9941151142120361
1057,2703,gradient_x_input,0.7011692393023301,0.04496413556968465,0.9895234704017639
1058,487,gradient_x_input,0.5267993594918933,0.08216256158692496,0.9830442070960999
1059,4055,gradient_x_input,0.19474513518313566,0.03738200447211663,0.9994490742683411
1060,4475,gradient_x_input,0.5611488678707526,0.09945651831535193,0.9919978976249695
1061,3348,gradient_x_input,0.44597352171937626,0.049193003525336586,0.9958131909370422
1062,351,gradient_x_input,0.5232971996853226,0.1940994741101014,0.9872593283653259
1063,2509,gradient_x_input,0.2353313853663783,0.11850007983946031,0.999016284942627
1064,4030,gradient_x_input,0.3499676282517612,0.12111317420203704,0.9968666434288025
1065,1650,gradient_x_input,0.12748172134160995,0.07751629695944164,0.999357283115387
1066,2653,gradient_x_input,0.2868084963762535,0.031846833678911314,0.999255359172821
1067,4285,gradient_x_input,0.4150365791283548,0.13455925974994898,0.9913411736488342
1068,1468,gradient_x_input,0.4160406934097409,0.28577078878879547,0.9902837872505188
1069,2998,gradient_x_input,0.40351259186863897,0.0449260588735342,0.9990971088409424
1070,1270,gradient_x_input,0.4690218581818044,0.2099896165309474,0.9700825214385986
1071,297,gradient_x_input,0.4521804644415776,0.12815850476423898,0.9916892051696777
1072,2019,gradient_x_input,0.28519374546077514,0.07852978811219886,0.9993290901184082
1073,629,gradient_x_input,0.377967266786483,0.05947126520256842,0.9969925880432129
1074,1944,gradient_x_input,0.4404936833750634,0.0430099130386398,0.998633086681366
1075,953,gradient_x_input,0.28231953437391083,0.02705179782290208,0.9991455078125
1076,466,gradient_x_input,0.3284349227324128,0.1574441445991397,0.9924671053886414
1077,2200,gradient_x_input,-0.14413969996182815,0.1927923142262127,0.4452812671661377
1078,728,gradient_x_input,0.28210125728086993,0.03917641971598972,0.9994852542877197
1079,3376,gradient_x_input,0.4512230746055904,0.06166319705938038,0.9961434602737427
1080,4549,gradient_x_input,0.4523521272768808,0.07609372014223142,0.9670119285583496
1081,72,gradient_x_input,-0.0647474585040923,0.15754123729082845,0.46043118834495544
1082,4,gradient_x_input,0.2768044979014295,0.06099602326433709,0.9973944425582886
1083,1098,gradient_x_input,0.482237662566272,0.09939399683797681,0.9942672848701477
1084,2726,gradient_x_input,0.49113563776016234,0.024113855957984924,0.999093770980835
1085,2921,gradient_x_input,0.22688925869408108,0.05224717479376566,0.9979820251464844
1086,2531,gradient_x_input,0.3041858413945074,0.035975433238174606,0.9994220733642578
1087,2614,gradient_x_input,0.2571550439442358,0.056100631673489845,0.9993896484375
1088,2434,gradient_x_input,0.52748726668029,0.17191139300321712,0.8255192637443542
1089,3111,gradient_x_input,0.4111944014320568,0.12693456514757506,0.9797075986862183
1090,3615,gradient_x_input,0.3967727450788885,0.00921898497187573,0.9640594124794006
1091,3063,gradient_x_input,0.6126572082284838,0.061328702606260777,0.9986141920089722
1092,1385,gradient_x_input,0.45061179631286197,0.04248432318369547,0.9949799180030823
1093,128,gradient_x_input,0.336014483219538,0.06425999907346872,0.8470497131347656
1094,1030,gradient_x_input,0.27744234263896944,0.059588911533355715,0.9899411797523499
1095,16,gradient_x_input,0.45318636258443196,0.09869017879168193,0.9863909482955933
1096,670,gradient_x_input,0.49458858461091015,0.1170248958197507,0.9812442660331726
1097,3743,gradient_x_input,0.42489519853924596,0.016355219968529636,0.9994787573814392
1098,2202,gradient_x_input,0.39298615283007887,0.02661190337912981,0.9909063577651978
1099,1615,gradient_x_input,0.31217933274232423,0.10837817268493848,0.9959613680839539
1100,1558,gradient_x_input,0.25429285862124884,0.05704964238863725,0.9992675185203552
1101,3953,gradient_x_input,0.12465221521466277,0.06426022981488427,0.37901660799980164
1102,304,gradient_x_input,0.5328552668877676,0.01989616599737429,0.9992388486862183
1103,4004,gradient_x_input,0.44050850091796173,0.06508013802139383,0.9994511008262634
1104,4547,gradient_x_input,0.5938499796875688,0.06778929053350936,0.9904848337173462
1105,1247,gradient_x_input,0.5002868220210075,0.07792707622051238,0.9959080219268799
1106,3136,gradient_x_input,0.4683523070481088,0.09341130260792044,0.9977060556411743
1107,1220,gradient_x_input,0.4437915261900216,0.033742551740847136,0.9980212450027466
1108,3261,gradient_x_input,0.6398269094526767,0.03946512440840403,0.9863646030426025
1109,1611,gradient_x_input,0.37180334673478055,0.2265658160814872,0.9235408902168274
1110,1181,gradient_x_input,0.32730877498785654,0.018515825271606445,0.9992200136184692
1111,2797,gradient_x_input,-0.10094704596619856,0.03529534253634905,0.17203807830810547
1112,610,gradient_x_input,0.602930527271294,0.04104065240883246,0.9989365935325623
1113,3751,gradient_x_input,0.26657404005527496,0.06019773537462408,0.791394829750061
1114,2248,gradient_x_input,0.5088318303609506,0.07783326430198474,0.9987683892250061
1115,99,gradient_x_input,0.5383744396661457,0.05766874551773071,0.9980423450469971
1116,3781,gradient_x_input,0.1719711026863048,0.051007637852116636,0.9994951486587524
1117,225,gradient_x_input,0.6578823007533655,0.0908620239180677,0.9991347193717957
1118,2103,gradient_x_input,0.49012865001956624,0.04269620693392224,0.9904856085777283
1119,2836,gradient_x_input,0.5885578453904245,0.09711522409101812,0.9911707639694214
1120,2924,gradient_x_input,0.18411138181279346,0.14536899128338185,0.9982529282569885
1121,2859,gradient_x_input,0.054540862055385816,-0.0224352207253961,0.44702982902526855
1122,2782,gradient_x_input,0.40564988056818646,0.10933625048551804,0.9973209500312805
1123,515,gradient_x_input,0.4442045938324284,0.05248389977055627,0.9992256164550781
1124,1951,gradient_x_input,0.42696971083298707,0.04101796944936117,0.9638931751251221
1125,3869,gradient_x_input,0.45239995254410637,0.16118464205000135,0.9699894189834595
1126,2263,gradient_x_input,0.5355394133225535,0.07302047808965047,0.991732120513916
1127,4006,gradient_x_input,0.46508993084232014,0.0657728227476279,0.9365668296813965
1128,4522,gradient_x_input,0.4112556655373838,0.05574484169483185,0.9287102818489075
1129,2137,gradient_x_input,0.26836333491585473,0.060413799954183174,0.9989307522773743
1130,3673,gradient_x_input,0.580353966580247,0.028684371484900422,0.9934455156326294
1131,1707,gradient_x_input,-0.21141227574220725,-0.0751457352723394,0.2515707015991211
1132,314,gradient_x_input,0.38992419246941395,0.05425473843535332,0.9993185997009277
1133,1924,gradient_x_input,0.4579092611869176,-0.08886351850297716,0.7368393540382385
1134,2247,gradient_x_input,0.47041630815891994,0.0802088880113193,0.9445804357528687
1135,3901,gradient_x_input,0.6077367888633595,0.0816695302031761,0.9865525364875793
1136,1847,gradient_x_input,0.7330540517965952,0.05204650624231859,0.99727863073349
1137,1725,gradient_x_input,0.31873877537556183,0.274745498282405,0.999278724193573
1138,3547,gradient_x_input,-0.2670307804364711,-0.08588222218977828,0.0022909927647560835
1139,4558,gradient_x_input,0.38523833089404635,0.03899722297986349,0.9979118704795837
1140,3403,gradient_x_input,0.6775019040450136,0.06834196695621977,0.9844356179237366
1141,3007,gradient_x_input,0.46637195043943147,0.0698298152197491,0.9092604517936707
1142,2961,gradient_x_input,0.616459515877068,0.07658096589148045,0.9357489943504333
1143,3591,gradient_x_input,0.38723523520371494,0.04518659062245313,0.9976986050605774
1144,571,gradient_x_input,0.5192525062710047,0.060185981541872026,0.9918489456176758
1145,4041,gradient_x_input,0.40419132378366257,0.04180434942245483,0.9645596146583557
1146,2629,gradient_x_input,0.42835187982945216,0.08223284390710649,0.9967537522315979
1147,3121,gradient_x_input,0.49933116747574374,0.037212007425048134,0.9962735176086426
1148,2701,gradient_x_input,0.43752412186112516,0.03151867209478866,0.9926167130470276
1149,3101,gradient_x_input,0.5717647194310471,0.11963002880414327,0.9948674440383911
1150,1863,gradient_x_input,0.5098088239045704,0.1306721467305632,0.99782794713974
1151,2908,gradient_x_input,0.22423036881657535,0.04895425050757652,0.9994472861289978
1152,4456,gradient_x_input,0.4865145588463003,0.08642464605244723,0.8976505398750305
1153,3230,gradient_x_input,0.2984223374380515,0.05693793153533569,0.7923704385757446
1154,2399,gradient_x_input,0.5304786198233303,0.1379806587570592,0.9342092871665955
1155,3447,gradient_x_input,0.11141159981489182,0.11035192050039769,0.9995092153549194
1156,1522,gradient_x_input,0.31218299811536615,0.024050160790934708,0.9994648098945618
1157,3295,gradient_x_input,0.4551181960850954,0.01932285651564598,0.8942312598228455
1158,495,gradient_x_input,0.4442628606369621,0.1768660337517136,0.8177621960639954
1159,317,gradient_x_input,0.37517191638361735,0.07399861149068149,0.999187171459198
1160,4319,gradient_x_input,0.3432116414109866,0.0487260048588117,0.9990465044975281
1161,2583,gradient_x_input,0.51275358547767,0.031586210595236884,0.9599522352218628
1162,4536,gradient_x_input,0.5113453782267041,0.14861034519142574,0.9808602333068848
1163,551,gradient_x_input,0.3647906313771787,0.08817854005357494,0.9939906597137451
1164,950,gradient_x_input,0.35447143249470614,0.02401773682956038,0.9993846416473389
1165,2681,gradient_x_input,0.5063424754787136,0.12079249080773946,0.9989701509475708
1166,1720,gradient_x_input,0.27792579985477706,0.031219256872480564,0.9986968636512756
1167,3845,gradient_x_input,0.31114395074546336,0.13137403123546393,0.999030351638794
1168,1653,gradient_x_input,0.5831088839797303,0.0772179439663887,0.994971752166748
1169,1475,gradient_x_input,0.7662065697786136,0.05133208365012438,0.9835436940193176
1170,826,gradient_x_input,0.43501107820442747,0.07487217230456215,0.9929458498954773
1171,2235,gradient_x_input,0.43942863780718583,0.03160997881339146,0.9994392991065979
1172,1061,gradient_x_input,0.3595661997795105,0.0641560584306717,0.9965953230857849
1173,2353,gradient_x_input,0.354669954846887,0.045682897462564355,0.9992517828941345
1174,2771,gradient_x_input,0.28433641124712794,0.0436777684249376,0.9995061159133911
1175,3467,gradient_x_input,0.26077226448703456,0.2084798122177253,0.9807337522506714
1176,1672,gradient_x_input,0.1927051898595449,0.05451978420889055,0.9995594620704651
1177,4093,gradient_x_input,0.6308794087833829,0.04422863589392768,0.9967077970504761
1178,2772,gradient_x_input,0.5784418679152926,0.13927916095902523,0.9860475063323975
1179,1352,gradient_x_input,0.37822429007954067,0.198671351497372,0.9941739439964294
1180,1168,gradient_x_input,0.20114667794921182,0.05380249185995622,0.9994186162948608
1181,1928,gradient_x_input,0.5533790091673533,0.051049380501111345,0.9919043183326721
1182,2714,gradient_x_input,0.4953442493081093,0.03605361372232437,0.8787665367126465
1183,3211,gradient_x_input,0.4156213679979014,0.08556034294671791,0.9969128370285034
1184,4227,gradient_x_input,0.5052162116033989,0.08064506529716023,0.9984350800514221
1185,2379,gradient_x_input,0.5336625155061483,0.15473720710724592,0.9983804225921631
1186,3649,gradient_x_input,0.6477687848524915,0.17180306017398833,0.9394604563713074
1187,3624,gradient_x_input,0.30504459142684937,0.05536909583138257,0.9995593428611755
1188,3790,gradient_x_input,0.43060768601742194,0.08875683425588811,0.9988049268722534
1189,1898,gradient_x_input,0.32336310758477166,0.09367727523758299,0.998936116695404
1190,1664,gradient_x_input,0.5334614107483312,0.11737012706304852,0.9910966157913208
1191,3412,gradient_x_input,0.2418627082496076,0.053341051211228244,0.9994736313819885
1192,4179,gradient_x_input,0.3036067302028338,0.08233088950316111,0.9841135144233704
1193,32,gradient_x_input,0.44454355308642757,0.14329766768675584,0.9159712791442871
1194,1218,gradient_x_input,0.2262695815334929,0.0888702596755738,0.9995166063308716
1195,2565,gradient_x_input,0.26754381225026885,0.051367253578942396,0.9993822574615479
1196,2385,gradient_x_input,0.7414142140746116,0.027268419861793517,0.9984819293022156
1197,2592,gradient_x_input,0.5141921656472342,0.06655199612889971,0.7863647937774658
1198,3443,gradient_x_input,0.28387849995245534,0.05999482981860638,0.9974483251571655
1199,3365,gradient_x_input,0.43848931671757446,0.06955285291922719,0.9992196559906006
1200,338,gradient_x_input,0.6076463078589815,0.06595332371561151,0.9702622294425964
1201,1346,gradient_x_input,0.4979758982857068,0.228323789106475,0.9144437909126282
1202,4523,gradient_x_input,0.4041787137587865,-0.0023882309043848954,0.9180521368980408
1203,4054,gradient_x_input,0.3964890739265478,0.08457964321352401,0.6432211995124817
1204,1577,gradient_x_input,0.24102156878785885,0.08092856977848296,0.9983749389648438
1205,1123,gradient_x_input,0.4813000126633533,0.042847426131714224,0.997806966304779
1206,3777,gradient_x_input,-0.14160846456164314,-0.009386639463745298,0.03533075749874115
1207,752,gradient_x_input,0.15471104370511096,0.09866167378166447,0.9992679953575134
1208,681,gradient_x_input,0.6212264069102027,0.07518008181994612,0.9917995929718018
1209,4433,gradient_x_input,0.4132994929524629,0.26227888072791855,0.9969304203987122
1210,1904,gradient_x_input,0.6811968593571621,0.000990898276750858,0.8253421187400818
1211,2342,gradient_x_input,0.587778418952105,0.06499723086551744,0.998218834400177
1212,2364,gradient_x_input,0.2956626256081191,0.05426107380877842,0.9994663596153259
1213,778,gradient_x_input,0.28989093611806127,0.05690634654740156,0.9361146092414856
1214,3001,gradient_x_input,0.6322284276512536,0.10326323217966339,0.9884476065635681
1215,3200,gradient_x_input,0.3147991629023301,0.09506814573940478,0.9977902173995972
1216,3921,gradient_x_input,0.3028978854417801,0.0719744934225982,0.9962112903594971
1217,3545,gradient_x_input,0.3576633088728961,0.10483305243884816,0.9760608077049255
1218,542,gradient_x_input,0.19101246041910988,0.10361597793442863,0.9987058639526367
1219,2272,gradient_x_input,0.5773402988910675,0.049332080284754436,0.9897513389587402
1220,391,gradient_x_input,0.39413893118239285,0.08786296583058541,0.9806801080703735
1221,1979,gradient_x_input,0.37756662905216215,0.06994039714336395,0.9497057199478149
1222,1150,gradient_x_input,0.6332493461668491,0.07262997608631849,0.9237070679664612
1223,149,gradient_x_input,0.20700787944453103,0.0857205126966749,0.9986693859100342
1224,2570,gradient_x_input,0.4928738455239095,0.15830757312084498,0.9868229627609253
1225,927,gradient_x_input,0.5456500237009355,0.09062640581812177,0.9929592609405518
1226,4017,gradient_x_input,0.3938816474242644,0.08005925019582112,0.9989086389541626
1227,1398,gradient_x_input,0.4892303902728885,0.09101588761105257,0.9888457655906677
1228,3635,gradient_x_input,0.4525393169550669,0.03481148644572213,0.9991046786308289
1229,505,gradient_x_input,0.47507085146442535,0.09547878032730471,0.9986055493354797
1230,3423,gradient_x_input,0.48605103571063435,0.3211893771703427,0.7715491056442261
1231,3247,gradient_x_input,0.5871223472058773,0.1218114634975791,0.9958134293556213
1232,1895,gradient_x_input,0.3255934586955441,0.06455831022726165,0.9992928504943848
1233,2286,gradient_x_input,0.45791447162628174,0.03846845115934099,0.9972063899040222
1234,4232,gradient_x_input,0.36906419859992134,0.04244762990209791,0.9928299784660339
1235,2595,gradient_x_input,0.3353130593895912,0.08110021303097407,0.9987068176269531
1236,1770,gradient_x_input,0.4431583943801957,0.21302223427070155,0.9991127848625183
1237,1267,gradient_x_input,0.30816889260754443,0.047602528875524346,0.9937105178833008
1238,3124,gradient_x_input,0.5897601522279509,0.027371557372989075,0.9518105387687683
1239,2125,gradient_x_input,0.33884486910842715,0.06393635556811378,0.9988439083099365
1240,1659,gradient_x_input,0.40416013239882886,0.20089096192095895,0.9825353622436523
1241,2909,gradient_x_input,0.33351685404777526,0.0977740854024887,0.9896961450576782
1242,1765,gradient_x_input,0.4400210852424304,0.10448855875680844,0.9915174841880798
1243,1560,gradient_x_input,-0.35048643910155003,0.023335575297170758,0.42819473147392273
1244,2967,gradient_x_input,0.21476973220705986,0.14357913937419653,0.997596800327301
1245,1416,gradient_x_input,0.40038848361548257,0.06299362726071302,0.9992648959159851
1246,1630,gradient_x_input,0.2428707003593445,0.03539564864976066,0.994085431098938
1247,449,gradient_x_input,0.3012020088905512,0.05882858606271966,0.9985476136207581
1248,152,gradient_x_input,0.3413132449858031,-0.04599972912725413,0.6268501281738281
1249,211,gradient_x_input,0.478374346381142,0.04243711843377068,0.9976720213890076
1250,2032,gradient_x_input,0.37473539342837675,0.03136584854551724,0.9610276818275452
1251,902,gradient_x_input,0.4016297287665881,0.0727116740666903,0.9993207454681396
1252,3436,gradient_x_input,0.46258517566011914,0.03980979501311459,0.9847512245178223
1253,3198,gradient_x_input,0.4412316006422043,0.1292359173297882,0.9946434497833252
1254,57,gradient_x_input,0.27774983644485474,0.029545700702911768,0.9932764768600464
1255,3164,gradient_x_input,0.26734356932780323,0.16213303862833509,0.9993665814399719
1256,4303,gradient_x_input,0.19082855503663093,0.24259091672262156,0.3865921199321747
1257,1927,gradient_x_input,0.5291508220964007,0.08834433058897655,0.989018440246582
1258,3206,gradient_x_input,0.3385204535883826,0.06047327413752272,0.9988553524017334
1259,3388,gradient_x_input,0.4604846283116124,0.3001386391168291,0.9899905920028687
1260,816,gradient_x_input,0.5463973165800174,0.0472584351276358,0.9994173049926758
1261,3284,gradient_x_input,0.2743121942407207,0.14987020410205187,0.998814582824707
1262,2765,gradient_x_input,0.2278955475642131,0.11372098613243836,0.5901681780815125
1263,3970,gradient_x_input,0.3669046869403438,0.04687383339593285,0.9991254210472107
1264,885,gradient_x_input,0.39190438796173444,0.06145744188265367,0.9972060322761536
1265,249,gradient_x_input,0.6656877460979647,0.1243554521952906,0.9932523369789124
1266,2203,gradient_x_input,0.35693569291145244,0.03695759779595314,0.9943013191223145
1267,3115,gradient_x_input,0.27950533643001463,0.09639385451630848,0.999232292175293
1268,2341,gradient_x_input,0.30495462687902675,0.053711534239525016,0.9994705319404602
1269,4132,gradient_x_input,0.40404154500871337,0.2970184451847706,0.7690308690071106
1270,1781,gradient_x_input,0.17767400356630483,0.11158619076013565,0.9977916479110718
1271,4488,gradient_x_input,0.24834277124508566,0.048318308332692024,0.9995443224906921
1272,44,gradient_x_input,0.3788955429425606,0.15830920789486322,0.9981480836868286
1273,2390,gradient_x_input,0.49527268794675666,0.0847566972176234,0.9991089701652527
1274,286,gradient_x_input,0.43248372965238313,0.06627073274417357,0.9643418192863464
1275,1094,gradient_x_input,0.29599302641625674,0.009878972228967919,0.815365731716156
1276,1962,gradient_x_input,0.4649299295509563,0.07520588852611243,0.9978436231613159
1277,4530,gradient_x_input,0.4044392036228645,0.055394945348181374,0.9974662065505981
1278,202,gradient_x_input,0.244477399289608,0.07336745947599412,0.9960434436798096
1279,237,gradient_x_input,0.361139305907747,0.07975511997938156,0.9975428581237793
1280,2519,gradient_x_input,0.3553698164660756,0.049687187846114,0.9916484355926514
1281,3870,gradient_x_input,0.5199679188868579,0.04060267583996642,0.9730283617973328
1282,1108,gradient_x_input,-0.18807872648661336,-0.03367726978225013,0.0036458508111536503
1283,2449,gradient_x_input,0.5561128114076221,0.056652421898701615,0.995836615562439
1284,2525,gradient_x_input,0.36972065793501363,0.02857833939629632,0.9991913437843323
1285,357,gradient_x_input,0.3283868328384731,0.0505833159322324,0.9849495887756348
1286,736,gradient_x_input,0.5298984393477439,0.05802943458159764,0.9983686804771423
1287,3918,gradient_x_input,0.17673148736357688,0.039685660228133204,0.9989615678787231
1288,3848,gradient_x_input,0.36556679896406225,0.10026807841416951,0.9983273148536682
1289,1953,gradient_x_input,0.5741706086056573,0.13634423219731875,0.9612942934036255
1290,1131,gradient_x_input,0.5061821387045913,0.16365929279062483,0.7940917611122131
1291,261,gradient_x_input,0.20024938025960215,0.06862013055770486,0.9992940425872803
1292,3113,gradient_x_input,0.4752507436275482,0.14152379393577574,0.970764696598053
1293,379,gradient_x_input,0.530482356931935,0.01948844498776375,0.9993364214897156
1294,4263,gradient_x_input,0.5141157162351868,0.03612886254604046,0.9988070726394653
1295,1521,gradient_x_input,0.44226342756991033,0.02989410415843681,0.9981088638305664
1296,1006,gradient_x_input,0.4067817597817152,0.02581399870224488,0.9991581439971924
1297,2099,gradient_x_input,0.6552421395189878,0.06616888395169886,0.9899472594261169
1298,4293,gradient_x_input,0.23828268476894923,0.0828466704913548,0.9991214871406555
1299,436,gradient_x_input,0.464752666079081,0.0666536445227953,0.998141884803772
1300,368,gradient_x_input,0.4109305101136366,0.04184364378452301,0.9935798645019531
1301,3335,gradient_x_input,0.6883232383988798,0.09252282837405801,0.973648190498352
1302,3450,gradient_x_input,0.32690367449161617,0.034838124763133915,0.9894094467163086
1303,939,gradient_x_input,0.3197749722134936,0.049197448806448295,0.998868465423584
1304,3596,gradient_x_input,0.4232973101291251,0.031213518152845666,0.9944566488265991
1305,4027,gradient_x_input,0.23915173672139645,0.08135372214019299,0.9994283318519592
1306,4056,gradient_x_input,0.3833910713070317,0.07094117920649678,0.9989823698997498
1307,3946,gradient_x_input,0.574150490019013,0.06336791316668193,0.9952074885368347
1308,1429,gradient_x_input,0.590642973398551,0.08488291540207007,0.8791371583938599
1309,3847,gradient_x_input,0.6883504424006381,0.07940854576039821,0.9632099270820618
1310,1195,gradient_x_input,0.3284883765924361,0.02377547323703766,0.8619402647018433
1311,1003,gradient_x_input,0.7318401163193717,0.12537586866919673,0.992969810962677
1312,1465,gradient_x_input,0.3882594062222375,0.05102857682440016,0.9981902241706848
1313,2308,gradient_x_input,0.9103862746161149,0.27904967042660817,0.9977642297744751
1314,250,gradient_x_input,0.4730559405353334,-0.004937378979391522,0.6969126462936401
1315,1579,gradient_x_input,0.25352739997026397,0.06056084065902524,0.9905306696891785
1316,3954,gradient_x_input,0.4485993115014808,0.056937731282655585,0.9991521835327148
1317,1105,gradient_x_input,0.3498479296763738,0.059572846690813704,0.9864060282707214
1318,3569,gradient_x_input,0.5495829618460423,0.09817614507030796,0.9641889929771423
1319,3943,gradient_x_input,0.3270052182368743,0.056089248412694685,0.9397312998771667
1320,1610,gradient_x_input,0.3472162376089794,0.11034609740827142,0.998532772064209
1321,3003,gradient_x_input,0.29201128094826106,0.08754695867592434,0.9991557598114014
1322,2100,gradient_x_input,0.3449447565909588,0.028442289793130123,0.9993533492088318
1323,403,gradient_x_input,0.5240487695925615,0.04485291242599487,0.986555814743042
1324,2746,gradient_x_input,0.3524591987547667,0.1100999460272167,0.934796929359436
1325,4535,gradient_x_input,0.2128523642078359,0.06082867022524489,0.997681736946106
1326,1022,gradient_x_input,0.42719497391954064,0.10905611049383879,0.9967067837715149
1327,1764,gradient_x_input,0.5432913744201263,0.13661071306301487,0.9904029369354248
1328,2231,gradient_x_input,0.47738853469491005,0.04061897285282612,0.9988033771514893
1329,3830,gradient_x_input,0.2504734367132187,0.04549611434340477,0.9991507530212402
1330,3357,gradient_x_input,0.3030734323873753,0.05762938973380298,0.9989792704582214
1331,1154,gradient_x_input,0.43640762886830736,0.05911320696274439,0.9977420568466187
1332,4461,gradient_x_input,0.5947766711517256,0.02220968476363591,0.9993699193000793
1333,4356,gradient_x_input,0.3896639467600514,0.03335901547004195,0.9749600291252136
1334,1788,gradient_x_input,0.4153576268985563,0.07773612165937618,0.7988119125366211
1335,813,gradient_x_input,0.5296265209714571,0.08691374543640348,0.965772807598114
1336,344,gradient_x_input,0.3332541800207562,0.07376261055469513,0.994411051273346
1337,1353,gradient_x_input,0.4258543654628422,0.0992919860974602,0.9664875268936157
1338,3951,gradient_x_input,0.4043159144265311,0.02517659049861285,0.9993706345558167
1339,2427,gradient_x_input,0.6124383828469685,0.07345703598998841,0.9975643157958984
1340,3287,gradient_x_input,0.4543447213040458,0.07709062265025245,0.9502406716346741
1341,1226,gradient_x_input,0.20238918211401963,0.08502723785435282,0.9986475110054016
1342,1678,gradient_x_input,0.3021163527782147,0.06674000544425769,0.991341769695282
1343,2941,gradient_x_input,0.6290500131322116,0.04062387601631444,0.9983413219451904
1344,1740,gradient_x_input,0.20998097956180573,0.059953306142876785,0.9993639588356018
1345,168,gradient_x_input,0.6779007768089121,0.0971195017749613,0.9438225626945496
1346,4577,gradient_x_input,0.5076633996171195,0.11422560891000236,0.9915236234664917
1347,1363,gradient_x_input,0.5573570514718692,0.0796849658091863,0.99774569272995
1348,853,gradient_x_input,0.37022326290607455,0.06559949159622193,0.9994274377822876
1349,387,gradient_x_input,0.43649638721755907,0.04384797869944105,0.9979690909385681
1350,3356,gradient_x_input,0.4605468767029898,0.10795919810022626,0.9928568601608276
1351,3746,gradient_x_input,0.5784697035948435,0.07861002737825568,0.9983327984809875
1352,3411,gradient_x_input,0.257451315338795,0.07774668588088109,0.9995294809341431
1353,880,gradient_x_input,0.5740760257855678,0.0594264380633831,0.9876089096069336
1354,3464,gradient_x_input,0.5058228455794355,0.17519171861931682,0.9958645105361938
1355,1034,gradient_x_input,0.3586793965763516,0.03992108537091149,0.9986048340797424
1356,3564,gradient_x_input,0.4344296804883263,0.07873022908514196,0.998264729976654
1357,84,gradient_x_input,0.3885724273594943,0.02683281966231086,0.9993313550949097
1358,3903,gradient_x_input,0.5028648641374376,0.0632029262681802,0.9940381050109863
1359,1772,gradient_x_input,0.6001885889305009,0.048339687287807465,0.892763078212738
1360,42,gradient_x_input,0.5982231375845996,0.33068023215640674,0.9616796970367432
1361,4097,gradient_x_input,0.38824646174907684,0.12753244586612866,0.9007664322853088
1362,2943,gradient_x_input,0.5484078996456586,0.03812349301118117,0.9992274045944214
1363,4262,gradient_x_input,0.3649675966036029,0.08929323568576719,0.9909334182739258
1364,3099,gradient_x_input,-0.12896983193963565,-0.07557225805027662,0.006214184686541557
1365,3982,gradient_x_input,0.3714819467729992,0.26939923343835054,0.6208940744400024
1366,3797,gradient_x_input,0.003942465684452995,-0.030877906035204402,0.3251017928123474
1367,1730,gradient_x_input,0.3560304106636481,0.04338236424055966,0.9543066024780273
1368,2616,gradient_x_input,0.5413143348536993,0.21769989634815015,0.9945579767227173
1369,476,gradient_x_input,0.3780796756218006,0.08128312539744686,0.9988596439361572
1370,1489,gradient_x_input,0.3592545674605803,0.02047471133145419,0.9966388940811157
1371,2295,gradient_x_input,0.4868863995482282,0.06011699103727573,0.9955814480781555
1372,468,gradient_x_input,0.5442000754798452,0.10816372511908412,0.9972794651985168
1373,3608,gradient_x_input,0.3141100081530484,0.14278241382403808,0.9065811634063721
1374,4098,gradient_x_input,0.4693888697500636,0.08219583259850013,0.986187219619751
1375,1874,gradient_x_input,0.41206298271814984,0.03456762574967884,0.9993380904197693
1376,290,gradient_x_input,0.5079437846487219,0.051521250876513394,0.9960606694221497
1377,383,gradient_x_input,0.4642510809577428,0.06054915974919613,0.9991720914840698
1378,3175,gradient_x_input,0.648651534691453,0.18986737988889218,0.9857865571975708
1379,4501,gradient_x_input,-0.09521395302024381,-0.07343618186383412,0.12315056473016739
1380,3622,gradient_x_input,0.12814318699141344,0.036749063503174556,0.403207391500473
1381,2034,gradient_x_input,0.15985777215012964,0.044008962950616515,0.9993428587913513
1382,363,gradient_x_input,0.48909431966868316,0.11823087388818915,0.9916552305221558
1383,3374,gradient_x_input,0.46781521348976624,0.03897907862476274,0.9985848665237427
1384,1640,gradient_x_input,0.5046364976916202,0.11423946120018183,0.9966698288917542
1385,1448,gradient_x_input,0.2974350989767999,0.044010436444571525,0.9965840578079224
1386,957,gradient_x_input,0.4122287553548813,0.037919700741767884,0.996331512928009
1387,4028,gradient_x_input,0.4512084724532591,0.2189279412095611,0.9583606123924255
1388,3583,gradient_x_input,0.32716580480337143,0.0551582755226838,0.9989262223243713
1389,3657,gradient_x_input,0.571591796875,0.09140137314796448,0.9940369129180908
1390,4436,gradient_x_input,0.5791087673770057,0.1364046725961897,0.9842575788497925
1391,3203,gradient_x_input,0.32992676326206755,0.056642978673889524,0.6920673847198486
1392,3487,gradient_x_input,0.5036672617113868,0.053100439005119855,0.9533994197845459
1393,4109,gradient_x_input,0.3902688074324812,0.11225450890404838,0.6673213243484497
1394,197,gradient_x_input,0.32986789789735055,0.06123022704708333,0.998417854309082
1395,3854,gradient_x_input,0.29784349884305683,0.026776439377239773,0.9992596507072449
1396,2128,gradient_x_input,0.3803618202606837,0.030024473865826923,0.9992577433586121
1397,2884,gradient_x_input,0.17725282936703926,0.06409777058105842,0.9994655251502991
1398,213,gradient_x_input,0.6144412150796579,0.03391255590380454,0.986492931842804
1399,2214,gradient_x_input,-0.11295785190147423,-0.06559051963267848,0.001623338321223855
1400,3161,gradient_x_input,0.16470987585986532,0.11692375126408368,0.9994334578514099
1401,907,gradient_x_input,0.3758438512975094,0.08631198020542369,0.9981001019477844
1402,2498,gradient_x_input,0.4763129759579897,0.018056383728981017,0.998960018157959
1403,2197,gradient_x_input,0.46606222081642884,0.10002924014742558,0.9983829259872437
1404,1493,gradient_x_input,0.4876772546592881,0.11287136288250194,0.9405252933502197
1405,176,gradient_x_input,0.47597200274467466,0.03859438811029706,0.9933602213859558
1406,3451,gradient_x_input,0.2621381905945865,0.1169749665440935,0.9989234805107117
1407,2551,gradient_x_input,0.5573260879942349,0.07421816033976418,0.9902015328407288
1408,1829,gradient_x_input,0.30010451674461364,0.05331052541732788,0.9994402527809143
1409,4525,gradient_x_input,0.4973878699297808,0.04313847939578854,0.9970123767852783
1410,47,gradient_x_input,0.4170270386864157,0.034894774941837084,0.999426007270813
1411,2650,gradient_x_input,0.26297867809023173,0.04677345028945378,0.9995126724243164
1412,139,gradient_x_input,0.3414383049715649,0.11209265887737274,0.9588784575462341
1413,2922,gradient_x_input,0.47148089165037327,0.024700955911116165,0.9993489384651184
1414,3642,gradient_x_input,0.5980390965938568,0.04471158161759377,0.9988958835601807
1415,3719,gradient_x_input,0.44983920454978943,0.04899384644296434,0.9944077730178833
1416,3053,gradient_x_input,0.47545680418610575,0.2938399052619934,0.8891727924346924
1417,1889,gradient_x_input,0.42200456814546333,0.08321987563057949,0.9610589742660522
1418,1470,gradient_x_input,0.2426431406485407,0.2136268347109619,0.9985764026641846
1419,4096,gradient_x_input,0.343747306953777,0.06287114277030482,0.989296019077301
1420,2293,gradient_x_input,0.3021099098571917,0.04719981551170349,0.9994111061096191
1421,251,gradient_x_input,0.5258740479747455,0.023512930671374003,0.974237859249115
1422,4358,gradient_x_input,0.4434858466620031,0.047246810210787735,0.9950791597366333
1423,2791,gradient_x_input,0.414972897619009,0.06972560534874599,0.9987816214561462
1424,3028,gradient_x_input,0.32364483343230355,0.03729346526993645,0.9987490177154541
1425,215,gradient_x_input,0.2748608485512111,0.20202969241401422,0.9987908005714417
1426,2298,gradient_x_input,0.36087599731981757,0.09009892866015434,0.9964422583580017
1427,1533,gradient_x_input,0.3742992878705263,0.047433802485466005,0.6086938381195068
1428,2852,gradient_x_input,0.4315889540106751,0.028550533361213153,0.9918903112411499
1429,933,gradient_x_input,0.2813504100555465,0.08374747030791782,0.9992483258247375
1430,2679,gradient_x_input,0.47493417412042616,0.08030064702033997,0.9879344701766968
1431,3072,gradient_x_input,0.2885412697990735,0.04058434690038363,0.9992577433586121
1432,1681,gradient_x_input,0.24961673832954245,0.015788435301882155,0.9828292727470398
1433,914,gradient_x_input,0.3140577640264265,0.047106260253537084,0.999286949634552
1434,2306,gradient_x_input,0.30196617405081905,0.1276196785444437,0.9987727999687195
1435,3841,gradient_x_input,0.3036648082105737,0.08629508277303294,0.9986420273780823
1436,3570,gradient_x_input,0.5246970730297493,0.1028027128089558,0.9980530738830566
1437,2211,gradient_x_input,0.6219331039623781,0.03841288162000252,0.9349544048309326
1438,2857,gradient_x_input,-0.09286593559842843,-0.11980755885060017,0.21262961626052856
1439,1766,gradient_x_input,0.6158729438403887,0.019338348791712805,0.9990941286087036
1440,498,gradient_x_input,-0.2224157529492532,-0.025735025203997088,0.05736610293388367
1441,2230,gradient_x_input,0.327848426066339,0.072484881306688,0.9966093301773071
1442,884,gradient_x_input,0.3973447574036462,0.07109600305557251,0.6775282621383667
1443,3275,gradient_x_input,0.45849128418109,0.16895367205142975,0.9664580821990967
1444,1991,gradient_x_input,0.4151666129628817,0.10198408911625544,0.9986211061477661
1445,3426,gradient_x_input,-0.2227575653491335,-0.04034956935706928,0.0023448080755770206
1446,566,gradient_x_input,0.40948850399739034,0.03473241506396113,0.9992467164993286
1447,3457,gradient_x_input,0.5770431506550975,0.04704112476772732,0.998980700969696
1448,2792,gradient_x_input,0.3119774856350639,0.02945038838820024,0.9960203766822815
1449,4095,gradient_x_input,0.48946067977410096,0.053756423867665805,0.99498051404953
1450,2257,gradient_x_input,0.5212065848080736,0.0712922591912119,0.9961966276168823
1451,4129,gradient_x_input,0.19777649002415792,0.062275755618299754,0.6013912558555603
1452,1606,gradient_x_input,0.39080625971158345,0.11098587860663732,0.996669352054596
1453,439,gradient_x_input,0.2709831522984637,0.10310751551555263,0.9968563318252563
1454,2737,gradient_x_input,0.6062179803848267,0.04428119584918022,0.9930230379104614
1455,2008,gradient_x_input,0.46414905578591104,0.04709863939950632,0.980529248714447
1456,3731,gradient_x_input,0.683865810542003,0.15124947415745776,0.9366511106491089
1457,3519,gradient_x_input,0.4719756359749652,0.03987071615584353,0.9982911944389343
1458,2678,gradient_x_input,0.33729414155949716,0.16718437891129567,0.9567103981971741
1459,4561,gradient_x_input,0.5115103051066399,0.10689154267311096,0.9962685108184814
1460,3617,gradient_x_input,0.11817867610905622,-0.0803781429658065,0.29665276408195496
1461,1998,gradient_x_input,-0.1292236510551337,-0.009622751594041332,0.0412522628903389
1462,1121,gradient_x_input,0.6662058593197302,0.2206791453063488,0.9835547804832458
1463,2601,gradient_x_input,0.21470198373902927,0.059118539772250435,0.9989109039306641
1464,1261,gradient_x_input,0.18231515701000506,0.14412478242929166,0.9994351267814636
1465,2275,gradient_x_input,0.5012569520622492,0.042616845667362215,0.9245105981826782
1466,2611,gradient_x_input,0.2395593173801899,0.11524136662483216,0.9992610812187195
1467,844,gradient_x_input,0.5862122557816967,0.2601679049191936,0.9531400799751282
1468,4265,gradient_x_input,0.5915043198544047,0.1365296730528707,0.9553266763687134
1469,27,gradient_x_input,0.21304987750801385,0.03953962933783438,0.9992986917495728
1470,229,gradient_x_input,0.6311326465010643,0.04299633830785751,0.9817320704460144
1471,862,gradient_x_input,0.18602027269926938,0.023240089416503906,0.9989375472068787
1472,3155,gradient_x_input,0.4577389042824507,0.03850764005134503,0.9988868832588196
1473,4039,gradient_x_input,0.6716918426752091,0.03682594120502472,0.9874572157859802
1474,183,gradient_x_input,0.3626458929343657,0.06652732599865306,0.8408257365226746
1475,2360,gradient_x_input,0.4233098236783858,0.053600754468671734,0.9968122839927673
1476,2348,gradient_x_input,0.21212518350644546,0.4416368475014513,0.8021566271781921
1477,238,gradient_x_input,0.4170975820584731,0.0881395290295283,0.9872130751609802
1478,3180,gradient_x_input,0.2496420765245283,0.051882996752455425,0.9992392063140869
1479,2581,gradient_x_input,0.5867258118731635,0.073052120794143,0.9943011999130249
1480,1567,gradient_x_input,0.5897394326658776,0.052840470121457025,0.998291552066803
1481,2925,gradient_x_input,0.2311766625692447,0.07653195317834616,0.9994780421257019
1482,523,gradient_x_input,0.5165606575352805,0.08321472704410553,0.9963511228561401
1483,1035,gradient_x_input,0.3509273891513412,0.059972395768036715,0.9714162945747375
1484,2402,gradient_x_input,0.2886631988709973,0.06472471260255383,0.9966562986373901
1485,2312,gradient_x_input,0.46433310210704803,0.06716208491060469,0.9954087138175964
1486,1225,gradient_x_input,0.45430827915668487,0.029804784059524535,0.999314546585083
1487,2069,gradient_x_input,0.17833791978848287,0.07453777163456647,0.9992940425872803
1488,423,gradient_x_input,0.5356929987765752,0.04769793365682874,0.999146580696106
1489,4427,gradient_x_input,0.321953894276368,0.048725162681780364,0.9972666501998901
1490,1174,gradient_x_input,0.2955707529696023,0.02913996722640061,0.9946218729019165
1491,1490,gradient_x_input,0.25455925636219257,0.053736404036030624,0.9994750618934631
1492,2020,gradient_x_input,0.6214795544404875,0.05993624234741384,0.9884366989135742
1493,1837,gradient_x_input,-0.12019151107209627,0.029747530390493205,0.19283337891101837
1494,3730,gradient_x_input,0.5100666351798104,0.18885103504105313,0.9857283234596252
1495,1586,gradient_x_input,0.18499603804121625,0.09464329988398451,0.9994356036186218
1496,3595,gradient_x_input,0.31413207536465243,0.028756480467946904,0.9992507100105286
1497,2622,gradient_x_input,0.3114126789860609,0.01687747530820893,0.9990929365158081
1498,2173,gradient_x_input,0.24494375173862165,0.05731854568689297,0.9975391626358032
1499,2153,gradient_x_input,0.2741791196960084,0.03451795178524991,0.9989340901374817
1500,1139,gradient_x_input,0.5839535838791302,0.047073296847797576,0.99576735496521
1501,4101,gradient_x_input,0.5003170388085502,0.05559476613998413,0.9974703788757324
1502,4005,gradient_x_input,0.353788995080524,0.36715783427158993,0.920300304889679
1503,1530,gradient_x_input,0.3850948403521282,0.03879579974383843,0.9989368319511414
1504,4259,gradient_x_input,0.41128747396775195,0.08586724464957779,0.9868696331977844
1505,2175,gradient_x_input,0.6077708414894469,0.033507260553380276,0.998029887676239
1506,1016,gradient_x_input,0.48666511548142277,0.05181334912776947,0.9987121820449829
1507,1575,gradient_x_input,0.3303784996855493,0.054455168106976676,0.988329291343689
1508,1333,gradient_x_input,0.6267631183039736,0.1674737889658321,0.997680127620697
1509,1380,gradient_x_input,0.5037872063165362,0.0313930403102528,0.9898627996444702
1510,1428,gradient_x_input,0.3491322310531841,0.0768177149926915,0.9926486611366272
1511,2027,gradient_x_input,0.2881209400410836,0.0313818990611113,0.9842751622200012
1512,1039,gradient_x_input,0.23564163595438004,0.044596508145332336,0.9986599683761597
1513,22,gradient_x_input,0.35605891291485275,0.22332133179487185,0.9752492904663086
1514,1276,gradient_x_input,0.38412387017160654,0.0709659238345921,0.998924195766449
1515,1367,gradient_x_input,0.44710314551065133,0.12687619688899018,0.9712473750114441
1516,147,gradient_x_input,0.4316358066030911,0.13492502538221224,0.9817050695419312
1517,3226,gradient_x_input,0.5720896665696744,0.05231259983998758,0.9958255290985107
1518,4586,gradient_x_input,0.42646829687779947,0.02871037538974516,0.9990346431732178
1519,2301,gradient_x_input,0.5211640389288886,0.026817635459414985,0.9713895320892334
1520,2466,gradient_x_input,0.41841390584745713,0.08141742790898969,0.9994401335716248
1521,2876,gradient_x_input,0.5755917414640769,0.06690164407094319,0.9326568841934204
1522,2213,gradient_x_input,0.7437657732516527,0.28747692983597517,0.9941562414169312
1523,2261,gradient_x_input,0.4279852337562121,0.04026878338593703,0.9990488886833191
1524,1956,gradient_x_input,-0.07001106982881372,0.047698943452401596,0.21360939741134644
1525,2369,gradient_x_input,0.6800298808102913,0.15501931848678183,0.9757903218269348
1526,190,gradient_x_input,0.4731046050373051,0.024153771499792736,0.9993757605552673
1527,1834,gradient_x_input,0.444424453836221,0.03457233057572291,0.9904553294181824
1528,2393,gradient_x_input,0.4735465861029095,0.057092397577232785,0.8728262186050415
1529,282,gradient_x_input,0.26785134087348805,0.043667841317324804,0.9992960691452026
1530,1916,gradient_x_input,0.5264224647544324,0.15826245676726103,0.9962771534919739
1531,4527,gradient_x_input,0.5776468451533999,0.060484624334744046,0.9958440661430359
1532,1324,gradient_x_input,0.48873216467790115,0.09954460767599252,0.997307300567627
1533,3576,gradient_x_input,0.42401054904267593,0.021879030240548623,0.9993765950202942
1534,4029,gradient_x_input,0.30835577797505165,0.05531668086205759,0.9840233325958252
1535,1683,gradient_x_input,0.6085217946573444,0.02248768702797268,0.9959592223167419
1536,4353,gradient_x_input,0.3106911226016719,0.14652374859263256,0.6442529559135437
1537,273,gradient_x_input,0.054607195817694375,-0.12460558937520397,0.4366813004016876
1538,1970,gradient_x_input,0.3881875536658547,0.03174049908464605,0.9992675185203552
1539,903,gradient_x_input,0.5212336948939732,0.029995975749833242,0.9751281142234802
1540,3599,gradient_x_input,0.5107410079011551,0.038059629385287945,0.9986629486083984
1541,2499,gradient_x_input,0.5859512329753488,0.08913094282150269,0.7589396238327026
1542,3514,gradient_x_input,0.16079311493946158,0.0947863757610321,0.9938662648200989
1543,2991,gradient_x_input,0.6649389432645157,0.07378007785270088,0.9984467625617981
1544,3705,gradient_x_input,0.3412190690636635,0.08317617885768414,0.9963952898979187
1545,2014,gradient_x_input,0.31185247225964324,0.0819975125028732,0.9991874098777771
1546,257,gradient_x_input,0.32902859096173886,0.1662522852420807,0.9354739189147949
1547,3721,gradient_x_input,0.3694693834566679,0.023405363080931493,0.999211311340332
1548,2368,gradient_x_input,0.2330819759103987,0.037226068642404346,0.9995133876800537
1549,3689,gradient_x_input,0.21750478034323834,0.032381638250452406,0.9995414018630981
1550,2574,gradient_x_input,0.2246526570031137,0.14684195319811502,0.9986448884010315
1551,4260,gradient_x_input,0.40551067143678665,0.11383183300495148,0.9845682382583618
1552,517,gradient_x_input,0.6424900785467828,0.09229743048068016,0.9890824556350708
1553,3170,gradient_x_input,0.17044256854097586,-0.0005274080746882671,0.37728896737098694
1554,3201,gradient_x_input,0.5634048008918762,0.08914803504943848,0.9731975793838501
1555,3194,gradient_x_input,0.411429217328196,0.036270050250965614,0.9696018099784851
1556,3897,gradient_x_input,0.4603739738464355,0.08390613906085491,0.9893485307693481
1557,858,gradient_x_input,0.5804840736091137,0.07779150269925594,0.953101634979248
1558,19,gradient_x_input,-0.1819041288561291,-0.037264393987479036,0.19863805174827576
1559,699,gradient_x_input,0.27563513318697613,0.08208786061516514,0.9981850981712341
1560,575,gradient_x_input,0.3162172955150406,0.09133027773350477,0.9992434978485107
1561,1646,gradient_x_input,0.22663344229970658,0.037692847706022714,0.998680055141449
1562,3623,gradient_x_input,0.34004871292812067,0.03388876595148226,0.9992762207984924
1563,599,gradient_x_input,0.2926106497645378,0.07709933929145336,0.8552141785621643
1564,2894,gradient_x_input,0.3069545719358656,0.07527564697795444,0.9994414448738098
1565,305,gradient_x_input,0.27822534655624964,0.33811058244615233,0.7452290058135986
1566,3433,gradient_x_input,0.684495376809588,0.09786128238686975,0.9913182258605957
1567,3826,gradient_x_input,0.41701493395699396,0.10382662614186605,0.833632230758667
1568,1350,gradient_x_input,0.29549097182119594,0.029025204917963815,0.999143123626709
1569,2129,gradient_x_input,0.675699803639542,0.06299461763013493,0.9817749261856079
1570,1422,gradient_x_input,0.452043301965061,0.05387096655996222,0.9939923882484436
1571,3819,gradient_x_input,0.5311270938678221,0.0899128331379457,0.9720261693000793
1572,1527,gradient_x_input,0.20372930705547332,0.02800917088985443,0.9995263814926147
1573,1087,gradient_x_input,0.17401030321012845,0.022673236036842518,0.9994671940803528
1574,1484,gradient_x_input,0.4910555140274327,0.0866482617651544,0.9925711750984192
1575,3513,gradient_x_input,0.42162784859538077,0.10781013742089271,0.9936748147010803
1576,3361,gradient_x_input,0.36064812772803834,0.10275057388676537,0.9925170540809631
1577,1323,gradient_x_input,0.7314124044030905,0.2393924742937088,0.9002510905265808
1578,1553,gradient_x_input,0.6188691876651276,0.058058220006170724,0.9968364238739014
1579,3687,gradient_x_input,0.2786364946514368,0.056713430610086234,0.9988264441490173
1580,4368,gradient_x_input,0.4539899354980838,0.04713934467684838,0.9993677735328674
1581,3165,gradient_x_input,0.4321973995993967,0.10213788890320322,0.9985639452934265
1582,1309,gradient_x_input,0.4373304302042181,0.09689429944211786,0.9942368268966675
1583,2983,gradient_x_input,0.4398224155108134,0.0824068899338062,0.9794597029685974
1584,3378,gradient_x_input,0.4732752177450392,0.25118837753931683,0.972556471824646
1585,345,gradient_x_input,0.0016638677081336145,-0.08379376072274602,0.22643691301345825
1586,1086,gradient_x_input,0.57121625803411,0.10744492597877979,0.9965366125106812
1587,923,gradient_x_input,0.47088575760523477,0.10263514071702957,0.9984931945800781
1588,1571,gradient_x_input,0.35799077386036515,0.06480888184159994,0.9976995587348938
1589,842,gradient_x_input,0.552638730224298,0.07676649032806863,0.9669604301452637
1590,2165,gradient_x_input,0.5875922008775748,0.3733682709817703,0.9136630296707153
1591,608,gradient_x_input,0.4954141676425934,0.11163793407056642,0.9965329170227051
1592,285,gradient_x_input,0.49840081279928033,0.16809695891358636,0.9881919026374817
1593,2009,gradient_x_input,0.3293935107913884,0.03845637833530253,0.9968289732933044
1594,807,gradient_x_input,0.6233758565991424,0.6313684391247671,0.9934793710708618
1595,4511,gradient_x_input,0.38368762532869977,0.08343267068266869,0.9991313815116882
1596,2495,gradient_x_input,0.2939430557045282,0.046205961821126004,0.9992901086807251
1597,405,gradient_x_input,0.4060229923652143,0.027949993099485124,0.9991509914398193
1598,218,gradient_x_input,0.5387214066520813,0.07777371233509432,0.9951441287994385
1599,1976,gradient_x_input,0.4113758742809296,0.046083727053233554,0.9597140550613403
1600,4040,gradient_x_input,0.46502053331245075,0.09385668283159082,0.9750842452049255
1601,2461,gradient_x_input,0.31644791319514765,0.039513576211351334,0.999349057674408
1602,2095,gradient_x_input,0.3608574653571507,0.05406896123346293,0.9949711561203003
1603,327,gradient_x_input,0.2271765425801277,-0.13212666511535645,0.5873706340789795
1604,2957,gradient_x_input,0.45923517265562286,0.004256460626246565,0.9203109741210938
1605,1778,gradient_x_input,0.4377410902331273,0.19838617742061615,0.9840218424797058
1606,688,gradient_x_input,0.7115158946432459,0.13893828712976897,0.9932776093482971
1607,393,gradient_x_input,0.16824094148782584,0.07820786019930473,0.6850461363792419
1608,3495,gradient_x_input,0.4356976651920463,0.018754450217732845,0.9981430768966675
1609,2741,gradient_x_input,0.26837768762008,0.04790650437707487,0.9992361068725586
1610,3105,gradient_x_input,0.5029451568489489,0.07275656254395195,0.9249241352081299
1611,3579,gradient_x_input,0.3742585671799524,0.14194506066186088,0.9520959258079529
1612,4460,gradient_x_input,0.35328096975671486,0.06501147087584151,0.9898013472557068
1613,1491,gradient_x_input,0.17291728250290217,0.15581893528762616,0.9982465505599976
1614,882,gradient_x_input,0.5182017394238048,0.2457027170393202,0.9501113295555115
1615,2085,gradient_x_input,0.7650417969734581,0.1346526730943609,0.9845461845397949
1616,1769,gradient_x_input,0.5747312899938849,0.16029856995094655,0.9936925172805786
1617,3177,gradient_x_input,0.41707307398319243,0.1574002798114504,0.786124587059021
1618,3766,gradient_x_input,0.4142312995898418,0.12679910583373827,0.9932982325553894
1619,2049,gradient_x_input,0.46207660995423794,0.10804277751594782,0.9959898591041565
1620,794,gradient_x_input,0.27775188332254236,0.05139582705768672,0.9991806149482727
1621,1617,gradient_x_input,0.4526207722309563,0.04171408029894034,0.9971369504928589
1622,21,gradient_x_input,0.42608109061364774,0.030869200273796363,0.9991961121559143
1623,2626,gradient_x_input,0.252564431892501,0.06669477555486891,0.9990397095680237
1624,2199,gradient_x_input,-0.16203414718103076,-0.0931215720044242,0.11630181223154068
1625,4578,gradient_x_input,0.3938595509909569,0.09849684637911776,0.9979962110519409
1626,1535,gradient_x_input,0.5493887087394451,0.25727548886989726,0.965785801410675
1627,1012,gradient_x_input,0.5359537973999977,0.06651938147842884,0.9110031127929688
1628,3302,gradient_x_input,0.506020937860012,0.0861069369316101,0.9966009259223938
1629,3059,gradient_x_input,0.4468558256824811,0.07018465201059977,0.9944150447845459
1630,1172,gradient_x_input,0.31222196465188806,0.13768450475551866,0.9994309544563293
1631,3322,gradient_x_input,0.40542965004906845,0.14346281791988172,0.9869601726531982
1632,3232,gradient_x_input,0.4551059430973096,0.08051099492744966,0.6787059307098389
1633,3859,gradient_x_input,0.3279988150566052,0.08539954286355239,0.9994000196456909
1634,1015,gradient_x_input,0.571318807990052,0.042452296545339184,0.9988258481025696
1635,1364,gradient_x_input,0.4485484251509542,0.05445570433917253,0.9986250400543213
1636,2757,gradient_x_input,0.1664209885371698,0.06319057639386202,0.9965582489967346
1637,182,gradient_x_input,0.7140017636850768,0.06469189653209612,0.9968185424804688
1638,1107,gradient_x_input,0.31743886680514727,0.13670108053419325,0.9994277358055115
1639,188,gradient_x_input,0.5731094147477831,0.07558584255831582,0.9641963839530945
1640,2990,gradient_x_input,0.4422593604152401,0.06140547742446264,0.9777076244354248
1641,2951,gradient_x_input,0.3528092497338851,0.05891200341284275,0.9268053770065308
1642,3539,gradient_x_input,0.20697951775330764,0.0628445477057726,0.9992080330848694
1643,3473,gradient_x_input,0.5134084510306517,0.15426681159685054,0.9916621446609497
1644,1655,gradient_x_input,0.4555825519820918,0.12373181043759636,0.9561798572540283
1645,3422,gradient_x_input,0.32889749109745026,0.02044940189174984,0.9873555302619934
1646,4077,gradient_x_input,0.3983634325062356,0.06923106240063179,0.9864309430122375
1647,3015,gradient_x_input,0.3723355435555981,0.10825149714946747,0.9961894154548645
1648,2713,gradient_x_input,0.38383163339816606,0.04986986718498743,0.9959392547607422
1649,3397,gradient_x_input,0.5637334074745787,0.07198133747628395,0.9982140064239502
1650,1266,gradient_x_input,0.4282190104325612,0.04213358036109379,0.9910101890563965
1651,1623,gradient_x_input,0.3381331213391744,0.06221168946761351,0.9975281357765198
1652,3358,gradient_x_input,0.5892933983178366,0.0159579309679213,0.9994218349456787
1653,373,gradient_x_input,0.2806066614575684,0.14201438101008534,0.9986394047737122
1654,2026,gradient_x_input,0.3832934273613824,0.08594329460627503,0.9973853230476379
1655,1524,gradient_x_input,0.5286840045681367,0.0313151111969581,0.9991912245750427
1656,422,gradient_x_input,0.44140496601661044,0.04937315554845901,0.9964370727539062
1657,3169,gradient_x_input,0.28620997465708675,0.12047198677764219,0.9984326958656311
1658,3650,gradient_x_input,0.48449690531600603,0.07157971425489947,0.9988405108451843
1659,3800,gradient_x_input,0.21921886471991844,0.082148421952065,0.9954853653907776
1660,1120,gradient_x_input,0.5010053886557525,0.042156070470809937,0.9985499978065491
1661,2249,gradient_x_input,0.3771101156639498,0.03464108913443809,0.999239444732666
1662,4043,gradient_x_input,0.3294646123120951,0.05167265721531802,0.9995046854019165
1663,616,gradient_x_input,0.3022146800468708,0.07676945575352373,0.9932864308357239
1664,2691,gradient_x_input,0.5172740366007831,0.07472817881687267,0.9945648908615112
1665,2043,gradient_x_input,0.24324478847639902,0.0979302991181612,0.9893264770507812
1666,3188,gradient_x_input,0.5223439392447472,0.026137603223323824,0.9561892151832581
1667,2835,gradient_x_input,0.4700696196120519,0.1400176859818972,0.9964105486869812
1668,4211,gradient_x_input,0.23157703081766765,0.0654691512386004,0.9993695616722107
1669,917,gradient_x_input,0.5875863670371473,0.15971162728965282,0.9769731760025024
1670,4100,gradient_x_input,0.45189886598123447,0.16449970106283823,0.9941927790641785
1671,1162,gradient_x_input,0.4262023768047007,0.025295134724640265,0.9986494183540344
1672,3716,gradient_x_input,0.5003617090541262,0.07573508696500646,0.9980462789535522
1673,1248,gradient_x_input,0.23793154191680072,0.023930239604740607,0.9990745782852173
1674,828,gradient_x_input,0.23932183359531647,0.09686679155268568,0.9993220567703247
1675,2243,gradient_x_input,-0.2116364439528796,-0.027355632294089563,0.019019760191440582
1676,2902,gradient_x_input,0.2787285514597623,0.06191543250713708,0.9966222047805786
1677,337,gradient_x_input,0.5563738838984416,0.15691511103740105,0.9783531427383423
1678,2351,gradient_x_input,0.4245113527774811,0.03396446883678436,0.9992207288742065
1679,1959,gradient_x_input,0.6443343829363585,0.1139947384595871,0.9609718918800354
1680,3431,gradient_x_input,-0.11760057730134577,-0.19488698436816776,0.00046993696014396846
1681,4374,gradient_x_input,0.4072393470880937,0.07833854093843577,0.9872118830680847
1682,1102,gradient_x_input,0.4397620301355015,0.07260968919956323,0.999197781085968
1683,1246,gradient_x_input,0.16499722866635574,0.053667163116890085,0.9996080994606018
1684,1176,gradient_x_input,0.4300244543287489,0.23611549966865117,0.9969789981842041
1685,4579,gradient_x_input,0.2549679219722748,0.07866682410240174,0.9994199275970459
1686,3195,gradient_x_input,0.31033413769567714,-0.00793563136283089,0.6346989870071411
1687,2790,gradient_x_input,0.31775754868984224,0.08330474436283111,0.9861191511154175
1688,3877,gradient_x_input,0.6175316620085921,0.05051285099415552,0.9876953363418579
1689,93,gradient_x_input,0.4708971746785696,0.035115624583044715,0.9915067553520203
1690,2795,gradient_x_input,0.5783132133451668,0.12122370987325101,0.7535057663917542
1691,2317,gradient_x_input,0.516428404910998,0.043535271151499313,0.96194988489151
1692,385,gradient_x_input,0.19190033601254833,0.03748525283774551,0.9994681477546692
1693,913,gradient_x_input,0.29733385371439386,0.04871533585317207,0.9994449019432068
1694,693,gradient_x_input,0.4987076907246201,0.03685544100072649,0.9457829594612122
1695,3241,gradient_x_input,0.46650325283408167,0.03174695074558258,0.9732812643051147
1696,2471,gradient_x_input,0.3959707804784483,0.17819001723308953,0.982262372970581
1697,311,gradient_x_input,0.5365212208257532,0.14106292938286402,0.9971117973327637
1698,334,gradient_x_input,0.6367183758543348,0.10596075516967278,0.9988366961479187
1699,861,gradient_x_input,0.12248868633199621,0.056792248454358846,0.999292254447937
1700,1454,gradient_x_input,0.30465662065479493,0.0526480877565013,0.870018720626831
1701,2684,gradient_x_input,0.5020860706297856,0.03737350173716275,0.9973424077033997
1702,1224,gradient_x_input,0.3968969151648062,0.34172988427622664,0.4944649934768677
1703,2585,gradient_x_input,0.3437977381506745,0.04552992600567487,0.9993125200271606
1704,708,gradient_x_input,0.43533990305403003,0.03384009716303452,0.999289870262146
1705,3141,gradient_x_input,0.23406208144581836,0.04963292764580768,0.9991186261177063
1706,38,gradient_x_input,0.5443872266782904,0.08038759400259773,0.9958574175834656
1707,2683,gradient_x_input,0.4508120212703943,0.03209449201822281,0.9975536465644836
1708,935,gradient_x_input,0.4734909841220598,0.0576095356016743,0.9975470900535583
1709,3339,gradient_x_input,0.37365604289199994,0.03915253767500753,0.9989293217658997
1710,1325,gradient_x_input,0.5800982027552849,0.04845676519149958,0.9911705255508423
1711,2120,gradient_x_input,-0.07120991359446563,-0.16890331284672605,0.1793193370103836
1712,470,gradient_x_input,0.29455937081720773,0.1512905537355237,0.9710757732391357
1713,3393,gradient_x_input,0.39031189760646307,0.06596605278350212,0.9974689483642578
1714,1942,gradient_x_input,0.41365083772689104,0.08347547737260659,0.9988511800765991
1715,3371,gradient_x_input,0.5438523885483543,0.04381256881687376,0.9979150891304016
1716,1713,gradient_x_input,0.22356114379616213,-0.04525394381388374,0.3988629877567291
1717,160,gradient_x_input,0.2170785018666224,0.07264829257672484,0.9973318576812744
1718,1192,gradient_x_input,0.3173283111304045,0.04764396734535694,0.9993274211883545
1719,2161,gradient_x_input,0.16084147264828552,0.040774362715514934,0.9993523955345154
1720,3925,gradient_x_input,0.6147900424042686,0.04409671660329475,0.9852386116981506
1721,3619,gradient_x_input,0.40912486485072547,0.11643569384302412,0.9477124810218811
1722,4209,gradient_x_input,0.6440111585916617,0.4241142681775949,0.9352366328239441
1723,3524,gradient_x_input,0.39797122193419415,0.03901904691820559,0.9971683621406555
1724,353,gradient_x_input,0.34645467327565566,0.03715345871691801,0.9979647397994995
1725,2548,gradient_x_input,0.39870606185424895,0.1796505099073762,0.9975493550300598
1726,4202,gradient_x_input,0.4143863895109722,0.0294622289282935,0.997850775718689
1727,1014,gradient_x_input,0.4095899134874344,0.08439268442717465,0.9347330927848816
1728,1200,gradient_x_input,0.5051417332784883,0.10308355272843919,0.9977559447288513
1729,4580,gradient_x_input,0.22778560248789964,0.02407574267299087,0.9995810389518738
1730,3087,gradient_x_input,0.3971680551767349,0.15857404257569993,0.9966663718223572
1731,1305,gradient_x_input,0.38306672796607016,0.0557831808924675,0.9835767149925232
1732,112,gradient_x_input,0.40387164847925305,0.06720578530803323,0.9985590577125549
1733,1853,gradient_x_input,0.5244201972629084,0.03648731654340571,0.9991658926010132
1734,4310,gradient_x_input,0.5103111438626466,0.19284323897472647,0.9597232341766357
1735,3873,gradient_x_input,0.2946846720419432,0.0807707509712169,0.9993884563446045
1736,4216,gradient_x_input,0.25958319317619755,0.019725693846648594,0.9993745684623718
1737,14,gradient_x_input,0.3669031222953516,0.09182440401876674,0.9734302163124084
1738,3915,gradient_x_input,0.7805593621784023,0.09670196260724749,0.9973796606063843
1739,2387,gradient_x_input,0.4826559644369852,0.08046917475405194,0.9941787719726562
1740,533,gradient_x_input,0.3464269843395977,0.07484542117232368,0.4826476275920868
1741,3551,gradient_x_input,0.3148933885885136,0.04309858647840364,0.9966212511062622
1742,851,gradient_x_input,0.5205363021655516,0.07418180494145914,0.9978539347648621
1743,1418,gradient_x_input,0.3959515165341528,0.059189008254753914,0.9697797298431396
1744,3446,gradient_x_input,0.3943835788446924,0.03825832579446876,0.997368335723877
1745,1318,gradient_x_input,0.5443436290052804,0.05915276875550097,0.9875132441520691
1746,677,gradient_x_input,0.2462825059890747,0.08178531612668719,0.9916860461235046
1747,3740,gradient_x_input,0.2778384489938617,0.16922699213027953,0.9944434762001038
1748,1317,gradient_x_input,0.3307072663236959,-0.12233353735970669,0.5384346842765808
1749,1072,gradient_x_input,0.9037289316207171,0.0946296226978302,0.9982333183288574
1750,4275,gradient_x_input,0.06502154804766178,-0.13886214122176171,0.5105814337730408
1751,655,gradient_x_input,0.6338867298487959,0.11120947578857684,0.9464302659034729
1752,3128,gradient_x_input,0.627671715144704,0.033776635076941515,0.9878808259963989
1753,3143,gradient_x_input,0.26122513711452483,0.06386731962362925,0.9988874793052673
1754,568,gradient_x_input,0.24312975151198252,-0.134625905752182,0.6731927394866943
1755,1871,gradient_x_input,0.5382971704006195,0.058799540624022484,0.9991005659103394
1756,3956,gradient_x_input,0.2922809586549799,0.03675765958097246,0.9991905093193054
1757,121,gradient_x_input,0.2756109203078917,0.08961922036749977,0.9930188059806824
1758,3150,gradient_x_input,0.6683444217981204,0.059298368251842,0.9939358830451965
1759,587,gradient_x_input,0.164364748276197,0.05090158375409933,0.9995540976524353
1760,3061,gradient_x_input,0.5454663205511716,0.059243076918076495,0.9894143342971802
1761,3162,gradient_x_input,0.3186127190236692,0.035980488967012475,0.9993428587913513
1762,1254,gradient_x_input,0.2784789146915559,0.028477267632561344,0.9993379712104797
1763,2658,gradient_x_input,0.4447103042868858,0.11316909561765955,0.9953664541244507
1764,163,gradient_x_input,0.6473647289268383,0.3180621051556104,0.9316372275352478
1765,1322,gradient_x_input,0.4019947765923258,0.07722262771271948,0.995735764503479
1766,4249,gradient_x_input,0.3571315968578512,0.005377516963265159,0.7952587604522705
1767,360,gradient_x_input,0.4398817869444047,0.08843478175901598,0.9935325384140015
1768,1768,gradient_x_input,0.5470527348653326,0.0973438226951743,0.9967795014381409
1769,732,gradient_x_input,0.3656779361888766,-0.0064749885350465775,0.6572086811065674
1770,2671,gradient_x_input,0.36280029189997703,0.18653933780974355,0.9818098545074463
1771,691,gradient_x_input,0.20339946932083852,-0.03630905054711007,0.5833619236946106
1772,79,gradient_x_input,0.5209326287386594,0.08956829679233057,0.9984570741653442
1773,2776,gradient_x_input,0.26442365924065764,0.13312107968059453,0.9979240894317627
1774,1053,gradient_x_input,0.48094187092547325,0.1387332823931002,0.8781459927558899
1775,410,gradient_x_input,0.5045802734400097,0.09339398616238644,0.9984721541404724
1776,4367,gradient_x_input,0.6139845039163317,0.16152529702300117,0.952244222164154
1777,1667,gradient_x_input,0.4173540662974119,0.12459649089723826,0.9760575890541077
1778,3349,gradient_x_input,0.49683523034410815,0.1376595731292452,0.7163977026939392
1779,2672,gradient_x_input,0.4457093508857669,0.11431223379843163,0.9987738728523254
1780,4038,gradient_x_input,0.441489068010161,0.023482935322869207,0.9978801012039185
1781,4552,gradient_x_input,0.3973742946982384,0.04193610391196083,0.9957738518714905
1782,1542,gradient_x_input,0.2662265756908728,0.06718566952919473,0.9965852499008179
1783,1336,gradient_x_input,0.27170249819755554,0.04383909819172878,0.9987636804580688
1784,1519,gradient_x_input,0.41118338035467344,0.021412984682963446,0.9992033839225769
1785,1229,gradient_x_input,0.30424251049757006,0.023126057982444763,0.9991181492805481
1786,1968,gradient_x_input,0.37670849449932575,0.03320125428338846,0.9927006959915161
1787,4416,gradient_x_input,0.5886832669115903,0.027874395512697988,0.9977737069129944
1788,2109,gradient_x_input,0.6039663687592647,0.12642756764028892,0.9951434135437012
1789,725,gradient_x_input,0.28440150689511073,0.018444490574655078,0.9993847608566284
1790,1134,gradient_x_input,0.4075174021224181,0.01849131357102167,0.7298153042793274
1791,101,gradient_x_input,0.257797773765481,0.14229007000508515,0.9894145727157593
1792,4266,gradient_x_input,0.5152048849349105,0.09497473059698593,0.9957767724990845
1793,2253,gradient_x_input,0.45493779350549746,0.12590099641909966,0.9804319143295288
1794,1269,gradient_x_input,0.3042317923779289,0.05321857240051031,0.999366819858551
1795,2813,gradient_x_input,0.5197382854563849,0.10937936348574502,0.9908060431480408
1796,193,gradient_x_input,0.49280838668346405,0.04306288560231527,0.9990468621253967
1797,1127,gradient_x_input,0.4675088826868985,0.07642456244777988,0.9991212487220764
1798,2871,gradient_x_input,0.6651963075486625,0.01708742321991339,0.999359667301178
1799,3470,gradient_x_input,0.4149666139308144,0.028108254075050354,0.9851285219192505
1800,280,gradient_x_input,0.4594504756754951,0.11032046573726755,0.9979800581932068
1801,1696,gradient_x_input,0.3398280487292343,0.0489559272925059,0.9992374181747437
1802,2623,gradient_x_input,0.31930568085776434,0.04066037403212653,0.9975774884223938
1803,2139,gradient_x_input,0.34907294129547867,0.04027837190939033,0.9991551637649536
1804,3438,gradient_x_input,0.23703568801283836,0.057287465103647926,0.9978731870651245
1805,82,gradient_x_input,0.37322830975055693,0.10943128228187561,0.9986634254455566
1806,876,gradient_x_input,0.38990783470648305,0.0540738977767803,0.8936775326728821
1807,2719,gradient_x_input,0.32319481829379465,0.05325842791415276,0.9975148439407349
1808,2374,gradient_x_input,0.35463982467588623,0.04297217138503727,0.9988671541213989
1809,1569,gradient_x_input,0.5044097672117517,0.02046771506045727,0.9009878635406494
1810,2416,gradient_x_input,0.35378370092560846,0.056571440771222115,0.9984265565872192
1811,3724,gradient_x_input,0.527872349534716,0.08350255531924111,0.9507468938827515
1812,3511,gradient_x_input,0.48038303941488264,0.08522086530923843,0.9864051342010498
1813,4046,gradient_x_input,0.3234122287895944,0.2200992943512069,0.9659867882728577
1814,2132,gradient_x_input,0.4453097321770408,0.11208321858536113,0.7641882300376892
1815,2932,gradient_x_input,0.41236478309420976,0.025422586237683016,0.999075174331665
1816,3414,gradient_x_input,0.3461455707979757,0.09822578693545142,0.9952929615974426
1817,1009,gradient_x_input,0.4961021251794768,0.0505361745997173,0.9986796975135803
1818,4171,gradient_x_input,0.5482309849523916,0.051160322093382116,0.9994396567344666
1819,1439,gradient_x_input,0.46863315786634174,0.11414898141306273,0.9960202574729919
1820,3603,gradient_x_input,0.33629376181336335,0.04229087053343307,0.9982815980911255
1821,2680,gradient_x_input,0.293901539608544,0.047367326769174316,0.9991251826286316
1822,4297,gradient_x_input,0.22406498058920815,0.1089012704434849,0.9990498423576355
1823,630,gradient_x_input,0.509346212943395,0.08334309458732606,0.9961799383163452
1824,638,gradient_x_input,0.5475705486947092,0.11987459813726359,0.9926242232322693
1825,455,gradient_x_input,0.263931283608396,0.14088853305958687,0.5071028470993042
1826,129,gradient_x_input,0.1893054770098792,0.04890237732066049,0.9993221759796143
1827,3544,gradient_x_input,0.43519122688434064,0.04777632691921332,0.9990901947021484
1828,2705,gradient_x_input,0.5413999726565984,0.19381850126844186,0.9922772645950317
1829,4542,gradient_x_input,0.29697723383620633,0.014682516203088275,0.9992546439170837
1830,1736,gradient_x_input,0.37008669089387963,0.11322489160078543,0.9978107810020447
1831,1442,gradient_x_input,0.3959651974643149,0.04873683830586875,0.9889532327651978
1832,836,gradient_x_input,0.6272759503990528,0.061108979396522045,0.9602082967758179
1833,3713,gradient_x_input,0.31465152364510757,0.054343279355611555,0.997062623500824
1834,963,gradient_x_input,0.4413365924666668,0.34214901615833415,0.7013798356056213
1835,3500,gradient_x_input,0.4525427174568176,0.0524987006187439,0.9903208613395691
1836,1386,gradient_x_input,0.47195127652958035,0.10794894630089402,0.988541841506958
1837,3631,gradient_x_input,0.6106414816209248,0.054053070593853385,0.9985546469688416
1838,3220,gradient_x_input,0.4398975962517308,0.07381418522666483,0.9970023036003113
1839,1920,gradient_x_input,0.4456981446208625,0.15535201337830773,0.9749138355255127
1840,3065,gradient_x_input,0.6127040101324811,0.09574609731926638,0.9664181470870972
1841,4122,gradient_x_input,0.2259500334339757,0.14253823939831026,0.9988512992858887
1842,2735,gradient_x_input,0.6275738660584796,0.08383069763129408,0.9983483552932739
1843,1441,gradient_x_input,0.5755779184401035,0.04904518453847794,0.9963527917861938
1844,860,gradient_x_input,0.43769569965926086,0.04840939288789576,0.9987955093383789
1845,930,gradient_x_input,0.1725962009540824,0.12167187580882116,0.9993113279342651
1846,2920,gradient_x_input,0.6087550818920135,0.0908317400349511,0.9939746260643005
1847,3073,gradient_x_input,0.4249291196465492,0.028654891137893383,0.9264870285987854
1848,2537,gradient_x_input,0.541830466074102,0.07221826560357038,0.9951505661010742
1849,4582,gradient_x_input,0.7612799318825326,0.16947319958268142,0.9943999648094177
1850,173,gradient_x_input,0.27568066120147705,0.05972305674161484,0.9981030225753784
1851,1056,gradient_x_input,0.4157135640421221,0.20800544706083113,0.9929484128952026
1852,2870,gradient_x_input,0.5353676057175586,0.17381282072318227,0.9918369650840759
1853,50,gradient_x_input,0.6325837098660746,0.07787541539541312,0.9725416302680969
1854,2560,gradient_x_input,0.4373536449976457,0.09930561253657708,0.9982095956802368
1855,31,gradient_x_input,0.43253056548143687,0.10747241464100386,0.9972336888313293
1856,3419,gradient_x_input,0.42183988810853756,0.06571633543105836,0.9989976286888123
1857,3023,gradient_x_input,0.2110729634256686,0.04584977838952663,0.9991033673286438
1858,1433,gradient_x_input,0.450389707186183,0.0650608131631476,0.9910736680030823
1859,399,gradient_x_input,0.4354943273698582,0.0897924071725677,0.9990413784980774
1860,3793,gradient_x_input,0.21558032366964552,0.029953457911809287,0.9991317391395569
1861,3354,gradient_x_input,0.5964425918646157,0.12410059059038758,0.9954630732536316
1862,749,gradient_x_input,0.09709107772713262,0.07177088019393739,0.4001754820346832
1863,3479,gradient_x_input,0.3394665322873903,0.07702190461366074,0.9988149404525757
1864,3212,gradient_x_input,0.27034788040651214,0.10865936469700602,0.8418026566505432
1865,617,gradient_x_input,0.35197751706137376,0.07878963999888476,0.9992697834968567
1866,4442,gradient_x_input,0.2846284623329456,0.05470710610732054,0.9992165565490723
1867,2130,gradient_x_input,0.8142909732615126,0.21129302988792287,0.9917389154434204
1868,283,gradient_x_input,0.44476379667009625,0.14931671960013254,0.9724657535552979
1869,4517,gradient_x_input,0.4023900883538382,0.10186766442798433,0.9827471971511841
1870,1217,gradient_x_input,0.5746611813488214,0.04615779804146808,0.997246503829956
1871,55,gradient_x_input,0.5323014542460441,0.08126224974791209,0.9938522577285767
1872,2038,gradient_x_input,0.39862497257334845,0.03869278941835676,0.996727466583252
1873,1302,gradient_x_input,0.3245783004571091,0.16730596497654915,0.9955599308013916
1874,2767,gradient_x_input,0.26777172966727186,0.3027617992567165,0.5201186537742615
1875,1813,gradient_x_input,0.6309234158176443,0.0481271277303281,0.99909508228302
1876,3881,gradient_x_input,0.3857448825405704,0.09037806176477009,0.9980366826057434
1877,434,gradient_x_input,0.2397795412047156,0.09144964351736266,0.9986609220504761
1878,115,gradient_x_input,0.44614122728151934,0.10696314541356904,0.9986892342567444
1879,2119,gradient_x_input,0.351768360896544,0.07768141229947408,0.9953769445419312
1880,2923,gradient_x_input,0.3309873557266067,0.15277850934687784,0.9991176724433899
1881,3392,gradient_x_input,0.41194122201866573,0.1836766997973124,0.9822044968605042
1882,1789,gradient_x_input,0.29742219313135687,0.03891369138123854,0.9983977675437927
1883,1103,gradient_x_input,0.17797842751378598,0.16222769459304603,0.998978853225708
1884,348,gradient_x_input,0.15246916178501013,-0.013244083433440237,0.6730783581733704
1885,4441,gradient_x_input,0.3046014466706444,0.0884571970970023,0.9994233846664429
1886,78,gradient_x_input,0.21113763142515113,0.11947384145524767,0.9962342381477356
1887,3224,gradient_x_input,0.4416342209546994,0.048947127583699346,0.9987070560455322
1888,1821,gradient_x_input,0.2643779126160285,0.20211773113731077,0.999369204044342
1889,1735,gradient_x_input,0.4220075455476653,0.045454452060303595,0.9992828965187073
1890,2473,gradient_x_input,0.25609443977821705,0.07082851785559986,0.9992145299911499
1891,4204,gradient_x_input,0.35317031007546645,0.11874431983018532,0.9979497790336609
1892,3395,gradient_x_input,0.3189797605787005,0.0677914172410965,0.9993000030517578
1893,3405,gradient_x_input,0.5622900630746569,0.0851355493068695,0.9717742800712585
1894,1431,gradient_x_input,0.34672039061784743,0.05164672553539276,0.9985513091087341
1895,2113,gradient_x_input,0.18076266822489825,0.04920141737569462,0.9994407296180725
1896,1294,gradient_x_input,-0.024175606509472463,-0.17556404908920856,0.23911690711975098
1897,2798,gradient_x_input,-0.21878409129050042,-0.06686025477117963,0.06338197737932205
1898,4241,gradient_x_input,0.3191963587258313,0.03728758483319669,0.9952488541603088
1899,2697,gradient_x_input,0.2333183554666383,0.03617885495935168,0.9981086254119873
1900,735,gradient_x_input,0.3825916939003523,0.09131055602500605,0.9977530837059021
1901,2398,gradient_x_input,0.42225758030134086,0.07816852716838613,0.9901330471038818
1902,1921,gradient_x_input,0.5378078961601624,0.09666001424193382,0.9981052875518799
1903,2454,gradient_x_input,0.4276541179799019,0.057320984120064596,0.9865091443061829
1904,2436,gradient_x_input,0.42684830023961906,0.05553435052142424,0.8336161971092224
1905,3313,gradient_x_input,0.3572890544715135,0.15169857474772827,0.9492006301879883
1906,2602,gradient_x_input,0.4869603334288848,0.3005933250839773,0.9651636481285095
1907,1378,gradient_x_input,0.3965815489570941,0.24094373334739957,0.780280590057373
1908,4172,gradient_x_input,0.516073888347995,0.11432270753768183,0.9546794295310974
1909,140,gradient_x_input,0.2738984270315421,0.08161660558299015,0.9983526468276978
1910,2482,gradient_x_input,0.48703780668702995,0.024332318793643604,0.9925501346588135
1911,2566,gradient_x_input,0.3378932261291672,0.026937163051436928,0.9993178844451904
1912,3043,gradient_x_input,0.3712821715282944,0.143079326681371,0.9959887862205505
1913,2718,gradient_x_input,0.4248036083422209,0.06561173498630524,0.993831992149353
1914,1010,gradient_x_input,0.4203735252513605,0.041800094001433426,0.9986224174499512
1915,1516,gradient_x_input,0.287962923890778,-0.07088274508714676,0.6016080379486084
1916,1988,gradient_x_input,0.5903113786788547,0.10304009958225138,0.9752394556999207
1917,2942,gradient_x_input,0.5739004475039404,0.03661381070678298,0.9971004128456116
1918,3097,gradient_x_input,0.5020232921838761,0.07063850104808807,0.9971495270729065
1919,151,gradient_x_input,0.343684629201889,0.10392382919788361,0.9439519047737122
1920,2319,gradient_x_input,0.4867238691821694,0.07248122662305832,0.9653905034065247
1921,1373,gradient_x_input,0.7017672139151794,0.03581637144088745,0.9969499707221985
1922,1358,gradient_x_input,0.6990032177677171,0.06998673660887612,0.9920171499252319
1923,1873,gradient_x_input,0.517044203246341,0.08482264683527105,0.9168630838394165
1924,2668,gradient_x_input,0.34752470971300053,0.045542702078819275,0.9989368319511414
1925,4357,gradient_x_input,0.8003090764018329,0.060589720268507265,0.996317982673645
1926,62,gradient_x_input,0.5777745114432441,0.10191139214568667,0.9986578226089478
1927,1795,gradient_x_input,0.3144954987641039,0.08686277835533537,0.9956574440002441
1928,1000,gradient_x_input,0.4763889333927164,0.021574453980314965,0.9972234964370728
1929,3679,gradient_x_input,0.5332341566681862,0.045251385946022835,0.9812660813331604
1930,1850,gradient_x_input,0.49971737635546715,0.11312536998041745,0.9921916127204895
1931,2825,gradient_x_input,0.5562086824614269,0.211833890240926,0.9966124892234802
1932,3964,gradient_x_input,0.5510023875305285,0.06717925490095066,0.9856755137443542
1933,1625,gradient_x_input,0.25183155706950594,0.09236330475125994,0.9992632269859314
1934,1313,gradient_x_input,0.5340069979429245,0.094386925592142,0.9579071998596191
1935,4320,gradient_x_input,0.30948475567070216,0.09648693373074403,0.9989030361175537
1936,2166,gradient_x_input,0.46044151424145213,0.03211695168699537,0.999046266078949
1937,2184,gradient_x_input,0.3276547041204241,0.26277039183510675,0.8345558047294617
1938,4148,gradient_x_input,0.30454134403003585,0.06140583215488328,0.9991229176521301
1939,300,gradient_x_input,0.3373732971695234,0.03214183618437569,0.9993970394134521
1940,339,gradient_x_input,0.4311325181541698,0.15243919513055257,0.9961872696876526
1941,2220,gradient_x_input,0.5919784731839014,0.0469528747641522,0.9993591904640198
1942,1587,gradient_x_input,0.429897032212466,0.06575746834278107,0.9941820502281189
1943,4410,gradient_x_input,0.34747566166851257,0.023224767049153647,0.9993759989738464
1944,3009,gradient_x_input,0.2480094456205181,0.03284181157747904,0.9992461204528809
1945,4314,gradient_x_input,0.5200719804717944,0.03753845737530635,0.9987629652023315
1946,2236,gradient_x_input,0.0003114746111195262,0.09010063984045168,0.34710606932640076
1947,3837,gradient_x_input,0.22538764427105587,0.08923616955677668,0.9984845519065857
1948,2512,gradient_x_input,0.1964168726750042,0.04059512848439424,0.9992753863334656
1949,4272,gradient_x_input,0.40500790148209304,0.09295032268915421,0.9955319166183472
1950,2294,gradient_x_input,0.478220408303397,0.046852221659251625,0.9934572577476501
1951,3416,gradient_x_input,0.380144265294075,0.12066812834569386,0.9990482926368713
1952,3694,gradient_x_input,0.4750383881534018,0.09102127428461866,0.983767032623291
1953,108,gradient_x_input,-0.003951039910316467,0.07383588165044784,0.6615850329399109
1954,3795,gradient_x_input,0.5372222165266672,0.21342289232545428,0.9655578136444092
1955,3228,gradient_x_input,0.6117543339570786,0.05312057727194847,0.998615026473999
1956,4327,gradient_x_input,0.2499397748046451,0.09104636940691206,0.9992097616195679
1957,4444,gradient_x_input,0.3292154274307765,0.02214925908125364,0.9992716908454895
1958,932,gradient_x_input,0.4030078821110003,0.04212871555126074,0.9971217513084412
1959,3245,gradient_x_input,0.587521956115961,0.07173898294568062,0.9940226674079895
1960,1037,gradient_x_input,0.14584633534730868,0.07055855767671453,0.999542236328125
1961,3070,gradient_x_input,0.20265753406125145,0.06118788429208704,0.9994454979896545
1962,507,gradient_x_input,0.31308038951829076,0.07016166904941201,0.9963080883026123
1963,1983,gradient_x_input,0.2952359245883094,0.06798348294364082,0.9995002746582031
1964,635,gradient_x_input,0.4494262230396271,0.035934041738510135,0.9988839030265808
1965,102,gradient_x_input,0.3117243527404724,0.037345258458968134,0.9880661964416504
1966,2618,gradient_x_input,0.5522600376122707,0.029726033275191847,0.998975396156311
1967,2452,gradient_x_input,0.5360570253597365,0.12100594672891829,0.998415470123291
1968,2433,gradient_x_input,0.12396317625299413,0.004842304485909482,0.8843941688537598
1969,2955,gradient_x_input,0.22544823166651604,0.02458642079279973,0.9988574981689453
1970,4406,gradient_x_input,0.6359088591146117,0.02675121676708971,0.999517560005188
1971,146,gradient_x_input,0.6052380585422118,0.06147399147351583,0.9879866242408752
1972,2277,gradient_x_input,0.5263106858730316,0.1560179603099823,0.9849121570587158
1973,628,gradient_x_input,0.367635331807598,0.07705998324578808,0.9879328608512878
1974,4147,gradient_x_input,0.5381025314331055,0.08253153761227926,0.9953141212463379
1975,2488,gradient_x_input,-0.08203639759092915,-0.21849485167435237,0.15893366932868958
1976,4587,gradient_x_input,0.5488180360107711,0.26615889641371643,0.9842387437820435
1977,624,gradient_x_input,0.5533091934590504,0.12750688503528462,0.8085424900054932
1978,1402,gradient_x_input,0.3821132402671011,0.14914501728612536,0.9951568245887756
1979,1547,gradient_x_input,0.5714777713251669,0.07986063527506451,0.9889434576034546
1980,1680,gradient_x_input,0.30288193598389623,0.14244750756770372,0.882503867149353
1981,2779,gradient_x_input,0.5598590650728771,0.05272179771037329,0.9986691474914551
1982,3616,gradient_x_input,0.34595232184340313,0.04377651069222427,0.9909054040908813
1983,3676,gradient_x_input,0.32103714644908904,0.056951339542865756,0.9988582134246826
1984,2004,gradient_x_input,0.34469663829375535,0.06033909206206982,0.9954458475112915
1985,2141,gradient_x_input,0.30835006949378224,0.04620838383348977,0.9988664388656616
1986,4045,gradient_x_input,0.6635304614259251,0.030808535629305345,0.9974861145019531
1987,1761,gradient_x_input,0.2943117558150678,0.04528480164102606,0.9984110593795776
1988,266,gradient_x_input,-0.11922935577663216,0.011486190899803832,0.09362630546092987
1989,4195,gradient_x_input,0.2420806808674589,0.23755681800081374,0.5176810622215271
1990,1808,gradient_x_input,0.33540283961623324,0.02759565266908384,0.8842668533325195
1991,3786,gradient_x_input,0.602851513456157,0.09299774055785322,0.9964937567710876
1992,3199,gradient_x_input,0.29836766570806506,0.10922643691301345,0.9992595314979553
1993,2619,gradient_x_input,0.3027544957068231,0.022099397248691983,0.9993948936462402
1994,2459,gradient_x_input,0.39216033707965503,0.11325986006043175,0.9711902141571045
1995,3187,gradient_x_input,0.46073949574069545,0.0316419012167237,0.9992068409919739
1996,4531,gradient_x_input,0.26437861006706953,0.03803274718423685,0.9991652965545654
1997,4355,gradient_x_input,0.31702298143257696,0.028983351464072864,0.9993711113929749
1998,2725,gradient_x_input,0.34509463025176007,0.030512399647546852,0.9719756841659546
1999,4573,gradient_x_input,0.3319050543583356,0.04413782747892233,0.9993993043899536
2000,1913,deeplift,0.2478066752354304,0.06698462764422099,0.9940606951713562
2001,4550,deeplift,-0.21971614626818337,-0.05008055126381805,0.0026435537729412317
2002,4424,deeplift,0.28075665960440765,0.10662990929307165,0.9993114471435547
2003,3802,deeplift,0.6007197714809861,0.04174803915832724,0.9990894794464111
2004,3867,deeplift,0.33208236524036955,0.08795726299285889,0.939868152141571
2005,2557,deeplift,0.38116878446410685,0.10631972025422488,0.94000244140625
2006,2097,deeplift,0.3252455603401616,0.03557205087733718,0.9991582632064819
2007,3546,deeplift,0.3649474503689034,0.02664080574068912,0.6169075965881348
2008,2808,deeplift,0.22230279131939537,0.09146778246289805,0.9994128942489624
2009,893,deeplift,0.40746052866264926,0.15123226556737543,0.9792831540107727
2010,674,deeplift,0.4169953167438507,0.06300709599798376,0.9992257356643677
2011,4329,deeplift,0.5440604402196355,0.08190941325453825,0.9972947239875793
2012,518,deeplift,0.4301037312280841,0.06352305194226707,0.9962371587753296
2013,3071,deeplift,0.2343258686363697,0.0742575079202652,0.9986370205879211
2014,1449,deeplift,0.5748617427378167,0.0821159979919108,0.9880275726318359
2015,2475,deeplift,0.34962986604027124,0.056320619323979255,0.9992716908454895
2016,2224,deeplift,0.4234822038561106,0.03240280449390411,0.9987493753433228
2017,3008,deeplift,0.6435006238196207,0.02791899701823359,0.9971387386322021
2018,2799,deeplift,0.3766010735304125,0.07663087402620623,0.9990039467811584
2019,3455,deeplift,0.5966732267509488,0.1499187253853854,0.9336522817611694
2020,2715,deeplift,0.5248868091161861,0.06691221269064171,0.9993176460266113
2021,1799,deeplift,0.43472480124387985,0.03770715762407352,0.9989339709281921
2022,1476,deeplift,0.1433870680630207,0.08393708691000938,0.9983426332473755
2023,3045,deeplift,-0.11059878085200724,-0.013009147596006332,0.03766162693500519
2024,191,deeplift,0.4058124350041759,0.02919053058235013,0.9994010925292969
2025,1612,deeplift,0.5005594686020253,0.062005047188248744,0.994823694229126
2026,3501,deeplift,0.36218077888091404,0.07111584320664406,0.9978377223014832
2027,2706,deeplift,0.2589181661605835,0.05265985197491116,0.9995693564414978
2028,788,deeplift,0.5537883744046495,0.04561378222865027,0.9957150816917419
2029,2721,deeplift,-0.11888323369203135,-0.06373231578618288,0.0640377625823021
2030,2543,deeplift,0.3289885316044092,0.07220570184290409,0.9978628754615784
2031,4425,deeplift,0.4148705005645752,0.06275843176990747,0.9849875569343567
2032,4154,deeplift,0.4217429202981293,0.061324495589360595,0.9995231628417969
2033,169,deeplift,0.6337707711117608,0.10937121169907706,0.9828258156776428
2034,1657,deeplift,0.23123698749325491,0.051281132819977676,0.9993871450424194
2035,3040,deeplift,0.2668132959750661,0.06475522669783809,0.9993938207626343
2036,269,deeplift,0.3296212434041791,0.04577237476662892,0.999180018901825
2037,1775,deeplift,0.4079519339244474,0.11905438317493959,0.9988150596618652
2038,3229,deeplift,0.800245783129788,0.03583845237027044,0.9935006499290466
2039,4496,deeplift,-0.11445819971890285,0.03782840895241704,0.3342333137989044
2040,1064,deeplift,0.34699970345164455,0.1537903415602307,0.9945560693740845
2041,4134,deeplift,0.5837386440209769,0.07476480470763312,0.9898181557655334
2042,4000,deeplift,0.2329715125022396,0.06739945950046662,0.9962179064750671
2043,609,deeplift,-0.1600013997543741,-0.04127401958599135,0.011769838631153107
2044,2710,deeplift,0.3577134812871615,0.1908772220214208,0.9958511590957642
2045,3460,deeplift,0.32297100244384064,0.05447034929928027,0.9968229532241821
2046,1803,deeplift,0.6707789255814118,0.0965485310012644,0.9033440947532654
2047,1918,deeplift,0.33745313967977253,0.04112963560892611,0.9983850717544556
2048,3197,deeplift,0.36229008361697196,0.02703242897987366,0.7010975480079651
2049,1737,deeplift,0.46132542565464973,0.09584833613850853,0.997461199760437
2050,4435,deeplift,0.3730698512044064,0.08608862896298253,0.923281192779541
2051,3750,deeplift,0.5529580590399829,0.05283657867800106,0.9421367049217224
2052,3966,deeplift,0.39067967295646666,0.15387142717838287,0.9899585843086243
2053,365,deeplift,0.47225992624149765,0.03440548306287721,0.998174786567688
2054,4053,deeplift,0.2652271126325314,0.1069401196944408,0.9990399479866028
2055,2066,deeplift,0.5592813775982968,0.058306335709815804,0.9994871616363525
2056,1852,deeplift,0.372269962285016,0.08075806901261613,0.9941151142120361
2057,2703,deeplift,0.7090136473313632,0.045150303665329426,0.9895234704017639
2058,487,deeplift,0.5649830119950431,0.08023631146975926,0.9830442070960999
2059,4055,deeplift,0.2078008589645227,0.049770038264493145,0.9994490742683411
2060,4475,deeplift,0.5302625906008941,0.09720833943440364,0.9919978976249695
2061,3348,deeplift,0.46030412645389635,0.048312714944283165,0.9958131909370422
2062,351,deeplift,0.5174887482272951,0.19657422249254428,0.9872593283653259
2063,2509,deeplift,0.23638565549927373,0.11371568229890638,0.999016284942627
2064,4030,deeplift,0.372143083717674,0.15025111743307207,0.9968666434288025
2065,1650,deeplift,0.13257633052442386,0.07650955636864123,0.999357283115387
2066,2653,deeplift,0.2842928761581205,0.03189769893322351,0.999255359172821
2067,4285,deeplift,0.43464529560878873,0.11322003556415439,0.9913411736488342
2068,1468,deeplift,0.4145089853554964,0.29610585793852806,0.9902837872505188
2069,2998,deeplift,0.4212265782058239,0.046664706990122796,0.9990971088409424
2070,1270,deeplift,0.439169405028224,0.2541626302408986,0.9700825214385986
2071,297,deeplift,0.4505388159304857,0.1282415290673574,0.9916892051696777
2072,2019,deeplift,0.31281658593151307,0.07354589386118783,0.9993290901184082
2073,629,deeplift,0.3760560448131254,0.05898922609706079,0.9969925880432129
2074,1944,deeplift,0.4378335926504362,0.04361998076949801,0.998633086681366
2075,953,deeplift,0.288076232138433,0.02723469781248193,0.9991455078125
2076,466,deeplift,0.3389605963602662,0.16233690828084946,0.9924671053886414
2077,2200,deeplift,-0.11755763901316602,0.20137824069546617,0.4452812671661377
2078,728,deeplift,0.2993454018777067,0.045393239706754684,0.9994852542877197
2079,3376,deeplift,0.4471523884618491,0.061501437373328624,0.9961434602737427
2080,4549,deeplift,0.438680701737487,0.07141675158988597,0.9670119285583496
2081,72,deeplift,-0.08382651690513857,0.16071540189366187,0.46043118834495544
2082,4,deeplift,0.286550151540878,0.05982558714582565,0.9973944425582886
2083,1098,deeplift,0.47319311880179354,0.11277738857913662,0.9942672848701477
2084,2726,deeplift,0.5140186530351639,0.02411310136318207,0.999093770980835
2085,2921,deeplift,0.24134756269909086,0.05227308578434445,0.9979820251464844
2086,2531,deeplift,0.3469398763516675,0.03622613555711249,0.9994220733642578
2087,2614,deeplift,0.2841661062932784,0.06699149478827754,0.9993896484375
2088,2434,deeplift,0.5314871997668825,0.1810237392783165,0.8255192637443542
2089,3111,deeplift,0.43757297676436757,0.1416943073272705,0.9797075986862183
2090,3615,deeplift,0.3752801675295484,0.009101373777873274,0.9640594124794006
2091,3063,deeplift,0.6062145116738975,0.056449889205396175,0.9986141920089722
2092,1385,deeplift,0.4580157975355784,0.04232202900780572,0.9949799180030823
2093,128,deeplift,0.34710347270354247,0.057060328049537465,0.8470497131347656
2094,1030,deeplift,0.29101718723773956,0.06105654060840607,0.9899411797523499
2095,16,deeplift,0.4938889345526695,0.10413203358650208,0.9863909482955933
2096,670,deeplift,0.5146140641335285,0.14328515529632568,0.9812442660331726
2097,3743,deeplift,0.3729267589054828,0.01634965455809305,0.9994787573814392
2098,2202,deeplift,0.4044014342822308,0.026694228482800862,0.9909063577651978
2099,1615,deeplift,0.30733097325532865,0.125334966641206,0.9959613680839539
2100,1558,deeplift,0.245043450823197,0.054680314201575056,0.9992675185203552
2101,3953,deeplift,0.1272183324015418,0.06055674927179203,0.37901660799980164
2102,304,deeplift,0.5207986880605128,0.019887182058072557,0.9992388486862183
2103,4004,deeplift,0.44109648387683065,0.04415780462716755,0.9994511008262634
2104,4547,deeplift,0.6011086787248767,0.06766482355982759,0.9904848337173462
2105,1247,deeplift,0.5178163051605225,0.07387345314025878,0.9959080219268799
2106,3136,deeplift,0.4657513143287765,0.09330716832644409,0.9977060556411743
2107,1220,deeplift,0.4650363352215081,0.032543057935279715,0.9980212450027466
2108,3261,deeplift,0.6208577151927683,0.03671922319465214,0.9863646030426025
2109,1611,deeplift,0.3322968930006027,0.2236311438565071,0.9235408902168274
2110,1181,deeplift,0.32836101485623254,0.018519963158501518,0.9992200136184692
2111,2797,deeplift,-0.10517408345874987,0.05057621629614579,0.17203807830810547
2112,610,deeplift,0.6203930939479572,0.04215617514238125,0.9989365935325623
2113,3751,deeplift,0.27810557954239123,0.06978895447470924,0.791394829750061
2114,2248,deeplift,0.4632279024674342,0.07831679093532073,0.9987683892250061
2115,99,deeplift,0.5297762233960001,0.0450244349868674,0.9980423450469971
2116,3781,deeplift,0.17155718058347702,0.0582221950355329,0.9994951486587524
2117,225,deeplift,0.7026186066624873,0.07790178805589676,0.9991347193717957
2118,2103,deeplift,0.5440868983666102,0.04422670851151148,0.9904856085777283
2119,2836,deeplift,0.5728761195773031,0.08714727257809989,0.9911707639694214
2120,2924,deeplift,0.18539660151411846,0.14912683862011608,0.9982529282569885
2121,2859,deeplift,0.04701846224420211,-0.024508184369872597,0.44702982902526855
2122,2782,deeplift,0.4226477597004328,0.1155700290050262,0.9973209500312805
2123,515,deeplift,0.4399123610676946,0.07865520063284281,0.9992256164550781
2124,1951,deeplift,0.4276219721023853,0.041280569174350835,0.9638931751251221
2125,3869,deeplift,0.45574718746874066,0.15625853141148885,0.9699894189834595
2126,2263,deeplift,0.545329895039851,0.061785818952502625,0.991732120513916
2127,4006,deeplift,0.46778810769319534,0.0659030315776666,0.9365668296813965
2128,4522,deeplift,0.4013982688387235,0.05436617674099074,0.9287102818489075
2129,2137,deeplift,0.2730473523790186,0.06033566729588942,0.9989307522773743
2130,3673,deeplift,0.5948349330222832,0.029084083044304036,0.9934455156326294
2131,1707,deeplift,-0.1906924436667136,-0.08094255040798869,0.2515707015991211
2132,314,deeplift,0.4010072417863428,0.055849992657360965,0.9993185997009277
2133,1924,deeplift,0.45224850321257554,-0.09418266790884512,0.7368393540382385
2134,2247,deeplift,0.4684946547661509,0.06531510573057901,0.9445804357528687
2135,3901,deeplift,0.6091565541749777,0.08160445440647214,0.9865525364875793
2136,1847,deeplift,0.7243902299440268,0.05273371889735713,0.99727863073349
2137,1725,deeplift,0.3148404997892869,0.27482696479329694,0.999278724193573
2138,3547,deeplift,-0.2582342882655681,-0.09404573168966078,0.0022909927647560835
2139,4558,deeplift,0.37532077564133537,0.03895336323314243,0.9979118704795837
2140,3403,deeplift,0.6815110854011901,0.06724406461766426,0.9844356179237366
2141,3007,deeplift,0.5021772779524326,0.04595139676874334,0.9092604517936707
2142,2961,deeplift,0.6177781820297241,0.0697325449436903,0.9357489943504333
2143,3591,deeplift,0.3975927579928847,0.045102248297018165,0.9976986050605774
2144,571,deeplift,0.5189272843301296,0.06038710251450539,0.9918489456176758
2145,4041,deeplift,0.41129029393196104,0.05794743696848551,0.9645596146583557
2146,2629,deeplift,0.43089031534535543,0.058005020377181825,0.9967537522315979
2147,3121,deeplift,0.4981602823192423,0.03719034655527635,0.9962735176086426
2148,2701,deeplift,0.4269762066907661,0.03158056250838346,0.9926167130470276
2149,3101,deeplift,0.5538600697009651,0.12438128667849081,0.9948674440383911
2150,1863,deeplift,0.4993172366829479,0.11617851038189496,0.99782794713974
2151,2908,deeplift,0.19769427110982496,0.04963581056095833,0.9994472861289978
2152,4456,deeplift,0.4639421718364412,0.10590576753020287,0.8976505398750305
2153,3230,deeplift,0.3049007422075822,0.021365091491204042,0.7923704385757446
2154,2399,deeplift,0.528601455453195,0.13013907443535955,0.9342092871665955
2155,3447,deeplift,0.1563208159059286,0.09855491742491722,0.9995092153549194
2156,1522,deeplift,0.31165720025698346,0.023837386658697418,0.9994648098945618
2157,3295,deeplift,0.4484644463285804,0.01592787876725197,0.8942312598228455
2158,495,deeplift,0.4540228902509338,0.15991383398834028,0.8177621960639954
2159,317,deeplift,0.3841341194116844,0.07599317858803947,0.999187171459198
2160,4319,deeplift,0.380243057012558,0.0485651637117068,0.9990465044975281
2161,2583,deeplift,0.5046348404553201,0.026366269588470458,0.9599522352218628
2162,4536,deeplift,0.4987728082471424,0.14895475407441458,0.9808602333068848
2163,551,deeplift,0.38613585091155506,0.08815845458403877,0.9939906597137451
2164,950,deeplift,0.38069069430488967,0.02404272248005045,0.9993846416473389
2165,2681,deeplift,0.5815858885243133,0.09773580810508213,0.9989701509475708
2166,1720,deeplift,0.28883360529487784,0.03125603158365597,0.9986968636512756
2167,3845,deeplift,0.3268131338059902,0.13112780891824513,0.999030351638794
2168,1653,deeplift,0.5987417216179892,0.07321867197752,0.994971752166748
2169,1475,deeplift,0.7639835823613864,0.05033966784293835,0.9835436940193176
2170,826,deeplift,0.428645441361836,0.0746732051883425,0.9929458498954773
2171,2235,deeplift,0.4423022373364522,0.03164091591651623,0.9994392991065979
2172,1061,deeplift,0.3320351105928421,0.06517834722995758,0.9965953230857849
2173,2353,deeplift,0.3569412833335353,0.0451475238683177,0.9992517828941345
2174,2771,deeplift,0.27891802513285685,0.043746850208232275,0.9995061159133911
2175,3467,deeplift,0.2424871325492859,0.1780774396013569,0.9807337522506714
2176,1672,deeplift,0.20438454602215742,0.0545300780921369,0.9995594620704651
2177,4093,deeplift,0.6360758365856276,0.04534655147128635,0.9967077970504761
2178,2772,deeplift,0.5865443297661841,0.14149240435411534,0.9860475063323975
2179,1352,deeplift,0.3832711676756541,0.1891385213368469,0.9941739439964294
2180,1168,deeplift,0.2153116594661366,0.05246597799387845,0.9994186162948608
2181,1928,deeplift,0.5781630007757081,0.05067214800251855,0.9919043183326721
2182,2714,deeplift,0.500410686135292,0.02950962096452713,0.8787665367126465
2183,3211,deeplift,0.4225255594004032,0.08569630183452784,0.9969128370285034
2184,4227,deeplift,0.5247603254882913,0.07816309860923834,0.9984350800514221
2185,2379,deeplift,0.5263777110725641,0.16102244928479195,0.9983804225921631
2186,3649,deeplift,0.6356632356842359,0.16794420447614458,0.9394604563713074
2187,3624,deeplift,0.37827197734902546,0.0495931179058261,0.9995593428611755
2188,3790,deeplift,0.4266757394405121,0.11694776203404082,0.9988049268722534
2189,1898,deeplift,0.32730848767927717,0.07693384942554292,0.998936116695404
2190,1664,deeplift,0.5311921717304933,0.11619930439873745,0.9910966157913208
2191,3412,deeplift,0.2470291256904602,0.05077493110218564,0.9994736313819885
2192,4179,deeplift,0.3073250318566958,0.0830345203479131,0.9841135144233704
2193,32,deeplift,0.4258605895134119,0.14585835887835577,0.9159712791442871
2194,1218,deeplift,0.23241072068823146,0.0889005959033966,0.9995166063308716
2195,2565,deeplift,0.29114224941566075,0.052505375496272384,0.9993822574615479
2196,2385,deeplift,0.7324021798372269,0.026428191065788267,0.9984819293022156
2197,2592,deeplift,0.5195664861372539,0.05701912641525268,0.7863647937774658
2198,3443,deeplift,0.2778560829659303,0.05985515626768271,0.9974483251571655
2199,3365,deeplift,0.46364192154846695,0.0694988322885413,0.9992196559906006
2200,338,deeplift,0.6208850345329234,0.05568617425466839,0.9702622294425964
2201,1346,deeplift,0.4959348026249144,0.2308238728178872,0.9144437909126282
2202,4523,deeplift,0.4237925802116041,-0.001026213996940189,0.9180521368980408
2203,4054,deeplift,0.3937303009179403,0.08674031664740364,0.6432211995124817
2204,1577,deeplift,0.30411504367564585,0.08121193025974517,0.9983749389648438
2205,1123,deeplift,0.5012777821962223,0.04281419446302015,0.997806966304779
2206,3777,deeplift,-0.1475555136379215,-0.007382417195326378,0.03533075749874115
2207,752,deeplift,0.17184473671343015,0.08717239194590112,0.9992679953575134
2208,681,deeplift,0.6086008782413873,0.07803705029866913,0.9917995929718018
2209,4433,deeplift,0.37499954414210823,0.26120053545424815,0.9969304203987122
2210,1904,deeplift,0.6306755942485045,0.0051487635534543255,0.8253421187400818
2211,2342,deeplift,0.5725297252742612,0.06537776759692601,0.998218834400177
2212,2364,deeplift,0.29580272564833815,0.05419623885642399,0.9994663596153259
2213,778,deeplift,0.3080926492052563,0.05982915223655054,0.9361146092414856
2214,3001,deeplift,0.6344488049772653,0.10725328292359006,0.9884476065635681
2215,3200,deeplift,0.3265959338137978,0.09234976611639324,0.9977902173995972
2216,3921,deeplift,0.3237382834250072,0.07715692778803268,0.9962112903594971
2217,3545,deeplift,0.3514336001347093,0.10685577813316793,0.9760608077049255
2218,542,deeplift,0.19428226394312723,0.07621854415961675,0.9987058639526367
2219,2272,deeplift,0.6163171768188477,0.04955876602066888,0.9897513389587402
2220,391,deeplift,0.39652278496508014,0.12983446038867297,0.9806801080703735
2221,1979,deeplift,0.39144134283065796,0.06202409207820892,0.9497057199478149
2222,1150,deeplift,0.6358708781190217,0.07624835427850485,0.9237070679664612
2223,149,deeplift,0.21989194537912096,0.08468129634857177,0.9986693859100342
2224,2570,deeplift,0.5095454956355848,0.159575098047131,0.9868229627609253
2225,927,deeplift,0.5594932317201581,0.09489100639309202,0.9929592609405518
2226,4017,deeplift,0.4009039957414974,0.08005736271540324,0.9989086389541626
2227,1398,deeplift,0.5036601745614818,0.08858535044333514,0.9888457655906677
2228,3635,deeplift,0.4825497613776298,0.017619273492268155,0.9991046786308289
2229,505,deeplift,0.47523883273524625,0.09744255340868427,0.9986055493354797
2230,3423,deeplift,0.449078510587032,0.3486725118679878,0.7715491056442261
2231,3247,deeplift,0.4991892197479804,0.1036726925522089,0.9958134293556213
2232,1895,deeplift,0.34379735630419517,0.06447179077400102,0.9992928504943848
2233,2286,deeplift,0.3901250651904515,0.03862895454679217,0.9972063899040222
2234,4232,deeplift,0.37167346808645463,0.05036329064104292,0.9928299784660339
2235,2595,deeplift,0.34498596501847106,0.08104300498962402,0.9987068176269531
2236,1770,deeplift,0.46610759379895955,0.2009711117559188,0.9991127848625183
2237,1267,deeplift,0.335549328363303,0.0475986148371841,0.9937105178833008
2238,3124,deeplift,0.5918705917217515,0.02747542117581223,0.9518105387687683
2239,2125,deeplift,0.33549355821950094,0.056694044243721736,0.9988439083099365
2240,1659,deeplift,0.41106202132068576,0.1967892947024666,0.9825353622436523
2241,2909,deeplift,0.33534071147441863,0.09767782688140869,0.9896961450576782
2242,1765,deeplift,0.44350315009554225,0.09469836577773094,0.9915174841880798
2243,1560,deeplift,-0.3236454962467661,0.038560566701451124,0.42819473147392273
2244,2967,deeplift,0.2498722809056441,0.1478030940828224,0.997596800327301
2245,1416,deeplift,0.40092334414229674,0.06299167082590215,0.9992648959159851
2246,1630,deeplift,0.2792171503816332,0.03556736281939915,0.994085431098938
2247,449,deeplift,0.2879569128502247,0.052134255337160686,0.9985476136207581
2248,152,deeplift,0.3330753928858717,-0.05762124623892442,0.6268501281738281
2249,211,deeplift,0.4782805982090178,0.042354696563311985,0.9976720213890076
2250,2032,deeplift,0.3831125660134213,0.040529199476752965,0.9610276818275452
2251,902,deeplift,0.3921077171197304,0.07270918595485198,0.9993207454681396
2252,3436,deeplift,0.4852100170370358,0.03975141092912474,0.9847512245178223
2253,3198,deeplift,0.4415168005228043,0.13110576272010804,0.9946434497833252
2254,57,deeplift,0.31066895371828324,0.029447079468996096,0.9932764768600464
2255,3164,deeplift,0.2746212026652168,0.1407291518122542,0.9993665814399719
2256,4303,deeplift,0.17249067446825025,0.24303110344570744,0.3865921199321747
2257,1927,deeplift,0.5157928888996443,0.0940287278758155,0.989018440246582
2258,3206,deeplift,0.3458040622440544,0.057084642149306634,0.9988553524017334
2259,3388,deeplift,0.4970625158060681,0.21741069565442475,0.9899905920028687
2260,816,deeplift,0.5472399933884541,0.050712582655251026,0.9994173049926758
2261,3284,deeplift,0.2879824363871625,0.13297441660573608,0.998814582824707
2262,2765,deeplift,0.23428124418625465,0.09808809424822147,0.5901681780815125
2263,3970,deeplift,0.3823438980861714,0.046855410855067406,0.9991254210472107
2264,885,deeplift,0.4109809233383699,0.0547652317719026,0.9972060322761536
2265,249,deeplift,0.6851992313900301,0.12489754298040943,0.9932523369789124
2266,2203,deeplift,0.35535458459499036,0.03711614107831995,0.9943013191223145
2267,3115,deeplift,0.3007722482448671,0.08032142716210063,0.999232292175293
2268,2341,deeplift,0.30622946557610536,0.05354998347371123,0.9994705319404602
2269,4132,deeplift,0.404065377869696,0.28624889465435494,0.7690308690071106
2270,1781,deeplift,0.24463738749424616,0.10890653481086095,0.9977916479110718
2271,4488,deeplift,0.26831151415472443,0.035710180583207504,0.9995443224906921
2272,44,deeplift,0.38096506205888897,0.1618026995506042,0.9981480836868286
2273,2390,deeplift,0.49536470510065556,0.08473502347866695,0.9991089701652527
2274,286,deeplift,0.44930218160152435,0.08154318549416283,0.9643418192863464
2275,1094,deeplift,0.31521740865032627,0.007104549205528115,0.815365731716156
2276,1962,deeplift,0.464128111799558,0.07231186213446598,0.9978436231613159
2277,4530,deeplift,0.41405814522650186,0.05591251428534345,0.9974662065505981
2278,202,deeplift,0.2522348889708519,0.08149210900068284,0.9960434436798096
2279,237,deeplift,0.36330791692370956,0.07187060720246771,0.9975428581237793
2280,2519,deeplift,0.35000945518656473,0.042688210562961855,0.9916484355926514
2281,3870,deeplift,0.5081999448000216,0.040740966796875,0.9730283617973328
2282,1108,deeplift,-0.18060260095323125,-0.03426884607567141,0.0036458508111536503
2283,2449,deeplift,0.53932405657628,0.05812358549412559,0.995836615562439
2284,2525,deeplift,0.3559046951500145,0.028574371660077893,0.9991913437843323
2285,357,deeplift,0.37528291474217956,0.04905780113261679,0.9849495887756348
2286,736,deeplift,0.5322807058691978,0.057942499220371244,0.9983686804771423
2287,3918,deeplift,0.19613274820148946,0.042003809660673144,0.9989615678787231
2288,3848,deeplift,0.3582577169746966,0.09792835889635859,0.9983273148536682
2289,1953,deeplift,0.5673336438568575,0.13590339624455997,0.9612942934036255
2290,1131,deeplift,0.4937393081684907,0.1672871427403556,0.7940917611122131
2291,261,deeplift,0.20565756796686738,0.07266686677380844,0.9992940425872803
2292,3113,deeplift,0.4739294534921646,0.1459529232978821,0.970764696598053
2293,379,deeplift,0.48477854999773046,0.018180545340193078,0.9993364214897156
2294,4263,deeplift,0.5199796785481083,0.03613937894503275,0.9988070726394653
2295,1521,deeplift,0.46398413995349846,0.029900328428656968,0.9981088638305664
2296,1006,deeplift,0.4254961968996586,0.025736471399282798,0.9991581439971924
2297,2099,deeplift,0.6422891444185885,0.07245584813559927,0.9899472594261169
2298,4293,deeplift,0.241930159500667,0.08264996664864677,0.9991214871406555
2299,436,deeplift,0.44043901505378574,0.06624047773388717,0.998141884803772
2300,368,deeplift,0.402190376073122,0.04183058242003123,0.9935798645019531
2301,3335,deeplift,0.7384069996187463,0.09200311684980989,0.973648190498352
2302,3450,deeplift,0.3566451349923777,0.03226891922396283,0.9894094467163086
2303,939,deeplift,0.34924356197262857,0.050030100149112744,0.998868465423584
2304,3596,deeplift,0.4449183116567896,0.03140517498584504,0.9944566488265991
2305,4027,deeplift,0.2799667666355769,0.07643962713579337,0.9994283318519592
2306,4056,deeplift,0.3744708166310662,0.08460042142031486,0.9989823698997498
2307,3946,deeplift,0.6060090298323255,0.06846533480443452,0.9952074885368347
2308,1429,deeplift,0.5743003959457079,0.07894875873357822,0.8791371583938599
2309,3847,deeplift,0.6858872476410358,0.079771803097522,0.9632099270820618
2310,1195,deeplift,0.34352889104235557,0.024083453320687818,0.8619402647018433
2311,1003,deeplift,0.731263455170304,0.13005264970793654,0.992969810962677
2312,1465,deeplift,0.4294209149148729,0.04965082870589362,0.9981902241706848
2313,2308,deeplift,0.9011146841383929,0.29397515286041725,0.9977642297744751
2314,250,deeplift,0.4632031833132108,-0.020302868800030814,0.6969126462936401
2315,1579,deeplift,0.2624552191757574,0.06228295332047998,0.9905306696891785
2316,3954,deeplift,0.4626542329788208,0.05546581121378167,0.9991521835327148
2317,1105,deeplift,0.35391869246959684,0.05916516681512197,0.9864060282707214
2318,3569,deeplift,0.563081168242403,0.09621518608686086,0.9641889929771423
2319,3943,deeplift,0.34262846677731246,0.048356607174262024,0.9397312998771667
2320,1610,deeplift,0.35959098324543093,0.12578647056730782,0.998532772064209
2321,3003,deeplift,0.28959189608411967,0.10068106819998543,0.9991557598114014
2322,2100,deeplift,0.4115792007157297,0.028439255374850647,0.9993533492088318
2323,403,deeplift,0.5074184721081771,0.04446263204921375,0.986555814743042
2324,2746,deeplift,0.36125595154969586,0.10463801544645558,0.934796929359436
2325,4535,deeplift,0.21526796228074013,0.05896989557337254,0.997681736946106
2326,1022,deeplift,0.4285268555395305,0.11912257224321365,0.9967067837715149
2327,1764,deeplift,0.5260025103473001,0.12053788267076015,0.9904029369354248
2328,2231,deeplift,0.4627382894977927,0.04475301131606102,0.9988033771514893
2329,3830,deeplift,0.26959299445152285,0.046332290023565294,0.9991507530212402
2330,3357,deeplift,0.333142406329876,0.0666220849607049,0.9989792704582214
2331,1154,deeplift,0.4660770112559909,0.059177259249346595,0.9977420568466187
2332,4461,deeplift,0.6086099810746252,0.02219110392794317,0.9993699193000793
2333,4356,deeplift,0.3967560527517515,0.02991933485164362,0.9749600291252136
2334,1788,deeplift,0.4005174214134411,0.09814675167507055,0.7988119125366211
2335,813,deeplift,0.587918982323673,0.05580802924103207,0.965772807598114
2336,344,deeplift,0.3350140419271257,0.07372998694578807,0.994411051273346
2337,1353,deeplift,0.42885200258182443,0.10000350617844125,0.9664875268936157
2338,3951,deeplift,0.3980413571912415,0.027801729890764976,0.9993706345558167
2339,2427,deeplift,0.6138306873894873,0.07053948796930767,0.9975643157958984
2340,3287,deeplift,0.46995264126194847,0.07381297482384576,0.9502406716346741
2341,1226,deeplift,0.23791748103572102,0.062091650032415624,0.9986475110054016
2342,1678,deeplift,0.3356230942866741,0.07101493156873263,0.991341769695282
2343,2941,deeplift,0.6432864956739472,0.04061712615373658,0.9983413219451904
2344,1740,deeplift,0.2088654124882163,0.061152202690519936,0.9993639588356018
2345,168,deeplift,0.6803341551260514,0.09569937451319262,0.9438225626945496
2346,4577,deeplift,0.5092812870152112,0.13867143577918772,0.9915236234664917
2347,1363,deeplift,0.6311044864356518,0.07882443169752756,0.99774569272995
2348,853,deeplift,0.3564336973428726,0.06555765151977538,0.9994274377822876
2349,387,deeplift,0.42164140552574514,0.043950317537083346,0.9979690909385681
2350,3356,deeplift,0.46724731226762134,0.11515580614407857,0.9928568601608276
2351,3746,deeplift,0.5845718772122355,0.0787499158671408,0.9983327984809875
2352,3411,deeplift,0.2564069533195251,0.07564936349025139,0.9995294809341431
2353,880,deeplift,0.5884792191985374,0.055725601191322006,0.9876089096069336
2354,3464,deeplift,0.5025977335559825,0.14292213522518674,0.9958645105361938
2355,1034,deeplift,0.36729212635093267,0.040335809191068016,0.9986048340797424
2356,3564,deeplift,0.44433918297290803,0.08272609981623563,0.998264729976654
2357,84,deeplift,0.41718146204948425,0.03326953202486038,0.9993313550949097
2358,3903,deeplift,0.5031904495424695,0.06316363852885035,0.9940381050109863
2359,1772,deeplift,0.5958555539449056,0.043987187246481575,0.892763078212738
2360,42,deeplift,0.5813916406848214,0.355897994204001,0.9616796970367432
2361,4097,deeplift,0.41183124353056366,0.09808435776959294,0.9007664322853088
2362,2943,deeplift,0.5619477079464839,0.03811956368959867,0.9992274045944214
2363,4262,deeplift,0.3828523289866564,0.06692782698608027,0.9909334182739258
2364,3099,deeplift,-0.12614243678320702,-0.06819302235050378,0.006214184686541557
2365,3982,deeplift,0.3655789444843928,0.26208672966854074,0.6208940744400024
2366,3797,deeplift,0.003545804834756695,-0.02085014811304749,0.3251017928123474
2367,1730,deeplift,0.3861704021692276,0.032847616482864724,0.9543066024780273
2368,2616,deeplift,0.5404639969530859,0.2573189872660135,0.9945579767227173
2369,476,deeplift,0.396065265327305,0.07768442375319344,0.9988596439361572
2370,1489,deeplift,0.36479368900710885,0.02026749849319458,0.9966388940811157
2371,2295,deeplift,0.4645770475631807,0.0519758230302392,0.9955814480781555
2372,468,deeplift,0.5407353220507503,0.11482846441989143,0.9972794651985168
2373,3608,deeplift,0.31714279746467416,0.12712904675440354,0.9065811634063721
2374,4098,deeplift,0.4683854419102029,0.0813617673588962,0.986187219619751
2375,1874,deeplift,0.450552819385415,0.03421257649149213,0.9993380904197693
2376,290,deeplift,0.5203303738073869,0.057791719653389674,0.9960606694221497
2377,383,deeplift,0.4653763367006412,0.05898867461543817,0.9991720914840698
2378,3175,deeplift,0.6527322124689817,0.18477195166051388,0.9857865571975708
2379,4501,deeplift,-0.10733551223730219,-0.06588128800022192,0.12315056473016739
2380,3622,deeplift,0.12027563979583127,0.034189242692220775,0.403207391500473
2381,2034,deeplift,0.1770949973812643,0.04390827945943149,0.9993428587913513
2382,363,deeplift,0.4741715883666819,0.1188536828214472,0.9916552305221558
2383,3374,deeplift,0.4692375965270342,0.03896827732815462,0.9985848665237427
2384,1640,deeplift,0.5039289444684982,0.10801143493763236,0.9966698288917542
2385,1448,deeplift,0.3439503099882241,0.039784759283065796,0.9965840578079224
2386,957,deeplift,0.4438600218296051,0.03883524119853973,0.996331512928009
2387,4028,deeplift,0.470646708800986,0.23924369143473134,0.9583606123924255
2388,3583,deeplift,0.3379323274681443,0.048207796717944895,0.9989262223243713
2389,3657,deeplift,0.5589444696903229,0.09434893488883972,0.9940369129180908
2390,4436,deeplift,0.5567400270038181,0.13692320386568704,0.9842575788497925
2391,3203,deeplift,0.3259338665576208,0.047910177281924655,0.6920673847198486
2392,3487,deeplift,0.5124146432377571,0.05110105248384698,0.9533994197845459
2393,4109,deeplift,0.39905984167541775,0.10184584132262639,0.6673213243484497
2394,197,deeplift,0.3816994115406153,0.061160665993787805,0.998417854309082
2395,3854,deeplift,0.32622703306731726,0.026775338110469636,0.9992596507072449
2396,2128,deeplift,0.36649487327252117,0.030023901945068723,0.9992577433586121
2397,2884,deeplift,0.20238296132461697,0.05191974341869354,0.9994655251502991
2398,213,deeplift,0.5668653839704941,0.03356876726053199,0.986492931842804
2399,2214,deeplift,-0.11606810829992331,-0.05931354006532127,0.001623338321223855
2400,3161,deeplift,0.16649511020358015,0.10362216212400575,0.9994334578514099
2401,907,deeplift,0.33798200417967406,0.0783388071200427,0.9981001019477844
2402,2498,deeplift,0.4705342520028353,0.018010145425796507,0.998960018157959
2403,2197,deeplift,0.4663933077110694,0.09083178668068005,0.9983829259872437
2404,1493,deeplift,0.49499574347453956,0.10318021739230436,0.9405252933502197
2405,176,deeplift,0.47717753733907425,0.03830779194831848,0.9933602213859558
2406,3451,deeplift,0.2529718776543935,0.1342154691616694,0.9989234805107117
2407,2551,deeplift,0.5706374836819512,0.07377314780439649,0.9902015328407288
2408,1829,deeplift,0.29720411869612606,0.05783914219249379,0.9994402527809143
2409,4525,deeplift,0.4911381307305122,0.04271443492295791,0.9970123767852783
2410,47,deeplift,0.4338684593345605,0.034983694553375244,0.999426007270813
2411,2650,deeplift,0.29561516855444225,0.04676746428012848,0.9995126724243164
2412,139,deeplift,0.33404272523793305,0.1134229762987657,0.9588784575462341
2413,2922,deeplift,0.4658365542238409,0.02347170114517212,0.9993489384651184
2414,3642,deeplift,0.5911840125918388,0.04784968718886375,0.9988958835601807
2415,3719,deeplift,0.4736806243658066,0.04895844790670607,0.9944077730178833
2416,3053,deeplift,0.43493128031492234,0.2369723418354988,0.8891727924346924
2417,1889,deeplift,0.40233393444826726,0.08183297279633973,0.9610589742660522
2418,1470,deeplift,0.2614107810352978,0.22116119238106827,0.9985764026641846
2419,4096,deeplift,0.3627473964835658,0.061907207423990425,0.989296019077301
2420,2293,deeplift,0.32418502213024514,0.03566826044059381,0.9994111061096191
2421,251,deeplift,0.58302323097984,0.022625079751014708,0.974237859249115
2422,4358,deeplift,0.45340984476649243,0.053939341850902725,0.9950791597366333
2423,2791,deeplift,0.4107395786171158,0.08214353335400422,0.9987816214561462
2424,3028,deeplift,0.3552802655431959,0.03777779671880934,0.9987490177154541
2425,215,deeplift,0.29718263836010644,0.1841830160954724,0.9987908005714417
2426,2298,deeplift,0.3863115131855011,0.09188814535737037,0.9964422583580017
2427,1533,deeplift,0.369445069283247,0.05705297514796257,0.6086938381195068
2428,2852,deeplift,0.43778679398603215,0.028418464716090712,0.9918903112411499
2429,933,deeplift,0.2845117620059422,0.08053535045612426,0.9992483258247375
2430,2679,deeplift,0.4717655599117279,0.07594129741191864,0.9879344701766968
2431,3072,deeplift,0.3046712970568074,0.0405595927602715,0.9992577433586121
2432,1681,deeplift,0.2696200495070599,0.015882213699056746,0.9828292727470398
2433,914,deeplift,0.3241710638807666,0.04714169040802987,0.999286949634552
2434,2306,deeplift,0.31285592497781267,0.09528409429760866,0.9987727999687195
2435,3841,deeplift,0.3317466770347796,0.08487557306101448,0.9986420273780823
2436,3570,deeplift,0.5462740153977366,0.08100590109825134,0.9980530738830566
2437,2211,deeplift,0.6164689005324335,0.034005656386866714,0.9349544048309326
2438,2857,deeplift,-0.09272346473657168,-0.13498051092028618,0.21262961626052856
2439,1766,deeplift,0.6125988659803712,0.019184783101081848,0.9990941286087036
2440,498,deeplift,-0.21703398419964698,-0.02092489936659413,0.05736610293388367
2441,2230,deeplift,0.33532958415647346,0.07001110973457496,0.9966093301773071
2442,884,deeplift,0.4018273108771869,0.05249236949852535,0.6775282621383667
2443,3275,deeplift,0.4722445022826101,0.13589922820820527,0.9664580821990967
2444,1991,deeplift,0.42340092013279595,0.11187980920076371,0.9986211061477661
2445,3426,deeplift,-0.22214588844562294,-0.04023233523885547,0.0023448080755770206
2446,566,deeplift,0.43283262526666794,0.03474055190344114,0.9992467164993286
2447,3457,deeplift,0.5743959980016505,0.052844635866306444,0.998980700969696
2448,2792,deeplift,0.32944088144735856,0.029618770425969904,0.9960203766822815
2449,4095,deeplift,0.4624250548390242,0.05485622814068428,0.99498051404953
2450,2257,deeplift,0.4734878214566331,0.07149039287316172,0.9961966276168823
2451,4129,deeplift,0.22626821228436061,0.06936155068022865,0.6013912558555603
2452,1606,deeplift,0.4080558488766352,0.10860598037640254,0.996669352054596
2453,439,deeplift,0.2734847656554646,0.09427854563626978,0.9968563318252563
2454,2737,deeplift,0.5991884715855121,0.04728554114699364,0.9930230379104614
2455,2008,deeplift,0.48831701763840607,0.047733151635458305,0.980529248714447
2456,3731,deeplift,0.6995892553873684,0.1317423199829848,0.9366511106491089
2457,3519,deeplift,0.45018372922501665,0.03984701506634976,0.9982911944389343
2458,2678,deeplift,0.3827254302475763,0.16073043203062337,0.9567103981971741
2459,4561,deeplift,0.5133673503994942,0.11029526392618814,0.9962685108184814
2460,3617,deeplift,0.10882232559693826,-0.06772928342625902,0.29665276408195496
2461,1998,deeplift,-0.1466872071226438,-0.007050915536555377,0.0412522628903389
2462,1121,deeplift,0.6803052696314725,0.21429490772160617,0.9835547804832458
2463,2601,deeplift,0.2115138674324209,0.05905851383100857,0.9989109039306641
2464,1261,deeplift,0.19643365343411764,0.12638034041111285,0.9994351267814636
2465,2275,deeplift,0.4756782252341509,0.04405457079410553,0.9245105981826782
2466,2611,deeplift,0.2549749705940485,0.11533476263284684,0.9992610812187195
2467,844,deeplift,0.6044315008386489,0.2619843141686532,0.9531400799751282
2468,4265,deeplift,0.5771469882001048,0.1416778195163478,0.9553266763687134
2469,27,deeplift,0.21031008280959784,0.04660713789509792,0.9992986917495728
2470,229,deeplift,0.6140591023862362,0.040128756463527676,0.9817320704460144
2471,862,deeplift,0.19931930642236362,0.022430520166050304,0.9989375472068787
2472,3155,deeplift,0.46352310013026,0.038170681335031986,0.9988868832588196
2473,4039,deeplift,0.6718191123008728,0.04297789573669433,0.9874572157859802
2474,183,deeplift,0.3726117021658204,0.06902399930087003,0.8408257365226746
2475,2360,deeplift,0.418364807002006,0.04888905152197807,0.9968122839927673
2476,2348,deeplift,0.20974064279686322,0.44587989591739396,0.8021566271781921
2477,238,deeplift,0.41304420883005316,0.08618720282207835,0.9872130751609802
2478,3180,deeplift,0.3126699400914682,0.05187463921469611,0.9992392063140869
2479,2581,deeplift,0.6242048037903649,0.06268291361629963,0.9943011999130249
2480,1567,deeplift,0.5570242940448225,0.052831256618866555,0.998291552066803
2481,2925,deeplift,0.2508140429854393,0.06874076494326194,0.9994780421257019
2482,523,deeplift,0.5205789621387209,0.09476598288331713,0.9963511228561401
2483,1035,deeplift,0.36370362140036916,0.05946313368307578,0.9714162945747375
2484,2402,deeplift,0.2851324249659815,0.06634296717182282,0.9966562986373901
2485,2312,deeplift,0.48044149163696503,0.05879214737150404,0.9954087138175964
2486,1225,deeplift,0.4573542684316635,0.03005515694618225,0.999314546585083
2487,2069,deeplift,0.19401612533972815,0.07449389803103912,0.9992940425872803
2488,423,deeplift,0.5563345762429299,0.047702368397217296,0.999146580696106
2489,4427,deeplift,0.33392603224829626,0.04820595132677179,0.9972666501998901
2490,1174,deeplift,0.29572797693857333,0.03694079343865558,0.9946218729019165
2491,1490,deeplift,0.28051111869739764,0.07375354613318588,0.9994750618934631
2492,2020,deeplift,0.6959889395670458,0.06277188184586438,0.9884366989135742
2493,1837,deeplift,-0.12531796024471034,0.03250617228570531,0.19283337891101837
2494,3730,deeplift,0.5037229419118021,0.1774004372518237,0.9857283234596252
2495,1586,deeplift,0.2332957409163739,0.08371498800338582,0.9994356036186218
2496,3595,deeplift,0.31969419200169413,0.03161975898240742,0.9992507100105286
2497,2622,deeplift,0.3387166058144918,0.016876137838131043,0.9990929365158081
2498,2173,deeplift,0.23555595179398855,0.05557136848950998,0.9975391626358032
2499,2153,deeplift,0.3220692863489719,0.021537662186521166,0.9989340901374817
2500,1139,deeplift,0.5846374531586965,0.04806730647881826,0.99576735496521
2501,4101,deeplift,0.501986095735005,0.05538864816938128,0.9974703788757324
2502,4005,deeplift,0.3406444432006942,0.3613179119096862,0.920300304889679
2503,1530,deeplift,0.38972699714869985,0.03881759178347704,0.9989368319511414
2504,4259,deeplift,0.4391100030090358,0.06455341142577094,0.9868696331977844
2505,2175,deeplift,0.5744519571357585,0.032776899477268785,0.998029887676239
2506,1016,deeplift,0.5365728209576299,0.05327222328032217,0.9987121820449829
2507,1575,deeplift,0.3406079125170614,0.05370734602797265,0.988329291343689
2508,1333,deeplift,0.6445260968651961,0.15073675086552446,0.997680127620697
2509,1380,deeplift,0.49653288755904545,0.03113514726812189,0.9898627996444702
2510,1428,deeplift,0.38283228611244874,0.07760990104254555,0.9926486611366272
2511,2027,deeplift,0.3013959283439013,0.030828135231366523,0.9842751622200012
2512,1039,deeplift,0.2535955989360809,0.04118287026882172,0.9986599683761597
2513,22,deeplift,0.35604720129523165,0.22789747839750246,0.9752492904663086
2514,1276,deeplift,0.4172981381416321,0.07085087755694985,0.998924195766449
2515,1367,deeplift,0.4298400913560113,0.11095461041428321,0.9712473750114441
2516,147,deeplift,0.4459089067365442,0.13000470453075,0.9817050695419312
2517,3226,deeplift,0.5967770240235107,0.04418081431477158,0.9958255290985107
2518,4586,deeplift,0.433599689074101,0.025162046474795186,0.9990346431732178
2519,2301,deeplift,0.5316267728300418,0.027208810640593706,0.9713895320892334
2520,2466,deeplift,0.4382633504367644,0.08141398237597558,0.9994401335716248
2521,2876,deeplift,0.5755941317631648,0.05934758369739239,0.9326568841934204
2522,2213,deeplift,0.7447175335966878,0.2811650574828188,0.9941562414169312
2523,2261,deeplift,0.4539675245491358,0.037245714893707864,0.9990488886833191
2524,1956,deeplift,-0.07141301848671654,0.05141001922840422,0.21360939741134644
2525,2369,deeplift,0.6830105369395398,0.13913232056384392,0.9757903218269348
2526,190,deeplift,0.4637205702149206,0.02414908094538583,0.9993757605552673
2527,1834,deeplift,0.4678945649128694,0.03571862601316892,0.9904553294181824
2528,2393,deeplift,0.4713987679117256,0.05160751690467199,0.8728262186050415
2529,282,deeplift,0.2775582442509717,0.04240434128662635,0.9992960691452026
2530,1916,deeplift,0.5317024230025709,0.1545804524794221,0.9962771534919739
2531,4527,deeplift,0.5650641705308642,0.040054070098059516,0.9958440661430359
2532,1324,deeplift,0.5122541967683878,0.09913472945873554,0.997307300567627
2533,3576,deeplift,0.418929804015804,0.021870461670128075,0.9993765950202942
2534,4029,deeplift,0.3483510031815498,0.05479095059056436,0.9840233325958252
2535,1683,deeplift,0.583084044897038,0.02230419412903164,0.9959592223167419
2536,4353,deeplift,0.30834442704189113,0.13836669085956202,0.6442529559135437
2537,273,deeplift,0.05436505286061034,-0.12973707306141757,0.4366813004016876
2538,1970,deeplift,0.37868735898624767,0.02881811586293307,0.9992675185203552
2539,903,deeplift,0.5279456194312799,0.03002530833085378,0.9751281142234802
2540,3599,deeplift,0.5054512530565262,0.03808691914264972,0.9986629486083984
2541,2499,deeplift,0.5803443356044591,0.09894786536693573,0.7589396238327026
2542,3514,deeplift,0.19412311522857004,0.0959367661372475,0.9938662648200989
2543,2991,deeplift,0.7404918456725825,0.06352325920995913,0.9984467625617981
2544,3705,deeplift,0.3491051744669676,0.08243498764932156,0.9963952898979187
2545,2014,deeplift,0.31856798872034603,0.07342600727334936,0.9991874098777771
2546,257,deeplift,0.334453543027242,0.16327378595316852,0.9354739189147949
2547,3721,deeplift,0.38696645249108796,0.024108519075346776,0.999211311340332
2548,2368,deeplift,0.22723331683211856,0.03725539810127682,0.9995133876800537
2549,3689,deeplift,0.24163110649332087,0.03231001756292708,0.9995414018630981
2550,2574,deeplift,0.2325824521707766,0.1479004668918523,0.9986448884010315
2551,4260,deeplift,0.42503036016767676,0.12541445683349262,0.9845682382583618
2552,517,deeplift,0.5660272320815092,0.08999762467799648,0.9890824556350708
2553,3170,deeplift,0.17530114314443357,-0.005773310323019285,0.37728896737098694
2554,3201,deeplift,0.5492221409082413,0.09105913877487183,0.9731975793838501
2555,3194,deeplift,0.43750973823277844,0.032396481736846595,0.9696018099784851
2556,3897,deeplift,0.4476397901773453,0.08452440313994884,0.9893485307693481
2557,858,deeplift,0.5913470266386867,0.07582374103367329,0.953101634979248
2558,19,deeplift,-0.1896120376057095,-0.021641842193073697,0.19863805174827576
2559,699,deeplift,0.2839859790272183,0.07680988477336036,0.9981850981712341
2560,575,deeplift,0.3403739668428898,0.09078206401318312,0.9992434978485107
2561,1646,deeplift,0.2209793102173578,0.03772786685398647,0.998680055141449
2562,3623,deeplift,0.3634693519007869,0.033863753807253955,0.9992762207984924
2563,599,deeplift,0.29040990620851515,0.09060367494821549,0.8552141785621643
2564,2894,deeplift,0.3265687922636668,0.07496165898111132,0.9994414448738098
2565,305,deeplift,0.27996287761994126,0.3235599617913084,0.7452290058135986
2566,3433,deeplift,0.6701343863640191,0.1088707281171151,0.9913182258605957
2567,3826,deeplift,0.424527735180325,0.09524194531970553,0.833632230758667
2568,1350,deeplift,0.3304827918901163,0.029019964968456942,0.999143123626709
2569,2129,deeplift,0.6787671064111319,0.06266557560725645,0.9817749261856079
2570,1422,deeplift,0.45690563713249405,0.05353653901501706,0.9939923882484436
2571,3819,deeplift,0.5378720137205991,0.08915488692847165,0.9720261693000793
2572,1527,deeplift,0.2032270112633705,0.02789779007434845,0.9995263814926147
2573,1087,deeplift,0.17087821018966762,0.024381276220083237,0.9994671940803528
2574,1484,deeplift,0.5000819774662576,0.08240087875505774,0.9925711750984192
2575,3513,deeplift,0.4251009337604046,0.10639768838882446,0.9936748147010803
2576,3361,deeplift,0.36654389533731674,0.11110481917858124,0.9925170540809631
2577,1323,deeplift,0.732443814103802,0.22804118692874908,0.9002510905265808
2578,1553,deeplift,0.6192984241282656,0.0501374424923034,0.9968364238739014
2579,3687,deeplift,0.2781467203583036,0.056534996655370505,0.9988264441490173
2580,4368,deeplift,0.4525396511439354,0.04713596836213143,0.9993677735328674
2581,3165,deeplift,0.4579813117566316,0.1031329949264941,0.9985639452934265
2582,1309,deeplift,0.41675060987472534,0.10169928633805478,0.9942368268966675
2583,2983,deeplift,0.4556418366921254,0.08182200025289486,0.9794597029685974
2584,3378,deeplift,0.47970911970844976,0.24106832566084685,0.972556471824646
2585,345,deeplift,0.013104888691526392,-0.11783628109032693,0.22643691301345825
2586,1086,deeplift,0.5682002348825336,0.09679238274693489,0.9965366125106812
2587,923,deeplift,0.4873055577278137,0.08022510955731074,0.9984931945800781
2588,1571,deeplift,0.37044804310426116,0.06644786987453699,0.9976995587348938
2589,842,deeplift,0.555976831487247,0.07244794526878669,0.9669604301452637
2590,2165,deeplift,0.6300437157400526,0.3850553563007942,0.9136630296707153
2591,608,deeplift,0.5272295140539822,0.0956333775235259,0.9965329170227051
2592,285,deeplift,0.48564495891332626,0.1566443985158747,0.9881919026374817
2593,2009,deeplift,0.3409998389807614,0.0386170047250661,0.9968289732933044
2594,807,deeplift,0.6302877214065817,0.6191429227677195,0.9934793710708618
2595,4511,deeplift,0.3897674431403478,0.08343725527326266,0.9991313815116882
2596,2495,deeplift,0.30341632664203644,0.04643904870631648,0.9992901086807251
2597,405,deeplift,0.42815383934244816,0.027943456051300983,0.9991509914398193
2598,218,deeplift,0.5443793833255768,0.08303957793020433,0.9951441287994385
2599,1976,deeplift,0.41708355290549143,0.042173936537333895,0.9597140550613403
2600,4040,deeplift,0.4375603307377208,0.09310032698241147,0.9750842452049255
2601,2461,deeplift,0.3058436481338559,0.03563292730938305,0.999349057674408
2602,2095,deeplift,0.3649781014559404,0.05267005259135984,0.9949711561203003
2603,327,deeplift,0.21406722515821458,-0.15029840071996053,0.5873706340789795
2604,2957,deeplift,0.49161149813967236,0.0013707679207042112,0.9203109741210938
2605,1778,deeplift,0.4370791694770257,0.18471888701121011,0.9840218424797058
2606,688,deeplift,0.7067318287176582,0.1396938612063726,0.9932776093482971
2607,393,deeplift,0.19539745266620928,0.07808382484393242,0.6850461363792419
2608,3495,deeplift,0.4584012419547675,0.018776798585675797,0.9981430768966675
2609,2741,deeplift,0.2696964316394018,0.03784853155198305,0.9992361068725586
2610,3105,deeplift,0.49216933678025787,0.07133480776911197,0.9249241352081299
2611,3579,deeplift,0.362183490395546,0.11570420946393695,0.9520959258079529
2612,4460,deeplift,0.34800345593310417,0.0733072022174267,0.9898013472557068
2613,1491,deeplift,0.18465744939289594,0.15631081477591866,0.9982465505599976
2614,882,deeplift,0.5050124443239636,0.2162670460012224,0.9501113295555115
2615,2085,deeplift,0.7881819104982747,0.120747869765317,0.9845461845397949
2616,1769,deeplift,0.5607962310314178,0.1534773839074512,0.9936925172805786
2617,3177,deeplift,0.4302569627761841,0.13259707093238832,0.786124587059021
2618,3766,deeplift,0.42366712941573215,0.13154002107106721,0.9932982325553894
2619,2049,deeplift,0.4547188482247293,0.12142159324139357,0.9959898591041565
2620,794,deeplift,0.2931528470732949,0.05141688917170872,0.9991806149482727
2621,1617,deeplift,0.46277052847047645,0.05440108126236333,0.9971369504928589
2622,21,deeplift,0.4282552031455217,0.030865536795722112,0.9991961121559143
2623,2626,deeplift,0.256681642598576,0.06659980283843146,0.9990397095680237
2624,2199,deeplift,-0.1512257284277843,-0.10397178994284736,0.11630181223154068
2625,4578,deeplift,0.4052567371028535,0.09760364034074417,0.9979962110519409
2626,1535,deeplift,0.5448719910506544,0.2426916391685091,0.965785801410675
2627,1012,deeplift,0.5470507517457008,0.06268686428666115,0.9110031127929688
2628,3302,deeplift,0.5082105532288551,0.0861214354634285,0.9966009259223938
2629,3059,deeplift,0.4365360657374064,0.09275147020816803,0.9944150447845459
2630,1172,deeplift,0.334454627876932,0.15923545306379144,0.9994309544563293
2631,3322,deeplift,0.4174828347995093,0.16734374079265094,0.9869601726531982
2632,3232,deeplift,0.4586462802676992,0.08792190524664792,0.6787059307098389
2633,3859,deeplift,0.36678396241787153,0.08993221437319732,0.9994000196456909
2634,1015,deeplift,0.5633066882227742,0.048897750155870306,0.9988258481025696
2635,1364,deeplift,0.44586734084979346,0.05489448198805685,0.9986250400543213
2636,2757,deeplift,0.18238858496015137,0.07196692256508647,0.9965582489967346
2637,182,deeplift,0.7121567883912254,0.0690663690660514,0.9968185424804688
2638,1107,deeplift,0.31911186901507554,0.13269784329114137,0.9994277358055115
2639,188,deeplift,0.5694218848432814,0.07718916663101741,0.9641963839530945
2640,2990,deeplift,0.44711834844201803,0.06886335710684459,0.9777076244354248
2641,2951,deeplift,0.3569449878608187,0.05503850243985653,0.9268053770065308
2642,3539,deeplift,0.2267162860968174,0.06275753256602165,0.9992080330848694
2643,3473,deeplift,0.514502323543032,0.14264763922741017,0.9916621446609497
2644,1655,deeplift,0.4852307950672896,0.1268555071690808,0.9561798572540283
2645,3422,deeplift,0.34292680349038995,0.020156594074290733,0.9873555302619934
2646,4077,deeplift,0.4111830185099346,0.0654783670495196,0.9864309430122375
2647,3015,deeplift,0.39221842250516337,0.07847771769569765,0.9961894154548645
2648,2713,deeplift,0.42819492662182224,0.05650663777039601,0.9959392547607422
2649,3397,deeplift,0.6525729201892589,0.07211970775685411,0.9982140064239502
2650,1266,deeplift,0.43206667545295896,0.04269994937238239,0.9910101890563965
2651,1623,deeplift,0.3736922970184913,0.06598240309036695,0.9975281357765198
2652,3358,deeplift,0.5892511666530654,0.015960996349652607,0.9994218349456787
2653,373,deeplift,0.29178762063384056,0.12396235670894384,0.9986394047737122
2654,2026,deeplift,0.3767624252372318,0.09264932668043507,0.9973853230476379
2655,1524,deeplift,0.513605365386376,0.03131409333302425,0.9991912245750427
2656,422,deeplift,0.46304055125940413,0.05102627617972238,0.9964370727539062
2657,3169,deeplift,0.31245867995654836,0.11146780760849223,0.9984326958656311
2658,3650,deeplift,0.46570495583794336,0.07855914831161499,0.9988405108451843
2659,3800,deeplift,0.26396554264616456,0.06150817046774194,0.9954853653907776
2660,1120,deeplift,0.504130796722646,0.04155664680139074,0.9985499978065491
2661,2249,deeplift,0.3923792620730955,0.03486847530963809,0.999239444732666
2662,4043,deeplift,0.3565434683547464,0.0635967362065648,0.9995046854019165
2663,616,deeplift,0.3050438792541109,0.07655182891878588,0.9932864308357239
2664,2691,deeplift,0.53814063644087,0.06097524391638266,0.9945648908615112
2665,2043,deeplift,0.245500367933086,0.09360053124172348,0.9893264770507812
2666,3188,deeplift,0.5597003382444382,0.02318759948015213,0.9561892151832581
2667,2835,deeplift,0.4841076751741079,0.14246633419623742,0.9964105486869812
2668,4211,deeplift,0.22746992409229277,0.06978120356798172,0.9993695616722107
2669,917,deeplift,0.585669853258878,0.1699391920119524,0.9769731760025024
2670,4100,deeplift,0.44110087744063803,0.16801035172409481,0.9941927790641785
2671,1162,deeplift,0.4327583974454461,0.025263987663315564,0.9986494183540344
2672,3716,deeplift,0.5224500558404035,0.07570340640323106,0.9980462789535522
2673,1248,deeplift,0.26897504126153343,0.023344969967516456,0.9990745782852173
2674,828,deeplift,0.2519798066387785,0.10866662796507491,0.9993220567703247
2675,2243,deeplift,-0.23810921074642288,-0.025377674238576044,0.019019760191440582
2676,2902,deeplift,0.283496988269518,0.06136611160242333,0.9966222047805786
2677,337,deeplift,0.5365861841501334,0.156849151238417,0.9783531427383423
2678,2351,deeplift,0.4220726236701012,0.02719577610492706,0.9992207288742065
2679,1959,deeplift,0.6503482554107904,0.11529819518327714,0.9609718918800354
2680,3431,deeplift,-0.1279037940548733,-0.19438187377909344,0.00046993696014396846
2681,4374,deeplift,0.4092773576172031,0.0788080345611183,0.9872118830680847
2682,1102,deeplift,0.4521427086808465,0.07256472201058359,0.999197781085968
2683,1246,deeplift,0.18262161209917904,0.05436197446103681,0.9996080994606018
2684,1176,deeplift,0.43389978971746235,0.2557842058853971,0.9969789981842041
2685,4579,deeplift,0.26232010391023425,0.0786641365951962,0.9994199275970459
2686,3195,deeplift,0.3227132273947491,-0.02790334163343205,0.6346989870071411
2687,2790,deeplift,0.32596917867660524,0.07547009885311126,0.9861191511154175
2688,3877,deeplift,0.6208063106806505,0.04853500141983941,0.9876953363418579
2689,93,deeplift,0.5174504717768624,0.03515446879142939,0.9915067553520203
2690,2795,deeplift,0.5872438991996082,0.09200613643672015,0.7535057663917542
2691,2317,deeplift,0.5045546171340075,0.039713028479706154,0.96194988489151
2692,385,deeplift,0.20014812325944706,0.03740538991227442,0.9994681477546692
2693,913,deeplift,0.34359804157054785,0.046960436033480095,0.9994449019432068
2694,693,deeplift,0.5070768340870186,0.036222789574552466,0.9457829594612122
2695,3241,deeplift,0.4481922522187233,0.03312721997499466,0.9732812643051147
2696,2471,deeplift,0.40201228385677146,0.16931554583870634,0.982262372970581
2697,311,deeplift,0.5315843641336234,0.1304885095582818,0.9971117973327637
2698,334,deeplift,0.5985483791468278,0.10551535549028865,0.9988366961479187
2699,861,deeplift,0.1495895912801778,0.044822214654198396,0.999292254447937
2700,1454,deeplift,0.31694457721379066,0.051842425018548965,0.870018720626831
2701,2684,deeplift,0.5123701742235219,0.03827246236351301,0.9973424077033997
2702,1224,deeplift,0.39338544762933686,0.340198103518736,0.4944649934768677
2703,2585,deeplift,0.3389514821524523,0.04546606875195795,0.9993125200271606
2704,708,deeplift,0.41140349468459253,0.03383930545786153,0.999289870262146
2705,3141,deeplift,0.25346962492103164,0.049296289682388306,0.9991186261177063
2706,38,deeplift,0.5392160370664777,0.08023336867116532,0.9958574175834656
2707,2683,deeplift,0.43512843996286393,0.03251228332519531,0.9975536465644836
2708,935,deeplift,0.47592902303274187,0.05174456749643598,0.9975470900535583
2709,3339,deeplift,0.37370544283286383,0.038989460662655205,0.9989293217658997
2710,1325,deeplift,0.5624317637709684,0.05348041930864023,0.9911705255508423
2711,2120,deeplift,-0.07773129097825172,-0.16918895612744725,0.1793193370103836
2712,470,deeplift,0.3099154601009881,0.14743997011242843,0.9710757732391357
2713,3393,deeplift,0.3754605969061723,0.08106223070943677,0.9974689483642578
2714,1942,deeplift,0.43175415756801766,0.08047635232408841,0.9988511800765991
2715,3371,deeplift,0.5472879045539432,0.043631678654087916,0.9979150891304016
2716,1713,deeplift,0.22264036274029184,-0.03789027067630187,0.3988629877567291
2717,160,deeplift,0.21132727373730054,0.06989936835386536,0.9973318576812744
2718,1192,deeplift,0.33080891110002997,0.04681134857237339,0.9993274211883545
2719,2161,deeplift,0.19419434747180422,0.040687976253999246,0.9993523955345154
2720,3925,deeplift,0.6262981195430286,0.043858104553379,0.9852386116981506
2721,3619,deeplift,0.42455398184912546,0.1105186300618308,0.9477124810218811
2722,4209,deeplift,0.6437723193413172,0.4077243820214883,0.9352366328239441
2723,3524,deeplift,0.40832041527913965,0.03339987215788468,0.9971683621406555
2724,353,deeplift,0.3497244466324242,0.03606597197299101,0.9979647397994995
2725,2548,deeplift,0.3994331806898117,0.18570414779796487,0.9975493550300598
2726,4202,deeplift,0.42697600296565463,0.030156226243291583,0.997850775718689
2727,1014,deeplift,0.4154240369796753,0.08653907802971926,0.9347330927848816
2728,1200,deeplift,0.5173291910825104,0.09380783089276018,0.9977559447288513
2729,4580,deeplift,0.2395951830678516,0.024076783546695003,0.9995810389518738
2730,3087,deeplift,0.3933895006775856,0.14613436375345504,0.9966663718223572
2731,1305,deeplift,0.39866183139383793,0.05562393516302109,0.9835767149925232
2732,112,deeplift,0.4177029659040272,0.0807410511188209,0.9985590577125549
2733,1853,deeplift,0.5223753212979345,0.04092047882802559,0.9991658926010132
2734,4310,deeplift,0.5040750496609266,0.17561026090799375,0.9597232341766357
2735,3873,deeplift,0.3123629320608942,0.07842247070450532,0.9993884563446045
2736,4216,deeplift,0.2592787045352864,0.01974316363064748,0.9993745684623718
2737,14,deeplift,0.3519461527466774,0.07382503371028339,0.9734302163124084
2738,3915,deeplift,0.7618325555364468,0.10965097567864827,0.9973796606063843
2739,2387,deeplift,0.5000432410410472,0.09758085722015017,0.9941787719726562
2740,533,deeplift,0.3453035868061263,0.05366478931336176,0.4826476275920868
2741,3551,deeplift,0.3361871513937201,0.041662413626909256,0.9966212511062622
2742,851,deeplift,0.5280890119346705,0.060433093797076835,0.9978539347648621
2743,1418,deeplift,0.40394207233922524,0.05603590581500739,0.9697797298431396
2744,3446,deeplift,0.4035333317259084,0.03811824062596197,0.997368335723877
2745,1318,deeplift,0.5531610683961348,0.039899329231543976,0.9875132441520691
2746,677,deeplift,0.27656401566096717,0.08132945810045515,0.9916860461235046
2747,3740,deeplift,0.28978489302098753,0.16665744483470918,0.9944434762001038
2748,1317,deeplift,0.329824541657247,-0.12099767024399805,0.5384346842765808
2749,1072,deeplift,0.8821507128071971,0.09403876781463623,0.9982333183288574
2750,4275,deeplift,0.08002852275967598,-0.12131196931004525,0.5105814337730408
2751,655,deeplift,0.6123640742795221,0.11199290485217653,0.9464302659034729
2752,3128,deeplift,0.5992656188403688,0.03281229589043594,0.9878808259963989
2753,3143,deeplift,0.28505324373642604,0.0594890962044398,0.9988874793052673
2754,568,deeplift,0.23702338933944703,-0.13356890763555254,0.6731927394866943
2755,1871,deeplift,0.5309970889240503,0.05633978471159935,0.9991005659103394
2756,3956,deeplift,0.30535229792197544,0.03481879085302353,0.9991905093193054
2757,121,deeplift,0.2724008767732552,0.11726931382768921,0.9930188059806824
2758,3150,deeplift,0.6636477791420792,0.06118951867456022,0.9939358830451965
2759,587,deeplift,0.16939946970878503,0.04690930094474401,0.9995540976524353
2760,3061,deeplift,0.5330495104497793,0.05974808152841062,0.9894143342971802
2761,3162,deeplift,0.3178944758794926,0.03590420937096631,0.9993428587913513
2762,1254,deeplift,0.30932775860832584,0.02840453169999584,0.9993379712104797
2763,2658,deeplift,0.47815356157878613,0.10146960520997961,0.9953664541244507
2764,163,deeplift,0.6474407333638761,0.3054624329526703,0.9316372275352478
2765,1322,deeplift,0.38907332495966956,0.06792837670489923,0.995735764503479
2766,4249,deeplift,0.35980747565627097,0.001920905980196866,0.7952587604522705
2767,360,deeplift,0.44956231814238334,0.0693385269372694,0.9935325384140015
2768,1768,deeplift,0.5568402895949921,0.09760902400286693,0.9967795014381409
2769,732,deeplift,0.3625730495899916,0.00011593190332253774,0.6572086811065674
2770,2671,deeplift,0.3591015986327467,0.19187498272492967,0.9818098545074463
2771,691,deeplift,0.23711450055644318,-0.04526244627462851,0.5833619236946106
2772,79,deeplift,0.5174364108178351,0.09224757358983711,0.9984570741653442
2773,2776,deeplift,0.27196605215695774,0.13535708155144344,0.9979240894317627
2774,1053,deeplift,0.48054249146405387,0.1424760181529849,0.8781459927558899
2775,410,deeplift,0.5161301830881521,0.0964049968803138,0.9984721541404724
2776,4367,deeplift,0.6141939305123829,0.1560074310927164,0.952244222164154
2777,1667,deeplift,0.4220000647008419,0.1277248037979007,0.9760575890541077
2778,3349,deeplift,0.5060709429638727,0.1307729376213891,0.7163977026939392
2779,2672,deeplift,0.40645254425930255,0.12252809378233823,0.9987738728523254
2780,4038,deeplift,0.44662458401533867,0.023451797664165497,0.9978801012039185
2781,4552,deeplift,0.4088604073314106,0.041197970509529114,0.9957738518714905
2782,1542,deeplift,0.27366701467913024,0.06666993000069443,0.9965852499008179
2783,1336,deeplift,0.2687532974808824,0.04345281801971735,0.9987636804580688
2784,1519,deeplift,0.3778596257743163,0.02345736897908724,0.9992033839225769
2785,1229,deeplift,0.3583372789621353,0.023123260140419006,0.9991181492805481
2786,1968,deeplift,0.3812636826187372,0.04294697940349579,0.9927006959915161
2787,4416,deeplift,0.5980821617862635,0.02784435895451328,0.9977737069129944
2788,2109,deeplift,0.5965298797752037,0.12654924441556462,0.9951434135437012
2789,725,deeplift,0.3177366877595584,0.018442881249246142,0.9993847608566284
2790,1134,deeplift,0.42597862936201547,0.02447501179717836,0.7298153042793274
2791,101,deeplift,0.26709844107213226,0.14154985028764475,0.9894145727157593
2792,4266,deeplift,0.5061957556754351,0.09499996969866198,0.9957767724990845
2793,2253,deeplift,0.45028143433424145,0.12456307541101407,0.9804319143295288
2794,1269,deeplift,0.2974493708461523,0.043706848906973995,0.999366819858551
2795,2813,deeplift,0.5148616726909365,0.11128286932195935,0.9908060431480408
2796,193,deeplift,0.48509189170418365,0.043062813354260994,0.9990468621253967
2797,1127,deeplift,0.45735312233100067,0.0760710811292803,0.9991212487220764
2798,2871,deeplift,0.6526080980533506,0.017086178791232226,0.999359667301178
2799,3470,deeplift,0.41776395545286293,0.02830463560188518,0.9851285219192505
2800,280,deeplift,0.4962036966493255,0.09863399792658656,0.9979800581932068
2801,1696,deeplift,0.3093702991803487,0.05752783020337423,0.9992374181747437
2802,2623,deeplift,0.3336057123210695,0.03920481006304423,0.9975774884223938
2803,2139,deeplift,0.3509921917448873,0.04027212508346723,0.9991551637649536
2804,3438,deeplift,0.2432618181813847,0.06195306371558796,0.9978731870651245
2805,82,deeplift,0.3686533409357071,0.11579841434955597,0.9986634254455566
2806,876,deeplift,0.4107870503708168,0.05027077153876976,0.8936775326728821
2807,2719,deeplift,0.2927707706360107,0.053245625597365356,0.9975148439407349
2808,2374,deeplift,0.41602287206210586,0.04300253524592048,0.9988671541213989
2809,1569,deeplift,0.5308996068036302,0.020525620338764598,0.9009878635406494
2810,2416,deeplift,0.35441093643506366,0.053527861212690674,0.9984265565872192
2811,3724,deeplift,0.5000712722539902,0.0844843647309712,0.9507468938827515
2812,3511,deeplift,0.473458556830883,0.08398450165987015,0.9864051342010498
2813,4046,deeplift,0.3268931673632728,0.21317733024005536,0.9659867882728577
2814,2132,deeplift,0.44761272235350175,0.11265394443815405,0.7641882300376892
2815,2932,deeplift,0.40549669458585624,0.027658324907807744,0.999075174331665
2816,3414,deeplift,0.36085468496001044,0.07591532586618911,0.9952929615974426
2817,1009,deeplift,0.5163617065040077,0.0507456849261028,0.9986796975135803
2818,4171,deeplift,0.5476063944217635,0.04877838674114972,0.9994396567344666
2819,1439,deeplift,0.4548404219807411,0.10715558334272735,0.9960202574729919
2820,3603,deeplift,0.3428172455277554,0.03629139689512031,0.9982815980911255
2821,2680,deeplift,0.29850522092744414,0.04099164581766315,0.9991251826286316
2822,4297,deeplift,0.23794845030421302,0.0973892988903182,0.9990498423576355
2823,630,deeplift,0.5185812148782942,0.0823248008886973,0.9961799383163452
2824,638,deeplift,0.5213596959566248,0.12154318289510135,0.9926242232322693
2825,455,deeplift,0.2669615277901609,0.13297060258845064,0.5071028470993042
2826,129,deeplift,0.19183642400635614,0.04891574730475744,0.9993221759796143
2827,3544,deeplift,0.41871855006768155,0.047432249173139915,0.9990901947021484
2828,2705,deeplift,0.5734011699947027,0.20395187173898405,0.9922772645950317
2829,4542,deeplift,0.3075988509897458,0.018629374140399998,0.9992546439170837
2830,1736,deeplift,0.35855547311129393,0.11837561704494336,0.9978107810020447
2831,1442,deeplift,0.39821412723238875,0.05171875837372571,0.9889532327651978
2832,836,deeplift,0.6312006082589505,0.06774186436086893,0.9602082967758179
2833,3713,deeplift,0.32929339852088535,0.056825702771162376,0.997062623500824
2834,963,deeplift,0.4475117726572629,0.3353112978411132,0.7013798356056213
2835,3500,deeplift,0.4757485777139664,0.056371759176254276,0.9903208613395691
2836,1386,deeplift,0.464216957334429,0.1071512890048325,0.988541841506958
2837,3631,deeplift,0.606066880785689,0.05183003629956927,0.9985546469688416
2838,3220,deeplift,0.45336504426656987,0.07069737069747027,0.9970023036003113
2839,1920,deeplift,0.44867519160796854,0.14439882646346913,0.9749138355255127
2840,3065,deeplift,0.625747957650353,0.09870419695096858,0.9664181470870972
2841,4122,deeplift,0.23301082945639087,0.14254483436384507,0.9988512992858887
2842,2735,deeplift,0.6155151606283404,0.08333397792144255,0.9983483552932739
2843,1441,deeplift,0.5645230366360574,0.04919762483664921,0.9963527917861938
2844,860,deeplift,0.4451067616993731,0.04980322854085402,0.9987955093383789
2845,930,deeplift,0.17267190613025843,0.12610957606933837,0.9993113279342651
2846,2920,deeplift,0.5990421997590197,0.09596682753827837,0.9939746260643005
2847,3073,deeplift,0.4282069011376454,0.030068313273099754,0.9264870285987854
2848,2537,deeplift,0.5378958188435611,0.07243846444522634,0.9951505661010742
2849,4582,deeplift,0.7622032216409358,0.1669563716504632,0.9943999648094177
2850,173,deeplift,0.27374995043918265,0.05976730918706353,0.9981030225753784
2851,1056,deeplift,0.3904222048098041,0.2458043940845997,0.9929484128952026
2852,2870,deeplift,0.5549217748798823,0.18016147103748822,0.9918369650840759
2853,50,deeplift,0.6201296078839472,0.07919105807585376,0.9725416302680969
2854,2560,deeplift,0.39384731841393006,0.1018803406220216,0.9982095956802368
2855,31,deeplift,0.43817523631610367,0.10866821557283401,0.9972336888313293
2856,3419,deeplift,0.44210916282014645,0.06302294039979894,0.9989976286888123
2857,3023,deeplift,0.23964179850230782,0.042840609611090964,0.9991033673286438
2858,1433,deeplift,0.47389866020835814,0.06520537494635972,0.9910736680030823
2859,399,deeplift,0.4452190061702448,0.08434103648452197,0.9990413784980774
2860,3793,deeplift,0.25006971226798164,0.031105087200800578,0.9991317391395569
2861,3354,deeplift,0.6137830042280257,0.06040807720273733,0.9954630732536316
2862,749,deeplift,0.07071067130060069,0.07134887327750523,0.4001754820346832
2863,3479,deeplift,0.35280340650807257,0.07620359276947768,0.9988149404525757
2864,3212,deeplift,0.27860501284400624,0.1109832235508495,0.8418026566505432
2865,617,deeplift,0.44908761824755106,0.08004458423923044,0.9992697834968567
2866,4442,deeplift,0.2976355506823613,0.054701134944573425,0.9992165565490723
2867,2130,deeplift,0.8046357356782617,0.2052054595330666,0.9917389154434204
2868,283,deeplift,0.4555127229009356,0.11460142391068595,0.9724657535552979
2869,4517,deeplift,0.4076660502524603,0.09886926128750756,0.9827471971511841
2870,1217,deeplift,0.5915490126480227,0.046147412579992546,0.997246503829956
2871,55,deeplift,0.5725714460015296,0.08108856578667958,0.9938522577285767
2872,2038,deeplift,0.40351554644959314,0.05107450698103223,0.996727466583252
2873,1302,deeplift,0.3400662605735389,0.1671505756676197,0.9955599308013916
2874,2767,deeplift,0.26812763538743767,0.3188970333763531,0.5201186537742615
2875,1813,deeplift,0.6304884734361068,0.04000798386076222,0.99909508228302
2876,3881,deeplift,0.34655506329403984,0.092655710875988,0.9980366826057434
2877,434,deeplift,0.2400376750477429,0.08989918694413941,0.9986609220504761
2878,115,deeplift,0.4533722876970257,0.13880442122795753,0.9986892342567444
2879,2119,deeplift,0.3666344014081088,0.0528938372929891,0.9953769445419312
2880,2923,deeplift,0.3251328525297782,0.16170206611209056,0.9991176724433899
2881,3392,deeplift,0.41004061147018717,0.19214525487687853,0.9822044968605042
2882,1789,deeplift,0.31749980011076295,0.03502841603081181,0.9983977675437927
2883,1103,deeplift,0.21525776159504187,0.16268303650228874,0.998978853225708
2884,348,deeplift,0.16384587324026859,-0.015421161145874948,0.6730783581733704
2885,4441,deeplift,0.30886852098446266,0.08891658295019,0.9994233846664429
2886,78,deeplift,0.18720505358996214,0.11732266070666136,0.9962342381477356
2887,3224,deeplift,0.4698127855857213,0.0673962659560717,0.9987070560455322
2888,1821,deeplift,0.2559109899927588,0.20776982375365846,0.999369204044342
2889,1735,deeplift,0.39268671735277716,0.04541982513553691,0.9992828965187073
2890,2473,deeplift,0.2692082344099533,0.0707876775846925,0.9992145299911499
2891,4204,deeplift,0.35693900745648605,0.12260569517429058,0.9979497790336609
2892,3395,deeplift,0.30601029438631877,0.08606536260672978,0.9993000030517578
2893,3405,deeplift,0.5641139277390071,0.08083182147571019,0.9717742800712585
2894,1431,deeplift,0.3676061573624611,0.05098953425884247,0.9985513091087341
2895,2113,deeplift,0.20320101353255185,0.04921103539791974,0.9994407296180725
2896,1294,deeplift,-0.018108089315764447,-0.17215747497183212,0.23911690711975098
2897,2798,deeplift,-0.23849109899666573,-0.06956276202367412,0.06338197737932205
2898,4241,deeplift,0.34089531769623627,0.037121014015094655,0.9952488541603088
2899,2697,deeplift,0.23308991889158884,0.03618484806446802,0.9981086254119873
2900,735,deeplift,0.39230440175810527,0.09821323833839837,0.9977530837059021
2901,2398,deeplift,0.4230666747864555,0.07867907250628751,0.9901330471038818
2902,1921,deeplift,0.5362282177576652,0.09635600762871596,0.9981052875518799
2903,2454,deeplift,0.45881298961157496,0.054415615315132955,0.9865091443061829
2904,2436,deeplift,0.4298686849720338,0.03876012213089887,0.8336161971092224
2905,3313,deeplift,0.3593057002062383,0.14677443128565085,0.9492006301879883
2906,2602,deeplift,0.49785430023544713,0.29952933511843804,0.9651636481285095
2907,1378,deeplift,0.3737576081147117,0.23827009394224133,0.780280590057373
2908,4172,deeplift,0.5251434916450132,0.10998613507516923,0.9546794295310974
2909,140,deeplift,0.2793401358158965,0.08478319174364994,0.9983526468276978
2910,2482,deeplift,0.48208802193403244,0.024261265993118286,0.9925501346588135
2911,2566,deeplift,0.3289034936357947,0.02695447644766639,0.9993178844451904
2912,3043,deeplift,0.3696598717064228,0.14626707445900394,0.9959887862205505
2913,2718,deeplift,0.4217106162717468,0.06765671074390411,0.993831992149353
2914,1010,deeplift,0.44050142037517886,0.041810845627504235,0.9986224174499512
2915,1516,deeplift,0.2774105119918074,-0.06634553308997836,0.6016080379486084
2916,1988,deeplift,0.6179660032777226,0.09989387892624911,0.9752394556999207
2917,2942,deeplift,0.5752862889218975,0.036623187967248866,0.9971004128456116
2918,3097,deeplift,0.5006988123059273,0.06827809482812881,0.9971495270729065
2919,151,deeplift,0.3360168647766113,0.10555549442768097,0.9439519047737122
2920,2319,deeplift,0.4540917280688882,0.04459366142749786,0.9653905034065247
2921,1373,deeplift,0.6881860112998543,0.03511504138388285,0.9969499707221985
2922,1358,deeplift,0.6929402377249466,0.10805927713712056,0.9920171499252319
2923,1873,deeplift,0.5134818233987865,0.08485156210029826,0.9168630838394165
2924,2668,deeplift,0.3550614107113618,0.040118105996113554,0.9989368319511414
2925,4357,deeplift,0.7809078692886475,0.06209858607601475,0.996317982673645
2926,62,deeplift,0.5896370089716382,0.09675980905691782,0.9986578226089478
2927,1795,deeplift,0.3249297136890477,0.08708407806939092,0.9956574440002441
2928,1000,deeplift,0.4321969800866118,0.02174648116616642,0.9972234964370728
2929,3679,deeplift,0.5418219531052991,0.043039024660461826,0.9812660813331604
2930,1850,deeplift,0.49052687246223975,0.10709069566480045,0.9921916127204895
2931,2825,deeplift,0.5227259440490832,0.17191175887217888,0.9966124892234802
2932,3964,deeplift,0.5636865953699901,0.06756741553544998,0.9856755137443542
2933,1625,deeplift,0.23584415657179697,0.08895418963262013,0.9992632269859314
2934,1313,deeplift,0.5431885136400952,0.09383102637879989,0.9579071998596191
2935,4320,deeplift,0.3196470395133302,0.10407243427392598,0.9989030361175537
2936,2166,deeplift,0.47943201889188924,0.03185233869114701,0.999046266078949
2937,2184,deeplift,0.34392724335193636,0.26542196058564715,0.8345558047294617
2938,4148,deeplift,0.28292276130782235,0.06333164332641496,0.9991229176521301
2939,300,deeplift,0.3346357635169659,0.030459888701168995,0.9993970394134521
2940,339,deeplift,0.4494366749588932,0.14938063440578325,0.9961872696876526
2941,2220,deeplift,0.5552822688351506,0.04696422167446302,0.9993591904640198
2942,1587,deeplift,0.44904780481010675,0.07879834389314055,0.9941820502281189
2943,4410,deeplift,0.36680653674734964,0.01960723797480265,0.9993759989738464
2944,3009,deeplift,0.25147195540222467,0.03289108708793042,0.9992461204528809
2945,4314,deeplift,0.5141973132506396,0.03760653352126097,0.9987629652023315
2946,2236,deeplift,0.015084248853892816,0.08487568105139383,0.34710606932640076
2947,3837,deeplift,0.2774781008561452,0.09407793432474136,0.9984845519065857
2948,2512,deeplift,0.21309255970560986,0.04056603623473126,0.9992753863334656
2949,4272,deeplift,0.404010180861522,0.09999784101278354,0.9955319166183472
2950,2294,deeplift,0.45786089726856777,0.05158376267978123,0.9934572577476501
2951,3416,deeplift,0.39998026064464026,0.1207370006612369,0.9990482926368713
2952,3694,deeplift,0.45710847345067235,0.09228546263241186,0.983767032623291
2953,108,deeplift,-0.01015492618083954,0.0632404014468193,0.6615850329399109
2954,3795,deeplift,0.5099005574153529,0.23479989568392437,0.9655578136444092
2955,3228,deeplift,0.6181474221434365,0.05310986745864787,0.998615026473999
2956,4327,deeplift,0.2721207188235389,0.08932354748249054,0.9992097616195679
2957,4444,deeplift,0.35147153901366085,0.022070782688947823,0.9992716908454895
2958,932,deeplift,0.4055648689920252,0.04124670949849216,0.9971217513084412
2959,3245,deeplift,0.5719648942351341,0.07277191206812858,0.9940226674079895
2960,1037,deeplift,0.1566875123007353,0.05482710308806841,0.999542236328125
2961,3070,deeplift,0.197210510437553,0.05995989812387002,0.9994454979896545
2962,507,deeplift,0.3258499694056809,0.08130979491397738,0.9963080883026123
2963,1983,deeplift,0.33204524517059325,0.06861095428466797,0.9995002746582031
2964,635,deeplift,0.45320788979530335,0.035925270318984986,0.9988839030265808
2965,102,deeplift,0.3662530150144331,0.04954384723978658,0.9880661964416504
2966,2618,deeplift,0.5448798174793655,0.029733833428975696,0.998975396156311
2967,2452,deeplift,0.5234544032149845,0.12040864129861197,0.998415470123291
2968,2433,deeplift,0.12634518266992367,0.0006804761100322642,0.8843941688537598
2969,2955,deeplift,0.24529726535846025,0.03052369142190004,0.9988574981689453
2970,4406,deeplift,0.5761132968951382,0.03379008998828275,0.999517560005188
2971,146,deeplift,0.5967323229958613,0.0415362944205602,0.9879866242408752
2972,2277,deeplift,0.5316492503881455,0.12597982823848725,0.9849121570587158
2973,628,deeplift,0.3662411657071883,0.08176030747352107,0.9879328608512878
2974,4147,deeplift,0.5206762636701266,0.05559820532798767,0.9953141212463379
2975,2488,deeplift,-0.0896431020632082,-0.21380596045328645,0.15893366932868958
2976,4587,deeplift,0.5753704015955781,0.27163921928767004,0.9842387437820435
2977,624,deeplift,0.5490638523780066,0.12782902347630468,0.8085424900054932
2978,1402,deeplift,0.39444203714006826,0.126081369670206,0.9951568245887756
2979,1547,deeplift,0.5536132127393124,0.08055212400680364,0.9889434576034546
2980,1680,deeplift,0.2935596514493227,0.11539411097764969,0.882503867149353
2981,2779,deeplift,0.5733610890983116,0.059713012405804226,0.9986691474914551
2982,3616,deeplift,0.35630241908678195,0.042116675435042966,0.9909054040908813
2983,3676,deeplift,0.31790453679859637,0.05698184221982956,0.9988582134246826
2984,2004,deeplift,0.35614562875185257,0.05981266078276512,0.9954458475112915
2985,2141,deeplift,0.31859122770952014,0.032476958705157766,0.9988664388656616
2986,4045,deeplift,0.6609349513490652,0.030349890219754184,0.9974861145019531
2987,1761,deeplift,0.2821242998580675,0.045342424834096756,0.9984110593795776
2988,266,deeplift,-0.12226524787980157,0.013837315343521736,0.09362630546092987
2989,4195,deeplift,0.24146446934405794,0.2407841187842349,0.5176810622215271
2990,1808,deeplift,0.39280761778354645,0.02657825046894597,0.8842668533325195
2991,3786,deeplift,0.5971800459033632,0.09952664628941962,0.9964937567710876
2992,3199,deeplift,0.30870730578899386,0.10932673762242,0.9992595314979553
2993,2619,deeplift,0.2708565965294838,0.022093993094232347,0.9993948936462402
2994,2459,deeplift,0.3961488432956464,0.10053284421111598,0.9711902141571045
2995,3187,deeplift,0.45311653343113983,0.03163404559547251,0.9992068409919739
2996,4531,deeplift,0.26901778144141036,0.03540294679502646,0.9991652965545654
2997,4355,deeplift,0.36849486113836366,0.028973023717602093,0.9993711113929749
2998,2725,deeplift,0.365858414898748,0.02854202169439067,0.9719756841659546
2999,4573,deeplift,0.35433985942449325,0.04530030909257057,0.9993993043899536
3000,1913,integrated_gradient,0.3353490437070529,0.06225839952627818,0.9940606951713562
3001,4550,integrated_gradient,-0.237881677763653,-0.04282856097415788,0.0026435537729412317
3002,4424,integrated_gradient,0.3101487856458973,0.060114049830952206,0.9993114471435547
3003,3802,integrated_gradient,0.6568459647574595,0.03826191036828926,0.9990894794464111
3004,3867,integrated_gradient,0.3951663860252925,0.06922887393406459,0.939868152141571
3005,2557,integrated_gradient,0.4367157773059957,0.0977537412853802,0.94000244140625
3006,2097,integrated_gradient,0.4111939918882442,0.02771932673904131,0.9991582632064819
3007,3546,integrated_gradient,0.4452648185366808,-0.030796422861343205,0.6169075965881348
3008,2808,integrated_gradient,0.2419724076202041,0.08899715738861184,0.9994128942489624
3009,893,integrated_gradient,0.4734094627832962,0.10913262882475126,0.9792831540107727
3010,674,integrated_gradient,0.4114782607013529,0.03238908133723519,0.9992257356643677
3011,4329,integrated_gradient,0.4870977194243392,0.08099132568337196,0.9972947239875793
3012,518,integrated_gradient,0.5283397974037543,0.06042616287382638,0.9962371587753296
3013,3071,integrated_gradient,0.3036142852157354,0.05768480598926544,0.9986370205879211
3014,1449,integrated_gradient,0.6268044782847892,0.07104224766173013,0.9880275726318359
3015,2475,integrated_gradient,0.31716546092344367,0.027497886963512585,0.9992716908454895
3016,2224,integrated_gradient,0.48211573213338854,0.02156827077269554,0.9987493753433228
3017,3008,integrated_gradient,0.5549263999513958,0.032892732516579,0.9971387386322021
3018,2799,integrated_gradient,0.32323596121803405,0.0773077078403965,0.9990039467811584
3019,3455,integrated_gradient,0.5726272487903342,0.1251531891963061,0.9336522817611694
3020,2715,integrated_gradient,0.45855227493962575,0.039592304895090503,0.9993176460266113
3021,1799,integrated_gradient,0.5240890173575817,0.02720091128960634,0.9989339709281921
3022,1476,integrated_gradient,0.2136062305420637,0.03736874796450138,0.9983426332473755
3023,3045,integrated_gradient,-0.10195238118697154,-0.04459130259132699,0.03766162693500519
3024,191,integrated_gradient,0.44296394410182016,0.02782463419194124,0.9994010925292969
3025,1612,integrated_gradient,0.45860063509885657,0.02927846686784611,0.994823694229126
3026,3501,integrated_gradient,0.5654636129736901,0.072347774853309,0.9978377223014832
3027,2706,integrated_gradient,0.25237648752000597,0.040218664209047954,0.9995693564414978
3028,788,integrated_gradient,0.5491216595511179,0.033108101906003176,0.9957150816917419
3029,2721,integrated_gradient,-0.07117051217937842,-0.06871868421634038,0.0640377625823021
3030,2543,integrated_gradient,0.37898705899715424,0.037300484565397106,0.9978628754615784
3031,4425,integrated_gradient,0.48878333950415254,0.0582063989713788,0.9849875569343567
3032,4154,integrated_gradient,0.466277978150174,0.03673309530131519,0.9995231628417969
3033,169,integrated_gradient,0.6345839904887336,0.09621136614254543,0.9828258156776428
3034,1657,integrated_gradient,0.2864142050119964,0.05117019062692469,0.9993871450424194
3035,3040,integrated_gradient,0.4198893855015437,0.04490835337262405,0.9993938207626343
3036,269,integrated_gradient,0.3432699082101264,0.03465092581946675,0.999180018901825
3037,1775,integrated_gradient,0.48619727163829585,0.08925130692395297,0.9988150596618652
3038,3229,integrated_gradient,0.7668420542841372,0.025570379651111107,0.9935006499290466
3039,4496,integrated_gradient,-0.02000532581888396,0.02826262599435346,0.3342333137989044
3040,1064,integrated_gradient,0.39122897837051124,0.11223395965820135,0.9945560693740845
3041,4134,integrated_gradient,0.6004805868422544,0.06982526293507328,0.9898181557655334
3042,4000,integrated_gradient,0.2691711687272595,0.09212845083205931,0.9962179064750671
3043,609,integrated_gradient,-0.13897508603555184,-0.04213484428409073,0.011769838631153107
3044,2710,integrated_gradient,0.40926760782798133,0.149237655599912,0.9958511590957642
3045,3460,integrated_gradient,0.4161067257978414,0.07111485773011257,0.9968229532241821
3046,1803,integrated_gradient,0.6573313580317931,0.09083614349365235,0.9033440947532654
3047,1918,integrated_gradient,0.3655399476387063,0.04274982609310929,0.9983850717544556
3048,3197,integrated_gradient,0.2837612137198448,0.011128725111484527,0.7010975480079651
3049,1737,integrated_gradient,0.5432213234969161,0.0391331474212083,0.997461199760437
3050,4435,integrated_gradient,0.41832899007686347,0.05241973871408507,0.923281192779541
3051,3750,integrated_gradient,0.6574202632870186,0.04168316721916199,0.9421367049217224
3052,3966,integrated_gradient,0.44490954756736756,0.12350019693374634,0.9899585843086243
3053,365,integrated_gradient,0.5649836992108545,0.031132075675698215,0.998174786567688
3054,4053,integrated_gradient,0.3132822930048674,0.07584292269670047,0.9990399479866028
3055,2066,integrated_gradient,0.5860717989677606,0.05600238643413366,0.9994871616363525
3056,1852,integrated_gradient,0.3999536476425222,0.06321903579943888,0.9941151142120361
3057,2703,integrated_gradient,0.7065329778501216,0.05154618883834166,0.9895234704017639
3058,487,integrated_gradient,0.5491314257894243,0.0744440632207053,0.9830442070960999
3059,4055,integrated_gradient,0.22064602188766003,0.05020341215034326,0.9994490742683411
3060,4475,integrated_gradient,0.555887941414347,0.06438472408514756,0.9919978976249695
3061,3348,integrated_gradient,0.43212336332847673,0.028725535919268925,0.9958131909370422
3062,351,integrated_gradient,0.5952766767065776,0.10629085137655861,0.9872593283653259
3063,2509,integrated_gradient,0.34930457847733654,0.04991271947660754,0.999016284942627
3064,4030,integrated_gradient,0.4402277758345008,0.08984168557799421,0.9968666434288025
3065,1650,integrated_gradient,0.22692338668781778,0.057222745664741684,0.999357283115387
3066,2653,integrated_gradient,0.2617611806347685,0.03869942842789416,0.999255359172821
3067,4285,integrated_gradient,0.4556798133999109,0.052834995556622744,0.9913411736488342
3068,1468,integrated_gradient,0.6054574479348958,0.12253049341961741,0.9902837872505188
3069,2998,integrated_gradient,0.4920771595090628,0.055924619734287265,0.9990971088409424
3070,1270,integrated_gradient,0.5796741670928895,0.12305553676560521,0.9700825214385986
3071,297,integrated_gradient,0.42273207070926827,0.13335904106497765,0.9916892051696777
3072,2019,integrated_gradient,0.3602979870306121,0.03282729508700194,0.9993290901184082
3073,629,integrated_gradient,0.4606791323711795,0.03321687588768621,0.9969925880432129
3074,1944,integrated_gradient,0.5070788977401597,0.03925150597379321,0.998633086681366
3075,953,integrated_gradient,0.30969063976877614,0.027373501344730978,0.9991455078125
3076,466,integrated_gradient,0.4712272062897682,0.12016879487782717,0.9924671053886414
3077,2200,integrated_gradient,0.030207441795779312,0.16536603220131085,0.4452812671661377
3078,728,integrated_gradient,0.4505547234280543,0.04783316667784344,0.9994852542877197
3079,3376,integrated_gradient,0.6043511066879881,0.03813647518032476,0.9961434602737427
3080,4549,integrated_gradient,0.4581926640902841,0.0709291045055833,0.9670119285583496
3081,72,integrated_gradient,-0.05904659388526794,0.16445461324145716,0.46043118834495544
3082,4,integrated_gradient,0.2882644946270801,0.03724505102380793,0.9973944425582886
3083,1098,integrated_gradient,0.45260906914198723,0.049825976829271056,0.9942672848701477
3084,2726,integrated_gradient,0.5024034082889557,0.01674696624279022,0.999093770980835
3085,2921,integrated_gradient,0.3210964451233546,0.04102847086531775,0.9979820251464844
3086,2531,integrated_gradient,0.3677789785939714,0.037284852693910187,0.9994220733642578
3087,2614,integrated_gradient,0.3656044965309481,0.048817693946823,0.9993896484375
3088,2434,integrated_gradient,0.5580935270108026,0.10797212504107377,0.8255192637443542
3089,3111,integrated_gradient,0.46150130580882637,0.04161559136546388,0.9797075986862183
3090,3615,integrated_gradient,0.47041775340187375,0.013505078528238379,0.9640594124794006
3091,3063,integrated_gradient,0.5516788901295513,0.06330521032214165,0.9986141920089722
3092,1385,integrated_gradient,0.5651307662328084,0.07412017153369056,0.9949799180030823
3093,128,integrated_gradient,0.41572790688429123,0.0056167466518206475,0.8470497131347656
3094,1030,integrated_gradient,0.2879844060540199,0.036666155457496644,0.9899411797523499
3095,16,integrated_gradient,0.5249954559405645,0.058931142290433246,0.9863909482955933
3096,670,integrated_gradient,0.5332269438288428,0.10245414845871204,0.9812442660331726
3097,3743,integrated_gradient,0.42499833363433215,0.029952524013297503,0.9994787573814392
3098,2202,integrated_gradient,0.35476185762605,0.02676792061606119,0.9909063577651978
3099,1615,integrated_gradient,0.4140428268374541,0.13939815836075026,0.9959613680839539
3100,1558,integrated_gradient,0.31684031480780017,0.038832180202007294,0.9992675185203552
3101,3953,integrated_gradient,0.1135274656983309,0.08916194355765054,0.37901660799980164
3102,304,integrated_gradient,0.4981582272870868,0.018800789234684964,0.9992388486862183
3103,4004,integrated_gradient,0.5050712855238664,0.03528765863493869,0.9994511008262634
3104,4547,integrated_gradient,0.6141999984203383,0.047731270623761556,0.9904848337173462
3105,1247,integrated_gradient,0.5179662148654461,0.05214887738227844,0.9959080219268799
3106,3136,integrated_gradient,0.504231041090356,0.04383219612969293,0.9977060556411743
3107,1220,integrated_gradient,0.4524503452213187,0.022481147657360947,0.9980212450027466
3108,3261,integrated_gradient,0.5571780320670869,0.05745299955209096,0.9863646030426025
3109,1611,integrated_gradient,0.3555810574728709,0.08274641174536485,0.9235408902168274
3110,1181,integrated_gradient,0.4087104701333576,0.018560345967610678,0.9992200136184692
3111,2797,integrated_gradient,-0.08492977054495561,0.021653487886253157,0.17203807830810547
3112,610,integrated_gradient,0.5766622987462253,0.03552858349753589,0.9989365935325623
3113,3751,integrated_gradient,0.22980758051077524,0.04379417137666182,0.791394829750061
3114,2248,integrated_gradient,0.5121252299883426,0.02714229547060453,0.9987683892250061
3115,99,integrated_gradient,0.6540709551619855,0.04895661457588798,0.9980423450469971
3116,3781,integrated_gradient,0.2985214979240769,0.03539512188811051,0.9994951486587524
3117,225,integrated_gradient,0.7445863891831216,0.05207774525179582,0.9991347193717957
3118,2103,integrated_gradient,0.5401258694214953,0.039279388884703316,0.9904856085777283
3119,2836,integrated_gradient,0.5788013553474007,0.07024798015268838,0.9911707639694214
3120,2924,integrated_gradient,0.23448005791117504,0.12337168469661619,0.9982529282569885
3121,2859,integrated_gradient,0.06982661915176056,-0.04271894605720744,0.44702982902526855
3122,2782,integrated_gradient,0.46157300620315933,0.07123949818122081,0.9973209500312805
3123,515,integrated_gradient,0.4093234845109888,0.05932766924033294,0.9992256164550781
3124,1951,integrated_gradient,0.433585762213438,0.03733662764231364,0.9638931751251221
3125,3869,integrated_gradient,0.4503441509273317,0.14053209821383159,0.9699894189834595
3126,2263,integrated_gradient,0.539383406722636,0.06750632687048479,0.991732120513916
3127,4006,integrated_gradient,0.38934966673453647,0.06639341761668523,0.9365668296813965
3128,4522,integrated_gradient,0.5016319987674555,0.009202602836820815,0.9287102818489075
3129,2137,integrated_gradient,0.27122150226072833,0.07077769709355904,0.9989307522773743
3130,3673,integrated_gradient,0.6197272163798224,0.031686882365424676,0.9934455156326294
3131,1707,integrated_gradient,-0.12105390908462661,-0.10042412712105683,0.2515707015991211
3132,314,integrated_gradient,0.5418287548300338,0.03169548470680028,0.9993185997009277
3133,1924,integrated_gradient,0.43567225005891586,-0.09080243110656738,0.7368393540382385
3134,2247,integrated_gradient,0.5067570553649039,0.0728059100608031,0.9445804357528687
3135,3901,integrated_gradient,0.6296765003786531,0.05950904516286628,0.9865525364875793
3136,1847,integrated_gradient,0.7472146090232965,0.05248603631149639,0.99727863073349
3137,1725,integrated_gradient,0.3434354563554128,0.09368319761676666,0.999278724193573
3138,3547,integrated_gradient,-0.2599948085468983,-0.0624461897513679,0.0022909927647560835
3139,4558,integrated_gradient,0.45702267818980746,0.0658163285917706,0.9979118704795837
3140,3403,integrated_gradient,0.6613743958321023,0.058882546234638136,0.9844356179237366
3141,3007,integrated_gradient,0.6123510732738809,0.0008704551241614602,0.9092604517936707
3142,2961,integrated_gradient,0.6471442482434213,0.0656810742802918,0.9357489943504333
3143,3591,integrated_gradient,0.47795286906116147,0.042533893795574415,0.9976986050605774
3144,571,integrated_gradient,0.5300845514982939,0.05710256025195122,0.9918489456176758
3145,4041,integrated_gradient,0.33637823793623184,0.03603743314743042,0.9645596146583557
3146,2629,integrated_gradient,0.4938102641275951,0.06670752380575452,0.9967537522315979
3147,3121,integrated_gradient,0.5177648944610899,0.03736190362410112,0.9962735176086426
3148,2701,integrated_gradient,0.39883522550727046,0.03536596755648768,0.9926167130470276
3149,3101,integrated_gradient,0.6478190515880231,0.09998173459812447,0.9948674440383911
3150,1863,integrated_gradient,0.5979436438749818,0.09474249140304677,0.99782794713974
3151,2908,integrated_gradient,0.1973393531732781,0.04552587346975193,0.9994472861289978
3152,4456,integrated_gradient,0.5439570800147273,0.016144022006880154,0.8976505398750305
3153,3230,integrated_gradient,0.33583881677343297,-0.0008454530571515744,0.7923704385757446
3154,2399,integrated_gradient,0.5325865627903688,0.1255906518352659,0.9342092871665955
3155,3447,integrated_gradient,0.21838471218943595,0.055141903832554816,0.9995092153549194
3156,1522,integrated_gradient,0.4256220252224893,0.02384329293713425,0.9994648098945618
3157,3295,integrated_gradient,0.4682314654812217,0.005688513815402985,0.8942312598228455
3158,495,integrated_gradient,0.5455925094061777,0.13034400696817197,0.8177621960639954
3159,317,integrated_gradient,0.5542114107113965,0.02657672200562819,0.999187171459198
3160,4319,integrated_gradient,0.44854222039381664,0.07967311640580495,0.9990465044975281
3161,2583,integrated_gradient,0.5852545789546437,0.025055756833818225,0.9599522352218628
3162,4536,integrated_gradient,0.5224475297662947,0.14640159573819903,0.9808602333068848
3163,551,integrated_gradient,0.42850968014934787,0.03837734266467716,0.9939906597137451
3164,950,integrated_gradient,0.3724483838626023,0.02173310209964884,0.9993846416473389
3165,2681,integrated_gradient,0.668860322015511,0.035775085156028334,0.9989701509475708
3166,1720,integrated_gradient,0.6053293272852898,0.03997533497485248,0.9986968636512756
3167,3845,integrated_gradient,0.3117708545178175,0.19945188923738896,0.999030351638794
3168,1653,integrated_gradient,0.5019335214048624,0.04713409692049027,0.994971752166748
3169,1475,integrated_gradient,0.7024342339390364,0.10182570283993697,0.9835436940193176
3170,826,integrated_gradient,0.4437182767050607,0.07261591851711273,0.9929458498954773
3171,2235,integrated_gradient,0.4334360578885445,0.028010085225105286,0.9994392991065979
3172,1061,integrated_gradient,0.6032306864485144,0.05696942210197449,0.9965953230857849
3173,2353,integrated_gradient,0.4057933133022458,0.019303553829006122,0.9992517828941345
3174,2771,integrated_gradient,0.3717063057579492,0.028261405072714154,0.9995061159133911
3175,3467,integrated_gradient,0.46136277330082814,0.038487317594322,0.9807337522506714
3176,1672,integrated_gradient,0.24227678091139407,0.05480158852564322,0.9995594620704651
3177,4093,integrated_gradient,0.7042891128195656,0.027930437193976507,0.9967077970504761
3178,2772,integrated_gradient,0.6672735251486301,0.10695828311145306,0.9860475063323975
3179,1352,integrated_gradient,0.48979297031958896,0.12590170527497926,0.9941739439964294
3180,1168,integrated_gradient,0.40430384467948566,0.07363595149733804,0.9994186162948608
3181,1928,integrated_gradient,0.4879521235823631,0.03245291974809435,0.9919043183326721
3182,2714,integrated_gradient,0.5394685989618302,0.02440624386072159,0.8787665367126465
3183,3211,integrated_gradient,0.5042695593695308,0.05808666209841883,0.9969128370285034
3184,4227,integrated_gradient,0.6438835922367218,0.061711445450782776,0.9984350800514221
3185,2379,integrated_gradient,0.6130811549723149,0.11178703792393208,0.9983804225921631
3186,3649,integrated_gradient,0.6653526105607549,0.15705280204614003,0.9394604563713074
3187,3624,integrated_gradient,0.3193730370300572,0.0485645394499709,0.9995593428611755
3188,3790,integrated_gradient,0.6647417285340897,0.034281472893471415,0.9988049268722534
3189,1898,integrated_gradient,0.38911342266060056,0.038103578346116204,0.998936116695404
3190,1664,integrated_gradient,0.5493349374124878,0.10295090157734721,0.9910966157913208
3191,3412,integrated_gradient,0.2675383715210734,0.02916565738819741,0.9994736313819885
3192,4179,integrated_gradient,0.3945372605075439,0.0742912620306015,0.9841135144233704
3193,32,integrated_gradient,0.535305380821228,0.11795382316295917,0.9159712791442871
3194,1218,integrated_gradient,0.3469042010763858,0.04114477907089477,0.9995166063308716
3195,2565,integrated_gradient,0.3029658694205613,0.04589466236788651,0.9993822574615479
3196,2385,integrated_gradient,0.7592095920443535,0.030283326506614684,0.9984819293022156
3197,2592,integrated_gradient,0.5471901853169714,0.02436429262161255,0.7863647937774658
3198,3443,integrated_gradient,0.31410113132248324,0.027978142723441124,0.9974483251571655
3199,3365,integrated_gradient,0.44941095850969615,0.04863713171921278,0.9992196559906006
3200,338,integrated_gradient,0.6597057052544857,0.06047359422633523,0.9702622294425964
3201,1346,integrated_gradient,0.515700675547123,0.21509243216779497,0.9144437909126282
3202,4523,integrated_gradient,0.4573131678281007,-0.005992070116378643,0.9180521368980408
3203,4054,integrated_gradient,0.4131037876853403,0.03773334172536742,0.6432211995124817
3204,1577,integrated_gradient,0.5048348665871518,0.049507944190755805,0.9983749389648438
3205,1123,integrated_gradient,0.4936458263979402,0.04872784434362899,0.997806966304779
3206,3777,integrated_gradient,-0.17844684345407352,-0.0020353361934183105,0.03533075749874115
3207,752,integrated_gradient,0.20605533051749933,0.03591713827589284,0.9992679953575134
3208,681,integrated_gradient,0.6885065869851545,0.06384468247944658,0.9917995929718018
3209,4433,integrated_gradient,0.4444938370663869,0.15230494816052287,0.9969304203987122
3210,1904,integrated_gradient,0.6221050870864508,0.01687914075759741,0.8253421187400818
3211,2342,integrated_gradient,0.6311570755681213,0.058402386855105966,0.998218834400177
3212,2364,integrated_gradient,0.317732860757546,0.10828169706192883,0.9994663596153259
3213,778,integrated_gradient,0.434752778986753,0.027836664248321017,0.9361146092414856
3214,3001,integrated_gradient,0.6241743070158091,0.10909510708668015,0.9884476065635681
3215,3200,integrated_gradient,0.43328401250274556,0.05291683030755896,0.9977902173995972
3216,3921,integrated_gradient,0.43375326608711817,0.061531490312432345,0.9962112903594971
3217,3545,integrated_gradient,0.41925808655865054,0.07047220626298119,0.9760608077049255
3218,542,integrated_gradient,0.3377371345247541,0.04735471308231354,0.9987058639526367
3219,2272,integrated_gradient,0.6128549261225594,0.051830612619717914,0.9897513389587402
3220,391,integrated_gradient,0.5155322907263773,0.04932212045318202,0.9806801080703735
3221,1979,integrated_gradient,0.3946789371967316,0.059718520641326905,0.9497057199478149
3222,1150,integrated_gradient,0.6839325439650565,0.07247670646756887,0.9237070679664612
3223,149,integrated_gradient,0.3293026600565229,0.07264853630747115,0.9986693859100342
3224,2570,integrated_gradient,0.6370974226217521,0.13380204415635058,0.9868229627609253
3225,927,integrated_gradient,0.5447718740573951,0.07777125707694463,0.9929592609405518
3226,4017,integrated_gradient,0.39008204503492877,0.046176199660156715,0.9989086389541626
3227,1398,integrated_gradient,0.5653026372778649,0.11022486932137433,0.9888457655906677
3228,3635,integrated_gradient,0.4782122778041022,0.023691546349298386,0.9991046786308289
3229,505,integrated_gradient,0.6010360011169987,0.09019059086999585,0.9986055493354797
3230,3423,integrated_gradient,0.5008838141145997,0.28389774912442917,0.7715491056442261
3231,3247,integrated_gradient,0.5669560606280962,0.1584331321840485,0.9958134293556213
3232,1895,integrated_gradient,0.36313365596450037,0.037142944832642875,0.9992928504943848
3233,2286,integrated_gradient,0.5297842660120555,0.042699517522539414,0.9972063899040222
3234,4232,integrated_gradient,0.3794184567199813,0.038339139686690435,0.9928299784660339
3235,2595,integrated_gradient,0.35059983531634015,0.11103815833727519,0.9987068176269531
3236,1770,integrated_gradient,0.5920082614631266,0.06384413226230724,0.9991127848625183
3237,1267,integrated_gradient,0.34706800724520825,0.06285465847362172,0.9937105178833008
3238,3124,integrated_gradient,0.6904834906260172,0.019281624844579986,0.9518105387687683
3239,2125,integrated_gradient,0.42766522687105907,0.025906485461053393,0.9988439083099365
3240,1659,integrated_gradient,0.41756241307593883,0.09567061811685562,0.9825353622436523
3241,2909,integrated_gradient,0.42446516156196595,0.10351558327674866,0.9896961450576782
3242,1765,integrated_gradient,0.463971896097064,0.06261367288728555,0.9915174841880798
3243,1560,integrated_gradient,-0.1935153417289257,0.0968281340082081,0.42819473147392273
3244,2967,integrated_gradient,0.4039279574321376,0.04838936279217402,0.997596800327301
3245,1416,integrated_gradient,0.4002297897549236,0.043333078131956214,0.9992648959159851
3246,1630,integrated_gradient,0.33921735797609603,0.030307525396347047,0.994085431098938
3247,449,integrated_gradient,0.4390470676643904,0.04983201207116593,0.9985476136207581
3248,152,integrated_gradient,0.33871411054201844,-0.11425528773721659,0.6268501281738281
3249,211,integrated_gradient,0.5245105375846227,0.03980101786908649,0.9976720213890076
3250,2032,integrated_gradient,0.45818896165915896,0.02643238061240741,0.9610276818275452
3251,902,integrated_gradient,0.40167060800087756,0.032868897303556785,0.9993207454681396
3252,3436,integrated_gradient,0.6167920958806774,0.04040492025773917,0.9847512245178223
3253,3198,integrated_gradient,0.4548298087716103,0.12064741939306259,0.9946434497833252
3254,57,integrated_gradient,0.36704782033577943,0.02876899716181633,0.9932764768600464
3255,3164,integrated_gradient,0.29995646371560936,0.049608121899997484,0.9993665814399719
3256,4303,integrated_gradient,0.2103297049987769,0.28146041414398265,0.3865921199321747
3257,1927,integrated_gradient,0.5499777677986357,0.04842180179225074,0.989018440246582
3258,3206,integrated_gradient,0.336812432150583,0.06496287318500313,0.9988553524017334
3259,3388,integrated_gradient,0.5651127719743685,0.15610687604004686,0.9899905920028687
3260,816,integrated_gradient,0.6309215938672423,0.04999472542355458,0.9994173049926758
3261,3284,integrated_gradient,0.36415980873923554,0.11697784772044734,0.998814582824707
3262,2765,integrated_gradient,0.26404881649292433,0.06005128816916393,0.5901681780815125
3263,3970,integrated_gradient,0.41132714128807973,0.04768576316143337,0.9991254210472107
3264,885,integrated_gradient,0.4660727874799208,0.07592789666219191,0.9972060322761536
3265,249,integrated_gradient,0.7114409217911382,0.12075121844968488,0.9932523369789124
3266,2203,integrated_gradient,0.4799163395420034,0.0291694608774591,0.9943013191223145
3267,3115,integrated_gradient,0.30003921433192926,0.08916466628632895,0.999232292175293
3268,2341,integrated_gradient,0.3194661746884501,0.027782791575720143,0.9994705319404602
3269,4132,integrated_gradient,0.4963832657854512,0.1771828312918825,0.7690308690071106
3270,1781,integrated_gradient,0.3334577353671193,0.018171631420652073,0.9977916479110718
3271,4488,integrated_gradient,0.30936675518751144,0.034951527481493744,0.9995443224906921
3272,44,integrated_gradient,0.4519970944294563,0.05691119990287683,0.9981480836868286
3273,2390,integrated_gradient,0.4501642473042011,0.03435812145471573,0.9991089701652527
3274,286,integrated_gradient,0.6023606898432429,0.0766609866510738,0.9643418192863464
3275,1094,integrated_gradient,0.3238087386455176,-0.012983183253486201,0.815365731716156
3276,1962,integrated_gradient,0.5156117487771839,0.07469465744261648,0.9978436231613159
3277,4530,integrated_gradient,0.5416364833349134,0.047899890236738255,0.9974662065505981
3278,202,integrated_gradient,0.31935890823602675,0.08636995643377304,0.9960434436798096
3279,237,integrated_gradient,0.46271779874096747,0.07089104017485744,0.9975428581237793
3280,2519,integrated_gradient,0.5085426652576865,0.0419932262199681,0.9916484355926514
3281,3870,integrated_gradient,0.4346635627980326,0.03704037911751691,0.9730283617973328
3282,1108,integrated_gradient,-0.19310745426143208,-0.032219865320560835,0.0036458508111536503
3283,2449,integrated_gradient,0.6475959683165831,0.05931156917529948,0.995836615562439
3284,2525,integrated_gradient,0.4952458030468709,0.022526984279220168,0.9991913437843323
3285,357,integrated_gradient,0.34587296228046005,0.04497080069521199,0.9849495887756348
3286,736,integrated_gradient,0.538810400168101,0.048356654743353523,0.9983686804771423
3287,3918,integrated_gradient,0.4349125936627388,0.047487981244921686,0.9989615678787231
3288,3848,integrated_gradient,0.4056761454086046,0.05973104609025491,0.9983273148536682
3289,1953,integrated_gradient,0.6088548967215631,0.10804443274225507,0.9612942934036255
3290,1131,integrated_gradient,0.5182361060546504,0.1539884325530794,0.7940917611122131
3291,261,integrated_gradient,0.3053505900833342,0.045957813384356325,0.9992940425872803
3292,3113,integrated_gradient,0.5615723025798798,0.08895565152168274,0.970764696598053
3293,379,integrated_gradient,0.450196180254855,0.018099340986698232,0.9993364214897156
3294,4263,integrated_gradient,0.36746580478472585,0.03349572649368873,0.9988070726394653
3295,1521,integrated_gradient,0.456957778720944,0.03982534066394523,0.9981088638305664
3296,1006,integrated_gradient,0.5305486833437895,0.045294951169918746,0.9991581439971924
3297,2099,integrated_gradient,0.6346130240254286,0.06471448409848096,0.9899472594261169
3298,4293,integrated_gradient,0.3497062189238412,0.09801131742341178,0.9991214871406555
3299,436,integrated_gradient,0.4745397037611558,0.05943282980185289,0.998141884803772
3300,368,integrated_gradient,0.41031418219208715,0.04038446247577667,0.9935798645019531
3301,3335,integrated_gradient,0.6383053038734943,0.09060868434607983,0.973648190498352
3302,3450,integrated_gradient,0.412597463921059,0.04580370977867481,0.9894094467163086
3303,939,integrated_gradient,0.5027037513452571,0.056881259758393844,0.998868465423584
3304,3596,integrated_gradient,0.4876638498712093,0.026743902805003713,0.9944566488265991
3305,4027,integrated_gradient,0.3074940632407864,0.02479402193178733,0.9994283318519592
3306,4056,integrated_gradient,0.3772921366126914,0.056529770556249116,0.9989823698997498
3307,3946,integrated_gradient,0.4606202362399352,0.06614929489922106,0.9952074885368347
3308,1429,integrated_gradient,0.6186067675932859,0.07723570252076173,0.8791371583938599
3309,3847,integrated_gradient,0.6840697279635896,0.09695287556090254,0.9632099270820618
3310,1195,integrated_gradient,0.40104998840439704,0.0009311528936509163,0.8619402647018433
3311,1003,integrated_gradient,0.7627735430402542,0.1592786763586215,0.992969810962677
3312,1465,integrated_gradient,0.5240597811010149,0.048221111959881255,0.9981902241706848
3313,2308,integrated_gradient,0.9003550067265128,0.27025057639666766,0.9977642297744751
3314,250,integrated_gradient,0.4288874308268229,-0.011992710911565356,0.6969126462936401
3315,1579,integrated_gradient,0.3278579352105536,0.04216808662181947,0.9905306696891785
3316,3954,integrated_gradient,0.515950687056364,0.038153486196384874,0.9991521835327148
3317,1105,integrated_gradient,0.3239166776339213,0.045515897870063785,0.9864060282707214
3318,3569,integrated_gradient,0.560522702497405,0.08370597539721308,0.9641889929771423
3319,3943,integrated_gradient,0.43770027237060743,0.038732070953418046,0.9397312998771667
3320,1610,integrated_gradient,0.41908695748666436,0.10511868865024752,0.998532772064209
3321,3003,integrated_gradient,0.455738698958226,0.08039415304390889,0.9991557598114014
3322,2100,integrated_gradient,0.47120166434483096,0.04284996968327147,0.9993533492088318
3323,403,integrated_gradient,0.5441456744870679,0.036345139145851135,0.986555814743042
3324,2746,integrated_gradient,0.4786693168723065,0.02139576880828194,0.934796929359436
3325,4535,integrated_gradient,0.4218070456322203,0.05326127910867651,0.997681736946106
3326,1022,integrated_gradient,0.5546134994365275,0.09874497493728995,0.9967067837715149
3327,1764,integrated_gradient,0.5529945925292041,0.02520619912279977,0.9904029369354248
3328,2231,integrated_gradient,0.42136781942099333,0.04199242778122425,0.9988033771514893
3329,3830,integrated_gradient,0.3845230000093579,0.09795940853655338,0.9991507530212402
3330,3357,integrated_gradient,0.3412437090059606,0.05803653016322997,0.9989792704582214
3331,1154,integrated_gradient,0.5763049501748312,0.05696248014767965,0.9977420568466187
3332,4461,integrated_gradient,0.636790076384739,0.02217431366443634,0.9993699193000793
3333,4356,integrated_gradient,0.33462556604953375,0.026408472701030618,0.9749600291252136
3334,1788,integrated_gradient,0.4708160466077376,0.08231544768323704,0.7988119125366211
3335,813,integrated_gradient,0.6071275938302279,0.06404703441593382,0.965772807598114
3336,344,integrated_gradient,0.39657411641544765,0.0722133004003101,0.994411051273346
3337,1353,integrated_gradient,0.3741211738923322,0.07686973395554916,0.9664875268936157
3338,3951,integrated_gradient,0.43619319614098995,0.023794068061575597,0.9993706345558167
3339,2427,integrated_gradient,0.570276714861393,0.08598142294656663,0.9975643157958984
3340,3287,integrated_gradient,0.47622918834288913,0.059950127369827695,0.9502406716346741
3341,1226,integrated_gradient,0.2531934689457824,0.04344563149824375,0.9986475110054016
3342,1678,integrated_gradient,0.38762226624366564,0.06331535333242172,0.991341769695282
3343,2941,integrated_gradient,0.6559042203717116,0.04919282655890395,0.9983413219451904
3344,1740,integrated_gradient,0.36144373511395805,0.06671852273185079,0.9993639588356018
3345,168,integrated_gradient,0.6776393502950668,0.09681292961944234,0.9438225626945496
3346,4577,integrated_gradient,0.6811833218103502,0.0630521857883872,0.9915236234664917
3347,1363,integrated_gradient,0.5982203211635351,0.0769859030842781,0.99774569272995
3348,853,integrated_gradient,0.4333479642868042,0.03240584254264831,0.9994274377822876
3349,387,integrated_gradient,0.4400249763446696,0.03407200820305768,0.9979690909385681
3350,3356,integrated_gradient,0.49621347586313885,0.05791968107223511,0.9928568601608276
3351,3746,integrated_gradient,0.5091242600571025,0.04044238094127539,0.9983327984809875
3352,3411,integrated_gradient,0.3218019898885336,0.03973419620440556,0.9995294809341431
3353,880,integrated_gradient,0.5948458953450123,0.05813339911401272,0.9876089096069336
3354,3464,integrated_gradient,0.5117290859731535,0.2130144855279165,0.9958645105361938
3355,1034,integrated_gradient,0.4791863979564773,0.04108975430329641,0.9986048340797424
3356,3564,integrated_gradient,0.5276208655400709,0.07257873361760919,0.998264729976654
3357,84,integrated_gradient,0.40486171875487675,0.02357090941884301,0.9993313550949097
3358,3903,integrated_gradient,0.5141924851470523,0.06027930354078611,0.9940381050109863
3359,1772,integrated_gradient,0.6074609512256252,0.036541873382197484,0.892763078212738
3360,42,integrated_gradient,0.6384735181927681,0.2564543756571683,0.9616796970367432
3361,4097,integrated_gradient,0.37754721064930374,0.0688996794431106,0.9007664322853088
3362,2943,integrated_gradient,0.5926335127307818,0.03839765374477093,0.9992274045944214
3363,4262,integrated_gradient,0.4214749648803618,0.0471911328594859,0.9909334182739258
3364,3099,integrated_gradient,-0.16453447881960184,-0.07685889971971109,0.006214184686541557
3365,3982,integrated_gradient,0.40612953110241595,0.24399746549718174,0.6208940744400024
3366,3797,integrated_gradient,0.0986858322972157,-0.08060241844810423,0.3251017928123474
3367,1730,integrated_gradient,0.560960491611199,0.025981203398921272,0.9543066024780273
3368,2616,integrated_gradient,0.5590799529301492,0.23118343792463603,0.9945579767227173
3369,476,integrated_gradient,0.5290930180193542,0.049963317521206745,0.9988596439361572
3370,1489,integrated_gradient,0.3778375030918555,0.021854319355704567,0.9966388940811157
3371,2295,integrated_gradient,0.5733071122227645,0.03982596862606886,0.9955814480781555
3372,468,integrated_gradient,0.5391128892078996,0.11478300377105673,0.9972794651985168
3373,3608,integrated_gradient,0.3677840171889825,0.05344407937743447,0.9065811634063721
3374,4098,integrated_gradient,0.4630854372389433,0.07822784708767402,0.986187219619751
3375,1874,integrated_gradient,0.46651434650023776,0.02170466525214059,0.9993380904197693
3376,290,integrated_gradient,0.5203091789375652,0.04189893820069053,0.9960606694221497
3377,383,integrated_gradient,0.5407233507587359,0.049471344225681745,0.9991720914840698
3378,3175,integrated_gradient,0.7170502480119467,0.18536751344799995,0.9857865571975708
3379,4501,integrated_gradient,-0.085936705870875,-0.06264320683890376,0.12315056473016739
3380,3622,integrated_gradient,0.17984230470444476,-0.01952649014336722,0.403207391500473
3381,2034,integrated_gradient,0.2529951311507315,0.04636487786499959,0.9993428587913513
3382,363,integrated_gradient,0.4491790641437877,0.11326669292016463,0.9916552305221558
3383,3374,integrated_gradient,0.4770439857361363,0.05296518872765934,0.9985848665237427
3384,1640,integrated_gradient,0.5487931613312211,0.06669444400210713,0.9966698288917542
3385,1448,integrated_gradient,0.4338586136247172,0.029550174420530147,0.9965840578079224
3386,957,integrated_gradient,0.46909649550914767,0.04287363290786743,0.996331512928009
3387,4028,integrated_gradient,0.49336762444393056,0.08733541095578992,0.9583606123924255
3388,3583,integrated_gradient,0.4906478709492244,0.022376778094392074,0.9989262223243713
3389,3657,integrated_gradient,0.5827159202098846,0.0930078685283661,0.9940369129180908
3390,4436,integrated_gradient,0.6905559674733215,0.08422877722316319,0.9842575788497925
3391,3203,integrated_gradient,0.4318850370833561,0.003107413649559021,0.6920673847198486
3392,3487,integrated_gradient,0.5249778354583785,0.035164188506991365,0.9533994197845459
3393,4109,integrated_gradient,0.38569023593195845,0.13084155001810618,0.6673213243484497
3394,197,integrated_gradient,0.4249754715330747,0.04795099217064527,0.998417854309082
3395,3854,integrated_gradient,0.3808438518927211,0.031174183601424807,0.9992596507072449
3396,2128,integrated_gradient,0.4627002407574937,0.04416113453251975,0.9992577433586121
3397,2884,integrated_gradient,0.2325599462378259,0.04930755992730459,0.9994655251502991
3398,213,integrated_gradient,0.6233178620435753,0.03170845824844983,0.986492931842804
3399,2214,integrated_gradient,-0.11783228822467798,-0.021857384960418818,0.001623338321223855
3400,3161,integrated_gradient,0.24003164833638727,0.0620121676020506,0.9994334578514099
3401,907,integrated_gradient,0.5992299224816117,0.0585610849015853,0.9981001019477844
3402,2498,integrated_gradient,0.4835382901132107,0.01766285449266434,0.998960018157959
3403,2197,integrated_gradient,0.5748603447125509,0.0727507804448788,0.9983829259872437
3404,1493,integrated_gradient,0.5272993497988757,0.07657543043879901,0.9405252933502197
3405,176,integrated_gradient,0.5281609892845154,0.03473087634359087,0.9933602213859558
3406,3451,integrated_gradient,0.4114392873915759,0.06622450053691864,0.9989234805107117
3407,2551,integrated_gradient,0.6397736940000739,0.06308784655162267,0.9902015328407288
3408,1829,integrated_gradient,0.40497562424703076,0.03269346789880232,0.9994402527809143
3409,4525,integrated_gradient,0.5088778080380693,0.04708725670162512,0.9970123767852783
3410,47,integrated_gradient,0.5041136233245626,0.018719729255227482,0.999426007270813
3411,2650,integrated_gradient,0.3457756940807615,0.03987436933176858,0.9995126724243164
3412,139,integrated_gradient,0.3749722215262326,0.10935913229530508,0.9588784575462341
3413,2922,integrated_gradient,0.486570283499631,0.0262858585877852,0.9993489384651184
3414,3642,integrated_gradient,0.5524193143472076,0.04692734181880951,0.9988958835601807
3415,3719,integrated_gradient,0.4847555587689082,0.04814411203066508,0.9944077730178833
3416,3053,integrated_gradient,0.5422636851668358,0.24008810937404632,0.8891727924346924
3417,1889,integrated_gradient,0.41082263855557694,0.06949887463920995,0.9610589742660522
3418,1470,integrated_gradient,0.2825156532620129,0.0720756116666292,0.9985764026641846
3419,4096,integrated_gradient,0.41646755464149243,0.0610400808579994,0.989296019077301
3420,2293,integrated_gradient,0.3498227200130137,0.03626762875696508,0.9994111061096191
3421,251,integrated_gradient,0.5937888480722904,0.031723553935686745,0.974237859249115
3422,4358,integrated_gradient,0.5098141629410826,0.04194248597259107,0.9950791597366333
3423,2791,integrated_gradient,0.5433704424649477,0.040053024888038635,0.9987816214561462
3424,3028,integrated_gradient,0.2835576554139455,0.035051958428488836,0.9987490177154541
3425,215,integrated_gradient,0.48619815221299295,0.0955472922195559,0.9987908005714417
3426,2298,integrated_gradient,0.4399632189422846,0.09828847944736481,0.9964422583580017
3427,1533,integrated_gradient,0.4070872536301613,-0.02542696297168732,0.6086938381195068
3428,2852,integrated_gradient,0.3926885010198105,0.02838689920514129,0.9918903112411499
3429,933,integrated_gradient,0.3057705451335226,0.03668554588442757,0.9992483258247375
3430,2679,integrated_gradient,0.49306870102882383,0.05944628566503525,0.9879344701766968
3431,3072,integrated_gradient,0.30718959371248883,0.04284866195585993,0.9992577433586121
3432,1681,integrated_gradient,0.44204712674972857,0.015960470793095042,0.9828292727470398
3433,914,integrated_gradient,0.4540477789217426,0.023378327008216612,0.999286949634552
3434,2306,integrated_gradient,0.3420979737542396,0.07974937852731971,0.9987727999687195
3435,3841,integrated_gradient,0.34673554332632767,0.04844373190089276,0.9986420273780823
3436,3570,integrated_gradient,0.48990228456078155,0.030624601877096928,0.9980530738830566
3437,2211,integrated_gradient,0.6465291529893875,0.03187138384038752,0.9349544048309326
3438,2857,integrated_gradient,-0.08505178472170463,-0.17267433410653701,0.21262961626052856
3439,1766,integrated_gradient,0.5054858036317109,0.021841738195646377,0.9990941286087036
3440,498,integrated_gradient,-0.17664153777783917,-0.024045025629381978,0.05736610293388367
3441,2230,integrated_gradient,0.588956869362543,0.0652568256482482,0.9966093301773071
3442,884,integrated_gradient,0.4595016754187998,0.036598103387015204,0.6775282621383667
3443,3275,integrated_gradient,0.4500857596742172,0.18071885436188942,0.9664580821990967
3444,1991,integrated_gradient,0.4712894434730212,0.0763912429412206,0.9986211061477661
3445,3426,integrated_gradient,-0.22797248713430707,-0.04068720544239989,0.0023448080755770206
3446,566,integrated_gradient,0.4281731864085069,0.04382294013693526,0.9992467164993286
3447,3457,integrated_gradient,0.5705595682892535,0.03320869251533791,0.998980700969696
3448,2792,integrated_gradient,0.47689577341079714,0.0307971943508495,0.9960203766822815
3449,4095,integrated_gradient,0.5715222867349019,0.07667702780320095,0.99498051404953
3450,2257,integrated_gradient,0.5406055995508244,0.055765376671364435,0.9961966276168823
3451,4129,integrated_gradient,0.26694302346025195,0.07330889957291739,0.6013912558555603
3452,1606,integrated_gradient,0.5624051029483478,0.08798096453150113,0.996669352054596
3453,439,integrated_gradient,0.6449213569155998,0.04631688673463133,0.9968563318252563
3454,2737,integrated_gradient,0.7051890204660595,0.04945403262972832,0.9930230379104614
3455,2008,integrated_gradient,0.39622337769630345,0.050349170385405075,0.980529248714447
3456,3731,integrated_gradient,0.6194163408616314,0.1342465511482695,0.9366511106491089
3457,3519,integrated_gradient,0.49387681325699423,0.03444694775216123,0.9982911944389343
3458,2678,integrated_gradient,0.3536074328357759,0.10698990620996641,0.9567103981971741
3459,4561,integrated_gradient,0.46549609998861946,0.0758211816350619,0.9962685108184814
3460,3617,integrated_gradient,0.08815936764349809,-0.050261855125427246,0.29665276408195496
3461,1998,integrated_gradient,-0.11512135420784805,-0.007726119831204414,0.0412522628903389
3462,1121,integrated_gradient,0.6610805934125726,0.22192562032829632,0.9835547804832458
3463,2601,integrated_gradient,0.3870380791750821,0.043002133681015534,0.9989109039306641
3464,1261,integrated_gradient,0.29237460516966307,0.04470703617120401,0.9994351267814636
3465,2275,integrated_gradient,0.46174318604171277,0.03673220351338387,0.9245105981826782
3466,2611,integrated_gradient,0.29043157324194907,0.03603421188890934,0.9992610812187195
3467,844,integrated_gradient,0.599195750009629,0.19411681255986613,0.9531400799751282
3468,4265,integrated_gradient,0.5782490398572839,0.1817145192104837,0.9553266763687134
3469,27,integrated_gradient,0.3663804843729618,0.02265225847562154,0.9992986917495728
3470,229,integrated_gradient,0.671765577532351,0.05407778024673462,0.9817320704460144
3471,862,integrated_gradient,0.30743068185719574,0.029516169970685787,0.9989375472068787
3472,3155,integrated_gradient,0.5762444160257777,0.03272024107476076,0.9988868832588196
3473,4039,integrated_gradient,0.6311200228333473,0.03575039446353912,0.9874572157859802
3474,183,integrated_gradient,0.4758643636649305,0.023290787908163937,0.8408257365226746
3475,2360,integrated_gradient,0.5178653549763464,0.04842180686612283,0.9968122839927673
3476,2348,integrated_gradient,0.2349260232665322,0.4399714544415474,0.8021566271781921
3477,238,integrated_gradient,0.4929703893986615,0.05310525225870537,0.9872130751609802
3478,3180,integrated_gradient,0.48581964150071144,0.03279653191566467,0.9992392063140869
3479,2581,integrated_gradient,0.6224536738757577,0.04549411524619375,0.9943011999130249
3480,1567,integrated_gradient,0.5441331162403983,0.05758942577701349,0.998291552066803
3481,2925,integrated_gradient,0.3042613019545873,0.06980248261243105,0.9994780421257019
3482,523,integrated_gradient,0.6480385248150144,0.06463894588606699,0.9963511228561401
3483,1035,integrated_gradient,0.44314525900660334,0.02966725020795255,0.9714162945747375
3484,2402,integrated_gradient,0.3637974536226642,0.07154528364058464,0.9966562986373901
3485,2312,integrated_gradient,0.4836575301984946,0.04975084629323748,0.9954087138175964
3486,1225,integrated_gradient,0.617472563534975,0.030043256282806397,0.999314546585083
3487,2069,integrated_gradient,0.2660985596669026,0.12293525613271274,0.9992940425872803
3488,423,integrated_gradient,0.5564144855582869,0.03726044258514008,0.999146580696106
3489,4427,integrated_gradient,0.4148173402798803,0.039621331189808096,0.9972666501998901
3490,1174,integrated_gradient,0.34302545175319765,0.03545638628122283,0.9946218729019165
3491,1490,integrated_gradient,0.4423854716799476,0.05442032579219702,0.9994750618934631
3492,2020,integrated_gradient,0.6611690243536775,0.050155716186219994,0.9884366989135742
3493,1837,integrated_gradient,-0.06895620656795189,-0.04345003173488085,0.19283337891101837
3494,3730,integrated_gradient,0.5419294957707568,0.1612022571810862,0.9857283234596252
3495,1586,integrated_gradient,0.38519106218789484,0.03565154367304863,0.9994356036186218
3496,3595,integrated_gradient,0.33725563456353386,0.037536290131117166,0.9992507100105286
3497,2622,integrated_gradient,0.41993886523130464,0.01699864282840636,0.9990929365158081
3498,2173,integrated_gradient,0.37993662173931414,0.055999161723332525,0.9975391626358032
3499,2153,integrated_gradient,0.5332990469450646,0.027591690738150414,0.9989340901374817
3500,1139,integrated_gradient,0.5685039332934788,0.03649358593282245,0.99576735496521
3501,4101,integrated_gradient,0.49943495648247854,0.06341173733983721,0.9974703788757324
3502,4005,integrated_gradient,0.43097592807478374,0.2715871449973848,0.920300304889679
3503,1530,integrated_gradient,0.41595068973738974,0.03584253787994385,0.9989368319511414
3504,4259,integrated_gradient,0.41338079281755397,0.04613665632299475,0.9868696331977844
3505,2175,integrated_gradient,0.6476661115884781,0.033947771851052626,0.998029887676239
3506,1016,integrated_gradient,0.5946795694049327,0.04220390319824219,0.9987121820449829
3507,1575,integrated_gradient,0.47639820841597574,0.03498575149797926,0.988329291343689
3508,1333,integrated_gradient,0.578665823421695,0.1474023786458102,0.997680127620697
3509,1380,integrated_gradient,0.503622239624912,0.033075938847931946,0.9898627996444702
3510,1428,integrated_gradient,0.4617137672270046,0.05950077491648057,0.9926486611366272
3511,2027,integrated_gradient,0.4877762969296712,0.02755281300498889,0.9842751622200012
3512,1039,integrated_gradient,0.48105929866433145,0.03518562138080597,0.9986599683761597
3513,22,integrated_gradient,0.368325297222581,0.29578787434932796,0.9752492904663086
3514,1276,integrated_gradient,0.40174863720312715,0.049533882178366184,0.998924195766449
3515,1367,integrated_gradient,0.457128471413324,0.08258674657622049,0.9712473750114441
3516,147,integrated_gradient,0.4738007714705808,0.1416330449283123,0.9817050695419312
3517,3226,integrated_gradient,0.6541470483773284,0.0450379533900155,0.9958255290985107
3518,4586,integrated_gradient,0.4567472968370684,0.02902824023077565,0.9990346431732178
3519,2301,integrated_gradient,0.49755699553732147,0.02085001337326179,0.9713895320892334
3520,2466,integrated_gradient,0.570303707834213,0.07014773930272748,0.9994401335716248
3521,2876,integrated_gradient,0.5807727456856997,0.054032562634883784,0.9326568841934204
3522,2213,integrated_gradient,0.7916330868481762,0.1557029957572619,0.9941562414169312
3523,2261,integrated_gradient,0.5824474660822978,0.0323978651028413,0.9990488886833191
3524,1956,integrated_gradient,-0.049030252139676704,0.051663934845816,0.21360939741134644
3525,2369,integrated_gradient,0.6421802836529752,0.1522646448079576,0.9757903218269348
3526,190,integrated_gradient,0.4723717990434832,0.025126800768905215,0.9993757605552673
3527,1834,integrated_gradient,0.41370873428308047,0.04842521983843583,0.9904553294181824
3528,2393,integrated_gradient,0.4880116552942329,0.008827264110247294,0.8728262186050415
3529,282,integrated_gradient,0.4315054306182368,0.043483512411857474,0.9992960691452026
3530,1916,integrated_gradient,0.5134941986761987,0.1469929050654173,0.9962771534919739
3531,4527,integrated_gradient,0.7144601592084482,0.03960841468402317,0.9958440661430359
3532,1324,integrated_gradient,0.617062586813401,0.06418366615588848,0.997307300567627
3533,3576,integrated_gradient,0.4662056976073497,0.021803248572993924,0.9993765950202942
3534,4029,integrated_gradient,0.4452117748798863,0.03615105825085794,0.9840233325958252
3535,1683,integrated_gradient,0.5632208126556614,0.02448205585065095,0.9959592223167419
3536,4353,integrated_gradient,0.35870587825775146,-0.0055802246419394885,0.6442529559135437
3537,273,integrated_gradient,0.1447944124419318,-0.11596407300355482,0.4366813004016876
3538,1970,integrated_gradient,0.3715658193284815,0.027047511122443458,0.9992675185203552
3539,903,integrated_gradient,0.7249993092070023,0.028921687532038914,0.9751281142234802
3540,3599,integrated_gradient,0.5651663374442321,0.028697847861510056,0.9986629486083984
3541,2499,integrated_gradient,0.5594802191015333,0.11794206082820892,0.7589396238327026
3542,3514,integrated_gradient,0.4036895723446556,0.08297691267469655,0.9938662648200989
3543,2991,integrated_gradient,0.6555101006340823,0.023128381293070942,0.9984467625617981
3544,3705,integrated_gradient,0.5040397357195616,0.04237638786435127,0.9963952898979187
3545,2014,integrated_gradient,0.3613624931015867,0.08186641367191964,0.9991874098777771
3546,257,integrated_gradient,0.36236570058045564,0.143260700835122,0.9354739189147949
3547,3721,integrated_gradient,0.545998532263959,0.023687021409878967,0.999211311340332
3548,2368,integrated_gradient,0.267920626534356,0.039785690771208866,0.9995133876800537
3549,3689,integrated_gradient,0.2398602509118141,0.03219192554341986,0.9995414018630981
3550,2574,integrated_gradient,0.2638769474896518,0.03859591619534926,0.9986448884010315
3551,4260,integrated_gradient,0.504088125445626,0.04890197380022569,0.9845682382583618
3552,517,integrated_gradient,0.5794582574275292,0.10523358612291274,0.9890824556350708
3553,3170,integrated_gradient,0.19578190628640554,-0.03217596822493785,0.37728896737098694
3554,3201,integrated_gradient,0.650066699385643,0.08683223009109498,0.9731975793838501
3555,3194,integrated_gradient,0.3395424527318581,0.03372780201227769,0.9696018099784851
3556,3897,integrated_gradient,0.42095828540623187,0.06590910516679287,0.9893485307693481
3557,858,integrated_gradient,0.5888952594250441,0.07004045601934195,0.953101634979248
3558,19,integrated_gradient,-0.30292768334900894,-0.015737204915947385,0.19863805174827576
3559,699,integrated_gradient,0.38366703854666817,0.06625703363506882,0.9981850981712341
3560,575,integrated_gradient,0.36459236902495223,0.05151016637682915,0.9992434978485107
3561,1646,integrated_gradient,0.28829101473093033,0.03684688182104202,0.998680055141449
3562,3623,integrated_gradient,0.3716959155550817,0.03779297994404304,0.9992762207984924
3563,599,integrated_gradient,0.35920741483569146,0.010786642134189606,0.8552141785621643
3564,2894,integrated_gradient,0.41403912636968826,0.0971216102441152,0.9994414448738098
3565,305,integrated_gradient,0.2900691977087057,0.3250076675190116,0.7452290058135986
3566,3433,integrated_gradient,0.709699882932429,0.09593879529890025,0.9913182258605957
3567,3826,integrated_gradient,0.4148653527100881,0.0933080428176456,0.833632230758667
3568,1350,integrated_gradient,0.4421043856179013,0.026509554070584914,0.999143123626709
3569,2129,integrated_gradient,0.694130074402148,0.06277054209600795,0.9817749261856079
3570,1422,integrated_gradient,0.4638853026063819,0.03955377246204175,0.9939923882484436
3571,3819,integrated_gradient,0.5340697594325651,0.04979350350119851,0.9720261693000793
3572,1527,integrated_gradient,0.29788752883672714,0.028817877173423767,0.9995263814926147
3573,1087,integrated_gradient,0.24960830502889372,0.02205698767846281,0.9994671940803528
3574,1484,integrated_gradient,0.5623946993089304,0.07718431767894,0.9925711750984192
3575,3513,integrated_gradient,0.4924669463187456,0.0892431989312172,0.9936748147010803
3576,3361,integrated_gradient,0.6865511195527183,0.05108252697520786,0.9925170540809631
3577,1323,integrated_gradient,0.751153793434302,0.13450169314940771,0.9002510905265808
3578,1553,integrated_gradient,0.6799999374364104,0.07566270445074354,0.9968364238739014
3579,3687,integrated_gradient,0.35748725437692236,0.05688060926539557,0.9988264441490173
3580,4368,integrated_gradient,0.40212488222506737,0.02401108799442168,0.9993677735328674
3581,3165,integrated_gradient,0.4112011463097904,0.053656723836193916,0.9985639452934265
3582,1309,integrated_gradient,0.49759585974794446,0.07906021222923741,0.9942368268966675
3583,2983,integrated_gradient,0.5880678364863763,0.061464520601125866,0.9794597029685974
3584,3378,integrated_gradient,0.5129091093937556,0.23382146932460643,0.972556471824646
3585,345,integrated_gradient,-0.06016297865173091,-0.19219992552762447,0.22643691301345825
3586,1086,integrated_gradient,0.6346346728503705,0.038602082058787346,0.9965366125106812
3587,923,integrated_gradient,0.5269878596067429,0.05603892703851064,0.9984931945800781
3588,1571,integrated_gradient,0.40845996839925647,0.06900893989950418,0.9976995587348938
3589,842,integrated_gradient,0.5882464665539411,0.06342822070024451,0.9669604301452637
3590,2165,integrated_gradient,0.5495866815058085,0.30857052396123225,0.9136630296707153
3591,608,integrated_gradient,0.6761880811384838,0.05522703185029652,0.9965329170227051
3592,285,integrated_gradient,0.5901732317764651,0.05229523744095455,0.9881919026374817
3593,2009,integrated_gradient,0.421025629917329,0.03736094182187861,0.9968289732933044
3594,807,integrated_gradient,0.5979699353839076,0.6110743111822494,0.9934793710708618
3595,4511,integrated_gradient,0.3337924579779307,0.049446891993284225,0.9991313815116882
3596,2495,integrated_gradient,0.35495560309466195,0.019337962071100872,0.9992901086807251
3597,405,integrated_gradient,0.393042404432686,0.029627721528617704,0.9991509914398193
3598,218,integrated_gradient,0.546648109151471,0.08428671859925793,0.9951441287994385
3599,1976,integrated_gradient,0.421229578767504,0.04310117704527719,0.9597140550613403
3600,4040,integrated_gradient,0.4470680477944287,0.03698317842050032,0.9750842452049255
3601,2461,integrated_gradient,0.33626479949011945,0.02471123951854128,0.999349057674408
3602,2095,integrated_gradient,0.39906717358895066,0.04919399630348637,0.9949711561203003
3603,327,integrated_gradient,0.2495070978999138,-0.1421022444963455,0.5873706340789795
3604,2957,integrated_gradient,0.49227105661974113,-0.02195149761135295,0.9203109741210938
3605,1778,integrated_gradient,0.28309523562590283,0.14095132673780122,0.9840218424797058
3606,688,integrated_gradient,0.7338213210161297,0.07877433682099366,0.9932776093482971
3607,393,integrated_gradient,0.22104101456128633,0.09510860706751163,0.6850461363792419
3608,3495,integrated_gradient,0.5655472987103012,0.03497728986560174,0.9981430768966675
3609,2741,integrated_gradient,0.3319321452923443,0.030436933688495472,0.9992361068725586
3610,3105,integrated_gradient,0.4869001961272696,0.057373318983160934,0.9249241352081299
3611,3579,integrated_gradient,0.45877497834818703,0.12574709824153354,0.9520959258079529
3612,4460,integrated_gradient,0.35664747433459504,0.05199760579048319,0.9898013472557068
3613,1491,integrated_gradient,0.2872626836362638,0.0821222153149153,0.9982465505599976
3614,882,integrated_gradient,0.653754785656929,0.21912401086754268,0.9501113295555115
3615,2085,integrated_gradient,0.7585997462824539,0.09763808934776871,0.9845461845397949
3616,1769,integrated_gradient,0.6023506695447967,0.1292175976342933,0.9936925172805786
3617,3177,integrated_gradient,0.42623062644686016,0.058326455950737,0.786124587059021
3618,3766,integrated_gradient,0.4579515178234149,0.13171504552547747,0.9932982325553894
3619,2049,integrated_gradient,0.5478795075323433,0.05360337207093835,0.9959898591041565
3620,794,integrated_gradient,0.31326785615899344,0.03132804279977625,0.9991806149482727
3621,1617,integrated_gradient,0.4741060771048069,0.040725708628694214,0.9971369504928589
3622,21,integrated_gradient,0.4904224963651763,0.01698574423789978,0.9991961121559143
3623,2626,integrated_gradient,0.31906733512878416,0.034845054149627686,0.9990397095680237
3624,2199,integrated_gradient,-0.13818986035055583,-0.14469375494453643,0.11630181223154068
3625,4578,integrated_gradient,0.5409838925016687,0.06976766472167158,0.9979962110519409
3626,1535,integrated_gradient,0.5743982165024198,0.2345695865565333,0.965785801410675
3627,1012,integrated_gradient,0.5728538031689823,0.05124756880104542,0.9110031127929688
3628,3302,integrated_gradient,0.5744519609212876,0.03793943077325821,0.9966009259223938
3629,3059,integrated_gradient,0.632479052245617,0.05005931953589122,0.9944150447845459
3630,1172,integrated_gradient,0.4522098519585349,0.10279230096123436,0.9994309544563293
3631,3322,integrated_gradient,0.4907081036975509,0.050261211630545165,0.9869601726531982
3632,3232,integrated_gradient,0.4763582879677415,0.056882642886855385,0.6787059307098389
3633,3859,integrated_gradient,0.310743239063483,0.031183393337787725,0.9994000196456909
3634,1015,integrated_gradient,0.5565970630146736,0.03331059633299362,0.9988258481025696
3635,1364,integrated_gradient,0.7114537710566884,0.043645485911680305,0.9986250400543213
3636,2757,integrated_gradient,0.26379423950975006,0.06027663116519515,0.9965582489967346
3637,182,integrated_gradient,0.7213364880458981,0.07851485732723684,0.9968185424804688
3638,1107,integrated_gradient,0.38171886845871256,0.0758790624914346,0.9994277358055115
3639,188,integrated_gradient,0.6542981220143181,0.030297490102904185,0.9641963839530945
3640,2990,integrated_gradient,0.5432448331266642,0.06576333567500114,0.9777076244354248
3641,2951,integrated_gradient,0.37490695839126903,0.037359148263931274,0.9268053770065308
3642,3539,integrated_gradient,0.2693191170692444,0.11388972707283802,0.9992080330848694
3643,3473,integrated_gradient,0.5386667344719172,0.11697011068463326,0.9916621446609497
3644,1655,integrated_gradient,0.52050991323979,0.06411042355972787,0.9561798572540283
3645,3422,integrated_gradient,0.4665231581615365,0.019171385013538857,0.9873555302619934
3646,4077,integrated_gradient,0.41738950406632774,0.05964288624321542,0.9864309430122375
3647,3015,integrated_gradient,0.4577051665513746,0.036131345456646334,0.9961894154548645
3648,2713,integrated_gradient,0.5348316760590444,0.04708957500182665,0.9959392547607422
3649,3397,integrated_gradient,0.5758450301562218,0.04448916937442536,0.9982140064239502
3650,1266,integrated_gradient,0.43896483665420893,0.04663980220045362,0.9910101890563965
3651,1623,integrated_gradient,0.5145591675088956,0.0363424216898588,0.9975281357765198
3652,3358,integrated_gradient,0.6129460824387414,0.021454872829573497,0.9994218349456787
3653,373,integrated_gradient,0.3264805772341788,0.09460562886670232,0.9986394047737122
3654,2026,integrated_gradient,0.4199875122971005,0.056838684611850314,0.9973853230476379
3655,1524,integrated_gradient,0.5332330943873296,0.034333616495132446,0.9991912245750427
3656,422,integrated_gradient,0.5517171082042512,0.056928692829041255,0.9964370727539062
3657,3169,integrated_gradient,0.34626392669537487,0.0743471243802239,0.9984326958656311
3658,3650,integrated_gradient,0.49407315037467264,0.1085221520879052,0.9988405108451843
3659,3800,integrated_gradient,0.3811003787720457,0.06351028573005757,0.9954853653907776
3660,1120,integrated_gradient,0.5379480002623684,0.046959686672912455,0.9985499978065491
3661,2249,integrated_gradient,0.4214385245428529,0.025500869335130204,0.999239444732666
3662,4043,integrated_gradient,0.4073788083569948,0.1472987397465595,0.9995046854019165
3663,616,integrated_gradient,0.34655633568763733,0.06436199463646987,0.9932864308357239
3664,2691,integrated_gradient,0.4658012712323988,0.042335044693302466,0.9945648908615112
3665,2043,integrated_gradient,0.41990210836021497,0.06319646909832954,0.9893264770507812
3666,3188,integrated_gradient,0.5518592131137848,0.009847464859485627,0.9561892151832581
3667,2835,integrated_gradient,0.6052178978346862,0.10551939847377631,0.9964105486869812
3668,4211,integrated_gradient,0.24915477087100346,0.070896115899086,0.9993695616722107
3669,917,integrated_gradient,0.6799309267662466,0.11479310085996985,0.9769731760025024
3670,4100,integrated_gradient,0.4197077386909061,0.061162430379125804,0.9941927790641785
3671,1162,integrated_gradient,0.38673660958685524,0.03307610968264138,0.9986494183540344
3672,3716,integrated_gradient,0.5032112525646076,0.04391871288765308,0.9980462789535522
3673,1248,integrated_gradient,0.31103043948731773,0.024171879742203688,0.9990745782852173
3674,828,integrated_gradient,0.3299621803329346,0.04929083934489717,0.9993220567703247
3675,2243,integrated_gradient,-0.20073222687407846,-0.03851266175268158,0.019019760191440582
3676,2902,integrated_gradient,0.30228020953682233,0.03414896692869798,0.9966222047805786
3677,337,integrated_gradient,0.5972015758355459,0.11153312638784066,0.9783531427383423
3678,2351,integrated_gradient,0.36491279244422914,0.031049641966819762,0.9992207288742065
3679,1959,integrated_gradient,0.6701921366155148,0.09140845388174057,0.9609718918800354
3680,3431,integrated_gradient,-0.12272407107957406,-0.17227523612382356,0.00046993696014396846
3681,4374,integrated_gradient,0.4205645280224936,0.05227458051272801,0.9872118830680847
3682,1102,integrated_gradient,0.46143708852204407,0.02990508485924114,0.999197781085968
3683,1246,integrated_gradient,0.2379730137293799,0.02776361740472024,0.9996080994606018
3684,1176,integrated_gradient,0.45576848917537266,0.10582284198866951,0.9969789981842041
3685,4579,integrated_gradient,0.24221836196051705,0.01993392242325677,0.9994199275970459
3686,3195,integrated_gradient,0.3430897681152119,-0.029068831573514378,0.6346989870071411
3687,2790,integrated_gradient,0.38655976474285125,0.07157697260379792,0.9861191511154175
3688,3877,integrated_gradient,0.6864191233402207,0.04474079963706788,0.9876953363418579
3689,93,integrated_gradient,0.6101867679160001,0.03930785905483157,0.9915067553520203
3690,2795,integrated_gradient,0.5790847040511466,0.09007799343482868,0.7535057663917542
3691,2317,integrated_gradient,0.514696270566095,0.03476425361904231,0.96194988489151
3692,385,integrated_gradient,0.22782193702094408,0.023141250926621105,0.9994681477546692
3693,913,integrated_gradient,0.3869499663511912,0.0366969235015638,0.9994449019432068
3694,693,integrated_gradient,0.5269605495311596,0.03602616157796648,0.9457829594612122
3695,3241,integrated_gradient,0.4739814940840006,0.03219689279794693,0.9732812643051147
3696,2471,integrated_gradient,0.5984715111363603,0.10939085848477421,0.982262372970581
3697,311,integrated_gradient,0.5711100160513284,0.04407021768812863,0.9971117973327637
3698,334,integrated_gradient,0.8076838710354114,0.034087395892952975,0.9988366961479187
3699,861,integrated_gradient,0.2654539363251792,0.047340424800360645,0.999292254447937
3700,1454,integrated_gradient,0.3629384992851151,0.054777140004767313,0.870018720626831
3701,2684,integrated_gradient,0.4691606883732778,0.030319125584836275,0.9973424077033997
3702,1224,integrated_gradient,0.3882801248917296,0.34899438328800664,0.4944649934768677
3703,2585,integrated_gradient,0.3442041366075983,0.07759557512341714,0.9993125200271606
3704,708,integrated_gradient,0.3698552788599678,0.02327343368011972,0.999289870262146
3705,3141,integrated_gradient,0.26191682660061383,0.06289642530938853,0.9991186261177063
3706,38,integrated_gradient,0.6332636346232217,0.046985085842744356,0.9958574175834656
3707,2683,integrated_gradient,0.5403542578220367,0.05402675867080688,0.9975536465644836
3708,935,integrated_gradient,0.45073807087479806,0.03956579249732348,0.9975470900535583
3709,3339,integrated_gradient,0.5217071321347485,0.04437657737213632,0.9989293217658997
3710,1325,integrated_gradient,0.6050590529691341,0.0418743581272835,0.9911705255508423
3711,2120,integrated_gradient,-0.11017661585527308,-0.156045133284494,0.1793193370103836
3712,470,integrated_gradient,0.3201340818550529,0.07721557849790991,0.9710757732391357
3713,3393,integrated_gradient,0.5600185003635045,0.04140973614679801,0.9974689483642578
3714,1942,integrated_gradient,0.5997670966510972,0.023160455748438835,0.9988511800765991
3715,3371,integrated_gradient,0.6637540960865509,0.03660700304640664,0.9979150891304016
3716,1713,integrated_gradient,0.23483313708161208,-0.01282143851985102,0.3988629877567291
3717,160,integrated_gradient,0.3593194552443244,0.058296970684419976,0.9973318576812744
3718,1192,integrated_gradient,0.4910740375518799,0.05993206575512886,0.9993274211883545
3719,2161,integrated_gradient,0.24624358480041092,0.05966840845507544,0.9993523955345154
3720,3925,integrated_gradient,0.6674177105553815,0.039778854026169076,0.9852386116981506
3721,3619,integrated_gradient,0.39547469317913053,0.10439689925738743,0.9477124810218811
3722,4209,integrated_gradient,0.6345881086129409,0.37764317905291533,0.9352366328239441
3723,3524,integrated_gradient,0.5069977032101672,0.02882610067077305,0.9971683621406555
3724,353,integrated_gradient,0.41820134435381207,0.028452703539206058,0.9979647397994995
3725,2548,integrated_gradient,0.5783999126981056,0.16112233520973296,0.9975493550300598
3726,4202,integrated_gradient,0.585533886722156,0.028972013081823077,0.997850775718689
3727,1014,integrated_gradient,0.47319472242485394,0.0527554991570386,0.9347330927848816
3728,1200,integrated_gradient,0.5922416060649115,0.07114943733503079,0.9977559447288513
3729,4580,integrated_gradient,0.31936068805279555,0.022188517230528372,0.9995810389518738
3730,3087,integrated_gradient,0.4233763409512384,0.09564929987703051,0.9966663718223572
3731,1305,integrated_gradient,0.38028122782707213,0.025108512490987778,0.9835767149925232
3732,112,integrated_gradient,0.3980026193894446,0.07647621398791671,0.9985590577125549
3733,1853,integrated_gradient,0.5176086488998297,0.027766844539931328,0.9991658926010132
3734,4310,integrated_gradient,0.5382968468028445,0.12829597259676734,0.9597232341766357
3735,3873,integrated_gradient,0.4642355347934522,0.06509273107114591,0.9993884563446045
3736,4216,integrated_gradient,0.439118023469763,0.019742194211707927,0.9993745684623718
3737,14,integrated_gradient,0.38007500855361714,0.07641417620813146,0.9734302163124084
3738,3915,integrated_gradient,0.7930310255714825,0.08096435240336827,0.9973796606063843
3739,2387,integrated_gradient,0.5196060882437796,0.03738242316813696,0.9941787719726562
3740,533,integrated_gradient,0.3298446355675835,0.05279563189972015,0.4826476275920868
3741,3551,integrated_gradient,0.35751476644405294,0.03448525443673134,0.9966212511062622
3742,851,integrated_gradient,0.5374602153897285,0.04775206914002245,0.9978539347648621
3743,1418,integrated_gradient,0.4623779139497824,0.03166606891573521,0.9697797298431396
3744,3446,integrated_gradient,0.43833673551030783,0.025379712814870087,0.997368335723877
3745,1318,integrated_gradient,0.6437826092270288,0.03267726708542217,0.9875132441520691
3746,677,integrated_gradient,0.3015009092433112,0.05045055959905897,0.9916860461235046
3747,3740,integrated_gradient,0.4745662722736597,0.16683102920651435,0.9944434762001038
3748,1317,integrated_gradient,0.31472640531137586,-0.16890758080560653,0.5384346842765808
3749,1072,integrated_gradient,0.9028961281781085,0.09713151752948761,0.9982333183288574
3750,4275,integrated_gradient,0.14661237522959708,-0.1862448401749134,0.5105814337730408
3751,655,integrated_gradient,0.639576636511704,0.10681103324068003,0.9464302659034729
3752,3128,integrated_gradient,0.6774591666351004,0.036705664018305335,0.9878808259963989
3753,3143,integrated_gradient,0.40827776342630384,0.05187063117822011,0.9988874793052673
3754,568,integrated_gradient,0.28424320673303943,-0.14343448621886118,0.6731927394866943
3755,1871,integrated_gradient,0.5488414503633976,0.03861868903040886,0.9991005659103394
3756,3956,integrated_gradient,0.32981568492121166,0.0353202513522572,0.9991905093193054
3757,121,integrated_gradient,0.29645195975899696,0.08913836255669594,0.9930188059806824
3758,3150,integrated_gradient,0.6157314061470653,0.06649629901284757,0.9939358830451965
3759,587,integrated_gradient,0.24453674715298873,0.026522660102599706,0.9995540976524353
3760,3061,integrated_gradient,0.6152869713853817,0.046483036206693064,0.9894143342971802
3761,3162,integrated_gradient,0.3957490576086221,0.018993440601560805,0.9993428587913513
3762,1254,integrated_gradient,0.3560121246883946,0.03483747234267573,0.9993379712104797
3763,2658,integrated_gradient,0.5649544442904756,0.06493081089029921,0.9953664541244507
3764,163,integrated_gradient,0.6019696371702404,0.1933968249079469,0.9316372275352478
3765,1322,integrated_gradient,0.32996227603350115,0.061143717881458906,0.995735764503479
3766,4249,integrated_gradient,0.45153668786991724,-0.02204850803722035,0.7952587604522705
3767,360,integrated_gradient,0.49406317628229096,0.028681413300575748,0.9935325384140015
3768,1768,integrated_gradient,0.5309041777871689,0.0754585586628824,0.9967795014381409
3769,732,integrated_gradient,0.3668288917591174,0.04032323608795802,0.6572086811065674
3770,2671,integrated_gradient,0.53521317397726,0.10535867255309532,0.9818098545074463
3771,691,integrated_gradient,0.312308005334155,-0.09574663880709056,0.5833619236946106
3772,79,integrated_gradient,0.6204312329904901,0.04817832509676615,0.9984570741653442
3773,2776,integrated_gradient,0.59475826903839,0.05469503863291307,0.9979240894317627
3774,1053,integrated_gradient,0.5344919100695965,0.13653374536364687,0.8781459927558899
3775,410,integrated_gradient,0.6051644405774903,0.046924644133500885,0.9984721541404724
3776,4367,integrated_gradient,0.647166955329123,0.1125345208815166,0.952244222164154
3777,1667,integrated_gradient,0.4551588542759418,0.11033067032694817,0.9760575890541077
3778,3349,integrated_gradient,0.5380498491759811,0.13684076155935015,0.7163977026939392
3779,2672,integrated_gradient,0.6821298057382758,0.041980872551600136,0.9987738728523254
3780,4038,integrated_gradient,0.5470086178712307,0.028053686743782412,0.9978801012039185
3781,4552,integrated_gradient,0.45046911958385916,0.0366450977676055,0.9957738518714905
3782,1542,integrated_gradient,0.3741188776128146,0.05874773190945995,0.9965852499008179
3783,1336,integrated_gradient,0.3072861660929287,0.02739638616057003,0.9987636804580688
3784,1519,integrated_gradient,0.5411455811311802,0.0211432064190889,0.9992033839225769
3785,1229,integrated_gradient,0.3660070976614952,0.020994192957878112,0.9991181492805481
3786,1968,integrated_gradient,0.5169176643151635,0.03190893245240053,0.9927006959915161
3787,4416,integrated_gradient,0.5314484348422602,0.028310513287259823,0.9977737069129944
3788,2109,integrated_gradient,0.6435939212802981,0.08971261049880357,0.9951434135437012
3789,725,integrated_gradient,0.33788175880908966,0.01831012325627463,0.9993847608566284
3790,1134,integrated_gradient,0.4679570723147619,0.004141282467615037,0.7298153042793274
3791,101,integrated_gradient,0.33046560831691907,0.1664686760176783,0.9894145727157593
3792,4266,integrated_gradient,0.583261766839166,0.0896818388340085,0.9957767724990845
3793,2253,integrated_gradient,0.539247874266062,0.05434366831412682,0.9804319143295288
3794,1269,integrated_gradient,0.3618511150901516,0.06558401416987181,0.999366819858551
3795,2813,integrated_gradient,0.585593581199646,0.08090836874076299,0.9908060431480408
3796,193,integrated_gradient,0.4898828868613099,0.03215462149995746,0.9990468621253967
3797,1127,integrated_gradient,0.5357678947416512,0.059589761334496574,0.9991212487220764
3798,2871,integrated_gradient,0.7021263078218554,0.020551131992805297,0.999359667301178
3799,3470,integrated_gradient,0.6394600362023887,0.0262002813465455,0.9851285219192505
3800,280,integrated_gradient,0.45115482258169276,0.05613173662047637,0.9979800581932068
3801,1696,integrated_gradient,0.45755834836098885,0.03728253394365311,0.9992374181747437
3802,2623,integrated_gradient,0.5017896546257867,0.035583880874845715,0.9975774884223938
3803,2139,integrated_gradient,0.33419696662736975,0.04065760063088458,0.9991551637649536
3804,3438,integrated_gradient,0.31592881510203535,0.03724797002293847,0.9978731870651245
3805,82,integrated_gradient,0.4388281901180744,0.06357363045215607,0.9986634254455566
3806,876,integrated_gradient,0.46775005923377144,0.010174194971720377,0.8936775326728821
3807,2719,integrated_gradient,0.5059121834470871,0.03231690221644463,0.9975148439407349
3808,2374,integrated_gradient,0.3904331679406919,0.04274417734459827,0.9988671541213989
3809,1569,integrated_gradient,0.5842707144453171,0.006669413536152941,0.9009878635406494
3810,2416,integrated_gradient,0.36733933972815674,0.037729922061165176,0.9984265565872192
3811,3724,integrated_gradient,0.6046603913818087,0.03689446491854531,0.9507468938827515
3812,3511,integrated_gradient,0.5141173586249351,0.08682889074087143,0.9864051342010498
3813,4046,integrated_gradient,0.3534405736459626,0.20526187508194535,0.9659867882728577
3814,2132,integrated_gradient,0.46186520077965476,0.014969681880690835,0.7641882300376892
3815,2932,integrated_gradient,0.43826979091938806,0.0238233918652815,0.999075174331665
3816,3414,integrated_gradient,0.5687028973601586,0.04032118202641953,0.9952929615974426
3817,1009,integrated_gradient,0.5324693642011503,0.04880812618790603,0.9986796975135803
3818,4171,integrated_gradient,0.5916505583175798,0.02841105184903959,0.9994396567344666
3819,1439,integrated_gradient,0.4252185949257442,0.04809102720143844,0.9960202574729919
3820,3603,integrated_gradient,0.3851910850336385,0.02084733996280404,0.9982815980911255
3821,2680,integrated_gradient,0.2786442295593374,0.03235321886399213,0.9991251826286316
3822,4297,integrated_gradient,0.3140107123624711,0.09514057104076658,0.9990498423576355
3823,630,integrated_gradient,0.5013179398245282,0.07815388374858433,0.9961799383163452
3824,638,integrated_gradient,0.5684084419546456,0.10796214897057106,0.9926242232322693
3825,455,integrated_gradient,0.2812379092929211,0.13016648844201514,0.5071028470993042
3826,129,integrated_gradient,0.24289613432354398,0.04879813922776116,0.9993221759796143
3827,3544,integrated_gradient,0.39924309994929874,0.051942680890743546,0.9990901947021484
3828,2705,integrated_gradient,0.6378532292751166,0.2301380789050689,0.9922772645950317
3829,4542,integrated_gradient,0.33120414538908816,0.030918558270244274,0.9992546439170837
3830,1736,integrated_gradient,0.5267265361768229,0.05086706523542051,0.9978107810020447
3831,1442,integrated_gradient,0.509905808400817,0.035664785199049046,0.9889532327651978
3832,836,integrated_gradient,0.7030418640497373,0.05296559166163206,0.9602082967758179
3833,3713,integrated_gradient,0.4514581538163699,0.04770296888473707,0.997062623500824
3834,963,integrated_gradient,0.4590849074824103,0.296422157757755,0.7013798356056213
3835,3500,integrated_gradient,0.4318728357553482,0.06311729669570923,0.9903208613395691
3836,1386,integrated_gradient,0.43588993698358536,0.08315406972542405,0.988541841506958
3837,3631,integrated_gradient,0.6365995321954999,0.036579914847198795,0.9985546469688416
3838,3220,integrated_gradient,0.5301726963005814,0.05592390193658717,0.9970023036003113
3839,1920,integrated_gradient,0.5018890674771934,0.13309469973218852,0.9749138355255127
3840,3065,integrated_gradient,0.6491035437759232,0.0840874796404558,0.9664181470870972
3841,4122,integrated_gradient,0.3279919715658311,0.13072949888244753,0.9988512992858887
3842,2735,integrated_gradient,0.6451729630882089,0.07453526759689505,0.9983483552932739
3843,1441,integrated_gradient,0.629782239596049,0.06522431685810998,0.9963527917861938
3844,860,integrated_gradient,0.5033921155739914,0.04690035093914379,0.9987955093383789
3845,930,integrated_gradient,0.18452400384947312,0.06290647110273671,0.9993113279342651
3846,2920,integrated_gradient,0.6025167554616928,0.07150695721308391,0.9939746260643005
3847,3073,integrated_gradient,0.4113109020086435,0.025588069397669572,0.9264870285987854
3848,2537,integrated_gradient,0.5076088703730527,0.07976891451022204,0.9951505661010742
3849,4582,integrated_gradient,0.765697008225976,0.16321813914834,0.9943999648094177
3850,173,integrated_gradient,0.31258992094602156,0.05007202100397935,0.9981030225753784
3851,1056,integrated_gradient,0.6123119842621588,0.11610927168400056,0.9929484128952026
3852,2870,integrated_gradient,0.5598426516118803,0.08618809361206858,0.9918369650840759
3853,50,integrated_gradient,0.7562627596448043,0.057688522817833085,0.9725416302680969
3854,2560,integrated_gradient,0.5244847322121645,0.09344817583377545,0.9982095956802368
3855,31,integrated_gradient,0.43967730434317337,0.05715695298031757,0.9972336888313293
3856,3419,integrated_gradient,0.5286735768647904,0.04169774879800513,0.9989976286888123
3857,3023,integrated_gradient,0.3977385559829615,0.021955089043762723,0.9991033673286438
3858,1433,integrated_gradient,0.5952517966755101,0.05235084256187814,0.9910736680030823
3859,399,integrated_gradient,0.46927449019516215,0.025562894256675944,0.9990413784980774
3860,3793,integrated_gradient,0.2992665371961064,0.027723324961132473,0.9991317391395569
3861,3354,integrated_gradient,0.662155908998102,0.076758743962273,0.9954630732536316
3862,749,integrated_gradient,0.10961238410146464,-0.05618377881390708,0.4001754820346832
3863,3479,integrated_gradient,0.4671775484862535,0.0391496449061062,0.9988149404525757
3864,3212,integrated_gradient,0.3452402936915557,0.08573689146174325,0.8418026566505432
3865,617,integrated_gradient,0.462188912446008,0.1307592733817942,0.9992697834968567
3866,4442,integrated_gradient,0.33696119258036983,0.02576677768658369,0.9992165565490723
3867,2130,integrated_gradient,0.8011274568351179,0.1756131731230637,0.9917389154434204
3868,283,integrated_gradient,0.5040768035820552,0.09889996477535792,0.9724657535552979
3869,4517,integrated_gradient,0.4899010473773593,0.06455426982470922,0.9827471971511841
3870,1217,integrated_gradient,0.5356643553013387,0.02089675483496293,0.997246503829956
3871,55,integrated_gradient,0.6129379911658664,0.08335651159286499,0.9938522577285767
3872,2038,integrated_gradient,0.4640134258994034,0.040142178535461426,0.996727466583252
3873,1302,integrated_gradient,0.461151907728477,0.08335923708297989,0.9955599308013916
3874,2767,integrated_gradient,0.27586576136361274,0.3028412257720317,0.5201186537742615
3875,1813,integrated_gradient,0.5758429649083511,0.02906119693880496,0.99909508228302
3876,3881,integrated_gradient,0.444236865060197,0.08362364851766163,0.9980366826057434
3877,434,integrated_gradient,0.29964212970487003,0.07043128280804076,0.9986609220504761
3878,115,integrated_gradient,0.5494412829035095,0.04832565598189831,0.9986892342567444
3879,2119,integrated_gradient,0.3782254087202477,0.060891335660761055,0.9953769445419312
3880,2923,integrated_gradient,0.33160469724851493,0.17703238589798703,0.9991176724433899
3881,3392,integrated_gradient,0.4159974224037594,0.12437041600545247,0.9822044968605042
3882,1789,integrated_gradient,0.45453683160385994,0.02827469639058383,0.9983977675437927
3883,1103,integrated_gradient,0.243409993207973,0.15983944742575937,0.998978853225708
3884,348,integrated_gradient,0.22058156539093365,-0.03243834231839036,0.6730783581733704
3885,4441,integrated_gradient,0.448358174924757,0.03008772286714292,0.9994233846664429
3886,78,integrated_gradient,0.26315839643831607,0.03685689138041602,0.9962342381477356
3887,3224,integrated_gradient,0.5883069321131095,0.07668955700519757,0.9987070560455322
3888,1821,integrated_gradient,0.3643093499190667,0.07827691032606013,0.999369204044342
3889,1735,integrated_gradient,0.5438868645227181,0.03233043652660442,0.9992828965187073
3890,2473,integrated_gradient,0.3021508936965188,0.03207076150317525,0.9992145299911499
3891,4204,integrated_gradient,0.4982683245952313,0.06468970920795049,0.9979497790336609
3892,3395,integrated_gradient,0.3673439017363957,0.0369437358209065,0.9993000030517578
3893,3405,integrated_gradient,0.6026269082512175,0.07621557286807469,0.9717742800712585
3894,1431,integrated_gradient,0.47500657588243483,0.02643976628780365,0.9985513091087341
3895,2113,integrated_gradient,0.369014281694862,0.026820577003739098,0.9994407296180725
3896,1294,integrated_gradient,-0.02422229438386065,-0.15085610335177563,0.23911690711975098
3897,2798,integrated_gradient,-0.17458598323994212,-0.07557825586862034,0.06338197737932205
3898,4241,integrated_gradient,0.34882555861730835,0.06409005055556426,0.9952488541603088
3899,2697,integrated_gradient,0.32096838383447557,0.0358536931730452,0.9981086254119873
3900,735,integrated_gradient,0.4691106559232224,0.05496385901473289,0.9977530837059021
3901,2398,integrated_gradient,0.5355514822637334,0.068809812559801,0.9901330471038818
3902,1921,integrated_gradient,0.6082321924085801,0.04689043359114574,0.9981052875518799
3903,2454,integrated_gradient,0.4703236111301057,0.05172205605405442,0.9865091443061829
3904,2436,integrated_gradient,0.40490518510341644,0.05120653615278356,0.8336161971092224
3905,3313,integrated_gradient,0.42966628771113313,0.1656851188644119,0.9492006301879883
3906,2602,integrated_gradient,0.5323665981229982,0.1467517653578206,0.9651636481285095
3907,1378,integrated_gradient,0.45531624795929077,0.14263322420658603,0.780280590057373
3908,4172,integrated_gradient,0.49224761224562125,0.10664125123331623,0.9546794295310974
3909,140,integrated_gradient,0.28026093699430166,0.07729248702526093,0.9983526468276978
3910,2482,integrated_gradient,0.4636707885021513,0.023007965900681236,0.9925501346588135
3911,2566,integrated_gradient,0.34624287047806906,0.02689639347441056,0.9993178844451904
3912,3043,integrated_gradient,0.43643738694910733,0.13728185335420212,0.9959887862205505
3913,2718,integrated_gradient,0.5613654765643572,0.056453377400573934,0.993831992149353
3914,1010,integrated_gradient,0.48329248936737285,0.04257951589191661,0.9986224174499512
3915,1516,integrated_gradient,0.2841398135559367,-0.07436401530035905,0.6016080379486084
3916,1988,integrated_gradient,0.6582937790628742,0.09006820575279348,0.9752394556999207
3917,2942,integrated_gradient,0.5490729587303625,0.05503100317877692,0.9971004128456116
3918,3097,integrated_gradient,0.5977864673733712,0.04990213811397552,0.9971495270729065
3919,151,integrated_gradient,0.4955840504169464,0.09209831416606903,0.9439519047737122
3920,2319,integrated_gradient,0.48908853173255923,0.02302723944187164,0.9653905034065247
3921,1373,integrated_gradient,0.6961086554134764,0.03479042140448966,0.9969499707221985
3922,1358,integrated_gradient,0.675934768256007,0.048263144161966115,0.9920171499252319
3923,1873,integrated_gradient,0.5289366736131556,0.064787597340696,0.9168630838394165
3924,2668,integrated_gradient,0.3524999569814939,0.03970457126314823,0.9989368319511414
3925,4357,integrated_gradient,0.8225873488228064,0.05468479604334445,0.996317982673645
3926,62,integrated_gradient,0.6445002731349733,0.07299437257978651,0.9986578226089478
3927,1795,integrated_gradient,0.44933244483224277,0.09258603176166272,0.9956574440002441
3928,1000,integrated_gradient,0.4530685251834346,0.023720828925862032,0.9972234964370728
3929,3679,integrated_gradient,0.5354099101141879,0.04132412060310966,0.9812660813331604
3930,1850,integrated_gradient,0.4867456915049717,0.13019324787731829,0.9921916127204895
3931,2825,integrated_gradient,0.5184375592149221,0.09504811293803729,0.9966124892234802
3932,3964,integrated_gradient,0.7324211856242843,0.06883091164322999,0.9856755137443542
3933,1625,integrated_gradient,0.34604241507393974,0.06464553432805198,0.9992632269859314
3934,1313,integrated_gradient,0.5741046706543249,0.07301675572114832,0.9579071998596191
3935,4320,integrated_gradient,0.3155087808499465,0.10648438737199113,0.9989030361175537
3936,2166,integrated_gradient,0.5701328824673381,0.024186307982522613,0.999046266078949
3937,2184,integrated_gradient,0.39293727046913574,0.30745639668570623,0.8345558047294617
3938,4148,integrated_gradient,0.39166775883899796,0.06115033684505357,0.9991229176521301
3939,300,integrated_gradient,0.3714056585757238,0.017783574338229198,0.9993970394134521
3940,339,integrated_gradient,0.533794515100973,0.04157363756426743,0.9961872696876526
3941,2220,integrated_gradient,0.5597866692620775,0.025243500652520554,0.9993591904640198
3942,1587,integrated_gradient,0.47576078050769866,0.04328025970607996,0.9941820502281189
3943,4410,integrated_gradient,0.3831922910279698,0.01979050503836738,0.9993759989738464
3944,3009,integrated_gradient,0.3860105477711734,0.025057149868385465,0.9992461204528809
3945,4314,integrated_gradient,0.6337260496922028,0.08763238825859168,0.9987629652023315
3946,2236,integrated_gradient,0.11030363545912068,0.009316535439433121,0.34710606932640076
3947,3837,integrated_gradient,0.2777349859476089,0.04267539232969284,0.9984845519065857
3948,2512,integrated_gradient,0.3959909732575002,0.09003564585810123,0.9992753863334656
3949,4272,integrated_gradient,0.4682309826215108,0.09679026022935525,0.9955319166183472
3950,2294,integrated_gradient,0.5728213331529073,0.049270612001419065,0.9934572577476501
3951,3416,integrated_gradient,0.44696568165506634,0.06774594145161765,0.9990482926368713
3952,3694,integrated_gradient,0.4655105609719346,0.08248998297423851,0.983767032623291
3953,108,integrated_gradient,0.09585199892520904,-0.10922615975141525,0.6615850329399109
3954,3795,integrated_gradient,0.5863120153546333,0.14269852836926777,0.9655578136444092
3955,3228,integrated_gradient,0.6381488220885079,0.04112267272269472,0.998615026473999
3956,4327,integrated_gradient,0.2638795577817493,0.10510173539320627,0.9992097616195679
3957,4444,integrated_gradient,0.6099563609951963,0.021144098960436307,0.9992716908454895
3958,932,integrated_gradient,0.45282637124711816,0.04416805099357258,0.9971217513084412
3959,3245,integrated_gradient,0.6132299322634935,0.0751716785132885,0.9940226674079895
3960,1037,integrated_gradient,0.3543616041194561,0.054250652360361674,0.999542236328125
3961,3070,integrated_gradient,0.2917155687873428,0.07434087669527209,0.9994454979896545
3962,507,integrated_gradient,0.5287073561921716,0.06420390773564577,0.9963080883026123
3963,1983,integrated_gradient,0.3971086793475681,0.039527232779396904,0.9995002746582031
3964,635,integrated_gradient,0.47379177927970884,0.033463038206100464,0.9988839030265808
3965,102,integrated_gradient,0.42235229765215226,0.03573091808826693,0.9880661964416504
3966,2618,integrated_gradient,0.4745529882005743,0.028416707709028915,0.998975396156311
3967,2452,integrated_gradient,0.5301770852671729,0.03493116497993469,0.998415470123291
3968,2433,integrated_gradient,0.21057268660119238,-0.03516756188362203,0.8843941688537598
3969,2955,integrated_gradient,0.36658221062941426,0.03040070258654081,0.9988574981689453
3970,4406,integrated_gradient,0.3539293751652752,0.022741048197661127,0.999517560005188
3971,146,integrated_gradient,0.6351930166284243,0.03733735183874766,0.9879866242408752
3972,2277,integrated_gradient,0.6032225716114045,0.07386613965034484,0.9849121570587158
3973,628,integrated_gradient,0.3577302425138412,0.06622536624631574,0.9879328608512878
3974,4147,integrated_gradient,0.6428469531238079,0.05565401315689087,0.9953141212463379
3975,2488,integrated_gradient,-0.09212798062635928,-0.2599376709181435,0.15893366932868958
3976,4587,integrated_gradient,0.5925678583708677,0.20562251137964654,0.9842387437820435
3977,624,integrated_gradient,0.5796728790577116,0.10208180855060446,0.8085424900054932
3978,1402,integrated_gradient,0.3650785261078885,0.06494362887583281,0.9951568245887756
3979,1547,integrated_gradient,0.5612108471781708,0.030304323102152624,0.9889434576034546
3980,1680,integrated_gradient,0.3155176717787981,0.04391059838235378,0.882503867149353
3981,2779,integrated_gradient,0.49501661707957584,0.055931380816868374,0.9986691474914551
3982,3616,integrated_gradient,0.3918591548756855,0.04788547100090399,0.9909054040908813
3983,3676,integrated_gradient,0.30807354748249055,0.055273620039224626,0.9988582134246826
3984,2004,integrated_gradient,0.4831311645416113,0.043130780259768166,0.9954458475112915
3985,2141,integrated_gradient,0.43487644431794564,0.030821854748376985,0.9988664388656616
3986,4045,integrated_gradient,0.5128124587494751,0.0309365746276132,0.9974861145019531
3987,1761,integrated_gradient,0.2755842337737212,0.04477311992967451,0.9984110593795776
3988,266,integrated_gradient,-0.1114801796706947,0.0024783737152009396,0.09362630546092987
3989,4195,integrated_gradient,0.25952079575112524,0.2241720232240697,0.5176810622215271
3990,1808,integrated_gradient,0.575251919445673,-0.013901570556210536,0.8842668533325195
3991,3786,integrated_gradient,0.5222529131681362,0.09254800544140186,0.9964937567710876
3992,3199,integrated_gradient,0.30087913771470387,0.070875517030557,0.9992595314979553
3993,2619,integrated_gradient,0.47891937216950786,0.029403717981444463,0.9993948936462402
3994,2459,integrated_gradient,0.4114127917723222,0.1213305935715184,0.9711902141571045
3995,3187,integrated_gradient,0.5249612372029911,0.03221099688248201,0.9992068409919739
3996,4531,integrated_gradient,0.3736700915421049,0.06525880595048268,0.9991652965545654
3997,4355,integrated_gradient,0.3173818687597911,0.019449986517429352,0.9993711113929749
3998,2725,integrated_gradient,0.3246466575757317,0.0286822779023129,0.9719756841659546
3999,4573,integrated_gradient,0.4627199979164662,0.052436002936118685,0.9993993043899536
4000,1913,lime,0.19208588898181916,0.08342832624912262,0.9940606951713562
4001,4550,lime,-0.16558231935778167,-0.050230882414325606,0.0026435537729412317
4002,4424,lime,0.11090809912294955,0.048358520140519015,0.9993114471435547
4003,3802,lime,0.4488569644412824,0.03535813385886805,0.9990894794464111
4004,3867,lime,0.21953581486429488,0.05235520601272583,0.939868152141571
4005,2557,lime,0.429711697732701,0.08121113917406868,0.94000244140625
4006,2097,lime,0.26955636773469316,0.031139056637602032,0.9991582632064819
4007,3546,lime,0.514586792435757,-0.22953912026660386,0.6169075965881348
4008,2808,lime,0.1345978402777722,0.04517452967794318,0.9994128942489624
4009,893,lime,0.3856443671856896,0.0543904913178945,0.9792831540107727
4010,674,lime,0.31744852797551587,0.03237598186189478,0.9992257356643677
4011,4329,lime,0.205937955961671,0.029782964739688608,0.9972947239875793
4012,518,lime,0.12030303587273854,0.0629746575907963,0.9962371587753296
4013,3071,lime,0.19825976714491844,0.06884882152080536,0.9986370205879211
4014,1449,lime,0.5101765459630547,0.0720561964482796,0.9880275726318359
4015,2475,lime,0.38816489973712875,0.04228497199390246,0.9992716908454895
4016,2224,lime,0.4812415578402579,0.02813374325633049,0.9987493753433228
4017,3008,lime,0.6881826733765395,0.026679957690446274,0.9971387386322021
4018,2799,lime,0.09731825993907067,0.05401122858447413,0.9990039467811584
4019,3455,lime,0.6067811566240647,0.21184168931315928,0.9336522817611694
4020,2715,lime,0.5013128844804542,0.04447462115176888,0.9993176460266113
4021,1799,lime,0.2285076616666256,0.05047323077152937,0.9989339709281921
4022,1476,lime,0.14290464892983437,0.07332186736166477,0.9983426332473755
4023,3045,lime,-0.060033302705146764,-0.03646961030991454,0.03766162693500519
4024,191,lime,0.1906173638999462,0.03113216648296434,0.9994010925292969
4025,1612,lime,0.4605902980926425,0.02895007577053336,0.994823694229126
4026,3501,lime,0.32874588419993717,0.035842377692461014,0.9978377223014832
4027,2706,lime,0.12200472686025832,0.04682411717043983,0.9995693564414978
4028,788,lime,0.43235254046079274,0.04250788487292625,0.9957150816917419
4029,2721,lime,-0.0318963173776865,-0.12076720641925931,0.0640377625823021
4030,2543,lime,0.232805655648311,0.07453241261343162,0.9978628754615784
4031,4425,lime,0.20841184444725513,0.059294273145496845,0.9849875569343567
4032,4154,lime,0.36564222490414977,0.0472273628693074,0.9995231628417969
4033,169,lime,0.6792779213615826,0.062333436523165024,0.9828258156776428
4034,1657,lime,0.0633889755064791,0.07212676378813657,0.9993871450424194
4035,3040,lime,0.3929243576631211,0.05118247474494733,0.9993938207626343
4036,269,lime,0.22519246906768986,0.03462007387382228,0.999180018901825
4037,1775,lime,0.24333357235247438,0.07839122617786581,0.9988150596618652
4038,3229,lime,0.8006567064186801,0.037970493669095245,0.9935006499290466
4039,4496,lime,-0.026609012792850363,-0.008477511077091611,0.3342333137989044
4040,1064,lime,0.18948692845743756,0.07697461372198061,0.9945560693740845
4041,4134,lime,0.5521327585533813,0.048958642615212336,0.9898181557655334
4042,4000,lime,0.2798079768976858,0.053046659115822084,0.9962179064750671
4043,609,lime,-0.09621288313495892,-0.07605301933708014,0.011769838631153107
4044,2710,lime,0.35658349096775055,0.12138417611519496,0.9958511590957642
4045,3460,lime,0.3383662281067748,0.06793064428003211,0.9968229532241821
4046,1803,lime,0.7170938098972494,0.045600848306309096,0.9033440947532654
4047,1918,lime,0.3864417456242503,0.04770175474030631,0.9983850717544556
4048,3197,lime,0.4488039132207632,-0.037117581069469455,0.7010975480079651
4049,1737,lime,0.4700640951367942,0.04735266451131214,0.997461199760437
4050,4435,lime,0.26840392586796785,0.07100818323534588,0.923281192779541
4051,3750,lime,0.730922078226947,0.0392025194384835,0.9421367049217224
4052,3966,lime,0.5102305877208709,0.0763969874382019,0.9899585843086243
4053,365,lime,0.5016208713830903,0.018770394630210345,0.998174786567688
4054,4053,lime,0.1754415642756682,0.06374736359486213,0.9990399479866028
4055,2066,lime,0.370177959633428,0.03776514426220295,0.9994871616363525
4056,1852,lime,0.37005039888459285,0.04743068927043193,0.9941151142120361
4057,2703,lime,0.6839084727004828,0.043589799719698286,0.9895234704017639
4058,487,lime,0.5311396204999514,0.06869660019874572,0.9830442070960999
4059,4055,lime,0.059169696643948555,0.04989505931735039,0.9994490742683411
4060,4475,lime,0.415478474388902,0.062445414754060596,0.9919978976249695
4061,3348,lime,0.4447163147851825,0.03241990009943644,0.9958131909370422
4062,351,lime,0.657565185113957,0.08319129441913806,0.9872593283653259
4063,2509,lime,0.4304645763289544,0.05269650970735858,0.999016284942627
4064,4030,lime,0.5862133979680948,0.0688632782548666,0.9968666434288025
4065,1650,lime,0.15225361125624698,0.035977712467960686,0.999357283115387
4066,2653,lime,0.05801480558683288,0.05590938593981401,0.999255359172821
4067,4285,lime,0.48054260294884443,0.050461957696825266,0.9913411736488342
4068,1468,lime,0.596330058760941,0.07932804152369499,0.9902837872505188
4069,2998,lime,0.1797744058072567,0.05534206107258797,0.9990971088409424
4070,1270,lime,0.6490475891623646,0.07048699026927352,0.9700825214385986
4071,297,lime,0.24104602883259454,0.12947436049580574,0.9916892051696777
4072,2019,lime,0.2056184016444065,0.03075655577359376,0.9993290901184082
4073,629,lime,0.45797506503520474,0.027076748109632922,0.9969925880432129
4074,1944,lime,0.3161309166323571,0.040808836973848794,0.998633086681366
4075,953,lime,0.2786246451892351,0.026512633028783296,0.9991455078125
4076,466,lime,0.48762682266533375,0.05634252820163965,0.9924671053886414
4077,2200,lime,-0.23274006467798483,0.14838532180241917,0.4452812671661377
4078,728,lime,0.4903218566694043,0.035800843414935196,0.9994852542877197
4079,3376,lime,0.22352817367043412,0.04194559156894684,0.9961434602737427
4080,4549,lime,0.3338720971761748,0.04561185005099275,0.9670119285583496
4081,72,lime,-0.21376832406367025,0.06882874835883418,0.46043118834495544
4082,4,lime,0.18605849527298135,0.061754896919778056,0.9973944425582886
4083,1098,lime,0.3235473721413999,0.055976604287688796,0.9942672848701477
4084,2726,lime,0.16402853906154632,0.02395168602466583,0.999093770980835
4085,2921,lime,0.15236095800286248,0.037602560505980535,0.9979820251464844
4086,2531,lime,0.14613416143085645,0.0415643392049748,0.9994220733642578
4087,2614,lime,0.07647494851581511,0.03906285330172508,0.9993896484375
4088,2434,lime,0.4977879896759987,0.10143699162992938,0.8255192637443542
4089,3111,lime,0.12898711616895636,0.0669320554149394,0.9797075986862183
4090,3615,lime,0.21599183026431262,0.047736140912857605,0.9640594124794006
4091,3063,lime,0.504891112446785,0.05691759195178747,0.9986141920089722
4092,1385,lime,0.5373291176226404,0.06943956944677565,0.9949799180030823
4093,128,lime,0.4641362699942711,0.006102613913707244,0.8470497131347656
4094,1030,lime,0.2503278511762619,0.05608327627182007,0.9899411797523499
4095,16,lime,0.3945167513688405,0.03268847544987996,0.9863909482955933
4096,670,lime,0.4522551957404975,0.07294413357069998,0.9812442660331726
4097,3743,lime,0.17669790220815082,0.016373495029848674,0.9994787573814392
4098,2202,lime,0.09964963308600493,0.02682119746540868,0.9909063577651978
4099,1615,lime,0.32369606808210033,0.07298567852912805,0.9959613680839539
4100,1558,lime,0.0908543484715315,0.09282545659404534,0.9992675185203552
4101,3953,lime,0.21716723331185275,-0.030166218793669413,0.37901660799980164
4102,304,lime,0.41198122079538946,0.01999938020519182,0.9992388486862183
4103,4004,lime,0.283471747056434,0.043754136091784426,0.9994511008262634
4104,4547,lime,0.6863489345928957,0.03993481051090152,0.9904848337173462
4105,1247,lime,0.5898341648839414,0.07521332919597626,0.9959080219268799
4106,3136,lime,0.2861882183286879,0.060917533106274076,0.9977060556411743
4107,1220,lime,0.04525786115412127,0.03173105549394039,0.9980212450027466
4108,3261,lime,0.8155559749652942,0.04811232652929094,0.9863646030426025
4109,1611,lime,0.3047744333744049,0.005348531099466177,0.9235408902168274
4110,1181,lime,0.28047145869996815,0.018474472893608943,0.9992200136184692
4111,2797,lime,-0.014994464030391291,-0.07585108593890541,0.17203807830810547
4112,610,lime,0.7355968675053701,0.0331230301682542,0.9989365935325623
4113,3751,lime,0.17703441056338223,-0.0356688458811153,0.791394829750061
4114,2248,lime,0.5002408367701066,0.02918216509696765,0.9987683892250061
4115,99,lime,0.6602897520520186,0.04968374104876267,0.9980423450469971
4116,3781,lime,0.10166967424907182,0.03179572444213064,0.9994951486587524
4117,225,lime,0.8124666992465363,0.05711410983520396,0.9991347193717957
4118,2103,lime,0.44571375681294334,0.03788477430740992,0.9904856085777283
4119,2836,lime,0.40900499028403586,0.06607085357352001,0.9911707639694214
4120,2924,lime,0.09300157246066303,0.12929504528278257,0.9982529282569885
4121,2859,lime,0.16049321127288482,-0.17518811935887618,0.44702982902526855
4122,2782,lime,0.6940914661360856,0.02602494068634816,0.9973209500312805
4123,515,lime,0.5163164267668853,0.06785549102602778,0.9992256164550781
4124,1951,lime,0.4861561948290238,0.04495377723987286,0.9638931751251221
4125,3869,lime,0.23427268730269538,0.09712258974711101,0.9699894189834595
4126,2263,lime,0.6873915671286258,0.052501697431911125,0.991732120513916
4127,4006,lime,0.32855473831295967,0.06485047563910484,0.9365668296813965
4128,4522,lime,0.4956926281253497,0.037277862429618835,0.9287102818489075
4129,2137,lime,0.15753721197446188,0.04994443916913235,0.9989307522773743
4130,3673,lime,0.7153389271840734,0.029117049473636556,0.9934455156326294
4131,1707,lime,0.02334914369774716,-0.2661172960485731,0.2515707015991211
4132,314,lime,0.3352714717796404,0.03364154778114737,0.9993185997009277
4133,1924,lime,0.5420437060572483,-0.05688184278982657,0.7368393540382385
4134,2247,lime,0.40916597062633153,0.04780472282852445,0.9445804357528687
4135,3901,lime,0.5103148973958437,0.03821094923241194,0.9865525364875793
4136,1847,lime,0.6989344123638037,0.053110609903480065,0.99727863073349
4137,1725,lime,0.3695330531933369,0.08852897928311275,0.999278724193573
4138,3547,lime,-0.24207587223950652,-0.04040783434174955,0.0022909927647560835
4139,4558,lime,0.2452102820078532,0.047236958477232194,0.9979118704795837
4140,3403,lime,0.6068470535126138,0.06930160807802323,0.9844356179237366
4141,3007,lime,0.45925158485770223,-0.03774749311533841,0.9092604517936707
4142,2961,lime,0.6588067032862455,0.07731436705216765,0.9357489943504333
4143,3591,lime,0.48843958623269024,0.04523426469634561,0.9976986050605774
4144,571,lime,0.4619606129825115,0.03330940529704094,0.9918489456176758
4145,4041,lime,0.4276954371068213,0.040836469994650945,0.9645596146583557
4146,2629,lime,0.3343994351369994,0.053188747593334744,0.9967537522315979
4147,3121,lime,0.46962320736863394,0.033601205457340584,0.9962735176086426
4148,2701,lime,0.19791111557982688,0.05030914517336114,0.9926167130470276
4149,3101,lime,0.7233149514844021,0.10258852442105611,0.9948674440383911
4150,1863,lime,0.547886652762399,0.05352230063256096,0.99782794713974
4151,2908,lime,0.20683587082596713,0.06939418613910675,0.9994472861289978
4152,4456,lime,0.2959990606389262,0.11707004058090123,0.8976505398750305
4153,3230,lime,0.4578750248138721,-0.036644724412606314,0.7923704385757446
4154,2399,lime,0.6154821483712447,0.11280733974356401,0.9342092871665955
4155,3447,lime,0.08089632578194142,0.04608893096446991,0.9995092153549194
4156,1522,lime,0.18057444149797613,0.02408556414372993,0.9994648098945618
4157,3295,lime,0.41322630271315575,0.00884111449122429,0.8942312598228455
4158,495,lime,0.6569173139961142,0.12369725304214578,0.8177621960639954
4159,317,lime,0.3982201685320656,0.040387368989440633,0.999187171459198
4160,4319,lime,0.41065375208854676,0.03966604918241501,0.9990465044975281
4161,2583,lime,0.4750059945715798,0.039266827371385364,0.9599522352218628
4162,4536,lime,0.5270010481278101,0.16871791746881273,0.9808602333068848
4163,551,lime,0.466768353610583,0.036608300131300224,0.9939906597137451
4164,950,lime,0.11979901148327465,0.02550848907437818,0.9993846416473389
4165,2681,lime,0.7517007710160436,0.04182785145334295,0.9989701509475708
4166,1720,lime,0.4301507334140214,0.039201616563580254,0.9986968636512756
4167,3845,lime,0.28337696287781,0.21602377614472063,0.999030351638794
4168,1653,lime,0.361375729739666,0.035784222185611725,0.994971752166748
4169,1475,lime,0.8370622085311856,0.057691106047385775,0.9835436940193176
4170,826,lime,0.2726002614412989,0.061834989275251113,0.9929458498954773
4171,2235,lime,0.2539161993907048,0.03169571321744185,0.9994392991065979
4172,1061,lime,0.6877327841706574,0.04894813895225525,0.9965953230857849
4173,2353,lime,0.2857955662058849,0.06941705474666521,0.9992517828941345
4174,2771,lime,0.08029138532124068,0.04778261600356353,0.9995061159133911
4175,3467,lime,0.23081394546740763,0.09676283275758898,0.9807337522506714
4176,1672,lime,0.2398910357339962,0.04715608946374945,0.9995594620704651
4177,4093,lime,0.467792903052436,0.029242976506551107,0.9967077970504761
4178,2772,lime,0.5734440431309243,0.16236453658590713,0.9860475063323975
4179,1352,lime,0.3802982088592317,0.0959637856317891,0.9941739439964294
4180,1168,lime,0.2794577387246219,0.05960217876867815,0.9994186162948608
4181,1928,lime,0.4144311785697937,0.06595303250683679,0.9919043183326721
4182,2714,lime,0.5119262906908989,0.04172442227602005,0.8787665367126465
4183,3211,lime,0.6230013115401921,0.05355583165967187,0.9969128370285034
4184,4227,lime,0.21272762459621095,0.06243024374309339,0.9984350800514221
4185,2379,lime,0.45051111467182636,0.07952154874801635,0.9983804225921631
4186,3649,lime,0.8051019084432887,0.201006214817365,0.9394604563713074
4187,3624,lime,0.47733258346958857,0.06429205398734023,0.9995593428611755
4188,3790,lime,0.23669372372170713,0.08171198120776643,0.9988049268722534
4189,1898,lime,0.556701330556756,0.0443311489763714,0.998936116695404
4190,1664,lime,0.5743360844881911,0.14204907966287514,0.9910966157913208
4191,3412,lime,0.170561852890092,0.057647173469131056,0.9994736313819885
4192,4179,lime,0.21844959855079651,0.0846383253733317,0.9841135144233704
4193,32,lime,0.580110299687546,0.08335904433177067,0.9159712791442871
4194,1218,lime,0.0791328416225758,0.04312591318120348,0.9995166063308716
4195,2565,lime,0.1267841936185442,0.034965809820027186,0.9993822574615479
4196,2385,lime,0.7499089768528938,0.026450305581092834,0.9984819293022156
4197,2592,lime,0.4530388295650482,0.08894258056368147,0.7863647937774658
4198,3443,lime,0.21798413588354984,0.024426530425747234,0.9974483251571655
4199,3365,lime,0.12069021126157359,0.04406871332934028,0.9992196559906006
4200,338,lime,0.7310032217126143,0.058894327596614233,0.9702622294425964
4201,1346,lime,0.5212344494130876,0.1875895725356208,0.9144437909126282
4202,4523,lime,0.36160824282301796,-0.01731500443485048,0.9180521368980408
4203,4054,lime,0.45512756775572616,-0.12581221956127095,0.6432211995124817
4204,1577,lime,0.23844001267818696,0.06362643584291985,0.9983749389648438
4205,1123,lime,0.3623608506696169,0.04034275717513506,0.997806966304779
4206,3777,lime,-0.3026946293971231,0.013228947311759956,0.03533075749874115
4207,752,lime,0.12286832183599472,0.08017702627441158,0.9992679953575134
4208,681,lime,0.7366818691688505,0.0744866630570455,0.9917995929718018
4209,4433,lime,0.4773241024660437,0.14766266785169901,0.9969304203987122
4210,1904,lime,0.7236402822264398,0.003973014652729034,0.8253421187400818
4211,2342,lime,0.5641291077647891,0.0653856129062419,0.998218834400177
4212,2364,lime,0.12084074521606619,0.05868400396271185,0.9994663596153259
4213,778,lime,0.22081709413205164,-0.0031660381010023214,0.9361146092414856
4214,3001,lime,0.7001527693461288,0.10425378619269891,0.9884476065635681
4215,3200,lime,0.3480764070623799,0.03853203826829007,0.9977902173995972
4216,3921,lime,0.3632715475868504,0.059535726061407127,0.9962112903594971
4217,3545,lime,0.32345278122845816,0.04976575514849495,0.9760608077049255
4218,542,lime,0.3198988216263907,0.06713904184954507,0.9987058639526367
4219,2272,lime,0.642067532075776,0.05066646767987145,0.9897513389587402
4220,391,lime,0.5680617762631491,0.04398602299522935,0.9806801080703735
4221,1979,lime,0.4072595351934433,0.02943619728088379,0.9497057199478149
4222,1150,lime,0.7590618256945163,0.06363611947745085,0.9237070679664612
4223,149,lime,0.13255116045475007,0.08905658168452127,0.9986693859100342
4224,2570,lime,0.6076531856271782,0.13316356508355393,0.9868229627609253
4225,927,lime,0.49932197641049114,0.08692718882645879,0.9929592609405518
4226,4017,lime,0.5385854320995735,0.04278309688423619,0.9989086389541626
4227,1398,lime,0.6033241351445516,0.1834642086543289,0.9888457655906677
4228,3635,lime,0.2339715592208363,0.023429596707934423,0.9991046786308289
4229,505,lime,0.4218475669622421,0.08261452807534125,0.9986055493354797
4230,3423,lime,0.6487883604907742,0.19910540794714904,0.7715491056442261
4231,3247,lime,0.20165959435204664,0.3151803750855227,0.9958134293556213
4232,1895,lime,0.08767523947689268,0.030961540010240342,0.9992928504943848
4233,2286,lime,0.193756160565785,0.03828787973948888,0.9972063899040222
4234,4232,lime,0.33716923784878516,0.03657431900501251,0.9928299784660339
4235,2595,lime,0.4795266482979059,0.08009360606471698,0.9987068176269531
4236,1770,lime,0.3852497637271881,0.07364414048355979,0.9991127848625183
4237,1267,lime,0.17503150575088733,0.058906363718437424,0.9937105178833008
4238,3124,lime,0.7664992403182568,0.031256756096175224,0.9518105387687683
4239,2125,lime,0.1895841821318581,0.025193209449450176,0.9988439083099365
4240,1659,lime,0.09997116401791573,0.05087560415267944,0.9825353622436523
4241,2909,lime,0.3484358564019203,0.0718580961227417,0.9896961450576782
4242,1765,lime,0.3065064928183953,0.05859530158340931,0.9915174841880798
4243,1560,lime,-0.1514993630805794,-0.13839308400543368,0.42819473147392273
4244,2967,lime,0.17680486498607528,0.03366248682141304,0.997596800327301
4245,1416,lime,0.10932064407012042,0.03346957353984609,0.9992648959159851
4246,1630,lime,0.22662766064916337,0.03363690291132246,0.994085431098938
4247,449,lime,0.13109111924504124,0.041373278512511144,0.9985476136207581
4248,152,lime,0.5209281721661957,-0.09903767536271293,0.6268501281738281
4249,211,lime,0.4580326488330251,0.04369735221068064,0.9976720213890076
4250,2032,lime,0.5455250070829477,0.021561774292162487,0.9610276818275452
4251,902,lime,0.23425802512046617,0.03013734710522187,0.9993207454681396
4252,3436,lime,0.19287460152782612,0.02938276573793212,0.9847512245178223
4253,3198,lime,0.6284662482142448,0.045105548799037935,0.9946434497833252
4254,57,lime,0.38748604441300416,0.028329625343665097,0.9932764768600464
4255,3164,lime,0.18752877940149867,0.08357614337229262,0.9993665814399719
4256,4303,lime,0.2672371805043014,0.25887171659578984,0.3865921199321747
4257,1927,lime,0.48674384338988197,0.08813017192814085,0.989018440246582
4258,3206,lime,0.45692212879657745,0.05741810516731159,0.9988553524017334
4259,3388,lime,0.6884347398511388,0.1084220978346738,0.9899905920028687
4260,816,lime,0.7110350583679974,0.04535637764881054,0.9994173049926758
4261,3284,lime,0.3355307347680393,0.058791553503588626,0.998814582824707
4262,2765,lime,0.0997967914893077,0.016781185682003315,0.5901681780815125
4263,3970,lime,0.35341930036482055,0.04441602018318678,0.9991254210472107
4264,885,lime,0.41885359476913103,0.050954119996591045,0.9972060322761536
4265,249,lime,0.7069462826175075,0.13115908109372662,0.9932523369789124
4266,2203,lime,0.3079447140719028,0.03238324186903365,0.9943013191223145
4267,3115,lime,0.2192518354915991,0.043336429610484985,0.999232292175293
4268,2341,lime,0.08787463951942533,0.027423363092333772,0.9994705319404602
4269,4132,lime,0.4748262768646456,0.15944247102400042,0.7690308690071106
4270,1781,lime,0.14709633433570465,0.026261599734425545,0.9977916479110718
4271,4488,lime,0.18435634672641754,0.04375474738038104,0.9995443224906921
4272,44,lime,0.31554125784299314,0.08675527878296681,0.9981480836868286
4273,2390,lime,0.304030563061436,0.03385894248882929,0.9991089701652527
4274,286,lime,0.31819069622592494,0.04516315392472527,0.9643418192863464
4275,1094,lime,0.40433657450496024,-0.011776542326189438,0.815365731716156
4276,1962,lime,0.188532410883436,0.16191282636467733,0.9978436231613159
4277,4530,lime,0.5131645696919139,0.049476779088741395,0.9974662065505981
4278,202,lime,0.20903607070446015,0.06137545019388199,0.9960434436798096
4279,237,lime,0.4223547513070314,0.05630934724341268,0.9975428581237793
4280,2519,lime,0.5503473848831363,0.025834404113816052,0.9916484355926514
4281,3870,lime,0.3677988128334868,0.032658892519333786,0.9730283617973328
4282,1108,lime,-0.14459400880150497,-0.043988747134183846,0.0036458508111536503
4283,2449,lime,0.5823605218354393,0.0536122466711437,0.995836615562439
4284,2525,lime,0.306224128281748,0.029317836503724794,0.9991913437843323
4285,357,lime,0.23646985901438672,0.046579968670140144,0.9849495887756348
4286,736,lime,0.510379425684611,0.05885004351536433,0.9983686804771423
4287,3918,lime,0.19347944781184195,0.051011831313371656,0.9989615678787231
4288,3848,lime,0.14976471501427727,0.06593309866415488,0.9983273148536682
4289,1953,lime,0.5396726493324552,0.0637636197996991,0.9612942934036255
4290,1131,lime,0.5925157169500986,0.13219591147369808,0.7940917611122131
4291,261,lime,0.13689984546767342,0.0461408335853506,0.9992940425872803
4292,3113,lime,0.7134777736663819,0.09363020360469818,0.970764696598053
4293,379,lime,0.19108910319652964,0.026419295275464973,0.9993364214897156
4294,4263,lime,0.1631040680102813,0.04887941708931556,0.9988070726394653
4295,1521,lime,0.13902992175685036,0.022616184420055814,0.9981088638305664
4296,1006,lime,0.28799655651434874,0.024416326330258295,0.9991581439971924
4297,2099,lime,0.6771600399075485,0.07240361556774233,0.9899472594261169
4298,4293,lime,0.26135453752108984,0.07820211265768323,0.9991214871406555
4299,436,lime,0.34873737022280693,0.05253608123614238,0.998141884803772
4300,368,lime,0.2761747727791468,0.03975852032502492,0.9935798645019531
4301,3335,lime,0.7129559949971735,0.1034420388750732,0.973648190498352
4302,3450,lime,0.29887691348098044,0.04943645624227302,0.9894094467163086
4303,939,lime,0.4749952481015698,0.044964226720097304,0.998868465423584
4304,3596,lime,0.09159525277766775,0.031616536860770365,0.9944566488265991
4305,4027,lime,0.10160341393202543,0.08036515675485134,0.9994283318519592
4306,4056,lime,0.12154015401999156,0.06706558115649641,0.9989823698997498
4307,3946,lime,0.41451110337909897,0.06556564098910282,0.9952074885368347
4308,1429,lime,0.6859803594744358,0.09069114923477173,0.8791371583938599
4309,3847,lime,0.6954375430941582,0.08435082403903311,0.9632099270820618
4310,1195,lime,0.19755585780066828,0.015561632571681853,0.8619402647018433
4311,1003,lime,0.7321417636390942,0.13972038075105467,0.992969810962677
4312,1465,lime,0.39124273922708297,0.08637544744544559,0.9981902241706848
4313,2308,lime,0.9574873120189633,0.14114497012870256,0.9977642297744751
4314,250,lime,0.5578143407694167,-0.02468755537023147,0.6969126462936401
4315,1579,lime,0.21916859687828436,0.03041921301585872,0.9905306696891785
4316,3954,lime,0.3685805163411207,0.03840226073597753,0.9991521835327148
4317,1105,lime,0.22465862532456715,0.04987992544968923,0.9864060282707214
4318,3569,lime,0.6437165027333273,0.08605651678265752,0.9641889929771423
4319,3943,lime,0.3900738259156545,0.035161955998494074,0.9397312998771667
4320,1610,lime,0.3180237343398536,0.0823124745270101,0.998532772064209
4321,3003,lime,0.1117537851041218,0.08479955314465289,0.9991557598114014
4322,2100,lime,0.5478687157685106,0.02897830533258843,0.9993533492088318
4323,403,lime,0.5602340916679664,0.03570305488326333,0.986555814743042
4324,2746,lime,0.6254706292453668,0.01416755629622418,0.934796929359436
4325,4535,lime,0.1419689877236143,0.08580378236922812,0.997681736946106
4326,1022,lime,0.4224214486312121,0.09248953452333808,0.9967067837715149
4327,1764,lime,0.5881837212170163,0.04711860708064503,0.9904029369354248
4328,2231,lime,0.4276087556499988,0.03551113419234753,0.9988033771514893
4329,3830,lime,0.2585402823286131,0.03316050991415977,0.9991507530212402
4330,3357,lime,0.17694547808751826,0.04847378192878351,0.9989792704582214
4331,1154,lime,0.3925675387893404,0.08289172243149508,0.9977420568466187
4332,4461,lime,0.5718119278246042,0.02158716290580983,0.9993699193000793
4333,4356,lime,0.274264888070962,0.027594073072952384,0.9749600291252136
4334,1788,lime,0.5418282126893803,0.002837633600040358,0.7988119125366211
4335,813,lime,0.6032720314752724,0.06587109135256873,0.965772807598114
4336,344,lime,0.31201333469814724,0.061587325400776334,0.994411051273346
4337,1353,lime,0.4215728913474342,0.04566610442555469,0.9664875268936157
4338,3951,lime,0.33380841326956845,0.049803673004617494,0.9993706345558167
4339,2427,lime,0.42915450710625874,0.048491919679301124,0.9975643157958984
4340,3287,lime,0.3493634702430831,0.07068324006266063,0.9502406716346741
4341,1226,lime,0.2124806969631009,0.06173351479739678,0.9986475110054016
4342,1678,lime,0.28117441214047945,0.06226805998728825,0.991341769695282
4343,2941,lime,0.6095848297927438,0.04332017208017954,0.9983413219451904
4344,1740,lime,0.2227679458333225,0.07342739730346494,0.9993639588356018
4345,168,lime,0.7501159353689714,0.11694301908666438,0.9438225626945496
4346,4577,lime,0.7150531216501826,0.07112128451103117,0.9915236234664917
4347,1363,lime,0.5943105675280094,0.061437624196211495,0.99774569272995
4348,853,lime,0.260793719291687,0.03255607724189758,0.9994274377822876
4349,387,lime,0.23738648260340972,0.08552996259109646,0.9979690909385681
4350,3356,lime,0.5253044636476607,0.05877760478428432,0.9928568601608276
4351,3746,lime,0.5582475463549296,0.04207719004515446,0.9983327984809875
4352,3411,lime,0.1259910321006408,0.060689801206955545,0.9995294809341431
4353,880,lime,0.7751224718328255,0.09617627660433452,0.9876089096069336
4354,3464,lime,0.8089322273541862,0.07153289609899123,0.9958645105361938
4355,1034,lime,0.21410291393597922,0.0339887390534083,0.9986048340797424
4356,3564,lime,0.301591006192294,0.07958944873376327,0.998264729976654
4357,84,lime,0.16165068745613098,0.02076891538771716,0.9993313550949097
4358,3903,lime,0.4968753991027673,0.047942006753550634,0.9940381050109863
4359,1772,lime,0.5269573902090391,0.023360590553945966,0.892763078212738
4360,42,lime,0.6118260059844364,0.10258295996622606,0.9616796970367432
4361,4097,lime,0.3915751420933267,0.05138178688028584,0.9007664322853088
4362,2943,lime,0.4842890311892216,0.038237218673412614,0.9992274045944214
4363,4262,lime,0.19256586417919253,0.09849932735286109,0.9909334182739258
4364,3099,lime,-0.07363799770010283,-0.08528044089876316,0.006214184686541557
4365,3982,lime,0.4286086762576927,0.16958143865620648,0.6208940744400024
4366,3797,lime,0.12200368574408234,-0.13740933918562093,0.3251017928123474
4367,1730,lime,0.5265192521566694,0.028744871643456547,0.9543066024780273
4368,2616,lime,0.5780380552536563,0.10970978321213472,0.9945579767227173
4369,476,lime,0.4196616716973193,0.09448467794950906,0.9988596439361572
4370,1489,lime,0.19441600198095496,0.01956526149402965,0.9966388940811157
4371,2295,lime,0.5477975952189144,0.035390663437727024,0.9955814480781555
4372,468,lime,0.504662003989021,0.059910728285710015,0.9972794651985168
4373,3608,lime,0.3247997835278511,0.04685752635652369,0.9065811634063721
4374,4098,lime,0.24688576270894305,0.060598784467069115,0.986187219619751
4375,1874,lime,0.5865792250704198,0.0208833756900969,0.9993380904197693
4376,290,lime,0.42997236035086894,0.047429207238284025,0.9960606694221497
4377,383,lime,0.29096841697509473,0.06686514931229445,0.9991720914840698
4378,3175,lime,0.7013454200234264,0.15458830930292605,0.9857865571975708
4379,4501,lime,-0.017109285911609387,-0.2465555485466431,0.12315056473016739
4380,3622,lime,0.22735660518741324,0.04890947398685273,0.403207391500473
4381,2034,lime,0.07708136034461688,0.044193574280109046,0.9993428587913513
4382,363,lime,0.47195022079077636,0.07475326548923146,0.9916552305221558
4383,3374,lime,0.2632359353935017,0.03965113794102388,0.9985848665237427
4384,1640,lime,0.32670465700848156,0.06782537698745728,0.9966698288917542
4385,1448,lime,0.21165204228776874,0.03560189315766999,0.9965840578079224
4386,957,lime,0.5433560130000115,0.04506230473518372,0.996331512928009
4387,4028,lime,0.6791553653373912,0.059717276611843624,0.9583606123924255
4388,3583,lime,0.5618434138841143,0.04025260319835261,0.9989262223243713
4389,3657,lime,0.610874844789505,0.08676843285560608,0.9940369129180908
4390,4436,lime,0.5961616423394945,0.07108067472775777,0.9842575788497925
4391,3203,lime,0.43117319969903856,-0.05030564112322671,0.6920673847198486
4392,3487,lime,0.25898635733959285,0.07315866060035173,0.9533994197845459
4393,4109,lime,0.5087734621816448,0.09731984457799367,0.6673213243484497
4394,197,lime,0.2546184117696723,0.034933121836915305,0.998417854309082
4395,3854,lime,0.10753369047528222,0.02718030625865573,0.9992596507072449
4396,2128,lime,0.24188390374183655,0.02904427973997025,0.9992577433586121
4397,2884,lime,0.13126281634265302,0.03622605724661958,0.9994655251502991
4398,213,lime,0.8034555902134399,0.03188921663225913,0.986492931842804
4399,2214,lime,-0.047713770398970796,-0.027098081814049668,0.001623338321223855
4400,3161,lime,0.14442221565944394,0.08786717093572384,0.9994334578514099
4401,907,lime,0.5666860651005717,0.03997001519390181,0.9981001019477844
4402,2498,lime,0.46931544654071333,0.017084704339504243,0.998960018157959
4403,2197,lime,0.133109465527993,0.0481202734204439,0.9983829259872437
4404,1493,lime,0.5753711865228766,0.08246117216699264,0.9405252933502197
4405,176,lime,0.453685189144952,0.03652253406388419,0.9933602213859558
4406,3451,lime,0.3808328333226117,0.05482040752064098,0.9989234805107117
4407,2551,lime,0.5271346329578331,0.06731439701148442,0.9902015328407288
4408,1829,lime,0.15702118602665988,0.05645312748172066,0.9994402527809143
4409,4525,lime,0.24275515000430906,0.05858986018871774,0.9970123767852783
4410,47,lime,0.17396135657441383,0.020626304196376427,0.999426007270813
4411,2650,lime,0.14205232901232584,0.046157001171793256,0.9995126724243164
4412,139,lime,0.42162360572679475,0.10034623132510619,0.9588784575462341
4413,2922,lime,0.11675096750259399,0.025307980450716885,0.9993489384651184
4414,3642,lime,0.3436932124197483,0.03425511196255684,0.9988958835601807
4415,3719,lime,0.5683779835700988,0.05854367944929335,0.9944077730178833
4416,3053,lime,0.5343656502664089,0.04726258754730225,0.8891727924346924
4417,1889,lime,0.43814208064424365,0.060386867899643745,0.9610589742660522
4418,1470,lime,0.45615045726299286,0.07194352934235021,0.9985764026641846
4419,4096,lime,0.4299906605120861,0.0705674308719057,0.989296019077301
4420,2293,lime,0.1687587081659131,0.03902717843288329,0.9994111061096191
4421,251,lime,0.6703409001231193,0.018608688314755758,0.974237859249115
4422,4358,lime,0.3932419874421928,0.04656614460374998,0.9950791597366333
4423,2791,lime,0.11489173645774524,0.05927578421930472,0.9987816214561462
4424,3028,lime,0.07830734584066602,0.02267236246003045,0.9987490177154541
4425,215,lime,0.7139636381002872,0.05485448824322742,0.9987908005714417
4426,2298,lime,0.20006508566439152,0.08866041824221611,0.9964422583580017
4427,1533,lime,0.3294789597392082,-0.16828717589378356,0.6086938381195068
4428,2852,lime,0.219136294237403,0.029976076857988223,0.9918903112411499
4429,933,lime,0.24730979473817916,0.0339554970463117,0.9992483258247375
4430,2679,lime,0.4872600808739662,0.06689581573009491,0.9879344701766968
4431,3072,lime,0.1682112713654836,0.025962676852941513,0.9992577433586121
4432,1681,lime,0.5207364481497319,0.02786072644781559,0.9828292727470398
4433,914,lime,0.2466768084033843,0.027740629449967417,0.999286949634552
4434,2306,lime,0.11066818064035372,0.045271975356479026,0.9987727999687195
4435,3841,lime,0.34009066773088353,0.050140286746777986,0.9986420273780823
4436,3570,lime,0.6138146261148381,0.06161661491249547,0.9980530738830566
4437,2211,lime,0.7066434933380648,0.035998393188823356,0.9349544048309326
4438,2857,lime,0.04758517902631026,-0.20704502010574707,0.21262961626052856
4439,1766,lime,0.27863941589991253,0.019385690490404766,0.9990941286087036
4440,498,lime,-0.13491617719973287,-0.08055815677489003,0.05736610293388367
4441,2230,lime,0.14971434511244297,0.054168756740788616,0.9966093301773071
4442,884,lime,0.44162690958806444,-0.004008828174500238,0.6775282621383667
4443,3275,lime,0.38237215344812353,0.07947938757784226,0.9664580821990967
4444,1991,lime,0.527979639172554,0.06075320442517598,0.9986211061477661
4445,3426,lime,-0.23609884479945456,-0.04792782546590186,0.0023448080755770206
4446,566,lime,0.3225570449957976,0.028465795355874138,0.9992467164993286
4447,3457,lime,0.5750578741232554,0.029463601333123667,0.998980700969696
4448,2792,lime,0.3009744026444175,0.02399294376373291,0.9960203766822815
4449,4095,lime,0.40458213122418296,0.058047695515247494,0.99498051404953
4450,2257,lime,0.48916164550342056,0.06670591313587992,0.9961966276168823
4451,4129,lime,0.33275004263435093,0.06387905308178493,0.6013912558555603
4452,1606,lime,0.40015745858351387,0.11282070055603981,0.996669352054596
4453,439,lime,0.38448188288344276,0.04422277439799574,0.9968563318252563
4454,2737,lime,0.8513127983023878,0.04487869963049888,0.9930230379104614
4455,2008,lime,0.3127091339854307,0.024137295955835386,0.980529248714447
4456,3731,lime,0.6946074120376421,0.10317507515782895,0.9366511106491089
4457,3519,lime,0.5118230077180457,0.040684049433850226,0.9982911944389343
4458,2678,lime,0.4961899637001688,0.07729723401691603,0.9567103981971741
4459,4561,lime,0.3609051217635473,0.08389085282882054,0.9962685108184814
4460,3617,lime,0.17883739721130681,-0.25403553650185867,0.29665276408195496
4461,1998,lime,-0.04752632947356412,-0.1232148323095206,0.0412522628903389
4462,1121,lime,0.695062446323308,0.1900861832228574,0.9835547804832458
4463,2601,lime,0.1544342582876032,0.05495166914029555,0.9989109039306641
4464,1261,lime,0.18075414575063264,0.04101924025095426,0.9994351267814636
4465,2275,lime,0.2515951581299305,0.0349667489528656,0.9245105981826782
4466,2611,lime,0.21919592693448067,0.034721570834517476,0.9992610812187195
4467,844,lime,0.6697918921709061,0.09682426673750724,0.9531400799751282
4468,4265,lime,0.6606825441122055,0.10595702541911084,0.9553266763687134
4469,27,lime,0.03512738031499526,0.027924159578248568,0.9992986917495728
4470,229,lime,0.5708402610942721,0.031649442911148074,0.9817320704460144
4471,862,lime,0.05153919688679955,0.031731602143157615,0.9989375472068787
4472,3155,lime,0.3947328453262647,0.033058912182847656,0.9988868832588196
4473,4039,lime,0.7339010035991669,0.03641197144985199,0.9874572157859802
4474,183,lime,0.5899601853029295,0.02826311777938496,0.8408257365226746
4475,2360,lime,0.47254878474820045,0.08458011717565599,0.9968122839927673
4476,2348,lime,0.3768519183451479,0.3054845549843528,0.8021566271781921
4477,238,lime,0.11184575521584714,0.05374483899636702,0.9872130751609802
4478,3180,lime,0.08637008715320278,0.03635628561715822,0.9992392063140869
4479,2581,lime,0.7247487756955836,0.06191779460225787,0.9943011999130249
4480,1567,lime,0.33814863058236927,0.07242694583076698,0.998291552066803
4481,2925,lime,0.11712674268831809,0.05132758058607578,0.9994780421257019
4482,523,lime,0.44772103343691144,0.06550891739981515,0.9963511228561401
4483,1035,lime,0.3361407566714931,0.0321695047455865,0.9714162945747375
4484,2402,lime,0.23143959958707133,0.05703383876431373,0.9966562986373901
4485,2312,lime,0.3742418210539553,0.06522357794973585,0.9954087138175964
4486,1225,lime,0.5279095900058747,0.02996036171913147,0.999314546585083
4487,2069,lime,0.211126188819225,0.08044950014505631,0.9992940425872803
4488,423,lime,0.227227077081606,0.03628011376826794,0.999146580696106
4489,4427,lime,0.18827605953342036,0.03380672947356576,0.9972666501998901
4490,1174,lime,0.15954878817244275,0.027984714362679457,0.9946218729019165
4491,1490,lime,0.35626821197343594,0.05382359840653159,0.9994750618934631
4492,2020,lime,0.7285946753638034,0.05585766990076412,0.9884366989135742
4493,1837,lime,-0.09757606966085121,-0.15589001237368974,0.19283337891101837
4494,3730,lime,0.6014300308576445,0.0899384436084003,0.9857283234596252
4495,1586,lime,0.1457981657474599,0.045295054608202996,0.9994356036186218
4496,3595,lime,0.10504801022379022,0.024185751613817717,0.9992507100105286
4497,2622,lime,0.10600300751081328,0.017027782230842406,0.9990929365158081
4498,2173,lime,0.21035257937052312,0.07723585267861684,0.9975391626358032
4499,2153,lime,0.15899314208233611,0.034187920867128574,0.9989340901374817
4500,1139,lime,0.4566364685694377,0.07926379357065473,0.99576735496521
4501,4101,lime,0.4535323561302253,0.05917286958013262,0.9974703788757324
4502,4005,lime,0.25606059696939254,0.27782995998859406,0.920300304889679
4503,1530,lime,0.12884513852072926,0.0399575131695445,0.9989368319511414
4504,4259,lime,0.6042986500605538,0.04315394485318983,0.9868696331977844
4505,2175,lime,0.3372872807878129,0.031262328967135,0.998029887676239
4506,1016,lime,0.2632050196970663,0.06301053445185384,0.9987121820449829
4507,1575,lime,0.2937359844937044,0.03897365986132154,0.988329291343689
4508,1333,lime,0.7010132496414537,0.08119441094723615,0.997680127620697
4509,1380,lime,0.4159225277941335,0.05957098711620678,0.9898627996444702
4510,1428,lime,0.4238778151133481,0.0602854683118708,0.9926486611366272
4511,2027,lime,0.47124520030159217,0.02194834414582986,0.9842751622200012
4512,1039,lime,0.06870701611042022,0.031473520994186405,0.9986599683761597
4513,22,lime,0.14815353723459465,0.09177396117254745,0.9752492904663086
4514,1276,lime,0.1190009736455977,0.05649131629616022,0.998924195766449
4515,1367,lime,0.45322243384150573,0.07490125437115513,0.9712473750114441
4516,147,lime,0.35466502393995014,0.11736045884234565,0.9817050695419312
4517,3226,lime,0.5757929466802765,0.07591782096359465,0.9958255290985107
4518,4586,lime,0.28560717692298276,0.02798069917386578,0.9990346431732178
4519,2301,lime,0.4531740624520738,0.017402597908246314,0.9713895320892334
4520,2466,lime,0.6576110629304763,0.055623534706331065,0.9994401335716248
4521,2876,lime,0.7093297018645666,0.08279259388263409,0.9326568841934204
4522,2213,lime,0.8111028858822666,0.13833578386240536,0.9941562414169312
4523,2261,lime,0.6161988697086389,0.03266876706710228,0.9990488886833191
4524,1956,lime,-0.04723821919072758,0.01688221503387798,0.21360939741134644
4525,2369,lime,0.5787133872509003,0.05732178402707932,0.9757903218269348
4526,190,lime,0.3918212095482482,0.026588886148399778,0.9993757605552673
4527,1834,lime,0.49121055488403026,0.03726596580101894,0.9904553294181824
4528,2393,lime,0.4021986954742008,0.02493204176425934,0.8728262186050415
4529,282,lime,0.08762209245870853,0.03726817179342796,0.9992960691452026
4530,1916,lime,0.5164547068998218,0.13293654192239046,0.9962771534919739
4531,4527,lime,0.643102643479194,0.05030224933510735,0.9958440661430359
4532,1324,lime,0.5446994339044278,0.06765714211341663,0.997307300567627
4533,3576,lime,0.09674324779897123,0.021867117366275272,0.9993765950202942
4534,4029,lime,0.18219267985513132,0.04569495108819777,0.9840233325958252
4535,1683,lime,0.6532632831646048,0.01969615013703056,0.9959592223167419
4536,4353,lime,0.19542290488394296,0.035578807679618275,0.6442529559135437
4537,273,lime,0.23372453289125494,-0.06874651081708012,0.4366813004016876
4538,1970,lime,0.10235185839913108,0.02550396594134244,0.9992675185203552
4539,903,lime,0.6942827845258372,0.028400310093448275,0.9751281142234802
4540,3599,lime,0.2646072759078099,0.034814219291393576,0.9986629486083984
4541,2499,lime,0.7022277839481831,-0.0024029344320297243,0.7589396238327026
4542,3514,lime,0.29202727649522864,0.0774281426616337,0.9938662648200989
4543,2991,lime,0.8522150829942946,0.06375305158527274,0.9984467625617981
4544,3705,lime,0.3096697472035885,0.03679963275790214,0.9963952898979187
4545,2014,lime,0.31765489914315814,0.06070374427957738,0.9991874098777771
4546,257,lime,0.6125437255810808,0.0711625858589455,0.9354739189147949
4547,3721,lime,0.12229005015287243,0.02763982874448182,0.999211311340332
4548,2368,lime,0.04763236542542775,0.03076575497786204,0.9995133876800537
4549,3689,lime,0.042651637120449795,0.03247107945858164,0.9995414018630981
4550,2574,lime,0.07365344103538629,0.07578275555914099,0.9986448884010315
4551,4260,lime,0.43057163059711456,0.04424536363645033,0.9845682382583618
4552,517,lime,0.843672692422725,0.07396979822266486,0.9890824556350708
4553,3170,lime,0.2684291256339969,-0.12531829927418683,0.37728896737098694
4554,3201,lime,0.6164127066731453,0.09325469255447388,0.9731975793838501
4555,3194,lime,0.4394059074313744,0.023274331637050793,0.9696018099784851
4556,3897,lime,0.18147895038127898,0.056178249046206476,0.9893485307693481
4557,858,lime,0.5601657191291451,0.08404311910271645,0.953101634979248
4558,19,lime,-0.22564639427043773,0.007099824371161284,0.19863805174827576
4559,699,lime,0.2807285912610866,0.058299334512816534,0.9981850981712341
4560,575,lime,0.27644852533315617,0.05536648196478685,0.9992434978485107
4561,1646,lime,0.10737399366639909,0.03746190738110315,0.998680055141449
4562,3623,lime,0.0511382214906739,0.02858446429415447,0.9992762207984924
4563,599,lime,0.6148813017643988,-0.033595054596662524,0.8552141785621643
4564,2894,lime,0.1896220644315084,0.0684176438384586,0.9994414448738098
4565,305,lime,0.17368828688027724,0.13956946022105668,0.7452290058135986
4566,3433,lime,0.7125136415069958,0.09539004063831186,0.9913182258605957
4567,3826,lime,0.4430868320994907,0.08861884540981717,0.833632230758667
4568,1350,lime,0.2752593904733658,0.02637055779204649,0.999143123626709
4569,2129,lime,0.7197488197548823,0.050504349172115326,0.9817749261856079
4570,1422,lime,0.4256675384546581,0.0396454255831869,0.9939923882484436
4571,3819,lime,0.4337054193019867,0.06245820224285126,0.9720261693000793
4572,1527,lime,0.08545075714588166,0.027363560795783996,0.9995263814926147
4573,1087,lime,0.05277350714260882,0.06799774413759058,0.9994671940803528
4574,1484,lime,0.5083743639108611,0.08617537632221128,0.9925711750984192
4575,3513,lime,0.4475245550274849,0.0515828400850296,0.9936748147010803
4576,3361,lime,0.5423879933026102,0.06489309867223104,0.9925170540809631
4577,1323,lime,0.7354165857036908,0.1358336086074511,0.9002510905265808
4578,1553,lime,0.7297584898769855,0.05771827342964354,0.9968364238739014
4579,3687,lime,0.09906634342457567,0.04434495099953243,0.9988264441490173
4580,4368,lime,0.13674121998971508,0.02424458053804213,0.9993677735328674
4581,3165,lime,0.3946608577085578,0.043135307405305946,0.9985639452934265
4582,1309,lime,0.5639906543673892,0.0513871917218873,0.9942368268966675
4583,2983,lime,0.6386945560956613,0.052319243168219544,0.9794597029685974
4584,3378,lime,0.5862926604847113,0.28599582226188097,0.972556471824646
4585,345,lime,-0.017821307597762865,-0.1255667650181314,0.22643691301345825
4586,1086,lime,0.5023329656571149,0.039216155931353566,0.9965366125106812
4587,923,lime,0.35987224827210107,0.05958548486232758,0.9984931945800781
4588,1571,lime,0.40524802869185805,0.07596612349152565,0.9976995587348938
4589,842,lime,0.551595499320906,0.043178984097072055,0.9669604301452637
4590,2165,lime,0.5735683541458386,0.2551917422276277,0.9136630296707153
4591,608,lime,0.6514349025572933,0.06372096454319746,0.9965329170227051
4592,285,lime,0.604622999036854,0.06355435062538493,0.9881919026374817
4593,2009,lime,0.18555184182795612,0.03781570290977305,0.9968289732933044
4594,807,lime,0.7265818590341613,0.5396031972107499,0.9934793710708618
4595,4511,lime,0.17848768209417662,0.055590120454629265,0.9991313815116882
4596,2495,lime,0.1211649515465194,0.029143646651623296,0.9992901086807251
4597,405,lime,0.3030044929105408,0.025374898496939212,0.9991509914398193
4598,218,lime,0.542992482262273,0.07919393816301899,0.9951441287994385
4599,1976,lime,0.45459028226988657,0.03279238002640861,0.9597140550613403
4600,4040,lime,0.5223067050630396,0.044896085153926506,0.9750842452049255
4601,2461,lime,0.14824685634988727,0.02581661668690768,0.999349057674408
4602,2095,lime,0.31091952323913574,0.045911283987873,0.9949711561203003
4603,327,lime,0.3069101102650166,-0.15403662820657094,0.5873706340789795
4604,2957,lime,0.3131097781834966,-0.03394906904737828,0.9203109741210938
4605,1778,lime,0.3965806762377421,0.09798120831449826,0.9840218424797058
4606,688,lime,0.81188149678294,0.10629734435142615,0.9932776093482971
4607,393,lime,0.35971348981062573,-0.056669996334956244,0.6850461363792419
4608,3495,lime,0.1919913615258235,0.058325241196830316,0.9981430768966675
4609,2741,lime,0.06931451805259871,0.06926464062670003,0.9992361068725586
4610,3105,lime,0.5639739703872929,0.06517955790395322,0.9249241352081299
4611,3579,lime,0.5174241240269372,0.03805762699672154,0.9520959258079529
4612,4460,lime,0.2985743430066616,0.03974749560051776,0.9898013472557068
4613,1491,lime,0.2299126288608501,0.06473571532650997,0.9982465505599976
4614,882,lime,0.6268681287765503,0.1714666916264428,0.9501113295555115
4615,2085,lime,0.7902018698277297,0.08725881852485516,0.9845461845397949
4616,1769,lime,0.4843850447687992,0.1691344719986583,0.9936925172805786
4617,3177,lime,0.3486047331775938,0.002057829073497227,0.786124587059021
4618,3766,lime,0.17994959843464386,0.09923584453570537,0.9932982325553894
4619,2049,lime,0.27787652891129255,0.12927612150087953,0.9959898591041565
4620,794,lime,0.12303571233695204,0.03003370761871338,0.9991806149482727
4621,1617,lime,0.5470324247661564,0.027372861694958475,0.9971369504928589
4622,21,lime,0.2346870634290907,0.023832141249268142,0.9991961121559143
4623,2626,lime,0.3940570801496506,0.035678523116641575,0.9990397095680237
4624,2199,lime,-0.09747676940427887,-0.15337061054176754,0.11630181223154068
4625,4578,lime,0.48667884633896197,0.08827558445169571,0.9979962110519409
4626,1535,lime,0.6621737315736967,0.10805051388411686,0.965785801410675
4627,1012,lime,0.6013960833661258,0.0764384102076292,0.9110031127929688
4628,3302,lime,0.10462176203727722,0.06311551541090012,0.9966009259223938
4629,3059,lime,0.622387022525072,0.07859132985273996,0.9944150447845459
4630,1172,lime,0.35210732607678935,0.10032943060452287,0.9994309544563293
4631,3322,lime,0.33067567175940465,0.05293388703936025,0.9869601726531982
4632,3232,lime,0.5593331418931484,-0.03186760639602488,0.6787059307098389
4633,3859,lime,0.352102381678728,0.03798528894399985,0.9994000196456909
4634,1015,lime,0.35692904023237004,0.024044735487117323,0.9988258481025696
4635,1364,lime,0.6686050233876576,0.04345567880765251,0.9986250400543213
4636,2757,lime,0.035978411299151344,0.09817138555887583,0.9965582489967346
4637,182,lime,0.7808269511396978,0.040035506089528404,0.9968185424804688
4638,1107,lime,0.13267863624625736,0.04143543017131311,0.9994277358055115
4639,188,lime,0.5844924164669855,0.02939188778400421,0.9641963839530945
4640,2990,lime,0.5399327212944627,0.04651118814945221,0.9777076244354248
4641,2951,lime,0.32766017597168684,0.0299253910779953,0.9268053770065308
4642,3539,lime,0.11158161285596016,0.06760224050436264,0.9992080330848694
4643,3473,lime,0.5511741510902842,0.06663735955953598,0.9916621446609497
4644,1655,lime,0.3884863383744074,0.062432647075342095,0.9561798572540283
4645,3422,lime,0.25853705665339594,0.020947204335876133,0.9873555302619934
4646,4077,lime,0.3190392277589658,0.047289905024737844,0.9864309430122375
4647,3015,lime,0.1802352907196168,0.07753788319326216,0.9961894154548645
4648,2713,lime,0.4862487989549453,0.03820933115023833,0.9959392547607422
4649,3397,lime,0.3323079617099559,0.04673587451589868,0.9982140064239502
4650,1266,lime,0.47081266556467327,0.04327261447906494,0.9910101890563965
4651,1623,lime,0.33922814291257125,0.07911986198562843,0.9975281357765198
4652,3358,lime,0.5201562611120087,0.015963181853294373,0.9994218349456787
4653,373,lime,0.324053515214473,0.1041224910877645,0.9986394047737122
4654,2026,lime,0.3662807073858049,0.052275808652242024,0.9973853230476379
4655,1524,lime,0.33714920855485475,0.03126053397472088,0.9991912245750427
4656,422,lime,0.3245974573351088,0.050825148820877075,0.9964370727539062
4657,3169,lime,0.12725882013054454,0.13833440226667068,0.9984326958656311
4658,3650,lime,0.6095187558369203,0.06583825972947208,0.9988405108451843
4659,3800,lime,0.4533180962217615,0.03487663890453095,0.9954853653907776
4660,1120,lime,0.13991379906546395,0.06746368897411059,0.9985499978065491
4661,2249,lime,0.04855585375497507,0.019682688075442645,0.999239444732666
4662,4043,lime,0.23346770641415618,0.04818414220976275,0.9995046854019165
4663,616,lime,0.2699857374717449,0.055195642956371964,0.9932864308357239
4664,2691,lime,0.473225143310186,0.0376758784861178,0.9945648908615112
4665,2043,lime,0.16665974977825368,0.05341819141592298,0.9893264770507812
4666,3188,lime,0.643651200979948,0.01752476245164871,0.9561892151832581
4667,2835,lime,0.38220965375120824,0.08726381739744773,0.9964105486869812
4668,4211,lime,0.1967526639501254,0.05125246395667394,0.9993695616722107
4669,917,lime,0.5238061370328069,0.055243616458028555,0.9769731760025024
4670,4100,lime,0.2913111295964983,0.060394890440834896,0.9941927790641785
4671,1162,lime,0.0836108370525081,0.02432155536442268,0.9986494183540344
4672,3716,lime,0.37001687981361564,0.04316517294839371,0.9980462789535522
4673,1248,lime,0.13534307843301355,0.041096797076667226,0.9990745782852173
4674,828,lime,0.394217173232043,0.0732273113854388,0.9993220567703247
4675,2243,lime,-0.06175198541924117,-0.060974873662475615,0.019019760191440582
4676,2902,lime,0.2446215459198322,0.031150839801104564,0.9966222047805786
4677,337,lime,0.4377102989416856,0.08338609643471546,0.9783531427383423
4678,2351,lime,0.13964408099651338,0.03641081273555755,0.9992207288742065
4679,1959,lime,0.6821946393698454,0.07738924100995064,0.9609718918800354
4680,3431,lime,-0.4013678996816452,-0.02129076213532244,0.00046993696014396846
4681,4374,lime,0.4265266054747056,0.03411391559912234,0.9872118830680847
4682,1102,lime,0.4684790743119789,0.02862172822157542,0.999197781085968
4683,1246,lime,0.030989171904430055,0.054483696034080105,0.9996080994606018
4684,1176,lime,0.5327066911591424,0.07148264050483703,0.9969789981842041
4685,4579,lime,0.0839839392238193,0.06952296131187015,0.9994199275970459
4686,3195,lime,0.3628813869812909,-0.012527036754524006,0.6346989870071411
4687,2790,lime,0.16816865980625154,0.05943082451820374,0.9861191511154175
4688,3877,lime,0.7272401015673365,0.035265405263219564,0.9876953363418579
4689,93,lime,0.22376053762990375,0.037563523580861645,0.9915067553520203
4690,2795,lime,0.5784365528741399,0.1963454871564298,0.7535057663917542
4691,2317,lime,0.22393480146473105,0.07523482631553303,0.96194988489151
4692,385,lime,0.06283293390760616,0.0379291791088727,0.9994681477546692
4693,913,lime,0.09162561730905013,0.03311105388583559,0.9994449019432068
4694,693,lime,0.32278436698295454,0.044457919619701525,0.9457829594612122
4695,3241,lime,0.5630654891952872,0.01826975792646408,0.9732812643051147
4696,2471,lime,0.4541378945720439,0.09570727390902382,0.982262372970581
4697,311,lime,0.3905435882087024,0.06624810791240549,0.9971117973327637
4698,334,lime,0.745155780940791,0.029046462954215285,0.9988366961479187
4699,861,lime,0.11925921809894068,0.059827734198835164,0.999292254447937
4700,1454,lime,0.20540079515841272,0.05478997031847636,0.870018720626831
4701,2684,lime,0.6963195444857877,0.03712236600102119,0.9973424077033997
4702,1224,lime,0.42520661484600314,0.23361236770306865,0.4944649934768677
4703,2585,lime,0.2298866638115474,0.04013712643360605,0.9993125200271606
4704,708,lime,0.2920734493628792,0.022868959152180214,0.999289870262146
4705,3141,lime,0.12950201202993808,0.05037147908107094,0.9991186261177063
4706,38,lime,0.21187064220320503,0.06594914844575918,0.9958574175834656
4707,2683,lime,0.5411925431340933,0.02814071625471115,0.9975536465644836
4708,935,lime,0.0651973802216199,0.060813842379316994,0.9975470900535583
4709,3339,lime,0.18055060829805292,0.05006370725839034,0.9989293217658997
4710,1325,lime,0.6016479869221532,0.04771888879842536,0.9911705255508423
4711,2120,lime,-0.14680099867138208,-0.1183304029936884,0.1793193370103836
4712,470,lime,0.4745548847245007,0.15830741750030983,0.9710757732391357
4713,3393,lime,0.7061505442535555,0.04828409931144199,0.9974689483642578
4714,1942,lime,0.3580014764641722,0.02147410623729229,0.9988511800765991
4715,3371,lime,0.6439940662563054,0.051128965285089284,0.9979150891304016
4716,1713,lime,0.3578719491462993,-0.14625899169756018,0.3988629877567291
4717,160,lime,0.10847128893841397,0.06991934539242224,0.9973318576812744
4718,1192,lime,0.537900409847498,0.03153818435966969,0.9993274211883545
4719,2161,lime,0.10747391227129344,0.042576526870598666,0.9993523955345154
4720,3925,lime,0.7492772440319179,0.041504584374974986,0.9852386116981506
4721,3619,lime,0.3609350774969373,0.11060300128800528,0.9477124810218811
4722,4209,lime,0.6604080435175163,0.32671046333435255,0.9352366328239441
4723,3524,lime,0.5265735355408295,0.035025384115136185,0.9971683621406555
4724,353,lime,0.3287945979711961,0.029331032718930925,0.9979647397994995
4725,2548,lime,0.4759426523953499,0.09646598302892276,0.9975493550300598
4726,4202,lime,0.30579967200756075,0.028137156367301942,0.997850775718689
4727,1014,lime,0.35014752014116807,0.06264821643179114,0.9347330927848816
4728,1200,lime,0.47088027976710223,0.07655840058778894,0.9977559447288513
4729,4580,lime,0.07935761798311163,0.031432084187313365,0.9995810389518738
4730,3087,lime,0.3816192682300295,0.11596380387033735,0.9966663718223572
4731,1305,lime,0.11295532956719398,0.022958794981241225,0.9835767149925232
4732,112,lime,0.4777782284654677,0.06802799319848418,0.9985590577125549
4733,1853,lime,0.4130738910400506,0.029247973001364506,0.9991658926010132
4734,4310,lime,0.6837688521590344,0.02645004904547403,0.9597232341766357
4735,3873,lime,0.17638497878062098,0.06693564551441293,0.9993884563446045
4736,4216,lime,0.14528211782563408,0.022145752636891492,0.9993745684623718
4737,14,lime,0.2991633209235528,0.05701659488327363,0.9734302163124084
4738,3915,lime,0.7700355251718844,0.08950171960251672,0.9973796606063843
4739,2387,lime,0.40879359451078234,0.053790864845116935,0.9941787719726562
4740,533,lime,0.3948253211121829,0.08863048113527752,0.4826476275920868
4741,3551,lime,0.1089179776608944,0.03862116006868226,0.9966212511062622
4742,851,lime,0.39772190289063886,0.051466625183820724,0.9978539347648621
4743,1418,lime,0.4332017456753212,0.06998615646571443,0.9697797298431396
4744,3446,lime,0.5071983296910058,0.024909859766130863,0.997368335723877
4745,1318,lime,0.5845568014139478,0.0355790528384122,0.9875132441520691
4746,677,lime,0.14261192679405213,0.04786156671387809,0.9916860461235046
4747,3740,lime,0.2536236563697457,0.15262821838259696,0.9944434762001038
4748,1317,lime,0.38770048182121797,-0.1724463496051851,0.5384346842765808
4749,1072,lime,0.9404412261839025,0.11753227233886719,0.9982333183288574
4750,4275,lime,0.25865110028535127,-0.2420302964746952,0.5105814337730408
4751,655,lime,0.6927431277159987,0.05883587537140682,0.9464302659034729
4752,3128,lime,0.7368241897897749,0.03925068203995868,0.9878808259963989
4753,3143,lime,0.19903940558433533,0.04840576648712158,0.9988874793052673
4754,568,lime,0.40449207041944774,-0.1765401303768158,0.6731927394866943
4755,1871,lime,0.4735019773244858,0.0411317054182291,0.9991005659103394
4756,3956,lime,0.12744339638286167,0.04705350183778339,0.9991905093193054
4757,121,lime,0.12484091972666127,0.05897031910717487,0.9930188059806824
4758,3150,lime,0.619951142727033,0.05873495145984318,0.9939358830451965
4759,587,lime,0.06932803300710824,0.024181336164474487,0.9995540976524353
4760,3061,lime,0.33318669577034155,0.03239140887649692,0.9894143342971802
4761,3162,lime,0.1744681116607454,0.027716361262180186,0.9993428587913513
4762,1254,lime,0.05169544296879922,0.03734355516010715,0.9993379712104797
4763,2658,lime,0.4690763942025443,0.06761857613604119,0.9953664541244507
4764,163,lime,0.36124543516666857,0.07787496548194389,0.9316372275352478
4765,1322,lime,0.3861263752428453,0.04222544204832902,0.995735764503479
4766,4249,lime,0.415626505559141,-0.01339586539701982,0.7952587604522705
4767,360,lime,0.2469386419942302,0.026921902452745745,0.9935325384140015
4768,1768,lime,0.6522372230043951,0.06296997053443261,0.9967795014381409
4769,732,lime,0.4119933024048805,-0.04152529885371526,0.6572086811065674
4770,2671,lime,0.5375065217758047,0.05274668644214499,0.9818098545074463
4771,691,lime,0.4524101670579733,-0.10825601381224555,0.5833619236946106
4772,79,lime,0.6033173896786239,0.03900553396454564,0.9984570741653442
4773,2776,lime,0.32737127115780656,0.05367137525569309,0.9979240894317627
4774,1053,lime,0.5648464315077838,0.037666876526439894,0.8781459927558899
4775,410,lime,0.5202175608852453,0.03603354671545196,0.9984721541404724
4776,4367,lime,0.6237900938306536,0.1600557253474281,0.952244222164154
4777,1667,lime,0.48019999656826257,0.0591803640127182,0.9760575890541077
4778,3349,lime,0.6564620881998313,0.2694959983229637,0.7163977026939392
4779,2672,lime,0.661281056137699,0.04971973823778557,0.9987738728523254
4780,4038,lime,0.30119589283581705,0.03189989467782359,0.9978801012039185
4781,4552,lime,0.39933794210938844,0.036474079770200396,0.9957738518714905
4782,1542,lime,0.25109102713818454,0.04968498008591788,0.9965852499008179
4783,1336,lime,0.07251451208310969,0.039142332825006225,0.9987636804580688
4784,1519,lime,0.6380292982436143,0.027676265209149092,0.9992033839225769
4785,1229,lime,0.14010959029197692,0.018394789099693297,0.9991181492805481
4786,1968,lime,0.6633099839042794,0.032303630684812866,0.9927006959915161
4787,4416,lime,0.5372446806807267,0.02477369601266426,0.9977737069129944
4788,2109,lime,0.5947715053792859,0.04070136048754708,0.9951434135437012
4789,725,lime,0.09385105470816295,0.018394537624858674,0.9993847608566284
4790,1134,lime,0.4362325117967668,-0.028011968448048548,0.7298153042793274
4791,101,lime,0.33698414071746496,0.05117081040921419,0.9894145727157593
4792,4266,lime,0.5763454523890518,0.06755720252214475,0.9957767724990845
4793,2253,lime,0.3690725312783168,0.07980265258214413,0.9804319143295288
4794,1269,lime,0.1264334830145041,0.048743825095395245,0.999366819858551
4795,2813,lime,0.5611709939582007,0.06756368918078286,0.9908060431480408
4796,193,lime,0.497481054428852,0.03010060389836629,0.9990468621253967
4797,1127,lime,0.39843606183657776,0.04179099524343336,0.9991212487220764
4798,2871,lime,0.5911848217975803,0.01711934514162017,0.999359667301178
4799,3470,lime,0.6336278325932867,0.030192430405055776,0.9851285219192505
4800,280,lime,0.4503117838972493,0.0549895073238172,0.9979800581932068
4801,1696,lime,0.12512242214547264,0.030385201176007588,0.9992374181747437
4802,2623,lime,0.35460509889655645,0.03539749582608541,0.9975774884223938
4803,2139,lime,0.13995995534502942,0.036106795720432114,0.9991551637649536
4804,3438,lime,0.14020316776904193,0.055916573513637886,0.9978731870651245
4805,82,lime,0.2784318089485168,0.07878356397151948,0.9986634254455566
4806,876,lime,0.38482592944745664,0.02436368774484705,0.8936775326728821
4807,2719,lime,0.3181066440140947,0.029827225081464077,0.9975148439407349
4808,2374,lime,0.3028405759679644,0.057074093504955896,0.9988671541213989
4809,1569,lime,0.7452010725565413,0.018773664819433333,0.9009878635406494
4810,2416,lime,0.24855827695379654,0.03954067019124826,0.9984265565872192
4811,3724,lime,0.6322840183973313,0.1185382855790002,0.9507468938827515
4812,3511,lime,0.6608966389298438,0.0880334159731865,0.9864051342010498
4813,4046,lime,0.42219216542111504,0.09538482433115994,0.9659867882728577
4814,2132,lime,0.4263552505861629,0.04893116761337627,0.7641882300376892
4815,2932,lime,0.406319557743914,0.023816912489778855,0.999075174331665
4816,3414,lime,0.38554210995518884,0.03801850489405698,0.9952929615974426
4817,1009,lime,0.22090922005292846,0.04301798343658447,0.9986796975135803
4818,4171,lime,0.638779821192346,0.022966331825023743,0.9994396567344666
4819,1439,lime,0.6554356107146156,0.03315970909838774,0.9960202574729919
4820,3603,lime,0.18115358227907224,0.0336215780224911,0.9982815980911255
4821,2680,lime,0.023751969430960862,0.04324165570969675,0.9991251826286316
4822,4297,lime,0.13303727159897485,0.061532120974290935,0.9990498423576355
4823,630,lime,0.30227515829934015,0.08703987267282275,0.9961799383163452
4824,638,lime,0.530690553887137,0.10608451376701224,0.9926242232322693
4825,455,lime,0.24417761649857175,-0.011073385464384201,0.5071028470993042
4826,129,lime,0.11127925813198089,0.021183739105860393,0.9993221759796143
4827,3544,lime,0.3337771754998427,0.03578157379077031,0.9990901947021484
4828,2705,lime,0.7036737071780058,0.2057044872870812,0.9922772645950317
4829,4542,lime,0.1832089270701853,0.020938574257543533,0.9992546439170837
4830,1736,lime,0.41591614871113386,0.051075908872816295,0.9978107810020447
4831,1442,lime,0.5170673960592689,0.024206729923806538,0.9889532327651978
4832,836,lime,0.8257102677307557,0.06893359962850809,0.9602082967758179
4833,3713,lime,0.3946443979556744,0.04497790413025098,0.997062623500824
4834,963,lime,0.43494380085632717,0.27286267794411756,0.7013798356056213
4835,3500,lime,0.3197087198495865,0.06368086397647858,0.9903208613395691
4836,1386,lime,0.6057363519212231,0.11108749406412244,0.988541841506958
4837,3631,lime,0.6026936714746514,0.032067736192625394,0.9985546469688416
4838,3220,lime,0.44322356815431635,0.03415365721665177,0.9970023036003113
4839,1920,lime,0.5344603251794289,0.07474923133850098,0.9749138355255127
4840,3065,lime,0.704924538731575,0.1002187597401002,0.9664181470870972
4841,4122,lime,0.2594655011930773,0.06540591822516534,0.9988512992858887
4842,2735,lime,0.5863992592256347,0.07318690757859837,0.9983483552932739
4843,1441,lime,0.6900138217467993,0.048992427332060676,0.9963527917861938
4844,860,lime,0.33789484202861786,0.0441194007342512,0.9987955093383789
4845,930,lime,0.0721819726533668,0.04783146672470625,0.9993113279342651
4846,2920,lime,0.5688598958982362,0.07058703071541256,0.9939746260643005
4847,3073,lime,0.3224260497551698,0.021413295887983762,0.9264870285987854
4848,2537,lime,0.44054744085844827,0.07286269349210403,0.9951505661010742
4849,4582,lime,0.7790906243934864,0.14671795906090154,0.9943999648094177
4850,173,lime,0.22574059620722017,0.04655444421874943,0.9981030225753784
4851,1056,lime,0.6112301496248091,0.13708587038901546,0.9929484128952026
4852,2870,lime,0.6068713547367799,0.10258302876823827,0.9918369650840759
4853,50,lime,0.9217680691186355,0.055355602343167574,0.9725416302680969
4854,2560,lime,0.679253213871748,0.08194934519437644,0.9982095956802368
4855,31,lime,0.24246141432147278,0.050765824945349446,0.9972336888313293
4856,3419,lime,0.4615998012905425,0.045957104322758124,0.9989976286888123
4857,3023,lime,0.1523563061225212,0.0488832567707967,0.9991033673286438
4858,1433,lime,0.16055457538268605,0.06615925128342676,0.9910736680030823
4859,399,lime,0.7683436335338389,0.02568669310387443,0.9990413784980774
4860,3793,lime,0.02559704449441698,0.041629737615585326,0.9991317391395569
4861,3354,lime,0.4350109896622598,0.04267048789188266,0.9954630732536316
4862,749,lime,-0.017013237589881533,-0.1776099694626672,0.4001754820346832
4863,3479,lime,0.7713925485377726,0.04772406200999799,0.9988149404525757
4864,3212,lime,0.18581011104914877,0.05045772219697634,0.8418026566505432
4865,617,lime,0.5499562730684,0.10311579090707443,0.9992697834968567
4866,4442,lime,0.31932290051227963,0.029530885892036635,0.9992165565490723
4867,2130,lime,0.8425527585606123,0.13944443854792365,0.9917389154434204
4868,283,lime,0.490579891204834,0.11013231873512268,0.9724657535552979
4869,4517,lime,0.48451346229939235,0.07139203945795695,0.9827471971511841
4870,1217,lime,0.44972669851520786,0.02636703071386918,0.997246503829956
4871,55,lime,0.667131584789604,0.07192589541276297,0.9938522577285767
4872,2038,lime,0.52600869802492,0.03724404317992074,0.996727466583252
4873,1302,lime,0.22887874055992474,0.09475926750085571,0.9955599308013916
4874,2767,lime,0.09374981606379151,0.23798900975712708,0.5201186537742615
4875,1813,lime,0.682077600904133,0.022342491409052975,0.99909508228302
4876,3881,lime,0.3556620106101036,0.1057443767786026,0.9980366826057434
4877,434,lime,0.23284600212656217,0.07443042305009119,0.9986609220504761
4878,115,lime,0.7904820576908865,0.05079420416482857,0.9986892342567444
4879,2119,lime,0.2667563187353539,0.06220465898513794,0.9953769445419312
4880,2923,lime,0.47144316443625617,0.08771311184939216,0.9991176724433899
4881,3392,lime,0.3372954086021141,0.03927523339236224,0.9822044968605042
4882,1789,lime,0.18486810349068553,0.03876935873391493,0.9983977675437927
4883,1103,lime,0.14627906680107117,0.12697557019798653,0.998978853225708
4884,348,lime,0.1400177189798066,-0.054931842016451286,0.6730783581733704
4885,4441,lime,0.3533499886592229,0.02842421800482507,0.9994233846664429
4886,78,lime,0.14759720696343315,0.07263456340189334,0.9962342381477356
4887,3224,lime,0.4927302612326084,0.041360498238832526,0.9987070560455322
4888,1821,lime,0.5791903574238805,0.05228018234757816,0.999369204044342
4889,1735,lime,0.31896678990912886,0.04826322057337131,0.9992828965187073
4890,2473,lime,0.1616974563099617,0.03794668892095255,0.9992145299911499
4891,4204,lime,0.3393228585139299,0.11312236541356796,0.9979497790336609
4892,3395,lime,0.3287492356130055,0.0513897499867848,0.9993000030517578
4893,3405,lime,0.6031831856284823,0.1000635462147849,0.9717742800712585
4894,1431,lime,0.45966790795326234,0.027717923521995546,0.9985513091087341
4895,2113,lime,0.055952798913825645,0.030242056331851265,0.9994407296180725
4896,1294,lime,0.03966633012478656,-0.30273011517017445,0.23911690711975098
4897,2798,lime,-0.12861791348291768,-0.14127351691325504,0.06338197737932205
4898,4241,lime,0.23668188662142367,0.03444356048429335,0.9952488541603088
4899,2697,lime,0.15531716424794423,0.05647050057138715,0.9981086254119873
4900,735,lime,0.3847030449745267,0.05277683429939802,0.9977530837059021
4901,2398,lime,0.4905612100573147,0.06928191640797783,0.9901330471038818
4902,1921,lime,0.4065868648198935,0.03733606579212042,0.9981052875518799
4903,2454,lime,0.2751076018556635,0.05332829977603669,0.9865091443061829
4904,2436,lime,0.42684940949958916,0.07706749263931723,0.8336161971092224
4905,3313,lime,0.15790426083233045,0.13388951803031174,0.9492006301879883
4906,2602,lime,0.5701063314550802,0.07967194601109154,0.9651636481285095
4907,1378,lime,0.5535696893930435,0.19364135736419308,0.780280590057373
4908,4172,lime,0.5232913172052752,0.13868674059068004,0.9546794295310974
4909,140,lime,0.30225213891581487,0.06105677195285496,0.9983526468276978
4910,2482,lime,0.3957804075696252,0.021830305457115173,0.9925501346588135
4911,2566,lime,0.048382010530023015,0.023198007660753587,0.9993178844451904
4912,3043,lime,0.27557215488181924,0.10112079106411843,0.9959887862205505
4913,2718,lime,0.36850972277553457,0.05426137463042611,0.993831992149353
4914,1010,lime,0.35764382735771294,0.04207828640937805,0.9986224174499512
4915,1516,lime,0.35591314978747896,-0.04442635364830494,0.6016080379486084
4916,1988,lime,0.6233091051964199,0.07805897602263619,0.9752394556999207
4917,2942,lime,0.4875463364092079,0.031394633086952006,0.9971004128456116
4918,3097,lime,0.5281666368246078,0.0506384688615799,0.9971495270729065
4919,151,lime,0.4990797734260559,0.11913882851600648,0.9439519047737122
4920,2319,lime,0.6938415849208832,0.00806542694568634,0.9653905034065247
4921,1373,lime,0.7298390997982607,0.030695281377652796,0.9969499707221985
4922,1358,lime,0.7262438857513998,0.09139747089809841,0.9920171499252319
4923,1873,lime,0.5225241718923345,0.08345018677851733,0.9168630838394165
4924,2668,lime,0.33247924424134767,0.0409961801308852,0.9989368319511414
4925,4357,lime,0.8588686687116688,0.06883958143156928,0.996317982673645
4926,62,lime,0.5255289226770401,0.06216787033610874,0.9986578226089478
4927,1795,lime,0.3062944936341253,0.10627883724097548,0.9956574440002441
4928,1000,lime,0.5087679808539357,0.03406460904607586,0.9972234964370728
4929,3679,lime,0.5332158490231163,0.03715712694745315,0.9812660813331604
4930,1850,lime,0.6536285088493906,0.10015578773514978,0.9921916127204895
4931,2825,lime,0.6940712086820545,0.09071104343120868,0.9966124892234802
4932,3964,lime,0.8004810173745052,0.06831317022442818,0.9856755137443542
4933,1625,lime,0.24287952056952886,0.06409739426204136,0.9992632269859314
4934,1313,lime,0.6153119088095778,0.040812556357944715,0.9579071998596191
4935,4320,lime,0.17198770312038628,0.05233170897574038,0.9989030361175537
4936,2166,lime,0.3192763912434481,0.028363491807665144,0.999046266078949
4937,2184,lime,0.6633168023907476,0.14104985859658983,0.8345558047294617
4938,4148,lime,0.12048420765333706,0.053842092553774513,0.9991229176521301
4939,300,lime,0.20387639189666174,0.030846865671985555,0.9993970394134521
4940,339,lime,0.3832214575793062,0.033462043585521836,0.9961872696876526
4941,2220,lime,0.703300648085449,0.028935324238694233,0.9993591904640198
4942,1587,lime,0.32329803751781583,0.03542501572519541,0.9941820502281189
4943,4410,lime,0.07998809152179294,0.02379833459854126,0.9993759989738464
4944,3009,lime,0.17748428033847435,0.02925641980825686,0.9992461204528809
4945,4314,lime,0.6538057472938911,0.03167847563058902,0.9987629652023315
4946,2236,lime,0.2743788937152159,-0.4204277472525108,0.34710606932640076
4947,3837,lime,0.12440785219271978,0.05107194036245346,0.9984845519065857
4948,2512,lime,0.14453078612037326,0.03412227656530297,0.9992753863334656
4949,4272,lime,0.170871173342069,0.11523133592727856,0.9955319166183472
4950,2294,lime,0.5792836887495858,0.04373907106263297,0.9934572577476501
4951,3416,lime,0.45213858996118816,0.04419894005571093,0.9990482926368713
4952,3694,lime,0.14982110189228523,0.0688598955549845,0.983767032623291
4953,108,lime,-0.11255917966365814,-0.06621330678462982,0.6615850329399109
4954,3795,lime,0.8113754698385794,0.09022370709313286,0.9655578136444092
4955,3228,lime,0.4325625347964307,0.042241025795327854,0.998615026473999
4956,4327,lime,0.11172588633166419,0.07107476062244839,0.9992097616195679
4957,4444,lime,0.3551853783428669,0.019956317085486192,0.9992716908454895
4958,932,lime,0.35562974440329004,0.03214098738901543,0.9971217513084412
4959,3245,lime,0.5860736019909382,0.07809894904494286,0.9940226674079895
4960,1037,lime,0.1075007464996604,0.0460657165494076,0.999542236328125
4961,3070,lime,0.1456317225018063,0.1241147546349345,0.9994454979896545
4962,507,lime,0.4526145877316594,0.06483540777117014,0.9963080883026123
4963,1983,lime,0.415838979350196,0.033907327387068004,0.9995002746582031
4964,635,lime,0.3046446716785431,0.050336813926696776,0.9988839030265808
4965,102,lime,0.37513769418001175,0.029000235180700978,0.9880661964416504
4966,2618,lime,0.34728101137522105,0.029671683504774764,0.998975396156311
4967,2452,lime,0.4001245617866516,0.030625671810574,0.998415470123291
4968,2433,lime,-0.05123663963155543,0.08808761359529292,0.8843941688537598
4969,2955,lime,0.08200495136089814,0.03158401373105171,0.9988574981689453
4970,4406,lime,0.27519791360412327,0.03742115572094917,0.999517560005188
4971,146,lime,0.5924905218183995,0.03970877826213837,0.9879866242408752
4972,2277,lime,0.6721452936530113,0.05623570799827576,0.9849121570587158
4973,628,lime,0.25522599681731195,0.1341985810187555,0.9879328608512878
4974,4147,lime,0.5839863732457161,0.05549480517705282,0.9953141212463379
4975,2488,lime,0.06056238577834198,-0.3173415618283408,0.15893366932868958
4976,4587,lime,0.5916506584846613,0.11548686750007398,0.9842387437820435
4977,624,lime,0.6323741066815525,0.13800565333201967,0.8085424900054932
4978,1402,lime,0.15892179883820445,0.15897566589869952,0.9951568245887756
4979,1547,lime,0.483883633170017,0.021820053804752437,0.9889434576034546
4980,1680,lime,0.15852619893848896,0.015138788148760796,0.882503867149353
4981,2779,lime,0.6071648205231343,0.05541746460256122,0.9986691474914551
4982,3616,lime,0.2702530637020018,0.051844537985034106,0.9909054040908813
4983,3676,lime,0.25791484117507935,0.04670519344508648,0.9988582134246826
4984,2004,lime,0.13059690441840735,0.04815845115062518,0.9954458475112915
4985,2141,lime,0.2965363794710578,0.030790541957064373,0.9988664388656616
4986,4045,lime,0.700988606357112,0.03199079375842522,0.9974861145019531
4987,1761,lime,0.17106346423561508,0.04515431740799466,0.9984110593795776
4988,266,lime,-0.040585676862581355,-0.21502350814439156,0.09362630546092987
4989,4195,lime,0.2614383573861832,0.01949545899604229,0.5176810622215271
4990,1808,lime,0.4423057810932982,-0.01765300245846019,0.8842668533325195
4991,3786,lime,0.6674055444433334,0.0825238620981257,0.9964937567710876
4992,3199,lime,0.439789109925429,0.06339682489633561,0.9992595314979553
4993,2619,lime,0.2232967282179743,0.029847719603114657,0.9993948936462402
4994,2459,lime,0.35101168196309696,0.08821885061986519,0.9711902141571045
4995,3187,lime,0.5531623722477392,0.031637873839248314,0.9992068409919739
4996,4531,lime,0.1932518860946099,0.03435124270617962,0.9991652965545654
4997,4355,lime,0.12775813322514296,0.022278770804405212,0.9993711113929749
4998,2725,lime,0.22302273758079694,0.021476900447969852,0.9719756841659546
4999,4573,lime,0.39933792100502896,0.04572568910244184,0.9993993043899536
5000,1913,kernelshap,0.17171883682409922,0.07179285188515981,0.9940606951713562
5001,4550,kernelshap,-0.10824404147570021,-0.056194420205429196,0.0026435537729412317
5002,4424,kernelshap,0.07482050480069341,0.11518321891088744,0.9993114471435547
5003,3802,kernelshap,0.1663030032068491,0.056058872757213454,0.9990894794464111
5004,3867,kernelshap,0.3592027315071651,0.03203397478376116,0.939868152141571
5005,2557,kernelshap,0.25574403300004844,0.10898006488295163,0.94000244140625
5006,2097,kernelshap,0.06216847896575928,0.05526214838027954,0.9991582632064819
5007,3546,kernelshap,0.49671329913097756,-0.07683376759983772,0.6169075965881348
5008,2808,kernelshap,0.11469373773587377,0.08082846512919978,0.9994128942489624
5009,893,kernelshap,0.5197430212618941,0.04245203127295284,0.9792831540107727
5010,674,kernelshap,0.10108406503092159,0.03252800079909238,0.9992257356643677
5011,4329,kernelshap,0.09589708336563997,0.07173615278199662,0.9972947239875793
5012,518,kernelshap,0.07867978222486449,0.05364805787074857,0.9962371587753296
5013,3071,kernelshap,0.11469852812588215,0.07258957624435425,0.9986370205879211
5014,1449,kernelshap,0.19097989543182095,0.08893632707072467,0.9880275726318359
5015,2475,kernelshap,0.08596518052660901,0.03817891556283702,0.9992716908454895
5016,2224,kernelshap,0.2054733604192734,0.043832539767026904,0.9987493753433228
5017,3008,kernelshap,0.35425915536673175,0.04059322955815688,0.9971387386322021
5018,2799,kernelshap,0.08529592041046388,0.1944193830413203,0.9990039467811584
5019,3455,kernelshap,0.5872931638184715,0.11527016232995425,0.9336522817611694
5020,2715,kernelshap,0.48745198617147845,0.11398164187233116,0.9993176460266113
5021,1799,kernelshap,0.07361162702242534,0.04629766788238134,0.9989339709281921
5022,1476,kernelshap,0.07374953627586364,0.06715789549052716,0.9983426332473755
5023,3045,kernelshap,-0.05837078546909125,-0.10409912810121712,0.03766162693500519
5024,191,kernelshap,0.061201724470878134,0.05186053563137444,0.9994010925292969
5025,1612,kernelshap,0.21437000881793888,0.04853025009465772,0.994823694229126
5026,3501,kernelshap,0.18815009792645773,0.05582575773199399,0.9978377223014832
5027,2706,kernelshap,0.06460962196191151,0.04823694394694434,0.9995693564414978
5028,788,kernelshap,0.22587457863060204,0.030723698638580942,0.9957150816917419
5029,2721,kernelshap,-0.14579788517827788,-0.1401604188916584,0.0640377625823021
5030,2543,kernelshap,0.06238798393557469,0.0692223934456706,0.9978628754615784
5031,4425,kernelshap,0.33602828020229936,0.060657684691250324,0.9849875569343567
5032,4154,kernelshap,0.25147328444290906,0.13450537249445915,0.9995231628417969
5033,169,kernelshap,0.7088395242180143,0.05406005637986319,0.9828258156776428
5034,1657,kernelshap,0.17696278237483717,0.04276605695486069,0.9993871450424194
5035,3040,kernelshap,0.10302899411895819,0.0628051300320709,0.9993938207626343
5036,269,kernelshap,0.04575825827877696,0.02730711858447005,0.999180018901825
5037,1775,kernelshap,0.28324730118567293,0.10248699716546318,0.9988150596618652
5038,3229,kernelshap,0.6855272927685924,0.03537083449571029,0.9935006499290466
5039,4496,kernelshap,-0.0543153106138624,0.03085312761109451,0.3342333137989044
5040,1064,kernelshap,0.1251834152742874,0.05783446445021519,0.9945560693740845
5041,4134,kernelshap,0.43027842541535694,0.042278811887458516,0.9898181557655334
5042,4000,kernelshap,0.12150014600446148,0.09480240652638097,0.9962179064750671
5043,609,kernelshap,-0.08599666078333501,-0.07015023835831219,0.011769838631153107
5044,2710,kernelshap,0.2197157417734464,0.21583174069722494,0.9958511590957642
5045,3460,kernelshap,0.14479054902729235,0.14766852910581388,0.9968229532241821
5046,1803,kernelshap,0.7397294382480057,0.09787280667911877,0.9033440947532654
5047,1918,kernelshap,0.19017518935154895,0.07830508965618756,0.9983850717544556
5048,3197,kernelshap,0.30681879743933677,-0.07220211178064347,0.7010975480079651
5049,1737,kernelshap,0.17111643877896396,0.05057842453772372,0.997461199760437
5050,4435,kernelshap,0.24275634316510933,0.08821688072625981,0.923281192779541
5051,3750,kernelshap,0.563997034935958,0.0279070951721885,0.9421367049217224
5052,3966,kernelshap,0.17892892360687257,0.27869991064071653,0.9899585843086243
5053,365,kernelshap,0.2932697555353475,0.021878769924474316,0.998174786567688
5054,4053,kernelshap,0.14371733902356562,0.0685944874317218,0.9990399479866028
5055,2066,kernelshap,0.20227105638315512,0.06178769989069118,0.9994871616363525
5056,1852,kernelshap,0.11390365297729904,0.05740991154232541,0.9941151142120361
5057,2703,kernelshap,0.5542426080552533,0.04597092638997471,0.9895234704017639
5058,487,kernelshap,0.3571660216365542,0.1279343332563128,0.9830442070960999
5059,4055,kernelshap,0.08358901739120483,0.06532247985402743,0.9994490742683411
5060,4475,kernelshap,0.28490121046511024,0.09459306872808017,0.9919978976249695
5061,3348,kernelshap,0.3313223465035359,0.08553969177107017,0.9958131909370422
5062,351,kernelshap,0.5127515247777888,0.060654617846012115,0.9872593283653259
5063,2509,kernelshap,0.16835818031141836,0.05182126212504602,0.999016284942627
5064,4030,kernelshap,0.1281954739242792,0.045200583059340715,0.9968666434288025
5065,1650,kernelshap,0.10004157022289607,0.05834320867839067,0.999357283115387
5066,2653,kernelshap,0.06025403878598843,0.05250357372580834,0.999255359172821
5067,4285,kernelshap,0.36899864114820957,0.0497603053227067,0.9913411736488342
5068,1468,kernelshap,0.7587765525095165,0.07695933384820819,0.9902837872505188
5069,2998,kernelshap,0.10913682281970978,0.07410785406827927,0.9990971088409424
5070,1270,kernelshap,0.5626188656315207,0.04669943870976567,0.9700825214385986
5071,297,kernelshap,0.33609161153435707,0.11199100812276204,0.9916892051696777
5072,2019,kernelshap,0.21091457594324042,0.0589674926466412,0.9993290901184082
5073,629,kernelshap,0.16133882634101376,0.032138834076543006,0.9969925880432129
5074,1944,kernelshap,0.285701141692698,0.05771826810780026,0.998633086681366
5075,953,kernelshap,0.1277820813028436,0.09383643653831984,0.9991455078125
5076,466,kernelshap,0.2531411270610988,0.06305055040866137,0.9924671053886414
5077,2200,kernelshap,-0.11825073931528174,0.0264393023174742,0.4452812671661377
5078,728,kernelshap,0.1592836928638545,0.126543635671789,0.9994852542877197
5079,3376,kernelshap,0.3824770087212847,0.06500581403573354,0.9961434602737427
5080,4549,kernelshap,0.12268540817637776,0.12823634949880977,0.9670119285583496
5081,72,kernelshap,-0.031866213006357995,-0.14944301593688228,0.46043118834495544
5082,4,kernelshap,0.08173442901449,0.12859431860294748,0.9973944425582886
5083,1098,kernelshap,0.25338724094468196,0.0510301275833233,0.9942672848701477
5084,2726,kernelshap,0.17876552939414977,0.024102930426597596,0.999093770980835
5085,2921,kernelshap,0.10981427878141403,0.07600075112921852,0.9979820251464844
5086,2531,kernelshap,0.066312693707321,0.12088937150395435,0.9994220733642578
5087,2614,kernelshap,0.11354398270768504,0.04570365048223926,0.9993896484375
5088,2434,kernelshap,0.44973794396581324,0.10725427341872248,0.8255192637443542
5089,3111,kernelshap,0.20311141439846583,0.028766368724861924,0.9797075986862183
5090,3615,kernelshap,0.3272123611059742,0.0503784018582192,0.9640594124794006
5091,3063,kernelshap,0.4690447967732325,0.08063667174428701,0.9986141920089722
5092,1385,kernelshap,0.20612983240021598,0.07077428499857584,0.9949799180030823
5093,128,kernelshap,0.38951874237794143,0.04082328921709305,0.8470497131347656
5094,1030,kernelshap,0.1638617169857025,0.07294557988643646,0.9899411797523499
5095,16,kernelshap,0.12279713273048401,0.041944753328959146,0.9863909482955933
5096,670,kernelshap,0.41960329404382996,0.0751193052891529,0.9812442660331726
5097,3743,kernelshap,0.14180582345918166,0.020392282757648202,0.9994787573814392
5098,2202,kernelshap,0.10823478948238284,0.06311190405557322,0.9909063577651978
5099,1615,kernelshap,0.27786875306031644,0.09513595012518075,0.9959613680839539
5100,1558,kernelshap,0.10733638073389347,0.047539668587537914,0.9992675185203552
5101,3953,kernelshap,0.234877314245285,-0.1228672695714374,0.37901660799980164
5102,304,kernelshap,0.24581095313324647,0.02470823187454074,0.9992388486862183
5103,4004,kernelshap,0.1571331424148459,0.06447717116067284,0.9994511008262634
5104,4547,kernelshap,0.6111512928334779,0.04350128977797752,0.9904848337173462
5105,1247,kernelshap,0.17736940950155258,0.06537908643484115,0.9959080219268799
5106,3136,kernelshap,0.2865859795775678,0.046248657835854426,0.9977060556411743
5107,1220,kernelshap,0.3558383684670716,0.018431072695213453,0.9980212450027466
5108,3261,kernelshap,0.8771583235926098,0.03686565856138865,0.9863646030426025
5109,1611,kernelshap,0.34163392105927837,0.1249893015393844,0.9235408902168274
5110,1181,kernelshap,0.049020623498492774,0.029512778255674575,0.9992200136184692
5111,2797,kernelshap,0.003796365112066269,-0.13852102270251826,0.17203807830810547
5112,610,kernelshap,0.44818260011876504,0.1246766440752076,0.9989365935325623
5113,3751,kernelshap,0.2290370956514821,-0.025001853252902176,0.791394829750061
5114,2248,kernelshap,0.02885999435033554,0.06268431284488776,0.9987683892250061
5115,99,kernelshap,0.38596975411239426,0.051340541557261817,0.9980423450469971
5116,3781,kernelshap,0.10734947104203074,0.0642659613176396,0.9994951486587524
5117,225,kernelshap,0.6232937092290205,0.05232539553852642,0.9991347193717957
5118,2103,kernelshap,0.23629714217450884,0.051115437514252134,0.9904856085777283
5119,2836,kernelshap,0.19203318001293554,0.07012468140299727,0.9911707639694214
5120,2924,kernelshap,0.06453654242724907,0.1183425271656455,0.9982529282569885
5121,2859,kernelshap,0.01901607434539234,-0.01384664633694817,0.44702982902526855
5122,2782,kernelshap,0.23885368078182906,0.04739862527602758,0.9973209500312805
5123,515,kernelshap,0.6363956759104857,0.049378491736747125,0.9992256164550781
5124,1951,kernelshap,0.3152654759394817,0.056122095156938605,0.9638931751251221
5125,3869,kernelshap,0.23813379340701632,0.15771439638402726,0.9699894189834595
5126,2263,kernelshap,0.2450541720697374,0.06835884307370041,0.991732120513916
5127,4006,kernelshap,0.32242518042524654,0.07148552065094312,0.9365668296813965
5128,4522,kernelshap,0.11272438863913219,0.05696495787964927,0.9287102818489075
5129,2137,kernelshap,0.19306514570207306,0.060219099575823005,0.9989307522773743
5130,3673,kernelshap,0.24862849367958195,0.034593606332563004,0.9934455156326294
5131,1707,kernelshap,-0.18929307641727583,-0.14958985256297247,0.2515707015991211
5132,314,kernelshap,0.1139921686828953,0.08553965961279934,0.9993185997009277
5133,1924,kernelshap,0.5189131851549502,-0.012900780748437953,0.7368393540382385
5134,2247,kernelshap,0.1598792395421437,0.05480981227897462,0.9445804357528687
5135,3901,kernelshap,0.5190387340479119,0.05727509980977968,0.9865525364875793
5136,1847,kernelshap,0.6972253810275685,0.05191061668323748,0.99727863073349
5137,1725,kernelshap,0.09839482529041095,0.2962006504336993,0.999278724193573
5138,3547,kernelshap,-0.18328540263727547,-0.12016525669323821,0.0022909927647560835
5139,4558,kernelshap,0.19587369826104906,0.09119779434469011,0.9979118704795837
5140,3403,kernelshap,0.5825225891585045,0.06872579391966475,0.9844356179237366
5141,3007,kernelshap,0.4856273774734952,-0.03832062862136147,0.9092604517936707
5142,2961,kernelshap,0.2720105731859803,0.029006227385252714,0.9357489943504333
5143,3591,kernelshap,0.4148978582199882,0.03957806176999036,0.9976986050605774
5144,571,kernelshap,0.31846266612410545,0.04622594118118286,0.9918489456176758
5145,4041,kernelshap,0.24588172005282508,0.07537543773651123,0.9645596146583557
5146,2629,kernelshap,0.10507477110340482,0.06044495708885647,0.9967537522315979
5147,3121,kernelshap,0.3158526007424701,0.05039841749451377,0.9962735176086426
5148,2701,kernelshap,0.14327966300554054,0.07601069641667743,0.9926167130470276
5149,3101,kernelshap,0.6146961787232647,0.10063752642384281,0.9948674440383911
5150,1863,kernelshap,0.34305432000580954,0.07438886472407509,0.99782794713974
5151,2908,kernelshap,0.16155248568501585,0.042858474129854246,0.9994472861289978
5152,4456,kernelshap,0.4228985776108774,0.10617229545658285,0.8976505398750305
5153,3230,kernelshap,0.0834432507936771,0.11395549774169922,0.7923704385757446
5154,2399,kernelshap,0.5269279048631066,0.17565978867442986,0.9342092871665955
5155,3447,kernelshap,0.18276959098875523,0.06730830110609531,0.9995092153549194
5156,1522,kernelshap,0.08359873294830322,0.04489750392509229,0.9994648098945618
5157,3295,kernelshap,0.24303292632102966,0.013601732254028321,0.8942312598228455
5158,495,kernelshap,0.6360558487082782,0.10415119834636387,0.8177621960639954
5159,317,kernelshap,0.2494954174419619,0.04022564471892591,0.999187171459198
5160,4319,kernelshap,0.09312090128660203,0.08209898869196573,0.9990465044975281
5161,2583,kernelshap,0.3702889753712548,0.028953341643015544,0.9599522352218628
5162,4536,kernelshap,0.49562176565329236,0.1735341317123837,0.9808602333068848
5163,551,kernelshap,0.16386046098626178,0.04207340465939563,0.9939906597137451
5164,950,kernelshap,0.17668384108050117,0.05509856343269348,0.9993846416473389
5165,2681,kernelshap,0.8342536611583184,0.03929903257537533,0.9989701509475708
5166,1720,kernelshap,0.10398903556845406,0.03203659369186922,0.9986968636512756
5167,3845,kernelshap,0.1296180509030819,0.2855950948316604,0.999030351638794
5168,1653,kernelshap,0.28897980600595474,0.07234587892889977,0.994971752166748
5169,1475,kernelshap,0.7485749433055903,0.047508242420661144,0.9835436940193176
5170,826,kernelshap,0.13687423850808825,0.14949757371629988,0.9929458498954773
5171,2235,kernelshap,0.05405675104031196,0.10266630122294793,0.9994392991065979
5172,1061,kernelshap,0.13079875379800796,0.11394362509250641,0.9965953230857849
5173,2353,kernelshap,0.039162445886462345,0.0788108639272989,0.9992517828941345
5174,2771,kernelshap,0.11689177743698421,0.08792664894932195,0.9995061159133911
5175,3467,kernelshap,0.1719356642381565,0.07573535474571022,0.9807337522506714
5176,1672,kernelshap,0.1277559057280824,0.05779270304215921,0.9995594620704651
5177,4093,kernelshap,0.6507791202929285,0.03764111465877957,0.9967077970504761
5178,2772,kernelshap,0.5137589286702374,0.16912361482779184,0.9860475063323975
5179,1352,kernelshap,0.46854404732584953,0.10032419487833977,0.9941739439964294
5180,1168,kernelshap,0.09309989566152746,0.1398512295701287,0.9994186162948608
5181,1928,kernelshap,0.1831446952290005,0.0960529883702596,0.9919043183326721
5182,2714,kernelshap,0.49926212534308434,0.06666736751794815,0.8787665367126465
5183,3211,kernelshap,0.46461897967166677,0.058744804803715196,0.9969128370285034
5184,4227,kernelshap,0.07686781778670194,0.09928511762828157,0.9984350800514221
5185,2379,kernelshap,0.5134449228644371,0.0755427360534668,0.9983804225921631
5186,3649,kernelshap,0.5896536724434959,0.21673738724655575,0.9394604563713074
5187,3624,kernelshap,0.11557648676197703,0.09640443106976951,0.9995593428611755
5188,3790,kernelshap,0.32204641877336704,0.04410840253880684,0.9988049268722534
5189,1898,kernelshap,0.0818139747494743,0.05977767670438403,0.998936116695404
5190,1664,kernelshap,0.48247709635056946,0.12955978904899798,0.9910966157913208
5191,3412,kernelshap,0.09918311479929331,0.057489644434000994,0.9994736313819885
5192,4179,kernelshap,0.22013934155305226,0.06191106935342153,0.9841135144233704
5193,32,kernelshap,0.5283510819650613,0.14454826712608337,0.9159712791442871
5194,1218,kernelshap,0.11890652078263303,0.12144540725870336,0.9995166063308716
5195,2565,kernelshap,0.11352929241698363,0.054497159760573816,0.9993822574615479
5196,2385,kernelshap,0.7687358558177948,0.02544727861881256,0.9984819293022156
5197,2592,kernelshap,0.5257648485047477,0.06671584418841771,0.7863647937774658
5198,3443,kernelshap,0.11076367894808452,0.04434384716053804,0.9974483251571655
5199,3365,kernelshap,0.10976046127708335,0.13291119627262415,0.9992196559906006
5200,338,kernelshap,0.6894124140472788,0.06759779312108692,0.9702622294425964
5201,1346,kernelshap,0.4378379848268297,0.26130884885787964,0.9144437909126282
5202,4523,kernelshap,0.21563161495659086,-0.013326470222738054,0.9180521368980408
5203,4054,kernelshap,0.3879280576728425,0.0061810536766951935,0.6432211995124817
5204,1577,kernelshap,0.1404734066826232,0.10642410022147158,0.9983749389648438
5205,1123,kernelshap,0.15733570276304734,0.06662001997925514,0.997806966304779
5206,3777,kernelshap,-0.4360085156175398,0.005875641389960243,0.03533075749874115
5207,752,kernelshap,0.10989839648422987,0.054213858492996383,0.9992679953575134
5208,681,kernelshap,0.18778974054889244,0.08940532160076228,0.9917995929718018
5209,4433,kernelshap,0.21498303625144458,0.14845827457151914,0.9969304203987122
5210,1904,kernelshap,0.7079262583015057,0.016303971982919253,0.8253421187400818
5211,2342,kernelshap,0.5042427340332343,0.07907426965479948,0.998218834400177
5212,2364,kernelshap,0.11604686318473383,0.06647804785858501,0.9994663596153259
5213,778,kernelshap,0.08351970476619268,0.0757507459592011,0.9361146092414856
5214,3001,kernelshap,0.6938738861883228,0.09775247458707202,0.9884476065635681
5215,3200,kernelshap,0.2864680433351743,0.07010239558784585,0.9977902173995972
5216,3921,kernelshap,0.3155769849160932,0.035018742084503174,0.9962112903594971
5217,3545,kernelshap,0.24596198955002954,0.09246771212886362,0.9760608077049255
5218,542,kernelshap,0.10429930303777968,0.08960193267890386,0.9987058639526367
5219,2272,kernelshap,0.44095413121912214,0.050112838546435036,0.9897513389587402
5220,391,kernelshap,0.37438957002667483,0.05409606402380425,0.9806801080703735
5221,1979,kernelshap,0.10378064036369324,0.0317985737323761,0.9497057199478149
5222,1150,kernelshap,0.7488891194807366,0.08214331138879061,0.9237070679664612
5223,149,kernelshap,0.08875043817928858,0.14108134933880398,0.9986693859100342
5224,2570,kernelshap,0.29161515831947327,0.1623298553259749,0.9868229627609253
5225,927,kernelshap,0.48827709443867207,0.08371700240033013,0.9929592609405518
5226,4017,kernelshap,0.10411359053669554,0.10999691215428439,0.9989086389541626
5227,1398,kernelshap,0.46421250058155433,0.22759350958992453,0.9888457655906677
5228,3635,kernelshap,0.06607911061672937,0.02999467509133475,0.9991046786308289
5229,505,kernelshap,0.23932197065122665,0.07108103219539888,0.9986055493354797
5230,3423,kernelshap,0.49997348357469606,0.20685948546116167,0.7715491056442261
5231,3247,kernelshap,0.5219167149625719,0.14599719643592834,0.9958134293556213
5232,1895,kernelshap,0.11725450969404644,0.049268758959240384,0.9992928504943848
5233,2286,kernelshap,0.3374809571674892,0.06466112988335745,0.9972063899040222
5234,4232,kernelshap,0.09388502935568492,0.048353054457240634,0.9928299784660339
5235,2595,kernelshap,0.1189913135021925,0.1791382891436418,0.9987068176269531
5236,1770,kernelshap,0.12865679690966736,0.062060501929875965,0.9991127848625183
5237,1267,kernelshap,0.13617738449212277,0.07488281166914737,0.9937105178833008
5238,3124,kernelshap,0.6923636301900401,0.024687135761434383,0.9518105387687683
5239,2125,kernelshap,0.0782868762811025,0.02487475886231377,0.9988439083099365
5240,1659,kernelshap,0.2725276168435812,0.05569592714309692,0.9825353622436523
5241,2909,kernelshap,0.2678375795483589,0.0811230331659317,0.9896961450576782
5242,1765,kernelshap,0.29874929164846736,0.060034990310668945,0.9915174841880798
5243,1560,kernelshap,-0.3170018506293394,0.17805858701467514,0.42819473147392273
5244,2967,kernelshap,0.09788181922501987,0.04990627161330647,0.997596800327301
5245,1416,kernelshap,0.07877807494472056,0.09263211138108197,0.9992648959159851
5246,1630,kernelshap,0.0696943998336792,0.045382229770932876,0.994085431098938
5247,449,kernelshap,0.06976202754087227,0.05713191836379295,0.9985476136207581
5248,152,kernelshap,0.42497191567606524,-0.2028358078227853,0.6268501281738281
5249,211,kernelshap,0.2810015536489941,0.046162725204513186,0.9976720213890076
5250,2032,kernelshap,0.14819176548293658,0.05597394332289696,0.9610276818275452
5251,902,kernelshap,0.12389202530567463,0.040622384884418584,0.9993207454681396
5252,3436,kernelshap,0.2516408847339118,0.04876187666138606,0.9847512245178223
5253,3198,kernelshap,0.4016548493504524,0.08074712246656418,0.9946434497833252
5254,57,kernelshap,0.26936602611572313,0.039026681429300554,0.9932764768600464
5255,3164,kernelshap,0.1384298050520467,0.06619642090563681,0.9993665814399719
5256,4303,kernelshap,0.28334293500154945,0.2473140863894901,0.3865921199321747
5257,1927,kernelshap,0.5063969443241755,0.06249825904766718,0.989018440246582
5258,3206,kernelshap,0.33316023587375077,0.06877507430476111,0.9988553524017334
5259,3388,kernelshap,0.6789536352523349,0.09587059644135562,0.9899905920028687
5260,816,kernelshap,0.16261886494855085,0.04727535725881656,0.9994173049926758
5261,3284,kernelshap,0.305714398230377,0.08193784285532801,0.998814582824707
5262,2765,kernelshap,0.09062660485506058,-0.07711065617891458,0.5901681780815125
5263,3970,kernelshap,0.11063263016311746,0.047332259777345155,0.9991254210472107
5264,885,kernelshap,0.44476923752914777,0.0568499817089601,0.9972060322761536
5265,249,kernelshap,0.7676749276297707,0.11917569608457627,0.9932523369789124
5266,2203,kernelshap,0.21953234361841323,0.047714864002897386,0.9943013191223145
5267,3115,kernelshap,0.12060337023037236,0.04907609740408456,0.999232292175293
5268,2341,kernelshap,0.09535167002400687,0.03781281099763027,0.9994705319404602
5269,4132,kernelshap,0.4624666951877891,0.15323708895242438,0.7690308690071106
5270,1781,kernelshap,0.13230114616453648,0.05720422479013602,0.9977916479110718
5271,4488,kernelshap,0.19930960983037949,0.07880428562993588,0.9995443224906921
5272,44,kernelshap,0.08082395027845334,0.16758095301114595,0.9981480836868286
5273,2390,kernelshap,0.20314194820821285,0.10260305926203728,0.9991089701652527
5274,286,kernelshap,0.3320939527316527,0.04243102771314708,0.9643418192863464
5275,1094,kernelshap,0.2483768156676922,0.08818446127873547,0.815365731716156
5276,1962,kernelshap,0.16560009501728357,0.06297473960063037,0.9978436231613159
5277,4530,kernelshap,0.19150663003688906,0.07097021980983455,0.9974662065505981
5278,202,kernelshap,0.18903554365038872,0.06839718669652939,0.9960434436798096
5279,237,kernelshap,0.36995514093533804,0.06526066783977591,0.9975428581237793
5280,2519,kernelshap,0.1541126450387443,0.051487229946182995,0.9916484355926514
5281,3870,kernelshap,0.18559343849911408,0.05068650023609984,0.9730283617973328
5282,1108,kernelshap,-0.21528534855072698,-0.028659546514973044,0.0036458508111536503
5283,2449,kernelshap,0.5696729295613134,0.09526521405752968,0.995836615562439
5284,2525,kernelshap,0.0424845669720624,0.0530388500239398,0.9991913437843323
5285,357,kernelshap,0.14605284968148108,0.10412965455780858,0.9849495887756348
5286,736,kernelshap,0.4821912861118714,0.050799181560675304,0.9983686804771423
5287,3918,kernelshap,0.20971425659954548,0.038062579557299615,0.9989615678787231
5288,3848,kernelshap,0.2577687234089181,0.06710102590354713,0.9983273148536682
5289,1953,kernelshap,0.38610048139733927,0.10053752096635955,0.9612942934036255
5290,1131,kernelshap,0.513617013891538,0.11715475221474965,0.7940917611122131
5291,261,kernelshap,0.061681656649819123,0.05610210890019381,0.9992940425872803
5292,3113,kernelshap,0.5387839925289154,0.23059227287769318,0.970764696598053
5293,379,kernelshap,0.09550389076801057,0.01600306972544244,0.9993364214897156
5294,4263,kernelshap,0.0982771179614923,0.02533754859215174,0.9988070726394653
5295,1521,kernelshap,0.05541393823093838,0.08950907323095533,0.9981088638305664
5296,1006,kernelshap,0.20513789050090006,0.026584621041249007,0.9991581439971924
5297,2099,kernelshap,0.5549227762513045,0.06481326498636385,0.9899472594261169
5298,4293,kernelshap,0.17175457434994834,0.18498771488666535,0.9991214871406555
5299,436,kernelshap,0.10178045727885686,0.12949983059213713,0.998141884803772
5300,368,kernelshap,0.21728380421797436,0.05771711369355519,0.9935798645019531
5301,3335,kernelshap,0.5609196638688445,0.1318819629959762,0.973648190498352
5302,3450,kernelshap,0.1263663997483808,0.06306221734645755,0.9894094467163086
5303,939,kernelshap,0.20908983395649836,0.0489420697584257,0.998868465423584
5304,3596,kernelshap,0.08423077869922557,0.029214664342555593,0.9944566488265991
5305,4027,kernelshap,0.056239864168067775,0.03438809048384428,0.9994283318519592
5306,4056,kernelshap,0.09467529021857078,0.08849507073561351,0.9989823698997498
5307,3946,kernelshap,0.16595727414415593,0.06761730606095832,0.9952074885368347
5308,1429,kernelshap,0.5836235211732296,0.1403791503264354,0.8791371583938599
5309,3847,kernelshap,0.48443615040246474,0.12285098084743987,0.9632099270820618
5310,1195,kernelshap,0.17059944834439986,0.04466269814199017,0.8619402647018433
5311,1003,kernelshap,0.7162894159555435,0.08940952037697408,0.992969810962677
5312,1465,kernelshap,0.14943736890951792,0.09642592602305942,0.9981902241706848
5313,2308,kernelshap,0.9373453063863265,0.0859706679055857,0.9977642297744751
5314,250,kernelshap,0.45204957326253253,0.28842171552694507,0.6969126462936401
5315,1579,kernelshap,0.03803803717217794,0.07774479142049463,0.9905306696891785
5316,3954,kernelshap,0.2751493686160376,0.0553793283395989,0.9991521835327148
5317,1105,kernelshap,0.2362400730450948,0.05825091898441315,0.9864060282707214
5318,3569,kernelshap,0.4628053605556488,0.11081141152897396,0.9641889929771423
5319,3943,kernelshap,0.19396686248290232,0.054714385515604265,0.9397312998771667
5320,1610,kernelshap,0.18722614718646538,0.16613442723344013,0.998532772064209
5321,3003,kernelshap,0.1334844557744152,0.07775223058349681,0.9991557598114014
5322,2100,kernelshap,0.09141346270387823,0.09984193832585306,0.9993533492088318
5323,403,kernelshap,0.36164130753075535,0.031896653500470246,0.986555814743042
5324,2746,kernelshap,0.3179513685729193,0.026995071898335995,0.934796929359436
5325,4535,kernelshap,0.13459360187358044,0.054233476519584656,0.997681736946106
5326,1022,kernelshap,0.2536397473886609,0.07043903274461627,0.9967067837715149
5327,1764,kernelshap,0.46149357826086795,0.038137504623995885,0.9904029369354248
5328,2231,kernelshap,0.42221104307100177,0.06771323503926396,0.9988033771514893
5329,3830,kernelshap,0.07263433486223221,0.06619780212640762,0.9991507530212402
5330,3357,kernelshap,0.20447820788476526,0.06231658996605292,0.9989792704582214
5331,1154,kernelshap,0.21266649060306095,0.06012446539742606,0.9977420568466187
5332,4461,kernelshap,0.3620045099939619,0.02114963805188938,0.9993699193000793
5333,4356,kernelshap,0.11861481451812912,0.06498237721183721,0.9749600291252136
5334,1788,kernelshap,0.466373369857973,-0.005730383858388784,0.7988119125366211
5335,813,kernelshap,0.6579431978364786,0.06325861977206336,0.965772807598114
5336,344,kernelshap,0.28724463118447197,0.06134558220704397,0.994411051273346
5337,1353,kernelshap,0.22619321488815805,0.0813200285901194,0.9664875268936157
5338,3951,kernelshap,0.21361398210330884,0.050393770239791094,0.9993706345558167
5339,2427,kernelshap,0.3408591426199391,0.0692727757351739,0.9975643157958984
5340,3287,kernelshap,0.3103951985637347,0.09739295227660073,0.9502406716346741
5341,1226,kernelshap,0.18714352751650462,0.08295053389014267,0.9986475110054016
5342,1678,kernelshap,0.2557104680782709,0.08413176505993573,0.991341769695282
5343,2941,kernelshap,0.5263897242342553,0.058462543821916346,0.9983413219451904
5344,1740,kernelshap,0.24581874252819433,0.10628264342866293,0.9993639588356018
5345,168,kernelshap,0.7130792132832787,0.12128909555348483,0.9438225626945496
5346,4577,kernelshap,0.5261322528850741,0.09178898465342639,0.9915236234664917
5347,1363,kernelshap,0.3781224191188812,0.10135088513294856,0.99774569272995
5348,853,kernelshap,0.1509982579946518,0.11874937534332275,0.9994274377822876
5349,387,kernelshap,0.29280855433613645,0.05072236002660265,0.9979690909385681
5350,3356,kernelshap,0.2989517492907388,0.06186947368440174,0.9928568601608276
5351,3746,kernelshap,0.3642392700368708,0.0633396975921862,0.9983327984809875
5352,3411,kernelshap,0.07245498781020825,0.09778844049343696,0.9995294809341431
5353,880,kernelshap,0.21222196271022162,0.20225179428234696,0.9876089096069336
5354,3464,kernelshap,0.3153887387209882,0.14541453899194798,0.9958645105361938
5355,1034,kernelshap,0.19659422602918414,0.08060023652182685,0.9986048340797424
5356,3564,kernelshap,0.16952971572225745,0.1486387233842503,0.998264729976654
5357,84,kernelshap,0.24020963385489516,0.04154666987332431,0.9993313550949097
5358,3903,kernelshap,0.37208225826422375,0.05288410600688723,0.9940381050109863
5359,1772,kernelshap,0.38784484896394944,0.033698840687672295,0.892763078212738
5360,42,kernelshap,0.6246754073283889,0.1100272536277771,0.9616796970367432
5361,4097,kernelshap,0.3541981096824874,0.0527165791262751,0.9007664322853088
5362,2943,kernelshap,0.32083599785199535,0.0360376605620751,0.9992274045944214
5363,4262,kernelshap,0.2178829361389323,0.11444736762744624,0.9909334182739258
5364,3099,kernelshap,-0.13553670234348927,-0.0679518750591858,0.006214184686541557
5365,3982,kernelshap,0.28756016134111967,0.2538532691973227,0.6208940744400024
5366,3797,kernelshap,0.07307941039077571,-0.08802185048822497,0.3251017928123474
5367,1730,kernelshap,0.351283307779919,0.045527243478731674,0.9543066024780273
5368,2616,kernelshap,0.4068360171819988,0.1282129315169234,0.9945579767227173
5369,476,kernelshap,0.5059141330904775,0.11198434465891355,0.9988596439361572
5370,1489,kernelshap,0.173249580914324,0.024121155522086404,0.9966388940811157
5371,2295,kernelshap,0.3354989697293537,0.04837012727086137,0.9955814480781555
5372,468,kernelshap,0.3260835700978835,0.08823857270181179,0.9972794651985168
5373,3608,kernelshap,0.20087287778204138,0.033513587306846275,0.9065811634063721
5374,4098,kernelshap,0.0961751788854599,0.13460551420362984,0.986187219619751
5375,1874,kernelshap,0.359877723490908,0.0262024530342647,0.9993380904197693
5376,290,kernelshap,0.1981776481324976,0.06180369908159429,0.9960606694221497
5377,383,kernelshap,0.26032463203255946,0.12117729393335488,0.9991720914840698
5378,3175,kernelshap,0.6373518906533718,0.168494413793087,0.9857865571975708
5379,4501,kernelshap,-0.020516747287635147,-0.2004304556497212,0.12315056473016739
5380,3622,kernelshap,0.3225726546176399,-0.08892088525352024,0.403207391500473
5381,2034,kernelshap,0.036161891132030846,0.046337314934100746,0.9993428587913513
5382,363,kernelshap,0.478914124044505,0.08462999896569685,0.9916552305221558
5383,3374,kernelshap,0.26707400936706394,0.12830762009994656,0.9985848665237427
5384,1640,kernelshap,0.17476041372432266,0.1316611836122912,0.9966698288917542
5385,1448,kernelshap,0.15334513038396835,0.0590319601875363,0.9965840578079224
5386,957,kernelshap,0.2590859293937683,0.0558494633436203,0.996331512928009
5387,4028,kernelshap,0.35175314062350505,0.09604113166396683,0.9583606123924255
5388,3583,kernelshap,0.1662718504667282,0.022242324132668346,0.9989262223243713
5389,3657,kernelshap,0.5346477997303009,0.10597308278083802,0.9940369129180908
5390,4436,kernelshap,0.4038934121529261,0.11209057437049018,0.9842575788497925
5391,3203,kernelshap,0.2750859537294933,0.05336063532602219,0.6920673847198486
5392,3487,kernelshap,0.43260136177373487,0.0609998578249022,0.9533994197845459
5393,4109,kernelshap,0.5074965334497392,0.07470453956297465,0.6673213243484497
5394,197,kernelshap,0.25660697933362453,0.0816456705940013,0.998417854309082
5395,3854,kernelshap,0.07853054716473534,0.07651328259990328,0.9992596507072449
5396,2128,kernelshap,0.21482060477137566,0.09274756624585107,0.9992577433586121
5397,2884,kernelshap,0.07391831161929112,0.1451835176523994,0.9994655251502991
5398,213,kernelshap,0.679189604079845,0.07149652467698467,0.986492931842804
5399,2214,kernelshap,-0.03554783694169207,-0.050446401170857656,0.001623338321223855
5400,3161,kernelshap,0.12052137858983947,0.09327814637160883,0.9994334578514099
5401,907,kernelshap,0.13880243020899155,0.1244625075190675,0.9981001019477844
5402,2498,kernelshap,0.16428734324872493,0.017421986162662505,0.998960018157959
5403,2197,kernelshap,0.2128596921952871,0.09030449046538426,0.9983829259872437
5404,1493,kernelshap,0.5375782869317952,0.08848357069141724,0.9405252933502197
5405,176,kernelshap,0.5239892516285181,0.038279374156679424,0.9933602213859558
5406,3451,kernelshap,0.2774084210395813,0.06738508108890418,0.9989234805107117
5407,2551,kernelshap,0.12503759217049396,0.08332391987953867,0.9902015328407288
5408,1829,kernelshap,0.14168449233878744,0.03264417404478247,0.9994402527809143
5409,4525,kernelshap,0.20841663498051313,0.09171369002789867,0.9970123767852783
5410,47,kernelshap,0.1360400698932947,0.025476750205544865,0.999426007270813
5411,2650,kernelshap,0.08591513889176505,0.04583822871957507,0.9995126724243164
5412,139,kernelshap,0.39408771422776306,0.08927536417137492,0.9588784575462341
5413,2922,kernelshap,0.257278018377044,0.040899442542683,0.9993489384651184
5414,3642,kernelshap,0.15497482270002366,0.0608993873000145,0.9988958835601807
5415,3719,kernelshap,0.23493566976653205,0.06882411042849222,0.9944077730178833
5416,3053,kernelshap,0.36219491720199587,0.07591288477182388,0.8891727924346924
5417,1889,kernelshap,0.4225603262158601,0.07348585834628657,0.9610589742660522
5418,1470,kernelshap,0.1374111861774796,0.08625443162102449,0.9985764026641846
5419,4096,kernelshap,0.27019364352930675,0.07567612330118816,0.989296019077301
5420,2293,kernelshap,0.1351440719714979,0.03449157679953226,0.9994111061096191
5421,251,kernelshap,0.6356526404619217,0.03456687033176422,0.974237859249115
5422,4358,kernelshap,0.18522029564432477,0.07420730072519054,0.9950791597366333
5423,2791,kernelshap,0.10345402577271064,0.048853388987481594,0.9987816214561462
5424,3028,kernelshap,0.07093353668848673,0.027496157089869182,0.9987490177154541
5425,215,kernelshap,0.3811920994649763,0.06320145240296489,0.9987908005714417
5426,2298,kernelshap,0.40514431782066823,0.03404493369162083,0.9964422583580017
5427,1533,kernelshap,0.05955866456031799,-0.11334858357906341,0.6086938381195068
5428,2852,kernelshap,0.1338936270669449,0.03380264099254165,0.9918903112411499
5429,933,kernelshap,0.17149469362837927,0.05488565883466175,0.9992483258247375
5430,2679,kernelshap,0.36766486018896105,0.08009348511695862,0.9879344701766968
5431,3072,kernelshap,0.0539559204545286,0.03737436027990447,0.9992577433586121
5432,1681,kernelshap,0.292366975482474,0.02576898957820649,0.9828292727470398
5433,914,kernelshap,0.12651723527139233,0.02472355192707431,0.999286949634552
5434,2306,kernelshap,0.10560192930143933,0.10950527565423833,0.9987727999687195
5435,3841,kernelshap,0.11237898665039163,0.04167936781519338,0.9986420273780823
5436,3570,kernelshap,0.48071603143982816,0.03388074943513581,0.9980530738830566
5437,2211,kernelshap,0.7326121793100329,-0.0036813363884434557,0.9349544048309326
5438,2857,kernelshap,-0.2165481926730046,-0.17074696261149186,0.21262961626052856
5439,1766,kernelshap,0.16672697840701967,0.1466411177978097,0.9990941286087036
5440,498,kernelshap,-0.15046890825033188,-0.037867911881016146,0.05736610293388367
5441,2230,kernelshap,0.1922681612583498,0.05306439163784186,0.9966093301773071
5442,884,kernelshap,0.5269623157634798,-0.09165486977213905,0.6775282621383667
5443,3275,kernelshap,0.22638177374998728,0.17032604796044967,0.9664580821990967
5444,1991,kernelshap,0.46287241553266845,0.09746981114149093,0.9986211061477661
5445,3426,kernelshap,-0.1651476495726793,-0.02603256277722755,0.0023448080755770206
5446,566,kernelshap,0.0625171725814407,0.07700185759647472,0.9992467164993286
5447,3457,kernelshap,0.12130989962153965,0.04269676241609785,0.998980700969696
5448,2792,kernelshap,0.2583595243367282,0.03717429746281017,0.9960203766822815
5449,4095,kernelshap,0.18239607891211143,0.06530776304694322,0.99498051404953
5450,2257,kernelshap,0.38876547821258245,0.10670319866192968,0.9961966276168823
5451,4129,kernelshap,0.37172648012638093,0.04313601766313825,0.6013912558555603
5452,1606,kernelshap,0.26523452798525493,0.0868500163157781,0.996669352054596
5453,439,kernelshap,0.47598897852003574,0.052055714238021106,0.9968563318252563
5454,2737,kernelshap,0.6333522545173764,0.07194351889193058,0.9930230379104614
5455,2008,kernelshap,0.4997996739869894,0.035539452419724574,0.980529248714447
5456,3731,kernelshap,0.7208973122355731,0.08363132308358731,0.9366511106491089
5457,3519,kernelshap,0.0669712300630326,0.09677988734651119,0.9982911944389343
5458,2678,kernelshap,0.4027557441073915,0.11709550865318465,0.9567103981971741
5459,4561,kernelshap,0.10468470603227616,0.09629030972719192,0.9962685108184814
5460,3617,kernelshap,0.20290436681259322,-0.23232007993234172,0.29665276408195496
5461,1998,kernelshap,-0.029815916987982662,-0.11951076058727322,0.0412522628903389
5462,1121,kernelshap,0.7374136261006986,0.3363592238588767,0.9835547804832458
5463,2601,kernelshap,0.23868015984242613,0.05399598519910465,0.9989109039306641
5464,1261,kernelshap,0.07925464747807918,0.05956328755769974,0.9994351267814636
5465,2275,kernelshap,0.4072278499603271,0.05748331248760223,0.9245105981826782
5466,2611,kernelshap,0.14646964222192765,0.0593450453132391,0.9992610812187195
5467,844,kernelshap,0.46275164571500593,0.11646863097144712,0.9531400799751282
5468,4265,kernelshap,0.6175671660381815,0.1017145741245021,0.9553266763687134
5469,27,kernelshap,0.06364531902705922,0.03376135463808097,0.9992986917495728
5470,229,kernelshap,0.593476817086339,0.08376794755458832,0.9817320704460144
5471,862,kernelshap,0.05422783168879422,0.0222175270318985,0.9989375472068787
5472,3155,kernelshap,0.2910111624126633,0.04871970818688472,0.9988868832588196
5473,4039,kernelshap,0.07700110495090484,0.1555750399827957,0.9874572157859802
5474,183,kernelshap,0.5127096975391562,0.024851053953170776,0.8408257365226746
5475,2360,kernelshap,0.3246955640854374,0.05754295952858463,0.9968122839927673
5476,2348,kernelshap,0.3677006655118682,0.13680135797370563,0.8021566271781921
5477,238,kernelshap,0.11556070636619221,0.050478942466504646,0.9872130751609802
5478,3180,kernelshap,0.12874286561398893,0.08488356986561336,0.9992392063140869
5479,2581,kernelshap,0.452806717050927,0.07398308946618012,0.9943011999130249
5480,1567,kernelshap,0.0914889364861525,0.03913545551208349,0.998291552066803
5481,2925,kernelshap,0.1452021369089683,0.08009400001416604,0.9994780421257019
5482,523,kernelshap,0.4402466420616422,0.05432136484554836,0.9963511228561401
5483,1035,kernelshap,0.21445647365338094,0.038232065535880426,0.9714162945747375
5484,2402,kernelshap,0.10077319366316642,0.08749375708641545,0.9966562986373901
5485,2312,kernelshap,0.19049682219823202,0.05426566468344794,0.9954087138175964
5486,1225,kernelshap,0.15541200518608092,0.026331943273544312,0.999314546585083
5487,2069,kernelshap,0.14377494882314634,0.12272530794143677,0.9992940425872803
5488,423,kernelshap,0.1154270183730435,0.050375537438826126,0.999146580696106
5489,4427,kernelshap,0.17456333103932833,0.055557080789616235,0.9972666501998901
5490,1174,kernelshap,0.10004324157063554,0.03481491673283461,0.9946218729019165
5491,1490,kernelshap,0.2147682182716601,0.16741898791356521,0.9994750618934631
5492,2020,kernelshap,0.4323317821730267,0.1108843640170314,0.9884366989135742
5493,1837,kernelshap,-0.4623815998679302,0.10390195366544802,0.19283337891101837
5494,3730,kernelshap,0.4704724058690595,0.19242568277731176,0.9857283234596252
5495,1586,kernelshap,0.1533397930733701,0.08085662665519308,0.9994356036186218
5496,3595,kernelshap,0.029427493873395418,0.07412270809474744,0.9992507100105286
5497,2622,kernelshap,0.016978861355200048,0.03750623217443141,0.9990929365158081
5498,2173,kernelshap,0.10117115156772809,0.13203410766063592,0.9975391626358032
5499,2153,kernelshap,0.1591182864726858,0.052960776585213684,0.9989340901374817
5500,1139,kernelshap,0.22245183516116368,0.08214030734130315,0.99576735496521
5501,4101,kernelshap,0.2662430354527065,0.1384263404778072,0.9974703788757324
5502,4005,kernelshap,0.47013436920113033,0.060245310266812645,0.920300304889679
5503,1530,kernelshap,0.11584894540833264,0.03557795068112815,0.9989368319511414
5504,4259,kernelshap,0.370748202945735,0.041959566039008064,0.9868696331977844
5505,2175,kernelshap,0.35274996941393993,0.03265599589398567,0.998029887676239
5506,1016,kernelshap,0.14604271467654936,0.06135550910426724,0.9987121820449829
5507,1575,kernelshap,0.1904856732078627,0.05706909415768642,0.988329291343689
5508,1333,kernelshap,0.5088986195623875,0.1413788189264861,0.997680127620697
5509,1380,kernelshap,0.13377190110358325,0.11034024574539879,0.9898627996444702
5510,1428,kernelshap,0.228196621817701,0.09103801408234764,0.9926486611366272
5511,2027,kernelshap,0.1692975527391984,0.04693879960821225,0.9842751622200012
5512,1039,kernelshap,0.11449963927268982,0.03739284992218018,0.9986599683761597
5513,22,kernelshap,0.2603701969911886,0.04122665593790453,0.9752492904663086
5514,1276,kernelshap,0.15313437720760703,0.06922442093491554,0.998924195766449
5515,1367,kernelshap,0.4743242969000062,0.08105744941290034,0.9712473750114441
5516,147,kernelshap,0.26348217842834337,0.13414741147841727,0.9817050695419312
5517,3226,kernelshap,0.2807619488901562,0.06032831249413667,0.9958255290985107
5518,4586,kernelshap,0.05128488136876014,0.11313555894359466,0.9990346431732178
5519,2301,kernelshap,0.4823774362014512,0.026089425309229704,0.9713895320892334
5520,2466,kernelshap,0.10967719891378956,0.11708602934114394,0.9994401335716248
5521,2876,kernelshap,0.5858186483383179,0.046380276863391585,0.9326568841934204
5522,2213,kernelshap,0.8772263028400226,0.15948045626282692,0.9941562414169312
5523,2261,kernelshap,0.10606690152333333,0.03624137548299936,0.9990488886833191
5524,1956,kernelshap,0.04509872028773481,0.03668554059483788,0.21360939741134644
5525,2369,kernelshap,0.5269088773651326,0.07936306519711271,0.9757903218269348
5526,190,kernelshap,0.07404325488540861,0.02187746846013599,0.9993757605552673
5527,1834,kernelshap,0.1895136234851984,0.03245222912384914,0.9904553294181824
5528,2393,kernelshap,0.43029212123817867,0.03124426884783639,0.8728262186050415
5529,282,kernelshap,0.07916289876247275,0.09565917402505875,0.9992960691452026
5530,1916,kernelshap,0.42746125464327633,0.07175093330442905,0.9962771534919739
5531,4527,kernelshap,0.6091005899721668,0.06463417268934704,0.9958440661430359
5532,1324,kernelshap,0.35861538618038863,0.0615655413040748,0.997307300567627
5533,3576,kernelshap,0.2133457894260819,0.027360916137695312,0.9993765950202942
5534,4029,kernelshap,0.24102853142446087,0.04269259687392942,0.9840233325958252
5535,1683,kernelshap,0.4861489923103996,0.021808306808057037,0.9959592223167419
5536,4353,kernelshap,0.3721113557495722,-0.12054631332071816,0.6442529559135437
5537,273,kernelshap,0.19094529403943797,-0.07604829967021942,0.4366813004016876
5538,1970,kernelshap,0.10971696430986577,0.06092890988696705,0.9992675185203552
5539,903,kernelshap,0.5710184051699582,0.06932140780346734,0.9751281142234802
5540,3599,kernelshap,0.1738602502987935,0.062350135124646704,0.9986629486083984
5541,2499,kernelshap,0.6851690501719713,-0.04078880846500397,0.7589396238327026
5542,3514,kernelshap,0.07005581194939821,0.08784069056096284,0.9938662648200989
5543,2991,kernelshap,0.24958948320464083,0.06287214356033426,0.9984467625617981
5544,3705,kernelshap,0.2164445649832487,0.04883490577340126,0.9963952898979187
5545,2014,kernelshap,0.19927645173478634,0.055571770414393,0.9991874098777771
5546,257,kernelshap,0.5522430357005861,0.06866377702465763,0.9354739189147949
5547,3721,kernelshap,0.20831679125301172,0.02906250440683521,0.999211311340332
5548,2368,kernelshap,0.04209339618682861,0.03471460110611386,0.9995133876800537
5549,3689,kernelshap,0.21033806528182739,0.043918615643014296,0.9995414018630981
5550,2574,kernelshap,0.04184881191362034,0.059762599567572273,0.9986448884010315
5551,4260,kernelshap,0.271639422936873,0.07739144699140028,0.9845682382583618
5552,517,kernelshap,0.2432732035916659,0.11047691827820193,0.9890824556350708
5553,3170,kernelshap,0.20600812945112185,-0.0629134766153387,0.37728896737098694
5554,3201,kernelshap,0.6809562879800797,0.09441102743148803,0.9731975793838501
5555,3194,kernelshap,0.25991803925970325,0.02286446029725282,0.9696018099784851
5556,3897,kernelshap,0.18994588740170001,0.07535335160791874,0.9893485307693481
5557,858,kernelshap,0.4062989838421345,0.0954641941934824,0.953101634979248
5558,19,kernelshap,-0.09769793627438722,-0.09130400750372145,0.19863805174827576
5559,699,kernelshap,0.2398627985406805,0.07099891757523571,0.9981850981712341
5560,575,kernelshap,0.11912014552702506,0.04025561983386675,0.9992434978485107
5561,1646,kernelshap,0.09680232760452089,0.08320942059868858,0.998680055141449
5562,3623,kernelshap,0.06060645929196986,0.030369840744065076,0.9992762207984924
5563,599,kernelshap,0.6689832743955776,-0.030764906853437423,0.8552141785621643
5564,2894,kernelshap,0.09500698977046543,0.12126057744026184,0.9994414448738098
5565,305,kernelshap,0.2881320296031124,0.32515340396818126,0.7452290058135986
5566,3433,kernelshap,0.3490739571598341,0.16618189637391073,0.9913182258605957
5567,3826,kernelshap,0.41780948605802326,0.10394768582450019,0.833632230758667
5568,1350,kernelshap,0.27052075284368854,0.06388071442351621,0.999143123626709
5569,2129,kernelshap,0.4627403031018647,0.06810642541809515,0.9817749261856079
5570,1422,kernelshap,0.39045062739598124,0.0482892676403648,0.9939923882484436
5571,3819,kernelshap,0.3805437128652226,0.07555921375751495,0.9720261693000793
5572,1527,kernelshap,0.09417309761047363,0.04045912563800812,0.9995263814926147
5573,1087,kernelshap,0.09569724784656004,0.020069818943738937,0.9994671940803528
5574,1484,kernelshap,0.2674848081135168,0.09456632849646777,0.9925711750984192
5575,3513,kernelshap,0.28153027668595315,0.08486025854945183,0.9936748147010803
5576,3361,kernelshap,0.5877417254779074,0.07873968680699667,0.9925170540809631
5577,1323,kernelshap,0.7452532641589642,0.08940152376890183,0.9002510905265808
5578,1553,kernelshap,0.6711723673201743,0.06597892514296941,0.9968364238739014
5579,3687,kernelshap,0.07066424111170429,0.10623092816344329,0.9988264441490173
5580,4368,kernelshap,0.14399291334613676,0.04374974677639623,0.9993677735328674
5581,3165,kernelshap,0.19156999691672946,0.08183037457258804,0.9985639452934265
5582,1309,kernelshap,0.4770650107300643,0.06138074939901179,0.9942368268966675
5583,2983,kernelshap,0.3992389446267715,0.05672483795728439,0.9794597029685974
5584,3378,kernelshap,0.558393688665496,0.2521053100073779,0.972556471824646
5585,345,kernelshap,-0.041809086080478584,-0.13705283063261406,0.22643691301345825
5586,1086,kernelshap,0.21472016628831625,0.1441024586558342,0.9965366125106812
5587,923,kernelshap,0.26864306231339774,0.049451858301957446,0.9984931945800781
5588,1571,kernelshap,0.2384053603745997,0.10196129558607936,0.9976995587348938
5589,842,kernelshap,0.4498707043881319,0.06909847867732145,0.9669604301452637
5590,2165,kernelshap,0.6429190297539418,0.4089229674293445,0.9136630296707153
5591,608,kernelshap,0.15092183277010918,0.08101484924554825,0.9965329170227051
5592,285,kernelshap,0.29406479983167216,0.10611850023269653,0.9881919026374817
5593,2009,kernelshap,0.179086141965606,0.08408436721021478,0.9968289732933044
5594,807,kernelshap,0.7991311787519344,0.19587614335292994,0.9934793710708618
5595,4511,kernelshap,0.17523529504736265,0.08590745429197948,0.9991313815116882
5596,2495,kernelshap,0.04096087754941454,0.03577809064996009,0.9992901086807251
5597,405,kernelshap,0.23094311964755154,0.0381464988601451,0.9991509914398193
5598,218,kernelshap,0.46655134327950015,0.07475039266770886,0.9951441287994385
5599,1976,kernelshap,0.268083792924881,0.050577397857393534,0.9597140550613403
5600,4040,kernelshap,0.6540480120615526,0.03729746016589078,0.9750842452049255
5601,2461,kernelshap,0.057136926687125,0.04376701784856392,0.999349057674408
5602,2095,kernelshap,0.21060863587091555,0.06084460582373277,0.9949711561203003
5603,327,kernelshap,0.37163746257623037,-0.15708926022052766,0.5873706340789795
5604,2957,kernelshap,0.18190301575903164,-0.03400116603253251,0.9203109741210938
5605,1778,kernelshap,0.4908483711381753,0.09886918341120084,0.9840218424797058
5606,688,kernelshap,0.551906160150583,0.06284755659409058,0.9932776093482971
5607,393,kernelshap,0.23703880493457502,0.0802101072592613,0.6850461363792419
5608,3495,kernelshap,0.16400825696171456,0.024222507229391135,0.9981430768966675
5609,2741,kernelshap,0.08073046738686769,0.04916714650133382,0.9992361068725586
5610,3105,kernelshap,0.5895868572204009,0.08295032252436099,0.9249241352081299
5611,3579,kernelshap,0.382536278452192,0.034513453926358906,0.9520959258079529
5612,4460,kernelshap,0.22492958319948075,0.05740853066140033,0.9898013472557068
5613,1491,kernelshap,0.11884838656375282,0.08447254998119254,0.9982465505599976
5614,882,kernelshap,0.6577168545789189,0.077789349688424,0.9501113295555115
5615,2085,kernelshap,0.7319559316944193,0.1383733501036962,0.9845461845397949
5616,1769,kernelshap,0.36429422608641693,0.2781818467517232,0.9936925172805786
5617,3177,kernelshap,0.21941680141857692,0.07484379027570998,0.786124587059021
5618,3766,kernelshap,0.1415500587377793,0.13351135108715448,0.9932982325553894
5619,2049,kernelshap,0.08405919000506401,0.06901447894051671,0.9959898591041565
5620,794,kernelshap,0.15375049242919142,0.07265603440729054,0.9991806149482727
5621,1617,kernelshap,0.3729229749490817,0.04209519405331877,0.9971369504928589
5622,21,kernelshap,0.0646200433925346,0.015689411648997554,0.9991961121559143
5623,2626,kernelshap,0.276764041185379,0.044316017627716066,0.9990397095680237
5624,2199,kernelshap,-0.10414444878697396,-0.14683678762780294,0.11630181223154068
5625,4578,kernelshap,0.2657995807363632,0.06051015631949648,0.9979962110519409
5626,1535,kernelshap,0.555723644536117,0.18427719124432268,0.965785801410675
5627,1012,kernelshap,0.5264922888018191,0.057167431339621544,0.9110031127929688
5628,3302,kernelshap,0.3143620481342077,0.10959026247262954,0.9966009259223938
5629,3059,kernelshap,0.16758822004000345,0.05732749899228414,0.9944150447845459
5630,1172,kernelshap,0.1747808852656321,0.09081315689466217,0.9994309544563293
5631,3322,kernelshap,0.08843507931420677,0.10647884364190854,0.9869601726531982
5632,3232,kernelshap,0.6029356014491483,0.030420009385455738,0.6787059307098389
5633,3859,kernelshap,0.18921116835031754,0.03742390947464185,0.9994000196456909
5634,1015,kernelshap,0.2501084887704184,0.032167099242986635,0.9988258481025696
5635,1364,kernelshap,0.3921871120515077,0.05233282401509907,0.9986250400543213
5636,2757,kernelshap,0.08269508746830193,0.06884612223586521,0.9965582489967346
5637,182,kernelshap,0.800436650329799,0.05537096630124485,0.9968185424804688
5638,1107,kernelshap,0.10954954833896072,0.07124588031459737,0.9994277358055115
5639,188,kernelshap,0.6502198321478707,0.029814276950699943,0.9641963839530945
5640,2990,kernelshap,0.4269544177999099,0.04327385748426119,0.9777076244354248
5641,2951,kernelshap,0.12231102585792542,0.0659840287019809,0.9268053770065308
5642,3539,kernelshap,0.11201683871257,0.05465370951554714,0.9992080330848694
5643,3473,kernelshap,0.4497386583437522,0.07102458085864782,0.9916621446609497
5644,1655,kernelshap,0.37405794632175693,0.17099607573903125,0.9561798572540283
5645,3422,kernelshap,0.1654242121655008,0.02267431888891303,0.9873555302619934
5646,4077,kernelshap,0.2471539509005663,0.05373024068227628,0.9864309430122375
5647,3015,kernelshap,0.18437769047675595,0.07399553060531616,0.9961894154548645
5648,2713,kernelshap,0.31018977211071896,0.08959929874310127,0.9959392547607422
5649,3397,kernelshap,0.19802363819264351,0.07199513721973338,0.9982140064239502
5650,1266,kernelshap,0.35006552154109594,0.044894143229439146,0.9910101890563965
5651,1623,kernelshap,0.19285954334414923,0.043434080023031965,0.9975281357765198
5652,3358,kernelshap,0.10385006595225561,0.031653417008263726,0.9994218349456787
5653,373,kernelshap,0.12210988206788898,0.06675480073317885,0.9986394047737122
5654,2026,kernelshap,0.3032772137059106,0.05845510164896647,0.9973853230476379
5655,1524,kernelshap,0.10313269725212684,0.07554236971415006,0.9991912245750427
5656,422,kernelshap,0.2697704143467404,0.06502000206992739,0.9964370727539062
5657,3169,kernelshap,0.120225710903897,0.0837902010363691,0.9984326958656311
5658,3650,kernelshap,0.46523195667700334,0.0687700702385469,0.9988405108451843
5659,3800,kernelshap,0.48565622755980237,0.04493927892218245,0.9954853653907776
5660,1120,kernelshap,0.09850030715735454,0.07107683425804354,0.9985499978065491
5661,2249,kernelshap,0.219696915080381,0.01947480370832044,0.999239444732666
5662,4043,kernelshap,0.11490167330863864,0.059754134264103205,0.9995046854019165
5663,616,kernelshap,0.2581369075281867,0.06252018439358678,0.9932864308357239
5664,2691,kernelshap,0.25717884020225423,0.040862867961058744,0.9945648908615112
5665,2043,kernelshap,0.2282469945826701,0.07696414472801345,0.9893264770507812
5666,3188,kernelshap,0.7757224082481116,-0.0009159919619560242,0.9561892151832581
5667,2835,kernelshap,0.420659286614794,0.07161923899100377,0.9964105486869812
5668,4211,kernelshap,0.16117043097813924,0.05100413709878922,0.9993695616722107
5669,917,kernelshap,0.6493742726743221,0.09021563408896327,0.9769731760025024
5670,4100,kernelshap,0.3298487666580412,0.09241385095649296,0.9941927790641785
5671,1162,kernelshap,0.09429734945297241,0.11016358907629804,0.9986494183540344
5672,3716,kernelshap,0.23334453064341878,0.06719346136547798,0.9980462789535522
5673,1248,kernelshap,0.04257326118829774,0.18908561002917407,0.9990745782852173
5674,828,kernelshap,0.11024053775249644,0.06439432596906702,0.9993220567703247
5675,2243,kernelshap,-0.10137577000404557,-0.08054436053780298,0.019019760191440582
5676,2902,kernelshap,0.12478355472942568,0.04598278819390063,0.9966222047805786
5677,337,kernelshap,0.5456963585546384,0.08951882750560076,0.9783531427383423
5678,2351,kernelshap,0.08937273085117341,0.03069265902042389,0.9992207288742065
5679,1959,kernelshap,0.6915317103266716,0.08502292260527611,0.9609718918800354
5680,3431,kernelshap,-0.08304621048591798,-0.013922362156336021,0.00046993696014396846
5681,4374,kernelshap,0.45469535491904434,0.04194727235910844,0.9872118830680847
5682,1102,kernelshap,0.29478716805125726,0.03183449624162732,0.999197781085968
5683,1246,kernelshap,0.05695011479812756,0.10348787459365108,0.9996080994606018
5684,1176,kernelshap,0.5866008108688725,0.08881377279758454,0.9969789981842041
5685,4579,kernelshap,0.05945489737722609,0.057503837015893726,0.9994199275970459
5686,3195,kernelshap,0.274535670876503,-0.08239977412364062,0.6346989870071411
5687,2790,kernelshap,0.13384829640388488,0.10283154249191284,0.9861191511154175
5688,3877,kernelshap,0.7282480753603435,0.0319105266105561,0.9876953363418579
5689,93,kernelshap,0.2968209224731423,0.04416755257650863,0.9915067553520203
5690,2795,kernelshap,0.5625393879977433,0.29233791377093343,0.7535057663917542
5691,2317,kernelshap,0.29972046275030484,0.024219173260710457,0.96194988489151
5692,385,kernelshap,0.07057730032473195,0.025289307443463072,0.9994681477546692
5693,913,kernelshap,0.08766320618716153,0.03198250857266513,0.9994449019432068
5694,693,kernelshap,0.3971276890348505,0.07137125785704013,0.9457829594612122
5695,3241,kernelshap,0.3865390241146088,0.053248999267816545,0.9732812643051147
5696,2471,kernelshap,0.27557374111243654,0.08632584220292616,0.982262372970581
5697,311,kernelshap,0.11838852375183466,0.1850153887468689,0.9971117973327637
5698,334,kernelshap,0.600341324597808,0.05160745978355408,0.9988366961479187
5699,861,kernelshap,0.054967374713332566,0.06822892444001304,0.999292254447937
5700,1454,kernelshap,0.20289240032434464,0.07354968330926365,0.870018720626831
5701,2684,kernelshap,0.5027017424691398,0.040898990518641924,0.9973424077033997
5702,1224,kernelshap,0.419843960388173,0.23874370222009958,0.4944649934768677
5703,2585,kernelshap,0.20037297782849292,0.09646594706846744,0.9993125200271606
5704,708,kernelshap,0.07170596913151119,0.048467477378637894,0.999289870262146
5705,3141,kernelshap,0.07017113851464313,0.06403506190880486,0.9991186261177063
5706,38,kernelshap,0.27943317732721007,0.0951183297724094,0.9958574175834656
5707,2683,kernelshap,0.445279598608613,0.0424132414162159,0.9975536465644836
5708,935,kernelshap,0.20344040862151555,0.0670906731060573,0.9975470900535583
5709,3339,kernelshap,0.14864960021298865,0.0419335122341695,0.9989293217658997
5710,1325,kernelshap,0.5652134744233863,0.0559772509475087,0.9911705255508423
5711,2120,kernelshap,-0.12512030963804208,-0.2667728303109898,0.1793193370103836
5712,470,kernelshap,0.3633367371540971,0.024628720632413538,0.9710757732391357
5713,3393,kernelshap,0.19029291497694478,0.05275398049805615,0.9974689483642578
5714,1942,kernelshap,0.23792216212799153,0.06373797946919997,0.9988511800765991
5715,3371,kernelshap,0.394533002956046,0.04761742469337252,0.9979150891304016
5716,1713,kernelshap,0.3448776541956012,-0.1877759708010632,0.3988629877567291
5717,160,kernelshap,0.08015587688847021,0.08098769831386479,0.9973318576812744
5718,1192,kernelshap,0.1142781138420105,0.07897026799619197,0.9993274211883545
5719,2161,kernelshap,0.0729115311358426,0.040831042705355466,0.9993523955345154
5720,3925,kernelshap,0.28905907761855204,0.04621619963255085,0.9852386116981506
5721,3619,kernelshap,0.2662137465817588,0.11980915665626526,0.9477124810218811
5722,4209,kernelshap,0.5923134684562683,0.404771694006064,0.9352366328239441
5723,3524,kernelshap,0.32040542242643627,0.03974117209082064,0.9971683621406555
5724,353,kernelshap,0.19022961721128348,0.0477418631923442,0.9979647397994995
5725,2548,kernelshap,0.15746197175411952,0.13130192751330988,0.9975493550300598
5726,4202,kernelshap,0.27996322768075127,0.06580089926719665,0.997850775718689
5727,1014,kernelshap,0.20624852911992506,0.10483186868104068,0.9347330927848816
5728,1200,kernelshap,0.23145701196686974,0.15290203896062127,0.9977559447288513
5729,4580,kernelshap,0.08368696106804742,0.04449315313939695,0.9995810389518738
5730,3087,kernelshap,0.3253166526556015,0.0799386448093823,0.9966663718223572
5731,1305,kernelshap,0.13153726011514663,0.006881857663393021,0.9835767149925232
5732,112,kernelshap,0.17704116692766547,0.05721818236634135,0.9985590577125549
5733,1853,kernelshap,0.4571817670807694,0.03929394122326013,0.9991658926010132
5734,4310,kernelshap,0.3086223706256512,0.042053431619045345,0.9597232341766357
5735,3873,kernelshap,0.271867047799261,0.06343793672950644,0.9993884563446045
5736,4216,kernelshap,0.10089448600445154,0.015491355140254183,0.9993745684623718
5737,14,kernelshap,0.2137008769547238,0.07550782841794632,0.9734302163124084
5738,3915,kernelshap,0.7522189551166125,0.049162358045578,0.9973796606063843
5739,2387,kernelshap,0.21549740327256067,0.05092260844650723,0.9941787719726562
5740,533,kernelshap,0.41262838866982965,0.10042229738263857,0.4826476275920868
5741,3551,kernelshap,0.13421046042016574,0.054904063897473473,0.9966212511062622
5742,851,kernelshap,0.17496789822524245,0.07780741561542857,0.9978539347648621
5743,1418,kernelshap,0.34498858007422667,0.029001237269033465,0.9697797298431396
5744,3446,kernelshap,0.2652960056843965,0.02766466594260672,0.997368335723877
5745,1318,kernelshap,0.1795833410525864,0.059494552287188446,0.9875132441520691
5746,677,kernelshap,0.12045069209166935,0.07501624013696398,0.9916860461235046
5747,3740,kernelshap,0.11896197646856307,0.1023600585758686,0.9944434762001038
5748,1317,kernelshap,0.3627258876308066,-0.20769804374116366,0.5384346842765808
5749,1072,kernelshap,0.9458374740416184,0.5391283178329468,0.9982333183288574
5750,4275,kernelshap,0.14649679865688087,-0.21506517454981805,0.5105814337730408
5751,655,kernelshap,0.6599746017620481,0.05724465127648978,0.9464302659034729
5752,3128,kernelshap,0.5878841006310611,0.043952598804380835,0.9878808259963989
5753,3143,kernelshap,0.16849874059359232,0.11901315450668334,0.9988874793052673
5754,568,kernelshap,0.3525625971811158,-0.19553435274532863,0.6731927394866943
5755,1871,kernelshap,0.24479821622371672,0.09342643059790134,0.9991005659103394
5756,3956,kernelshap,0.05773605406284332,0.06127354088756773,0.9991905093193054
5757,121,kernelshap,0.1873482588146414,0.10641611979476043,0.9930188059806824
5758,3150,kernelshap,0.6448533332542233,0.0498073917368184,0.9939358830451965
5759,587,kernelshap,0.16890679720120552,0.02432927030783433,0.9995540976524353
5760,3061,kernelshap,0.5917673278219846,0.04928660514403363,0.9894143342971802
5761,3162,kernelshap,0.06775856680340236,0.02317181008833426,0.9993428587913513
5762,1254,kernelshap,0.09783396076771521,0.06223018154982598,0.9993379712104797
5763,2658,kernelshap,0.24925713704780061,0.0850694718513083,0.9953664541244507
5764,163,kernelshap,0.4021305951301928,0.26034163054707765,0.9316372275352478
5765,1322,kernelshap,0.15880772315744143,0.08026052499884989,0.995735764503479
5766,4249,kernelshap,0.28044645369730214,-0.036033535545522515,0.7952587604522705
5767,360,kernelshap,0.27179952398423224,0.05789466202259064,0.9935325384140015
5768,1768,kernelshap,0.36214771058480694,0.0731020803159138,0.9967795014381409
5769,732,kernelshap,0.44553509013882525,-0.019007600347201028,0.6572086811065674
5770,2671,kernelshap,0.48258571943332407,0.06940289612474113,0.9818098545074463
5771,691,kernelshap,0.35894697279719684,0.029284368495683413,0.5833619236946106
5772,79,kernelshap,0.32439074886065944,0.04988146214573472,0.9984570741653442
5773,2776,kernelshap,0.13641801510344853,0.10958657887848941,0.9979240894317627
5774,1053,kernelshap,0.5000075732960421,0.12022808369468241,0.8781459927558899
5775,410,kernelshap,0.2677160687091058,0.037612469572769966,0.9984721541404724
5776,4367,kernelshap,0.5783030610708964,0.11444315456208728,0.952244222164154
5777,1667,kernelshap,0.2567508235573769,0.05016852729022503,0.9760575890541077
5778,3349,kernelshap,0.34138750700013976,0.13450991830655507,0.7163977026939392
5779,2672,kernelshap,0.7063550285317681,0.04018789620110483,0.9987738728523254
5780,4038,kernelshap,0.10568916821672071,0.07022468240991715,0.9978801012039185
5781,4552,kernelshap,0.12175112436799441,0.053910836577415466,0.9957738518714905
5782,1542,kernelshap,0.13161491161706496,0.07172171984400068,0.9965852499008179
5783,1336,kernelshap,0.150972308335351,0.06817421696934045,0.9987636804580688
5784,1519,kernelshap,0.30196770337911755,0.021464646626741458,0.9992033839225769
5785,1229,kernelshap,0.1535364043712616,0.040050304532051086,0.9991181492805481
5786,1968,kernelshap,0.22348297449449697,0.0567625667899847,0.9927006959915161
5787,4416,kernelshap,0.3302548862340158,0.033494245587733756,0.9977737069129944
5788,2109,kernelshap,0.494316071760459,0.051413113465074635,0.9951434135437012
5789,725,kernelshap,0.05036700907207671,0.021344456644285293,0.9993847608566284
5790,1134,kernelshap,0.3061862275713966,0.01784418523311615,0.7298153042793274
5791,101,kernelshap,0.3417519693789275,0.07503089049588078,0.9894145727157593
5792,4266,kernelshap,0.12623403273349584,0.0629252105258232,0.9957767724990845
5793,2253,kernelshap,0.11646803143696907,0.08677649574402051,0.9804319143295288
5794,1269,kernelshap,0.14236226677894592,0.05466531030833721,0.999366819858551
5795,2813,kernelshap,0.44112671485968996,0.07943713537284307,0.9908060431480408
5796,193,kernelshap,0.21063869107853284,0.03066176717931574,0.9990468621253967
5797,1127,kernelshap,0.1291378519019565,0.052022372145910524,0.9991212487220764
5798,2871,kernelshap,0.3376886982743333,0.017503973914355767,0.999359667301178
5799,3470,kernelshap,0.5091314499869066,0.03319390468737658,0.9851285219192505
5800,280,kernelshap,0.32863473460862513,0.09121768960827276,0.9979800581932068
5801,1696,kernelshap,0.11365157572759522,0.035994129048453435,0.9992374181747437
5802,2623,kernelshap,0.1978449049923155,0.06472973061932458,0.9975774884223938
5803,2139,kernelshap,0.08036350815192513,0.04973844924698705,0.9991551637649536
5804,3438,kernelshap,0.05993170629848133,0.046966276385567406,0.9978731870651245
5805,82,kernelshap,0.13596666365861892,0.09990638732910156,0.9986634254455566
5806,876,kernelshap,0.20002021502565454,0.026541482519220422,0.8936775326728821
5807,2719,kernelshap,0.14573714771169297,0.03509120294388304,0.9975148439407349
5808,2374,kernelshap,0.1612025871872902,0.06530394365912989,0.9988671541213989
5809,1569,kernelshap,0.5565466802725767,0.03145962192657146,0.9009878635406494
5810,2416,kernelshap,0.15738932540019354,0.049468529100219406,0.9984265565872192
5811,3724,kernelshap,0.6783249553825174,0.060789995108331954,0.9507468938827515
5812,3511,kernelshap,0.5581146043539047,0.07807847946882247,0.9864051342010498
5813,4046,kernelshap,0.2572789633715594,0.15111769128728797,0.9659867882728577
5814,2132,kernelshap,0.42363519912416286,0.039196936108849265,0.7641882300376892
5815,2932,kernelshap,0.12093472919043373,0.06689157731392804,0.999075174331665
5816,3414,kernelshap,0.11569803121478059,0.10918439994024676,0.9952929615974426
5817,1009,kernelshap,0.1133368284237094,0.14160811683026756,0.9986796975135803
5818,4171,kernelshap,0.12108563868010916,0.10618170368962171,0.9994396567344666
5819,1439,kernelshap,0.3819537083713376,0.03685474152467689,0.9960202574729919
5820,3603,kernelshap,0.21516580450846706,0.06006374054176863,0.9982815980911255
5821,2680,kernelshap,0.05648728036413006,0.05430025738828322,0.9991251826286316
5822,4297,kernelshap,0.11805161053226107,0.09166390235934939,0.9990498423576355
5823,630,kernelshap,0.31341654128498503,0.07899243765407138,0.9961799383163452
5824,638,kernelshap,0.40781472983031436,0.10598655507482331,0.9926242232322693
5825,455,kernelshap,0.2452109991077413,0.12614388446858588,0.5071028470993042
5826,129,kernelshap,0.1183712770541509,0.12806985245810615,0.9993221759796143
5827,3544,kernelshap,0.21305440328060052,0.059608389933904014,0.9990901947021484
5828,2705,kernelshap,0.536327506773747,0.19983594377453512,0.9922772645950317
5829,4542,kernelshap,0.06910623281689013,0.031227429539470348,0.9992546439170837
5830,1736,kernelshap,0.1992882087274834,0.05564094914330377,0.9978107810020447
5831,1442,kernelshap,0.277006010456783,0.03877985332070327,0.9889532327651978
5832,836,kernelshap,0.7777696796547389,0.0651661166921258,0.9602082967758179
5833,3713,kernelshap,0.27372893652854824,0.04817033196106935,0.997062623500824
5834,963,kernelshap,0.4312996602263944,0.19117217151255445,0.7013798356056213
5835,3500,kernelshap,0.3110781931877136,0.08051129758358001,0.9903208613395691
5836,1386,kernelshap,0.6131258368259296,0.09704486560076475,0.988541841506958
5837,3631,kernelshap,0.6229906608255542,0.03817293656115629,0.9985546469688416
5838,3220,kernelshap,0.14026593519192115,0.06331753204850589,0.9970023036003113
5839,1920,kernelshap,0.34719400467543765,0.12101513044587497,0.9749138355255127
5840,3065,kernelshap,0.6686509646037045,0.11548256085199468,0.9664181470870972
5841,4122,kernelshap,0.2097291547444559,0.05158701202561779,0.9988512992858887
5842,2735,kernelshap,0.31096685847098177,0.14532631330869414,0.9983483552932739
5843,1441,kernelshap,0.28617679079373676,0.08686217736630213,0.9963527917861938
5844,860,kernelshap,0.11972212588245218,0.10283422402360222,0.9987955093383789
5845,930,kernelshap,0.08891529849795408,0.056260308554006176,0.9993113279342651
5846,2920,kernelshap,0.6413141244815456,0.08218585948149364,0.9939746260643005
5847,3073,kernelshap,0.133495297569495,0.04398103230274641,0.9264870285987854
5848,2537,kernelshap,0.5117255712256712,0.0744665265083313,0.9951505661010742
5849,4582,kernelshap,0.8353531169818669,0.0807481190053428,0.9943999648094177
5850,173,kernelshap,0.11551128060960059,0.06304914115080193,0.9981030225753784
5851,1056,kernelshap,0.5631028622869523,0.16670593475141832,0.9929484128952026
5852,2870,kernelshap,0.20047636330127716,0.1203355444105048,0.9918369650840759
5853,50,kernelshap,0.8541646098580843,0.06417926054980073,0.9725416302680969
5854,2560,kernelshap,0.5511405888276223,0.08705627803619091,0.9982095956802368
5855,31,kernelshap,0.2798923830452718,0.08123626363904853,0.9972336888313293
5856,3419,kernelshap,0.22045572989798606,0.0700827919422312,0.9989976286888123
5857,3023,kernelshap,0.05158618294586569,0.05305050894365472,0.9991033673286438
5858,1433,kernelshap,0.2267190688213364,0.10002799405426276,0.9910736680030823
5859,399,kernelshap,0.7013982653836993,0.04833879365640528,0.9990413784980774
5860,3793,kernelshap,0.056739334927664864,0.03681624995337592,0.9991317391395569
5861,3354,kernelshap,0.6658673170022666,0.042501871939748526,0.9954630732536316
5862,749,kernelshap,0.16881373683212414,-0.07739569885390145,0.4001754820346832
5863,3479,kernelshap,0.6320027632780535,0.04394337826448938,0.9988149404525757
5864,3212,kernelshap,0.17032210611634785,0.008140792035394244,0.8418026566505432
5865,617,kernelshap,0.07217591913307414,0.1192796594079803,0.9992697834968567
5866,4442,kernelshap,0.15239032415243295,0.07019403958931947,0.9992165565490723
5867,2130,kernelshap,0.8247495480524055,0.08690097105914149,0.9917389154434204
5868,283,kernelshap,0.49531481308596476,0.11105636784008571,0.9724657535552979
5869,4517,kernelshap,0.4487740525177547,0.0662115869067964,0.9827471971511841
5870,1217,kernelshap,0.22922254450943158,0.030064168183699898,0.997246503829956
5871,55,kernelshap,0.5654102100990712,0.07366558412710826,0.9938522577285767
5872,2038,kernelshap,0.47484144382178783,0.03905474926744189,0.996727466583252
5873,1302,kernelshap,0.19055989215319807,0.07321255891160532,0.9955599308013916
5874,2767,kernelshap,0.21674411477787153,0.28917888631778105,0.5201186537742615
5875,1813,kernelshap,0.2162091192667899,0.05453068406685539,0.99909508228302
5876,3881,kernelshap,0.5008429594648381,0.06464721428023444,0.9980366826057434
5877,434,kernelshap,0.10748014881693084,0.14203164598037457,0.9986609220504761
5878,115,kernelshap,0.40055871974410756,0.07227549329400063,0.9986892342567444
5879,2119,kernelshap,0.10782534425908868,0.08873609159931992,0.9953769445419312
5880,2923,kernelshap,0.11425115913152695,0.1377754715435645,0.9991176724433899
5881,3392,kernelshap,0.2260787475992132,0.04878094902745,0.9822044968605042
5882,1789,kernelshap,0.07976820727564254,0.1175746259824285,0.9983977675437927
5883,1103,kernelshap,0.10268458302902139,0.1024498405015987,0.998978853225708
5884,348,kernelshap,0.05426980329282356,0.023539395946444885,0.6730783581733704
5885,4441,kernelshap,0.07491799896838618,0.05613101755871492,0.9994233846664429
5886,78,kernelshap,0.13496412999100155,0.060226778189341225,0.9962342381477356
5887,3224,kernelshap,0.539111356704663,0.061112955976755194,0.9987070560455322
5888,1821,kernelshap,0.3842179700732231,0.09674840551965377,0.999369204044342
5889,1735,kernelshap,0.13728416429938012,0.08893073954672184,0.9992828965187073
5890,2473,kernelshap,0.10016754130984462,0.040386017671851224,0.9992145299911499
5891,4204,kernelshap,0.14261624217033386,0.09914163672007047,0.9979497790336609
5892,3395,kernelshap,0.1304868016924177,0.0339557089975902,0.9993000030517578
5893,3405,kernelshap,0.6134475401469639,0.14272215621812004,0.9717742800712585
5894,1431,kernelshap,0.19322607785463333,0.042307972609996795,0.9985513091087341
5895,2113,kernelshap,0.06587771664966237,0.021253940733996304,0.9994407296180725
5896,1294,kernelshap,0.08927771833507304,-0.3585255656470644,0.23911690711975098
5897,2798,kernelshap,-0.4052583968473805,-0.0738754090335634,0.06338197737932205
5898,4241,kernelshap,0.2377904363580652,0.045909796212170575,0.9952488541603088
5899,2697,kernelshap,0.07429601358515876,0.04063486520733152,0.9981086254119873
5900,735,kernelshap,0.31334625011266665,0.0461230943369311,0.9977530837059021
5901,2398,kernelshap,0.5772866589181563,0.0714782879633062,0.9901330471038818
5902,1921,kernelshap,0.3630332499742508,0.07165863594183555,0.9981052875518799
5903,2454,kernelshap,0.12382288625899782,0.0865635301204438,0.9865091443061829
5904,2436,kernelshap,0.35808152486296263,0.05992353137801675,0.8336161971092224
5905,3313,kernelshap,0.31115982292786887,0.11112792498391608,0.9492006301879883
5906,2602,kernelshap,0.40136976108739253,0.09074179906594126,0.9651636481285095
5907,1378,kernelshap,0.46228170923648343,0.26701818743059713,0.780280590057373
5908,4172,kernelshap,0.6085125328071656,0.12894145807912272,0.9546794295310974
5909,140,kernelshap,0.10234134095279794,0.0778732723311374,0.9983526468276978
5910,2482,kernelshap,0.20957331291653894,0.02461651103063063,0.9925501346588135
5911,2566,kernelshap,0.0593655617798076,0.023220615351901334,0.9993178844451904
5912,3043,kernelshap,0.34745281147507,0.11075859277878168,0.9959887862205505
5913,2718,kernelshap,0.33401759243325185,0.06890927921784551,0.993831992149353
5914,1010,kernelshap,0.16300988986211665,0.06212284196825588,0.9986224174499512
5915,1516,kernelshap,0.3952011493259176,-0.08899771821285997,0.6016080379486084
5916,1988,kernelshap,0.3710789623505929,0.07186790336580838,0.9752394556999207
5917,2942,kernelshap,0.19244807314228368,0.06345968794178318,0.9971004128456116
5918,3097,kernelshap,0.1425183057785034,0.07690992355346679,0.9971495270729065
5919,151,kernelshap,0.39232695698738096,0.09823654592037201,0.9439519047737122
5920,2319,kernelshap,0.4340035063028336,0.026780266165733337,0.9653905034065247
5921,1373,kernelshap,0.26693662782994715,0.04414225642274066,0.9969499707221985
5922,1358,kernelshap,0.864340200037178,0.06061077035135693,0.9920171499252319
5923,1873,kernelshap,0.5401760339736938,0.06862277756719028,0.9168630838394165
5924,2668,kernelshap,0.2012347848369525,0.0580228386590114,0.9989368319511414
5925,4357,kernelshap,0.8135317840890305,0.06350903011657097,0.996317982673645
5926,62,kernelshap,0.5526162842909496,0.07537234690454271,0.9986578226089478
5927,1795,kernelshap,0.1867282190199556,0.07885802665661121,0.9956574440002441
5928,1000,kernelshap,0.2762638369903845,0.02947008492899876,0.9972234964370728
5929,3679,kernelshap,0.5536751927513825,0.0468344006099199,0.9812660813331604
5930,1850,kernelshap,0.38515898533936205,0.09471629303077171,0.9921916127204895
5931,2825,kernelshap,0.49200910731003833,0.053194690782290235,0.9966124892234802
5932,3964,kernelshap,0.24237213312433317,0.1049516203884895,0.9856755137443542
5933,1625,kernelshap,0.20160196253231594,0.0823034793138504,0.9992632269859314
5934,1313,kernelshap,0.5489704446757541,0.04537852809709661,0.9579071998596191
5935,4320,kernelshap,0.14018442260252462,0.06815624921708494,0.9989030361175537
5936,2166,kernelshap,0.19165388844451126,0.06325540250661421,0.999046266078949
5937,2184,kernelshap,0.5806250318884849,0.03372363183233473,0.8345558047294617
5938,4148,kernelshap,0.07177425507042143,0.11158925212091869,0.9991229176521301
5939,300,kernelshap,0.05008295740721361,0.0304910956688647,0.9993970394134521
5940,339,kernelshap,0.24384044030947344,0.15192081672804697,0.9961872696876526
5941,2220,kernelshap,0.5776273746286398,0.02719128455804742,0.9993591904640198
5942,1587,kernelshap,0.32910390570759773,0.03635484632104635,0.9941820502281189
5943,4410,kernelshap,0.030668397744496662,0.03377227187156677,0.9993759989738464
5944,3009,kernelshap,0.20516295175926358,0.03149596616333606,0.9992461204528809
5945,4314,kernelshap,0.2954820195833842,0.03305416000195038,0.9987629652023315
5946,2236,kernelshap,0.19002451184319286,-0.2698240621787746,0.34710606932640076
5947,3837,kernelshap,0.16718040903409323,0.0971416359146436,0.9984845519065857
5948,2512,kernelshap,0.09071481810963672,0.19028662825408188,0.9992753863334656
5949,4272,kernelshap,0.07946878633438012,0.07312550873328479,0.9955319166183472
5950,2294,kernelshap,0.5683125747101647,0.04368052227156503,0.9934572577476501
5951,3416,kernelshap,0.19136080188410623,0.18971306937081472,0.9990482926368713
5952,3694,kernelshap,0.12180342179972951,0.09689077734947205,0.983767032623291
5953,108,kernelshap,-0.0653871637582779,-0.12296909928321838,0.6615850329399109
5954,3795,kernelshap,0.6509465899732377,0.15622233019934761,0.9655578136444092
5955,3228,kernelshap,0.237049733704709,0.04463773363448204,0.998615026473999
5956,4327,kernelshap,0.11289622684319814,0.06179086930221982,0.9992097616195679
5957,4444,kernelshap,0.088360312466438,0.04862345927036726,0.9992716908454895
5958,932,kernelshap,0.3459993587298827,0.07033916359597986,0.9971217513084412
5959,3245,kernelshap,0.37826671451330185,0.0796007014811039,0.9940226674079895
5960,1037,kernelshap,0.07288744352584661,0.05576601312604061,0.999542236328125
5961,3070,kernelshap,0.12884244363050204,0.11518620921147836,0.9994454979896545
5962,507,kernelshap,0.22051899461075664,0.10623982036486268,0.9963080883026123
5963,1983,kernelshap,0.10185351570447286,0.18577840427557626,0.9995002746582031
5964,635,kernelshap,0.5913806357979774,0.03381959795951843,0.9988839030265808
5965,102,kernelshap,0.14130226979332586,0.05269917172770346,0.9880661964416504
5966,2618,kernelshap,0.14713277043523015,0.03881483625721287,0.998975396156311
5967,2452,kernelshap,0.16276669171121386,0.020741948154237536,0.998415470123291
5968,2433,kernelshap,-0.05236023569360693,0.03308121669799723,0.8843941688537598
5969,2955,kernelshap,0.09670382356032348,0.03197182753147223,0.9988574981689453
5970,4406,kernelshap,0.14631909584360464,0.09831974229642323,0.999517560005188
5971,146,kernelshap,0.4587908983230591,0.04396136502424876,0.9879866242408752
5972,2277,kernelshap,0.4483117944002151,0.08493096113204956,0.9849121570587158
5973,628,kernelshap,0.3224981427192688,0.11617745795557576,0.9879328608512878
5974,4147,kernelshap,0.25495898524920146,0.0818424920241038,0.9953141212463379
5975,2488,kernelshap,-0.05948384322834258,-0.15233771077224187,0.15893366932868958
5976,4587,kernelshap,0.5361629390355312,0.27399486461372086,0.9842387437820435
5977,624,kernelshap,0.5642154537912073,0.10813443003029659,0.8085424900054932
5978,1402,kernelshap,0.17978044128731677,0.11245796162831156,0.9951568245887756
5979,1547,kernelshap,0.4346053343872691,0.02622086294861727,0.9889434576034546
5980,1680,kernelshap,-0.03687078282237053,0.08230252787470818,0.882503867149353
5981,2779,kernelshap,0.27216391926187844,0.06447875499725342,0.9986691474914551
5982,3616,kernelshap,0.19758919244859277,0.057367406240323694,0.9909054040908813
5983,3676,kernelshap,0.20513164550065993,0.04454431086778641,0.9988582134246826
5984,2004,kernelshap,0.13160372391725197,0.0778974745518122,0.9954458475112915
5985,2141,kernelshap,0.11057559455313333,0.032469511758990405,0.9988664388656616
5986,4045,kernelshap,0.24377939824400277,0.057391757595128025,0.9974861145019531
5987,1761,kernelshap,0.09884261923867303,0.08201142138726003,0.9984110593795776
5988,266,kernelshap,-0.09763292706496007,-0.09505030110075667,0.09362630546092987
5989,4195,kernelshap,0.3221128307124402,-0.11670788868944695,0.5176810622215271
5990,1808,kernelshap,0.12667375160198585,-0.015766514866959815,0.8842668533325195
5991,3786,kernelshap,0.4897715563469745,0.0913372721443785,0.9964937567710876
5992,3199,kernelshap,0.15909264733393988,0.10090954254070918,0.9992595314979553
5993,2619,kernelshap,0.040477539930078715,0.10125618327098589,0.9993948936462402
5994,2459,kernelshap,0.19168059843959231,0.09128507791143475,0.9711902141571045
5995,3187,kernelshap,0.11342753673141653,0.059706913476640526,0.9992068409919739
5996,4531,kernelshap,0.09609845032294591,0.09472282292942207,0.9991652965545654
5997,4355,kernelshap,0.04554836389919122,0.05171997224291166,0.9993711113929749
5998,2725,kernelshap,0.12296084800492162,0.03813068179980568,0.9719756841659546
5999,4573,kernelshap,0.14819842729813013,0.049110810726116866,0.9993993043899536
6000,1913,occlusion_1,0.2009123792250951,0.06406797667344412,0.9940606951713562
6001,4550,occlusion_1,-0.07054430082280305,-0.05798165735905059,0.0026435537729412317
6002,4424,occlusion_1,0.13365947757218336,0.11222812412558375,0.9993114471435547
6003,3802,occlusion_1,0.48112855372684343,0.043622374800699096,0.9990894794464111
6004,3867,occlusion_1,0.2940760816846575,0.024063808577401296,0.939868152141571
6005,2557,occlusion_1,0.28485829602269563,0.11999174338929794,0.94000244140625
6006,2097,occlusion_1,0.09550623117752795,0.038006972591832,0.9991582632064819
6007,3546,occlusion_1,0.4349136433975641,-0.005994732643282691,0.6169075965881348
6008,2808,occlusion_1,0.1011710480639809,0.08977838095865752,0.9994128942489624
6009,893,occlusion_1,0.49994388942496254,0.05705431583574263,0.9792831540107727
6010,674,occlusion_1,0.15573001178828152,0.1440671601078727,0.9992257356643677
6011,4329,occlusion_1,0.08229010604148687,0.11219971540362336,0.9972947239875793
6012,518,occlusion_1,0.15125474043008758,0.2498352709339886,0.9962371587753296
6013,3071,occlusion_1,0.42952887043356897,0.06701528280973434,0.9986370205879211
6014,1449,occlusion_1,0.09999803217445932,0.24695109884913374,0.9880275726318359
6015,2475,occlusion_1,0.1230546087026596,0.06190040837163511,0.9992716908454895
6016,2224,occlusion_1,0.11160976253449917,0.03273518085479736,0.9987493753433228
6017,3008,occlusion_1,0.46051330410915875,0.11033567527066106,0.9971387386322021
6018,2799,occlusion_1,0.1910282229223559,0.05590323959627459,0.9990039467811584
6019,3455,occlusion_1,0.5872042008182582,0.12515083656591527,0.9336522817611694
6020,2715,occlusion_1,0.17075917263363682,0.14006815816080848,0.9993176460266113
6021,1799,occlusion_1,0.24824170156931266,0.02250790901673146,0.9989339709281921
6022,1476,occlusion_1,0.1575282797217369,0.049963434040546414,0.9983426332473755
6023,3045,occlusion_1,-0.014315702952444553,-0.1348015625814074,0.03766162693500519
6024,191,occlusion_1,0.16085779362795305,0.027991606264698262,0.9994010925292969
6025,1612,occlusion_1,0.14260612740073092,0.19951798957447672,0.994823694229126
6026,3501,occlusion_1,0.4737699861327807,0.024552112569411595,0.9978377223014832
6027,2706,occlusion_1,0.1679160103201866,0.03700516786840227,0.9995693564414978
6028,788,occlusion_1,0.26109237244000305,0.08736869773349247,0.9957150816917419
6029,2721,occlusion_1,-0.11735614427986245,-0.05984549426163236,0.0640377625823021
6030,2543,occlusion_1,0.16750394770254692,0.1014632061123848,0.9978628754615784
6031,4425,occlusion_1,0.3001219790894538,0.05759232584387064,0.9849875569343567
6032,4154,occlusion_1,0.13067906047217548,0.05684976768679917,0.9995231628417969
6033,169,occlusion_1,0.42948385179042814,0.11976928285190037,0.9828258156776428
6034,1657,occlusion_1,0.06518171626058492,0.08861529319123788,0.9993871450424194
6035,3040,occlusion_1,0.260828612666381,0.06461697947560695,0.9993938207626343
6036,269,occlusion_1,0.05013289320759657,0.15572552055847355,0.999180018901825
6037,1775,occlusion_1,0.19571635533462872,0.16635700992562555,0.9988150596618652
6038,3229,occlusion_1,0.7081018798053265,0.03507203252419182,0.9935006499290466
6039,4496,occlusion_1,-0.34127435345074225,0.10068304271533571,0.3342333137989044
6040,1064,occlusion_1,0.04478166754855666,0.25934830134691195,0.9945560693740845
6041,4134,occlusion_1,0.582297622502126,0.04879061270643164,0.9898181557655334
6042,4000,occlusion_1,0.15871792551009886,0.09721367109206415,0.9962179064750671
6043,609,occlusion_1,-0.15676924255159166,-0.05882137713746892,0.011769838631153107
6044,2710,occlusion_1,0.5066947698593139,0.10305683612823487,0.9958511590957642
6045,3460,occlusion_1,0.1967496511183287,0.11921362853363941,0.9968229532241821
6046,1803,occlusion_1,0.7527529426596381,0.02888056066903201,0.9033440947532654
6047,1918,occlusion_1,0.1040483579343679,0.09618855252557872,0.9983850717544556
6048,3197,occlusion_1,0.137227401137352,-0.017712579667568208,0.7010975480079651
6049,1737,occlusion_1,0.19523245976729828,0.15034405853260646,0.997461199760437
6050,4435,occlusion_1,0.32895113908967305,0.023504384728365166,0.923281192779541
6051,3750,occlusion_1,0.23516934432766654,0.019978607242757625,0.9421367049217224
6052,3966,occlusion_1,0.07303667545318604,0.1657498550415039,0.9899585843086243
6053,365,occlusion_1,0.2471553974373396,0.017512311076008997,0.998174786567688
6054,4053,occlusion_1,0.18691251063958192,0.12976868756306478,0.9990399479866028
6055,2066,occlusion_1,0.19159242198910825,0.07592200227948122,0.9994871616363525
6056,1852,occlusion_1,0.3375998066889273,0.055698083059207815,0.9941151142120361
6057,2703,occlusion_1,0.3387448743862264,0.05346310401664061,0.9895234704017639
6058,487,occlusion_1,0.32770971144948685,0.09721454552241734,0.9830442070960999
6059,4055,occlusion_1,0.040879432732860245,0.05000741810848316,0.9994490742683411
6060,4475,occlusion_1,0.37088155574523485,0.07567339447828439,0.9919978976249695
6061,3348,occlusion_1,0.10403378680348396,0.06526911755402882,0.9958131909370422
6062,351,occlusion_1,0.40899606519623805,0.1401253576929632,0.9872593283653259
6063,2509,occlusion_1,0.25282551107868073,0.17684785925572918,0.999016284942627
6064,4030,occlusion_1,0.6668519201048184,0.17698108165131998,0.9968666434288025
6065,1650,occlusion_1,0.14322745994381283,0.054404312825721245,0.999357283115387
6066,2653,occlusion_1,0.04760051279697778,0.07441204083415698,0.999255359172821
6067,4285,occlusion_1,0.31971435277955607,0.04786264570429921,0.9913411736488342
6068,1468,occlusion_1,0.668822847539559,0.14068773621693254,0.9902837872505188
6069,2998,occlusion_1,0.31257717944681646,0.038312488794326784,0.9990971088409424
6070,1270,occlusion_1,0.27934436150826514,0.3025001325295307,0.9700825214385986
6071,297,occlusion_1,0.26314523195226985,0.12290058905879657,0.9916892051696777
6072,2019,occlusion_1,0.20068214778546933,0.0309351964129342,0.9993290901184082
6073,629,occlusion_1,0.06054441246294206,0.15395246398064397,0.9969925880432129
6074,1944,occlusion_1,0.19538176379033498,0.08125130229053043,0.998633086681366
6075,953,occlusion_1,0.13312809404573941,0.12718617249476283,0.9991455078125
6076,466,occlusion_1,0.3645534021779895,0.09611846134066582,0.9924671053886414
6077,2200,occlusion_1,0.13243851454361624,-0.2900280194438022,0.4452812671661377
6078,728,occlusion_1,0.38957058384337206,0.06590740619735284,0.9994852542877197
6079,3376,occlusion_1,0.3632300927450782,0.06361564078874755,0.9961434602737427
6080,4549,occlusion_1,0.07801483467567799,0.13265711831492047,0.9670119285583496
6081,72,occlusion_1,0.09199680916724666,-0.08237601768585943,0.46043118834495544
6082,4,occlusion_1,0.07374941224747515,0.1176224633100185,0.9973944425582886
6083,1098,occlusion_1,0.42218344824741016,0.06023835088755634,0.9942672848701477
6084,2726,occlusion_1,0.13799314975738525,0.024309800267219545,0.999093770980835
6085,2921,occlusion_1,0.07803037691683996,0.05644381010816211,0.9979820251464844
6086,2531,occlusion_1,0.10392902759106262,0.06853008043506871,0.9994220733642578
6087,2614,occlusion_1,0.08548541655463557,0.06614827941502294,0.9993896484375
6088,2434,occlusion_1,0.6158141204766159,0.014336884278675606,0.8255192637443542
6089,3111,occlusion_1,0.25054391610379123,0.13533142847674234,0.9797075986862183
6090,3615,occlusion_1,0.21964184572731238,0.03831336485302966,0.9640594124794006
6091,3063,occlusion_1,0.4215963133610785,0.06394527666270733,0.9986141920089722
6092,1385,occlusion_1,0.23430277638965183,0.07969137562645806,0.9949799180030823
6093,128,occlusion_1,0.17679170767466226,0.059525589912365645,0.8470497131347656
6094,1030,occlusion_1,0.0903942358493805,0.08086651980876923,0.9899411797523499
6095,16,occlusion_1,0.0717552254597346,0.3123411772151788,0.9863909482955933
6096,670,occlusion_1,0.22875115997863538,0.07242791264346152,0.9812442660331726
6097,3743,occlusion_1,0.11098844783250676,0.018243352341097453,0.9994787573814392
6098,2202,occlusion_1,0.09747317745242008,0.027910987998163977,0.9909063577651978
6099,1615,occlusion_1,0.12362217673888573,0.09418212679716256,0.9959613680839539
6100,1558,occlusion_1,0.09676158686096852,0.04416131400145017,0.9992675185203552
6101,3953,occlusion_1,0.172882161168165,0.07390072803164638,0.37901660799980164
6102,304,occlusion_1,0.09243928100548539,0.019180989732929303,0.9992388486862183
6103,4004,occlusion_1,0.3993647643610051,0.08009107293267,0.9994511008262634
6104,4547,occlusion_1,0.5472761687151221,0.028261524993319843,0.9904848337173462
6105,1247,occlusion_1,0.18737311094999312,0.06341171443462372,0.9959080219268799
6106,3136,occlusion_1,0.34836534472803277,0.06106712089644538,0.9977060556411743
6107,1220,occlusion_1,0.12235590606405024,0.04608035296724554,0.9980212450027466
6108,3261,occlusion_1,0.17177707552909852,0.016605721910794576,0.9863646030426025
6109,1611,occlusion_1,0.19666853203223303,0.33168621303943485,0.9235408902168274
6110,1181,occlusion_1,0.16648236446910433,0.028868344757292004,0.9992200136184692
6111,2797,occlusion_1,-0.033842700876687705,-0.025899467499632584,0.17203807830810547
6112,610,occlusion_1,0.6315204128623009,0.04149367533079008,0.9989365935325623
6113,3751,occlusion_1,0.11509141235640555,0.09110435978932814,0.791394829750061
6114,2248,occlusion_1,0.16048323955291358,0.07924292790584075,0.9987683892250061
6115,99,occlusion_1,0.4116395307998908,0.06482918482077749,0.9980423450469971
6116,3781,occlusion_1,0.12140289566626675,0.0648691818902367,0.9994951486587524
6117,225,occlusion_1,0.5954539793379167,0.08843645234318341,0.9991347193717957
6118,2103,occlusion_1,0.3338228695922428,0.050429217517375946,0.9904856085777283
6119,2836,occlusion_1,0.16088278010124113,0.11522835493087769,0.9911707639694214
6120,2924,occlusion_1,0.12378762271709559,0.17074817346363533,0.9982529282569885
6121,2859,occlusion_1,-0.15867200274677837,0.16351526230573654,0.44702982902526855
6122,2782,occlusion_1,0.08988225994965969,0.15479201221695313,0.9973209500312805
6123,515,occlusion_1,0.31939205164844925,0.08755644833719409,0.9992256164550781
6124,1951,occlusion_1,0.28512440889309615,0.02692278531881479,0.9638931751251221
6125,3869,occlusion_1,0.3054458475775189,0.11817977097299363,0.9699894189834595
6126,2263,occlusion_1,0.1213418696865891,0.07509714816555832,0.991732120513916
6127,4006,occlusion_1,0.10829959933956464,0.2316346267859141,0.9365668296813965
6128,4522,occlusion_1,0.025986295607354905,0.4034404874675804,0.9287102818489075
6129,2137,occlusion_1,0.08229266694097807,0.0676493558919791,0.9989307522773743
6130,3673,occlusion_1,0.2959494008770529,0.05677882118045159,0.9934455156326294
6131,1707,occlusion_1,-0.3889449071139097,-0.08362308809799808,0.2515707015991211
6132,314,occlusion_1,0.25527800966615544,0.08176662476911936,0.9993185997009277
6133,1924,occlusion_1,0.3724550433732845,-0.05813215838538276,0.7368393540382385
6134,2247,occlusion_1,0.41707086762679474,0.07603116794711068,0.9445804357528687
6135,3901,occlusion_1,0.2391783861919891,0.11296165232048479,0.9865525364875793
6136,1847,occlusion_1,0.7320468396399961,0.047988837867072136,0.99727863073349
6137,1725,occlusion_1,0.20522429774969053,0.16049010554949442,0.999278724193573
6138,3547,occlusion_1,-0.3180514097799577,-0.04367720129929723,0.0022909927647560835
6139,4558,occlusion_1,0.17002829611301423,0.05187047587500678,0.9979118704795837
6140,3403,occlusion_1,0.4335549001363998,0.1022917165401134,0.9844356179237366
6141,3007,occlusion_1,-0.006177767298438332,0.2872312448241494,0.9092604517936707
6142,2961,occlusion_1,0.3809476373717189,0.242028980050236,0.9357489943504333
6143,3591,occlusion_1,0.33810222893953323,0.04863563618239235,0.9976986050605774
6144,571,occlusion_1,0.2711497977375984,0.08680102899670601,0.9918489456176758
6145,4041,occlusion_1,0.39716524614228144,0.04326182868745592,0.9645596146583557
6146,2629,occlusion_1,0.25881377039920717,0.06574490240642003,0.9967537522315979
6147,3121,occlusion_1,0.35726120322942734,0.03876684606075287,0.9962735176086426
6148,2701,occlusion_1,0.17936906287836474,0.05842069137928098,0.9926167130470276
6149,3101,occlusion_1,0.3523071849787677,0.14173554215166304,0.9948674440383911
6150,1863,occlusion_1,0.33998047472799525,0.13513838850400028,0.99782794713974
6151,2908,occlusion_1,0.17235233305498612,0.04128950661004976,0.9994472861289978
6152,4456,occlusion_1,0.015011946586045351,0.1602143980562687,0.8976505398750305
6153,3230,occlusion_1,-0.0381437330864943,0.44108274005926573,0.7923704385757446
6154,2399,occlusion_1,0.5784033913361398,0.08053300412077653,0.9342092871665955
6155,3447,occlusion_1,0.06283717639744282,0.06830266900360585,0.9995092153549194
6156,1522,occlusion_1,0.06310342568339723,0.07714501113602609,0.9994648098945618
6157,3295,occlusion_1,0.362172594293952,0.01605498269200325,0.8942312598228455
6158,495,occlusion_1,0.4865748066651194,0.04302666179443661,0.8177621960639954
6159,317,occlusion_1,0.04755162124363881,0.06325207172699694,0.999187171459198
6160,4319,occlusion_1,0.15394763400157294,0.12414607604344687,0.9990465044975281
6161,2583,occlusion_1,0.5613778554730945,0.06701774928304884,0.9599522352218628
6162,4536,occlusion_1,0.5321472850110796,0.14179891347885132,0.9808602333068848
6163,551,occlusion_1,0.3125116744119188,0.03841144559176072,0.9939906597137451
6164,950,occlusion_1,0.08353829281083469,0.023676074784377527,0.9993846416473389
6165,2681,occlusion_1,0.8806210823004713,0.03692622482776642,0.9989701509475708
6166,1720,occlusion_1,0.17613813450390642,0.031090227717703037,0.9986968636512756
6167,3845,occlusion_1,0.13655962310731412,0.1929473953321576,0.999030351638794
6168,1653,occlusion_1,0.30187247321009636,0.05500567853450775,0.994971752166748
6169,1475,occlusion_1,0.7495533718894689,0.03065214516260685,0.9835436940193176
6170,826,occlusion_1,0.10066716841288975,0.11243770122528077,0.9929458498954773
6171,2235,occlusion_1,0.1319837593115293,0.03148338542534755,0.9994392991065979
6172,1061,occlusion_1,0.0874907311797142,0.0598485279083252,0.9965953230857849
6173,2353,occlusion_1,0.05915778875350952,0.03326349690848706,0.9992517828941345
6174,2771,occlusion_1,0.13743450649474798,0.07398552996547599,0.9995061159133911
6175,3467,occlusion_1,0.2592388327057297,0.19521821471484932,0.9807337522506714
6176,1672,occlusion_1,0.10150937333300307,0.07499481254332774,0.9995594620704651
6177,4093,occlusion_1,0.27050721645355225,0.04524949921502008,0.9967077970504761
6178,2772,occlusion_1,0.513882054326435,0.14917773163566986,0.9860475063323975
6179,1352,occlusion_1,0.7513533114559121,0.08722450998094347,0.9941739439964294
6180,1168,occlusion_1,0.0800581466067921,0.09037543074651198,0.9994186162948608
6181,1928,occlusion_1,0.17762705485026042,0.05822953217559391,0.9919043183326721
6182,2714,occlusion_1,0.2712657690048218,0.10621365815401078,0.8787665367126465
6183,3211,occlusion_1,0.18408059519390726,0.06290966341661852,0.9969128370285034
6184,4227,occlusion_1,0.21189899167470766,0.10678484656831674,0.9984350800514221
6185,2379,occlusion_1,0.8559463310521096,0.04928063191473484,0.9983804225921631
6186,3649,occlusion_1,0.7771219008084801,0.15624720752239227,0.9394604563713074
6187,3624,occlusion_1,0.05540767820870004,0.05823862479954231,0.9995593428611755
6188,3790,occlusion_1,0.16577066687193323,0.11206361619715995,0.9988049268722534
6189,1898,occlusion_1,0.21848811439815022,0.16388453915715218,0.998936116695404
6190,1664,occlusion_1,0.5078632506100755,0.1509244575312263,0.9910966157913208
6191,3412,occlusion_1,0.26773419976234436,0.06665676953019323,0.9994736313819885
6192,4179,occlusion_1,0.2272948741912842,0.10159233411153158,0.9841135144233704
6193,32,occlusion_1,0.4375928236314884,0.11638191686226772,0.9159712791442871
6194,1218,occlusion_1,0.15028990171057113,0.10630979151167769,0.9995166063308716
6195,2565,occlusion_1,0.0865119808706744,0.04652587247305903,0.9993822574615479
6196,2385,occlusion_1,0.7950687408447266,0.02403654992580414,0.9984819293022156
6197,2592,occlusion_1,0.5685654763664518,0.020954955901418413,0.7863647937774658
6198,3443,occlusion_1,0.1467568858837088,0.03845005544523398,0.9974483251571655
6199,3365,occlusion_1,0.22258741800722323,0.06431493672885392,0.9992196559906006
6200,338,occlusion_1,0.7095722129666492,0.05452997276657506,0.9702622294425964
6201,1346,occlusion_1,0.47338219814830357,0.2621266808774736,0.9144437909126282
6202,4523,occlusion_1,0.03310949355363846,0.05091426687108146,0.9180521368980408
6203,4054,occlusion_1,0.37360144406557083,0.07042786816381058,0.6432211995124817
6204,1577,occlusion_1,0.10650843762336894,0.21965030755134338,0.9983749389648438
6205,1123,occlusion_1,0.2945674103359843,0.062397970709689825,0.997806966304779
6206,3777,occlusion_1,-0.04375615718984796,-0.010260163934060162,0.03533075749874115
6207,752,occlusion_1,0.06584228316079015,0.07390816250573033,0.9992679953575134
6208,681,occlusion_1,0.5567178516225382,0.11288532614707947,0.9917995929718018
6209,4433,occlusion_1,0.25014903514008774,0.12622950892699392,0.9969304203987122
6210,1904,occlusion_1,0.7454136384364504,-0.0210076874265304,0.8253421187400818
6211,2342,occlusion_1,0.47545195173244087,0.0727934901203428,0.998218834400177
6212,2364,occlusion_1,0.07133505730466409,0.09588393568992615,0.9994663596153259
6213,778,occlusion_1,0.21141261367474573,0.05034053982314417,0.9361146092414856
6214,3001,occlusion_1,0.5519735572690313,0.2202575613151897,0.9884476065635681
6215,3200,occlusion_1,0.37909396446162935,0.07066723861192402,0.9977902173995972
6216,3921,occlusion_1,0.20793120534914844,0.048846600190648494,0.9962112903594971
6217,3545,occlusion_1,0.39916367522057367,0.05725097130326664,0.9760608077049255
6218,542,occlusion_1,0.3029780434710639,0.14492402289594922,0.9987058639526367
6219,2272,occlusion_1,0.3510103550222185,0.0721475276682112,0.9897513389587402
6220,391,occlusion_1,0.14860498591473228,0.1229574251593205,0.9806801080703735
6221,1979,occlusion_1,0.17945735216140746,0.09337017416954041,0.9497057199478149
6222,1150,occlusion_1,0.8227334507391788,0.037828139029443264,0.9237070679664612
6223,149,occlusion_1,0.16941324259553636,0.0950477055140904,0.9986693859100342
6224,2570,occlusion_1,0.34699172487384394,0.12906427524591746,0.9868229627609253
6225,927,occlusion_1,0.33708312841398375,0.0709861016699246,0.9929592609405518
6226,4017,occlusion_1,0.25779810999379016,0.08733006273255203,0.9989086389541626
6227,1398,occlusion_1,0.5248304377583897,0.07349126654512741,0.9888457655906677
6228,3635,occlusion_1,0.08288035719167619,0.07563456041472298,0.9991046786308289
6229,505,occlusion_1,0.31376217401796774,0.11707190688579314,0.9986055493354797
6230,3423,occlusion_1,0.6056356888550979,0.03675887599969522,0.7715491056442261
6231,3247,occlusion_1,0.7625147522194311,0.07692114853610595,0.9958134293556213
6232,1895,occlusion_1,0.15824120740095773,0.036319351030720606,0.9992928504943848
6233,2286,occlusion_1,0.049931005920682635,0.041359436511993405,0.9972063899040222
6234,4232,occlusion_1,0.26174794882535934,0.03452081150478787,0.9928299784660339
6235,2595,occlusion_1,0.11765675867597263,0.15994254872202873,0.9987068176269531
6236,1770,occlusion_1,0.31232692905374476,0.07039742655045278,0.9991127848625183
6237,1267,occlusion_1,0.3737725687749458,0.07305574688044461,0.9937105178833008
6238,3124,occlusion_1,0.7632463209500367,0.006522295149889859,0.9518105387687683
6239,2125,occlusion_1,0.19870557529585703,0.031291872972533816,0.9988439083099365
6240,1659,occlusion_1,0.14185040444135666,0.1817413797834888,0.9825353622436523
6241,2909,occlusion_1,0.28776866048574445,0.10853255540132523,0.9896961450576782
6242,1765,occlusion_1,0.29593907451877993,0.09524539113044739,0.9915174841880798
6243,1560,occlusion_1,-0.4591441397764245,0.3619765157321924,0.42819473147392273
6244,2967,occlusion_1,0.1419670350021786,0.061053237981266446,0.997596800327301
6245,1416,occlusion_1,0.158476001199554,0.058631651541766,0.9992648959159851
6246,1630,occlusion_1,0.2101762754576547,0.03085114870752607,0.994085431098938
6247,449,occlusion_1,0.07997445242349492,0.06621536543202955,0.9985476136207581
6248,152,occlusion_1,-0.13841366289921528,0.12671944752054395,0.6268501281738281
6249,211,occlusion_1,0.36504878600438434,0.042749754729725066,0.9976720213890076
6250,2032,occlusion_1,0.21446266717144422,0.037140604108572006,0.9610276818275452
6251,902,occlusion_1,0.4028412378751315,0.033250559598971635,0.9993207454681396
6252,3436,occlusion_1,0.2316168858044183,0.06107250345287038,0.9847512245178223
6253,3198,occlusion_1,0.407526099383831,0.07041131526231766,0.9946434497833252
6254,57,occlusion_1,0.19100675559960878,0.02827305442247635,0.9932764768600464
6255,3164,occlusion_1,0.14091436857101963,0.07977996415951673,0.9993665814399719
6256,4303,occlusion_1,0.32657102567169743,-0.10839489294572714,0.3865921199321747
6257,1927,occlusion_1,0.5027742899126477,0.08320634232627021,0.989018440246582
6258,3206,occlusion_1,0.2366898434387671,0.04890326350121885,0.9988553524017334
6259,3388,occlusion_1,0.4948289861733263,0.2008524713191119,0.9899905920028687
6260,816,occlusion_1,0.5167737177883586,0.04133493981013695,0.9994173049926758
6261,3284,occlusion_1,0.1475670223957614,0.1371019917883371,0.998814582824707
6262,2765,occlusion_1,0.2747849529752365,-0.21758489654614374,0.5901681780815125
6263,3970,occlusion_1,0.2387056264438127,0.04869415611028671,0.9991254210472107
6264,885,occlusion_1,0.3325979701497338,0.052677339044484225,0.9972060322761536
6265,249,occlusion_1,0.4564295598576146,0.08735512389290717,0.9932523369789124
6266,2203,occlusion_1,0.15325441988224678,0.05252105029339486,0.9943013191223145
6267,3115,occlusion_1,0.24567088194009734,0.14292929303355334,0.999232292175293
6268,2341,occlusion_1,0.07961205687633781,0.09120034062585165,0.9994705319404602
6269,4132,occlusion_1,0.6167707143105426,0.014915740714882905,0.7690308690071106
6270,1781,occlusion_1,0.13080544210970402,0.047255149111151695,0.9977916479110718
6271,4488,occlusion_1,0.07344570464414099,0.08796882694182188,0.9995443224906921
6272,44,occlusion_1,0.1277695003992472,0.16950763036043215,0.9981480836868286
6273,2390,occlusion_1,0.14195940146843591,0.09518271250029404,0.9991089701652527
6274,286,occlusion_1,0.2518519904803146,0.1720536488362334,0.9643418192863464
6275,1094,occlusion_1,0.3043008069947081,-0.027631734339696058,0.815365731716156
6276,1962,occlusion_1,0.17820771184622072,0.08456944133721146,0.9978436231613159
6277,4530,occlusion_1,0.10929943075994165,0.09763344613517203,0.9974662065505981
6278,202,occlusion_1,0.16994980424642564,0.07414435744285583,0.9960434436798096
6279,237,occlusion_1,0.3094275409112806,0.08732645926268204,0.9975428581237793
6280,2519,occlusion_1,0.3680754154920578,0.0655144198638637,0.9916484355926514
6281,3870,occlusion_1,0.19254032537048937,0.05455264507555494,0.9730283617973328
6282,1108,occlusion_1,-0.19792086957022548,-0.026892966057251517,0.0036458508111536503
6283,2449,occlusion_1,0.3240572718136451,0.07739405684611377,0.995836615562439
6284,2525,occlusion_1,0.04104220706063348,0.06698143401661434,0.9991913437843323
6285,357,occlusion_1,0.24393176481775616,0.05364119617835335,0.9849495887756348
6286,736,occlusion_1,0.2135836437344551,0.0812924678126971,0.9983686804771423
6287,3918,occlusion_1,0.16615242846310138,0.060557635873556136,0.9989615678787231
6288,3848,occlusion_1,0.1274978071451187,0.07046133843628136,0.9983273148536682
6289,1953,occlusion_1,0.08547881006130151,0.3522418878440346,0.9612942934036255
6290,1131,occlusion_1,0.46102264399329823,0.13429868552419874,0.7940917611122131
6291,261,occlusion_1,0.07261659563691528,0.07255106143377445,0.9992940425872803
6292,3113,occlusion_1,0.6810463812947273,0.14803365767002105,0.970764696598053
6293,379,occlusion_1,0.14653074424317541,0.015891540557780165,0.9993364214897156
6294,4263,occlusion_1,0.05702067873416803,0.0562709676913726,0.9988070726394653
6295,1521,occlusion_1,0.12602044973108503,0.03140727071850388,0.9981088638305664
6296,1006,occlusion_1,0.13080004698190933,0.04792243051223266,0.9991581439971924
6297,2099,occlusion_1,0.4101470977794833,0.07800057457714546,0.9899472594261169
6298,4293,occlusion_1,0.23688545588936125,0.07040520991597857,0.9991214871406555
6299,436,occlusion_1,0.17701564299372527,0.06335472831359276,0.998141884803772
6300,368,occlusion_1,0.3262561808029811,0.06357198258241017,0.9935798645019531
6301,3335,occlusion_1,0.6577087689656764,0.08884272119030356,0.973648190498352
6302,3450,occlusion_1,0.32811898408934126,0.04906320363976235,0.9894094467163086
6303,939,occlusion_1,0.09795839478681376,0.07127106451726221,0.998868465423584
6304,3596,occlusion_1,0.24000046053465376,0.0312952976277534,0.9944566488265991
6305,4027,occlusion_1,0.12240288996448119,0.06382840250929196,0.9994283318519592
6306,4056,occlusion_1,0.11727800364034217,0.13869462384466538,0.9989823698997498
6307,3946,occlusion_1,0.17840226700431422,0.06462404445598,0.9952074885368347
6308,1429,occlusion_1,0.2121629734069873,0.14549749249067062,0.8791371583938599
6309,3847,occlusion_1,0.19320419494141924,0.34515934231433465,0.9632099270820618
6310,1195,occlusion_1,0.18491957120357022,0.024730324264495604,0.8619402647018433
6311,1003,occlusion_1,0.7961218843041961,0.0963836101008885,0.992969810962677
6312,1465,occlusion_1,0.05985833605130513,0.10844607982370588,0.9981902241706848
6313,2308,occlusion_1,0.9502341009204027,0.09851113932077275,0.9977642297744751
6314,250,occlusion_1,0.15029218660460578,0.2898181439894769,0.6969126462936401
6315,1579,occlusion_1,0.15924951797578393,0.051347350928841566,0.9905306696891785
6316,3954,occlusion_1,0.1415642787550771,0.09101190643255101,0.9991521835327148
6317,1105,occlusion_1,0.21005908449490865,0.07664884229501089,0.9864060282707214
6318,3569,occlusion_1,0.2411238978037963,0.09346164239419473,0.9641889929771423
6319,3943,occlusion_1,0.21998724876305994,0.03467000600619194,0.9397312998771667
6320,1610,occlusion_1,0.16387005004940963,0.09329918899187227,0.998532772064209
6321,3003,occlusion_1,0.07433690102595203,0.08897372517945631,0.9991557598114014
6322,2100,occlusion_1,0.26283393574483466,0.029177968249176487,0.9993533492088318
6323,403,occlusion_1,0.35347472436048766,0.04750555618242784,0.986555814743042
6324,2746,occlusion_1,0.4401622798455798,0.0636249664037124,0.934796929359436
6325,4535,occlusion_1,0.17302926930975407,0.08055873151789321,0.997681736946106
6326,1022,occlusion_1,0.34124017762951553,0.10034228814765811,0.9967067837715149
6327,1764,occlusion_1,0.18531536021166378,0.1169451375802358,0.9904029369354248
6328,2231,occlusion_1,0.12246518116444349,0.03516657091677189,0.9988033771514893
6329,3830,occlusion_1,0.07099377065896988,0.06495335996150971,0.9991507530212402
6330,3357,occlusion_1,0.18285668841222438,0.04875149741405394,0.9989792704582214
6331,1154,occlusion_1,0.04513235212791534,0.17005500419154054,0.9977420568466187
6332,4461,occlusion_1,0.4152057909843873,0.035616486048211854,0.9993699193000793
6333,4356,occlusion_1,0.14700056239962578,0.012390610707156798,0.9749600291252136
6334,1788,occlusion_1,0.13924727847381513,0.21346952811795838,0.7988119125366211
6335,813,occlusion_1,0.624292798857722,0.044125343362490334,0.965772807598114
6336,344,occlusion_1,0.3208815935585234,0.12600968446996477,0.994411051273346
6337,1353,occlusion_1,0.03245814209399016,0.2801541724930639,0.9664875268936157
6338,3951,occlusion_1,0.06299706958994573,0.02859122868703336,0.9993706345558167
6339,2427,occlusion_1,0.3510126436040515,0.12510735506103152,0.9975643157958984
6340,3287,occlusion_1,0.30283768640624154,0.0640066150161955,0.9502406716346741
6341,1226,occlusion_1,0.11856670168841757,0.0765499563478842,0.9986475110054016
6342,1678,occlusion_1,0.26370665373710483,0.07734770499742948,0.991341769695282
6343,2941,occlusion_1,0.626721574402437,0.04272538605259686,0.9983413219451904
6344,1740,occlusion_1,0.10421920404201601,0.11456983118522458,0.9993639588356018
6345,168,occlusion_1,0.7464457971128551,0.09735379679636522,0.9438225626945496
6346,4577,occlusion_1,0.48501894504922194,0.13042069608118476,0.9915236234664917
6347,1363,occlusion_1,0.5815840462843577,0.22863472799460094,0.99774569272995
6348,853,occlusion_1,0.1649937105178833,0.031897345781326296,0.9994274377822876
6349,387,occlusion_1,0.10440321412740969,0.06913842699107002,0.9979690909385681
6350,3356,occlusion_1,0.3958118777899515,0.08118103799365815,0.9928568601608276
6351,3746,occlusion_1,0.21699736696301083,0.040959931684262825,0.9983327984809875
6352,3411,occlusion_1,0.15208987662425408,0.09998970727125804,0.9995294809341431
6353,880,occlusion_1,0.11695205730696519,0.21350324836870035,0.9876089096069336
6354,3464,occlusion_1,0.33087827467049163,0.08500927872955799,0.9958645105361938
6355,1034,occlusion_1,0.17230944765938652,0.037885000639491614,0.9986048340797424
6356,3564,occlusion_1,0.20713440369475972,0.11570490463213487,0.998264729976654
6357,84,occlusion_1,0.05420827188275077,0.04477363350716504,0.9993313550949097
6358,3903,occlusion_1,0.3468474406335089,0.06158451404836443,0.9940381050109863
6359,1772,occlusion_1,0.3457362622850471,0.041633658525016576,0.892763078212738
6360,42,occlusion_1,0.4010560763153163,0.16826693984595212,0.9616796970367432
6361,4097,occlusion_1,0.3602302819490433,0.03097802530164304,0.9007664322853088
6362,2943,occlusion_1,0.1500945377808351,0.03833298270518963,0.9992274045944214
6363,4262,occlusion_1,0.04001861229175475,0.20935967637271416,0.9909334182739258
6364,3099,occlusion_1,-0.11693563958554454,-0.06120755614687663,0.006214184686541557
6365,3982,occlusion_1,0.3748781532049179,0.13735255405858712,0.6208940744400024
6366,3797,occlusion_1,-0.18671243503445484,0.0011130527394716857,0.3251017928123474
6367,1730,occlusion_1,0.26258093254132703,0.05411400442773646,0.9543066024780273
6368,2616,occlusion_1,0.628907712470544,0.050313782535101235,0.9945579767227173
6369,476,occlusion_1,0.32004879898839184,0.08514502915469083,0.9988596439361572
6370,1489,occlusion_1,0.2059740050272508,0.02040911696173928,0.9966388940811157
6371,2295,occlusion_1,0.3434307887786772,0.05080509040413833,0.9955814480781555
6372,468,occlusion_1,0.2277357385804256,0.13412819290533662,0.9972794651985168
6373,3608,occlusion_1,0.26004992764104495,0.00736414302479137,0.9065811634063721
6374,4098,occlusion_1,0.13991873983929798,0.10903544069790258,0.986187219619751
6375,1874,occlusion_1,0.12548228814488366,0.07232886198021117,0.9993380904197693
6376,290,occlusion_1,0.2813482013615695,0.08356621590527621,0.9960606694221497
6377,383,occlusion_1,0.14422824520331162,0.09190296840209228,0.9991720914840698
6378,3175,occlusion_1,0.7205358888953924,0.0693592980504036,0.9857865571975708
6379,4501,occlusion_1,-0.3720345910767029,0.018891872260077245,0.12315056473016739
6380,3622,occlusion_1,0.11470659984098304,-0.12776114308230935,0.403207391500473
6381,2034,occlusion_1,0.08703975098313026,0.10269772303554248,0.9993428587913513
6382,363,occlusion_1,0.26664438572796906,0.12019375237551602,0.9916552305221558
6383,3374,occlusion_1,0.22073685596970952,0.04241128820998996,0.9985848665237427
6384,1640,occlusion_1,0.25789976674456927,0.12717217692109042,0.9966698288917542
6385,1448,occlusion_1,0.17490666878945899,0.06055975637652657,0.9965840578079224
6386,957,occlusion_1,0.20963195323944092,0.08373781323432922,0.996331512928009
6387,4028,occlusion_1,0.11625803805686333,0.4456947447883116,0.9583606123924255
6388,3583,occlusion_1,0.2623879244845164,0.02799189639718909,0.9989262223243713
6389,3657,occlusion_1,0.44509747862815857,0.11508087515830993,0.9940369129180908
6390,4436,occlusion_1,0.314266605509652,0.11868235800001356,0.9842575788497925
6391,3203,occlusion_1,0.13273300798166365,0.1886006858909414,0.6920673847198486
6392,3487,occlusion_1,0.4421158211175786,0.02342668799466865,0.9533994197845459
6393,4109,occlusion_1,0.5768176214769483,-0.03892769238778523,0.6673213243484497
6394,197,occlusion_1,0.13614452067686586,0.05869674986722518,0.998417854309082
6395,3854,occlusion_1,0.09306279534385317,0.03778507241180965,0.9992596507072449
6396,2128,occlusion_1,0.1460148003839311,0.0411938081185023,0.9992577433586121
6397,2884,occlusion_1,0.10283524674527786,0.12042154488610286,0.9994655251502991
6398,213,occlusion_1,0.3462551038484184,0.0993446011324318,0.986492931842804
6399,2214,occlusion_1,-0.05253328855552182,-0.03900190564879292,0.001623338321223855
6400,3161,occlusion_1,0.06297740449265736,0.05538689181572053,0.9994334578514099
6401,907,occlusion_1,0.5561730253199736,0.08726499039752811,0.9981001019477844
6402,2498,occlusion_1,0.115520179271698,0.017462071776390076,0.998960018157959
6403,2197,occlusion_1,0.07947403307144459,0.09582492021413949,0.9983829259872437
6404,1493,occlusion_1,0.4138656569754376,0.19189185517675736,0.9405252933502197
6405,176,occlusion_1,0.37704833256346837,0.047769051790237424,0.9933602213859558
6406,3451,occlusion_1,0.22978575617978067,0.14360807610280585,0.9989234805107117
6407,2551,occlusion_1,0.10478334661040987,0.12859181740454265,0.9902015328407288
6408,1829,occlusion_1,0.10394879525358026,0.11207404922355305,0.9994402527809143
6409,4525,occlusion_1,0.1345837155775148,0.0863815509543127,0.9970123767852783
6410,47,occlusion_1,0.2712278611519757,0.030160963535308838,0.999426007270813
6411,2650,occlusion_1,0.11616691946983337,0.04700386226177215,0.9995126724243164
6412,139,occlusion_1,0.27408377690748736,0.06219513849778609,0.9588784575462341
6413,2922,occlusion_1,0.09410190690647471,0.027225983142852784,0.9993489384651184
6414,3642,occlusion_1,0.19056587368249894,0.05362861081957817,0.9988958835601807
6415,3719,occlusion_1,0.31300036377376983,0.061840173270967275,0.9944077730178833
6416,3053,occlusion_1,0.5015092714130879,0.06814286261796951,0.8891727924346924
6417,1889,occlusion_1,0.30347567639852824,0.05665270905745657,0.9610589742660522
6418,1470,occlusion_1,0.14714498661066355,0.14953768370967163,0.9985764026641846
6419,4096,occlusion_1,0.22719575780810733,0.06584926536588957,0.989296019077301
6420,2293,occlusion_1,0.0470923323456834,0.10689970451157267,0.9994111061096191
6421,251,occlusion_1,0.29234691510597866,0.08934364318847657,0.974237859249115
6422,4358,occlusion_1,0.15430083125829697,0.0835670287842336,0.9950791597366333
6423,2791,occlusion_1,0.10733886032054822,0.13254561523596445,0.9987816214561462
6424,3028,occlusion_1,0.0463824556933509,0.025674333175023396,0.9987490177154541
6425,215,occlusion_1,0.4384245295887408,0.10757112373476443,0.9987908005714417
6426,2298,occlusion_1,0.532998993009096,0.04137133210897446,0.9964422583580017
6427,1533,occlusion_1,0.24623800188302994,-0.06766907274723052,0.6086938381195068
6428,2852,occlusion_1,0.21019696080407432,0.030898004077201665,0.9918903112411499
6429,933,occlusion_1,0.14757160168318523,0.04341569791237513,0.9992483258247375
6430,2679,occlusion_1,0.2822109967470169,0.08751038312911988,0.9879344701766968
6431,3072,occlusion_1,0.15053779756029448,0.036987309240632586,0.9992577433586121
6432,1681,occlusion_1,0.3816587573036234,0.013674985221091738,0.9828292727470398
6433,914,occlusion_1,0.1062186966019292,0.047765280931226665,0.999286949634552
6434,2306,occlusion_1,0.11935785135557485,0.1664538652051327,0.9987727999687195
6435,3841,occlusion_1,0.1927370758433091,0.06541369424054497,0.9986420273780823
6436,3570,occlusion_1,0.6614607385761867,0.09376870547280167,0.9980530738830566
6437,2211,occlusion_1,0.753376448922085,-0.010298499555298777,0.9349544048309326
6438,2857,occlusion_1,-0.08937963499472691,-0.16166847829635328,0.21262961626052856
6439,1766,occlusion_1,0.02116275614216214,0.03378591509092422,0.9990941286087036
6440,498,occlusion_1,-0.08358137585943745,-0.08772766397845361,0.05736610293388367
6441,2230,occlusion_1,0.09594549083461364,0.11049777983377378,0.9966093301773071
6442,884,occlusion_1,0.4936318486441104,-0.19357614432062423,0.6775282621383667
6443,3275,occlusion_1,0.32317030312968237,0.13558835229452917,0.9664580821990967
6444,1991,occlusion_1,0.2676608304182688,0.14046939313411713,0.9986211061477661
6445,3426,occlusion_1,-0.16362158724762224,-0.028011607283217558,0.0023448080755770206
6446,566,occlusion_1,0.042037410510552896,0.04865899601498166,0.9992467164993286
6447,3457,occlusion_1,0.09795726063074889,0.10331800945655063,0.998980700969696
6448,2792,occlusion_1,0.24426875466650183,0.07768729545853355,0.9960203766822815
6449,4095,occlusion_1,0.26299138825673324,0.06981558925830401,0.99498051404953
6450,2257,occlusion_1,0.39100997895002365,0.049499242321441046,0.9961966276168823
6451,4129,occlusion_1,0.04859168146337781,0.20385160467454366,0.6013912558555603
6452,1606,occlusion_1,0.26788262178500494,0.06231786211331685,0.996669352054596
6453,439,occlusion_1,0.10710448978675736,0.03736866948505243,0.9968563318252563
6454,2737,occlusion_1,0.4999750781804323,0.08356279581785202,0.9930230379104614
6455,2008,occlusion_1,0.5295327111732128,0.05582700357880703,0.980529248714447
6456,3731,occlusion_1,0.5648826472461224,0.14890229604814365,0.9366511106491089
6457,3519,occlusion_1,0.16647562638242194,0.05079643618553243,0.9982911944389343
6458,2678,occlusion_1,0.6416206148088627,0.04782415019429248,0.9567103981971741
6459,4561,occlusion_1,0.12239925314982732,0.14366221477588018,0.9962685108184814
6460,3617,occlusion_1,0.02626363530352309,0.04244332478658573,0.29665276408195496
6461,1998,occlusion_1,-0.03862981994946798,-0.07521699673750183,0.0412522628903389
6462,1121,occlusion_1,0.6668675961819562,0.21674044565720993,0.9835547804832458
6463,2601,occlusion_1,0.16341288252310318,0.07274166426875374,0.9989109039306641
6464,1261,occlusion_1,0.1584894951337423,0.1228410651286443,0.9994351267814636
6465,2275,occlusion_1,0.38167319260537624,0.02828158438205719,0.9245105981826782
6466,2611,occlusion_1,0.2565297372639179,0.10037106797099113,0.9992610812187195
6467,844,occlusion_1,0.6494653075933456,0.06385897436449604,0.9531400799751282
6468,4265,occlusion_1,0.40077278536299,0.34300657556108805,0.9553266763687134
6469,27,occlusion_1,0.05304728477608924,0.043518123673457726,0.9992986917495728
6470,229,occlusion_1,0.06413323462009429,0.04118897885084152,0.9817320704460144
6471,862,occlusion_1,0.16006580266085538,0.03858755291862921,0.9989375472068787
6472,3155,occlusion_1,0.7212497058014075,0.033389038716753326,0.9988868832588196
6473,4039,occlusion_1,0.09680939882993699,0.05574319362640381,0.9874572157859802
6474,183,occlusion_1,0.06077253683046861,0.3148038157007911,0.8408257365226746
6475,2360,occlusion_1,0.07918212827174895,0.2264209380072932,0.9968122839927673
6476,2348,occlusion_1,0.3951578560200604,0.18490213291211563,0.8021566271781921
6477,238,occlusion_1,0.10740364771900755,0.10924847107945067,0.9872130751609802
6478,3180,occlusion_1,0.08967216675345963,0.03470528528497026,0.9992392063140869
6479,2581,occlusion_1,0.26193320245615076,0.09717993863991328,0.9943011999130249
6480,1567,occlusion_1,0.14109625122868097,0.09091302122061069,0.998291552066803
6481,2925,occlusion_1,0.0636098717028896,0.08541464681426685,0.9994780421257019
6482,523,occlusion_1,0.34313259827239173,0.12997452286737307,0.9963511228561401
6483,1035,occlusion_1,0.3131696948328534,0.044981579522828795,0.9714162945747375
6484,2402,occlusion_1,0.1660860320252757,0.06624205458548761,0.9966562986373901
6485,2312,occlusion_1,0.4225405032436053,0.06459446748097737,0.9954087138175964
6486,1225,occlusion_1,0.041333823204040526,0.02725113034248352,0.999314546585083
6487,2069,occlusion_1,0.15525587094135773,0.15755538604198357,0.9992940425872803
6488,423,occlusion_1,0.2506882557040685,0.04421519652589575,0.999146580696106
6489,4427,occlusion_1,0.21769786351605466,0.04945981345678631,0.9972666501998901
6490,1174,occlusion_1,0.13441270153696944,0.0491735346433593,0.9946218729019165
6491,1490,occlusion_1,0.11635925282131541,0.061727689071135086,0.9994750618934631
6492,2020,occlusion_1,0.2593331401321021,0.060911324552514336,0.9884366989135742
6493,1837,occlusion_1,-0.060290176726755546,-0.08968602108662246,0.19283337891101837
6494,3730,occlusion_1,0.35909061424615907,0.17615617102966075,0.9857283234596252
6495,1586,occlusion_1,0.21671831417591014,0.06285873848073026,0.9994356036186218
6496,3595,occlusion_1,0.11162975430488586,0.03373218053265622,0.9992507100105286
6497,2622,occlusion_1,0.13944570792884362,0.017046092486963038,0.9990929365158081
6498,2173,occlusion_1,0.15803320362017706,0.04878490131634932,0.9975391626358032
6499,2153,occlusion_1,0.09755277823894581,0.03822234463184438,0.9989340901374817
6500,1139,occlusion_1,0.07457982358478364,0.07577631232284364,0.99576735496521
6501,4101,occlusion_1,0.3577773434775216,0.0679414050919669,0.9974703788757324
6502,4005,occlusion_1,0.41058950622876483,0.2185358703136444,0.920300304889679
6503,1530,occlusion_1,0.1788743719822023,0.04262196872292495,0.9989368319511414
6504,4259,occlusion_1,0.6626936121264825,0.03717045687340401,0.9868696331977844
6505,2175,occlusion_1,0.2775836235031168,0.03038433479501846,0.998029887676239
6506,1016,occlusion_1,0.18634428348272078,0.07300231798041251,0.9987121820449829
6507,1575,occlusion_1,0.3679969784091501,0.045388664685043635,0.988329291343689
6508,1333,occlusion_1,0.6502682838419621,0.12609066543253986,0.997680127620697
6509,1380,occlusion_1,0.3082219274206595,0.02966741540215232,0.9898627996444702
6510,1428,occlusion_1,0.259105343152495,0.10381498056299546,0.9926486611366272
6511,2027,occlusion_1,0.2764677906838747,0.02265470618238816,0.9842751622200012
6512,1039,occlusion_1,0.06944831788539886,0.06515309274196625,0.9986599683761597
6513,22,occlusion_1,0.2598637217699095,0.14194260641585948,0.9752492904663086
6514,1276,occlusion_1,0.19170354632660747,0.10486658848822117,0.998924195766449
6515,1367,occlusion_1,0.3271424035693324,0.09591221532156301,0.9712473750114441
6516,147,occlusion_1,0.16942762956023216,0.1648504494556359,0.9817050695419312
6517,3226,occlusion_1,0.10633227201523604,0.09236504358273966,0.9958255290985107
6518,4586,occlusion_1,0.0686549755834764,0.03860681528045285,0.9990346431732178
6519,2301,occlusion_1,0.31834746720427176,0.016711518421011456,0.9713895320892334
6520,2466,occlusion_1,0.42644850525163835,0.0646852211606118,0.9994401335716248
6521,2876,occlusion_1,0.4143633506236932,0.0053857243978060205,0.9326568841934204
6522,2213,occlusion_1,0.8800411965025382,0.14824861163894335,0.9941562414169312
6523,2261,occlusion_1,0.541781868499059,0.03549679540670835,0.9990488886833191
6524,1956,occlusion_1,0.014669613066044722,-0.02350437099283392,0.21360939741134644
6525,2369,occlusion_1,0.5120232828119968,0.16900092173129955,0.9757903218269348
6526,190,occlusion_1,0.17069650524192387,0.04205237246221966,0.9993757605552673
6527,1834,occlusion_1,0.31553837725749384,0.04201748990095579,0.9904553294181824
6528,2393,occlusion_1,0.36164739231268567,0.04822919103834364,0.8728262186050415
6529,282,occlusion_1,0.1062647314934895,0.0731233430319819,0.9992960691452026
6530,1916,occlusion_1,0.46376985870301723,0.1266896380111575,0.9962771534919739
6531,4527,occlusion_1,0.6423126822780996,0.039076646169026695,0.9958440661430359
6532,1324,occlusion_1,0.42938623902125234,0.13219851561081716,0.997307300567627
6533,3576,occlusion_1,0.21551739605697426,0.02191669393230129,0.9993765950202942
6534,4029,occlusion_1,0.14146336624699254,0.10678585017881086,0.9840233325958252
6535,1683,occlusion_1,0.264629356239153,0.08016054656194604,0.9959592223167419
6536,4353,occlusion_1,-0.17950612633693508,0.4429371842160458,0.6442529559135437
6537,273,occlusion_1,-0.042386794272734195,-0.03454111425244078,0.4366813004016876
6538,1970,occlusion_1,0.039135144515471024,0.07776685248721729,0.9992675185203552
6539,903,occlusion_1,0.22072642012721017,0.08449805953672954,0.9751281142234802
6540,3599,occlusion_1,0.16428010555414052,0.04948483361647679,0.9986629486083984
6541,2499,occlusion_1,0.3225861549377441,0.017123423144221307,0.7589396238327026
6542,3514,occlusion_1,0.10870012025470319,0.24313586691151495,0.9938662648200989
6543,2991,occlusion_1,0.592434424076744,0.07717889429707277,0.9984467625617981
6544,3705,occlusion_1,0.2958105653524399,0.14305740036070347,0.9963952898979187
6545,2014,occlusion_1,0.2712272732181752,0.13174568465415468,0.9991874098777771
6546,257,occlusion_1,0.5175609130550314,0.06934317615297106,0.9354739189147949
6547,3721,occlusion_1,0.11463292162926471,0.09736400256391431,0.999211311340332
6548,2368,occlusion_1,0.04719684422016144,0.05462484657764435,0.9995133876800537
6549,3689,occlusion_1,0.04148245269947864,0.0339860976376432,0.9995414018630981
6550,2574,occlusion_1,0.0841509232466871,0.10035432107520825,0.9986448884010315
6551,4260,occlusion_1,0.2979494455185803,0.0705897415226156,0.9845682382583618
6552,517,occlusion_1,0.5726510119744607,0.09962090946012928,0.9890824556350708
6553,3170,occlusion_1,0.15876102986166607,0.04690435206567919,0.37728896737098694
6554,3201,occlusion_1,0.36170481085777284,0.08059489250183105,0.9731975793838501
6555,3194,occlusion_1,0.21175066997175632,0.04188158622254496,0.9696018099784851
6556,3897,occlusion_1,0.1141154296696186,0.1976243820041418,0.9893485307693481
6557,858,occlusion_1,0.3565976347308606,0.1289180452004075,0.953101634979248
6558,19,occlusion_1,-0.11276937690046099,-0.08223715093400744,0.19863805174827576
6559,699,occlusion_1,0.21011405852105883,0.14214364687601724,0.9981850981712341
6560,575,occlusion_1,0.14108187022308508,0.08423896506428719,0.9992434978485107
6561,1646,occlusion_1,0.08178358028332393,0.07279108216365178,0.998680055141449
6562,3623,occlusion_1,0.029659828761728797,0.0467149448104021,0.9992762207984924
6563,599,occlusion_1,0.13683464005589485,0.07554356679320336,0.8552141785621643
6564,2894,occlusion_1,0.2653995533784231,0.09418349729643928,0.9994414448738098
6565,305,occlusion_1,0.5640285881060474,-0.11191116695134144,0.7452290058135986
6566,3433,occlusion_1,0.6994410562065413,0.09341556255547505,0.9913182258605957
6567,3826,occlusion_1,0.41127171913782756,0.08059423698319329,0.833632230758667
6568,1350,occlusion_1,0.09624020317021538,0.02904034800389234,0.999143123626709
6569,2129,occlusion_1,0.5255885444242846,0.04329872605475513,0.9817749261856079
6570,1422,occlusion_1,0.3727895515529733,0.04043051129893253,0.9939923882484436
6571,3819,occlusion_1,0.3873944025148045,0.03917794640768658,0.9720261693000793
6572,1527,occlusion_1,0.06724000990390777,0.038225983083248136,0.9995263814926147
6573,1087,occlusion_1,0.05047990076921203,0.08717315745624629,0.9994671940803528
6574,1484,occlusion_1,0.3665858528962949,0.10098449195303567,0.9925711750984192
6575,3513,occlusion_1,0.49740626774728297,0.08700529709458352,0.9936748147010803
6576,3361,occlusion_1,0.5456084327565299,0.06753000418345133,0.9925170540809631
6577,1323,occlusion_1,0.7287507447103659,0.08379862854878108,0.9002510905265808
6578,1553,occlusion_1,0.695155631041243,0.06649312731765565,0.9968364238739014
6579,3687,occlusion_1,0.15388079094035284,0.08074466804308551,0.9988264441490173
6580,4368,occlusion_1,0.07439159674029197,0.042686309545270855,0.9993677735328674
6581,3165,occlusion_1,0.14747129121552344,0.06617894768714905,0.9985639452934265
6582,1309,occlusion_1,0.4500765809507081,0.06512647867202759,0.9942368268966675
6583,2983,occlusion_1,0.49259960651397705,0.061015412593499206,0.9794597029685974
6584,3378,occlusion_1,0.5831986169020335,0.16131463205372845,0.972556471824646
6585,345,occlusion_1,0.15849596425465753,-0.2290050442452016,0.22643691301345825
6586,1086,occlusion_1,0.4814278095960617,0.16097088009119034,0.9965366125106812
6587,923,occlusion_1,0.26185096154610316,0.09612225592136384,0.9984931945800781
6588,1571,occlusion_1,0.19837864255532622,0.08359784493222833,0.9976995587348938
6589,842,occlusion_1,0.5718428057675459,0.023899946285753836,0.9669604301452637
6590,2165,occlusion_1,0.6145662009142913,0.07466608257247852,0.9136630296707153
6591,608,occlusion_1,0.521603183294444,0.07405153078877408,0.9965329170227051
6592,285,occlusion_1,0.28037798912687734,0.1746940849856897,0.9881919026374817
6593,2009,occlusion_1,0.16002257269891826,0.04395806653933092,0.9968289732933044
6594,807,occlusion_1,0.8538028250426747,0.06093082975509555,0.9934793710708618
6595,4511,occlusion_1,0.3776181985934575,0.06135940303405126,0.9991313815116882
6596,2495,occlusion_1,0.06640516659792732,0.019567048432780246,0.9992901086807251
6597,405,occlusion_1,0.11462646357867183,0.032128410071742775,0.9991509914398193
6598,218,occlusion_1,0.39244586613870436,0.0872884335056428,0.9951441287994385
6599,1976,occlusion_1,0.26129038121019094,0.03520122851644244,0.9597140550613403
6600,4040,occlusion_1,0.43126020241867413,0.04565862092104825,0.9750842452049255
6601,2461,occlusion_1,0.16476266944047177,0.03425582340269378,0.999349057674408
6602,2095,occlusion_1,0.2903738336743049,0.06703046245395013,0.9949711561203003
6603,327,occlusion_1,0.3330478124320507,-0.13085600038369496,0.5873706340789795
6604,2957,occlusion_1,-0.007485034607224546,0.045999966435513254,0.9203109741210938
6605,1778,occlusion_1,0.25734220320979756,0.2013364943365256,0.9840218424797058
6606,688,occlusion_1,0.42678016424179077,0.10756456546294384,0.9932776093482971
6607,393,occlusion_1,0.5295159956201528,-0.1674630030607566,0.6850461363792419
6608,3495,occlusion_1,0.28797842815237223,0.04728710988782487,0.9981430768966675
6609,2741,occlusion_1,0.04208578752434772,0.07720174024934354,0.9992361068725586
6610,3105,occlusion_1,0.5097493691288907,0.04444919461789339,0.9249241352081299
6611,3579,occlusion_1,0.19917208467211042,0.0990172530923571,0.9520959258079529
6612,4460,occlusion_1,0.1311327986260678,0.06495886153363167,0.9898013472557068
6613,1491,occlusion_1,0.19138901210144946,0.13160366094426104,0.9982465505599976
6614,882,occlusion_1,0.6426424855987231,0.15047076013353136,0.9501113295555115
6615,2085,occlusion_1,0.8197111590868897,0.08646712369389004,0.9845461845397949
6616,1769,occlusion_1,0.49154816567897797,0.13954396857771761,0.9936925172805786
6617,3177,occlusion_1,0.22505334189959936,0.18342525107519966,0.786124587059021
6618,3766,occlusion_1,0.16723375480908614,0.09871670985833192,0.9932982325553894
6619,2049,occlusion_1,0.11282705143094063,0.13300097035244107,0.9959898591041565
6620,794,occlusion_1,0.24408206648447298,0.05361102250489322,0.9991806149482727
6621,1617,occlusion_1,0.2923542730924156,0.03026557858619425,0.9971369504928589
6622,21,occlusion_1,0.07788769128145995,0.03314724564552307,0.9991961121559143
6623,2626,occlusion_1,0.2225225955247879,0.039455792638990614,0.9990397095680237
6624,2199,occlusion_1,-0.1010102061347829,-0.43843731102016237,0.11630181223154068
6625,4578,occlusion_1,0.2986572949176139,0.13726991922297377,0.9979962110519409
6626,1535,occlusion_1,0.7095066704626741,0.10229707278054335,0.965785801410675
6627,1012,occlusion_1,0.28233945462852716,0.06497867777943611,0.9110031127929688
6628,3302,occlusion_1,0.051711702048778535,0.13583917170763016,0.9966009259223938
6629,3059,occlusion_1,0.28616826285918556,0.1304090877374013,0.9944150447845459
6630,1172,occlusion_1,0.2139378379691731,0.09478965570980852,0.9994309544563293
6631,3322,occlusion_1,0.16527200490236282,0.13411020605187668,0.9869601726531982
6632,3232,occlusion_1,0.29259842058474367,0.3402738097039136,0.6787059307098389
6633,3859,occlusion_1,0.16518850815601838,0.033415330526156306,0.9994000196456909
6634,1015,occlusion_1,0.5752803073372952,0.025997116122134897,0.9988258481025696
6635,1364,occlusion_1,0.11476678077293478,0.12150900632790897,0.9986250400543213
6636,2757,occlusion_1,0.12137567755338308,0.19718829763902201,0.9965582489967346
6637,182,occlusion_1,0.7923652445714847,0.07884472608566284,0.9968185424804688
6638,1107,occlusion_1,0.12715213938995643,0.05430576895122175,0.9994277358055115
6639,188,occlusion_1,0.627542850800923,0.04037866294384003,0.9641963839530945
6640,2990,occlusion_1,0.5143068637698889,0.041134086747964226,0.9777076244354248
6641,2951,occlusion_1,0.3476134693870942,0.027040123318632443,0.9268053770065308
6642,3539,occlusion_1,0.11281436796371754,0.13380580089795283,0.9992080330848694
6643,3473,occlusion_1,0.5717560835182667,0.08348672123004992,0.9916621446609497
6644,1655,occlusion_1,0.3150724904692691,0.14152675996656003,0.9561798572540283
6645,3422,occlusion_1,0.2278672528007756,0.01858437126097472,0.9873555302619934
6646,4077,occlusion_1,0.3106059810010398,0.051428251150177746,0.9864309430122375
6647,3015,occlusion_1,0.08965032571746458,0.1280472735243459,0.9961894154548645
6648,2713,occlusion_1,0.7444322813445559,0.04571689951878328,0.9959392547607422
6649,3397,occlusion_1,0.07655614424259105,0.08630705513852707,0.9982140064239502
6650,1266,occlusion_1,0.4056128550853048,0.03674948002610888,0.9910101890563965
6651,1623,occlusion_1,0.15221152683863273,0.09649311607846847,0.9975281357765198
6652,3358,occlusion_1,0.19041452947117032,0.01598859755765824,0.9994218349456787
6653,373,occlusion_1,0.15782728092744946,0.11803036322817206,0.9986394047737122
6654,2026,occlusion_1,0.2726330618063609,0.11315389701889621,0.9973853230476379
6655,1524,occlusion_1,0.13395670170967394,0.08448291168763088,0.9991912245750427
6656,422,occlusion_1,0.16356299746604192,0.06248357892036438,0.9964370727539062
6657,3169,occlusion_1,0.05336385921520345,0.09200065451509812,0.9984326958656311
6658,3650,occlusion_1,0.7764221643182364,0.06272853206504475,0.9988405108451843
6659,3800,occlusion_1,0.17231680960097212,0.04277809313003053,0.9954853653907776
6660,1120,occlusion_1,0.09202914811530204,0.12574002343528676,0.9985499978065491
6661,2249,occlusion_1,0.041986128618550854,0.0347644028275512,0.999239444732666
6662,4043,occlusion_1,0.08937347316464712,0.15764687331609947,0.9995046854019165
6663,616,occlusion_1,0.19518924376060223,0.11156012066479387,0.9932864308357239
6664,2691,occlusion_1,0.44613880805067113,0.055811587217691784,0.9945648908615112
6665,2043,occlusion_1,0.10219274275004864,0.08356478730482715,0.9893264770507812
6666,3188,occlusion_1,0.3467797848582268,0.01336745172739029,0.9561892151832581
6667,2835,occlusion_1,0.36839157342910767,0.201378622593788,0.9964105486869812
6668,4211,occlusion_1,0.19731729328632355,0.0681017130613327,0.9993695616722107
6669,917,occlusion_1,0.55662642698735,0.10916303051635623,0.9769731760025024
6670,4100,occlusion_1,0.20264028211434681,0.095481499698427,0.9941927790641785
6671,1162,occlusion_1,0.05983738419486255,0.02733091973676914,0.9986494183540344
6672,3716,occlusion_1,0.23772175679373186,0.22504755923914355,0.9980462789535522
6673,1248,occlusion_1,0.09391346101353808,0.08986056977655829,0.9990745782852173
6674,828,occlusion_1,0.20856621354184252,0.09566945503366754,0.9993220567703247
6675,2243,occlusion_1,-0.05704623193389947,-0.10218346407336573,0.019019760191440582
6676,2902,occlusion_1,0.20560681398184794,0.0852395807797054,0.9966222047805786
6677,337,occlusion_1,0.2605366798547598,0.13216157123828545,0.9783531427383423
6678,2351,occlusion_1,0.10288972914218902,0.07288881480693817,0.9992207288742065
6679,1959,occlusion_1,0.5823606550693512,0.09191585816442967,0.9609718918800354
6680,3431,occlusion_1,-0.05664403208356816,-0.10981935687595978,0.00046993696014396846
6681,4374,occlusion_1,0.3551957698500886,0.02904350477821973,0.9872118830680847
6682,1102,occlusion_1,0.40840172948259296,0.09599079101374655,0.999197781085968
6683,1246,occlusion_1,0.0630608167041812,0.05499302425928283,0.9996080994606018
6684,1176,occlusion_1,0.5131313708507352,0.1600596914688746,0.9969789981842041
6685,4579,occlusion_1,0.03477650814586215,0.057993381553226045,0.9994199275970459
6686,3195,occlusion_1,0.3236883440438439,-0.12266088057966794,0.6346989870071411
6687,2790,occlusion_1,0.20989313274621962,0.06934735894203187,0.9861191511154175
6688,3877,occlusion_1,0.6403514281624839,0.04032681456633976,0.9876953363418579
6689,93,occlusion_1,0.21663973705713138,0.049674614224323003,0.9915067553520203
6690,2795,occlusion_1,0.668724755102114,-0.017687114912110405,0.7535057663917542
6691,2317,occlusion_1,0.07920620353384451,0.10941381278363141,0.96194988489151
6692,385,occlusion_1,0.08095680329264426,0.05010898076758093,0.9994681477546692
6693,913,occlusion_1,0.15186858177185059,0.03714636058518381,0.9994449019432068
6694,693,occlusion_1,0.4249972502390544,0.031099688675668504,0.9457829594612122
6695,3241,occlusion_1,0.5328434523195028,0.0603790856897831,0.9732812643051147
6696,2471,occlusion_1,0.14610033740802686,0.1846430833850588,0.982262372970581
6697,311,occlusion_1,0.1996166489596637,0.14328647728236216,0.9971117973327637
6698,334,occlusion_1,0.7142174447148617,0.03504200307828075,0.9988366961479187
6699,861,occlusion_1,0.0740734272532993,0.031935234588605386,0.999292254447937
6700,1454,occlusion_1,0.025250946482022602,0.21122455100218454,0.870018720626831
6701,2684,occlusion_1,0.29846934777385786,0.033973209700494444,0.9973424077033997
6702,1224,occlusion_1,0.4521294170502393,-0.10281493851254063,0.4944649934768677
6703,2585,occlusion_1,0.07151804073732726,0.1857317211676617,0.9993125200271606
6704,708,occlusion_1,0.08275964920935423,0.024778092037076534,0.999289870262146
6705,3141,occlusion_1,0.15673867386320364,0.03804829489925633,0.9991186261177063
6706,38,occlusion_1,0.07643116476400844,0.1479132760245845,0.9958574175834656
6707,2683,occlusion_1,0.44174291267991067,0.04392814561724663,0.9975536465644836
6708,935,occlusion_1,0.09985095688274928,0.06321549841335841,0.9975470900535583
6709,3339,occlusion_1,0.1284586071320202,0.0726131110087685,0.9989293217658997
6710,1325,occlusion_1,0.4211474234281584,0.04772783781206885,0.9911705255508423
6711,2120,occlusion_1,-0.3345261598918952,-0.009169425961433672,0.1793193370103836
6712,470,occlusion_1,0.038795315637821105,0.07132508841956534,0.9710757732391357
6713,3393,occlusion_1,0.42957585184155284,0.11346180334284499,0.9974689483642578
6714,1942,occlusion_1,0.3863283369379739,0.11214291614790757,0.9988511800765991
6715,3371,occlusion_1,0.4035466851459609,0.06889254930946562,0.9979150891304016
6716,1713,occlusion_1,0.3137608126372747,-0.02475589772929316,0.3988629877567291
6717,160,occlusion_1,0.0942886857823892,0.05592073059894822,0.9973318576812744
6718,1192,occlusion_1,0.09831403456628322,0.053493790328502655,0.9993274211883545
6719,2161,occlusion_1,0.12048921190403603,0.07144303780955237,0.9993523955345154
6720,3925,occlusion_1,0.3846997618675232,0.09333334105913757,0.9852386116981506
6721,3619,occlusion_1,0.27786412111350467,0.11216884425708226,0.9477124810218811
6722,4209,occlusion_1,0.7195840542897199,0.2420995648090656,0.9352366328239441
6723,3524,occlusion_1,0.10017278077809708,0.06602652597686519,0.9971683621406555
6724,353,occlusion_1,0.0659177333724742,0.036587311905257554,0.9979647397994995
6725,2548,occlusion_1,0.367149821881737,0.19024595777903283,0.9975493550300598
6726,4202,occlusion_1,0.14968742770808083,0.06846184432506561,0.997850775718689
6727,1014,occlusion_1,0.156033717231317,0.30560356453061105,0.9347330927848816
6728,1200,occlusion_1,0.38338817553273563,0.11490859271123491,0.9977559447288513
6729,4580,occlusion_1,0.07717667851183149,0.031242785630402743,0.9995810389518738
6730,3087,occlusion_1,0.3467763790062496,0.16229318987045968,0.9966663718223572
6731,1305,occlusion_1,0.025939571857452392,0.09286750927567482,0.9835767149925232
6732,112,occlusion_1,0.19291986897587776,0.10576295899227262,0.9985590577125549
6733,1853,occlusion_1,0.32105295743906137,0.03948254296273896,0.9991658926010132
6734,4310,occlusion_1,0.16800238642581675,0.08720507559388183,0.9597232341766357
6735,3873,occlusion_1,0.10325981127588373,0.08199926034400337,0.9993884563446045
6736,4216,occlusion_1,0.03680163453210075,0.02016515439411379,0.9993745684623718
6737,14,occlusion_1,0.17070990231107264,0.10880233259762034,0.9734302163124084
6738,3915,occlusion_1,0.7020121502024786,0.09436984402792795,0.9973796606063843
6739,2387,occlusion_1,0.3441481896276985,0.0714156496382895,0.9941787719726562
6740,533,occlusion_1,0.10146000076617513,0.08935451365652539,0.4826476275920868
6741,3551,occlusion_1,0.09762251962508474,0.05016250376190458,0.9966212511062622
6742,851,occlusion_1,0.19684311053292317,0.07548689740625295,0.9978539347648621
6743,1418,occlusion_1,0.33409454555887924,0.049765427123036304,0.9697797298431396
6744,3446,occlusion_1,0.31788712869519775,0.02998889982700348,0.997368335723877
6745,1318,occlusion_1,0.4423445276916027,0.10981605100360783,0.9875132441520691
6746,677,occlusion_1,0.08268916138580867,0.12368414614881788,0.9916860461235046
6747,3740,occlusion_1,0.10751806646585464,0.17328960224986076,0.9944434762001038
6748,1317,occlusion_1,0.3906412731749235,-0.3293989325155977,0.5384346842765808
6749,1072,occlusion_1,0.9366358956275508,0.09193366527557373,0.9982333183288574
6750,4275,occlusion_1,-0.1588833335787058,-0.10650177225470543,0.5105814337730408
6751,655,occlusion_1,0.6658489498598822,0.0490744699691904,0.9464302659034729
6752,3128,occlusion_1,0.16874776235440883,0.06041286885738373,0.9878808259963989
6753,3143,occlusion_1,0.21682086090246835,0.054834174116452535,0.9988874793052673
6754,568,occlusion_1,-0.0018897879868745803,0.0643570635999952,0.6731927394866943
6755,1871,occlusion_1,0.17880657464265823,0.05020192451775074,0.9991005659103394
6756,3956,occlusion_1,0.053341489699151784,0.0617529625693957,0.9991905093193054
6757,121,occlusion_1,0.16914539069070347,0.16320222576281854,0.9930188059806824
6758,3150,occlusion_1,0.5805837144346341,0.09834815561771393,0.9939358830451965
6759,587,occlusion_1,0.12448767056831947,0.1173704342964368,0.9995540976524353
6760,3061,occlusion_1,0.5327011638758133,0.041337468794413974,0.9894143342971802
6761,3162,occlusion_1,0.22019336952103508,0.03942405846383837,0.9993428587913513
6762,1254,occlusion_1,0.13747100796430342,0.03778218477964401,0.9993379712104797
6763,2658,occlusion_1,0.16946601265288413,0.17361279434346139,0.9953664541244507
6764,163,occlusion_1,0.8590675087814982,-0.02507996888129742,0.9316372275352478
6765,1322,occlusion_1,0.1499597476934319,0.07435037062239291,0.995735764503479
6766,4249,occlusion_1,0.268500983173197,-0.07666236487301913,0.7952587604522705
6767,360,occlusion_1,0.38922029650289447,0.06572087854146957,0.9935325384140015
6768,1768,occlusion_1,0.2917763042562413,0.19973958157143504,0.9967795014381409
6769,732,occlusion_1,0.5678514990315306,-0.2508206973473231,0.6572086811065674
6770,2671,occlusion_1,0.5524997361775102,0.06236605500352794,0.9818098545074463
6771,691,occlusion_1,-0.14353217063723384,0.10109903723806948,0.5833619236946106
6772,79,occlusion_1,0.262242642748687,0.07336955103609297,0.9984570741653442
6773,2776,occlusion_1,0.2775017297403379,0.09960805692455986,0.9979240894317627
6774,1053,occlusion_1,0.5048497468233109,0.07334006183287677,0.8781459927558899
6775,410,occlusion_1,0.20366481547815757,0.1938868005547607,0.9984721541404724
6776,4367,occlusion_1,0.5557567853303182,0.10782062723523095,0.952244222164154
6777,1667,occlusion_1,0.12207886911928653,0.19286688789725304,0.9760575890541077
6778,3349,occlusion_1,0.40142268719417706,0.2697607317141124,0.7163977026939392
6779,2672,occlusion_1,0.6592179338137308,0.04645933707555135,0.9987738728523254
6780,4038,occlusion_1,0.3566818571379108,0.028314873335822936,0.9978801012039185
6781,4552,occlusion_1,0.3245860603911912,0.04059384763240814,0.9957738518714905
6782,1542,occlusion_1,0.25949040268148693,0.05585149477939216,0.9965852499008179
6783,1336,occlusion_1,0.08406528246168997,0.043251367760639564,0.9987636804580688
6784,1519,occlusion_1,0.32851285965014726,0.02096863052783868,0.9992033839225769
6785,1229,occlusion_1,0.10266397416591644,0.01838108241558075,0.9991181492805481
6786,1968,occlusion_1,0.17988304638614258,0.04169198746482531,0.9927006959915161
6787,4416,occlusion_1,0.5521842429512426,0.03456161001272369,0.9977737069129944
6788,2109,occlusion_1,0.5975524311671492,0.07991587480560677,0.9951434135437012
6789,725,occlusion_1,0.0852657797790709,0.019565855463345844,0.9993847608566284
6790,1134,occlusion_1,0.388287679957492,-0.08025665936015901,0.7298153042793274
6791,101,occlusion_1,0.21652708623720252,0.12085670232772827,0.9894145727157593
6792,4266,occlusion_1,0.56865651056517,0.05817526232364566,0.9957767724990845
6793,2253,occlusion_1,0.15275234289658376,0.1100046802789737,0.9804319143295288
6794,1269,occlusion_1,0.20579092235614857,0.1362302175257355,0.999366819858551
6795,2813,occlusion_1,0.5390827217272349,0.09031189382076263,0.9908060431480408
6796,193,occlusion_1,0.4025605627984712,0.03461009805852717,0.9990468621253967
6797,1127,occlusion_1,0.05214254920547073,0.03675826900714153,0.9991212487220764
6798,2871,occlusion_1,0.5252003869632396,0.016763070734535774,0.999359667301178
6799,3470,occlusion_1,0.39715158501092124,0.11029150643769432,0.9851285219192505
6800,280,occlusion_1,0.15638210349961332,0.11963806144501034,0.9979800581932068
6801,1696,occlusion_1,0.13623796155055365,0.033519903818766274,0.9992374181747437
6802,2623,occlusion_1,0.16439943181143868,0.03752209809091356,0.9975774884223938
6803,2139,occlusion_1,0.2459542864690656,0.09955649596193562,0.9991551637649536
6804,3438,occlusion_1,0.18581983853470196,0.06600771471858025,0.9978731870651245
6805,82,occlusion_1,0.2416801345348358,0.09104572057723999,0.9986634254455566
6806,876,occlusion_1,0.1625903237749029,0.1271367989204548,0.8936775326728821
6807,2719,occlusion_1,0.2184155393154063,0.07008195620902041,0.9975148439407349
6808,2374,occlusion_1,0.07317753214585154,0.08465956347553354,0.9988671541213989
6809,1569,occlusion_1,0.6653925573968507,-0.03573953598103625,0.9009878635406494
6810,2416,occlusion_1,0.1149657719458143,0.039110565558075905,0.9984265565872192
6811,3724,occlusion_1,0.33891560307570867,0.06989904769829342,0.9507468938827515
6812,3511,occlusion_1,0.5326582118868828,0.08309620946645736,0.9864051342010498
6813,4046,occlusion_1,0.1430868790657432,0.30606951219616113,0.9659867882728577
6814,2132,occlusion_1,0.4950472975319082,-0.0009599344296888872,0.7641882300376892
6815,2932,occlusion_1,0.31133923109839945,0.024032267577507916,0.999075174331665
6816,3414,occlusion_1,0.25296551266381906,0.19626214424538058,0.9952929615974426
6817,1009,occlusion_1,0.18451763253386427,0.04696964781458785,0.9986796975135803
6818,4171,occlusion_1,0.5726602466368094,0.04191111464325974,0.9994396567344666
6819,1439,occlusion_1,0.585063459617751,0.031839579343795776,0.9960202574729919
6820,3603,occlusion_1,0.2164165086524431,0.06460407168366188,0.9982815980911255
6821,2680,occlusion_1,0.04856089166566437,0.05558775219262815,0.9991251826286316
6822,4297,occlusion_1,0.09721446143729347,0.10590870501030059,0.9990498423576355
6823,630,occlusion_1,0.28615174425972834,0.0823180079460144,0.9961799383163452
6824,638,occlusion_1,0.5197332439751461,0.08088082486185534,0.9926242232322693
6825,455,occlusion_1,0.3012830456520649,-0.18245615699189774,0.5071028470993042
6826,129,occlusion_1,0.1303476138247384,0.05402825507852766,0.9993221759796143
6827,3544,occlusion_1,0.20945106141078165,0.11580967750304784,0.9990901947021484
6828,2705,occlusion_1,0.5951699497034917,0.13184491000496423,0.9922772645950317
6829,4542,occlusion_1,0.03347230462704675,0.10885104435985371,0.9992546439170837
6830,1736,occlusion_1,0.16802648813636215,0.07281596130794948,0.9978107810020447
6831,1442,occlusion_1,0.5719341982792063,0.05042057866003455,0.9889532327651978
6832,836,occlusion_1,0.4360481956973672,0.06639093067497015,0.9602082967758179
6833,3713,occlusion_1,0.23059614728658628,0.04318013940102015,0.997062623500824
6834,963,occlusion_1,0.521088403360597,0.07810758067102268,0.7013798356056213
6835,3500,occlusion_1,0.26756935954093936,0.051234209537506105,0.9903208613395691
6836,1386,occlusion_1,0.3414997748332098,0.12285792967304587,0.988541841506958
6837,3631,occlusion_1,0.40097740383780733,0.08152573570913198,0.9985546469688416
6838,3220,occlusion_1,0.1870571351518818,0.0938500399683036,0.9970023036003113
6839,1920,occlusion_1,0.2970389621011142,0.17822292292940206,0.9749138355255127
6840,3065,occlusion_1,0.6672722697257996,0.08618267757051132,0.9664181470870972
6841,4122,occlusion_1,0.11715919933011455,0.08436581540492273,0.9988512992858887
6842,2735,occlusion_1,0.4043480466035279,0.15163066813891585,0.9983483552932739
6843,1441,occlusion_1,0.2021501422637985,0.1170055138922873,0.9963527917861938
6844,860,occlusion_1,0.09305204992944544,0.05349471826444973,0.9987955093383789
6845,930,occlusion_1,0.1300530977720438,0.09941031350645908,0.9993113279342651
6846,2920,occlusion_1,0.6261061234140975,0.06254795359240638,0.9939746260643005
6847,3073,occlusion_1,0.280258073256566,0.023596372741919298,0.9264870285987854
6848,2537,occlusion_1,0.35652116554624896,0.12655154308852026,0.9951505661010742
6849,4582,occlusion_1,0.8549307278561883,0.043785970385481675,0.9943999648094177
6850,173,occlusion_1,0.1469732216045038,0.07027243011033357,0.9981030225753784
6851,1056,occlusion_1,0.33939832112481516,0.28070022328005684,0.9929484128952026
6852,2870,occlusion_1,0.2449679598212242,0.20441533625125885,0.9918369650840759
6853,50,occlusion_1,0.7655342458913635,0.07760801033249923,0.9725416302680969
6854,2560,occlusion_1,0.5334833562374115,0.1061395532809771,0.9982095956802368
6855,31,occlusion_1,0.2857334837317467,0.08263390079924934,0.9972336888313293
6856,3419,occlusion_1,0.2635343804004345,0.09008413331305727,0.9989976286888123
6857,3023,occlusion_1,0.05428740281169697,0.03933590650558472,0.9991033673286438
6858,1433,occlusion_1,0.17707391779442302,0.12383543370199986,0.9910736680030823
6859,399,occlusion_1,0.7211138625793597,0.025536587571396548,0.9990413784980774
6860,3793,occlusion_1,0.05923305220074124,0.09152149690522088,0.9991317391395569
6861,3354,occlusion_1,0.6493695969693363,0.07800720166414976,0.9954630732536316
6862,749,occlusion_1,-0.16333131846927462,-0.12298531830310822,0.4001754820346832
6863,3479,occlusion_1,0.08837479968433795,0.149544857442379,0.9988149404525757
6864,3212,occlusion_1,0.08418613465295897,0.28538255020976067,0.8418026566505432
6865,617,occlusion_1,0.11210918864783119,0.20746719881015666,0.9992697834968567
6866,4442,occlusion_1,0.052459072608214155,0.04115991103343475,0.9992165565490723
6867,2130,occlusion_1,0.911832020088131,0.056877369510716404,0.9917389154434204
6868,283,occlusion_1,0.4402790095124926,0.1209478565624782,0.9724657535552979
6869,4517,occlusion_1,0.459960149867194,0.0950722424756913,0.9827471971511841
6870,1217,occlusion_1,0.3178540588073108,0.01923644024392833,0.997246503829956
6871,55,occlusion_1,0.5590728640556335,0.07387507855892181,0.9938522577285767
6872,2038,occlusion_1,0.3037113643118313,0.03777036922318595,0.996727466583252
6873,1302,occlusion_1,0.1447933123193004,0.15525737455622715,0.9955599308013916
6874,2767,occlusion_1,0.3997306991368532,-0.3348169709954943,0.5201186537742615
6875,1813,occlusion_1,0.23195403781921967,0.028801915438278862,0.99909508228302
6876,3881,occlusion_1,0.35823669532934826,0.10214930772781372,0.9980366826057434
6877,434,occlusion_1,0.10971995828480556,0.07706008389078338,0.9986609220504761
6878,115,occlusion_1,0.1325968908412116,0.5919004229383843,0.9986892342567444
6879,2119,occlusion_1,0.24127988110889087,0.06887962511091521,0.9953769445419312
6880,2923,occlusion_1,0.19797929946114035,0.08989718907019671,0.9991176724433899
6881,3392,occlusion_1,0.2726998075290962,0.06116098607027972,0.9822044968605042
6882,1789,occlusion_1,0.04954837178284267,0.046596928587499656,0.9983977675437927
6883,1103,occlusion_1,0.07606299577847771,0.1660292734918387,0.998978853225708
6884,348,occlusion_1,0.1525350438826012,-0.049352727153084495,0.6730783581733704
6885,4441,occlusion_1,0.19644174359592737,0.07483210809090558,0.9994233846664429
6886,78,occlusion_1,0.12929206810615682,0.1464173556477935,0.9962342381477356
6887,3224,occlusion_1,0.17188943387606206,0.10705323288073906,0.9987070560455322
6888,1821,occlusion_1,0.5789708961897037,0.07335154186276828,0.999369204044342
6889,1735,occlusion_1,0.2854045142402064,0.1172275703470662,0.9992828965187073
6890,2473,occlusion_1,0.12470391635284868,0.04873765831769899,0.9992145299911499
6891,4204,occlusion_1,0.09011080937507825,0.12217731506396563,0.9979497790336609
6892,3395,occlusion_1,0.18630508312157223,0.10477136714117867,0.9993000030517578
6893,3405,occlusion_1,0.5812794987644468,0.11874888028417314,0.9717742800712585
6894,1431,occlusion_1,0.31837026834487914,0.02949071705341339,0.9985513091087341
6895,2113,occlusion_1,0.038576021790504456,0.03064228187907826,0.9994407296180725
6896,1294,occlusion_1,0.13084310394256038,-0.4361737224649876,0.23911690711975098
6897,2798,occlusion_1,-0.6783590050207244,0.035475613363087175,0.06338197737932205
6898,4241,occlusion_1,0.1942033485786335,0.10202486933888616,0.9952488541603088
6899,2697,occlusion_1,0.05428361076684225,0.06860674988655817,0.9981086254119873
6900,735,occlusion_1,0.38910577740780145,0.08350687248762263,0.9977530837059021
6901,2398,occlusion_1,0.2098075098851148,0.09808418855947607,0.9901330471038818
6902,1921,occlusion_1,0.1960064023733139,0.08028646759115733,0.9981052875518799
6903,2454,occlusion_1,0.23751364743455927,0.0688754491349484,0.9865091443061829
6904,2436,occlusion_1,0.5022923139964833,0.16905532777309418,0.8336161971092224
6905,3313,occlusion_1,0.053530055867589035,0.33524326202662097,0.9492006301879883
6906,2602,occlusion_1,0.3467124418208474,0.29995633583319814,0.9651636481285095
6907,1378,occlusion_1,-0.07630223660699782,0.5608663080680755,0.780280590057373
6908,4172,occlusion_1,0.5559762504792982,0.08767700675995119,0.9546794295310974
6909,140,occlusion_1,0.11253203412419871,0.10082019983153594,0.9983526468276978
6910,2482,occlusion_1,0.27352088588205253,0.02060955356467854,0.9925501346588135
6911,2566,occlusion_1,0.041531162226901334,0.03367477743064656,0.9993178844451904
6912,3043,occlusion_1,0.27091141438709115,0.12510674798263693,0.9959887862205505
6913,2718,occlusion_1,0.3302217647433281,0.05564516861187784,0.993831992149353
6914,1010,occlusion_1,0.22011622172944686,0.043450658812242395,0.9986224174499512
6915,1516,occlusion_1,-0.043111990871174,0.20255277013140066,0.6016080379486084
6916,1988,occlusion_1,0.5450568177244243,0.06798337224651785,0.9752394556999207
6917,2942,occlusion_1,0.4774281688638636,0.04438421532914445,0.9971004128456116
6918,3097,occlusion_1,0.19948409646749496,0.06560949563980102,0.9971495270729065
6919,151,occlusion_1,0.289581578373909,0.23635758996009826,0.9439519047737122
6920,2319,occlusion_1,0.5315337052941322,0.04714915692806244,0.9653905034065247
6921,1373,occlusion_1,0.6740780379168871,0.030632959633338744,0.9969499707221985
6922,1358,occlusion_1,0.8829897043760866,0.0454228702518675,0.9920171499252319
6923,1873,occlusion_1,0.4487752782947877,0.0642460979083005,0.9168630838394165
6924,2668,occlusion_1,0.13335024909331247,0.07733603824789707,0.9989368319511414
6925,4357,occlusion_1,0.6929671550924713,0.124959652085562,0.996317982673645
6926,62,occlusion_1,0.3587727705637614,0.1001044687297609,0.9986578226089478
6927,1795,occlusion_1,0.1510005701204826,0.114895089433111,0.9956574440002441
6928,1000,occlusion_1,0.14165834790351345,0.0226058562596639,0.9972234964370728
6929,3679,occlusion_1,0.37517954526763214,0.03816032017532148,0.9812660813331604
6930,1850,occlusion_1,0.12664615902407417,0.10685485601425171,0.9921916127204895
6931,2825,occlusion_1,0.21038811997725412,0.1536850155546115,0.9966124892234802
6932,3964,occlusion_1,0.5011999598489358,0.05432493182329031,0.9856755137443542
6933,1625,occlusion_1,0.1623801678419113,0.1374054546867098,0.9992632269859314
6934,1313,occlusion_1,0.5710095548454452,0.10685110809829305,0.9579071998596191
6935,4320,occlusion_1,0.18188230975254163,0.12192551630574304,0.9989030361175537
6936,2166,occlusion_1,0.08912860526114094,0.037311896681785583,0.999046266078949
6937,2184,occlusion_1,0.32866395115852354,0.26543961233562896,0.8345558047294617
6938,4148,occlusion_1,0.13567126790682474,0.07135010676251517,0.9991229176521301
6939,300,occlusion_1,0.11884871638327274,0.02618357595407738,0.9993970394134521
6940,339,occlusion_1,0.29710901581815313,0.12994762576584304,0.9961872696876526
6941,2220,occlusion_1,0.32272868919307773,0.027762977325397988,0.9993591904640198
6942,1587,occlusion_1,0.09281413909047842,0.09610895533114672,0.9941820502281189
6943,4410,occlusion_1,0.04777096841070387,0.02216814359029134,0.9993759989738464
6944,3009,occlusion_1,0.09479501609708749,0.025252286125631893,0.9992461204528809
6945,4314,occlusion_1,0.6468114574941305,0.03628716942591545,0.9987629652023315
6946,2236,occlusion_1,-0.002547079470099472,-0.024686917662620544,0.34710606932640076
6947,3837,occlusion_1,0.1216868668794632,0.04156920363505681,0.9984845519065857
6948,2512,occlusion_1,0.06485535722711812,0.12549759415180786,0.9992753863334656
6949,4272,occlusion_1,0.13962492155723083,0.150906075269748,0.9955319166183472
6950,2294,occlusion_1,0.33973303607531957,0.05294565728732518,0.9934572577476501
6951,3416,occlusion_1,0.3545057045561927,0.15823551969868796,0.9990482926368713
6952,3694,occlusion_1,0.15035020142066768,0.14724513234161749,0.983767032623291
6953,108,occlusion_1,-0.20623155057430267,0.11528455823659897,0.6615850329399109
6954,3795,occlusion_1,0.8430298379751751,0.07727643251419067,0.9655578136444092
6955,3228,occlusion_1,0.2869726117462554,0.1722583510774247,0.998615026473999
6956,4327,occlusion_1,0.1459811011950175,0.09392503201961518,0.9992097616195679
6957,4444,occlusion_1,0.11795064978874646,0.021826470127472512,0.9992716908454895
6958,932,occlusion_1,0.2996767145214659,0.041217719966715034,0.9971217513084412
6959,3245,occlusion_1,0.5303783856332303,0.09623868390917778,0.9940226674079895
6960,1037,occlusion_1,0.06453285868777785,0.04421280774959298,0.999542236328125
6961,3070,occlusion_1,0.11511474928340397,0.08625860794170483,0.9994454979896545
6962,507,occlusion_1,0.34374764282256365,0.15668895980343223,0.9963080883026123
6963,1983,occlusion_1,0.19208188520537484,0.05308069321844313,0.9995002746582031
6964,635,occlusion_1,0.584037452340126,0.03317366242408752,0.9988839030265808
6965,102,occlusion_1,0.14986684197379696,0.07225372714381065,0.9880661964416504
6966,2618,occlusion_1,0.2328141283344578,0.029726484337368526,0.998975396156311
6967,2452,occlusion_1,0.4387584239244461,0.04493642118242052,0.998415470123291
6968,2433,occlusion_1,-0.029720458578556142,0.11463405508944328,0.8843941688537598
6969,2955,occlusion_1,0.051316914650110096,0.03214078071789864,0.9988574981689453
6970,4406,occlusion_1,0.07437394931912422,0.05924515559204987,0.999517560005188
6971,146,occlusion_1,0.19403978039820988,0.04061960279941559,0.9879866242408752
6972,2277,occlusion_1,0.1496778827905655,0.3410747593641281,0.9849121570587158
6973,628,occlusion_1,0.23248446468384035,0.07908130172760255,0.9879328608512878
6974,4147,occlusion_1,0.22074795415004095,0.16869558145602545,0.9953141212463379
6975,2488,occlusion_1,-0.3918990404630194,-0.0604534531582375,0.15893366932868958
6976,4587,occlusion_1,0.5862838567206354,0.09664056698481242,0.9842387437820435
6977,624,occlusion_1,0.7205345080161852,-0.028784912208030963,0.8085424900054932
6978,1402,occlusion_1,0.11963755558980138,0.12271704289473985,0.9951568245887756
6979,1547,occlusion_1,0.43208192670068074,0.055562153112056645,0.9889434576034546
6980,1680,occlusion_1,-0.007517363876104355,0.15950406044721605,0.882503867149353
6981,2779,occlusion_1,0.5640221270843453,0.04112167798337482,0.9986691474914551
6982,3616,occlusion_1,0.17468941974930646,0.08014318855797373,0.9909054040908813
6983,3676,occlusion_1,0.34857890754938126,0.04892323538661003,0.9988582134246826
6984,2004,occlusion_1,0.15013338166933793,0.036022548110057145,0.9954458475112915
6985,2141,occlusion_1,0.09308370566222726,0.05594146833187196,0.9988664388656616
6986,4045,occlusion_1,0.22690594710152726,0.07775309013909307,0.9974861145019531
6987,1761,occlusion_1,0.1329421187574799,0.052067470711630745,0.9984110593795776
6988,266,occlusion_1,0.0009120701736695057,-0.1865809006062714,0.09362630546092987
6989,4195,occlusion_1,0.3769992138952651,-0.14093874077847662,0.5176810622215271
6990,1808,occlusion_1,0.042098461705095624,0.04032102723916372,0.8842668533325195
6991,3786,occlusion_1,0.29742061679667614,0.06516177413311411,0.9964937567710876
6992,3199,occlusion_1,0.31704567472139994,0.07724605997403462,0.9992595314979553
6993,2619,occlusion_1,0.08895997454722722,0.029989090230729844,0.9993948936462402
6994,2459,occlusion_1,0.2749150621168541,0.0768392953005704,0.9711902141571045
6995,3187,occlusion_1,0.43679074638269166,0.041560096496885475,0.9992068409919739
6996,4531,occlusion_1,0.1318569847693046,0.05520301312208176,0.9991652965545654
6997,4355,occlusion_1,0.3350005621711413,0.02626737207174301,0.9993711113929749
6998,2725,occlusion_1,0.24218274976896204,0.05205151633076046,0.9719756841659546
6999,4573,occlusion_1,0.26002790874395615,0.0805097894790845,0.9993993043899536
