,id,explanation_method,comprehensiveness,sufficiency,prob
0,9632,decompx,0.4823268995835231,0.02333120657847478,0.892997145652771
1,9282,decompx,-0.07236655919175398,-0.27048300520369883,0.04984396696090698
2,106,decompx,-0.03747759338828825,-0.4103574406716131,0.1666150838136673
3,1446,decompx,0.007687872728785953,-0.273656115338609,0.3070147633552551
4,1513,decompx,-0.03629911448532606,-0.06879252545973834,0.003760539460927248
5,6498,decompx,0.1440478437825253,-0.060334892649399605,0.6039713025093079
6,6973,decompx,0.10243227226393563,-0.21625805273652077,0.30076706409454346
7,4952,decompx,-0.10034463114359161,-0.243136697194793,0.02019277587532997
8,8552,decompx,-0.03185228664766659,-0.22148986770348114,0.1508817970752716
9,3027,decompx,0.2908996312241805,0.2767806123746069,0.7689019441604614
10,2760,decompx,0.168601877335459,-0.13465923704206945,0.35151758790016174
11,3060,decompx,0.07340870659266199,-0.057795611449650355,0.22988669574260712
12,33,decompx,-0.06346119900562745,-0.21050656617016478,0.00611857557669282
13,1349,decompx,-0.051203147352983557,-0.5652181456486384,0.1068231388926506
14,4934,decompx,0.1468652117997408,-0.02813321053981781,0.38874366879463196
15,2680,decompx,0.1518336029783372,0.0150724014928264,0.3822898864746094
16,9074,decompx,-0.09211696130740973,-0.09149707481265068,0.019449008628726006
17,5414,decompx,-0.061492145331086295,-0.15133311641157457,0.00570652773603797
18,6663,decompx,-0.057699378579854965,-0.10579908368262378,0.15341952443122864
19,5286,decompx,-0.17903985326679853,-0.4015745050632037,0.025206051766872406
20,3782,decompx,-0.06229874285054393,-0.3005764789413661,0.029234685003757477
21,4516,decompx,-0.0761265450855717,-0.16405701520852745,0.026276446878910065
22,4554,decompx,-0.051775311484285026,-0.14420579608691775,0.02567732147872448
23,1595,decompx,-0.1150153150352148,-0.1948742652311921,0.006457239389419556
24,3857,decompx,0.027737931143946765,-0.2766672587249337,0.390585333108902
25,3337,decompx,0.0541387595809423,-0.10092759934755471,0.5612554550170898
26,9255,decompx,-0.03715445649410997,-0.19753857159188815,0.04008273035287857
27,1383,decompx,-0.017845772368752438,-0.4615594317083773,0.11321505904197693
28,4860,decompx,-0.010945948572563273,-0.19406013581014814,0.041607312858104706
29,7275,decompx,-0.07623596505626389,-0.5493380879254445,0.04597030580043793
30,8740,decompx,0.017996840178966522,-0.4119934197515249,0.3524290919303894
31,1155,decompx,0.19854289228501526,-0.1324684257092683,0.512457549571991
32,6725,decompx,-0.021003713210423786,-0.0006823461680185227,0.5211524367332458
33,1076,decompx,-0.03809084096324763,-0.34611002834779875,0.019610153511166573
34,3058,decompx,-0.007414837612917549,-0.2801170800077288,0.13534902036190033
35,4586,decompx,-0.014693565915028255,-0.24256811266144115,0.06546402722597122
36,1791,decompx,-0.04902211046562745,-0.37035653453606826,0.16637098789215088
37,6325,decompx,-0.07368667523066202,-0.034414136906464894,0.14860214293003082
38,7506,decompx,0.002003433803717295,-0.22037570344077217,0.26880520582199097
39,6495,decompx,0.3325985901449856,0.05026620548022421,0.5471554398536682
40,9542,decompx,0.04517623860585062,-0.14272403873895345,0.23975609242916107
41,4694,decompx,0.19581404905165395,0.037154019840302005,0.43873295187950134
42,8369,decompx,-0.04871696112160054,-0.18210060718572801,0.0029983895365148783
43,7093,decompx,-0.06534862902128336,-0.1599541207154592,0.18138490617275238
44,2794,decompx,-0.044820259284714,-0.1138945376176549,0.007117798551917076
45,39,decompx,-0.07763757314833422,-0.1920901064670855,0.012984275817871094
46,7478,decompx,0.10252230307635139,-0.2859157499145059,0.3921995759010315
47,1253,decompx,-0.061175092323017974,-0.2221337235089214,0.0055189854465425014
48,360,decompx,-0.048182176159960885,-0.2821510097987595,0.02384047769010067
49,9638,decompx,0.06385188070791108,-0.196870322738375,0.4394210875034332
50,1726,decompx,0.022770409198368296,-0.39501329379923206,0.2270084172487259
51,439,decompx,0.09194334223866463,-0.14109008014202118,0.2238096296787262
52,5267,decompx,-0.049942208097918946,-0.16547539578202894,0.0183560810983181
53,4337,decompx,-0.049028608947992325,-0.11567316755652428,0.04572412744164467
54,7724,decompx,-0.053252182256143824,-0.3472143607214093,0.01663101278245449
55,7676,decompx,0.24000750308235486,-0.07200452586015066,0.42115336656570435
56,8913,decompx,-0.07577858005578701,-0.18065134507532304,0.024519136175513268
57,2492,decompx,0.2113745790719986,-0.11381356239318847,0.6145787835121155
58,7462,decompx,-0.054403899385678495,-0.18388820028948513,0.005783874075859785
59,7430,decompx,0.1409946084022522,-0.035096404142677784,0.39008429646492004
60,6620,decompx,0.15647913981229067,-0.03511148318648338,0.27220845222473145
61,6221,decompx,-0.06596512178010824,-0.21640794651789796,0.0034887013025581837
62,8844,decompx,-0.014705040492117405,-0.1540771293538538,0.06381520628929138
63,4518,decompx,0.043546857436498006,-0.009853545824686687,0.5428768396377563
64,1684,decompx,0.16366635121050335,-0.3990875922498249,0.36855077743530273
65,29,decompx,-0.056633645254704684,-0.34582453469435376,0.09262941777706146
66,6475,decompx,0.3190948548061507,-0.20679581591061183,0.5151298642158508
67,6691,decompx,0.3278895236792103,-0.09142639175538093,0.5996145009994507
68,1747,decompx,-0.19792979300022126,-0.3218563279509544,0.050263725221157074
69,5559,decompx,0.020578326923506602,-0.19630870435919082,0.24816110730171204
70,3325,decompx,0.07228844761848449,-0.15124089121818543,0.4271799623966217
71,4525,decompx,-0.01143830812846621,-0.008798151277005672,0.13948622345924377
72,5434,decompx,0.09475272645552953,0.01684079257150491,0.37306419014930725
73,2129,decompx,0.03637515836291843,-0.22356240285767448,0.32667073607444763
74,5441,decompx,-0.03383632182974268,-0.16525305978752472,0.04389920458197594
75,9420,decompx,-0.09373913497170981,-0.10001195397447138,0.02157183736562729
76,1330,decompx,0.0854974202811718,0.028953976929187775,0.3004550635814667
77,7369,decompx,-0.04437476274324581,-0.10987940325867385,0.024981550872325897
78,2275,decompx,-0.105496124309652,-0.010571051608113682,0.2008083462715149
79,1765,decompx,0.05026481332986251,0.027606449049452076,0.3277261257171631
80,9131,decompx,0.37601736958684595,0.0237408629779158,0.6535645127296448
81,6095,decompx,0.3336985540454802,-0.02911931179139925,0.5420705676078796
82,1263,decompx,0.007537900159756343,-0.06708334758877754,0.40255555510520935
83,1142,decompx,-0.07364721683894887,-0.2163134392570047,0.17977546155452728
84,7797,decompx,-0.06785101029607984,-0.14382892019218868,0.16155530512332916
85,4989,decompx,0.04562227091481609,-0.4044268818632249,0.29520750045776367
86,4395,decompx,0.18185260028324343,-0.16751620410518211,0.43969565629959106
87,5333,decompx,0.1539836230151581,-0.10091063876946767,0.36456525325775146
88,8163,decompx,-0.03080138835040006,-0.09314488517967137,0.07493995130062103
89,8995,decompx,0.01702802277663175,-0.3373405898318571,0.09998241066932678
90,9568,decompx,-0.07387048673505585,-0.23127160416916012,0.013289926573634148
91,6098,decompx,-0.34961374963705355,-0.4722106491143887,0.10496580600738525
92,7278,decompx,0.04326498160759608,-0.018018504977226256,0.1898026019334793
93,1516,decompx,0.11719900630414486,-0.16379399597644806,0.5133695006370544
94,3501,decompx,-0.03305573349020311,-0.35984490386077334,0.055224865674972534
95,4371,decompx,-0.007930336520075798,-0.049577172845602036,0.619037926197052
96,7736,decompx,0.38762830521749414,0.3649229679418647,0.6268463134765625
97,1683,decompx,-0.062345213769003746,-0.10357253095135092,0.014247450977563858
98,1631,decompx,0.11760094407058898,0.1166238763502666,0.6313174366950989
99,4601,decompx,0.006036523729562759,-0.30986840926831766,0.14578430354595184
100,6956,decompx,0.23892515122890473,0.033850009441375735,0.6237486004829407
101,8482,decompx,-0.0429804290477664,-0.09771650986602673,0.02136848494410515
102,9095,decompx,-0.07979665969808897,-0.2032909907400608,0.004196999594569206
103,7344,decompx,0.40339959661165875,0.11835576207549484,0.7690412998199463
104,1732,decompx,0.17050683269133934,0.3211357690967046,0.7954970598220825
105,4373,decompx,-0.05239890155975114,-0.30175250743261794,0.012075664475560188
106,971,decompx,0.11689252546057105,0.01778967771679163,0.3646191656589508
107,6578,decompx,0.16440586083465153,-0.12663639585177103,0.49356797337532043
108,1453,decompx,-0.03909890353679657,0.019604926830843875,0.26105591654777527
109,80,decompx,0.3566257543861866,0.03057491885764258,0.49737077951431274
110,8908,decompx,0.012339348083033282,-0.3521763397490277,0.10597539693117142
111,96,decompx,0.24879800528287888,0.1852014757692814,0.4941481053829193
112,4376,decompx,-0.048583283447302304,-0.2317854745600086,0.01453475933521986
113,3207,decompx,0.11283827967503492,-0.2482928563566769,0.3655413091182709
114,6462,decompx,-0.03852906724547639,-0.1488120145547916,0.013848405331373215
115,6220,decompx,-0.026594923459924757,-0.17760597386707863,0.005274371709674597
116,3279,decompx,-0.03826305429850306,-0.2134417989956481,0.16403338313102722
117,8741,decompx,-0.16840209505137274,-0.2677325509926852,0.15786920487880707
118,8758,decompx,-0.011309041039032094,-0.37750933889080496,0.1417422741651535
119,5396,decompx,-0.1540419061091684,-0.4997065763565756,0.028233638033270836
120,2855,decompx,0.17918665210405985,0.22553598284721374,0.86751788854599
121,1862,decompx,-0.0697423954462183,-0.11252085684702315,0.03983970731496811
122,7659,decompx,0.19841908482280937,0.09199611480171616,0.6016866564750671
123,8446,decompx,0.10290654143318534,-0.06347344256937504,0.29516133666038513
124,5152,decompx,-0.023898096548186407,-0.2195279366440243,0.25559312105178833
125,2903,decompx,0.4925811027371606,0.1228594204714132,0.7488054037094116
126,7581,decompx,0.09687324513991674,0.08146787335475286,0.36024776101112366
127,9431,decompx,-0.09876712061026517,-0.1435962967465029,0.02254759706556797
128,8948,decompx,0.015747060618278654,-0.20037502219731157,0.07620558887720108
129,2486,decompx,-0.02788382875067847,-0.3826976471713611,0.10331449657678604
130,5552,decompx,-0.044787849506570235,-0.2532394033235808,0.007581600919365883
131,5479,decompx,0.1030435860157013,-0.4099137415488561,0.2346341758966446
132,3894,decompx,-0.1282728884623132,-0.11435512237420137,0.01944699138402939
133,9430,decompx,-0.11690337088491236,-0.16882554298000677,0.026201436296105385
134,9766,decompx,0.07468452056248982,-0.43140833931309835,0.22111885249614716
135,4355,decompx,-0.026544250170921997,-0.09859930244939667,0.025010626763105392
136,2833,decompx,-0.07737544054786365,-0.19627293075124422,0.22690869867801666
137,3328,decompx,0.1721164368920856,0.04563312894768185,0.6414497494697571
138,8019,decompx,-0.041529007131854694,-0.2773524733881156,0.04381505027413368
139,3424,decompx,0.12458987981081009,0.15780067294836045,0.7490634322166443
140,4539,decompx,0.3929601444138421,0.013133795173079879,0.586748480796814
141,4921,decompx,-0.12560244584861008,-0.40172371397847717,0.11550004780292511
142,3469,decompx,0.10413245658079782,-0.19966528018315632,0.5540797114372253
143,5705,decompx,-0.06316237039864063,-0.34723724484443663,0.09119841456413269
144,311,decompx,0.11166784855035636,-0.04845022352842184,0.3952542543411255
145,9045,decompx,0.18354425401914687,-0.041904473588580175,0.6321568489074707
146,2619,decompx,-0.14482431332099027,-0.330915238836716,0.058949556201696396
147,789,decompx,0.08517908056577046,0.03225533664226532,0.4180052578449249
148,2742,decompx,0.24284432977437972,0.0016102269291877747,0.8027546405792236
149,5653,decompx,0.003780359479909142,-0.2461225256944696,0.09399571269750595
150,483,decompx,0.1333566802469167,-0.11015820503234863,0.4419711232185364
151,8113,decompx,-0.1367442279872371,-0.3684054896598909,0.03162655234336853
152,8478,decompx,0.06732172825757195,-0.09000895303838394,0.3365604877471924
153,1199,decompx,0.3270954550840916,-0.11260116864473392,0.5291525721549988
154,5507,decompx,-0.05067229196429253,-0.4067567437887192,0.18415142595767975
155,3653,decompx,-0.1512670036601393,-0.2004343792796135,0.039301954209804535
156,5065,decompx,0.12269233430133146,-0.35534007934963,0.4289138913154602
157,1626,decompx,-0.041740983724594116,-0.116065863519907,0.2038452923297882
158,7661,decompx,0.18471667013670268,0.12262930211267974,0.7265898585319519
159,6837,decompx,-0.13413924723863602,-0.25474255402450974,0.06611941009759903
160,7655,decompx,0.05536816931433148,-0.13781973885165322,0.26056015491485596
161,8538,decompx,0.057333790830203464,-0.010578606809888567,0.35622918605804443
162,1775,decompx,-0.07068241565000444,-0.2556783528555007,0.13439087569713593
163,9643,decompx,0.039184066001325846,-0.18445502081885934,0.38042640686035156
164,8884,decompx,-0.10983371878823926,-0.28837217967356404,0.16288749873638153
165,6778,decompx,-0.07495995486776034,-0.04378999397158623,0.1107470914721489
166,2340,decompx,0.10119852051138878,-0.04487406143120357,0.3401915431022644
167,7226,decompx,-0.08177907493981448,-0.17274742675098506,0.09736444056034088
168,1472,decompx,-0.0800002852033469,-0.2211563034603993,0.02171798050403595
169,8187,decompx,-0.04752854909747839,-0.4123840861850315,0.015547595918178558
170,6250,decompx,-0.022085854146433503,-0.12419515377596806,0.07425989210605621
171,2335,decompx,-0.013325427969296774,-0.41538816690444946,0.20867718756198883
172,8981,decompx,-0.053774642891117504,-0.07935856921332222,0.044073738157749176
173,8685,decompx,-0.0841309398669621,-0.17532873487678066,0.07404804229736328
174,251,decompx,-0.08481371345217614,-0.22342115854296615,0.008205502294003963
175,2732,decompx,-0.05158602403175524,-0.269779703586691,0.001703123445622623
176,4329,decompx,0.36956148056520355,-0.06801299916373359,0.6426683664321899
177,9545,decompx,0.11395601804057758,-0.2077682970298661,0.34136512875556946
178,2337,decompx,-0.09619776614838177,-0.09337513397137324,0.12251366674900055
179,8695,decompx,0.05723051792911945,-0.2928679239365362,0.13486348092556
180,2215,decompx,0.029574744048572722,-0.04704512726692926,0.27679792046546936
181,5436,decompx,-0.03428402543067932,-0.1498896578947703,0.15172025561332703
182,5058,decompx,0.38789049261494685,0.02306435923827322,0.8138974905014038
183,9548,decompx,-0.04470611979132113,-0.16719511863978012,0.17416349053382874
184,108,decompx,-0.02148750496821271,-0.20897255486084354,0.055110134184360504
185,3019,decompx,-0.1433712262660265,-0.19064690647064708,0.004758400376886129
186,487,decompx,0.3617550904552142,0.30729881260130143,0.6163955926895142
187,2436,decompx,0.12279716951231803,0.06915137460154872,0.385628879070282
188,2417,decompx,-0.09946764409542083,-0.2274781994521618,0.1011892557144165
189,2684,decompx,-0.0712981091245361,-0.10545028357402138,0.1571873277425766
190,621,decompx,0.16311328172683714,-0.16798014044761658,0.39354631304740906
191,3281,decompx,0.15684465219577154,0.0008384644985198975,0.3395948112010956
192,8547,decompx,0.10361507322107043,0.14614093729427882,0.8118095993995667
193,3941,decompx,-0.09281737091285842,-0.16587950076375688,0.109358049929142
194,2423,decompx,0.21106983135853494,-0.11943520818437849,0.47275689244270325
195,7682,decompx,-0.07922663395293057,-0.40082637779414654,0.013910367153584957
196,4960,decompx,-0.08733163423397962,-0.39484114506665396,0.09442467987537384
197,2766,decompx,0.11929174038496884,-0.26072102412581444,0.4344072639942169
198,7662,decompx,0.21439019989754474,0.10785848115171705,0.30322813987731934
199,416,decompx,-0.06105308946879471,-0.3341587440055959,0.03494536131620407
200,3898,decompx,0.3119190805836728,0.0879812711163571,0.9186888933181763
201,7632,decompx,-0.07796919152938894,-0.15908184297205435,0.009645151905715466
202,2328,decompx,-0.0543076192317087,-0.20739139822710836,0.0011521205306053162
203,2754,decompx,-0.039536506923682546,-0.34805701410069184,0.04123559594154358
204,8234,decompx,-0.0586249178647995,-0.3016115826368332,0.1865486055612564
205,3101,decompx,0.18542104795575143,-0.08316451251506805,0.3119380474090576
206,2108,decompx,0.06684427122984614,0.008504122495651245,0.23797370493412018
207,3100,decompx,-0.13397223033286906,-0.34738967153761124,0.13347218930721283
208,5351,decompx,0.3531349589747767,0.03734902989479803,0.7065466046333313
209,3284,decompx,0.12956055648186626,0.028244512922623578,0.3803650438785553
210,4824,decompx,0.2293147437274456,0.13982648998498917,0.8952322602272034
211,6551,decompx,-0.048807095044425555,-0.14607635906764438,0.01566854678094387
212,7444,decompx,0.24309099728570266,0.06260724541018992,0.4775603711605072
213,304,decompx,0.06821235304787046,0.0632007938055765,0.3436252772808075
214,6360,decompx,-0.18404071728388469,-0.4371012508869171,0.3825998306274414
215,4190,decompx,0.008529801099073319,0.043073893657752445,0.24393358826637268
216,6664,decompx,-0.06344895416663753,-0.13944114392830265,0.03720008581876755
217,1945,decompx,0.04824882166253196,-0.16708181467321184,0.31405508518218994
218,5817,decompx,0.15992467688477557,-0.08711179831753606,0.5210731029510498
219,92,decompx,-0.058736485941335556,-0.25239316053688526,0.003473356831818819
220,119,decompx,0.08450719578699632,0.07261805100874467,0.338790625333786
221,9591,decompx,0.20026974921876733,0.02775304967706854,0.711245596408844
222,8421,decompx,-0.12569969776889373,-0.056932291208670056,0.07780381292104721
223,7945,decompx,-0.07163637992925942,-0.24240081431344151,0.01853448897600174
224,2487,decompx,-0.038838631969512157,-0.23260176222285497,0.030467618256807327
225,1245,decompx,0.19689890323206782,-0.036662694066762924,0.2756369709968567
226,346,decompx,0.12981510162353516,-0.04898448017510501,0.36546823382377625
227,9392,decompx,-0.061373019793435284,-0.12249728041174619,0.014017891138792038
228,6604,decompx,0.21839027023977703,0.05014490750100878,0.45175701379776
229,6338,decompx,-0.04837710820138454,-0.21080559392770132,0.042009711265563965
230,8410,decompx,0.01766504621819446,-0.36714503012205424,0.25667011737823486
231,4216,decompx,-0.06584178177373749,-0.575133142726762,0.018557950854301453
232,7436,decompx,0.03967066667973995,-0.2429596735164523,0.28970667719841003
233,6666,decompx,-0.17709633775732733,-0.3306682071450985,0.05260423570871353
234,8051,decompx,0.38235741408009616,-0.12664488436920301,0.5563945174217224
235,1593,decompx,-0.06958098895847797,-0.28676964999998317,0.03405850753188133
236,6951,decompx,0.026947633578227118,-0.16191763602770293,0.4173765480518341
237,850,decompx,-0.06680931487963312,-0.13967253875342153,0.0057133277878165245
238,5506,decompx,0.020067518713270744,-0.2598272672877079,0.09133445471525192
239,8479,decompx,-0.06562879871177886,-0.31558552869994727,0.007184692192822695
240,7182,decompx,0.11669669383101994,-0.2018935564491484,0.3387456238269806
241,2362,decompx,0.29705881350673735,0.04956859117373824,0.44749027490615845
242,2178,decompx,-0.004818316229752132,-0.16305935766015733,0.05741710215806961
243,1731,decompx,0.21802899012198815,0.15529307837669665,0.756737232208252
244,4185,decompx,0.23481601319814982,0.1622714047369204,0.4856129288673401
245,673,decompx,0.050857652788576874,-0.039120519938676254,0.2696073055267334
246,5212,decompx,0.06180191483046558,-0.27978470679875966,0.343093603849411
247,4417,decompx,-0.10353420145640319,-0.14755363762378693,0.015573810786008835
248,1056,decompx,-0.1150469960713828,-0.18718648991651005,0.07064419239759445
249,9593,decompx,0.12835424095392228,0.04400796890258789,0.5826886296272278
250,623,decompx,-0.03389224649540016,-0.06143475057823317,0.038495901972055435
251,6217,decompx,-0.04037885127687141,-0.22633222235660805,0.010388139635324478
252,9597,decompx,-0.08010458021328368,-0.47308245917846414,0.16794173419475555
253,2955,decompx,-0.1009010148048401,-0.15978970229625702,0.11082400381565094
254,88,decompx,-0.023997648101713922,-0.35691871701015365,0.14639857411384583
255,3538,decompx,-0.17261454463005066,-0.19260175447714956,0.30781179666519165
256,3643,decompx,0.07435309473011228,0.07406069145158485,0.26475608348846436
257,8313,decompx,-0.01628054068574021,-0.610807690408922,0.07723483443260193
258,5649,decompx,-0.057133540069978485,-0.3076427903908648,0.0032751625403761864
259,1355,decompx,0.029547894994417827,-0.3084208733505673,0.34740474820137024
260,7142,decompx,0.04406082896249635,-0.058520076530320306,0.17611661553382874
261,1512,decompx,-0.09762738039717078,-0.32622234523296356,0.049027785658836365
262,7565,decompx,0.055227728641551475,-0.3741815712140954,0.35484251379966736
263,733,decompx,0.03790577411651611,-0.02229923665523529,0.5392802953720093
264,8765,decompx,-0.16843523961656234,-0.4437689255265629,0.21749843657016754
265,9018,decompx,0.382475285303025,0.11273301215398879,0.7683819532394409
266,6240,decompx,-0.07420775550417602,-0.42872611014172435,0.058312226086854935
267,590,decompx,0.16478131853398822,0.16426221884432293,0.46616172790527344
268,3745,decompx,-0.19004186668566295,-0.24059130996465683,0.07809389382600784
269,1919,decompx,-0.03554933052510023,-0.1305993886833841,0.04664713144302368
270,7799,decompx,-0.04820201497781893,-0.5561647128699154,0.03077181801199913
271,7684,decompx,0.06058333590626717,-0.13126262575387954,0.2943350672721863
272,9486,decompx,0.006760831726224799,-0.29139155541595657,0.18662257492542267
273,5027,decompx,-0.0738939642906189,-0.19985374276127135,0.12086369842290878
274,8568,decompx,-0.0101096301805228,-0.3048063130117953,0.07091612368822098
275,5425,decompx,-0.10387473821640014,-0.21416586518287659,0.16160370409488678
276,2377,decompx,-0.031637319958665304,-0.17768218213071427,0.01750532165169716
277,6447,decompx,-0.04859976153130884,-0.12465132131344742,0.03349343687295914
278,8029,decompx,-0.03798750585589845,-0.2320771746050853,0.009075965732336044
279,3855,decompx,0.1670669312810614,-0.14314609340259007,0.2596625089645386
280,5221,decompx,0.7207579011718432,0.13161768913269042,0.9413498044013977
281,5792,decompx,-0.11267412986295919,-0.3442040407409271,0.020763253793120384
282,3006,decompx,-0.07551555981238683,-0.6317038829127948,0.06569238752126694
283,8706,decompx,0.07568315044045448,-0.39537907805707717,0.1744423359632492
284,2943,decompx,-0.0041299899718884765,-0.30843937037319974,0.10981892049312592
285,2072,decompx,0.3413644140136653,0.11390701912600419,0.7290654182434082
286,3873,decompx,0.23802203635374705,-0.015835819641749065,0.4223073422908783
287,9297,decompx,0.14815540482168613,0.04505528120890907,0.40645790100097656
288,9105,decompx,-0.08333201670589355,-0.4889405346833743,0.03588585555553436
289,7635,decompx,0.46620968796990137,0.07890029657970775,0.9004901647567749
290,5313,decompx,-0.027045688545331358,-0.126596964802593,0.01510999072343111
291,9675,decompx,0.1678992679867989,-0.3446440933606563,0.36398887634277344
292,2075,decompx,0.3064797304570675,0.12359193600714206,0.8192225694656372
293,7144,decompx,0.22868448725113502,-0.004312524428734412,0.6553483605384827
294,3928,decompx,-0.06490224748849868,-0.155357912927866,0.09327482432126999
295,1393,decompx,0.08304679164519677,0.14343028687513792,0.4466409385204315
296,263,decompx,-0.06644744296436725,-0.0419008485648943,0.053059015423059464
297,970,decompx,-0.1826347017288208,-0.5048477101325989,0.17546716332435608
298,5821,decompx,-0.038229879670931645,-0.0663617995257179,0.0073525570333004
299,8593,decompx,-0.03951520362699574,-0.6784550547599792,0.035570353269577026
300,4553,decompx,-0.09505653963424265,-0.2665430180883656,0.031771354377269745
301,1671,decompx,0.47015773091051316,0.24216684699058533,0.7887787222862244
302,3118,decompx,0.08503224836154417,-0.11626712300560692,0.5251915454864502
303,4367,decompx,-0.14740441952432906,-0.17347279829638346,0.090721994638443
304,1760,decompx,-0.12497884945736991,-0.20398033493094975,0.04233000427484512
305,3412,decompx,0.11286463249813426,-0.01960385793989355,0.414248526096344
306,6066,decompx,-0.03652458386150775,-0.19593900780159015,0.02400522492825985
307,3616,decompx,-0.046096314415883494,-0.15154170151799917,0.003942056559026241
308,5874,decompx,0.024338860330837115,-0.3105587051028297,0.15074439346790314
309,2189,decompx,-0.02645867334111877,-0.1347434310161549,0.09765826910734177
310,6071,decompx,-0.23382735873262087,-0.08313323743641376,0.24541237950325012
311,5148,decompx,0.3661217520780423,0.22314453738577225,0.6817622184753418
312,9064,decompx,0.09217290083567302,0.07859757625394398,0.4314616322517395
313,8381,decompx,-0.03732998834715949,-0.1787085048854351,0.0440385639667511
314,3352,decompx,-0.0502229401220878,-0.11687003759046395,0.02755170874297619
315,799,decompx,0.17235320966158593,-0.07821471456970487,0.48398950695991516
316,8656,decompx,-0.062764326600652,-0.28669686340971995,0.03830326348543167
317,7305,decompx,0.31697959184646607,0.01154377818107605,0.8244568705558777
318,7948,decompx,-0.04989159870375362,-0.22960910159680578,0.013391515240073204
319,7233,decompx,-0.027296498968181284,-0.24549907488240438,0.021001538261771202
320,2392,decompx,0.09595927057994737,-0.13586958083841535,0.2796178460121155
321,3443,decompx,-0.050567653909739524,-0.3621383388009336,0.03493209928274155
322,8558,decompx,0.04683183679978053,-0.3145275264978409,0.25418126583099365
323,5014,decompx,-0.051538803187819816,-0.10316981421783566,0.01671198382973671
324,4362,decompx,0.2795474842975014,0.06229609486303831,0.7630528211593628
325,8224,decompx,0.15656215846538543,0.08780706723531087,0.6828593611717224
326,6865,decompx,-0.06044299438452491,-0.1484045900691014,0.027802204713225365
327,7389,decompx,0.009116782722148027,-0.13857087357477707,0.18711738288402557
328,303,decompx,0.48850833892822265,0.1717787528038025,0.6459800004959106
329,8398,decompx,0.48429896863731176,0.17346793896443136,0.7705745100975037
330,2907,decompx,-0.03678957341859738,-0.1375587305408858,0.01626875437796116
331,4619,decompx,-0.04597700899466872,-0.23298561898991466,0.006322898901998997
332,4765,decompx,0.06537917405366897,0.06641173139214515,0.32550325989723206
333,3320,decompx,0.18740859435450646,-0.0350195832790867,0.4129588007926941
334,5298,decompx,-0.06442465572415487,-0.1248936464443155,0.02145194076001644
335,7927,decompx,0.40671781326333684,0.12896589686473212,0.6660886406898499
336,2348,decompx,-0.02201355355126517,0.1865228180374418,0.762557864189148
337,4267,decompx,0.25845539415704794,0.15398202425447002,0.7990903854370117
338,9648,decompx,0.1882722514371077,0.1447790414094925,0.7482415437698364
339,3024,decompx,0.17904416732490064,-0.09468040317296982,0.4161510467529297
340,1373,decompx,-0.21953249598542848,-0.29723114271958667,0.10828769207000732
341,7377,decompx,0.16541523672640324,-0.08856298215687275,0.4187258183956146
342,9782,decompx,0.008719038218259811,-0.3478932216763496,0.3392331600189209
343,2771,decompx,0.20347734871837828,0.08142787632015017,0.8126265406608582
344,3,decompx,0.06966550275683403,-0.25962932109832765,0.3665105700492859
345,2908,decompx,0.09414162105176507,-0.06523743271827698,0.46740657091140747
346,3852,decompx,0.12719260783571945,0.13349376618862152,0.45493656396865845
347,532,decompx,0.13211063648525037,-0.19175668296061063,0.615926206111908
348,7929,decompx,0.009188186941724834,-0.054600292082988854,0.3879829943180084
349,9423,decompx,0.2565991661765359,0.06396893208677118,0.8177005648612976
350,290,decompx,-0.07846786737442017,-0.1650288999080658,0.16260182857513428
351,3014,decompx,0.026074249297380447,-0.13151088077574968,0.3795442581176758
352,2874,decompx,-0.0961265399267799,-0.19917344105871101,0.14766962826251984
353,5146,decompx,-0.1303391813610991,-0.17755729580918947,0.1552627980709076
354,2221,decompx,-0.055771881714463234,-0.1777840346097946,0.2016143947839737
355,6958,decompx,0.3103055978814761,-0.0034513498346010842,0.5701574683189392
356,2997,decompx,-0.04323385725063937,-0.29664133584925106,0.04953121021389961
357,6729,decompx,-0.051240369752049444,-0.14071339678019285,0.008972288109362125
358,9159,decompx,-0.009186415111317354,-0.40759194817613154,0.17841611802577972
359,6175,decompx,-0.06085097762169661,-0.4309151856987565,0.19265064597129822
360,568,decompx,-0.07446104101836681,-0.15589328354288792,0.016646595671772957
361,5284,decompx,-0.006015704879753812,-0.3722648233348547,0.045839060097932816
362,1107,decompx,0.11647540330886841,0.004897143159593854,0.758317768573761
363,135,decompx,-0.054096059948205946,-0.17810189813375474,0.12590354681015015
364,7828,decompx,-0.01188161104385342,-0.2816383421554097,0.020876312628388405
365,8709,decompx,-0.04341346874613972,-0.06035380188704414,0.016713038086891174
366,7998,decompx,0.006423155269162221,-0.09851473569869995,0.07914150506258011
367,1087,decompx,0.19840057698242805,-0.1038864386432311,0.5357704162597656
368,8291,decompx,0.41814425782017084,0.19562141532483307,0.896889865398407
369,2301,decompx,-0.028815917521715164,-0.17084733344614506,0.050092391669750214
370,4339,decompx,0.02030271730784859,-0.44465795159339905,0.170395627617836
371,6851,decompx,0.27902292391216316,-0.142969466469906,0.3925055265426636
372,3047,decompx,-0.04760842509567738,-0.285665930993855,0.034153636544942856
373,4130,decompx,-0.19659690683086714,-0.28380870322386426,0.10439211875200272
374,4521,decompx,-0.010083676212363772,-0.3379133840401967,0.1764335334300995
375,7538,decompx,0.06623136748870213,-0.25398699442545575,0.4434598982334137
376,5473,decompx,-0.058876671724849276,-0.3522105966694653,0.005708278622478247
377,388,decompx,0.5072225787137684,0.1672195713771017,0.7412835955619812
378,4217,decompx,0.378202180378139,0.10443024709820747,0.7475380301475525
379,2122,decompx,-0.24275407691796622,-0.24030666115383306,0.03653205931186676
380,1310,decompx,-0.1161198126566079,-0.2329456861027413,0.006404218729585409
381,647,decompx,0.19717724323272706,-0.05750018060207367,0.5028367042541504
382,6510,decompx,-0.06195152137967709,-0.16855911372572577,0.0026651278603821993
383,8040,decompx,-0.09177969683272143,-0.229582025979956,0.016112249344587326
384,1183,decompx,-0.022948003344936296,-0.1617873341892846,0.006948928348720074
385,2859,decompx,0.06915782191432439,-0.2960188618073097,0.1870996206998825
386,7769,decompx,-0.048255598871037364,-0.11839720968984896,0.004893041681498289
387,8403,decompx,0.2822152384940316,0.01234553666675792,0.49992257356643677
388,7110,decompx,-0.048042033798992634,-0.07975704431095544,0.04990537092089653
389,5798,decompx,0.03662075032480061,-0.12233190797269344,0.1734800934791565
390,3128,decompx,-0.06285254547701162,-0.10035200296517681,0.02637794427573681
391,7197,decompx,-0.0660943348820393,-0.11877932886664684,0.11003431677818298
392,3148,decompx,-0.07347167372703552,-0.15003050446510316,0.11647744476795197
393,510,decompx,-0.11778436365592129,-0.19630384938243559,0.020307330414652824
394,3059,decompx,-0.0690878066751692,-0.22136197901434368,0.1722683161497116
395,7940,decompx,-0.027475961049397788,-0.28874852309624355,0.06781624257564545
396,4049,decompx,0.013363748975098132,-0.37876459062099455,0.16113224625587463
397,5875,decompx,0.08556146401426067,-0.038464586371960846,0.36936989426612854
398,3859,decompx,0.05730179746945699,0.022137600183486938,0.775790274143219
399,6849,decompx,-0.043854860961437224,-0.2633575011044741,0.014884787611663342
400,8149,decompx,0.08368371369747016,0.015828545276935283,0.5806715488433838
401,6260,decompx,0.04057742396126623,-0.184625422824984,0.26756539940834045
402,3312,decompx,0.3448131576572594,-0.015288178269800386,0.5156006813049316
403,7866,decompx,0.03420711323045767,-0.3955553529354242,0.24110370874404907
404,4201,decompx,0.03885003300600274,-0.16904187722261563,0.4674282371997833
405,7652,decompx,-0.034760327501730484,-0.14258910292251545,0.03659488260746002
406,4273,decompx,0.0027856984824845285,-0.36383988730835193,0.3246019184589386
407,3181,decompx,0.15820219596991172,-0.21908030830896819,0.4222126305103302
408,3817,decompx,0.1544961873919536,-0.311780415284328,0.3791472315788269
409,1880,decompx,-0.0954388835363918,-0.05938880311118232,0.1556859165430069
410,5350,decompx,0.233908175126366,0.15331997430842856,0.49084746837615967
411,3615,decompx,0.22775667865534086,-0.002103712913152334,0.5541823506355286
412,4058,decompx,-0.021340745966881514,-0.2684606097172946,0.15394602715969086
413,6915,decompx,-0.04758067418717676,-0.37967974154485595,0.04219679906964302
414,321,decompx,0.327010590583086,-0.008612889382574294,0.6680099368095398
415,4722,decompx,0.14227519228177912,0.13084202610394535,0.41292208433151245
416,6422,decompx,0.22853583356608514,0.0582205083059228,0.6547605395317078
417,3295,decompx,-0.002808909205829396,-0.11794335701886345,0.2608485221862793
418,6421,decompx,-0.05057737099773744,-0.09387519166750066,0.14809656143188477
419,9330,decompx,-0.07433842082197467,-0.20642901916677753,0.006920894142240286
420,8138,decompx,0.051903302199207246,-0.4321398031897843,0.2029205709695816
421,3205,decompx,-0.06370516424067318,-0.22490850649774075,0.008342038840055466
422,2522,decompx,0.23353781487260547,0.10240290037223271,0.5078630447387695
423,6998,decompx,-0.05550368995789219,-0.32465234639890056,0.0556359589099884
424,5556,decompx,0.07264104201680138,-0.002643932898839315,0.36902204155921936
425,5938,decompx,0.08227312743663788,-0.16146912500262262,0.3204911947250366
426,500,decompx,0.041836126810974546,-0.2170449975464079,0.370100736618042
427,3000,decompx,-0.16970041002097883,-0.4254070183164195,0.12666989862918854
428,3555,decompx,-0.12225577846059904,-0.24978386673747616,0.005347609985619783
429,8612,decompx,-0.0825039326834182,-0.1954870636885365,0.03690440207719803
430,9249,decompx,0.2651002665360769,-0.019012792905171712,0.53188556432724
431,3032,decompx,-0.02104508529106776,0.021119569738705952,0.16035914421081543
432,9705,decompx,0.3999829739332199,-0.0017375416225857204,0.6412362456321716
433,330,decompx,-0.12395193427801132,-0.1281861297786236,0.19843491911888123
434,3078,decompx,0.15556011611924453,-0.2726551653707729,0.4178873300552368
435,2018,decompx,0.000904355560325914,-0.17072094604372978,0.08387569338083267
436,3274,decompx,-0.02813761942088604,-0.14152509197592736,0.1897171586751938
437,3233,decompx,-0.04560870003132593,-0.4597145507023448,0.08861353248357773
438,3387,decompx,-0.055960535450140014,-0.04933233917290636,0.0002668421948328614
439,144,decompx,0.20474849530944117,0.2321036281409087,0.8152123093605042
440,9742,decompx,0.02690911789735158,-0.02110281917783949,0.5500736236572266
441,367,decompx,0.05621812077394376,-0.1729134333630403,0.12966300547122955
442,8679,decompx,0.002388388125432862,-0.11643425251046817,0.1456797868013382
443,4304,decompx,-0.04535571104359059,-0.3829952195464146,0.0738111361861229
444,7178,decompx,0.03889162723834698,-0.12417177741344158,0.2657877802848816
445,333,decompx,-0.10432835359571745,-0.6635509772104737,0.0022448129020631313
446,518,decompx,0.25449109507294804,-0.019683230381745558,0.4412803649902344
447,7040,decompx,-0.07680338207865134,-0.13440902333240956,0.006370410323143005
448,4229,decompx,0.39005841687321663,0.09281741976737976,0.7407733798027039
449,3833,decompx,-0.05939190550707281,-0.19987877756357192,0.02034330926835537
450,6058,decompx,0.1416415554635665,-0.35302989272510304,0.43563300371170044
451,576,decompx,-0.03251923998708234,-0.16946582972784252,0.015031280927360058
452,4215,decompx,0.2328577896482066,-0.11283901804371883,0.5733649730682373
453,2758,decompx,-0.03579615214123176,-0.26274012605874586,0.004482967313379049
454,4756,decompx,-0.08762024828921193,-0.45421486623261287,0.05211664363741875
455,9000,decompx,-0.026150610794623694,-0.07854060331980388,0.09554261714220047
456,3813,decompx,-0.06448034904050556,-0.14805546013469045,0.018762661144137383
457,3045,decompx,0.3215974043433865,-0.019736542304356893,0.49227574467658997
458,4047,decompx,-0.0693765649838107,-0.25218195042439867,0.08657359331846237
459,9094,decompx,0.2698341151699424,0.13236839044839144,0.46498873829841614
460,8181,decompx,-0.02986785676330328,-0.1438955247402191,0.0994180291891098
461,6309,decompx,0.034358866374801705,-0.13643661389748254,0.11395431309938431
462,1479,decompx,-0.057262773741967976,-0.2625165449987565,0.029923254624009132
463,543,decompx,-0.014153136646953123,-0.22758250741352296,0.029201088473200798
464,1618,decompx,-0.04415631018579006,-0.16084564208984375,0.048628658056259155
465,9032,decompx,0.48042927637244714,0.22262803081310156,0.8392838835716248
466,7746,decompx,-0.09780830107629299,-0.08496553245931864,0.012013139203190804
467,6039,decompx,-0.06794599003412506,-0.20164303718642754,0.0547005869448185
468,7919,decompx,-0.31482479501176963,-0.3569003301249309,0.024027487263083458
469,7624,decompx,-0.05850993221004804,-0.23777497212092083,0.03218035399913788
470,9495,decompx,-0.012590913102030754,-0.20169992186129093,0.4171644151210785
471,8657,decompx,0.12500770531949543,-0.009931812683741251,0.392701119184494
472,7160,decompx,-0.05361339378924597,-0.3019366129523232,0.12619172036647797
473,2358,decompx,-0.07162992142212506,-0.07580545021650884,0.020121054723858833
474,8250,decompx,-0.026857086224481463,-0.3495243445453841,0.0017731875414028764
475,1655,decompx,0.04742976427078247,0.0012341320514678955,0.2124847173690796
476,6911,decompx,-0.045325537386815995,-0.15270396671257913,0.004674671217799187
477,1746,decompx,0.3068185232579708,0.10722642838954925,0.6620699763298035
478,5794,decompx,-0.03993406987959339,-0.2675485369869538,0.005703683476895094
479,14,decompx,0.3656598045712426,0.05173873759451367,0.5710968375205994
480,1877,decompx,-0.0416550961881876,-0.31302460167557,0.014109996147453785
481,7888,decompx,0.004082972982100078,-0.050698257982730865,0.20526881515979767
482,8520,decompx,0.24356298630350623,-0.10510495459211283,0.35594889521598816
483,6883,decompx,0.19722455606928893,-0.04278773974095072,0.28186291456222534
484,3761,decompx,0.2146765941228622,-0.14997573235096076,0.492264986038208
485,0,decompx,0.06160266035132938,-0.21441770593325296,0.4357873201370239
486,6831,decompx,-0.07772150580529813,-0.38726137081782025,0.3510061502456665
487,7722,decompx,0.05028623294445776,-0.15782569156539056,0.2945769727230072
488,9630,decompx,-0.01659804486359159,-0.26107181757688525,0.06866639107465744
489,7672,decompx,-0.06481999637825149,-0.1819728266979967,0.03134454786777496
490,6568,decompx,-0.01254194016967501,-0.181568408118827,0.14033734798431396
491,655,decompx,-0.06250263378024101,-0.07658221448461215,0.1666376143693924
492,9349,decompx,-0.06653229478332731,-0.1690853975402812,0.00483818119391799
493,4241,decompx,-0.05646301154047251,-0.13233362811689192,0.017345597967505455
494,3023,decompx,-0.03195133035708415,-0.1583019501137498,0.006109780166298151
495,1851,decompx,0.24476406762474462,-0.10220734539784883,0.6105474829673767
496,349,decompx,0.06609685063875954,-0.13409993412165805,0.24738675355911255
497,6340,decompx,0.06120082549750805,-0.0729619711637497,0.5098487734794617
498,1156,decompx,-0.0031991863951963536,-0.07137550325954661,0.27929550409317017
499,3017,decompx,0.02262601926922798,-0.18843214000974381,0.1408715844154358
500,457,decompx,0.2960730518983758,-0.09636931574862936,0.7910329103469849
501,2867,decompx,0.1931305837563493,-0.37842590565031226,0.42870235443115234
502,5033,decompx,0.24154279896846184,0.1147173115840325,0.6780276298522949
503,4622,decompx,-0.08615084186844203,-0.18800493103006613,0.21266357600688934
504,6329,decompx,0.16210679914802312,-0.09035765677690506,0.2821274399757385
505,7081,decompx,-0.15008659660816193,-0.13555062748491764,0.06359463930130005
506,6786,decompx,-0.07516935666402182,-0.15152423940598964,0.010641198605298996
507,8458,decompx,-0.053954776376485825,-0.22284813933074474,0.04596208035945892
508,5206,decompx,0.2613001429453129,0.12718860986756114,0.729332685470581
509,6053,decompx,-0.05753238608354125,-0.21465027088235164,0.035901401191949844
510,131,decompx,0.025507289226408356,-0.072168563803037,0.22445830702781677
511,3692,decompx,-0.04778558957955933,-0.2604685246478766,0.0025436722207814455
512,6192,decompx,0.009423857984634547,-0.2917054143662636,0.25670063495635986
513,9523,decompx,-0.045838514751777415,-0.18190817789333621,0.09408332407474518
514,4587,decompx,-0.0380591474197529,-0.24215539158494384,0.09424690157175064
515,9818,decompx,-0.007892076528685935,-0.32509175271672364,0.04872306063771248
516,3235,decompx,0.3069911611576875,0.10418089851737022,0.6959211826324463
517,8641,decompx,-0.06977165177730578,-0.2244831223173865,0.004867217969149351
518,4879,decompx,-0.03350156606618492,-0.15290138010113014,0.006866496056318283
519,6854,decompx,0.09847188054450921,-0.15015614735228675,0.20629441738128662
520,8572,decompx,0.16124767623841763,-0.019074395298957825,0.32391101121902466
521,3639,decompx,0.08802090492099524,-0.2526371457747051,0.2065764218568802
522,7358,decompx,0.3669215949444935,-0.016710993030975604,0.848475456237793
523,8826,decompx,0.3080147122964263,0.18592811934649944,0.6115676760673523
524,2303,decompx,0.3688560407007894,-0.024205572182132352,0.6689764857292175
525,7315,decompx,0.4837702761950164,0.0925348550081253,0.7542608380317688
526,5308,decompx,-0.034592489881271664,-0.27550014294683933,0.04795151576399803
527,6808,decompx,-0.07035441420458514,-0.20032182766188836,0.027255138382315636
528,9395,decompx,-0.0718164502356488,-0.20004190085455775,0.0043520028702914715
529,265,decompx,-0.031102094293126593,-0.3307258327208135,0.025978950783610344
530,4763,decompx,-0.034899411567797266,-0.2340804599225521,0.009797750040888786
531,9111,decompx,-0.07915765310948093,-0.19283830871184668,0.03425786271691322
532,6789,decompx,0.385566046461463,-0.15018266439437866,0.590389609336853
533,4597,decompx,0.37205084785819054,0.1624114646443299,0.9069997072219849
534,2531,decompx,0.07608464398445228,-0.21102943557959336,0.1984277367591858
535,4862,decompx,-0.060659185305915096,-0.20876804852124417,0.03391021862626076
536,7669,decompx,0.16528633550593727,0.03332007480295081,0.412742555141449
537,316,decompx,-0.06808231927846607,-0.2585575681571898,0.019474787637591362
538,1897,decompx,0.2508251711726189,0.03940357267856598,0.5879573225975037
539,8860,decompx,-0.008324288297444582,-0.37044604048132895,0.13643969595432281
540,6407,decompx,-0.08061981956577963,-0.21718845914842355,0.021667707711458206
541,8231,decompx,-0.24887285074766943,-0.23228003040832632,0.07200539857149124
542,8521,decompx,-0.041680887108668685,-0.4724586121737957,0.04329602047801018
543,6112,decompx,-0.04324454736585418,-0.09275165593458547,0.02430630661547184
544,8128,decompx,0.07788092736154795,-0.05329195410013199,0.325257271528244
545,2039,decompx,0.18448224570602179,-0.2769654666384061,0.3373856246471405
546,103,decompx,-0.02207237403266705,-0.22327917088300753,0.040164411067962646
547,3297,decompx,0.027015115600079298,-0.33471151627600193,0.14388278126716614
548,794,decompx,-0.051587091414257887,-0.22150801626965402,0.005065251607447863
549,5967,decompx,0.0023225896498736214,-0.33856382177156563,0.2622986137866974
550,5332,decompx,-0.1221974584109643,-0.3063904011950773,0.06587687134742737
551,8586,decompx,0.007718775617448907,-0.04176697997670425,0.3674827516078949
552,1658,decompx,0.2090588261683782,0.05494163504668644,0.5020164847373962
553,3933,decompx,-0.0030154287815093994,-0.1508615454941085,0.13650541007518768
554,6968,decompx,-0.05500878450564212,-0.2369533431612783,0.015283593907952309
555,9469,decompx,0.10647595835768658,-0.1246438337408978,0.2501419186592102
556,7854,decompx,0.12341681702269448,-0.07056047850184971,0.4259766936302185
557,3210,decompx,0.033591909954945244,-0.17898950104912123,0.35003623366355896
558,7012,decompx,0.037056071062882744,-0.10627509467303753,0.5033076405525208
559,9808,decompx,0.16566092051565648,-0.152322855591774,0.2762671113014221
560,2973,decompx,0.22034921301038643,0.0715061112454063,0.4803959131240845
561,932,decompx,-0.016419873237609864,0.004382473230361938,0.4014349579811096
562,6163,decompx,0.2706578248425534,0.16843775855867485,0.915254533290863
563,6432,decompx,0.6586722314357758,0.19370866537094117,0.9745040535926819
564,3497,decompx,0.2289666175842285,0.10581815441449484,0.5456035137176514
565,3202,decompx,-0.16156669476014726,-0.18370999209582806,0.023343535140156746
566,2611,decompx,0.28137294550736747,0.12379540205001831,0.5247154831886292
567,9631,decompx,-0.005810804367065429,0.031753556430339815,0.22760845720767975
568,567,decompx,0.3583412226931802,0.031881952080233346,0.7236638069152832
569,764,decompx,-0.01634869459226276,-0.21331881765614857,0.04737846180796623
570,4366,decompx,-0.05996212561925252,-0.08188707927862802,0.15420879423618317
571,8367,decompx,0.23361925211022883,0.027381935540367577,0.5428609848022461
572,7360,decompx,-0.037714350459282286,-0.1782073498276683,0.0016796797281131148
573,1441,decompx,0.11683215329642682,-0.13466957956552505,0.1873389631509781
574,921,decompx,0.2041752106613583,0.036450006895595126,0.6853117346763611
575,8222,decompx,0.22215881305081503,0.16975923201867513,0.8048217296600342
576,1794,decompx,-0.036060797150379846,-0.18388471419789962,0.02052241563796997
577,3838,decompx,-0.10177924577146769,-0.13882193497071663,0.03621654212474823
578,3122,decompx,-0.03244350743480027,-0.1752210480161011,0.006354974582791328
579,6127,decompx,-0.05965697401776337,-0.16830748341117913,0.008014657534658909
580,6319,decompx,-0.04152303370647133,-0.2423659898340702,0.029896698892116547
581,2388,decompx,0.2525237025693059,0.04832920804619789,0.47264033555984497
582,4466,decompx,0.19729600911555084,0.04955082613488902,0.5730688571929932
583,4505,decompx,0.04771370843052864,-0.07547401070594788,0.17343918979167938
584,1606,decompx,-0.071106957393172,-0.16776502302483373,0.015103349462151527
585,2147,decompx,-0.1394465588606321,-0.4923381232298337,0.0615299828350544
586,36,decompx,0.2714203126728535,0.13267681375145912,0.7854849100112915
587,9147,decompx,0.0333450912010102,-0.15107667304220654,0.3181847929954529
588,761,decompx,-0.10347463320130887,-0.16763707639082617,0.12206654250621796
589,5268,decompx,-0.06349994381889701,-0.3120424207299948,0.20957669615745544
590,3038,decompx,-0.0392225252996598,-0.2660563578829169,0.019569529220461845
591,5503,decompx,-0.08574236198686637,-0.12493013554754165,0.02058752067387104
592,5228,decompx,0.37002057659214943,0.1212733141307173,0.6258740425109863
593,1623,decompx,-0.09027200580939003,-0.695005269802135,0.1446055918931961
594,577,decompx,-0.04587475911659353,-0.17098896424559987,0.10271941870450974
595,6426,decompx,0.07230497125921578,-0.41738559511201134,0.24971477687358856
596,8087,decompx,-0.06156220718433982,-0.27291236327666984,0.04205183684825897
597,8536,decompx,0.24121888279914855,0.08474781066179275,0.5814566612243652
598,9564,decompx,-0.061701545388334327,-0.21067052665683958,0.016003092750906944
599,2232,decompx,-0.020953622247491564,-0.41840662913663046,0.17972512543201447
600,2319,decompx,-0.04849734976887703,-0.2151677891612053,0.2017628252506256
601,5707,decompx,-0.20276874383079244,-0.6199176541351258,0.10721222311258316
602,9690,decompx,-0.016994292645350746,-0.21355121874290964,0.041275572031736374
603,5306,decompx,0.07184273318240517,-0.24223859137610385,0.31226062774658203
604,7938,decompx,0.07640582323074341,-0.03529369909512369,0.3084762692451477
605,2167,decompx,-0.10851818864995783,-0.2927711924368685,0.32015353441238403
606,637,decompx,0.029674420754114788,-0.2557016392548879,0.2369113713502884
607,8668,decompx,-0.02396371781826019,0.004037085175514221,0.26871800422668457
608,5594,decompx,-0.048406362625038515,-0.1759618815433766,0.012680405750870705
609,6555,decompx,-0.0898726988169882,-0.3301097932789061,0.14947444200515747
610,8098,decompx,-0.10759896505624056,-0.6115113534033298,0.03292248025536537
611,47,decompx,0.42049770495470834,0.2045847650836496,0.7709248065948486
612,5505,decompx,0.3630852550268173,0.005427977158909752,0.5557584762573242
613,9196,decompx,0.16445176647259638,0.09924171291864835,0.6326545476913452
614,8416,decompx,0.16100606525486166,-0.027130136435682125,0.49860090017318726
615,4509,decompx,-0.07801890382543206,-0.17746806517243385,0.013668186962604523
616,2638,decompx,0.2078078336575452,-0.010535077137105605,0.7345981597900391
617,8708,decompx,-0.05970280151814222,-0.07962137162685394,0.08072798699140549
618,8476,decompx,-0.07320886139165271,0.03378544764762575,0.15596148371696472
619,3080,decompx,-0.027584193150202434,-0.15373609165350596,0.15965570509433746
620,2870,decompx,0.020136931911110878,-0.015097172930836678,0.26514989137649536
621,2213,decompx,-0.051250176148160416,-0.1470069078838124,0.010725773870944977
622,6043,decompx,-0.04457654971629381,-0.16970688961446284,0.046624600887298584
623,3798,decompx,0.2887753813217084,-0.21801506852110228,0.5544701814651489
624,7972,decompx,0.2593322362517938,0.02150753326714039,0.3260411322116852
625,5739,decompx,0.0503236535936594,-0.13329889327287675,0.27731963992118835
626,4822,decompx,0.08872731687391505,-0.12215915409957662,0.2577130198478699
627,9067,decompx,-0.07416809009737335,-0.24395224172621965,0.0405559204518795
628,5799,decompx,-0.31545197777450085,-0.3093772369126479,0.05296976864337921
629,7482,decompx,-0.03370261071249843,-0.07388968203837673,0.0036292579025030136
630,2114,decompx,0.42700178027153013,0.10609315037727356,0.6506621241569519
631,1112,decompx,-0.03787316630283991,-0.2824818201363087,0.03613762930035591
632,8178,decompx,0.13167321681976318,0.07416833807592807,0.4539547562599182
633,3717,decompx,0.18752662115024799,-0.1261337765238502,0.45997312664985657
634,713,decompx,0.04243827611207962,-0.023469433188438416,0.5046142339706421
635,872,decompx,-0.05058464159568151,-0.06258244646920098,0.1816200613975525
636,1149,decompx,-0.3126290009667476,-0.18522109674910706,0.024432653561234474
637,9299,decompx,-0.029076340943574905,-0.318996262922883,0.01383458636701107
638,5663,decompx,-0.0678367018699646,-0.059988600867135186,0.10040811449289322
639,8167,decompx,0.0763380697795323,-0.21893734165600368,0.3234998881816864
640,3315,decompx,0.13111199089325964,-0.19397894944995642,0.28692805767059326
641,4588,decompx,0.2603117282743807,0.04423628692273741,0.8715643286705017
642,5098,decompx,-0.06696806382387877,-0.17338713463395833,0.012968084774911404
643,6077,decompx,-0.047980811027809975,-0.14532143119722604,0.017991578206419945
644,7966,decompx,-0.07599274600943318,-0.11903507611714303,0.0013423408381640911
645,1020,decompx,-0.05648914340417832,-0.16257635410875082,0.012677907012403011
646,4102,decompx,0.2542981006975832,0.09633095254158151,0.8339940309524536
647,5368,decompx,0.3140826385754805,0.2290689440873953,0.8400371074676514
648,6543,decompx,0.044205548948255076,-0.022653388565984266,0.3431854844093323
649,958,decompx,-0.025524490078290305,-0.2968118240435918,0.14438126981258392
650,3846,decompx,0.3647696833229727,-0.21875287840763727,0.6196422576904297
651,2748,decompx,-0.0687198240090819,-0.199774266604115,0.08493014425039291
652,4710,decompx,0.12225817676101412,-0.08307087847164699,0.39144542813301086
653,8279,decompx,-0.006955266674049198,-0.3041296465943257,0.03442125394940376
654,586,decompx,-0.018546732970409922,-0.2381171596546968,0.03668462857604027
655,1817,decompx,0.2960976133389132,0.14413794662271226,0.5460230112075806
656,782,decompx,0.1897553193072478,-0.029370938738187153,0.38867396116256714
657,8241,decompx,0.039147274512233154,-0.020727348147016583,0.3748607337474823
658,335,decompx,0.145982900067516,-0.5293441285257754,0.287555456161499
659,3755,decompx,-0.02600195665251125,-0.057629293338818985,0.2146470695734024
660,2191,decompx,0.04836053970982047,0.017750946037909564,0.28419771790504456
661,9214,decompx,0.006155650530542646,-0.12621618239652543,0.2691485285758972
662,5205,decompx,-0.06230976030622658,-0.17401095773828656,0.0575362853705883
663,6073,decompx,-0.02516750672033855,-0.3584583540047918,0.08396565914154053
664,23,decompx,0.025143288459409687,-0.5609394176041379,0.11261492222547531
665,4923,decompx,-0.26492638557272796,-0.17656006598297289,0.061021383851766586
666,4556,decompx,-0.2240409238470925,-0.41310278740194106,0.24860934913158417
667,2012,decompx,0.08248661974301705,0.020354412496089935,0.35563814640045166
668,381,decompx,-0.051559155558546385,-0.09067406753698985,0.037967659533023834
669,3127,decompx,0.030658626463264227,-0.19119941629469395,0.21845991909503937
670,6398,decompx,0.23378969458016483,0.009196094491265037,0.6630389094352722
671,1981,decompx,-0.05910972502481725,-0.13591654818238957,0.005394446663558483
672,3095,decompx,-0.14319780468940735,-0.37073120370726376,0.011352366767823696
673,6758,decompx,-0.06420425475516822,-0.09497391713375691,0.0064395093359053135
674,2025,decompx,0.40338731507460274,0.0818575123945872,0.6416126489639282
675,9398,decompx,-0.04739413467263255,-0.06509594969204902,0.0017090571345761418
676,5100,decompx,-0.07426069292705506,-0.08735340379644185,0.00658273184671998
677,3526,decompx,-0.09033537205929558,-0.1553038406289286,0.015641329810023308
678,7532,decompx,0.2894562021607444,0.09031477286702111,0.6270502209663391
679,3007,decompx,0.219736706593941,-0.16836973459556184,0.5438830256462097
680,1084,decompx,0.3550505362012807,-0.07704217994914335,0.5655570030212402
681,9837,decompx,0.2479522548339985,-0.1628900225515719,0.5440959930419922
682,9258,decompx,-0.11888034748179573,-0.5143973188740867,0.17261384427547455
683,4503,decompx,-0.1286911761853844,-0.17762574646621943,0.10641404986381531
684,1575,decompx,0.12860084138810635,0.047671180218458176,0.7099810838699341
685,3091,decompx,0.2981338441371918,0.09237106839815776,0.8751144409179688
686,2484,decompx,-0.1042659305036068,-0.19185464978218078,0.06483732908964157
687,4489,decompx,0.13124300574972517,-0.16070587223484403,0.3395431935787201
688,5070,decompx,-0.06816794804763049,-0.24079626379534602,0.07770730555057526
689,5669,decompx,0.5630674472561589,0.16633818878067863,0.7978162169456482
690,2138,decompx,-0.04306216667527738,-0.2869292309750681,0.143035426735878
691,6580,decompx,-0.05378146000605609,-0.2794822304110442,0.009570155292749405
692,2516,decompx,-0.03344031241722405,-0.05347703266888857,0.041411060839891434
693,9154,decompx,0.2402653308212757,0.0715614140033722,0.4071199893951416
694,5456,decompx,-0.04542649637109467,-0.1246701434165949,0.002542091067880392
695,3433,decompx,0.03889143379295573,-0.0704113058015412,0.3196968138217926
696,3989,decompx,-0.06168273308624824,-0.14751848061051634,0.01318898145109415
697,7422,decompx,-0.11931890378827634,-0.34931898635366687,0.1537180244922638
698,5009,decompx,0.23582295174228735,-0.12943327735210286,0.4265684187412262
699,1458,decompx,-0.01371115396420161,-0.2773019641637802,0.3032118082046509
700,952,decompx,-0.13257891752503134,-0.08190737867897208,0.12776044011116028
701,9718,decompx,-0.1424850554842698,0.086500988194817,0.5182509422302246
702,960,decompx,0.1474026049438276,-0.3066263496875763,0.4196206331253052
703,7273,decompx,0.20499888621270657,0.1593884015455842,0.4810295104980469
704,765,decompx,0.25149802246596664,-0.2486145286820829,0.36835235357284546
705,8316,decompx,0.07112901099026203,-0.3247496848925948,0.18489451706409454
706,3400,decompx,-0.010704271909263399,-0.014396649474898974,0.1176433265209198
707,2316,decompx,0.05845709923993458,0.02566120434891094,0.288962185382843
708,9465,decompx,0.2595038163661957,0.05697074294090271,0.820496678352356
709,9346,decompx,0.3476759637040751,0.09778930991888046,0.672723114490509
710,7835,decompx,0.09478971511125564,0.10092120468616486,0.7621870636940002
711,4032,decompx,0.3539350628852844,0.15057011644045512,0.9373722672462463
712,2029,decompx,0.045280792173885163,-0.2584784719206038,0.39454779028892517
713,4718,decompx,0.08789578406140208,-0.04253830015659332,0.2714459002017975
714,286,decompx,0.3897287750786001,0.12020062045617537,0.9934485554695129
715,908,decompx,0.12211248497752582,-0.0767296140684801,0.5397204756736755
716,1482,decompx,0.029437766156413338,-0.0035725723613392224,0.27223533391952515
717,9660,decompx,-0.10121683900554974,-0.39332591866453487,0.20938125252723694
718,4712,decompx,-0.12815203411238535,-0.09457696335656303,0.13058507442474365
719,2133,decompx,-0.08432195661589503,-0.14491406176239252,0.018274979665875435
720,9608,decompx,-0.09107155601183574,-0.3908743470907211,0.14981146156787872
721,9774,decompx,-0.024536000192165376,-0.31927800476551055,0.2365657389163971
722,9211,decompx,-0.04849618077278137,-0.12037076621005932,0.011182229034602642
723,563,decompx,-0.03179724607616663,-0.21026380011892837,0.014900797978043556
724,291,decompx,0.06663423031568527,-0.20465533222470964,0.47393664717674255
725,1713,decompx,-0.10433252342045307,-0.21367235197168258,0.006420265417546034
726,4012,decompx,-0.07133059609415275,-0.2963674111025674,0.016706986352801323
727,8922,decompx,0.2401439594104886,0.03338063880801201,0.512001097202301
728,169,decompx,-0.004810768453513875,-0.23848087033804724,0.0672108381986618
729,267,decompx,0.049311230580012,-0.1642477051778273,0.2784288823604584
730,9144,decompx,-0.08363042809069157,-0.2311173940698306,0.01849137246608734
731,3172,decompx,0.15454661721984544,-0.12229587882757187,0.39240676164627075
732,2286,decompx,-0.02925242009488019,-0.45339659262787213,0.10193856060504913
733,315,decompx,-0.005094097483725775,-0.08882241376808711,0.32508882880210876
734,8046,decompx,-0.09863535376886527,-0.2332357297030588,0.011098308488726616
735,8822,decompx,0.48397851328958164,0.4230704666538672,0.749055027961731
736,245,decompx,0.21608839742839336,-0.04550459484259287,0.4636363685131073
737,5186,decompx,-0.08992647007107735,-0.14755051769316196,0.3448076844215393
738,5421,decompx,0.2545926794409752,-0.028498059069668805,0.4596599042415619
739,6065,decompx,-0.10147551641516063,-0.10680920241967491,0.09551749378442764
740,50,decompx,0.2546258773122515,-0.12305399434907095,0.5483059287071228
741,3021,decompx,-0.08038903530687094,-0.3354321338236332,0.0344432108104229
742,7028,decompx,0.015003547072410583,-0.3642694536182616,0.3482997715473175
743,1372,decompx,0.02765451574867422,-0.4991853643547405,0.2596820592880249
744,4176,decompx,0.062352923583239316,-0.10910541862249375,0.17343220114707947
745,2470,decompx,-0.07931901108739632,-0.09672504803165793,0.00725655909627676
746,8000,decompx,0.15616591572761535,0.07948089241981507,0.7493796348571777
747,6156,decompx,-0.07115817297017202,-0.11075407534372061,0.01881452091038227
748,1498,decompx,-0.13351995911863115,-0.3750770425906888,0.09309433400630951
749,5868,decompx,0.004607963763798277,-0.17415446436239612,0.05912746861577034
750,1963,decompx,0.26379609182477,-0.02197395861148834,0.45506834983825684
751,248,decompx,0.1707823183387518,-0.16696918457746507,0.3336604833602905
752,4771,decompx,0.3447597221959205,-0.22908640475500197,0.5750445127487183
753,1277,decompx,0.21575655832010157,-0.09662479162216187,0.619950532913208
754,4905,decompx,-0.011852803158349004,-0.2251681413116126,0.24206717312335968
755,8025,decompx,-0.11642295725288845,-0.5462276910742124,0.08232808858156204
756,2110,decompx,0.0993739627301693,-0.1401875652372837,0.5030661821365356
757,9776,decompx,0.360461633532278,0.029930902104223927,0.7856916785240173
758,2945,decompx,0.08926809082428615,0.1833030010263125,0.6487014889717102
759,6249,decompx,-0.06533419144781012,-0.1793027002560465,0.15569588541984558
760,7023,decompx,-0.03579693416174015,-0.16942347796714824,0.005492150783538818
761,795,decompx,0.19361559146394333,0.07043230285247166,0.41557133197784424
762,9717,decompx,-0.06278700903058052,-0.2657918860514959,0.12686966359615326
763,7908,decompx,-0.10754584521055222,-0.23051654494234494,0.14366397261619568
764,5371,decompx,-0.03262128929297129,-0.08721494240065415,0.10620340704917908
765,9655,decompx,-0.10230039568109946,-0.21802646734497763,0.05856282263994217
766,447,decompx,-0.07778145883489272,-0.2230500741380042,0.019516216591000557
767,2968,decompx,-0.08611163967534115,-0.12797401963095917,0.048845671117305756
768,2152,decompx,0.22544865958068683,-0.0005337220171223516,0.4681960642337799
769,7838,decompx,-0.08195675941913025,-0.4000103928796623,0.0385376438498497
770,4852,decompx,0.019119177634517353,-0.008624023447434107,0.20599697530269623
771,5157,decompx,0.016352581757086294,-0.34919464036270426,0.412262886762619
772,683,decompx,0.1772223222255707,0.04761549115180969,0.7792206406593323
773,8118,decompx,0.0013679072041721905,-0.2418545815436279,0.06082053855061531
774,6681,decompx,-0.11284654513001442,-0.44410855198899907,0.027975384145975113
775,5741,decompx,0.007256610939900081,-0.1825146240492662,0.271180659532547
776,1488,decompx,-0.007373490860979808,-0.18082805771968866,0.0452314168214798
777,3077,decompx,-0.05065580938131579,-0.08384069031284701,0.1590126007795334
778,3905,decompx,-0.059713323305292824,-0.2679805766518523,0.02138281986117363
779,8594,decompx,0.019426291131160477,-0.274450997737321,0.09932880103588104
780,318,decompx,-0.04845785842307152,-0.32449865221015867,0.04363894835114479
781,856,decompx,0.055627623200416566,-0.2446679025888443,0.2540927231311798
782,7743,decompx,-0.02769184157509228,-0.3998056290478542,0.07442079484462738
783,2770,decompx,-0.05359703658946923,-0.08993863287780966,0.01965063437819481
784,3566,decompx,-0.07303779566770091,-0.5141550929230803,0.03157947212457657
785,376,decompx,0.18877975709204162,-0.2680731921323708,0.3191399574279785
786,410,decompx,-0.06618361837334102,-0.12501177026165855,0.14707645773887634
787,2405,decompx,0.24827733486890793,-0.02259213477373123,0.5692591667175293
788,3776,decompx,-0.08603476552913586,-0.33366214906175934,0.02185065671801567
789,3946,decompx,0.3892775509092543,0.11803087757693397,0.6866202354431152
790,1111,decompx,-0.08212806390864509,-0.05455372668802738,0.11384977400302887
791,7660,decompx,0.1579518356384375,-0.0224134685137333,0.6148086786270142
792,8001,decompx,-0.11356673230017934,-0.2084806604044778,0.074343241751194
793,2288,decompx,-0.03218506482828941,-0.2634664900334818,0.029039278626441956
794,2127,decompx,0.20130349306956583,0.09890813801599585,0.49115344882011414
795,5581,decompx,-0.07590898423670576,-0.21771622083794612,0.01503793429583311
796,8256,decompx,0.22333463453329527,0.0909400198322076,0.6745533347129822
797,6751,decompx,-0.024126533512026073,-0.17471119463443757,0.05247730761766434
798,9399,decompx,-0.0991505180987028,-0.31125639407680583,0.1052628681063652
799,2233,decompx,-0.07308422870821608,-0.18330799167622522,0.0031137189362198114
800,5550,decompx,-0.030014645075425506,-0.0260169489774853,0.15413615107536316
801,274,decompx,-0.04388905563749946,-0.46907034502006495,0.016693508252501488
802,2344,decompx,-0.04546238960077365,-0.10834229700267314,0.05486561357975006
803,1568,decompx,0.31090669787448383,0.20846282334431357,0.6346242427825928
804,3133,decompx,0.05740029974417253,-0.5313763049515811,0.2367822229862213
805,6178,decompx,-0.027276038246996263,-0.01922843123183531,0.2207033783197403
806,7955,decompx,-0.0334931262768805,-0.19793507922440767,0.04655905067920685
807,7820,decompx,-0.10241067308932543,-0.18905364692211152,0.03791545704007149
808,9415,decompx,-0.043803366246046846,-0.10326570327635165,0.22204652428627014
809,2574,decompx,0.018225140296495877,-0.27888431973182237,0.23711691796779633
810,965,decompx,0.28955312977944103,0.1507515465574605,0.8059965968132019
811,2291,decompx,0.4871339304372668,0.1433076187968254,0.651631772518158
812,5375,decompx,0.09556497354060411,-0.20038094371557236,0.24746882915496826
813,6670,decompx,-0.021528869556883972,-0.5469713817749705,0.06641469150781631
814,8955,decompx,-0.0881693893008762,-0.053844445005611134,0.16458193957805634
815,8059,decompx,-0.06921636660990771,-0.30111145542468876,0.011133963242173195
816,2755,decompx,0.05211517338951429,-0.17027981413735283,0.13641993701457977
817,4474,decompx,0.2018440157175064,0.014967941045761109,0.7257764339447021
818,3910,decompx,-0.07190589773069535,-0.11734205441150282,0.014457088895142078
819,2002,decompx,0.2918848307693706,0.212766475537244,0.8516564965248108
820,4794,decompx,-0.11768770750079836,-0.13930783243406386,0.1075531542301178
821,8644,decompx,0.24294514269442172,-0.0645909869187587,0.546720564365387
822,6394,decompx,0.08621183918281035,-0.244751285422932,0.41807031631469727
823,5339,decompx,-0.01919878047445546,0.04201059464527213,0.24166259169578552
824,1730,decompx,-0.0443132586320335,-0.20159442533018454,0.019138842821121216
825,2360,decompx,0.37375300987200305,0.1694357544183731,0.7268270254135132
826,9379,decompx,0.061055749122585566,-0.2839484800185476,0.2394772171974182
827,9058,decompx,-0.018157168188028865,-0.25153400459223324,0.1518542319536209
828,9028,decompx,0.09784278770287831,-0.1877774652093649,0.45247936248779297
829,7579,decompx,0.2170951786366376,-0.014191462235017256,0.5479905605316162
830,6428,decompx,0.03287718954839205,-0.16404957206625687,0.5771923661231995
831,1068,decompx,-0.2915352245694713,-0.21455913703692586,0.050804540514945984
832,5337,decompx,-0.12013607607646422,-0.3791990876197815,0.1968742460012436
833,1071,decompx,-0.0008511474976936976,-0.17195798084139824,0.1968740075826645
834,9456,decompx,-0.023496974259614944,-0.1810427519182364,0.17924535274505615
835,5020,decompx,0.1482083462178707,0.03058377467095852,0.5162355303764343
836,2115,decompx,-0.026587846999367077,-0.09828352183103561,0.07817044854164124
837,5910,decompx,0.45088286745932793,0.1414416778472162,0.8420286774635315
838,8448,decompx,-0.009836012231452125,-0.2376320868730545,0.1305079609155655
839,3132,decompx,-0.0397159061234059,-0.20561563846623077,0.03241626173257828
840,7703,decompx,-0.013251702575122608,-0.017192795872688293,0.18602986633777618
841,474,decompx,-0.18200842291116714,-0.44374910644862964,0.14456066489219666
842,8441,decompx,0.2965708470770291,0.08529984099524361,0.5526292324066162
843,7584,decompx,-0.036266624376079755,-0.07252018776183065,0.006723271682858467
844,3085,decompx,0.08391522713329481,-0.1187266662068989,0.266539603471756
845,8856,decompx,0.1922315458456675,-0.042550082717623026,0.6968699097633362
846,5936,decompx,0.18064075231552124,0.006687942147254944,0.3769429326057434
847,3397,decompx,-0.04844252400410672,-0.18899108128001293,0.0035164637956768274
848,4309,decompx,-0.048732682973856016,-0.1895456270625194,0.027501652017235756
849,6169,decompx,-0.06509509775787592,-0.3020270338281989,0.03806060925126076
850,3693,decompx,-0.14160106778144838,-0.1623021627465884,0.10533758252859116
851,1691,decompx,0.1398270673611585,0.11276249850497526,0.6891828775405884
852,4333,decompx,0.2993760300943485,-0.1725042095551124,0.40692344307899475
853,9574,decompx,0.4552862969537576,0.16478615899880728,0.7678642272949219
854,8619,decompx,-0.03366020797485752,-0.2651214692076402,0.009747061878442764
855,6832,decompx,0.43955341455611313,0.15980771387165243,0.8185045123100281
856,3795,decompx,0.46310233128698247,0.05900915202341581,0.8808630108833313
857,4649,decompx,-0.038767473506076,-0.07212450089199203,0.18496564030647278
858,9226,decompx,-0.07345921049515407,-0.1424600159128507,0.1652539223432541
859,7372,decompx,-0.01941163580993126,-0.02996162196685528,0.2298153042793274
860,4929,decompx,-0.04800152538442298,-0.206094155186101,0.019816726446151733
861,4233,decompx,0.1265696942806244,-0.20542220423618954,0.4646453559398651
862,1145,decompx,0.2742912247776985,0.08811656704970769,0.5470249652862549
863,3111,decompx,-0.17403958803590605,-0.22555559654446208,0.07171812653541565
864,8737,decompx,0.10316910701138633,-0.19632842852955773,0.4545203745365143
865,2592,decompx,0.12217716659818377,-0.173052151288305,0.33851659297943115
866,9142,decompx,0.012650366872549057,0.024623301811516285,0.3143974840641022
867,624,decompx,0.05366887599229812,-0.2630934067070484,0.27170681953430176
868,9043,decompx,0.0284156504234201,-0.14279567646352867,0.08716792613267899
869,3283,decompx,0.04001698767145475,-0.1471477804912461,0.15887796878814697
870,6341,decompx,-0.03270951302256435,-0.2997990718887498,0.0018437437247484922
871,7522,decompx,-0.059823878403556977,-0.2610905621396868,0.026707712560892105
872,9585,decompx,-0.07818481504917145,-0.07520475804805755,0.26601240038871765
873,7440,decompx,0.10045669800960101,-0.16310234195910966,0.33558496832847595
874,668,decompx,-0.0015196646962847029,-0.3106308392116002,0.45657870173454285
875,6750,decompx,0.2504320030703264,0.019519593785790837,0.5023205280303955
876,5165,decompx,0.2728509513231424,0.0830067155452875,0.5489365458488464
877,5279,decompx,-0.05149178464143049,-0.1525395310350827,0.06314520537853241
878,582,decompx,-0.08407976436946127,-0.26197361283832127,0.3109036684036255
879,3945,decompx,-0.16742362495925692,-0.45337379309866166,0.16904138028621674
880,7688,decompx,0.2042470077673594,0.07117884641601926,0.7455470561981201
881,7614,decompx,-0.09643669426441193,-0.028153351197640102,0.17802466452121735
882,1208,decompx,0.08696663808077573,-0.04343938417732716,0.24863244593143463
883,7944,decompx,0.10498046176508069,-0.028692991472780704,0.35907232761383057
884,5030,decompx,-0.00811638036975637,-0.29069684259593487,0.08599187433719635
885,76,decompx,-0.10314529880203983,-0.08536036854440515,0.03926362469792366
886,6693,decompx,-0.003360604292110485,-0.28002359455122666,0.04063529521226883
887,9478,decompx,0.04167300164699554,0.04160212874412537,0.28569668531417847
888,9464,decompx,-0.079473658464849,-0.08266906579956412,0.08673493564128876
889,1175,decompx,0.17345666459628514,0.10832665434905461,0.4329560399055481
890,592,decompx,-0.07290648662795624,-0.183683010066549,0.011291122063994408
891,3774,decompx,0.07224303585561839,-0.1667708849365061,0.21661542356014252
892,5676,decompx,0.08638356732470649,-0.003518848546913692,0.26615139842033386
893,7362,decompx,-0.06670570207966699,-0.19749382634957632,0.4216432571411133
894,1470,decompx,-0.012163767516613007,-0.2112120994925499,0.06417886912822723
895,705,decompx,0.07851667602856954,-0.03742130597432455,0.3682469427585602
896,1688,decompx,0.12019206365434135,-0.09397365407245915,0.49570244550704956
897,4828,decompx,-0.028252293234286102,-0.04722391522448996,0.6771953105926514
898,5386,decompx,0.011834450997412205,-0.022823146544396877,0.15134374797344208
899,4564,decompx,0.3640768629939933,0.04282511064880773,0.6195475459098816
900,7450,decompx,0.16020680963993073,0.08954412596566337,0.6627421379089355
901,9324,decompx,0.28868428258984175,0.18046555861278815,0.4986462891101837
902,4747,decompx,0.20093211610066264,-0.0682741591804906,0.3887168765068054
903,4303,decompx,0.2938275793867727,-0.01410675144964649,0.5729836821556091
904,6460,decompx,-0.05903595718829071,-0.3581150296856375,0.0350336916744709
905,6239,decompx,-0.06593392942758168,-0.2648095859981635,0.020630361512303352
906,7766,decompx,0.08817624383502537,-0.044134744339519076,0.2531837522983551
907,6739,decompx,0.27801359648054297,0.14708231660452756,0.9125749468803406
908,8336,decompx,-0.04357291212571519,-0.12699286044309183,0.01252287719398737
909,3464,decompx,-0.08914456171914935,-0.11752620991319418,0.020815972238779068
910,1509,decompx,0.02367690086364746,-0.15834350347518922,0.4367104172706604
911,4978,decompx,-0.1834023140611187,-0.2870393787180224,0.08316656202077866
912,6008,decompx,0.009749786445388087,-0.2625776606577414,0.28783729672431946
913,5730,decompx,0.006414123943873814,-0.24432283746344702,0.21123531460762024
914,8334,decompx,-0.005168708248270882,-0.3016417875058121,0.09153387695550919
915,4883,decompx,-0.01609451579861343,-0.251644616574049,0.07234881073236465
916,9740,decompx,-0.004310593510476442,-0.1330308083158273,0.08142296969890594
917,3299,decompx,-0.05493164590249459,-0.20615540196498236,0.041241515427827835
918,594,decompx,0.3659640125654362,0.13818554083506265,0.8378943800926208
919,5521,decompx,0.021980367445697386,-0.23106629649798074,0.09512393176555634
920,6867,decompx,0.35990720851854846,-0.10779672183773735,0.5447244048118591
921,7999,decompx,-0.024695836096292452,-0.1732748399178187,0.0812896266579628
922,7073,decompx,0.2774966899995451,0.021368546618355647,0.499752402305603
923,2876,decompx,-0.03457905873656273,-0.10909278709441424,0.04552484303712845
924,5595,decompx,-0.04396758515101213,-0.08331900405196044,0.05438673496246338
925,8508,decompx,-0.036500002656664164,-0.08595357693376995,0.2009071409702301
926,9525,decompx,0.24969425233634743,-0.06256720262604791,0.49847882986068726
927,4335,decompx,0.10629612415169294,-0.4579532559101398,0.1951596885919571
928,4540,decompx,-0.0502229668200016,-0.16179395239386293,0.025074129924178123
929,10,decompx,-0.021666963136306516,-0.39923702704685704,0.027185779064893723
930,8757,decompx,-0.032666852020404556,-0.3768823045221242,0.042473603039979935
931,1217,decompx,0.18527232938342625,0.01889802681075202,0.6862500309944153
932,1224,decompx,0.3948722510882046,0.07300654442413994,0.5966187715530396
933,3206,decompx,0.45457183104008436,0.26407321356236935,0.7822200655937195
934,93,decompx,-0.09117696466653244,-0.3483496217624001,0.2599893808364868
935,8057,decompx,0.46067646103245874,-0.018364833933966502,0.724498987197876
936,2455,decompx,0.01965489712628451,-0.05886299434033307,0.20654332637786865
937,1247,decompx,0.22097538310933756,-0.028155206023035822,0.4373481869697571
938,2251,decompx,0.0916112835208575,-0.11214949604537752,0.2536233067512512
939,6380,decompx,0.1993969359568187,0.32725258810179575,0.9104214906692505
940,4708,decompx,-0.11309152610343078,-0.08864429850002815,0.09354972094297409
941,7864,decompx,0.11879647243767977,-0.3242481155321002,0.280953586101532
942,3916,decompx,-0.10117162325802971,-0.25832803919911385,0.06666555255651474
943,3105,decompx,0.06847463905190428,-0.5112807167073091,0.2776140868663788
944,292,decompx,0.2403315465759348,0.0929846399360233,0.5047809481620789
945,7616,decompx,0.055987131737527396,-0.18912528100467862,0.30551448464393616
946,2083,decompx,-0.044587314774149234,-0.2537551963036614,0.0027289893478155136
947,4381,decompx,0.006575899198651314,-0.15536742905775705,0.2532111704349518
948,4291,decompx,-0.06716532432255917,-0.24563520689844154,0.0006939857848919928
949,5404,decompx,-0.05925590004771948,-0.4258285911381245,0.04429818317294121
950,6637,decompx,-0.1938952099727957,-0.1824878620866098,0.0610787607729435
951,1090,decompx,-0.08024066396276741,-0.15172488883356838,0.013832137919962406
952,8570,decompx,-0.012070181808667257,-0.22920541418716311,0.03692464530467987
953,6206,decompx,0.3646015754112831,0.04708679135029133,0.837340772151947
954,6843,decompx,0.5434284846891057,0.12314349141987888,0.82193922996521
955,1078,decompx,0.17984505392172756,0.06903874172883875,0.40094926953315735
956,1188,decompx,0.3372876679897308,0.026920236349105835,0.6987248063087463
957,3984,decompx,0.10133296692812885,0.11097396965380069,0.34940752387046814
958,1369,decompx,0.10815282301469283,0.004093316468325528,0.4657645523548126
959,8348,decompx,0.1398691370018891,-0.17538208301578248,0.5228691101074219
960,5987,decompx,0.19478370532393455,-0.0836557948589325,0.3508223593235016
961,1599,decompx,0.10672840524104334,-0.4259978571245747,0.25718140602111816
962,4573,decompx,-0.061587198596933616,-0.2871875620406607,0.03849129378795624
963,5173,decompx,-0.13650435768067837,-0.1331787298505123,0.022260218858718872
964,6459,decompx,0.06051772998438941,-0.0011237644486957127,0.5419925451278687
965,4404,decompx,0.57607736364007,0.1785552367568016,0.871831476688385
966,7585,decompx,0.1649860209888882,0.08413450254334344,0.7853783965110779
967,8225,decompx,0.22162748850656278,-0.05216529242920153,0.49477246403694153
968,4209,decompx,-0.03696068972349167,-0.16790412366390228,0.09496945142745972
969,1418,decompx,-0.1520787500041096,-0.09402838252533816,0.00363340531475842
970,3309,decompx,-0.11732407832252127,-0.436611784355981,0.08713539689779282
971,9362,decompx,-0.08291898242064885,-0.318224813966524,0.20156258344650269
972,6492,decompx,0.1705423957771725,-0.09925858510865106,0.6334680318832397
973,7841,decompx,0.04029919269184271,0.022611074149608612,0.21792639791965485
974,3037,decompx,-0.06342300006116812,-0.2476155484238496,0.022792277857661247
975,1825,decompx,-0.08375434450184306,-0.30716755681981645,0.011447384022176266
976,3842,decompx,0.07036671787500381,0.07351446400086085,0.2815951406955719
977,4522,decompx,-0.10830969957169145,-0.13095305968696871,0.02515004761517048
978,1569,decompx,0.05612285311023394,-0.4290869099398454,0.32597413659095764
979,1261,decompx,-0.02217562240548432,-0.3735490683466196,0.06865252554416656
980,4918,decompx,-0.04098154149356891,-0.19984490860422904,0.005592189263552427
981,5273,decompx,0.01211899993094531,-0.2187526293776252,0.21457864344120026
982,2478,decompx,-0.0985029268225557,-0.20672598954192117,0.013948235660791397
983,5795,decompx,0.0505160929945608,-0.29181886557489634,0.2123974859714508
984,6864,decompx,0.2992703914642334,-0.05116386532783508,0.563147783279419
985,1616,decompx,0.21722264314691225,-0.3192411735653877,0.46613654494285583
986,6913,decompx,0.18979068696498871,0.09641173422336578,0.46745431423187256
987,2236,decompx,0.05006430354779181,-0.24037656382374142,0.13544297218322754
988,7618,decompx,-0.1534400561495739,-0.16643190559218912,0.032556626945734024
989,5447,decompx,-0.04797223242572867,-0.18343680176454094,0.011950116604566574
990,5554,decompx,0.3641934254590203,0.10925578369813807,0.8664960265159607
991,7212,decompx,0.043143296525591894,-0.08712777779215858,0.3628862798213959
992,7352,decompx,-0.034904034584760664,-0.05383943885564804,0.01958017237484455
993,2533,decompx,0.07872160763207187,-0.21640088463701854,0.13581806421279907
994,5950,decompx,-0.03069056198000908,-0.0735502030987006,0.1297478824853897
995,7947,decompx,-0.06305484026670456,-0.28639816381037236,0.09390699118375778
996,2689,decompx,0.2865480085213979,0.16584921379884085,0.7710322737693787
997,3110,decompx,-0.060138897253916815,-0.08584937109397008,0.338333398103714
998,4397,decompx,-0.08540756583213806,-0.04840269207954407,0.5574133396148682
999,2935,decompx,0.07867526014645894,-0.13889932880798975,0.5315331220626831
1000,9632,attention,0.2818501345240153,0.2703662778322513,0.892997145652771
1001,9282,attention,-0.1866404825919553,-0.10144874257476706,0.04984396696090698
1002,106,attention,-0.24562007669479616,-0.15637056024805193,0.1666150838136673
1003,1446,attention,-0.07306297365072612,-0.005148971402967298,0.3070147633552551
1004,1513,attention,-0.1513867842800477,-0.04208922581336297,0.003760539460927248
1005,6498,attention,0.2084989900651731,0.06882833336528979,0.6039713025093079
1006,6973,attention,0.05815227063638823,-0.10144849973065513,0.30076706409454346
1007,4952,attention,-0.2130594521083615,-0.10521556106819348,0.02019277587532997
1008,8552,attention,-0.12312156707048416,-0.06758955358104272,0.1508817970752716
1009,3027,attention,0.38170832944543737,0.19210530895935862,0.7689019441604614
1010,2760,attention,-0.19538353532552719,0.14114303141832352,0.35151758790016174
1011,3060,attention,-0.005903911803449903,-0.013142868450709751,0.22988669574260712
1012,33,attention,-0.24009363998330252,-0.12343962775433764,0.00611857557669282
1013,1349,attention,-0.38393090727428597,-0.191210240436097,0.1068231388926506
1014,4934,attention,0.08318831771612167,0.0016989126801490785,0.38874366879463196
1015,2680,attention,0.11069611700311784,0.0019346619805982036,0.3822898864746094
1016,9074,attention,-0.28458151573108303,-0.0754177385630707,0.019449008628726006
1017,5414,attention,-0.09968692355936296,-0.0688546058648315,0.00570652773603797
1018,6663,attention,-0.08776774629950523,-0.051789451729167595,0.15341952443122864
1019,5286,attention,-0.3105295432301668,-0.1446808401065377,0.025206051766872406
1020,3782,attention,-0.11218824330717325,-0.09627203899435699,0.029234685003757477
1021,4516,attention,-0.24065849650651217,-0.05025183176621795,0.026276446878910065
1022,4554,attention,-0.11794449137928693,-0.054987764998298626,0.02567732147872448
1023,1595,attention,-0.12080699635239747,-0.10018995255590059,0.006457239389419556
1024,3857,attention,-0.19691096573341182,0.01756209934630045,0.390585333108902
1025,3337,attention,0.08386838321502392,0.17644665275628751,0.5612554550170898
1026,9255,attention,-0.1586279486971242,-0.07395719055618559,0.04008273035287857
1027,1383,attention,-0.41411372760067816,-0.062138841851897865,0.11321505904197693
1028,4860,attention,-0.14901830371291863,-0.06898240904722895,0.041607312858104706
1029,7275,attention,-0.3867268800411535,-0.09164610051590463,0.04597030580043793
1030,8740,attention,-0.20375354308634996,-0.005201692692935467,0.3524290919303894
1031,1155,attention,0.18828714800917584,0.06732545339542886,0.512457549571991
1032,6725,attention,-0.05124953672999427,0.09768042748882658,0.5211524367332458
1033,1076,attention,-0.20631268580577203,-0.10288248337539178,0.019610153511166573
1034,3058,attention,-0.2241676079207345,-0.033374204643462836,0.13534902036190033
1035,4586,attention,-0.1901315700262785,-0.019827403749028843,0.06546402722597122
1036,1791,attention,-0.26127421168180615,-0.08291264107594123,0.16637098789215088
1037,6325,attention,-0.013512158890565236,-0.06695586542288462,0.14860214293003082
1038,7506,attention,-0.05165858897897932,-0.11722338365183936,0.26880520582199097
1039,6495,attention,0.19984011508916555,-0.017087846994400024,0.5471554398536682
1040,9542,attention,-0.05003782244105088,-0.07483081990166714,0.23975609242916107
1041,4694,attention,0.13879939336930552,-0.01364783606221599,0.43873295187950134
1042,8369,attention,-0.38304286302688223,-0.06203443862290846,0.0029983895365148783
1043,7093,attention,-0.044854277914220635,-0.18080860421513067,0.18138490617275238
1044,2794,attention,-0.15905834884261308,-0.10615996475857885,0.007117798551917076
1045,39,attention,-0.22840833621880702,-0.05587203246391108,0.012984275817871094
1046,7478,attention,-0.17380978079403148,0.005467519164085388,0.3921995759010315
1047,1253,attention,-0.20705214557459667,-0.041562804176161684,0.0055189854465425014
1048,360,attention,-0.17164940125353279,-0.08289115946917307,0.02384047769010067
1049,9638,attention,0.04941441171935627,0.12088287568518094,0.4394210875034332
1050,1726,attention,0.018457712496028227,-0.12884332590243397,0.2270084172487259
1051,439,attention,-0.005923185836185108,-0.04009292952039025,0.2238096296787262
1052,5267,attention,-0.2273561521022416,-0.0505925368736772,0.0183560810983181
1053,4337,attention,-0.22855374678969384,-0.10838044054806233,0.04572412744164467
1054,7724,attention,-0.20339957828848407,-0.07917498510617477,0.01663101278245449
1055,7676,attention,0.0628488173087438,0.07648015121618906,0.42115336656570435
1056,8913,attention,-0.25284152205746907,-0.052879674933277644,0.024519136175513268
1057,2492,attention,0.18144356846809387,0.051801827549934384,0.6145787835121155
1058,7462,attention,-0.24508437950333412,-0.041699352568354116,0.005783874075859785
1059,7430,attention,-0.007649115286767483,0.09322267305105925,0.39008429646492004
1060,6620,attention,0.06264324905350804,0.01772995851933956,0.27220845222473145
1061,6221,attention,-0.21901847515255213,-0.08094721920012186,0.0034887013025581837
1062,8844,attention,-0.16574276704341173,-0.026462959294969387,0.06381520628929138
1063,4518,attention,0.05134837627410889,-0.020812445878982545,0.5428768396377563
1064,1684,attention,-0.3481546384947641,0.09811944620949882,0.36855077743530273
1065,29,attention,-0.15339752948946422,-0.12037963958250152,0.09262941777706146
1066,6475,attention,-0.08299248559134347,0.21360036730766296,0.5151298642158508
1067,6691,attention,0.12443954040927271,0.15843048066862167,0.5996145009994507
1068,1747,attention,-0.3251850697398186,-0.0748799104988575,0.050263725221157074
1069,5559,attention,-0.03132451219218118,-0.08738679119518825,0.24816110730171204
1070,3325,attention,-0.17371418327093124,0.05032880678772926,0.4271799623966217
1071,4525,attention,-0.0600806741664807,-0.03337113155672947,0.13948622345924377
1072,5434,attention,-0.03232674983640512,0.028463000431656837,0.37306419014930725
1073,2129,attention,-0.09424083597130245,0.02835108670923445,0.32667073607444763
1074,5441,attention,-0.09187528742729006,-0.06465241031066792,0.04389920458197594
1075,9420,attention,-0.15836484374149756,-0.11649150823188179,0.02157183736562729
1076,1330,attention,0.08595424219965934,-0.02239374667406082,0.3004550635814667
1077,7369,attention,-0.1860980189521797,-0.04429604398319498,0.024981550872325897
1078,2275,attention,-0.028839958941235262,-0.05959443660343394,0.2008083462715149
1079,1765,attention,0.0941569772751435,-0.004321646431218023,0.3277261257171631
1080,9131,attention,0.1624642014503479,0.1354599893093109,0.6535645127296448
1081,6095,attention,0.06863096097241277,0.13320200177638428,0.5420705676078796
1082,1263,attention,-0.1265103556215763,-0.002942584455013275,0.40255555510520935
1083,1142,attention,-0.050676422960617966,-0.08672992096227758,0.17977546155452728
1084,7797,attention,-0.137790118654569,-0.07537750817007488,0.16155530512332916
1085,4989,attention,-0.16539543001882492,0.051220890014402325,0.29520750045776367
1086,4395,attention,0.051085176454349,-0.020867408337918194,0.43969565629959106
1087,5333,attention,0.05159632093978651,0.02866263913385796,0.36456525325775146
1088,8163,attention,-0.08608027699996125,-0.0623917163095691,0.07493995130062103
1089,8995,attention,-0.05129766310839092,-0.06770655841511838,0.09998241066932678
1090,9568,attention,-0.19661575878659884,-0.06604909772674243,0.013289926573634148
1091,6098,attention,-0.4002107141109613,-0.21862399807343116,0.10496580600738525
1092,7278,attention,0.025498894105354945,-0.0005442529916763305,0.1898026019334793
1093,1516,attention,0.018427745252847672,-0.0618730828166008,0.5133695006370544
1094,3501,attention,-0.2202222706483943,-0.07624996879271098,0.055224865674972534
1095,4371,attention,0.08273934759199619,0.1353201624006033,0.619037926197052
1096,7736,attention,0.3929928489353346,0.23183061895163162,0.6268463134765625
1097,1683,attention,-0.1894538352265954,-0.06366955311968922,0.014247450977563858
1098,1631,attention,0.07575128333909172,0.12825135496400653,0.6313174366950989
1099,4601,attention,-0.11740781583132283,-0.1523256681619152,0.14578430354595184
1100,6956,attention,0.0761670470237732,0.13948890686035156,0.6237486004829407
1101,8482,attention,-0.18112227339775133,-0.09032541021513633,0.02136848494410515
1102,9095,attention,-0.37155975848436357,-0.08474983718867103,0.004196999594569206
1103,7344,attention,0.36491398678885567,0.1550094540472384,0.7690412998199463
1104,1732,attention,0.4602457112990893,0.22004316747188568,0.7954970598220825
1105,4373,attention,-0.36776056919585576,-0.06397408979352225,0.012075664475560188
1106,971,attention,0.11820979183539748,0.044638692401349545,0.3646191656589508
1107,6578,attention,-0.01602278815375434,0.012171838846471574,0.49356797337532043
1108,1453,attention,0.04847549019675506,-0.028580286000904283,0.26105591654777527
1109,80,attention,0.23531414195895195,0.10620133472340447,0.49737077951431274
1110,8908,attention,-0.19352814511341207,-0.14621205540264354,0.10597539693117142
1111,96,attention,0.17926981225609778,0.10694760531187057,0.4941481053829193
1112,4376,attention,-0.23145833489700005,-0.04735761991916941,0.01453475933521986
1113,3207,attention,0.06701454870841082,-0.11118578121942632,0.3655413091182709
1114,6462,attention,-0.20357348101542277,-0.05529542891856502,0.013848405331373215
1115,6220,attention,-0.17458133544358942,-0.035079220646164484,0.005274371709674597
1116,3279,attention,-0.07192997740847724,-0.1985357669847352,0.16403338313102722
1117,8741,attention,-0.20102794380748973,-0.13426209372632644,0.15786920487880707
1118,8758,attention,-0.14413356737178915,-0.11609316354288775,0.1417422741651535
1119,5396,attention,-0.5322166029363871,-0.5113945256563879,0.028233638033270836
1120,2855,attention,0.4341396967569987,0.1370422959327698,0.86751788854599
1121,1862,attention,-0.1734127895585422,-0.0721872732814016,0.03983970731496811
1122,7659,attention,0.15398929852086143,0.11689837921310116,0.6016866564750671
1123,8446,attention,0.04619407281279564,0.05457893759012222,0.29516133666038513
1124,5152,attention,-0.14533124257017066,-0.18865594102276695,0.25559312105178833
1125,2903,attention,0.28688066574030147,0.16162771610326546,0.7488054037094116
1126,7581,attention,0.0747992679476738,0.107811572154363,0.36024776101112366
1127,9431,attention,-0.16458609275629416,-0.11954868623219869,0.02254759706556797
1128,8948,attention,-0.16721989180554042,-0.05724306819452481,0.07620558887720108
1129,2486,attention,-0.24368758818932942,-0.11715173002864633,0.10331449657678604
1130,5552,attention,-0.2633858889651795,-0.0586403144730462,0.007581600919365883
1131,5479,attention,-0.009392092873652776,-0.007704518735408783,0.2346341758966446
1132,3894,attention,-0.14734975350174037,-0.12569376436824148,0.01944699138402939
1133,9430,attention,-0.18000578419970614,-0.12006106110555785,0.026201436296105385
1134,9766,attention,-0.41011153161525726,0.0579889477008865,0.22111885249614716
1135,4355,attention,-0.06934345021311726,-0.03837744780771789,0.025010626763105392
1136,2833,attention,-0.2405269897232453,-0.012333722164233526,0.22690869867801666
1137,3328,attention,0.20276161614391539,0.04647569523917304,0.6414497494697571
1138,8019,attention,-0.35491333082318305,-0.04364873201896747,0.04381505027413368
1139,3424,attention,0.26047651544213296,0.11410534754395485,0.7490634322166443
1140,4539,attention,0.28105681306786007,0.1244354220452132,0.586748480796814
1141,4921,attention,-0.3096620527946431,-0.04358354502398035,0.11550004780292511
1142,3469,attention,0.031105143825213115,-0.10105549891789754,0.5540797114372253
1143,5705,attention,-0.18361935034394264,-0.09538317009806634,0.09119841456413269
1144,311,attention,0.13012989782370055,0.015531757703194251,0.3952542543411255
1145,9045,attention,0.12197390553497132,0.07335595857529413,0.6321568489074707
1146,2619,attention,-0.2608815697503501,-0.1918021954339126,0.058949556201696396
1147,789,attention,0.14235398173332214,-0.027719675252834957,0.4180052578449249
1148,2742,attention,0.15013620778918266,0.058773817121982576,0.8027546405792236
1149,5653,attention,-0.11636802523086469,-0.04636620590463281,0.09399571269750595
1150,483,attention,0.024371252818541092,-0.09285719828172163,0.4419711232185364
1151,8113,attention,-0.2792187899169398,-0.1035649665154335,0.03162655234336853
1152,8478,attention,0.08319772254018222,-0.010257605244131648,0.3365604877471924
1153,1199,attention,0.2110940640171369,0.14570627495264396,0.5291525721549988
1154,5507,attention,-0.14236429706215858,-0.1483400918543339,0.18415142595767975
1155,3653,attention,-0.14270205246774773,-0.13675610858358836,0.039301954209804535
1156,5065,attention,-0.16786389315829559,0.08526946341290194,0.4289138913154602
1157,1626,attention,-0.104634989798069,-0.03725806027650833,0.2038452923297882
1158,7661,attention,0.2932139533130746,0.02680417111045436,0.7265898585319519
1159,6837,attention,-0.3210083366088245,-0.06996755885041278,0.06611941009759903
1160,7655,attention,0.03044374535481135,-0.0028796427779727513,0.26056015491485596
1161,8538,attention,0.1436451928956168,0.023555772645132884,0.35622918605804443
1162,1775,attention,-0.08753095851058051,-0.16113276850609554,0.13439087569713593
1163,9643,attention,-0.04276656731963158,-0.15876465430483222,0.38042640686035156
1164,8884,attention,-0.11087053725796361,-0.12805579602718353,0.16288749873638153
1165,6778,attention,-0.08361445864041646,-0.07364394888281822,0.1107470914721489
1166,2340,attention,0.11406691798142024,-0.0160737612417766,0.3401915431022644
1167,7226,attention,-0.2013606388460506,-0.065605874766003,0.09736444056034088
1168,1472,attention,-0.1541929751457203,-0.09843572450890428,0.02171798050403595
1169,8187,attention,-0.17243852417191696,-0.24082344798888597,0.015547595918178558
1170,6250,attention,-0.27984979042881414,-0.025039025141220344,0.07425989210605621
1171,2335,attention,-0.23064198676082823,-0.07010024123721653,0.20867718756198883
1172,8981,attention,-0.22737315563218935,-0.06969622668943234,0.044073738157749176
1173,8685,attention,-0.07074348416564794,-0.15768306599608783,0.07404804229736328
1174,251,attention,-0.34535321001620856,-0.07330693668850205,0.008205502294003963
1175,2732,attention,-0.30219603237449466,-0.045084463254384255,0.001703123445622623
1176,4329,attention,0.1595283771554629,0.002894217769304911,0.6426683664321899
1177,9545,attention,0.05003923260503345,0.04962636571791437,0.34136512875556946
1178,2337,attention,-0.08341934945848253,-0.1169540137052536,0.12251366674900055
1179,8695,attention,-0.18035580458179598,-0.007394904691365457,0.13486348092556
1180,2215,attention,0.008052544224829901,-0.04786812691461472,0.27679792046546936
1181,5436,attention,-0.10772659452188582,-0.08152285573028382,0.15172025561332703
1182,5058,attention,0.31090489735728816,0.18393320002053914,0.8138974905014038
1183,9548,attention,-0.08494574803373088,-0.18835829133572785,0.17416349053382874
1184,108,attention,-0.04262861650851038,-0.13577912540899384,0.055110134184360504
1185,3019,attention,-0.30905670375796035,-0.08939043787540868,0.004758400376886129
1186,487,attention,0.35091862579186756,0.21654156926605436,0.6163955926895142
1187,2436,attention,0.06785230098232146,0.050965610531068614,0.385628879070282
1188,2417,attention,-0.14296402372419834,-0.038650475814938544,0.1011892557144165
1189,2684,attention,-0.07048099066900171,-0.12325065421021503,0.1571873277425766
1190,621,attention,0.12793301701545715,-0.07645694375038146,0.39354631304740906
1191,3281,attention,0.1174551452199618,0.02149635155995687,0.3395948112010956
1192,8547,attention,0.19087417955909455,0.16118132429463522,0.8118095993995667
1193,3941,attention,-0.10448648195181574,-0.12831557329211915,0.109358049929142
1194,2423,attention,0.03413120550768716,-7.745517151696342e-05,0.47275689244270325
1195,7682,attention,-0.20521116263698785,-0.20789274675771593,0.013910367153584957
1196,4960,attention,-0.27476513166637984,-0.10428210523198633,0.09442467987537384
1197,2766,attention,-0.140286943113262,0.04139883816242218,0.4344072639942169
1198,7662,attention,-0.018391891072193783,0.1575265395499411,0.30322813987731934
1199,416,attention,-0.27003551679937277,-0.16138386835946755,0.03494536131620407
1200,3898,attention,0.48229122318719564,0.1740824109629581,0.9186888933181763
1201,7632,attention,-0.17008265387266874,-0.07319164018900622,0.009645151905715466
1202,2328,attention,-0.08095190538803027,-0.09267137888985287,0.0011521205306053162
1203,2754,attention,-0.193414694903528,-0.13605560121290824,0.04123559594154358
1204,8234,attention,-0.09232270419597625,-0.11752245247364045,0.1865486055612564
1205,3101,attention,0.014084315598011017,0.049181020855903625,0.3119380474090576
1206,2108,attention,0.004094656024660383,0.02280015072652272,0.23797370493412018
1207,3100,attention,-0.16177338858445486,-0.19515936821699142,0.13347218930721283
1208,5351,attention,0.322193703824474,0.22390584407314176,0.7065466046333313
1209,3284,attention,0.10146489213494693,-0.003020167350769043,0.3803650438785553
1210,4824,attention,0.18764280378818513,0.137344191968441,0.8952322602272034
1211,6551,attention,-0.20766520518809556,-0.08243361679571015,0.01566854678094387
1212,7444,attention,0.2617713291855419,0.05131283051827375,0.4775603711605072
1213,304,attention,0.0831604011002041,0.0867616477466765,0.3436252772808075
1214,6360,attention,-0.11273330350716909,-0.1486112117767334,0.3825998306274414
1215,4190,attention,-0.030726489566621325,0.05588209203311375,0.24393358826637268
1216,6664,attention,-0.3253972675237391,-0.07966373540047142,0.03720008581876755
1217,1945,attention,0.06110552450021108,-0.08680765993065304,0.31405508518218994
1218,5817,attention,0.035457260582758034,0.04672174479650414,0.5210731029510498
1219,92,attention,-0.2275836975313723,-0.04222668849863112,0.003473356831818819
1220,119,attention,0.08946374736048958,0.09297543357719075,0.338790625333786
1221,9591,attention,-0.09057876738634976,0.18444994362917813,0.711245596408844
1222,8421,attention,-0.14746111413014346,-0.07649310267177122,0.07780381292104721
1223,7945,attention,-0.1628118075313978,-0.13568787864642218,0.01853448897600174
1224,2487,attention,-0.15340023682169293,-0.027435414898006813,0.030467618256807327
1225,1245,attention,0.060324962076265365,0.034972691209986806,0.2756369709968567
1226,346,attention,0.05168913440270857,0.008123113350434736,0.36546823382377625
1227,9392,attention,-0.12649608022816802,-0.09747383856902951,0.014017891138792038
1228,6604,attention,0.12727208932240805,0.1464457478788164,0.45175701379776
1229,6338,attention,-0.23423044582207997,-0.07389316235979398,0.042009711265563965
1230,8410,attention,-0.2544318857161622,-0.055425401580961126,0.25667011737823486
1231,4216,attention,-0.4522905235311815,-0.08239322461720024,0.018557950854301453
1232,7436,attention,-0.23946582153439522,-0.04914529621601105,0.28970667719841003
1233,6666,attention,-0.2869538405176365,-0.13795587713971283,0.05260423570871353
1234,8051,attention,0.14689769382987702,0.11702017858624458,0.5563945174217224
1235,1593,attention,-0.1845470927655697,-0.07856792458059157,0.03405850753188133
1236,6951,attention,-0.04125698483907259,-0.0001443028450012207,0.4173765480518341
1237,850,attention,-0.2171047188430315,-0.08519839533116846,0.0057133277878165245
1238,5506,attention,-0.06105163375415453,-0.15388865605360125,0.09133445471525192
1239,8479,attention,-0.29508403642103076,-0.07493022988949503,0.007184692192822695
1240,7182,attention,-0.07878902720080481,-0.0006836652755737305,0.3387456238269806
1241,2362,attention,0.212779245339334,0.17208390636369586,0.44749027490615845
1242,2178,attention,-0.12058954834938049,-0.05438089445233345,0.05741710215806961
1243,1731,attention,0.2535525554647812,0.15690787308491194,0.756737232208252
1244,4185,attention,0.25866668710583135,0.032792663103655764,0.4856129288673401
1245,673,attention,0.04540046757977942,-0.15028787436692612,0.2696073055267334
1246,5212,attention,-0.049421318076752326,-0.008818195881070318,0.343093603849411
1247,4417,attention,-0.2955050726251846,-0.13058391751044177,0.015573810786008835
1248,1056,attention,-0.15026516977835586,-0.16056593893854706,0.07064419239759445
1249,9593,attention,0.14318879544734955,0.07175337746739388,0.5826886296272278
1250,623,attention,-0.1696211644004853,-0.06816707782092549,0.038495901972055435
1251,6217,attention,-0.21322641717760185,-0.07820561008625909,0.010388139635324478
1252,9597,attention,-0.2158653466352101,-0.022449103665762936,0.16794173419475555
1253,2955,attention,-0.11179455459117889,-0.14309650182723999,0.11082400381565094
1254,88,attention,-0.20945237949490547,-0.1163381708578931,0.14639857411384583
1255,3538,attention,-0.1345212483092358,-0.07234330083194532,0.30781179666519165
1256,3643,attention,0.05967538169136754,0.0247961128199542,0.26475608348846436
1257,8313,attention,-0.15279929898679256,-0.2629855926479063,0.07723483443260193
1258,5649,attention,-0.3497160816761224,-0.05521889158377522,0.0032751625403761864
1259,1355,attention,-0.02959280323099207,-0.07436210910479228,0.34740474820137024
1260,7142,attention,0.04084424328591142,-0.07600287667342595,0.17611661553382874
1261,1512,attention,-0.24289829935878515,-0.1714105447754264,0.049027785658836365
1262,7565,attention,-0.11117218564385953,-0.11186688944049504,0.35484251379966736
1263,733,attention,-0.041306978464126586,0.06611480057239533,0.5392802953720093
1264,8765,attention,-0.22884426835705252,-0.08239696898004588,0.21749843657016754
1265,9018,attention,0.1977563677799134,0.1853990994748615,0.7683819532394409
1266,6240,attention,-0.320146263577044,-0.19886814802885056,0.058312226086854935
1267,590,attention,0.16035707294940948,0.12366529589607603,0.46616172790527344
1268,3745,attention,-0.2918193611715521,-0.0471541022083589,0.07809389382600784
1269,1919,attention,-0.211073714223775,-0.09587613103741949,0.04664713144302368
1270,7799,attention,-0.37854986779134847,-0.09901123834324294,0.03077181801199913
1271,7684,attention,0.04083405509591102,-0.03121813163161278,0.2943350672721863
1272,9486,attention,-0.1227523104140633,-0.15809595977005206,0.18662257492542267
1273,5027,attention,-0.16406831677470887,-0.07901991478034429,0.12086369842290878
1274,8568,attention,-0.10958091805999477,-0.17512579867616296,0.07091612368822098
1275,5425,attention,-0.08729153364896775,-0.14329698145389558,0.16160370409488678
1276,2377,attention,-0.26741707591443425,-0.10131510471304257,0.01750532165169716
1277,6447,attention,-0.18636746194075654,-0.06861621789910176,0.03349343687295914
1278,8029,attention,-0.16131823239489818,-0.10582322700737187,0.009075965732336044
1279,3855,attention,-0.04274693149186316,-0.04296594148590451,0.2596625089645386
1280,5221,attention,0.3839175060391426,0.2497678150733312,0.9413498044013977
1281,5792,attention,-0.31034455423553786,-0.10997807526340088,0.020763253793120384
1282,3006,attention,-0.48787730584541955,-0.08525131146113078,0.06569238752126694
1283,8706,attention,-0.13458314620786244,0.01847535226907995,0.1744423359632492
1284,2943,attention,-0.15319483932749978,-0.030155664759463276,0.10981892049312592
1285,2072,attention,0.32225842260081194,0.1928286146501015,0.7290654182434082
1286,3873,attention,0.17361881335576376,0.05782748262087504,0.4223073422908783
1287,9297,attention,0.15406516129555908,0.028847765663395756,0.40645790100097656
1288,9105,attention,-0.25820117644392526,-0.15463828589194095,0.03588585555553436
1289,7635,attention,0.44230043955824594,0.05847907608205622,0.9004901647567749
1290,5313,attention,-0.1990531110437587,-0.06346449623815716,0.01510999072343111
1291,9675,attention,-0.1739643624959848,0.048612686686026745,0.36398887634277344
1292,2075,attention,0.26506609208881854,0.13999016992747784,0.8192225694656372
1293,7144,attention,0.25971124034661514,0.05139269737096933,0.6553483605384827
1294,3928,attention,-0.16432768553495408,-0.11849027685821056,0.09327482432126999
1295,1393,attention,0.1951108927337023,0.02652829885482788,0.4466409385204315
1296,263,attention,-0.29890836807696713,-0.11677288523186809,0.053059015423059464
1297,970,attention,-0.300124836564064,-0.07787406027317047,0.17546716332435608
1298,5821,attention,-0.1631775435137873,-0.06403689037930842,0.0073525570333004
1299,8593,attention,-0.4287844115063887,-0.11129046434705908,0.035570353269577026
1300,4553,attention,-0.1339771451894194,-0.0717482987480859,0.031771354377269745
1301,1671,attention,0.4806910322772132,0.25071219934357536,0.7887787222862244
1302,3118,attention,0.12090666727586226,0.0594109987670725,0.5251915454864502
1303,4367,attention,-0.21184732445648738,-0.06528495784316744,0.090721994638443
1304,1760,attention,-0.14051242628031307,-0.09220616943720314,0.04233000427484512
1305,3412,attention,0.09219294176860289,0.01289171115918593,0.414248526096344
1306,6066,attention,-0.18199776823597927,-0.08348402843155243,0.02400522492825985
1307,3616,attention,-0.2385609207455726,-0.05798733116620604,0.003942056559026241
1308,5874,attention,-0.15037364264329275,-0.10906638240530378,0.15074439346790314
1309,2189,attention,-0.17553302516107974,-0.028802595951634903,0.09765826910734177
1310,6071,attention,-0.16838514432311058,-0.2366227644185225,0.24541237950325012
1311,5148,attention,0.11901542325230206,0.4116580630926525,0.6817622184753418
1312,9064,attention,0.17007200254334343,0.0014924042754703099,0.4314616322517395
1313,8381,attention,-0.05395283782854676,-0.12104793389638265,0.0440385639667511
1314,3352,attention,-0.1837043703223268,-0.07297010688732068,0.02755170874297619
1315,799,attention,0.24581194988318852,0.027245011712823595,0.48398950695991516
1316,8656,attention,-0.3222310652858333,-0.15023492845265488,0.03830326348543167
1317,7305,attention,0.30611796021461485,0.14486504316329957,0.8244568705558777
1318,7948,attention,-0.32795659995948273,-0.058182788288427725,0.013391515240073204
1319,7233,attention,-0.15506901342252438,-0.09013525218787519,0.021001538261771202
1320,2392,attention,0.05489893340402179,-0.06094064066807429,0.2796178460121155
1321,3443,attention,-0.30861453779248726,-0.12621580561002096,0.03493209928274155
1322,8558,attention,-0.09394458731015523,0.03412788311640422,0.25418126583099365
1323,5014,attention,-0.14281081113343438,-0.0630915849081551,0.01671198382973671
1324,4362,attention,0.31456844038084936,0.13931999081059507,0.7630528211593628
1325,8224,attention,0.23492227345705033,0.10372077425320943,0.6828593611717224
1326,6865,attention,-0.17385119980630967,-0.10967389293588124,0.027802204713225365
1327,7389,attention,-0.15759818188168787,0.038419669663364235,0.18711738288402557
1328,303,attention,0.36257844626903535,0.30798116147518156,0.6459800004959106
1329,8398,attention,0.34955805378991206,0.24615249682117152,0.7705745100975037
1330,2907,attention,-0.07178262612294584,-0.10920984776956695,0.01626875437796116
1331,4619,attention,-0.20234381798654794,-0.12302467233190933,0.006322898901998997
1332,4765,attention,-0.042713791877031324,0.048686084896326066,0.32550325989723206
1333,3320,attention,0.015056306556347878,0.06567092095651934,0.4129588007926941
1334,5298,attention,-0.2289779070440842,-0.057358587484644806,0.02145194076001644
1335,7927,attention,0.42680078620711964,0.17282958577076593,0.6660886406898499
1336,2348,attention,0.1651808683361326,0.17922884225845337,0.762557864189148
1337,4267,attention,0.10240507382771065,0.2721252857611097,0.7990903854370117
1338,9648,attention,0.11635974173744519,0.15702901408076286,0.7482415437698364
1339,3024,attention,0.1888406727463007,-0.03082675635814667,0.4161510467529297
1340,1373,attention,-0.18161699486275515,-0.2313255313783884,0.10828769207000732
1341,7377,attention,0.13378744246438146,-0.0649458933621645,0.4187258183956146
1342,9782,attention,-0.21894178539514542,-0.008553209155797959,0.3392331600189209
1343,2771,attention,0.3200521481533845,0.2019836629430453,0.8126265406608582
1344,3,attention,-0.061241942644119265,-0.11382315754890442,0.3665105700492859
1345,2908,attention,-0.04610403590812916,-0.016214428878412013,0.46740657091140747
1346,3852,attention,0.15772377503545662,0.13705065571948102,0.45493656396865845
1347,532,attention,0.16867160718691976,0.07352319673488014,0.615926206111908
1348,7929,attention,-0.00010571425611322576,-0.02325361334916317,0.3879829943180084
1349,9423,attention,0.184393741867759,0.13054892827164044,0.8177005648612976
1350,290,attention,-0.09563809037208557,-0.08635764479637147,0.16260182857513428
1351,3014,attention,0.08374086441472173,-0.09757220279425383,0.3795442581176758
1352,2874,attention,-0.10862387089352858,-0.13228791324715866,0.14766962826251984
1353,5146,attention,-0.10755939083173871,-0.12649252948661646,0.1552627980709076
1354,2221,attention,-0.057489742338657376,-0.15336312353610992,0.2016143947839737
1355,6958,attention,0.3106979038566351,0.11032509058713913,0.5701574683189392
1356,2997,attention,-0.20576753148010798,-0.07421433010271618,0.04953121021389961
1357,6729,attention,-0.13651496388949455,-0.07983705757185816,0.008972288109362125
1358,9159,attention,-0.36349407802609834,0.02614252466489287,0.17841611802577972
1359,6175,attention,-0.32886836374247513,-0.21237191116368329,0.19265064597129822
1360,568,attention,-0.1331896733107238,-0.0952370847607481,0.016646595671772957
1361,5284,attention,-0.20963840524471083,-0.0791902233694875,0.045839060097932816
1362,1107,attention,0.1385278616632734,0.1377008855342865,0.758317768573761
1363,135,attention,-0.24370113730430604,-0.054256231486797334,0.12590354681015015
1364,7828,attention,-0.26532516731614514,-0.03481526453314083,0.020876312628388405
1365,8709,attention,-0.21673514176269665,-0.04225363735766972,0.016713038086891174
1366,7998,attention,-0.15813018144531685,-0.036451195790009064,0.07914150506258011
1367,1087,attention,0.15897434555432377,0.004802336149355944,0.5357704162597656
1368,8291,attention,0.2779290974140167,0.1458765281283337,0.896889865398407
1369,2301,attention,-0.11851862758398056,-0.05155468076467514,0.050092391669750214
1370,4339,attention,-0.21669808562312806,-0.1266690886446408,0.170395627617836
1371,6851,attention,-0.01327563104806123,0.07111144176235905,0.3925055265426636
1372,3047,attention,-0.1860870925243944,-0.07754461746662855,0.034153636544942856
1373,4130,attention,-0.45466948052247363,-0.1531814547876517,0.10439211875200272
1374,4521,attention,-0.028203070991569094,-0.21875035307473606,0.1764335334300995
1375,7538,attention,-0.10539411753416061,-0.06377815331021945,0.4434598982334137
1376,5473,attention,-0.29498456863479483,-0.12233887530035442,0.005708278622478247
1377,388,attention,0.4635956773632451,0.18860245927384026,0.7412835955619812
1378,4217,attention,0.3084451025351882,0.1361505389213562,0.7475380301475525
1379,2122,attention,-0.255566855892539,-0.12683129652092853,0.03653205931186676
1380,1310,attention,-0.28526155836880207,-0.08486600636711551,0.006404218729585409
1381,647,attention,0.03972519189119339,0.1871534340083599,0.5028367042541504
1382,6510,attention,-0.27839270522082715,-0.06167615282863967,0.0026651278603821993
1383,8040,attention,-0.2543266446640094,-0.11451248095060389,0.016112249344587326
1384,1183,attention,-0.07429883122676983,-0.12634377291154428,0.006948928348720074
1385,2859,attention,-0.09355187201156066,-0.24151840605414832,0.1870996206998825
1386,7769,attention,-0.14343898407080108,-0.08200132297093256,0.004893041681498289
1387,8403,attention,0.25071099049904766,-0.03219100832939148,0.49992257356643677
1388,7110,attention,-0.09209795997423284,-0.06974297071642735,0.04990537092089653
1389,5798,attention,-0.06735722697339952,-0.01877344399690628,0.1734800934791565
1390,3128,attention,-0.23414569183745804,-0.0769829607623465,0.02637794427573681
1391,7197,attention,-0.07794127341073293,-0.1677505084528373,0.11003431677818298
1392,3148,attention,-0.11982300728559495,-0.13381381392478942,0.11647744476795197
1393,510,attention,-0.22945915255695581,-0.11586172582910341,0.020307330414652824
1394,3059,attention,-0.14451277876893678,-0.17987024866872364,0.1722683161497116
1395,7940,attention,-0.23037996254861354,-0.02376689501106739,0.06781624257564545
1396,4049,attention,-0.26334539949893954,-0.07380277439951896,0.16113224625587463
1397,5875,attention,0.04896459112996641,-0.020443810069042702,0.36936989426612854
1398,3859,attention,0.23829476932684582,0.02198966940244039,0.775790274143219
1399,6849,attention,-0.1947730636689812,-0.11341669987887144,0.014884787611663342
1400,8149,attention,-0.013337323298821082,0.13799448827138314,0.5806715488433838
1401,6260,attention,-0.15988320565741995,-0.08103472707064255,0.26756539940834045
1402,3312,attention,0.20759456810590468,0.03942262420528814,0.5156006813049316
1403,7866,attention,-0.16637748565811378,0.005464481046566596,0.24110370874404907
1404,4201,attention,-0.07546747250612391,-0.008977392731710922,0.4674282371997833
1405,7652,attention,-0.1844737704165957,-0.043958808718757195,0.03659488260746002
1406,4273,attention,-0.02483549668933406,-0.13495997045979355,0.3246019184589386
1407,3181,attention,0.05220480148608868,-0.06186020145049462,0.4222126305103302
1408,3817,attention,-0.026533557054324027,-0.05644470911759596,0.3791472315788269
1409,1880,attention,-0.16391185546914736,-0.03294356001747979,0.1556859165430069
1410,5350,attention,0.15334782328294672,0.14082953074704047,0.49084746837615967
1411,3615,attention,0.15603799795782244,0.0753956549876445,0.5541823506355286
1412,4058,attention,0.019091800844762474,-0.14332799497060478,0.15394602715969086
1413,6915,attention,-0.35663459636271,-0.050211926301320396,0.04219679906964302
1414,321,attention,0.2190074904097451,0.060269403788778514,0.6680099368095398
1415,4722,attention,0.029779138810494366,-0.059293844244059396,0.41292208433151245
1416,6422,attention,0.2242218113463858,0.11563864350318909,0.6547605395317078
1417,3295,attention,0.029642971999504986,-0.14896041856092565,0.2608485221862793
1418,6421,attention,-0.12323597073554993,-0.19123566501280842,0.14809656143188477
1419,9330,attention,-0.2278005542544027,-0.09363755046700438,0.006920894142240286
1420,8138,attention,-0.1446732422336936,-0.048420191276818514,0.2029205709695816
1421,3205,attention,-0.1753127065797647,-0.08581143314950168,0.008342038840055466
1422,2522,attention,0.24201524002211436,0.08400404453277588,0.5078630447387695
1423,6998,attention,-0.21911809111342712,-0.09333368785241071,0.0556359589099884
1424,5556,attention,0.0735619557755334,-0.06403955817222595,0.36902204155921936
1425,5938,attention,-0.1080570763349533,0.002654152512550354,0.3204911947250366
1426,500,attention,-0.09250093085898294,-0.05857587522930569,0.370100736618042
1427,3000,attention,-0.14998898929671237,-0.2377044699693981,0.12666989862918854
1428,3555,attention,-0.1903643191463369,-0.07731843342566315,0.005347609985619783
1429,8612,attention,-0.17282482873027524,-0.1017138883471489,0.03690440207719803
1430,9249,attention,0.17058167358239493,0.018381892641385397,0.53188556432724
1431,3032,attention,-0.06465087831020355,-0.006514886518319448,0.16035914421081543
1432,9705,attention,0.31908755915032494,0.045423270099692874,0.6412362456321716
1433,330,attention,-0.18798255175352097,-0.14373742751777172,0.19843491911888123
1434,3078,attention,-0.06773641661686056,-0.049138130072285145,0.4178873300552368
1435,2018,attention,-0.18246480574210486,-0.07523086279009779,0.08387569338083267
1436,3274,attention,-0.0834662564098835,-0.09157247394323349,0.1897171586751938
1437,3233,attention,-0.3728578505771501,-0.03663314435453642,0.08861353248357773
1438,3387,attention,-0.18643663536386157,-0.04905636351395515,0.0002668421948328614
1439,144,attention,0.3722101974266547,0.17534094662578018,0.8152123093605042
1440,9742,attention,0.03008621061841647,0.0951700293355518,0.5500736236572266
1441,367,attention,-0.1158615443855524,0.04308149948095282,0.12966300547122955
1442,8679,attention,-0.2615895020878977,-0.04029949630300204,0.1456797868013382
1443,4304,attention,-0.1833994620523992,-0.11763938569596835,0.0738111361861229
1444,7178,attention,-0.10747268738654944,-0.06950126072535148,0.2657877802848816
1445,333,attention,-0.538831592152786,-0.10225808139606986,0.0022448129020631313
1446,518,attention,0.14595051339039436,0.12101082217234832,0.4412803649902344
1447,7040,attention,-0.15658142091706395,-0.13619692731299438,0.006370410323143005
1448,4229,attention,0.2676328107714653,0.3143927700817585,0.7407733798027039
1449,3833,attention,-0.296923304349184,-0.0505668256431818,0.02034330926835537
1450,6058,attention,-0.09256356691612917,-0.26312023050644817,0.43563300371170044
1451,576,attention,-0.1357692867407904,-0.07228338499279584,0.015031280927360058
1452,4215,attention,0.08998427696918186,0.016680028877760236,0.5733649730682373
1453,2758,attention,-0.21746019908012107,-0.03702210023020131,0.004482967313379049
1454,4756,attention,-0.30760610119804094,-0.14591122791171074,0.05211664363741875
1455,9000,attention,-0.106899672995011,0.005194943025708198,0.09554261714220047
1456,3813,attention,-0.2339200899851593,-0.058156575287946245,0.018762661144137383
1457,3045,attention,0.3127756250401338,0.12151238322257996,0.49227574467658997
1458,4047,attention,-0.3506876872408958,-0.06453044570627667,0.08657359331846237
1459,9094,attention,0.19189517945051193,0.06558400392532349,0.46498873829841614
1460,8181,attention,-0.2355698749423027,-0.020192374289035798,0.0994180291891098
1461,6309,attention,-0.19148421977405194,-0.02827614532024772,0.11395431309938431
1462,1479,attention,-0.35642055076147827,-0.12331013687487159,0.029923254624009132
1463,543,attention,-0.20011818884261723,-0.12388949629304738,0.029201088473200798
1464,1618,attention,-0.21146185435354709,-0.020608989447355272,0.048628658056259155
1465,9032,attention,0.4844160964994719,0.2078024767565005,0.8392838835716248
1466,7746,attention,-0.1388289410620928,-0.14393115853890776,0.012013139203190804
1467,6039,attention,-0.14200513585555283,-0.09436524583196099,0.0547005869448185
1468,7919,attention,-0.35765257122164423,-0.10646541882306337,0.024027487263083458
1469,7624,attention,-0.204354989528656,-0.10935248583555221,0.03218035399913788
1470,9495,attention,-0.21942971274256706,-0.05606663413345814,0.4171644151210785
1471,8657,attention,0.13138359217416673,-0.04065337493306115,0.392701119184494
1472,7160,attention,-0.20624927750655583,-0.15055995895749047,0.12619172036647797
1473,2358,attention,-0.1702470236386244,-0.05480735025440271,0.020121054723858833
1474,8250,attention,-0.21098581517783357,-0.04134349002624336,0.0017731875414028764
1475,1655,attention,-0.04966814704239368,-0.03893447518348694,0.2124847173690796
1476,6911,attention,-0.24597803712822497,-0.05939814477460459,0.004674671217799187
1477,1746,attention,0.11630548313260078,0.16047205105423928,0.6620699763298035
1478,5794,attention,-0.2705749120533226,-0.04020978475830728,0.005703683476895094
1479,14,attention,0.2484045433146613,0.08609708008312043,0.5710968375205994
1480,1877,attention,-0.20566069666296244,-0.07560699004679919,0.014109996147453785
1481,7888,attention,-0.0044511304724784125,-0.022194928356579373,0.20526881515979767
1482,8520,attention,-0.004776995757530476,0.07695997377921796,0.35594889521598816
1483,6883,attention,-0.0018371684210641043,0.049372825239385874,0.28186291456222534
1484,3761,attention,0.16508460961855376,-0.009733864130117955,0.492264986038208
1485,0,attention,-0.10134998184663278,0.11156351091685118,0.4357873201370239
1486,6831,attention,-0.3239556341259568,-0.10483441750208537,0.3510061502456665
1487,7722,attention,0.05184864276839841,-0.07922473453706311,0.2945769727230072
1488,9630,attention,-0.16125895598282416,-0.1146628100425005,0.06866639107465744
1489,7672,attention,-0.16362334109310592,-0.07092206898544516,0.03134454786777496
1490,6568,attention,-0.040517493550266535,-0.12034987631653037,0.14033734798431396
1491,655,attention,-0.01772789532939593,-0.07262688875198364,0.1666376143693924
1492,9349,attention,-0.12128730102752645,-0.06589193580051263,0.00483818119391799
1493,4241,attention,-0.1728677418297873,-0.10248923065284124,0.017345597967505455
1494,3023,attention,-0.16248982828600625,-0.06129504134878516,0.006109780166298151
1495,1851,attention,0.21604874102692856,0.09164024026770341,0.6105474829673767
1496,349,attention,-0.03639950988621547,-0.020648038592831843,0.24738675355911255
1497,6340,attention,0.12151692621409893,0.04124363977462053,0.5098487734794617
1498,1156,attention,-0.0013492238872191485,-0.06984614975312177,0.27929550409317017
1499,3017,attention,-0.0745484474514212,0.014648670170988356,0.1408715844154358
1500,457,attention,0.024644683236661163,0.1945213144240172,0.7910329103469849
1501,2867,attention,-0.13565074720165946,0.008219165219502016,0.42870235443115234
1502,5033,attention,0.23349910974502563,-0.010201042661300072,0.6780276298522949
1503,4622,attention,-0.10174082867477251,-0.18169382732847464,0.21266357600688934
1504,6329,attention,0.006809706240892411,-0.07035572081804276,0.2821274399757385
1505,7081,attention,-0.21298073107997575,-0.09399665457506974,0.06359463930130005
1506,6786,attention,-0.19835859791686136,-0.11058902187893788,0.010641198605298996
1507,8458,attention,-0.22178638326004146,-0.0939478462561965,0.04596208035945892
1508,5206,attention,0.2456868556214542,0.19227017026122023,0.729332685470581
1509,6053,attention,-0.20663182976944694,-0.12220843932751951,0.035901401191949844
1510,131,attention,0.02546262037422922,-0.03625214265452491,0.22445830702781677
1511,3692,attention,-0.31379519486134605,-0.08389051898848265,0.0025436722207814455
1512,6192,attention,-0.2048089229143583,-0.030974638003569383,0.25670063495635986
1513,9523,attention,-0.2077456098504183,-0.09044555829065602,0.09408332407474518
1514,4587,attention,-0.15806243140940313,-0.08217541211181217,0.09424690157175064
1515,9818,attention,-0.26486562696449895,-0.02958422077491003,0.04872306063771248
1516,3235,attention,0.29364097242554027,0.1583751974006494,0.6959211826324463
1517,8641,attention,-0.24064590502530336,-0.08627312164753675,0.004867217969149351
1518,4879,attention,-0.08443357711214394,-0.03989842777983064,0.006866496056318283
1519,6854,attention,0.009292815625667573,0.10101943372615746,0.20629441738128662
1520,8572,attention,0.05313909146934748,-0.00639999657869339,0.32391101121902466
1521,3639,attention,-0.10602709863867078,-0.09116442554763385,0.2065764218568802
1522,7358,attention,0.37079992941741285,0.002586055932373836,0.848475456237793
1523,8826,attention,0.3704998940229416,0.11913607083261013,0.6115676760673523
1524,2303,attention,0.28028984896598325,0.07285078879325621,0.6689764857292175
1525,7315,attention,0.3520273776917622,0.17780808385076194,0.7542608380317688
1526,5308,attention,-0.16782894908365878,-0.16780649701302702,0.04795151576399803
1527,6808,attention,-0.24363212136487508,-0.10870005171103723,0.027255138382315636
1528,9395,attention,-0.17257028927381796,-0.10246590584015045,0.0043520028702914715
1529,265,attention,-0.07518438934146063,-0.13292912588171338,0.025978950783610344
1530,4763,attention,-0.2594969178963866,-0.07108212469352616,0.009797750040888786
1531,9111,attention,-0.19889461575075984,-0.13805538850526014,0.03425786271691322
1532,6789,attention,0.16965090204030275,0.2180886275600642,0.590389609336853
1533,4597,attention,0.33569558310721603,0.2869094913559301,0.9069997072219849
1534,2531,attention,-0.018985400597254436,-0.014176317705557896,0.1984277367591858
1535,4862,attention,-0.15233253078027206,-0.07707492693920028,0.03391021862626076
1536,7669,attention,0.18551871102107198,-8.5581290094476e-05,0.412742555141449
1537,316,attention,-0.18409243186837748,-0.08906577061861753,0.019474787637591362
1538,1897,attention,0.23836213499307632,0.12503232657909394,0.5879573225975037
1539,8860,attention,-0.20513191185891627,-0.125794617831707,0.13643969595432281
1540,6407,attention,-0.13708004272646374,-0.028575609386381175,0.021667707711458206
1541,8231,attention,-0.3066844817470102,-0.14354503877899227,0.07200539857149124
1542,8521,attention,-0.4213930003345013,-0.11083892621099949,0.04329602047801018
1543,6112,attention,-0.21848665301998457,-0.08621908113774326,0.02430630661547184
1544,8128,attention,0.09642449673265219,-0.03610636666417122,0.325257271528244
1545,2039,attention,-0.028564622004826862,-0.029529928747150633,0.3373856246471405
1546,103,attention,-0.1942849452010332,-0.07636316574345796,0.040164411067962646
1547,3297,attention,-0.19078810885548592,-0.08260021824389696,0.14388278126716614
1548,794,attention,-0.11785720640793443,-0.08736674213781953,0.005065251607447863
1549,5967,attention,-0.20821109808543148,-0.22628883316236384,0.2622986137866974
1550,5332,attention,-0.3390149193651536,-0.19081904169391184,0.06587687134742737
1551,8586,attention,0.01964640931079262,-0.018499217535320082,0.3674827516078949
1552,1658,attention,0.12578179722740537,-0.10707707490239825,0.5020164847373962
1553,3933,attention,-0.01216335515632774,-0.14106551693244415,0.13650541007518768
1554,6968,attention,-0.27788322646584773,-0.1112152289909621,0.015283593907952309
1555,9469,attention,-0.005439407475616621,-0.03810882633147032,0.2501419186592102
1556,7854,attention,0.15144486808114582,0.006700706978638967,0.4259766936302185
1557,3210,attention,-0.14595187082886696,0.06089802334705988,0.35003623366355896
1558,7012,attention,0.01443228560189406,0.14056666319568953,0.5033076405525208
1559,9808,attention,0.07339377239346505,-0.09888408422470092,0.2762671113014221
1560,2973,attention,0.22208796990545174,0.0959809422492981,0.4803959131240845
1561,932,attention,0.01918162524700165,-0.07196672201156616,0.4014349579811096
1562,6163,attention,0.37453240862018183,0.2147462697405564,0.915254533290863
1563,6432,attention,0.6069313341379166,0.2528962516784668,0.9745040535926819
1564,3497,attention,0.26874059637387593,0.20032701392968497,0.5456035137176514
1565,3202,attention,-0.24545816847068422,-0.07360434096635264,0.023343535140156746
1566,2611,attention,0.27441294888655343,0.0758569061756134,0.5247154831886292
1567,9631,attention,0.031016656756401063,-0.039304049611091615,0.22760845720767975
1568,567,attention,0.3082351664016987,0.2510636582456786,0.7236638069152832
1569,764,attention,-0.18022072710322612,-0.031748297878287056,0.04737846180796623
1570,4366,attention,-0.14935899724562962,-0.11383636246124904,0.15420879423618317
1571,8367,attention,0.23955399236258337,0.006626171224257525,0.5428609848022461
1572,7360,attention,-0.15038511448074132,-0.05556094870553352,0.0016796797281131148
1573,1441,attention,-0.06007041727357051,-0.03468020610949572,0.1873389631509781
1574,921,attention,0.1743265837430954,0.1823599992526902,0.6853117346763611
1575,8222,attention,0.38582159392535686,0.16432648258549826,0.8048217296600342
1576,1794,attention,-0.22786783852747508,-0.08713588231642332,0.02052241563796997
1577,3838,attention,-0.20354066028570136,-0.06660933792591095,0.03621654212474823
1578,3122,attention,-0.08870675398502499,-0.052846909523941575,0.006354974582791328
1579,6127,attention,-0.26410570103102005,-0.10208441086041813,0.008014657534658909
1580,6319,attention,-0.20373759442009032,-0.11405855286866426,0.029896698892116547
1581,2388,attention,0.2568701524287462,0.032458359375596046,0.47264033555984497
1582,4466,attention,0.1997483554093734,0.013572685096574865,0.5730688571929932
1583,4505,attention,-0.029660922884941102,0.05786301076412201,0.17343918979167938
1584,1606,attention,-0.21877056522213895,-0.09289760563684546,0.015103349462151527
1585,2147,attention,-0.28341774742763776,-0.2977579258955442,0.0615299828350544
1586,36,attention,0.052907393872737886,0.21564582958817483,0.7854849100112915
1587,9147,attention,0.07729059351342064,-0.11140209720248267,0.3181847929954529
1588,761,attention,-0.20702451273151065,-0.09362750014533168,0.12206654250621796
1589,5268,attention,-0.04027383658103645,-0.14700884371995926,0.20957669615745544
1590,3038,attention,-0.16017198655754328,-0.10835073096677661,0.019569529220461845
1591,5503,attention,-0.2698102768044919,-0.05107051567532695,0.02058752067387104
1592,5228,attention,0.33406029538861637,0.1427883968271058,0.6258740425109863
1593,1623,attention,-0.34468381106853485,-0.19719148200491202,0.1446055918931961
1594,577,attention,-0.15492629259824753,-0.04600786571117008,0.10271941870450974
1595,6426,attention,-0.26276638487289694,0.02130075081669051,0.24971477687358856
1596,8087,attention,-0.2678272465341969,-0.09040573464804574,0.04205183684825897
1597,8536,attention,0.1343375988304615,0.15240464881062507,0.5814566612243652
1598,9564,attention,-0.21161790249041385,-0.09558667837538654,0.016003092750906944
1599,2232,attention,-0.22239291029317038,-0.0856860386473792,0.17972512543201447
1600,2319,attention,-0.06603660583496093,-0.14971693605184555,0.2017628252506256
1601,5707,attention,-0.47289426989377814,-0.059821618522735355,0.10721222311258316
1602,9690,attention,-0.10356860769831616,-0.07623933369050855,0.041275572031736374
1603,5306,attention,-0.10387646681384037,0.020094291159981174,0.31226062774658203
1604,7938,attention,-0.01171083042496129,0.02997442530958276,0.3084762692451477
1605,2167,attention,-0.2276101356202906,-0.2846075025471774,0.32015353441238403
1606,637,attention,-0.24774609878659248,-0.005192749698956807,0.2369113713502884
1607,8668,attention,-0.0336014723777771,-0.028853665590286254,0.26871800422668457
1608,5594,attention,-0.14252129463212831,-0.11543843170095767,0.012680405750870705
1609,6555,attention,-0.14156065260370573,-0.21601837459537718,0.14947444200515747
1610,8098,attention,-0.3786403577774763,-0.17363640181720258,0.03292248025536537
1611,47,attention,0.36040101068861347,0.26483358881052804,0.7709248065948486
1612,5505,attention,0.31369179309833617,0.12723453768662044,0.5557584762573242
1613,9196,attention,0.025539132264944222,0.149002166894766,0.6326545476913452
1614,8416,attention,0.12554111263968729,0.09827746044505727,0.49860090017318726
1615,4509,attention,-0.14929339522495866,-0.11315860180184245,0.013668186962604523
1616,2638,attention,0.21364721042268417,0.10336469902711756,0.7345981597900391
1617,8708,attention,-0.1608897652477026,-0.06837662123143673,0.08072798699140549
1618,8476,attention,-0.03504924171350219,-0.04009764776988463,0.15596148371696472
1619,3080,attention,-0.07589679459730785,-0.062204061945279436,0.15965570509433746
1620,2870,attention,-0.05909012537449598,-0.02844848670065403,0.26514989137649536
1621,2213,attention,-0.2751080771524678,-0.07277475057087619,0.010725773870944977
1622,6043,attention,-0.1790543531998992,-0.0644382169470191,0.046624600887298584
1623,3798,attention,-0.027414727956056595,0.06809801111618678,0.5544701814651489
1624,7972,attention,0.05969213251955807,-0.04243178153410554,0.3260411322116852
1625,5739,attention,-0.010566267371177673,-0.06167425811290741,0.27731963992118835
1626,4822,attention,0.0015992978039909812,0.0034017773235545438,0.2577130198478699
1627,9067,attention,-0.1831805881811306,-0.13237523613497615,0.0405559204518795
1628,5799,attention,-0.249581016600132,-0.12672692661484083,0.05296976864337921
1629,7482,attention,-0.25079588070511816,-0.05144483280989031,0.0036292579025030136
1630,2114,attention,0.3326949882507324,0.09595648288726806,0.6506621241569519
1631,1112,attention,-0.22951883934438227,-0.12291801267613968,0.03613762930035591
1632,8178,attention,0.13865553555281265,0.08845524295516637,0.4539547562599182
1633,3717,attention,0.18791330538012765,0.05761000649495558,0.45997312664985657
1634,713,attention,-0.12773891644818441,0.07634409836360387,0.5046142339706421
1635,872,attention,0.010675236996677186,0.01143021509051323,0.1816200613975525
1636,1149,attention,-0.21909308197597663,-0.09354171914358934,0.024432653561234474
1637,9299,attention,-0.3113632457330823,-0.04161617148667574,0.01383458636701107
1638,5663,attention,-0.24502639951450483,-0.061158494757754464,0.10040811449289322
1639,8167,attention,-0.20543432164759862,0.08962753273191906,0.3234998881816864
1640,3315,attention,-0.0067307110875844955,-0.015554616693407297,0.28692805767059326
1641,4588,attention,0.3608330984910329,0.057193620337380305,0.8715643286705017
1642,5098,attention,-0.23990785665810108,-0.10147595945745706,0.012968084774911404
1643,6077,attention,-0.15281523438170552,-0.07405589018017053,0.017991578206419945
1644,7966,attention,-0.24338405043818057,-0.05249242391437292,0.0013423408381640911
1645,1020,attention,-0.2716473792097531,-0.09106492955470458,0.012677907012403011
1646,4102,attention,0.20732695943322674,0.15409878872591873,0.8339940309524536
1647,5368,attention,0.49033714830875397,0.11517250652496631,0.8400371074676514
1648,6543,attention,0.07493239358581345,-0.0041514593979408,0.3431854844093323
1649,958,attention,-0.10140350013971329,-0.15175868968168896,0.14438126981258392
1650,3846,attention,0.021600258847077686,-0.03289929818775919,0.6196422576904297
1651,2748,attention,-0.17419082013999715,-0.1388390953926479,0.08493014425039291
1652,4710,attention,0.1343552161540304,0.07188119845730918,0.39144542813301086
1653,8279,attention,-0.09310832476864259,-0.1493156819604337,0.03442125394940376
1654,586,attention,-0.21670292079862621,-0.11776315990007585,0.03668462857604027
1655,1817,attention,0.2560429626277515,-0.00176277756690979,0.5460230112075806
1656,782,attention,0.16010489438970885,0.03648992545074887,0.38867396116256714
1657,8241,attention,0.06545836862289545,0.01122674797520493,0.3748607337474823
1658,335,attention,0.10592701966347902,-0.03528680717167647,0.287555456161499
1659,3755,attention,0.003151621330868114,-0.02247955785556273,0.2146470695734024
1660,2191,attention,0.049495479639838726,0.03426823195289163,0.28419771790504456
1661,9214,attention,-0.03154563761892773,-0.07573542566526503,0.2691485285758972
1662,5205,attention,-0.2465921533539107,-0.10044367974133868,0.0575362853705883
1663,6073,attention,-0.1947002631745168,-0.043078117205628326,0.08396565914154053
1664,23,attention,-0.32665082286385927,-0.08782833201043747,0.11261492222547531
1665,4923,attention,-0.20350549961714184,-0.25117435240570235,0.061021383851766586
1666,4556,attention,-0.25647612495554817,-0.059714730415079326,0.24860934913158417
1667,2012,attention,0.094494668337015,-0.002101846612416781,0.35563814640045166
1668,381,attention,-0.15405797710021338,-0.12954128372172516,0.037967659533023834
1669,3127,attention,0.019231275655329227,-0.07301011588424444,0.21845991909503937
1670,6398,attention,0.1245244477282871,0.07012885402549397,0.6630389094352722
1671,1981,attention,-0.2471415039284953,-0.11687062537696745,0.005394446663558483
1672,3095,attention,-0.35970793138532076,-0.1094029117923449,0.011352366767823696
1673,6758,attention,-0.17508277168963104,-0.09323266717547085,0.0064395093359053135
1674,2025,attention,0.3457232544819514,0.13929529885451,0.6416126489639282
1675,9398,attention,-0.1843642643858295,-0.05005130428574322,0.0017090571345761418
1676,5100,attention,-0.1785397024359554,-0.057856895931763574,0.00658273184671998
1677,3526,attention,-0.2878650993936592,-0.07192189479246736,0.015641329810023308
1678,7532,attention,0.3011042965309961,0.28569373594863073,0.6270502209663391
1679,3007,attention,0.13724293534098,-0.03757575205687819,0.5438830256462097
1680,1084,attention,-0.04539522791610045,0.2296569798799122,0.5655570030212402
1681,9837,attention,0.157510315378507,0.053691419738310354,0.5440959930419922
1682,9258,attention,-0.32014021561259315,-0.07277608485448928,0.17261384427547455
1683,4503,attention,-0.16276702308095992,-0.09909669263288379,0.10641404986381531
1684,1575,attention,0.1426128689199686,0.07129938527941704,0.7099810838699341
1685,3091,attention,0.4208955188592275,0.15434607068697612,0.8751144409179688
1686,2484,attention,-0.23391880057752132,-0.0904600678011775,0.06483732908964157
1687,4489,attention,0.052692387075651256,-0.08952783757732027,0.3395431935787201
1688,5070,attention,-0.30879171239212155,-0.0643800666439347,0.07770730555057526
1689,5669,attention,0.44691795165892,0.17126581293565254,0.7978162169456482
1690,2138,attention,-0.09580691417922145,-0.1806601538606312,0.143035426735878
1691,6580,attention,-0.2814853579870292,-0.05541816579976252,0.009570155292749405
1692,2516,attention,-0.21240513632073998,-0.0552740503102541,0.041411060839891434
1693,9154,attention,0.161722571849823,0.1276375848054886,0.4071199893951416
1694,5456,attention,-0.1549234551909779,-0.05829640018886754,0.002542091067880392
1695,3433,attention,-0.05923891564210256,-0.02086966820791656,0.3196968138217926
1696,3989,attention,-0.30764819955867195,-0.09175784482310216,0.01318898145109415
1697,7422,attention,-0.16246095234933106,-0.13344912749269736,0.1537180244922638
1698,5009,attention,0.14490135527890305,0.06141785301011184,0.4265684187412262
1699,1458,attention,-0.01395392616589864,-0.08766922702391942,0.3032118082046509
1700,952,attention,-0.24291995370929892,-0.09409038790247658,0.12776044011116028
1701,9718,attention,-0.08834655504477651,0.14998450796855123,0.5182509422302246
1702,960,attention,-0.005798274749203732,0.06067201103034772,0.4196206331253052
1703,7273,attention,0.17221969831734896,7.70464539527893e-05,0.4810295104980469
1704,765,attention,0.02602996164932847,0.12569562857970595,0.36835235357284546
1705,8316,attention,-0.20168142206966877,-0.07052093697711825,0.18489451706409454
1706,3400,attention,0.011404902156856325,-0.038047321140766144,0.1176433265209198
1707,2316,attention,-0.009926539253104816,0.011795509945262562,0.288962185382843
1708,9465,attention,0.21621430516242982,0.11235690474510193,0.820496678352356
1709,9346,attention,0.30547970054405077,0.039709094379629405,0.672723114490509
1710,7835,attention,0.23457258865237235,0.21395864635705947,0.7621870636940002
1711,4032,attention,0.4290396809577942,0.16574517488479615,0.9373722672462463
1712,2029,attention,-0.10980779216403053,-0.03536077340443929,0.39454779028892517
1713,4718,attention,0.065990777220577,0.01475808210670948,0.2714459002017975
1714,286,attention,0.4050337198105725,0.15136497941884128,0.9934485554695129
1715,908,attention,0.013445735854261062,-0.08429045273977168,0.5397204756736755
1716,1482,attention,0.06980827924880115,-0.004806450822136619,0.27223533391952515
1717,9660,attention,-0.30014693178236485,-0.11171960892776649,0.20938125252723694
1718,4712,attention,-0.1268801341454188,-0.07295786695820945,0.13058507442474365
1719,2133,attention,-0.24020837265998124,-0.08644610270857811,0.018274979665875435
1720,9608,attention,-0.2948840787013372,-0.15295272966225942,0.14981146156787872
1721,9774,attention,-0.15865756273269654,0.05311968810856342,0.2365657389163971
1722,9211,attention,-0.25683313005914293,-0.055898356872300305,0.011182229034602642
1723,563,attention,-0.11363396801702354,-0.07651332506667012,0.014900797978043556
1724,291,attention,0.054605062518801005,-0.06487967606101717,0.47393664717674255
1725,1713,attention,-0.2639086654720207,-0.07432895120129818,0.006420265417546034
1726,4012,attention,-0.130753783941535,-0.15478308309268737,0.016706986352801323
1727,8922,attention,0.22436623089015484,0.12636366486549377,0.512001097202301
1728,169,attention,-0.20466376315144932,-0.095165515647215,0.0672108381986618
1729,267,attention,-0.04153107964631283,-0.017895189198580654,0.2784288823604584
1730,9144,attention,-0.3349633490045865,-0.06311883218586445,0.01849137246608734
1731,3172,attention,-0.049986607705553375,0.1097817812114954,0.39240676164627075
1732,2286,attention,-0.40687930516221305,-0.06611140580339865,0.10193856060504913
1733,315,attention,0.015480157165300278,-0.2131798267364502,0.32508882880210876
1734,8046,attention,-0.16866854764521122,-0.06404978432692587,0.011098308488726616
1735,8822,attention,0.493651308119297,0.41328940201889386,0.749055027961731
1736,245,attention,0.27581997339924175,0.028315919140974682,0.4636363685131073
1737,5186,attention,-0.05899717565625906,-0.10013055801391602,0.3448076844215393
1738,5421,attention,0.2817849205047996,0.03872773272019846,0.4596599042415619
1739,6065,attention,-0.13765835016965866,-0.07073776359143465,0.09551749378442764
1740,50,attention,0.030288766963141305,0.12964836742196764,0.5483059287071228
1741,3021,attention,-0.24015572344263394,-0.1258933582653602,0.0344432108104229
1742,7028,attention,-0.2198288556602266,0.013119354292198463,0.3482997715473175
1743,1372,attention,-0.30777172541076486,0.07405035570263863,0.2596820592880249
1744,4176,attention,-0.016458702832460405,-0.03920868970453739,0.17343220114707947
1745,2470,attention,-0.17668535207797373,-0.0781020817479917,0.00725655909627676
1746,8000,attention,0.17783838013807932,0.09015907446543375,0.7493796348571777
1747,6156,attention,-0.2016775772208348,-0.09123388485750183,0.01881452091038227
1748,1498,attention,-0.21609900367480736,-0.23449810456346581,0.09309433400630951
1749,5868,attention,-0.16667542829074794,-0.031179209653702047,0.05912746861577034
1750,1963,attention,0.0387581080198288,0.14852049127221106,0.45506834983825684
1751,248,attention,0.11777503192424774,-0.14301118403673171,0.3336604833602905
1752,4771,attention,0.1330228838182631,-0.08568338127363295,0.5750445127487183
1753,1277,attention,0.26973970234394073,0.16666317336699543,0.619950532913208
1754,4905,attention,-0.13969934294963704,-0.03612369376009908,0.24206717312335968
1755,8025,attention,-0.15415195517596744,-0.25948540263232733,0.08232808858156204
1756,2110,attention,-0.008185399075349173,0.020559027791023254,0.5030661821365356
1757,9776,attention,0.18796742779593315,0.1934387453140751,0.7856916785240173
1758,2945,attention,0.25902344783147174,0.05490334331989288,0.6487014889717102
1759,6249,attention,-0.07737655153400019,-0.08527075773791264,0.15569588541984558
1760,7023,attention,-0.2808185836765915,-0.10744119291801167,0.005492150783538818
1761,795,attention,0.19532711089899144,-0.04756911347309748,0.41557133197784424
1762,9717,attention,-0.119333120683829,-0.041882379725575444,0.12686966359615326
1763,7908,attention,-0.1948108167520591,-0.1723312959074974,0.14366397261619568
1764,5371,attention,-0.1452383409357733,-0.040263341946734324,0.10620340704917908
1765,9655,attention,-0.19114056771451776,-0.14986673657867042,0.05856282263994217
1766,447,attention,-0.2290580696586905,-0.09497660083760476,0.019516216591000557
1767,2968,attention,-0.12129263344563936,-0.1307962844638448,0.048845671117305756
1768,2152,attention,0.15798857872900757,-0.012135963077130526,0.4681960642337799
1769,7838,attention,-0.37258703958081163,-0.07082730863729249,0.0385376438498497
1770,4852,attention,0.01116588773826758,-0.03034924219051997,0.20599697530269623
1771,5157,attention,-0.030729735891024273,-0.20804792863351326,0.412262886762619
1772,683,attention,0.17190889954566957,0.2275044459104538,0.7792206406593323
1773,8118,attention,-0.030865748358123443,-0.14949939662919326,0.06082053855061531
1774,6681,attention,-0.583772391329209,-0.17178780883550643,0.027975384145975113
1775,5741,attention,0.02127747672299544,-0.1330224983394146,0.271180659532547
1776,1488,attention,-0.25474216416478157,-0.03567425789017426,0.0452314168214798
1777,3077,attention,-0.1329101576439796,-0.0572824627161026,0.1590126007795334
1778,3905,attention,-0.1983439585239422,-0.08235332160824682,0.02138281986117363
1779,8594,attention,-0.2513802498579025,-0.057995804331519386,0.09932880103588104
1780,318,attention,-0.26378033893002617,-0.08037906224208494,0.04363894835114479
1781,856,attention,0.006342258552710215,-0.048841893176237744,0.2540927231311798
1782,7743,attention,-0.25170671869197797,-0.11170048240957589,0.07442079484462738
1783,2770,attention,-0.19202097531940257,-0.05891361963003874,0.01965063437819481
1784,3566,attention,-0.4717906047316158,-0.10879422817379236,0.03157947212457657
1785,376,attention,-0.07207096980086394,0.04832657639469419,0.3191399574279785
1786,410,attention,-0.059842860533131495,-0.09515698585245344,0.14707645773887634
1787,2405,attention,0.2549267657101154,0.041798467934131625,0.5692591667175293
1788,3776,attention,-0.2808739565312862,-0.09150629652043184,0.02185065671801567
1789,3946,attention,0.3852869901392195,0.22330237179994583,0.6866202354431152
1790,1111,attention,-0.054567797641669004,-0.03287132244024958,0.11384977400302887
1791,7660,attention,0.12806158837599632,0.0906008352071811,0.6148086786270142
1792,8001,attention,-0.13866220308201654,-0.129406033882073,0.074343241751194
1793,2288,attention,-0.21640986051144345,-0.07173315162903496,0.029039278626441956
1794,2127,attention,0.2023136661104534,0.1385805308818817,0.49115344882011414
1795,5581,attention,-0.23707970668776676,-0.07883016514376952,0.01503793429583311
1796,8256,attention,0.07165540296297807,0.1620073880140598,0.6745533347129822
1797,6751,attention,-0.09430986068521936,-0.16977113783359526,0.05247730761766434
1798,9399,attention,-0.26617332461934823,-0.3434718761306543,0.1052628681063652
1799,2233,attention,-0.14027677958927534,-0.049958458242552545,0.0031137189362198114
1800,5550,attention,-0.18817793671041727,-0.04018703557085246,0.15413615107536316
1801,274,attention,-0.42576082688398087,-0.06662869116721246,0.016693508252501488
1802,2344,attention,-0.08872404042631388,-0.11543978434056043,0.05486561357975006
1803,1568,attention,0.3365953985763633,-0.021712369245031605,0.6346242427825928
1804,3133,attention,-0.179748946518609,-0.11071825840256432,0.2367822229862213
1805,6178,attention,-0.03636262171408709,-0.052727678242851704,0.2207033783197403
1806,7955,attention,-0.12524923565797508,-0.023295041173696518,0.04655905067920685
1807,7820,attention,-0.1982467795908451,-0.06888011053204536,0.03791545704007149
1808,9415,attention,-0.03585198300856131,-0.06113807360331217,0.22204652428627014
1809,2574,attention,-0.16227078151244384,0.03801949637440535,0.23711691796779633
1810,965,attention,0.44043672031589914,0.17268242899860656,0.8059965968132019
1811,2291,attention,0.43391325262685615,0.22889586413900057,0.651631772518158
1812,5375,attention,-0.22819864874084791,0.03726838932683071,0.24746882915496826
1813,6670,attention,-0.32402842420907246,-0.12719554560525076,0.06641469150781631
1814,8955,attention,-0.08413996437081585,-0.017581078465338105,0.16458193957805634
1815,8059,attention,-0.15464191007777117,-0.15798861219082028,0.011133963242173195
1816,2755,attention,-0.08359238515711492,-0.030919645602504413,0.13641993701457977
1817,4474,attention,0.12869845747947692,0.08886686146259308,0.7257764339447021
1818,3910,attention,-0.09348646814136632,-0.0881688900824104,0.014457088895142078
1819,2002,attention,0.3387254402041435,0.2345518452279708,0.8516564965248108
1820,4794,attention,-0.11230982981977009,-0.11728575435422715,0.1075531542301178
1821,8644,attention,-0.012712692892229234,0.07814936138488152,0.546720564365387
1822,6394,attention,0.008241897956891493,-0.07657701047984036,0.41807031631469727
1823,5339,attention,0.043795000599778214,0.08920039787240651,0.24166259169578552
1824,1730,attention,-0.11597062801977373,-0.0452531076229687,0.019138842821121216
1825,2360,attention,0.28223208405754785,0.2641909257932143,0.7268270254135132
1826,9379,attention,-0.0664760944034372,-0.09934790166360992,0.2394772171974182
1827,9058,attention,-0.030680355719394155,-0.09720537232028113,0.1518542319536209
1828,9028,attention,-0.013726592684785524,0.01542602169016997,0.45247936248779297
1829,7579,attention,0.28316439349542966,0.03013903173533353,0.5479905605316162
1830,6428,attention,-0.01886491712770964,-0.008893783939512153,0.5771923661231995
1831,1068,attention,-0.2338611060067227,-0.12447661592772133,0.050804540514945984
1832,5337,attention,-0.1857240213589235,-0.1583139429038221,0.1968742460012436
1833,1071,attention,-0.04962934460490942,-0.07622769599159558,0.1968740075826645
1834,9456,attention,-0.11061511312921841,-0.21987385613222918,0.17924535274505615
1835,5020,attention,0.024984064511954784,0.12920458801090717,0.5162355303764343
1836,2115,attention,-0.18680136961241564,-0.07863773515930882,0.07817044854164124
1837,5910,attention,0.17064166309372072,0.40369660190997586,0.8420286774635315
1838,8448,attention,-0.11396824206624712,-0.05777635765927178,0.1305079609155655
1839,3132,attention,-0.12872380570604883,-0.03435017557108197,0.03241626173257828
1840,7703,attention,-0.02127318215720794,-0.03789121876744663,0.18602986633777618
1841,474,attention,-0.3205082805260368,-0.44103245307569916,0.14456066489219666
1842,8441,attention,0.24780680452074325,0.24672178711209977,0.5526292324066162
1843,7584,attention,-0.2757368740919781,-0.05747088819350067,0.006723271682858467
1844,3085,attention,0.021407676131828972,-0.024071938317754994,0.266539603471756
1845,8856,attention,0.13455438755807422,0.03978233819916135,0.6968699097633362
1846,5936,attention,0.09769637882709503,0.035818352103233336,0.3769429326057434
1847,3397,attention,-0.33095377528419095,-0.07373665079164009,0.0035164637956768274
1848,4309,attention,-0.29625562862271354,-0.08335554626371179,0.027501652017235756
1849,6169,attention,-0.2122776542790234,-0.247258323431015,0.03806060925126076
1850,3693,attention,-0.28533754994471866,-0.07760279476642609,0.10533758252859116
1851,1691,attention,0.07283420334844028,0.012974393718382892,0.6891828775405884
1852,4333,attention,0.25887208356736946,-0.059494308554209195,0.40692344307899475
1853,9574,attention,0.392916435499986,0.2615117768446604,0.7678642272949219
1854,8619,attention,-0.08935124867795301,-0.06385191646404564,0.009747061878442764
1855,6832,attention,0.08435648544268175,0.1132197231054306,0.8185045123100281
1856,3795,attention,0.2550258181597057,0.20004419747151828,0.8808630108833313
1857,4649,attention,-0.07498173096350261,-0.01002721328820501,0.18496564030647278
1858,9226,attention,-0.07178809245427449,-0.03917135463820563,0.1652539223432541
1859,7372,attention,-0.00921525318047096,-0.023663746385738767,0.2298153042793274
1860,4929,attention,-0.22529589257350094,-0.08531541269468634,0.019816726446151733
1861,4233,attention,-0.11492664615313213,0.14106633961200715,0.4646453559398651
1862,1145,attention,0.24621091463736125,0.08622292429208755,0.5470249652862549
1863,3111,attention,-0.23678479825749116,-0.08058720235438908,0.07171812653541565
1864,8737,attention,0.024718366918109712,-0.00965985513868786,0.4545203745365143
1865,2592,attention,-0.0013217564140047347,-0.059697283165795464,0.33851659297943115
1866,9142,attention,0.07709458470344543,0.051830610260367393,0.3143974840641022
1867,624,attention,-0.25090185552835464,0.06910830400884152,0.27170681953430176
1868,9043,attention,-0.15138970109585084,0.01129280511093767,0.08716792613267899
1869,3283,attention,-0.15416843154364163,-0.03690095783935653,0.15887796878814697
1870,6341,attention,-0.11344758567865938,-0.09031978522349769,0.0018437437247484922
1871,7522,attention,-0.10077703195182901,-0.08268623161864908,0.026707712560892105
1872,9585,attention,-0.18068679571151733,-0.10308199763298034,0.26601240038871765
1873,7440,attention,-0.014687648759438442,-0.06950186078365032,0.33558496832847595
1874,668,attention,0.0038071608969143457,-0.22818056770733425,0.45657870173454285
1875,6750,attention,0.1901644608553718,0.08352980017662048,0.5023205280303955
1876,5165,attention,0.25981956777664333,0.03282286455998054,0.5489365458488464
1877,5279,attention,-0.09114403472769828,-0.09790821408941633,0.06314520537853241
1878,582,attention,-0.17284523571530977,0.033145245992475085,0.3109036684036255
1879,3945,attention,-0.21605738252401352,-0.27201804684268105,0.16904138028621674
1880,7688,attention,0.23909966079961686,0.13128518632480077,0.7455470561981201
1881,7614,attention,-0.1325265485793352,-0.046242065727710724,0.17802466452121735
1882,1208,attention,0.0661689868196845,0.07586446478962898,0.24863244593143463
1883,7944,attention,0.13295645453035831,0.03528785752132535,0.35907232761383057
1884,5030,attention,-0.20490637427428737,-0.058990333578549325,0.08599187433719635
1885,76,attention,-0.1837762011723085,-0.054887796328826385,0.03926362469792366
1886,6693,attention,-0.04644240959383109,-0.14588970778619542,0.04063529521226883
1887,9478,attention,0.038755524158477786,0.041027972102165224,0.28569668531417847
1888,9464,attention,-0.09583974536508322,-0.062088891553382076,0.08673493564128876
1889,1175,attention,0.17645781487226486,0.05797131146703448,0.4329560399055481
1890,592,attention,-0.1811757481346528,-0.0934268453468879,0.011291122063994408
1891,3774,attention,-0.05463453991846605,-0.04893433370373466,0.21661542356014252
1892,5676,attention,0.034323656133243015,0.043780663183757236,0.26615139842033386
1893,7362,attention,-0.047143802874618106,0.004966904719670613,0.4216432571411133
1894,1470,attention,-0.12039187923073769,-0.018280526101589204,0.06417886912822723
1895,705,attention,0.09734247227509817,-0.0885356883207957,0.3682469427585602
1896,1688,attention,0.16646851708249347,0.012802704441838147,0.49570244550704956
1897,4828,attention,0.1780731859414474,0.004447359105815058,0.6771953105926514
1898,5386,attention,-0.06841450370848179,0.0013980185613036156,0.15134374797344208
1899,4564,attention,0.2451252255000566,0.12212184071540833,0.6195475459098816
1900,7450,attention,0.07579252230269569,0.144143884735448,0.6627421379089355
1901,9324,attention,0.21025233881341088,0.08133015698856777,0.4986462891101837
1902,4747,attention,0.16121011541077965,0.012534662296897486,0.3887168765068054
1903,4303,attention,0.22506120224152842,0.08986045516306354,0.5729836821556091
1904,6460,attention,-0.08723671821986928,-0.17918528988957405,0.0350336916744709
1905,6239,attention,-0.28612415755496307,-0.11863729609724354,0.020630361512303352
1906,7766,attention,-0.03160498870743646,0.05459514922565884,0.2531837522983551
1907,6739,attention,0.21798283064907248,0.17983068119395862,0.9125749468803406
1908,8336,attention,-0.0858695525676012,-0.07926180732569524,0.01252287719398737
1909,3464,attention,-0.18266982762143016,-0.06569943628273904,0.020815972238779068
1910,1509,attention,0.08960436046123504,-0.027449339628219604,0.4367104172706604
1911,4978,attention,-0.1931440957611607,-0.05801489612748546,0.08316656202077866
1912,6008,attention,-0.039692045361907395,-0.08803632413899456,0.28783729672431946
1913,5730,attention,-0.056757088218416483,-0.15134870473827636,0.21123531460762024
1914,8334,attention,-0.2018265479968654,-0.0813122018136912,0.09153387695550919
1915,4883,attention,-0.10222223438322545,-0.14479497596621513,0.07234881073236465
1916,9740,attention,-0.17242099638455188,-0.04187020430198082,0.08142296969890594
1917,3299,attention,-0.20532216069598994,-0.16987837959701815,0.041241515427827835
1918,594,attention,0.30090265031214114,0.15174700926851342,0.8378943800926208
1919,5521,attention,-0.29383011783162755,0.00289732264354825,0.09512393176555634
1920,6867,attention,0.19056803258982571,0.17947125841270795,0.5447244048118591
1921,7999,attention,-0.11704367585480213,-0.013849447348288127,0.0812896266579628
1922,7073,attention,0.2551259238410879,0.0860158105691274,0.499752402305603
1923,2876,attention,-0.09136055805720389,-0.08709912598133088,0.04552484303712845
1924,5595,attention,-0.029855331262716882,-0.07436476561885613,0.05438673496246338
1925,8508,attention,-0.05483329508985792,0.0036923615705399286,0.2009071409702301
1926,9525,attention,0.2183415869603286,-0.03616435221723608,0.49847882986068726
1927,4335,attention,-0.439987471470466,0.011278052599384235,0.1951596885919571
1928,4540,attention,-0.14988146080738968,-0.05824193192852868,0.025074129924178123
1929,10,attention,-0.05688763220139124,-0.0711756930169132,0.027185779064893723
1930,8757,attention,-0.14046154487313647,-0.1562169985563466,0.042473603039979935
1931,1217,attention,0.22853818287452063,0.09119570420847999,0.6862500309944153
1932,1224,attention,0.287025497659393,0.321051405823749,0.5966187715530396
1933,3206,attention,0.5186911784112453,0.2537170294672251,0.7822200655937195
1934,93,attention,-0.27866612309994904,-0.20150079027466153,0.2599893808364868
1935,8057,attention,0.1720987528562546,0.28742516104664123,0.724498987197876
1936,2455,attention,-0.014864174479788,-0.06344902244481174,0.20654332637786865
1937,1247,attention,0.20765510785418587,0.10308165445521071,0.4373481869697571
1938,2251,attention,-0.06542507848805851,-0.04236390731400914,0.2536233067512512
1939,6380,attention,0.3473552603806768,0.13909247091838292,0.9104214906692505
1940,4708,attention,-0.1709146592123755,-0.08810235585631995,0.09354972094297409
1941,7864,attention,-0.042989831417798996,-0.05675305612385273,0.280953586101532
1942,3916,attention,-0.16148568383034537,-0.15695257254821413,0.06666555255651474
1943,3105,attention,-0.18097545330723128,0.0590996832276384,0.2776140868663788
1944,292,attention,0.20430132029233156,0.06267507870992024,0.5047809481620789
1945,7616,attention,0.04940771417958396,-0.08548811219987415,0.30551448464393616
1946,2083,attention,-0.1446568654584033,-0.08330358544231525,0.0027289893478155136
1947,4381,attention,-0.0279124453663826,-0.005339582140247027,0.2532111704349518
1948,4291,attention,-0.0897374254418537,-0.11753167803908582,0.0006939857848919928
1949,5404,attention,-0.2854473681747913,-0.07987290889024734,0.04429818317294121
1950,6637,attention,-0.208200538040776,-0.16203323457586138,0.0610787607729435
1951,1090,attention,-0.24639172594556036,-0.10283829025266801,0.013832137919962406
1952,8570,attention,-0.26155199913773686,-0.07415667653549463,0.03692464530467987
1953,6206,attention,0.3619934251675239,0.07392602241956271,0.837340772151947
1954,6843,attention,0.3047399331222881,0.14742963286963376,0.82193922996521
1955,1078,attention,0.19973292640026877,-0.013076650745728436,0.40094926953315735
1956,1188,attention,0.3046871593594551,0.06959099054336548,0.6987248063087463
1957,3984,attention,0.11886995313344179,0.032275380911650484,0.34940752387046814
1958,1369,attention,0.07566860182718797,0.09579314359209755,0.4657645523548126
1959,8348,attention,0.19934815913438797,0.07399418683988708,0.5228691101074219
1960,5987,attention,0.05168779969215393,0.06375585854053498,0.3508223593235016
1961,1599,attention,-0.04499876667414942,-0.019927356031633193,0.25718140602111816
1962,4573,attention,-0.22026468878207,-0.07669845693137335,0.03849129378795624
1963,5173,attention,-0.260193275144467,-0.09315477254299018,0.022260218858718872
1964,6459,attention,0.19404052611854342,0.09854569534460704,0.5419925451278687
1965,4404,attention,0.5314894035458565,0.24965472519397736,0.871831476688385
1966,7585,attention,0.3549385451608234,0.12336790396107568,0.7853783965110779
1967,8225,attention,0.1485068942561294,0.04031847914059957,0.49477246403694153
1968,4209,attention,-0.15401877835392952,-0.13772001974284648,0.09496945142745972
1969,1418,attention,-0.21433376924036757,-0.07019020190560504,0.00363340531475842
1970,3309,attention,-0.21770064665802888,-0.10137093812227249,0.08713539689779282
1971,9362,attention,-0.09785191892158418,-0.0327657014131546,0.20156258344650269
1972,6492,attention,-0.050707398189438715,0.008768053518401252,0.6334680318832397
1973,7841,attention,0.014066741491357485,-0.04771070058147112,0.21792639791965485
1974,3037,attention,-0.220545987240397,-0.15550743501919967,0.022792277857661247
1975,1825,attention,-0.2865379834547639,-0.08790684289609392,0.011447384022176266
1976,3842,attention,0.04690706729888916,0.0348190621783336,0.2815951406955719
1977,4522,attention,-0.15198913977170983,-0.0944122535487016,0.02515004761517048
1978,1569,attention,-0.2790444294611613,-0.020002365422745545,0.32597413659095764
1979,1261,attention,-0.32507866783998907,-0.03621086687780917,0.06865252554416656
1980,4918,attention,-0.21121775354682046,-0.07395922100510109,0.005592189263552427
1981,5273,attention,-0.09855311093005267,-0.04091158735029625,0.21457864344120026
1982,2478,attention,-0.2317366259123542,-0.08868475143160474,0.013948235660791397
1983,5795,attention,-0.24526511753598848,0.03189535019919276,0.2123974859714508
1984,6864,attention,0.15644051194190978,0.05120372414588928,0.563147783279419
1985,1616,attention,-0.21807678490877153,0.17621130992968878,0.46613654494285583
1986,6913,attention,0.1687511944770813,0.12119551241397858,0.46745431423187256
1987,2236,attention,-0.040804154442056366,-0.11557782797709755,0.13544297218322754
1988,7618,attention,-0.30349698049180646,-0.10264640169985154,0.032556626945734024
1989,5447,attention,-0.19183763395994902,-0.046202053101016924,0.011950116604566574
1990,5554,attention,0.38384045923457427,0.1818102685844197,0.8664960265159607
1991,7212,attention,0.06772333596433912,0.020306194112414404,0.3628862798213959
1992,7352,attention,-0.13838592372834682,-0.08980555776506663,0.01958017237484455
1993,2533,attention,-0.04397690638036626,-0.03502454481473783,0.13581806421279907
1994,5950,attention,-0.10676351017676868,-0.10557943181349681,0.1297478824853897
1995,7947,attention,-0.15335245281457902,-0.017602519318461417,0.09390699118375778
1996,2689,attention,0.3068226244714525,0.24814476238356697,0.7710322737693787
1997,3110,attention,-0.09847432374954224,0.00887506970992455,0.338333398103714
1998,4397,attention,0.06778534293174744,-0.040033578872680664,0.5574133396148682
1999,2935,attention,0.08825531229376793,-0.034256777415672936,0.5315331220626831
2000,9632,gradient_x_input,0.388535025028082,0.17740223957942083,0.892997145652771
2001,9282,gradient_x_input,-0.15738600100341596,-0.11201166636065434,0.04984396696090698
2002,106,gradient_x_input,-0.17936512972078017,-0.11032151743288963,0.1666150838136673
2003,1446,gradient_x_input,-0.006406024702497431,-0.04238290198751398,0.3070147633552551
2004,1513,gradient_x_input,-0.27723590257194114,-0.03480444805395296,0.003760539460927248
2005,6498,gradient_x_input,0.22578218108729312,0.1121119919576143,0.6039713025093079
2006,6973,gradient_x_input,-0.01768131660563605,-0.03536260447331837,0.30076706409454346
2007,4952,gradient_x_input,-0.2934464102780277,-0.08149750852449374,0.02019277587532997
2008,8552,gradient_x_input,-0.13526208698749542,-0.00032741627232594925,0.1508817970752716
2009,3027,gradient_x_input,0.3090978986338565,0.19221328277336924,0.7689019441604614
2010,2760,gradient_x_input,-0.035575718991458415,0.13623924423009157,0.35151758790016174
2011,3060,gradient_x_input,-0.13073235132864544,-0.047375321813992094,0.22988669574260712
2012,33,gradient_x_input,-0.2695565404753913,-0.092880920643973,0.00611857557669282
2013,1349,gradient_x_input,-0.2686317004263401,-0.12033257354050875,0.1068231388926506
2014,4934,gradient_x_input,0.07623968124389649,0.014484335482120515,0.38874366879463196
2015,2680,gradient_x_input,0.10689787037910954,0.044931414146577156,0.3822898864746094
2016,9074,gradient_x_input,-0.23933252102384964,-0.053431656315094896,0.019449008628726006
2017,5414,gradient_x_input,-0.29745004468254355,-0.07271512296344888,0.00570652773603797
2018,6663,gradient_x_input,-0.06406821073456244,-0.06073374504392797,0.15341952443122864
2019,5286,gradient_x_input,-0.29087188037542194,-0.1558724346642311,0.025206051766872406
2020,3782,gradient_x_input,-0.21785484405700117,-0.13645886222366244,0.029234685003757477
2021,4516,gradient_x_input,-0.2871474855346605,-0.06318317342083901,0.026276446878910065
2022,4554,gradient_x_input,-0.25834373797735444,-0.058085033022191215,0.02567732147872448
2023,1595,gradient_x_input,-0.2615937679432906,-0.10377226859474412,0.006457239389419556
2024,3857,gradient_x_input,-0.06655798016524897,-0.10685476151908316,0.390585333108902
2025,3337,gradient_x_input,0.060499826876016766,0.18669475700992805,0.5612554550170898
2026,9255,gradient_x_input,-0.20427150896617344,-0.058101806683199746,0.04008273035287857
2027,1383,gradient_x_input,-0.2831325984519461,-0.052118085972640824,0.11321505904197693
2028,4860,gradient_x_input,-0.21663259173787774,-0.05031154464398112,0.041607312858104706
2029,7275,gradient_x_input,-0.30905639283035113,-0.0777770480060059,0.04597030580043793
2030,8740,gradient_x_input,-0.1331752873957157,-0.04168160259723663,0.3524290919303894
2031,1155,gradient_x_input,0.21968193546585416,0.051353726698004684,0.512457549571991
2032,6725,gradient_x_input,0.036141135153316316,0.2057270748274667,0.5211524367332458
2033,1076,gradient_x_input,-0.20756394279721593,-0.1308151119654732,0.019610153511166573
2034,3058,gradient_x_input,-0.13639214321186668,-0.01803449757005039,0.13534902036190033
2035,4586,gradient_x_input,-0.2302252942075332,-0.011230619282772143,0.06546402722597122
2036,1791,gradient_x_input,-0.26332976898321736,-0.07479019463062286,0.16637098789215088
2037,6325,gradient_x_input,-0.09642857611179352,-0.044962770740191144,0.14860214293003082
2038,7506,gradient_x_input,-0.07589039289289051,-0.04041341609425015,0.26880520582199097
2039,6495,gradient_x_input,0.25806116744091634,0.028392757240094636,0.5471554398536682
2040,9542,gradient_x_input,-0.08616669240750764,0.004635382247598548,0.23975609242916107
2041,4694,gradient_x_input,0.03195831564164931,0.0190766655629681,0.43873295187950134
2042,8369,gradient_x_input,-0.27338365462815595,-0.06146306671305663,0.0029983895365148783
2043,7093,gradient_x_input,-0.14291375378767648,-0.09088320488279517,0.18138490617275238
2044,2794,gradient_x_input,-0.18797597732475918,-0.0370907090280367,0.007117798551917076
2045,39,gradient_x_input,-0.35444413678299996,-0.05954178771184337,0.012984275817871094
2046,7478,gradient_x_input,-0.055631991694955266,-0.11003181338310242,0.3921995759010315
2047,1253,gradient_x_input,-0.2566030203320441,-0.04141675051124323,0.0055189854465425014
2048,360,gradient_x_input,-0.2548182824892657,-0.09044201033455986,0.02384047769010067
2049,9638,gradient_x_input,-0.022423879908663884,0.00024283890213285173,0.4394210875034332
2050,1726,gradient_x_input,-0.25745342496563406,-0.022803824614076054,0.2270084172487259
2051,439,gradient_x_input,-0.006930560550906442,-0.06413407081907446,0.2238096296787262
2052,5267,gradient_x_input,-0.2725927050033694,-0.032513628385084516,0.0183560810983181
2053,4337,gradient_x_input,-0.2098639738559723,-0.0698491521179676,0.04572412744164467
2054,7724,gradient_x_input,-0.29808565601706505,-0.07128400165730944,0.01663101278245449
2055,7676,gradient_x_input,0.029315467675526938,0.14542135844628015,0.42115336656570435
2056,8913,gradient_x_input,-0.23110381786066753,-0.06345960096671031,0.024519136175513268
2057,2492,gradient_x_input,0.16140424191951752,-0.05583740651607513,0.6145787835121155
2058,7462,gradient_x_input,-0.3133980464613573,-0.046851586127145725,0.005783874075859785
2059,7430,gradient_x_input,-0.063378831371665,0.1432408131659031,0.39008429646492004
2060,6620,gradient_x_input,0.02027264889329672,0.04334671888500452,0.27220845222473145
2061,6221,gradient_x_input,-0.3012543187166254,-0.06322688455434723,0.0034887013025581837
2062,8844,gradient_x_input,-0.24173327509991147,-0.026760089295831593,0.06381520628929138
2063,4518,gradient_x_input,0.19355839987595877,0.0033524274826049806,0.5428768396377563
2064,1684,gradient_x_input,-0.1803858634971437,0.1109728869937715,0.36855077743530273
2065,29,gradient_x_input,-0.14210202876064512,-0.08000620951255162,0.09262941777706146
2066,6475,gradient_x_input,0.04820434465294793,0.0881282225960777,0.5151298642158508
2067,6691,gradient_x_input,0.22200825906568958,0.09862407897749255,0.5996145009994507
2068,1747,gradient_x_input,-0.294627360701561,-0.06613072499632835,0.050263725221157074
2069,5559,gradient_x_input,0.007552789790289742,-0.06186413552079882,0.24816110730171204
2070,3325,gradient_x_input,0.013714640587568282,-0.04832627326250076,0.4271799623966217
2071,4525,gradient_x_input,-0.03178287856280804,-0.07667315068344276,0.13948622345924377
2072,5434,gradient_x_input,-0.04908734932541847,0.1066704945017894,0.37306419014930725
2073,2129,gradient_x_input,-0.1027789670560095,0.09108599523703258,0.32667073607444763
2074,5441,gradient_x_input,-0.14657761332755154,-0.08222152841453617,0.04389920458197594
2075,9420,gradient_x_input,-0.3369143482516794,-0.04548083859331468,0.02157183736562729
2076,1330,gradient_x_input,0.05284106209874153,0.010781989246606827,0.3004550635814667
2077,7369,gradient_x_input,-0.2792820435715839,-0.049718980910256505,0.024981550872325897
2078,2275,gradient_x_input,-0.056123469682300794,-0.07211843308280497,0.2008083462715149
2079,1765,gradient_x_input,0.048663898006729454,0.015756028501883797,0.3277261257171631
2080,9131,gradient_x_input,0.2384342952021237,0.07763044381963796,0.6535645127296448
2081,6095,gradient_x_input,0.1323242388341738,0.14988908949105637,0.5420705676078796
2082,1263,gradient_x_input,0.0008696038275957108,-0.003555727501710256,0.40255555510520935
2083,1142,gradient_x_input,-0.0677804946899414,-0.10709502328844632,0.17977546155452728
2084,7797,gradient_x_input,-0.08798840352230602,-0.12786727646986643,0.16155530512332916
2085,4989,gradient_x_input,-0.03796915469631072,-0.07811075881604225,0.29520750045776367
2086,4395,gradient_x_input,0.15908730351789432,0.003869557245211168,0.43969565629959106
2087,5333,gradient_x_input,0.056684000925584274,0.0951593585989692,0.36456525325775146
2088,8163,gradient_x_input,-0.17579981820149856,-0.06455183384770696,0.07493995130062103
2089,8995,gradient_x_input,-0.18382406130652218,-0.014384114347836551,0.09998241066932678
2090,9568,gradient_x_input,-0.29168916468818984,-0.05744162462651729,0.013289926573634148
2091,6098,gradient_x_input,-0.28700208033506686,-0.1617038014989633,0.10496580600738525
2092,7278,gradient_x_input,0.04511101543903351,0.008664000531037648,0.1898026019334793
2093,1516,gradient_x_input,0.1623051144182682,-0.04648327678442001,0.5133695006370544
2094,3501,gradient_x_input,-0.29206211199717863,-0.06463432245488678,0.055224865674972534
2095,4371,gradient_x_input,0.1357016833499074,0.022027332335710526,0.619037926197052
2096,7736,gradient_x_input,0.34376550822154334,0.23452583862387616,0.6268463134765625
2097,1683,gradient_x_input,-0.24951527030207216,-0.04673545160330832,0.014247450977563858
2098,1631,gradient_x_input,0.16623512407143912,0.09856451196329934,0.6313174366950989
2099,4601,gradient_x_input,-0.2612549590487634,-0.12208279246284116,0.14578430354595184
2100,6956,gradient_x_input,0.16575508713722228,0.1330649161338806,0.6237486004829407
2101,8482,gradient_x_input,-0.22741428788942405,-0.0529809640481686,0.02136848494410515
2102,9095,gradient_x_input,-0.3516479245076577,-0.06942668026313185,0.004196999594569206
2103,7344,gradient_x_input,0.3558759308523602,0.1716674621458407,0.7690412998199463
2104,1732,gradient_x_input,0.39061600313736844,0.25359491774669063,0.7954970598220825
2105,4373,gradient_x_input,-0.34641634029420937,-0.051249956246465445,0.012075664475560188
2106,971,gradient_x_input,0.0705603789538145,-0.001268072985112667,0.3646191656589508
2107,6578,gradient_x_input,0.24850423178739017,0.10370215276877086,0.49356797337532043
2108,1453,gradient_x_input,-0.007621071840587415,0.01726528923762472,0.26105591654777527
2109,80,gradient_x_input,0.23615354299545288,0.11700719115989548,0.49737077951431274
2110,8908,gradient_x_input,-0.195631944519632,-0.12532192030373743,0.10597539693117142
2111,96,gradient_x_input,0.2105153374373913,0.10067220628261567,0.4941481053829193
2112,4376,gradient_x_input,-0.2937147913930508,-0.10776869293588859,0.01453475933521986
2113,3207,gradient_x_input,0.02010791266665739,-0.0902323784197078,0.3655413091182709
2114,6462,gradient_x_input,-0.19377767497344928,-0.04674047609681592,0.013848405331373215
2115,6220,gradient_x_input,-0.2434072985779494,-0.04420508391275588,0.005274371709674597
2116,3279,gradient_x_input,-0.11075893656483718,-0.20062086465103285,0.16403338313102722
2117,8741,gradient_x_input,-0.1602470611824709,-0.11186999082565308,0.15786920487880707
2118,8758,gradient_x_input,-0.10883006168638959,-0.035785044050391984,0.1417422741651535
2119,5396,gradient_x_input,-0.3915646665153049,-0.26531427078658626,0.028233638033270836
2120,2855,gradient_x_input,0.41214756220579146,0.11324004133542379,0.86751788854599
2121,1862,gradient_x_input,-0.2682665912113313,-0.03334680231737679,0.03983970731496811
2122,7659,gradient_x_input,0.2184213399887085,0.12699553531569405,0.6016866564750671
2123,8446,gradient_x_input,0.05288476310670376,0.0009860629215836525,0.29516133666038513
2124,5152,gradient_x_input,-0.04915719838054092,-0.1309711237748464,0.25559312105178833
2125,2903,gradient_x_input,0.3756453464197558,0.20315880415051482,0.7488054037094116
2126,7581,gradient_x_input,0.14971688960989316,0.07158471196889878,0.36024776101112366
2127,9431,gradient_x_input,-0.34508773818721666,-0.05882986185743528,0.02254759706556797
2128,8948,gradient_x_input,-0.17151852866465395,-0.060992790343747896,0.07620558887720108
2129,2486,gradient_x_input,-0.15313441466007913,-0.10799701724733625,0.10331449657678604
2130,5552,gradient_x_input,-0.3084572366852727,-0.059147571161803275,0.007581600919365883
2131,5479,gradient_x_input,-0.012326144427061082,-0.025965087612469993,0.2346341758966446
2132,3894,gradient_x_input,-0.2183400203727863,-0.08099099511111324,0.01944699138402939
2133,9430,gradient_x_input,-0.3412316801292556,-0.06206459701061249,0.026201436296105385
2134,9766,gradient_x_input,-0.27751229845342185,-0.008583149384884607,0.22111885249614716
2135,4355,gradient_x_input,-0.1753464809042357,-0.047113808758911635,0.025010626763105392
2136,2833,gradient_x_input,-0.2076563804099957,-0.013454726586739222,0.22690869867801666
2137,3328,gradient_x_input,0.31278220895263886,0.027845775087674458,0.6414497494697571
2138,8019,gradient_x_input,-0.33364170212298633,-0.03683727427075307,0.04381505027413368
2139,3424,gradient_x_input,0.22623853832483293,0.13105003610253335,0.7490634322166443
2140,4539,gradient_x_input,0.25890074725504275,0.14014011511096247,0.586748480796814
2141,4921,gradient_x_input,-0.2841178379628969,-0.09052337090606274,0.11550004780292511
2142,3469,gradient_x_input,0.1157959391673406,-0.08196139732996623,0.5540797114372253
2143,5705,gradient_x_input,-0.12628036811947824,-0.17145854651927947,0.09119841456413269
2144,311,gradient_x_input,0.08013662982445496,0.08814695993295082,0.3952542543411255
2145,9045,gradient_x_input,0.21739895003182547,0.015281968173526582,0.6321568489074707
2146,2619,gradient_x_input,-0.29535011163559455,-0.10063223643549557,0.058949556201696396
2147,789,gradient_x_input,0.11753831555445989,-0.0032057687640190125,0.4180052578449249
2148,2742,gradient_x_input,0.3383076533675194,0.027853366732597352,0.8027546405792236
2149,5653,gradient_x_input,-0.2510729342078169,-0.014030166901648045,0.09399571269750595
2150,483,gradient_x_input,-0.0027600560675967822,0.07754071463238109,0.4419711232185364
2151,8113,gradient_x_input,-0.32167605901273283,-0.10445516020423029,0.03162655234336853
2152,8478,gradient_x_input,0.07157453193384058,-0.07287869558614843,0.3365604877471924
2153,1199,gradient_x_input,0.16414022560303027,0.16023939733321851,0.5291525721549988
2154,5507,gradient_x_input,-0.13936403393745422,-0.12242071554064751,0.18415142595767975
2155,3653,gradient_x_input,-0.18120003726921582,-0.09673895843719181,0.039301954209804535
2156,5065,gradient_x_input,-0.0752998914788751,-0.05759425461292267,0.4289138913154602
2157,1626,gradient_x_input,-0.06564508974552155,-0.03733664155006409,0.2038452923297882
2158,7661,gradient_x_input,0.3431343867590553,0.005246212607935855,0.7265898585319519
2159,6837,gradient_x_input,-0.20365122835273328,-0.07158478414234908,0.06611941009759903
2160,7655,gradient_x_input,0.030386245912975736,-0.04250536196761661,0.26056015491485596
2161,8538,gradient_x_input,0.09935253645692553,-0.006998928529875619,0.35622918605804443
2162,1775,gradient_x_input,-0.12593061512424833,-0.23325279638880775,0.13439087569713593
2163,9643,gradient_x_input,0.0308787920512259,-0.0635904329828918,0.38042640686035156
2164,8884,gradient_x_input,-0.14637754809471867,-0.07818613994506098,0.16288749873638153
2165,6778,gradient_x_input,-0.025686242307225864,-0.12228892991940181,0.1107470914721489
2166,2340,gradient_x_input,0.12102374221597399,-0.04995147245270865,0.3401915431022644
2167,7226,gradient_x_input,-0.1310553899542852,-0.12619595263491978,0.09736444056034088
2168,1472,gradient_x_input,-0.222440070428309,-0.11247020587325096,0.02171798050403595
2169,8187,gradient_x_input,-0.2878891293528593,-0.15463853743858635,0.015547595918178558
2170,6250,gradient_x_input,-0.2356859304403004,-0.04796882973689782,0.07425989210605621
2171,2335,gradient_x_input,-0.2778191566467285,-0.05648339125845167,0.20867718756198883
2172,8981,gradient_x_input,-0.20962822290935687,-0.060055305915219445,0.044073738157749176
2173,8685,gradient_x_input,-0.19422450147826095,-0.10882752414407401,0.07404804229736328
2174,251,gradient_x_input,-0.3405863627900972,-0.07129756881691077,0.008205502294003963
2175,2732,gradient_x_input,-0.3695526218986796,-0.0432826596627231,0.001703123445622623
2176,4329,gradient_x_input,0.2592102380262481,0.01337018609046936,0.6426683664321899
2177,9545,gradient_x_input,0.02261077364285787,0.01448631990287039,0.34136512875556946
2178,2337,gradient_x_input,-0.1151549874080552,-0.11544550541374418,0.12251366674900055
2179,8695,gradient_x_input,-0.14298864285792073,-0.06487303275254465,0.13486348092556
2180,2215,gradient_x_input,0.03900928405069169,-0.002288847452118283,0.27679792046546936
2181,5436,gradient_x_input,-0.06983802112795058,-0.16746846267155238,0.15172025561332703
2182,5058,gradient_x_input,0.36230431810805674,0.12619136822851082,0.8138974905014038
2183,9548,gradient_x_input,-0.046011350725008095,-0.09238240835459335,0.17416349053382874
2184,108,gradient_x_input,-0.12652193462579614,-0.12020782195031643,0.055110134184360504
2185,3019,gradient_x_input,-0.3125582402499276,-0.07186883231042884,0.004758400376886129
2186,487,gradient_x_input,0.3502374183800485,0.17975442028707928,0.6163955926895142
2187,2436,gradient_x_input,0.1558498742599641,0.03732223664560626,0.385628879070282
2188,2417,gradient_x_input,-0.1926261529326439,-0.004425565339624881,0.1011892557144165
2189,2684,gradient_x_input,-0.09759861360425534,-0.06912055546822755,0.1571873277425766
2190,621,gradient_x_input,0.09007822215557099,-0.0767518162727356,0.39354631304740906
2191,3281,gradient_x_input,0.11678394575913748,0.05787807404994964,0.3395948112010956
2192,8547,gradient_x_input,0.23628115121807372,0.1950514933892659,0.8118095993995667
2193,3941,gradient_x_input,-0.09345265424677304,-0.1270796794976507,0.109358049929142
2194,2423,gradient_x_input,0.09828181192278862,0.04067735480410712,0.47275689244270325
2195,7682,gradient_x_input,-0.19824952918570488,-0.15522544421255588,0.013910367153584957
2196,4960,gradient_x_input,-0.22244223207235336,-0.15883130667840734,0.09442467987537384
2197,2766,gradient_x_input,-0.004662805321541699,-0.04675072871825912,0.4344072639942169
2198,7662,gradient_x_input,0.020916536450386047,0.17589833729323887,0.30322813987731934
2199,416,gradient_x_input,-0.314017383272157,-0.10810691907125361,0.03494536131620407
2200,3898,gradient_x_input,0.3429547375754306,0.14078182609457718,0.9186888933181763
2201,7632,gradient_x_input,-0.21815068811355603,-0.08796696985761325,0.009645151905715466
2202,2328,gradient_x_input,-0.27866613658677253,-0.04899017836543776,0.0011521205306053162
2203,2754,gradient_x_input,-0.26174172945320606,-0.08818872360622182,0.04123559594154358
2204,8234,gradient_x_input,-0.1440015697479248,-0.13893699705600737,0.1865486055612564
2205,3101,gradient_x_input,0.004439665973186493,0.03716045498847961,0.3119380474090576
2206,2108,gradient_x_input,0.017717537337115834,0.0031211807259491514,0.23797370493412018
2207,3100,gradient_x_input,-0.13072873486412895,-0.19482645061280993,0.13347218930721283
2208,5351,gradient_x_input,0.3684321935138395,0.1691076736296377,0.7065466046333313
2209,3284,gradient_x_input,0.0745957844397601,0.04676869686912088,0.3803650438785553
2210,4824,gradient_x_input,0.3234561137855053,0.1271099328994751,0.8952322602272034
2211,6551,gradient_x_input,-0.28080514896927133,-0.06184207807694163,0.01566854678094387
2212,7444,gradient_x_input,0.21287263316266677,0.10889506865950192,0.4775603711605072
2213,304,gradient_x_input,0.07342385465190523,0.08354318212895166,0.3436252772808075
2214,6360,gradient_x_input,-0.11788995762666067,-0.09802858233451843,0.3825998306274414
2215,4190,gradient_x_input,-0.031312525272369385,0.04884711333683559,0.24393358826637268
2216,6664,gradient_x_input,-0.3245534860632486,-0.06553732976317406,0.03720008581876755
2217,1945,gradient_x_input,0.0524016237921185,-0.00472725596692827,0.31405508518218994
2218,5817,gradient_x_input,-0.004495816386264303,0.15424636978170145,0.5210731029510498
2219,92,gradient_x_input,-0.3367534266225994,-0.05744793797843158,0.003473356831818819
2220,119,gradient_x_input,0.09705415232615038,0.0972392653877085,0.338790625333786
2221,9591,gradient_x_input,0.17704896967519412,0.0476176535541361,0.711245596408844
2222,8421,gradient_x_input,-0.10634230449795723,-0.042898745372377596,0.07780381292104721
2223,7945,gradient_x_input,-0.2758022014168091,-0.07678238864173181,0.01853448897600174
2224,2487,gradient_x_input,-0.2622025080997011,-0.04589333863038084,0.030467618256807327
2225,1245,gradient_x_input,-0.01917275390587747,0.05700983852148056,0.2756369709968567
2226,346,gradient_x_input,0.04574606296691028,0.07144706018946388,0.36546823382377625
2227,9392,gradient_x_input,-0.17081133944346852,-0.07325875698386328,0.014017891138792038
2228,6604,gradient_x_input,0.18059137049648497,0.1205189898610115,0.45175701379776
2229,6338,gradient_x_input,-0.19441069662570953,-0.04732275754213333,0.042009711265563965
2230,8410,gradient_x_input,-0.2231431368150209,-0.07443292046848096,0.25667011737823486
2231,4216,gradient_x_input,-0.30675443527953966,-0.10585925009633813,0.018557950854301453
2232,7436,gradient_x_input,-0.21256770938634872,0.0034442665055394173,0.28970667719841003
2233,6666,gradient_x_input,-0.2556544072700269,-0.10170594478646915,0.05260423570871353
2234,8051,gradient_x_input,0.206921803898045,0.11677882341401917,0.5563945174217224
2235,1593,gradient_x_input,-0.40388165326679454,-0.06769508046700674,0.03405850753188133
2236,6951,gradient_x_input,-0.03687244653701782,0.004512087656901433,0.4173765480518341
2237,850,gradient_x_input,-0.2786474618617268,-0.06991451014099377,0.0057133277878165245
2238,5506,gradient_x_input,-0.25500658863201375,-0.022628534676098242,0.09133445471525192
2239,8479,gradient_x_input,-0.27786553657746743,-0.11476250365376472,0.007184692192822695
2240,7182,gradient_x_input,-0.02848392476638158,-0.03631402883264753,0.3387456238269806
2241,2362,gradient_x_input,0.17493065586313605,0.01846986822783947,0.44749027490615845
2242,2178,gradient_x_input,-0.2284042477607727,-0.019126463096056666,0.05741710215806961
2243,1731,gradient_x_input,0.26123891742183614,0.15921326067585212,0.756737232208252
2244,4185,gradient_x_input,0.18477481995758258,0.044797883221977634,0.4856129288673401
2245,673,gradient_x_input,0.004161288556845292,-0.1197125062994335,0.2696073055267334
2246,5212,gradient_x_input,0.008595434395042626,0.019078342898471934,0.343093603849411
2247,4417,gradient_x_input,-0.29518880745904014,-0.04921433348631994,0.015573810786008835
2248,1056,gradient_x_input,-0.20428476841361434,-0.1208763564074481,0.07064419239759445
2249,9593,gradient_x_input,0.08123232275247574,0.09499123096466064,0.5826886296272278
2250,623,gradient_x_input,-0.1796223078410895,-0.046912935961570056,0.038495901972055435
2251,6217,gradient_x_input,-0.24873733098961806,-0.04205362346807593,0.010388139635324478
2252,9597,gradient_x_input,-0.27247160005158394,-0.03401281196495582,0.16794173419475555
2253,2955,gradient_x_input,-0.07574674427509308,-0.1854167115688324,0.11082400381565094
2254,88,gradient_x_input,-0.18982630574868786,-0.05442981132202678,0.14639857411384583
2255,3538,gradient_x_input,-0.16061342625241531,-0.05794814464293028,0.30781179666519165
2256,3643,gradient_x_input,0.026102646909378194,0.010056230205076712,0.26475608348846436
2257,8313,gradient_x_input,-0.24994266964495182,-0.18521731755425852,0.07723483443260193
2258,5649,gradient_x_input,-0.30300237370752975,-0.0723505130919971,0.0032751625403761864
2259,1355,gradient_x_input,0.024101509540169326,-0.11017851476316098,0.34740474820137024
2260,7142,gradient_x_input,-0.06845162808895111,-0.034328091357435496,0.17611661553382874
2261,1512,gradient_x_input,-0.22249022778123617,-0.09173199394717813,0.049027785658836365
2262,7565,gradient_x_input,-0.047192932470985084,-0.11632485363794409,0.35484251379966736
2263,733,gradient_x_input,0.07412063598632812,0.08228513956069947,0.5392802953720093
2264,8765,gradient_x_input,-0.3114868389332996,-0.05232825415099368,0.21749843657016754
2265,9018,gradient_x_input,0.24403358924956547,0.17332905814761207,0.7683819532394409
2266,6240,gradient_x_input,-0.20062461541965604,-0.12412681453861296,0.058312226086854935
2267,590,gradient_x_input,0.19165929655234018,0.11895901461442311,0.46616172790527344
2268,3745,gradient_x_input,-0.23758721032312938,-0.0520040046955858,0.07809389382600784
2269,1919,gradient_x_input,-0.30623331970789214,-0.07438840344548225,0.04664713144302368
2270,7799,gradient_x_input,-0.21591057920635776,-0.13032389573495964,0.03077181801199913
2271,7684,gradient_x_input,0.05004052817821503,-0.08926153108477593,0.2943350672721863
2272,9486,gradient_x_input,-0.20995274107707174,-0.023898098029588397,0.18662257492542267
2273,5027,gradient_x_input,-0.15063365229538508,-0.12312274266566549,0.12086369842290878
2274,8568,gradient_x_input,-0.2022077210713178,-0.0756481559947133,0.07091612368822098
2275,5425,gradient_x_input,-0.02683934897184372,-0.11564537227153777,0.16160370409488678
2276,2377,gradient_x_input,-0.2721021994948387,-0.032866779818303056,0.01750532165169716
2277,6447,gradient_x_input,-0.19921239782814626,-0.05483639785261066,0.03349343687295914
2278,8029,gradient_x_input,-0.21664370431636387,-0.07092743691128607,0.009075965732336044
2279,3855,gradient_x_input,-0.0423426679557278,-0.030669339355968293,0.2596625089645386
2280,5221,gradient_x_input,0.4428215533494949,0.3017374369005362,0.9413498044013977
2281,5792,gradient_x_input,-0.3479808187733094,-0.0765131530041496,0.020763253793120384
2282,3006,gradient_x_input,-0.34179896811644234,-0.11645219773054123,0.06569238752126694
2283,8706,gradient_x_input,-0.20262008325921166,-0.0044385892235570485,0.1744423359632492
2284,2943,gradient_x_input,-0.22451375977232538,-0.06120884675404121,0.10981892049312592
2285,2072,gradient_x_input,0.27267116822045423,0.059854514126119945,0.7290654182434082
2286,3873,gradient_x_input,0.23497640391190847,-0.006385980049769083,0.4223073422908783
2287,9297,gradient_x_input,0.16787259604619897,0.024219225930131,0.40645790100097656
2288,9105,gradient_x_input,-0.30819802244122213,-0.13223215393148935,0.03588585555553436
2289,7635,gradient_x_input,0.4984189813787287,0.08012680032036522,0.9004901647567749
2290,5313,gradient_x_input,-0.23054455481469632,-0.057978998962789775,0.01510999072343111
2291,9675,gradient_x_input,-0.06425116077447549,-0.017935638626416523,0.36398887634277344
2292,2075,gradient_x_input,0.3704159678891301,0.09448781833052636,0.8192225694656372
2293,7144,gradient_x_input,0.22100960062100336,0.0454372396835914,0.6553483605384827
2294,3928,gradient_x_input,-0.13656925708055495,-0.08451314568519593,0.09327482432126999
2295,1393,gradient_x_input,0.13677050001346147,0.04212395445658611,0.4466409385204315
2296,263,gradient_x_input,-0.2102564095478991,-0.10558269739798877,0.053059015423059464
2297,970,gradient_x_input,-0.1736555987596512,-0.08780485510826111,0.17546716332435608
2298,5821,gradient_x_input,-0.26665431012709934,-0.03319754544645548,0.0073525570333004
2299,8593,gradient_x_input,-0.29369266612709244,-0.1802560802210461,0.035570353269577026
2300,4553,gradient_x_input,-0.23053741191203395,-0.07804863853380084,0.031771354377269745
2301,1671,gradient_x_input,0.39446891595919925,0.2619179015358289,0.7887787222862244
2302,3118,gradient_x_input,0.16137877445329318,-0.04006387835199183,0.5251915454864502
2303,4367,gradient_x_input,-0.20622107280152185,-0.10252016569886889,0.090721994638443
2304,1760,gradient_x_input,-0.2135688674946626,-0.0760365246484677,0.04233000427484512
2305,3412,gradient_x_input,0.14155691252513367,0.006922214545986869,0.414248526096344
2306,6066,gradient_x_input,-0.30160256909827393,-0.052965054426480224,0.02400522492825985
2307,3616,gradient_x_input,-0.18593816166086233,-0.06457670904038583,0.003942056559026241
2308,5874,gradient_x_input,-0.18804485404065677,-0.0676762227501188,0.15074439346790314
2309,2189,gradient_x_input,-0.1763114478925,-0.06173642206451167,0.09765826910734177
2310,6071,gradient_x_input,-0.11744998892148335,-0.12000598820547263,0.24541237950325012
2311,5148,gradient_x_input,0.2901475429534912,0.44238319620490074,0.6817622184753418
2312,9064,gradient_x_input,0.14581365883350372,0.04359752353694704,0.4314616322517395
2313,8381,gradient_x_input,-0.2353566705973612,-0.05853936717742019,0.0440385639667511
2314,3352,gradient_x_input,-0.165931253383557,-0.08234906910608213,0.02755170874297619
2315,799,gradient_x_input,0.13619709334203176,0.03566219764096396,0.48398950695991516
2316,8656,gradient_x_input,-0.3687620566863763,-0.08467627159859005,0.03830326348543167
2317,7305,gradient_x_input,0.29879919946193695,0.10447461128234864,0.8244568705558777
2318,7948,gradient_x_input,-0.34204191295430064,-0.03735975851304829,0.013391515240073204
2319,7233,gradient_x_input,-0.2311478169126944,-0.06486269222064452,0.021001538261771202
2320,2392,gradient_x_input,0.0505638068748845,-0.02739858544535107,0.2796178460121155
2321,3443,gradient_x_input,-0.3318065866931445,-0.11071631260630158,0.03493209928274155
2322,8558,gradient_x_input,-0.05988563944896062,-0.0049408644437789915,0.25418126583099365
2323,5014,gradient_x_input,-0.22920357307884842,-0.05440782802179456,0.01671198382973671
2324,4362,gradient_x_input,0.2805901757980648,0.09520981186314632,0.7630528211593628
2325,8224,gradient_x_input,0.2510295256972313,0.16589733163515727,0.6828593611717224
2326,6865,gradient_x_input,-0.2388688222361872,-0.09359978812818344,0.027802204713225365
2327,7389,gradient_x_input,-0.13342428190464323,0.03459205563095483,0.18711738288402557
2328,303,gradient_x_input,0.3626811310648918,0.25138584107160566,0.6459800004959106
2329,8398,gradient_x_input,0.4364800698853828,0.2521168323787483,0.7705745100975037
2330,2907,gradient_x_input,-0.1562396828528671,-0.06139518861614522,0.01626875437796116
2331,4619,gradient_x_input,-0.29265426012376944,-0.09905864040677746,0.006322898901998997
2332,4765,gradient_x_input,-0.02071220278739929,0.0756894078105688,0.32550325989723206
2333,3320,gradient_x_input,0.04030494632259492,0.019881878649034807,0.4129588007926941
2334,5298,gradient_x_input,-0.2426937045124562,-0.055576801462017975,0.02145194076001644
2335,7927,gradient_x_input,0.38041609649856883,0.2344472917417685,0.6660886406898499
2336,2348,gradient_x_input,0.17402628809213638,0.08055784021105085,0.762557864189148
2337,4267,gradient_x_input,0.34185143919854327,0.14479960398427372,0.7990903854370117
2338,9648,gradient_x_input,0.2555875300119321,0.07320752615729968,0.7482415437698364
2339,3024,gradient_x_input,0.18842046819627284,-0.030908176302909852,0.4161510467529297
2340,1373,gradient_x_input,-0.13345105263094106,-0.1585637079551816,0.10828769207000732
2341,7377,gradient_x_input,0.1187536590732634,-0.0602805707603693,0.4187258183956146
2342,9782,gradient_x_input,-0.19677544832229615,0.01151549331843853,0.3392331600189209
2343,2771,gradient_x_input,0.30660170316696167,0.15245297220018175,0.8126265406608582
2344,3,gradient_x_input,0.016909534484148024,-0.1438367947936058,0.3665105700492859
2345,2908,gradient_x_input,0.03790653914940066,0.07354485988616943,0.46740657091140747
2346,3852,gradient_x_input,0.16834301266231036,0.06288181049259085,0.45493656396865845
2347,532,gradient_x_input,0.23073782418903552,0.10943244005504407,0.615926206111908
2348,7929,gradient_x_input,0.0478797663341869,-0.03156105586976716,0.3879829943180084
2349,9423,gradient_x_input,0.3331640660762787,0.12735802612521432,0.8177005648612976
2350,290,gradient_x_input,-0.09669468343257905,-0.08877790689468384,0.16260182857513428
2351,3014,gradient_x_input,0.052868492901325226,-0.0651328032836318,0.3795442581176758
2352,2874,gradient_x_input,-0.09043187648057938,-0.15903403257068835,0.14766962826251984
2353,5146,gradient_x_input,-0.1687559044609467,-0.09364973939955235,0.1552627980709076
2354,2221,gradient_x_input,-0.09254476465284825,-0.09792944863438606,0.2016143947839737
2355,6958,gradient_x_input,0.27523336683710414,0.12305817380547523,0.5701574683189392
2356,2997,gradient_x_input,-0.22149403414555957,-0.05653438419103622,0.04953121021389961
2357,6729,gradient_x_input,-0.22582582080271096,-0.08249425321817398,0.008972288109362125
2358,9159,gradient_x_input,-0.2966901756384793,-0.004608235376722673,0.17841611802577972
2359,6175,gradient_x_input,-0.30010382886286135,-0.15700374433287867,0.19265064597129822
2360,568,gradient_x_input,-0.23734934088484994,-0.08178105006187127,0.016646595671772957
2361,5284,gradient_x_input,-0.30369237437844276,-0.056085052315232364,0.045839060097932816
2362,1107,gradient_x_input,0.2159243311200823,0.056099695818764825,0.758317768573761
2363,135,gradient_x_input,-0.22769206166267394,-0.05515086740255356,0.12590354681015015
2364,7828,gradient_x_input,-0.29761446859421475,-0.026150273824376718,0.020876312628388405
2365,8709,gradient_x_input,-0.24453136034529,-0.043732842430472374,0.016713038086891174
2366,7998,gradient_x_input,-0.27407233213836496,-0.000600183636627414,0.07914150506258011
2367,1087,gradient_x_input,0.19608620072112365,-0.01142335485886125,0.5357704162597656
2368,8291,gradient_x_input,0.38639688880547235,0.20028364399205084,0.896889865398407
2369,2301,gradient_x_input,-0.13455801241099835,-0.08995109170675278,0.050092391669750214
2370,4339,gradient_x_input,-0.2110221694622721,-0.09627444403512138,0.170395627617836
2371,6851,gradient_x_input,0.12344652986912816,0.12668119260558375,0.3925055265426636
2372,3047,gradient_x_input,-0.2982104390859604,-0.038325135316699746,0.034153636544942856
2373,4130,gradient_x_input,-0.3803623306254546,-0.12681682469944158,0.10439211875200272
2374,4521,gradient_x_input,-0.16737356574998963,-0.09391199673215549,0.1764335334300995
2375,7538,gradient_x_input,-0.016443608949581783,-0.01642835761109988,0.4434598982334137
2376,5473,gradient_x_input,-0.2793011566520565,-0.05630220943647954,0.005708278622478247
2377,388,gradient_x_input,0.492141667753458,0.1460096255729073,0.7412835955619812
2378,4217,gradient_x_input,0.4250695211812854,0.13513313978910446,0.7475380301475525
2379,2122,gradient_x_input,-0.20070083625614643,-0.10944546293467283,0.03653205931186676
2380,1310,gradient_x_input,-0.3093861367863913,-0.04762611760654383,0.006404218729585409
2381,647,gradient_x_input,0.07357273697853088,0.1081637904047966,0.5028367042541504
2382,6510,gradient_x_input,-0.31171466004544574,-0.04284210846220192,0.0026651278603821993
2383,8040,gradient_x_input,-0.2154730260372162,-0.11044134735129774,0.016112249344587326
2384,1183,gradient_x_input,-0.1766697307563542,-0.05312239548463064,0.006948928348720074
2385,2859,gradient_x_input,-0.298032202399694,-0.010004527007157985,0.1870996206998825
2386,7769,gradient_x_input,-0.25816326438345844,-0.0698969809907592,0.004893041681498289
2387,8403,gradient_x_input,0.21677606246050665,0.03580408061251921,0.49992257356643677
2388,7110,gradient_x_input,-0.12008072085240308,-0.06294591593391755,0.04990537092089653
2389,5798,gradient_x_input,-0.045196392107754946,0.011512008961290121,0.1734800934791565
2390,3128,gradient_x_input,-0.2586069940863287,-0.056539444252848625,0.02637794427573681
2391,7197,gradient_x_input,-0.1611272466297333,-0.10247622401668476,0.11003431677818298
2392,3148,gradient_x_input,-0.12720203369855881,-0.10399807274341583,0.11647744476795197
2393,510,gradient_x_input,-0.22233417257666588,-0.17425031949053793,0.020307330414652824
2394,3059,gradient_x_input,-0.08940546462933223,-0.15437571331858635,0.1722683161497116
2395,7940,gradient_x_input,-0.2911481703321139,-0.02919199615716934,0.06781624257564545
2396,4049,gradient_x_input,-0.19063320830464364,-0.04301599264144897,0.16113224625587463
2397,5875,gradient_x_input,0.0762531517640404,-0.03999811799629875,0.36936989426612854
2398,3859,gradient_x_input,0.35286533534526826,0.029227187236150105,0.775790274143219
2399,6849,gradient_x_input,-0.284218642488122,-0.07572490498423576,0.014884787611663342
2400,8149,gradient_x_input,0.09177529582610497,0.11330269907529537,0.5806715488433838
2401,6260,gradient_x_input,-0.09185193543848784,-0.09762783802073935,0.26756539940834045
2402,3312,gradient_x_input,0.18403840163036397,0.11650559149290386,0.5156006813049316
2403,7866,gradient_x_input,-0.12005962546055134,-0.05231044785334514,0.24110370874404907
2404,4201,gradient_x_input,0.09602715126996816,-0.02789252234059711,0.4674282371997833
2405,7652,gradient_x_input,-0.23043472658504138,-0.059488548304546966,0.03659488260746002
2406,4273,gradient_x_input,0.016591487960381943,-0.022663717920129948,0.3246019184589386
2407,3181,gradient_x_input,0.08358597640807812,-0.07872899908285874,0.4222126305103302
2408,3817,gradient_x_input,-0.016906922062238056,-0.08014031327687778,0.3791472315788269
2409,1880,gradient_x_input,-0.12006804181469811,-0.030971119387282267,0.1556859165430069
2410,5350,gradient_x_input,0.25618963008341583,0.08523658241914667,0.49084746837615967
2411,3615,gradient_x_input,0.1736245129156757,0.054603388986072025,0.5541823506355286
2412,4058,gradient_x_input,-0.07649674057029188,-0.02990004071034491,0.15394602715969086
2413,6915,gradient_x_input,-0.38573309944735634,-0.04258974998568495,0.04219679906964302
2414,321,gradient_x_input,0.15870189997884962,0.1173450176914533,0.6680099368095398
2415,4722,gradient_x_input,0.13637744679170496,-0.04282898236723507,0.41292208433151245
2416,6422,gradient_x_input,0.2750816066627917,0.07122550839963167,0.6547605395317078
2417,3295,gradient_x_input,0.045835058478748095,-0.07074098551974577,0.2608485221862793
2418,6421,gradient_x_input,-0.10652877828654121,-0.15241197540479548,0.14809656143188477
2419,9330,gradient_x_input,-0.22399814628685513,-0.11043496535470089,0.006920894142240286
2420,8138,gradient_x_input,-0.09303069580346346,-0.06996830203570426,0.2029205709695816
2421,3205,gradient_x_input,-0.27957992907613516,-0.06320646420742075,0.008342038840055466
2422,2522,gradient_x_input,0.22847661014114107,0.08481205020632063,0.5078630447387695
2423,6998,gradient_x_input,-0.25035687448347316,-0.09486811476595261,0.0556359589099884
2424,5556,gradient_x_input,0.12174435598509652,-0.03219694466817947,0.36902204155921936
2425,5938,gradient_x_input,0.06010476052761078,-0.15496513843536378,0.3204911947250366
2426,500,gradient_x_input,-0.03150272534953223,-0.06097524530357785,0.370100736618042
2427,3000,gradient_x_input,-0.1091214908581031,-0.0767009489630398,0.12666989862918854
2428,3555,gradient_x_input,-0.22453615647357175,-0.09057373096070745,0.005347609985619783
2429,8612,gradient_x_input,-0.28973609597111744,-0.04807184605548779,0.03690440207719803
2430,9249,gradient_x_input,0.3001866271098455,0.024833294749259948,0.53188556432724
2431,3032,gradient_x_input,-0.08127723534901937,-0.004301839570204417,0.16035914421081543
2432,9705,gradient_x_input,0.3475377071234915,0.003334668775399526,0.6412362456321716
2433,330,gradient_x_input,-0.09088147282600403,-0.1988838478922844,0.19843491911888123
2434,3078,gradient_x_input,-0.08758631567744647,0.03603129921590581,0.4178873300552368
2435,2018,gradient_x_input,-0.19566997461434868,-0.0581096557693349,0.08387569338083267
2436,3274,gradient_x_input,-0.0685928538441658,-0.0754047878086567,0.1897171586751938
2437,3233,gradient_x_input,-0.369118533318951,-0.05359498092106411,0.08861353248357773
2438,3387,gradient_x_input,-0.319195743300952,-0.06091800935155334,0.0002668421948328614
2439,144,gradient_x_input,0.3271564493576686,0.12611606220404306,0.8152123093605042
2440,9742,gradient_x_input,0.18173670685953563,0.06375618278980255,0.5500736236572266
2441,367,gradient_x_input,-0.16798032307997346,-0.0012356059936185677,0.12966300547122955
2442,8679,gradient_x_input,-0.24871324292487568,-0.04322464784814252,0.1456797868013382
2443,4304,gradient_x_input,-0.32866358167181414,-0.11651913715260369,0.0738111361861229
2444,7178,gradient_x_input,-0.07580321855269946,-0.02442779105443221,0.2657877802848816
2445,333,gradient_x_input,-0.5225014865357914,-0.160322434440984,0.0022448129020631313
2446,518,gradient_x_input,0.21416106934730822,0.06117933300825266,0.4412803649902344
2447,7040,gradient_x_input,-0.2238712360849604,-0.09858594369143248,0.006370410323143005
2448,4229,gradient_x_input,0.26841763108968736,0.25764901638031007,0.7407733798027039
2449,3833,gradient_x_input,-0.27168615665286777,-0.04990871222689748,0.02034330926835537
2450,6058,gradient_x_input,-0.14814659514847925,-0.26182669225861044,0.43563300371170044
2451,576,gradient_x_input,-0.17576880503774567,-0.03856753757880891,0.015031280927360058
2452,4215,gradient_x_input,0.10356947622801128,0.014844303852633425,0.5733649730682373
2453,2758,gradient_x_input,-0.2890823722625963,-0.05084517873966923,0.004482967313379049
2454,4756,gradient_x_input,-0.31472096932323085,-0.08885136894557787,0.05211664363741875
2455,9000,gradient_x_input,-0.19061619987090428,-0.005288261920213699,0.09554261714220047
2456,3813,gradient_x_input,-0.22872375688430938,-0.05497791635041887,0.018762661144137383
2457,3045,gradient_x_input,0.2473892090221246,0.10012528151273728,0.49227574467658997
2458,4047,gradient_x_input,-0.20710718099560058,-0.09869021407905079,0.08657359331846237
2459,9094,gradient_x_input,0.19262299686670303,0.02503395453095436,0.46498873829841614
2460,8181,gradient_x_input,-0.19345514457672836,-0.06817462742328644,0.0994180291891098
2461,6309,gradient_x_input,-0.1794818361048345,-0.02833010835780038,0.11395431309938431
2462,1479,gradient_x_input,-0.2763698026537895,-0.06112293855819319,0.029923254624009132
2463,543,gradient_x_input,-0.344977796398874,-0.06478406546701646,0.029201088473200798
2464,1618,gradient_x_input,-0.26212250664830206,-0.00470883809030056,0.048628658056259155
2465,9032,gradient_x_input,0.5054771114479412,0.20006122507832266,0.8392838835716248
2466,7746,gradient_x_input,-0.13627401757985352,-0.07835905235260725,0.012013139203190804
2467,6039,gradient_x_input,-0.22073749131099743,-0.06029118224978447,0.0547005869448185
2468,7919,gradient_x_input,-0.33374373496256093,-0.05907313932072033,0.024027487263083458
2469,7624,gradient_x_input,-0.20480832159519197,-0.06631704022487005,0.03218035399913788
2470,9495,gradient_x_input,-0.08162114396691322,0.011620726436376572,0.4171644151210785
2471,8657,gradient_x_input,0.10497769997233436,-0.03753591435296195,0.392701119184494
2472,7160,gradient_x_input,-0.26665356755256653,-0.10513252232755933,0.12619172036647797
2473,2358,gradient_x_input,-0.21336645636564264,-0.034424721729010344,0.020121054723858833
2474,8250,gradient_x_input,-0.22233170022398396,-0.024349440081530938,0.0017731875414028764
2475,1655,gradient_x_input,-0.0036397553980350495,-0.04441614001989365,0.2124847173690796
2476,6911,gradient_x_input,-0.2415487167891115,-0.04278069981955923,0.004674671217799187
2477,1746,gradient_x_input,0.34676892012357713,0.16155847907066345,0.6620699763298035
2478,5794,gradient_x_input,-0.37989591919786986,-0.017656664003527934,0.005703683476895094
2479,14,gradient_x_input,0.2774996977476847,0.08114152933870043,0.5710968375205994
2480,1877,gradient_x_input,-0.22673449549823999,-0.15458194244652987,0.014109996147453785
2481,7888,gradient_x_input,-0.058825252311570306,-0.03300338912577856,0.20526881515979767
2482,8520,gradient_x_input,0.17144478549217357,0.07959815191811528,0.35594889521598816
2483,6883,gradient_x_input,-0.11059221625328064,0.059273951553872654,0.28186291456222534
2484,3761,gradient_x_input,0.12057943680347541,-0.049843873733129256,0.492264986038208
2485,0,gradient_x_input,-0.04079478896326489,-0.0748307760115023,0.4357873201370239
2486,6831,gradient_x_input,-0.2587203488305763,-0.14180050569551964,0.3510061502456665
2487,7722,gradient_x_input,0.06854419386194598,-0.08934901029832902,0.2945769727230072
2488,9630,gradient_x_input,-0.29025108739733696,-0.031956177204847336,0.06866639107465744
2489,7672,gradient_x_input,-0.2263646615403039,-0.0806651356230889,0.03134454786777496
2490,6568,gradient_x_input,-0.07385483809879848,-0.04370466007718018,0.14033734798431396
2491,655,gradient_x_input,-0.0431445837020874,-0.07926302279035251,0.1666376143693924
2492,9349,gradient_x_input,-0.14757265673122472,-0.07587758322349852,0.00483818119391799
2493,4241,gradient_x_input,-0.18451808156588903,-0.08986624330282211,0.017345597967505455
2494,3023,gradient_x_input,-0.30471197243681863,-0.039798396737559846,0.006109780166298151
2495,1851,gradient_x_input,0.2896325219618647,0.08788567467739708,0.6105474829673767
2496,349,gradient_x_input,-0.0798690293369622,-0.019931017324842256,0.24738675355911255
2497,6340,gradient_x_input,0.08827974926680326,0.019754398614168167,0.5098487734794617
2498,1156,gradient_x_input,0.0433603691704133,-0.03224581129410688,0.27929550409317017
2499,3017,gradient_x_input,-0.14992104087557112,-0.05238937075648989,0.1408715844154358
2500,457,gradient_x_input,0.22056138385897098,0.14185197133085,0.7910329103469849
2501,2867,gradient_x_input,-0.062093893912705506,0.03781024705279957,0.42870235443115234
2502,5033,gradient_x_input,0.2471706775518564,0.06005492347937364,0.6780276298522949
2503,4622,gradient_x_input,-0.12035560867060786,-0.07812224134154942,0.21266357600688934
2504,6329,gradient_x_input,-0.08477335087954999,-0.0649329163134098,0.2821274399757385
2505,7081,gradient_x_input,-0.1671324490259091,-0.05296713455269734,0.06359463930130005
2506,6786,gradient_x_input,-0.17705761728187402,-0.04601450484866897,0.010641198605298996
2507,8458,gradient_x_input,-0.24625132661312818,-0.08235966181382537,0.04596208035945892
2508,5206,gradient_x_input,0.33130090265739254,0.0885933510413984,0.729332685470581
2509,6053,gradient_x_input,-0.289606942570415,-0.06527152541896393,0.035901401191949844
2510,131,gradient_x_input,-0.01514372146791882,-0.033399863375557795,0.22445830702781677
2511,3692,gradient_x_input,-0.2860733772561486,-0.04795365078773882,0.0025436722207814455
2512,6192,gradient_x_input,-0.226290475577116,-0.042315700879463784,0.25670063495635986
2513,9523,gradient_x_input,-0.17665105494784145,-0.08450706284947512,0.09408332407474518
2514,4587,gradient_x_input,-0.11872750617287776,-0.13946554092345415,0.09424690157175064
2515,9818,gradient_x_input,-0.20070438415688627,-0.008832666858592454,0.04872306063771248
2516,3235,gradient_x_input,0.34093035385012627,0.0714241440097491,0.6959211826324463
2517,8641,gradient_x_input,-0.292366369361324,-0.0919947097344058,0.004867217969149351
2518,4879,gradient_x_input,-0.20158120351178305,-0.03946608943598611,0.006866496056318283
2519,6854,gradient_x_input,-0.09282992780208588,0.02703106307557651,0.20629441738128662
2520,8572,gradient_x_input,0.030503935180604458,0.01729217078536749,0.32391101121902466
2521,3639,gradient_x_input,-0.09656589185552937,-0.10827234334179334,0.2065764218568802
2522,7358,gradient_x_input,0.363512880329428,0.06279101197061868,0.848475456237793
2523,8826,gradient_x_input,0.2698099408298731,0.1786909718066454,0.6115676760673523
2524,2303,gradient_x_input,0.32779846172178945,0.018967880356696346,0.6689764857292175
2525,7315,gradient_x_input,0.31337856475649206,0.1693815326896207,0.7542608380317688
2526,5308,gradient_x_input,-0.20586192616346208,-0.09645193755965341,0.04795151576399803
2527,6808,gradient_x_input,-0.22669344427513666,-0.10147116898462691,0.027255138382315636
2528,9395,gradient_x_input,-0.2860432878638116,-0.06392952321598735,0.0043520028702914715
2529,265,gradient_x_input,-0.26427527889609337,-0.11331651448879553,0.025978950783610344
2530,4763,gradient_x_input,-0.2568229723514782,-0.0358151787529803,0.009797750040888786
2531,9111,gradient_x_input,-0.2809003003252049,-0.11156959521273772,0.03425786271691322
2532,6789,gradient_x_input,0.2417811886407435,0.03132212720811367,0.590389609336853
2533,4597,gradient_x_input,0.5328353072649666,0.19099033890025957,0.9069997072219849
2534,2531,gradient_x_input,-0.044783627948699854,-0.07055703722513638,0.1984277367591858
2535,4862,gradient_x_input,-0.2821359391126669,-0.09889146177606149,0.03391021862626076
2536,7669,gradient_x_input,0.18113098764105848,0.03182851640801681,0.412742555141449
2537,316,gradient_x_input,-0.2561347493411679,-0.07491288373344823,0.019474787637591362
2538,1897,gradient_x_input,0.26354061141610147,0.06086262017488479,0.5879573225975037
2539,8860,gradient_x_input,-0.20709296353161336,-0.11065238006412983,0.13643969595432281
2540,6407,gradient_x_input,-0.2785707889124751,-0.030922022855116263,0.021667707711458206
2541,8231,gradient_x_input,-0.198601154720082,-0.16707168081227472,0.07200539857149124
2542,8521,gradient_x_input,-0.3516542099416256,-0.16674781255424023,0.04329602047801018
2543,6112,gradient_x_input,-0.22749106544587347,-0.05450246778006355,0.02430630661547184
2544,8128,gradient_x_input,0.058486826717853546,-0.0054589565843343735,0.325257271528244
2545,2039,gradient_x_input,0.10158297854165237,-0.09551005644930734,0.3373856246471405
2546,103,gradient_x_input,-0.23316727788784566,-0.05496251984284474,0.040164411067962646
2547,3297,gradient_x_input,-0.13337166560813785,-0.057032689452171326,0.14388278126716614
2548,794,gradient_x_input,-0.2821242706850171,-0.06388461854308844,0.005065251607447863
2549,5967,gradient_x_input,-0.1565141327240888,-0.04375520567683613,0.2622986137866974
2550,5332,gradient_x_input,-0.27916937540559206,-0.17300490925417228,0.06587687134742737
2551,8586,gradient_x_input,0.03695706827075858,-0.024491757938736362,0.3674827516078949
2552,1658,gradient_x_input,0.09999417194298335,-0.0034693550495874313,0.5020164847373962
2553,3933,gradient_x_input,-0.07742771777239713,-0.046517065077117,0.13650541007518768
2554,6968,gradient_x_input,-0.2923703572402398,-0.05753760288159052,0.015283593907952309
2555,9469,gradient_x_input,-0.06081265939966492,-0.01382002364034238,0.2501419186592102
2556,7854,gradient_x_input,0.14711429178714752,-0.0027721234493785435,0.4259766936302185
2557,3210,gradient_x_input,0.002361708010236422,0.030221837262312572,0.35003623366355896
2558,7012,gradient_x_input,0.09264070975283782,0.014563389122486115,0.5033076405525208
2559,9808,gradient_x_input,0.007317496240139007,-0.022445457577705382,0.2762671113014221
2560,2973,gradient_x_input,0.22703677886410764,0.047229873506646404,0.4803959131240845
2561,932,gradient_x_input,0.006580867171287537,0.028970699310302734,0.4014349579811096
2562,6163,gradient_x_input,0.3997942805290222,0.1862866062867014,0.915254533290863
2563,6432,gradient_x_input,0.5889067161083221,0.23115122079849243,0.9745040535926819
2564,3497,gradient_x_input,0.2249658246835073,0.12986135284105937,0.5456035137176514
2565,3202,gradient_x_input,-0.2699450910748804,-0.10839071836979951,0.023343535140156746
2566,2611,gradient_x_input,0.2938366740942001,0.07122541268666585,0.5247154831886292
2567,9631,gradient_x_input,0.018075547516345977,-0.04168711423873901,0.22760845720767975
2568,567,gradient_x_input,0.33598493450674516,0.14444977867192235,0.7236638069152832
2569,764,gradient_x_input,-0.24075225932580052,-0.04034039101591616,0.04737846180796623
2570,4366,gradient_x_input,-0.08965530643860499,-0.07407073477904001,0.15420879423618317
2571,8367,gradient_x_input,0.2662409675471923,0.004098145400776583,0.5428609848022461
2572,7360,gradient_x_input,-0.21325209922118424,-0.047270833815370374,0.0016796797281131148
2573,1441,gradient_x_input,-0.12331894012715887,-0.001590078806175905,0.1873389631509781
2574,921,gradient_x_input,0.22896936784187952,0.19735336469279396,0.6853117346763611
2575,8222,gradient_x_input,0.3686336779168674,0.2608026915362903,0.8048217296600342
2576,1794,gradient_x_input,-0.2547170848452619,-0.0839893582410046,0.02052241563796997
2577,3838,gradient_x_input,-0.25275226309895515,-0.06299198349006474,0.03621654212474823
2578,3122,gradient_x_input,-0.33478327104821803,-0.0319267135579139,0.006354974582791328
2579,6127,gradient_x_input,-0.2571355920428267,-0.11221867892891169,0.008014657534658909
2580,6319,gradient_x_input,-0.32964485997799786,-0.10926118027418852,0.029896698892116547
2581,2388,gradient_x_input,0.19733757432550192,0.0660552978515625,0.47264033555984497
2582,4466,gradient_x_input,0.265383659173613,0.09929294365903606,0.5730688571929932
2583,4505,gradient_x_input,-0.23300158232450485,0.0494024033844471,0.17343918979167938
2584,1606,gradient_x_input,-0.22392280432193176,-0.0791818200732055,0.015103349462151527
2585,2147,gradient_x_input,-0.1643150423008662,-0.2179741794959857,0.0615299828350544
2586,36,gradient_x_input,0.4854460421949625,-0.00861876755952835,0.7854849100112915
2587,9147,gradient_x_input,0.014642738160632905,-0.16992695061933427,0.3181847929954529
2588,761,gradient_x_input,-0.1268565052229425,-0.1082933515958164,0.12206654250621796
2589,5268,gradient_x_input,-0.06548492959700525,-0.15372264757752419,0.20957669615745544
2590,3038,gradient_x_input,-0.30694114490013036,-0.0678534067036318,0.019569529220461845
2591,5503,gradient_x_input,-0.2555629719908421,-0.06062948180792423,0.02058752067387104
2592,5228,gradient_x_input,0.244814182663786,0.14987034119408707,0.6258740425109863
2593,1623,gradient_x_input,-0.34422474386899365,-0.19250196412853574,0.1446055918931961
2594,577,gradient_x_input,-0.10903778759872212,-0.07170166009489227,0.10271941870450974
2595,6426,gradient_x_input,-0.16916969598367296,-0.00738105563254192,0.24971477687358856
2596,8087,gradient_x_input,-0.22336737311592228,-0.07182907107237138,0.04205183684825897
2597,8536,gradient_x_input,0.2700636379420757,0.1673035092651844,0.5814566612243652
2598,9564,gradient_x_input,-0.3089956177605523,-0.06793810541017188,0.016003092750906944
2599,2232,gradient_x_input,-0.261802172376996,-0.048893721330733525,0.17972512543201447
2600,2319,gradient_x_input,-0.08315055295825005,-0.10787639766931534,0.2017628252506256
2601,5707,gradient_x_input,-0.4907454675499429,-0.11719282034863816,0.10721222311258316
2602,9690,gradient_x_input,-0.27038494853869727,-0.06489622131313967,0.041275572031736374
2603,5306,gradient_x_input,-0.060696193262150415,-0.08967115377124987,0.31226062774658203
2604,7938,gradient_x_input,0.031237154414779263,-0.0058076648335707816,0.3084762692451477
2605,2167,gradient_x_input,-0.1586479890075597,-0.24734510752287778,0.32015353441238403
2606,637,gradient_x_input,-0.1600658078988393,-0.08405864387750625,0.2369113713502884
2607,8668,gradient_x_input,-0.01107121169567108,-0.014578912258148193,0.26871800422668457
2608,5594,gradient_x_input,-0.15490219090965443,-0.10941676595913512,0.012680405750870705
2609,6555,gradient_x_input,-0.11236570444371966,-0.21905299772818884,0.14947444200515747
2610,8098,gradient_x_input,-0.4225520506501198,-0.07469861702993512,0.03292248025536537
2611,47,gradient_x_input,0.4956730078248417,0.08958048154326047,0.7709248065948486
2612,5505,gradient_x_input,0.32671763535056797,0.04722554626918975,0.5557584762573242
2613,9196,gradient_x_input,0.1802676239838967,0.02582482535105485,0.6326545476913452
2614,8416,gradient_x_input,0.16969874568960883,0.062491629611362114,0.49860090017318726
2615,4509,gradient_x_input,-0.2676202742382884,-0.0801197241526097,0.013668186962604523
2616,2638,gradient_x_input,0.31956590536762686,0.07004130587858312,0.7345981597900391
2617,8708,gradient_x_input,-0.17529792450368403,-0.056221116706728934,0.08072798699140549
2618,8476,gradient_x_input,-0.04180192981253971,0.005109587176279588,0.15596148371696472
2619,3080,gradient_x_input,-0.09921655356884003,-0.0728508432706197,0.15965570509433746
2620,2870,gradient_x_input,-0.10375650878995657,-0.026545757427811623,0.26514989137649536
2621,2213,gradient_x_input,-0.30501412687932744,-0.05775086166720618,0.010725773870944977
2622,6043,gradient_x_input,-0.16244155690073966,-0.07527263499796391,0.046624600887298584
2623,3798,gradient_x_input,0.044203177094459534,0.11680915455023448,0.5544701814651489
2624,7972,gradient_x_input,0.03335513477213681,-0.08165991958230734,0.3260411322116852
2625,5739,gradient_x_input,-0.016441333293914794,-0.05147254317998886,0.27731963992118835
2626,4822,gradient_x_input,-0.024985242854146397,-0.013856382930980009,0.2577130198478699
2627,9067,gradient_x_input,-0.20422261068597436,-0.09855122689623386,0.0405559204518795
2628,5799,gradient_x_input,-0.25826045994957286,-0.11616787035018206,0.05296976864337921
2629,7482,gradient_x_input,-0.2826823895176252,-0.03227023299162587,0.0036292579025030136
2630,2114,gradient_x_input,0.35219716787338257,0.06386446952819824,0.6506621241569519
2631,1112,gradient_x_input,-0.24196688818434875,-0.0731715951114893,0.03613762930035591
2632,8178,gradient_x_input,0.17227804336858832,0.10187413511068924,0.4539547562599182
2633,3717,gradient_x_input,0.16156930589314664,0.047856116836721245,0.45997312664985657
2634,713,gradient_x_input,0.07512626690523964,-0.13001601823738643,0.5046142339706421
2635,872,gradient_x_input,-0.043061324291759066,-0.051194008025858134,0.1816200613975525
2636,1149,gradient_x_input,-0.2455552643785874,-0.06386608816683292,0.024432653561234474
2637,9299,gradient_x_input,-0.34259530194103716,-0.031847370266914365,0.01383458636701107
2638,5663,gradient_x_input,-0.22763064157749927,-0.08494651743343898,0.10040811449289322
2639,8167,gradient_x_input,-0.09238255591619582,0.06247152671927497,0.3234998881816864
2640,3315,gradient_x_input,0.028085604310035706,-0.02625306649133563,0.28692805767059326
2641,4588,gradient_x_input,0.41436744453730406,0.09748358748577259,0.8715643286705017
2642,5098,gradient_x_input,-0.26303035784512757,-0.06927464669570327,0.012968084774911404
2643,6077,gradient_x_input,-0.24800935625098647,-0.0661216867621988,0.017991578206419945
2644,7966,gradient_x_input,-0.26939170504920185,-0.05240372085972922,0.0013423408381640911
2645,1020,gradient_x_input,-0.3048919884022325,-0.05998794414335862,0.012677907012403011
2646,4102,gradient_x_input,0.4443721820054383,0.15803459646372958,0.8339940309524536
2647,5368,gradient_x_input,0.5066675149764006,0.19248360624680153,0.8400371074676514
2648,6543,gradient_x_input,-0.030670090482152742,0.04357872081213984,0.3431854844093323
2649,958,gradient_x_input,-0.1451843281586965,-0.079018368323644,0.14438126981258392
2650,3846,gradient_x_input,0.30635688785049653,-0.15229510515928268,0.6196422576904297
2651,2748,gradient_x_input,-0.16697904029313257,-0.11452831503222971,0.08493014425039291
2652,4710,gradient_x_input,0.12509670108556747,0.112259108041014,0.39144542813301086
2653,8279,gradient_x_input,-0.25694899875670674,-0.06064545760552088,0.03442125394940376
2654,586,gradient_x_input,-0.2609898990744518,-0.05438477897809611,0.03668462857604027
2655,1817,gradient_x_input,0.2558981882674353,0.10440255169357572,0.5460230112075806
2656,782,gradient_x_input,0.2111619139711062,0.0076908932791815866,0.38867396116256714
2657,8241,gradient_x_input,0.12084859496716296,-0.01283677238406557,0.3748607337474823
2658,335,gradient_x_input,-0.02337305960447892,0.021884007298428078,0.287555456161499
2659,3755,gradient_x_input,0.008001971989870071,-0.034482365982099014,0.2146470695734024
2660,2191,gradient_x_input,0.04193883520715377,-0.01581529834691216,0.28419771790504456
2661,9214,gradient_x_input,-0.026326283812522888,-0.12778998130843752,0.2691485285758972
2662,5205,gradient_x_input,-0.28558402155574997,-0.07188016803641069,0.0575362853705883
2663,6073,gradient_x_input,-0.2348541566170752,-0.0549626068345138,0.08396565914154053
2664,23,gradient_x_input,-0.2121804711573264,-0.18058885809253244,0.11261492222547531
2665,4923,gradient_x_input,-0.24302563443779945,-0.13444079853156032,0.061021383851766586
2666,4556,gradient_x_input,-0.17115259253316456,-0.0580990860859553,0.24860934913158417
2667,2012,gradient_x_input,0.08070055567301236,-0.05845131323887752,0.35563814640045166
2668,381,gradient_x_input,-0.16345981135964394,-0.0920619693895181,0.037967659533023834
2669,3127,gradient_x_input,-0.004515018779784441,-0.10406994726508856,0.21845991909503937
2670,6398,gradient_x_input,0.1724778637290001,0.0816905986179005,0.6630389094352722
2671,1981,gradient_x_input,-0.25419109999867423,-0.0668523369490036,0.005394446663558483
2672,3095,gradient_x_input,-0.33765327081303387,-0.10381201698499568,0.011352366767823696
2673,6758,gradient_x_input,-0.30120669641473796,-0.05228466553671751,0.0064395093359053135
2674,2025,gradient_x_input,0.3854433168967565,0.09694919586181641,0.6416126489639282
2675,9398,gradient_x_input,-0.277188534677193,-0.04800947307033793,0.0017090571345761418
2676,5100,gradient_x_input,-0.192771153699141,-0.057456048467429355,0.00658273184671998
2677,3526,gradient_x_input,-0.31396026930047405,-0.06967082319574223,0.015641329810023308
2678,7532,gradient_x_input,0.34616799652576447,0.1616748734599068,0.6270502209663391
2679,3007,gradient_x_input,0.13617292252080193,0.06388071539073155,0.5438830256462097
2680,1084,gradient_x_input,0.2495370774584658,0.25093133922885447,0.5655570030212402
2681,9837,gradient_x_input,0.14691972842922918,-0.04306085959628776,0.5440959930419922
2682,9258,gradient_x_input,-0.21069278532550448,-0.014327319959799448,0.17261384427547455
2683,4503,gradient_x_input,-0.17178749851882458,-0.08900916809216142,0.10641404986381531
2684,1575,gradient_x_input,0.3623853409662843,0.03745615854859352,0.7099810838699341
2685,3091,gradient_x_input,0.37346291144688926,0.19405787189801535,0.8751144409179688
2686,2484,gradient_x_input,-0.2932657839730382,-0.06237534713000059,0.06483732908964157
2687,4489,gradient_x_input,0.13787419260257766,-0.09957350222837358,0.3395431935787201
2688,5070,gradient_x_input,-0.22704230807721615,-0.06786449113860726,0.07770730555057526
2689,5669,gradient_x_input,0.4548283765713374,0.16888636350631714,0.7978162169456482
2690,2138,gradient_x_input,-0.13785825572583987,-0.15382934782816016,0.143035426735878
2691,6580,gradient_x_input,-0.31535428549562183,-0.053106273258371015,0.009570155292749405
2692,2516,gradient_x_input,-0.2154462372418493,-0.034290183987468484,0.041411060839891434
2693,9154,gradient_x_input,0.062281903624534604,0.05410741031169891,0.4071199893951416
2694,5456,gradient_x_input,-0.1318266910855614,-0.0549895087855735,0.002542091067880392
2695,3433,gradient_x_input,-0.008973200093297398,-0.07391850387348849,0.3196968138217926
2696,3989,gradient_x_input,-0.29590371282150346,-0.06671166849426097,0.01318898145109415
2697,7422,gradient_x_input,-0.16499616400055264,-0.1560039027877476,0.1537180244922638
2698,5009,gradient_x_input,0.18398836126615262,-0.02463463000182448,0.4265684187412262
2699,1458,gradient_x_input,0.01832030266523361,0.018082786599795023,0.3032118082046509
2700,952,gradient_x_input,-0.2856355174021287,-0.09188396415927193,0.12776044011116028
2701,9718,gradient_x_input,0.018237082581771046,0.0308628333242316,0.5182509422302246
2702,960,gradient_x_input,-0.03799678149976229,0.07496220579272822,0.4196206331253052
2703,7273,gradient_x_input,0.21198902651667595,0.044582903385162354,0.4810295104980469
2704,765,gradient_x_input,-0.002818905282765627,0.11079696426168084,0.36835235357284546
2705,8316,gradient_x_input,-0.13050660956650972,-0.13624394265934825,0.18489451706409454
2706,3400,gradient_x_input,-0.06156684085726738,-0.023439917299482558,0.1176433265209198
2707,2316,gradient_x_input,0.01927851750092073,0.010616350580345501,0.288962185382843
2708,9465,gradient_x_input,0.35172828257083893,0.13902658581733704,0.820496678352356
2709,9346,gradient_x_input,0.30861575954726767,0.004116744867392949,0.672723114490509
2710,7835,gradient_x_input,0.22839690372347832,0.16763542145490645,0.7621870636940002
2711,4032,gradient_x_input,0.39087357421716057,0.15537418127059938,0.9373722672462463
2712,2029,gradient_x_input,-0.050077318790413085,-0.08375932240769976,0.39454779028892517
2713,4718,gradient_x_input,0.03741004690527916,0.0390885304659605,0.2714459002017975
2714,286,gradient_x_input,0.4597648896954276,0.10270649194717407,0.9934485554695129
2715,908,gradient_x_input,0.15112443991443691,-0.0024046424557180967,0.5397204756736755
2716,1482,gradient_x_input,0.07524311610243538,0.014443692835894499,0.27223533391952515
2717,9660,gradient_x_input,-0.15327547738949457,-0.13431519518295923,0.20938125252723694
2718,4712,gradient_x_input,-0.08462147592079072,-0.06564215428772427,0.13058507442474365
2719,2133,gradient_x_input,-0.21685334984213114,-0.08272909261286258,0.018274979665875435
2720,9608,gradient_x_input,-0.3628927340110143,-0.16535493731498718,0.14981146156787872
2721,9774,gradient_x_input,-0.11113041862845421,0.012297629937529564,0.2365657389163971
2722,9211,gradient_x_input,-0.23158675065884987,-0.04531145760168632,0.011182229034602642
2723,563,gradient_x_input,-0.21669764039309128,-0.046549962104662605,0.014900797978043556
2724,291,gradient_x_input,0.05003635532089642,-0.1370566114783287,0.47393664717674255
2725,1713,gradient_x_input,-0.27984978041301173,-0.10067214004488455,0.006420265417546034
2726,4012,gradient_x_input,-0.33249235239678193,-0.062448759962405474,0.016706986352801323
2727,8922,gradient_x_input,0.23936692345887423,0.10788706503808498,0.512001097202301
2728,169,gradient_x_input,-0.221607526873841,-0.06173035787308917,0.0672108381986618
2729,267,gradient_x_input,0.012906512527754812,-0.08931914152521075,0.2784288823604584
2730,9144,gradient_x_input,-0.23693808317184448,-0.054206244709591074,0.01849137246608734
2731,3172,gradient_x_input,0.03920735294620196,0.06876383225123088,0.39240676164627075
2732,2286,gradient_x_input,-0.3733615042133765,-0.1003709344024008,0.10193856060504913
2733,315,gradient_x_input,0.013241211573282877,-0.21762011590458097,0.32508882880210876
2734,8046,gradient_x_input,-0.28791538284470636,-0.0655172496335581,0.011098308488726616
2735,8822,gradient_x_input,0.4600777118043466,0.3380594896999272,0.749055027961731
2736,245,gradient_x_input,0.24568348315854868,-0.02277859052022298,0.4636363685131073
2737,5186,gradient_x_input,-0.05113771930336952,-0.12998715974390507,0.3448076844215393
2738,5421,gradient_x_input,0.22414633576516751,0.04321845924412763,0.4596599042415619
2739,6065,gradient_x_input,-0.11243563307368237,-0.052093355875948204,0.09551749378442764
2740,50,gradient_x_input,0.1546570075409753,-0.00212415201323373,0.5483059287071228
2741,3021,gradient_x_input,-0.2367008703450362,-0.052826553396880624,0.0344432108104229
2742,7028,gradient_x_input,-0.0631805161635081,0.05535334238299617,0.3482997715473175
2743,1372,gradient_x_input,-0.16785115206783469,-0.04758388074961575,0.2596820592880249
2744,4176,gradient_x_input,-0.15179218389093876,-0.012723560631275176,0.17343220114707947
2745,2470,gradient_x_input,-0.1665918308842395,-0.07377330719360284,0.00725655909627676
2746,8000,gradient_x_input,0.16614923576513926,0.11805644631385803,0.7493796348571777
2747,6156,gradient_x_input,-0.24054375232663006,-0.0714928139350377,0.01881452091038227
2748,1498,gradient_x_input,-0.2586973287441112,-0.1527761185058841,0.09309433400630951
2749,5868,gradient_x_input,-0.2225532667297456,-0.027087206797053415,0.05912746861577034
2750,1963,gradient_x_input,0.007331899553537369,0.16308569312095642,0.45506834983825684
2751,248,gradient_x_input,0.10300534255802632,-0.12481856644153595,0.3336604833602905
2752,4771,gradient_x_input,0.06447360416253407,0.0023628870646158853,0.5750445127487183
2753,1277,gradient_x_input,0.18927077247815974,0.22381892800331116,0.619950532913208
2754,4905,gradient_x_input,-0.027905128125486702,-0.12285259417418776,0.24206717312335968
2755,8025,gradient_x_input,-0.2829875864443325,-0.21039422353108725,0.08232808858156204
2756,2110,gradient_x_input,-0.033365996554493904,0.1286203290025393,0.5030661821365356
2757,9776,gradient_x_input,0.36946462623534665,0.10524356461340381,0.7856916785240173
2758,2945,gradient_x_input,0.16677803546190262,0.0905126432577769,0.6487014889717102
2759,6249,gradient_x_input,-0.07001756680639167,-0.05358387529850006,0.15569588541984558
2760,7023,gradient_x_input,-0.32850193353774754,-0.06242949525704202,0.005492150783538818
2761,795,gradient_x_input,0.12921628542244434,0.007273200899362564,0.41557133197784424
2762,9717,gradient_x_input,-0.1435881099353234,-0.12738189275066059,0.12686966359615326
2763,7908,gradient_x_input,-0.2634031708751406,-0.12609705861125672,0.14366397261619568
2764,5371,gradient_x_input,-0.15665247829424012,-0.06506682663328117,0.10620340704917908
2765,9655,gradient_x_input,-0.17334730855443262,-0.13717245192013003,0.05856282263994217
2766,447,gradient_x_input,-0.2706121138200678,-0.09126770656941266,0.019516216591000557
2767,2968,gradient_x_input,-0.32216627346841914,-0.05890278929942533,0.048845671117305756
2768,2152,gradient_x_input,0.15433583764926248,0.05645196075024812,0.4681960642337799
2769,7838,gradient_x_input,-0.3428620057909385,-0.1045416635663613,0.0385376438498497
2770,4852,gradient_x_input,0.013315676401058832,-0.05025935669740041,0.20599697530269623
2771,5157,gradient_x_input,-0.10922054284148747,-0.21435706703751176,0.412262886762619
2772,683,gradient_x_input,0.18833174288272858,0.09086461186408996,0.7792206406593323
2773,8118,gradient_x_input,-0.10414466376909438,-0.09772657175712726,0.06082053855061531
2774,6681,gradient_x_input,-0.35911660666267076,-0.10980898725489775,0.027975384145975113
2775,5741,gradient_x_input,0.025452344367901485,-0.09974577774604161,0.271180659532547
2776,1488,gradient_x_input,-0.2831087732981694,-0.027322384234713882,0.0452314168214798
2777,3077,gradient_x_input,-0.13872447273423594,-0.07552325893794337,0.1590126007795334
2778,3905,gradient_x_input,-0.2918953816065701,-0.07560647796930337,0.02138281986117363
2779,8594,gradient_x_input,-0.20532619004899805,-0.037861852144653145,0.09932880103588104
2780,318,gradient_x_input,-0.25536768174459856,-0.07981371110485445,0.04363894835114479
2781,856,gradient_x_input,0.019643337031205497,-0.08487084209918976,0.2540927231311798
2782,7743,gradient_x_input,-0.27923952640387517,-0.09605443374863987,0.07442079484462738
2783,2770,gradient_x_input,-0.20004792112324918,-0.05248909252030509,0.01965063437819481
2784,3566,gradient_x_input,-0.17593587277566686,-0.1484330942416016,0.03157947212457657
2785,376,gradient_x_input,-0.04729640217764037,0.03387726790138653,0.3191399574279785
2786,410,gradient_x_input,-0.06044557400875621,-0.10772612028651768,0.14707645773887634
2787,2405,gradient_x_input,0.1785857491195202,0.1479506626725197,0.5692591667175293
2788,3776,gradient_x_input,-0.35360261624058087,-0.05717099926744898,0.02185065671801567
2789,3946,gradient_x_input,0.39246975547737545,0.16249225040276846,0.6866202354431152
2790,1111,gradient_x_input,-0.06239835385765348,-0.05813058306063924,0.11384977400302887
2791,7660,gradient_x_input,0.11574165446636005,0.1026394153252626,0.6148086786270142
2792,8001,gradient_x_input,-0.14741668105125427,-0.11468143495065826,0.074343241751194
2793,2288,gradient_x_input,-0.2761635015319501,-0.0972658220811614,0.029039278626441956
2794,2127,gradient_x_input,0.21311425255692523,0.14014461701330932,0.49115344882011414
2795,5581,gradient_x_input,-0.21479527516147265,-0.08431375581914416,0.01503793429583311
2796,8256,gradient_x_input,0.047624790897736184,0.09844210056158212,0.6745533347129822
2797,6751,gradient_x_input,-0.2558493943574528,-0.1313172566394011,0.05247730761766434
2798,9399,gradient_x_input,-0.2909668179658743,-0.20446031741224802,0.1052628681063652
2799,2233,gradient_x_input,-0.2468877032254662,-0.08145303442142904,0.0031137189362198114
2800,5550,gradient_x_input,-0.1025794381275773,-0.05870965635403991,0.15413615107536316
2801,274,gradient_x_input,-0.4128148356595865,-0.04491747063226425,0.016693508252501488
2802,2344,gradient_x_input,-0.14720845216264328,-0.10682893370588621,0.05486561357975006
2803,1568,gradient_x_input,0.3435560115005659,0.04349231719970703,0.6346242427825928
2804,3133,gradient_x_input,-0.14724033280755533,0.03670691021464088,0.2367822229862213
2805,6178,gradient_x_input,-0.03062471396782819,-0.040997748865800744,0.2207033783197403
2806,7955,gradient_x_input,-0.1747399774612859,-0.05691340391058475,0.04655905067920685
2807,7820,gradient_x_input,-0.2290387150645256,-0.07201565399765969,0.03791545704007149
2808,9415,gradient_x_input,-0.06581283388314424,-0.052581792076428734,0.22204652428627014
2809,2574,gradient_x_input,-0.15978731730809578,-0.08626821178656358,0.23711691796779633
2810,965,gradient_x_input,0.4863906428217888,0.15069399082234927,0.8059965968132019
2811,2291,gradient_x_input,0.44110734822849434,0.15964109326402345,0.651631772518158
2812,5375,gradient_x_input,-0.19948687156041464,0.010159772510329882,0.24746882915496826
2813,6670,gradient_x_input,-0.3539896250835487,-0.10990385480579876,0.06641469150781631
2814,8955,gradient_x_input,-0.1131483542698401,-0.04994155908072436,0.16458193957805634
2815,8059,gradient_x_input,-0.3397498030681163,-0.08826680586207658,0.011133963242173195
2816,2755,gradient_x_input,-0.17154081714236075,-0.04834031334353818,0.13641993701457977
2817,4474,gradient_x_input,0.17733938992023468,0.10644391298294067,0.7257764339447021
2818,3910,gradient_x_input,-0.20302141248248518,-0.04106865680244352,0.014457088895142078
2819,2002,gradient_x_input,0.37863681859829845,0.1371357186752207,0.8516564965248108
2820,4794,gradient_x_input,-0.21497023850679398,-0.08102625431049437,0.1075531542301178
2821,8644,gradient_x_input,0.03983328028305157,0.04956285615225096,0.546720564365387
2822,6394,gradient_x_input,0.05669362097978592,-0.013808086514472961,0.41807031631469727
2823,5339,gradient_x_input,0.009558154836944912,0.062440350003864456,0.24166259169578552
2824,1730,gradient_x_input,-0.24533730068788775,-0.04250830499771631,0.019138842821121216
2825,2360,gradient_x_input,0.37686028399250726,0.1870849593119188,0.7268270254135132
2826,9379,gradient_x_input,0.013186218217015266,-0.10075143671461514,0.2394772171974182
2827,9058,gradient_x_input,-0.048713351496391825,-0.05088803047935168,0.1518542319536209
2828,9028,gradient_x_input,-0.030958328396081924,0.03793267595271269,0.45247936248779297
2829,7579,gradient_x_input,0.2785149399529804,0.0522441105409102,0.5479905605316162
2830,6428,gradient_x_input,0.0792749673128128,0.06334665182389711,0.5771923661231995
2831,1068,gradient_x_input,-0.21799270220493017,-0.1313040815293789,0.050804540514945984
2832,5337,gradient_x_input,-0.1662578128955581,-0.18175910142335025,0.1968742460012436
2833,1071,gradient_x_input,-0.06197956204414368,-0.03825110134979089,0.1968740075826645
2834,9456,gradient_x_input,-0.10366368852555752,-0.10661870303253333,0.17924535274505615
2835,5020,gradient_x_input,0.010520162992179394,0.1201971210539341,0.5162355303764343
2836,2115,gradient_x_input,-0.24064191251441283,-0.031412408514707175,0.07817044854164124
2837,5910,gradient_x_input,0.37293363626926174,0.30832080206563395,0.8420286774635315
2838,8448,gradient_x_input,-0.2279224855559213,-0.053312990495136804,0.1305079609155655
2839,3132,gradient_x_input,-0.24800922487188,-0.05118763751896291,0.03241626173257828
2840,7703,gradient_x_input,-0.07574537922354306,-0.0024591938537709855,0.18602986633777618
2841,474,gradient_x_input,-0.3896461951991786,-0.17715061682721842,0.14456066489219666
2842,8441,gradient_x_input,0.2914918969784464,0.13734158447810582,0.5526292324066162
2843,7584,gradient_x_input,-0.2621585902218756,-0.04541190431796407,0.006723271682858467
2844,3085,gradient_x_input,0.0023916603430457735,-0.0572703357623971,0.266539603471756
2845,8856,gradient_x_input,0.20080893025511787,0.05781549073400952,0.6968699097633362
2846,5936,gradient_x_input,0.09136002004146576,0.031231693923473358,0.3769429326057434
2847,3397,gradient_x_input,-0.31129694924068946,-0.04582556507860621,0.0035164637956768274
2848,4309,gradient_x_input,-0.3037961266402687,-0.059748220745296704,0.027501652017235756
2849,6169,gradient_x_input,-0.2912529566325247,-0.10991132780909538,0.03806060925126076
2850,3693,gradient_x_input,-0.23866101652383803,-0.13218255092700323,0.10533758252859116
2851,1691,gradient_x_input,0.30739891090813803,0.0316306694465525,0.6891828775405884
2852,4333,gradient_x_input,0.14030292959740528,0.028756781839407407,0.40692344307899475
2853,9574,gradient_x_input,0.4424628883600235,0.22281785756349565,0.7678642272949219
2854,8619,gradient_x_input,-0.2128137256118602,-0.03402722565390702,0.009747061878442764
2855,6832,gradient_x_input,0.2481965266845443,0.06962542235851288,0.8185045123100281
2856,3795,gradient_x_input,0.5082820559802809,0.08105086496001795,0.8808630108833313
2857,4649,gradient_x_input,-0.06168734708002636,0.031098375363009318,0.18496564030647278
2858,9226,gradient_x_input,-0.09531036184893714,-0.08277894142601225,0.1652539223432541
2859,7372,gradient_x_input,-0.013247688782626185,-0.037880874913314294,0.2298153042793274
2860,4929,gradient_x_input,-0.2757646360091473,-0.06270954042280975,0.019816726446151733
2861,4233,gradient_x_input,0.07557683661580086,0.005746498207251231,0.4646453559398651
2862,1145,gradient_x_input,0.24507096729108266,0.05243687757423946,0.5470249652862549
2863,3111,gradient_x_input,-0.24953501189456267,-0.08582288530819557,0.07171812653541565
2864,8737,gradient_x_input,0.017926232445807683,0.006219245138622466,0.4545203745365143
2865,2592,gradient_x_input,-0.04501050923551832,0.058827156467097144,0.33851659297943115
2866,9142,gradient_x_input,0.05844954028725624,-0.006585799157619476,0.3143974840641022
2867,624,gradient_x_input,-0.1839094027876854,-0.022750856727361678,0.27170681953430176
2868,9043,gradient_x_input,-0.2176085436030438,0.017880793268743315,0.08716792613267899
2869,3283,gradient_x_input,-0.307353225019243,0.020485580588380497,0.15887796878814697
2870,6341,gradient_x_input,-0.26314096958376465,-0.04638780472644915,0.0018437437247484922
2871,7522,gradient_x_input,-0.3095323223816721,-0.06072951804258322,0.026707712560892105
2872,9585,gradient_x_input,-0.07105742037296295,-0.05282046139240265,0.26601240038871765
2873,7440,gradient_x_input,-0.02510176427089251,0.06494369873633751,0.33558496832847595
2874,668,gradient_x_input,-0.031378270047051564,-0.2054871439933777,0.45657870173454285
2875,6750,gradient_x_input,0.2572391076999552,0.06384231763727524,0.5023205280303955
2876,5165,gradient_x_input,0.14053293604117173,0.11480467938459836,0.5489365458488464
2877,5279,gradient_x_input,-0.1200606595015242,-0.12373575302106994,0.06314520537853241
2878,582,gradient_x_input,-0.1467444147500727,0.07971165618962711,0.3109036684036255
2879,3945,gradient_x_input,-0.22720045182440016,-0.20501323292652765,0.16904138028621674
2880,7688,gradient_x_input,0.20617431189332688,0.16364438193184988,0.7455470561981201
2881,7614,gradient_x_input,-0.19925648967425028,-0.02677026887734731,0.17802466452121735
2882,1208,gradient_x_input,-0.011112909950315952,0.023915867134928704,0.24863244593143463
2883,7944,gradient_x_input,0.09315126715227962,0.01740930788218975,0.35907232761383057
2884,5030,gradient_x_input,-0.23294965358218178,-0.07581650372594595,0.08599187433719635
2885,76,gradient_x_input,-0.2360173130238598,-0.05154546815901995,0.03926362469792366
2886,6693,gradient_x_input,-0.19310850945903973,-0.10321459327550496,0.04063529521226883
2887,9478,gradient_x_input,0.061728347837924954,-0.010662062466144562,0.28569668531417847
2888,9464,gradient_x_input,-0.14173005459209284,-0.05200942978262901,0.08673493564128876
2889,1175,gradient_x_input,0.1478032491036824,0.06446264258452825,0.4329560399055481
2890,592,gradient_x_input,-0.21573518899579844,-0.09475298033406337,0.011291122063994408
2891,3774,gradient_x_input,-0.08994389257647774,-0.07747494632547552,0.21661542356014252
2892,5676,gradient_x_input,0.06048190966248512,0.0023670909660203116,0.26615139842033386
2893,7362,gradient_x_input,0.09982519100109737,0.06182281507386102,0.4216432571411133
2894,1470,gradient_x_input,-0.22497010141611098,-0.015698357596993447,0.06417886912822723
2895,705,gradient_x_input,0.10014501313368479,-0.09364860057830811,0.3682469427585602
2896,1688,gradient_x_input,0.15842334617201875,0.0732980283295236,0.49570244550704956
2897,4828,gradient_x_input,0.15881291809289352,-0.0033468630002892537,0.6771953105926514
2898,5386,gradient_x_input,-0.042095167096704245,-0.022977164946496487,0.15134374797344208
2899,4564,gradient_x_input,0.36046484583302546,0.023451572970340128,0.6195475459098816
2900,7450,gradient_x_input,0.20209383645227977,0.13731157886130468,0.6627421379089355
2901,9324,gradient_x_input,0.18861610856321123,0.13246247669061026,0.4986462891101837
2902,4747,gradient_x_input,0.17859469628647753,0.01307595011435057,0.3887168765068054
2903,4303,gradient_x_input,0.30972938047301385,0.07411543592329949,0.5729836821556091
2904,6460,gradient_x_input,-0.2535877135746619,-0.12675767698708704,0.0350336916744709
2905,6239,gradient_x_input,-0.2950413957895601,-0.09279762296115651,0.020630361512303352
2906,7766,gradient_x_input,-0.0013791049520174663,-0.008787454002433352,0.2531837522983551
2907,6739,gradient_x_input,0.4764622002840042,0.12059264426881616,0.9125749468803406
2908,8336,gradient_x_input,-0.2514907886673297,-0.06802880630961486,0.01252287719398737
2909,3464,gradient_x_input,-0.2323907137848437,-0.031961241364479066,0.020815972238779068
2910,1509,gradient_x_input,0.16273477733135222,-0.016866318583488464,0.4367104172706604
2911,4978,gradient_x_input,-0.20260424070781277,-0.0947629266208218,0.08316656202077866
2912,6008,gradient_x_input,-0.016961429406095435,-0.08332011214009037,0.28783729672431946
2913,5730,gradient_x_input,-0.045870964016233175,-0.11118145872439657,0.21123531460762024
2914,8334,gradient_x_input,-0.2727956589725282,-0.060688312268919416,0.09153387695550919
2915,4883,gradient_x_input,-0.1692420205567032,-0.0610552653670311,0.07234881073236465
2916,9740,gradient_x_input,-0.19045696192635939,-0.03159339468066509,0.08142296969890594
2917,3299,gradient_x_input,-0.19344205921515822,-0.17660888377577066,0.041241515427827835
2918,594,gradient_x_input,0.3695679632601915,0.21700573022718783,0.8378943800926208
2919,5521,gradient_x_input,-0.2727523244296511,-0.021906533899406593,0.09512393176555634
2920,6867,gradient_x_input,0.1671162906921271,0.17220291043772842,0.5447244048118591
2921,7999,gradient_x_input,-0.2735647199054559,-0.024291378224179858,0.0812896266579628
2922,7073,gradient_x_input,0.18930938784722928,0.044108405157371806,0.499752402305603
2923,2876,gradient_x_input,-0.22832412286661566,-0.035103636840358374,0.04552484303712845
2924,5595,gradient_x_input,-0.06361088980562411,-0.0551441225868005,0.05438673496246338
2925,8508,gradient_x_input,-0.06739991903305054,0.012245293884050278,0.2009071409702301
2926,9525,gradient_x_input,0.18324134398151087,0.005757543686273936,0.49847882986068726
2927,4335,gradient_x_input,-0.3066756318394954,-0.09828334760207397,0.1951596885919571
2928,4540,gradient_x_input,-0.2303159012183271,-0.06359577213448507,0.025074129924178123
2929,10,gradient_x_input,-0.1564745951305937,-0.05668194947281369,0.027185779064893723
2930,8757,gradient_x_input,-0.30600156273805734,-0.046465270785671295,0.042473603039979935
2931,1217,gradient_x_input,0.3259307990471522,0.17710609320137236,0.6862500309944153
2932,1224,gradient_x_input,0.2617722011130789,0.24343239192081534,0.5966187715530396
2933,3206,gradient_x_input,0.5148940868675709,0.17253313958644867,0.7822200655937195
2934,93,gradient_x_input,-0.21943581169066223,-0.20217816985171774,0.2599893808364868
2935,8057,gradient_x_input,0.3447614284498351,0.1256229681628091,0.724498987197876
2936,2455,gradient_x_input,-0.02547767182642763,-0.040597830983725464,0.20654332637786865
2937,1247,gradient_x_input,0.1569647416472435,0.09058219677693136,0.4373481869697571
2938,2251,gradient_x_input,-0.00295121967792511,-0.0746226128604677,0.2536233067512512
2939,6380,gradient_x_input,0.4334976002573967,0.14385629551751272,0.9104214906692505
2940,4708,gradient_x_input,-0.13520673585349116,-0.09365061156708619,0.09354972094297409
2941,7864,gradient_x_input,0.006814580410718918,-0.014969180338084698,0.280953586101532
2942,3916,gradient_x_input,-0.22647587209939957,-0.13981611741816297,0.06666555255651474
2943,3105,gradient_x_input,-0.18232723449667296,0.056209233279029526,0.2776140868663788
2944,292,gradient_x_input,0.2503315116520281,0.05702065538477014,0.5047809481620789
2945,7616,gradient_x_input,0.02617208304859343,-0.09669037801878792,0.30551448464393616
2946,2083,gradient_x_input,-0.3179761757941118,-0.057994984276592734,0.0027289893478155136
2947,4381,gradient_x_input,-0.009916282569368681,-0.05053302956124147,0.2532111704349518
2948,4291,gradient_x_input,-0.2585053600196261,-0.09866298049382749,0.0006939857848919928
2949,5404,gradient_x_input,-0.2533895768225193,-0.11265509530901908,0.04429818317294121
2950,6637,gradient_x_input,-0.19634905006540448,-0.11664343742947829,0.0610787607729435
2951,1090,gradient_x_input,-0.26240737106212797,-0.08381988234160577,0.013832137919962406
2952,8570,gradient_x_input,-0.282374422182329,-0.066841090854723,0.03692464530467987
2953,6206,gradient_x_input,0.3711893455340312,0.04284118689023531,0.837340772151947
2954,6843,gradient_x_input,0.3524298505349593,0.1068136610768058,0.82193922996521
2955,1078,gradient_x_input,0.12295803690657896,0.06411178322399363,0.40094926953315735
2956,1188,gradient_x_input,0.3502892827987671,0.05738723039627075,0.6987248063087463
2957,3984,gradient_x_input,0.08169945412211949,-0.01913529524096736,0.34940752387046814
2958,1369,gradient_x_input,0.15951338613575156,0.004741626706990329,0.4657645523548126
2959,8348,gradient_x_input,0.21709976930703437,0.045437337032386234,0.5228691101074219
2960,5987,gradient_x_input,0.041174920201301576,0.08197746634483337,0.3508223593235016
2961,1599,gradient_x_input,-0.05893322392817466,-0.07294696761715797,0.25718140602111816
2962,4573,gradient_x_input,-0.19484338261511014,-0.09752812592879585,0.03849129378795624
2963,5173,gradient_x_input,-0.27563442662358284,-0.06939040396649104,0.022260218858718872
2964,6459,gradient_x_input,0.15466898596949047,0.055115419957372874,0.5419925451278687
2965,4404,gradient_x_input,0.6118569001555443,0.23063272163271903,0.871831476688385
2966,7585,gradient_x_input,0.35074545856979156,0.11800203555160099,0.7853783965110779
2967,8225,gradient_x_input,0.0994447370370229,0.0594596727327867,0.49477246403694153
2968,4209,gradient_x_input,-0.18842365145683287,-0.07418899200856685,0.09496945142745972
2969,1418,gradient_x_input,-0.27383437410830275,-0.04689113260246813,0.00363340531475842
2970,3309,gradient_x_input,-0.2337167521140405,-0.05282873407538448,0.08713539689779282
2971,9362,gradient_x_input,-0.09418293904690515,-0.07822264305182866,0.20156258344650269
2972,6492,gradient_x_input,0.24084542070825896,-0.03916896051830716,0.6334680318832397
2973,7841,gradient_x_input,0.05364618077874184,-0.03845900669693947,0.21792639791965485
2974,3037,gradient_x_input,-0.25701955061119336,-0.10715098628917566,0.022792277857661247
2975,1825,gradient_x_input,-0.2807037382076184,-0.09082278795540333,0.011447384022176266
2976,3842,gradient_x_input,0.0835702462742726,0.015087277938922247,0.2815951406955719
2977,4522,gradient_x_input,-0.2177490918741872,-0.08896969095803797,0.02515004761517048
2978,1569,gradient_x_input,-0.23635384688774744,-0.08454413029054801,0.32597413659095764
2979,1261,gradient_x_input,-0.262131255120039,-0.07947107055224478,0.06865252554416656
2980,4918,gradient_x_input,-0.2813167127314955,-0.07423831511881542,0.005592189263552427
2981,5273,gradient_x_input,-0.08796037981907527,-0.12714129776665659,0.21457864344120026
2982,2478,gradient_x_input,-0.36423974185201685,-0.06828034818662625,0.013948235660791397
2983,5795,gradient_x_input,-0.1886782090490063,-0.09555439526836078,0.2123974859714508
2984,6864,gradient_x_input,0.12462014138698578,0.18697234511375427,0.563147783279419
2985,1616,gradient_x_input,-0.029588051388661066,0.0854980746905009,0.46613654494285583
2986,6913,gradient_x_input,0.17052527964115144,0.030620081424713133,0.46745431423187256
2987,2236,gradient_x_input,-0.20915439198522465,-0.02907212110965148,0.13544297218322754
2988,7618,gradient_x_input,-0.23280032811795964,-0.12425983872483759,0.032556626945734024
2989,5447,gradient_x_input,-0.21446110179217961,-0.03862600275673545,0.011950116604566574
2990,5554,gradient_x_input,0.4051542203215992,0.17541736189056845,0.8664960265159607
2991,7212,gradient_x_input,0.033536902495792935,-0.049815155210949126,0.3628862798213959
2992,7352,gradient_x_input,-0.28680130884051325,-0.025841269418597223,0.01958017237484455
2993,2533,gradient_x_input,-0.10445037537549691,-0.032236842302287495,0.13581806421279907
2994,5950,gradient_x_input,-0.1925960506957311,-0.0660855512206371,0.1297478824853897
2995,7947,gradient_x_input,-0.1101119440048933,-0.030246352218091486,0.09390699118375778
2996,2689,gradient_x_input,0.3916098665859964,0.29067829334073597,0.7710322737693787
2997,3110,gradient_x_input,-0.12787747726990625,-0.03727490053727077,0.338333398103714
2998,4397,gradient_x_input,0.07230592787265777,-0.0029039931297302245,0.5574133396148682
2999,2935,gradient_x_input,0.037963829934597015,-0.0028604542215665183,0.5315331220626831
3000,9632,deeplift,0.34341025065917236,0.1880603707753695,0.892997145652771
3001,9282,deeplift,-0.16128463102014443,-0.08540294437031996,0.04984396696090698
3002,106,deeplift,-0.14571249845527834,-0.1330652902683904,0.1666150838136673
3003,1446,deeplift,0.012384849021563659,-0.04834534469488505,0.3070147633552551
3004,1513,deeplift,-0.27422143338138566,-0.03614405352923581,0.003760539460927248
3005,6498,deeplift,0.23616035282611847,0.12962255352421811,0.6039713025093079
3006,6973,deeplift,-0.037412200655256,-0.015299998223781586,0.30076706409454346
3007,4952,deeplift,-0.2951842605728995,-0.07589210976253856,0.02019277587532997
3008,8552,deeplift,-0.13400228321552277,0.00047207420522516424,0.1508817970752716
3009,3027,deeplift,0.30806434468219157,0.19271689653396606,0.7689019441604614
3010,2760,deeplift,-0.01591448988765478,0.1309537122026086,0.35151758790016174
3011,3060,deeplift,-0.13101859412022998,-0.034327077439853124,0.22988669574260712
3012,33,deeplift,-0.29667549648815217,-0.11967949508963262,0.00611857557669282
3013,1349,deeplift,-0.2444911307344834,-0.18522682413458824,0.1068231388926506
3014,4934,deeplift,0.07462936341762542,0.053514474630355836,0.38874366879463196
3015,2680,deeplift,0.09030167758464813,0.03677911335422147,0.3822898864746094
3016,9074,deeplift,-0.10187599197443989,-0.13625518325716257,0.019449008628726006
3017,5414,deeplift,-0.29013386765789045,-0.0704554708821601,0.00570652773603797
3018,6663,deeplift,-0.06016214124181054,-0.057036970826712524,0.15341952443122864
3019,5286,deeplift,-0.29217901539344054,-0.14680192705530387,0.025206051766872406
3020,3782,deeplift,-0.21570243558380753,-0.13684928975999355,0.029234685003757477
3021,4516,deeplift,-0.3120226430473849,-0.06227867188863456,0.026276446878910065
3022,4554,deeplift,-0.2845652627394251,-0.06097605225184689,0.02567732147872448
3023,1595,deeplift,-0.2843398532042137,-0.08926969333193623,0.006457239389419556
3024,3857,deeplift,-0.02100889966255281,-0.13493715190305944,0.390585333108902
3025,3337,deeplift,0.06828830505792911,0.17319118088254562,0.5612554550170898
3026,9255,deeplift,-0.21404679364391735,-0.052165769572768896,0.04008273035287857
3027,1383,deeplift,-0.2651727957570035,-0.05654829027860061,0.11321505904197693
3028,4860,deeplift,-0.19383952198993593,-0.2725647904333614,0.041607312858104706
3029,7275,deeplift,-0.2603394721189271,-0.09168800501071889,0.04597030580043793
3030,8740,deeplift,-0.08152937842532992,-0.09877625852823257,0.3524290919303894
3031,1155,deeplift,0.19526727238427039,0.04049923238546952,0.512457549571991
3032,6725,deeplift,-0.0960760528133029,0.1478657807622637,0.5211524367332458
3033,1076,deeplift,-0.229106180436377,-0.12545564850526197,0.019610153511166573
3034,3058,deeplift,-0.1084516489584195,-0.010757326295501307,0.13534902036190033
3035,4586,deeplift,-0.08948480586210887,-0.05390283142526944,0.06546402722597122
3036,1791,deeplift,-0.2572725615822352,-0.0764791753429633,0.16637098789215088
3037,6325,deeplift,-0.11156200071175894,-0.03343561391035716,0.14860214293003082
3038,7506,deeplift,-0.07237385710080464,-0.04277692817979389,0.26880520582199097
3039,6495,deeplift,0.22592318450149737,0.03552621916720742,0.5471554398536682
3040,9542,deeplift,-0.06581404648329083,0.010741938493753734,0.23975609242916107
3041,4694,deeplift,0.07991781302036778,0.018484077145976406,0.43873295187950134
3042,8369,deeplift,-0.3135832723799265,-0.05851416461842342,0.0029983895365148783
3043,7093,deeplift,-0.12411208541104288,-0.07521703839302063,0.18138490617275238
3044,2794,deeplift,-0.2046284932319237,-0.047794353257378804,0.007117798551917076
3045,39,deeplift,-0.3722366483942155,-0.058345808917956966,0.012984275817871094
3046,7478,deeplift,-0.05777637397541719,-0.06213114717427422,0.3921995759010315
3047,1253,deeplift,-0.263642514080164,-0.04015240578779152,0.0055189854465425014
3048,360,deeplift,-0.24492092058062553,-0.07860364596403781,0.02384047769010067
3049,9638,deeplift,-0.0015638507902622223,-0.014523133635520935,0.4394210875034332
3050,1726,deeplift,-0.11325516595559962,-0.138183152412667,0.2270084172487259
3051,439,deeplift,0.00440557368777015,-0.06586176495660435,0.2238096296787262
3052,5267,deeplift,-0.2760670675403055,-0.03531757610685685,0.0183560810983181
3053,4337,deeplift,-0.21614069275557996,-0.07126846373081207,0.04572412744164467
3054,7724,deeplift,-0.2947015264787926,-0.06540803152781266,0.01663101278245449
3055,7676,deeplift,0.038748852411905926,0.12208564182122549,0.42115336656570435
3056,8913,deeplift,-0.24237017304851458,-0.07010829147811119,0.024519136175513268
3057,2492,deeplift,0.15400209486484528,0.16568854749202727,0.6145787835121155
3058,7462,deeplift,-0.32226174913177436,-0.04281840740110387,0.005783874075859785
3059,7430,deeplift,0.008191366214305162,0.02092132531106472,0.39008429646492004
3060,6620,deeplift,0.009575002826750278,0.025093216449022293,0.27220845222473145
3061,6221,deeplift,-0.126959042947015,-0.17481615862602162,0.0034887013025581837
3062,8844,deeplift,-0.2471704004671086,-0.02280464937741106,0.06381520628929138
3063,4518,deeplift,0.19555397629737853,0.010502930482228596,0.5428768396377563
3064,1684,deeplift,-0.18073051706666038,0.12323714437938872,0.36855077743530273
3065,29,deeplift,-0.15807252377271652,-0.08718723865846793,0.09262941777706146
3066,6475,deeplift,0.07304082739920843,0.07081310238157,0.5151298642158508
3067,6691,deeplift,0.14474066611259215,0.16854313785029995,0.5996145009994507
3068,1747,deeplift,-0.25919016152620317,-0.06816800802946091,0.050263725221157074
3069,5559,deeplift,-0.0018332589949880327,-0.06396564628396716,0.24816110730171204
3070,3325,deeplift,0.009817525744438171,-0.0451212540268898,0.4271799623966217
3071,4525,deeplift,-0.03882774617522955,-0.05468327489991983,0.13948622345924377
3072,5434,deeplift,-0.013373729462424913,-0.05656110867857933,0.37306419014930725
3073,2129,deeplift,0.003571463127930959,0.16050931438803673,0.32667073607444763
3074,5441,deeplift,-0.12456334774961343,-0.12720394557392276,0.04389920458197594
3075,9420,deeplift,-0.29639309907660766,-0.0397345659268253,0.02157183736562729
3076,1330,deeplift,0.04211316928267479,-0.003209119290113449,0.3004550635814667
3077,7369,deeplift,-0.2555738412775099,-0.04961430648108944,0.024981550872325897
3078,2275,deeplift,-0.08078395794419681,-0.06861863153822281,0.2008083462715149
3079,1765,deeplift,0.03605170159236244,0.015455694950145224,0.3277261257171631
3080,9131,deeplift,0.21116057911823535,0.10728703439235687,0.6535645127296448
3081,6095,deeplift,0.14020136840965436,0.13956979597392288,0.5420705676078796
3082,1263,deeplift,0.028976963832974434,-0.03152703990538915,0.40255555510520935
3083,1142,deeplift,-0.07873510700814865,-0.08519726991653442,0.17977546155452728
3084,7797,deeplift,-0.11041179382138783,-0.15133712937434515,0.16155530512332916
3085,4989,deeplift,-0.05081122536813059,-0.07297959827607678,0.29520750045776367
3086,4395,deeplift,0.17392610606144776,0.028472158041867344,0.43969565629959106
3087,5333,deeplift,0.06464744968847795,0.10857382326415091,0.36456525325775146
3088,8163,deeplift,-0.1677336489612406,-0.05671514486047355,0.07493995130062103
3089,8995,deeplift,-0.15249012125765576,-0.047379289918086105,0.09998241066932678
3090,9568,deeplift,-0.28489024583250283,-0.21049352750803033,0.013289926573634148
3091,6098,deeplift,-0.29270458909181446,-0.16543855690039122,0.10496580600738525
3092,7278,deeplift,0.03206560264031092,-0.0007320041457811991,0.1898026019334793
3093,1516,deeplift,0.06202772930264473,0.01996016502380371,0.5133695006370544
3094,3501,deeplift,-0.31594431586563587,-0.05801657095019307,0.055224865674972534
3095,4371,deeplift,0.1710010375827551,0.08745806384831667,0.619037926197052
3096,7736,deeplift,0.31177092440750287,0.18731488740962485,0.6268463134765625
3097,1683,deeplift,-0.31234406027942896,-0.039711699821054935,0.014247450977563858
3098,1631,deeplift,0.02846216871624901,0.1492369593608947,0.6313174366950989
3099,4601,deeplift,-0.22456745178468765,-0.08479887367256227,0.14578430354595184
3100,6956,deeplift,0.21361405730247499,0.08774282693862916,0.6237486004829407
3101,8482,deeplift,-0.24839145687814707,-0.06281935614653122,0.02136848494410515
3102,9095,deeplift,-0.3474489421894153,-0.07280930665632089,0.004196999594569206
3103,7344,deeplift,0.24941741095648873,0.12351695254996971,0.7690412998199463
3104,1732,deeplift,0.415502416399809,0.21576363879900712,0.7954970598220825
3105,4373,deeplift,-0.3838434803553603,-0.03690631679174575,0.012075664475560188
3106,971,deeplift,0.049900458194315434,0.01630414556711912,0.3646191656589508
3107,6578,deeplift,0.25202833033270305,0.08163835604985555,0.49356797337532043
3108,1453,deeplift,-0.014377051278164512,0.011433946458916915,0.26105591654777527
3109,80,deeplift,0.25719142119799343,0.1592546728040491,0.49737077951431274
3110,8908,deeplift,-0.18439144378199296,-0.11034082051585703,0.10597539693117142
3111,96,deeplift,0.21435697600245476,0.09884524345397949,0.4941481053829193
3112,4376,deeplift,-0.29185243903730923,-0.061769201420247555,0.01453475933521986
3113,3207,deeplift,-0.11894937473184922,0.09460561853997848,0.3655413091182709
3114,6462,deeplift,-0.11936457868775024,-0.20730824198792963,0.013848405331373215
3115,6220,deeplift,-0.25858993686011267,-0.04794336878694594,0.005274371709674597
3116,3279,deeplift,-0.10329096125704902,-0.19709083384701184,0.16403338313102722
3117,8741,deeplift,-0.1474929311696221,-0.1200979422120487,0.15786920487880707
3118,8758,deeplift,-0.26653607847059474,-0.06942121969426379,0.1417422741651535
3119,5396,deeplift,-0.4784930229541801,-0.3491355728003241,0.028233638033270836
3120,2855,deeplift,0.28536495367685955,0.24844190279642742,0.86751788854599
3121,1862,deeplift,-0.2982439488686364,-0.034095940469154,0.03983970731496811
3122,7659,deeplift,0.1607935396400658,0.14376405445305077,0.6016866564750671
3123,8446,deeplift,-0.02316978946328163,0.08669089432805777,0.29516133666038513
3124,5152,deeplift,-0.03953568085476204,-0.1298890119349515,0.25559312105178833
3125,2903,deeplift,0.4114678446636644,0.18886842076168503,0.7488054037094116
3126,7581,deeplift,0.142263463139534,0.07021429588397345,0.36024776101112366
3127,9431,deeplift,-0.3510147040052449,-0.05581722523578826,0.02254759706556797
3128,8948,deeplift,-0.16557432998987762,-0.09655488925901326,0.07620558887720108
3129,2486,deeplift,-0.1537271828523704,-0.10757832495229584,0.10331449657678604
3130,5552,deeplift,-0.2822331669740379,-0.04024961722704271,0.007581600919365883
3131,5479,deeplift,0.002387946347395579,-0.03342050313949585,0.2346341758966446
3132,3894,deeplift,-0.13415006598965687,-0.21339517484673046,0.01944699138402939
3133,9430,deeplift,-0.36434691016163145,-0.05863476959722383,0.026201436296105385
3134,9766,deeplift,-0.24659302688780285,-0.009324111044406891,0.22111885249614716
3135,4355,deeplift,-0.19980211422911712,-0.05002262483217886,0.025010626763105392
3136,2833,deeplift,-0.18916297828157744,-0.014972861235340437,0.22690869867801666
3137,3328,deeplift,0.32345903954572147,0.022014311618275113,0.6414497494697571
3138,8019,deeplift,-0.14405387168129286,-0.18476663293937842,0.04381505027413368
3139,3424,deeplift,0.17053046375513076,0.2531250938773155,0.7490634322166443
3140,4539,deeplift,0.2838699646570064,0.14597945743136936,0.586748480796814
3141,4921,deeplift,-0.3570022842158442,-0.1569166837827019,0.11550004780292511
3142,3469,deeplift,0.09734103580315907,-0.10470887223879496,0.5540797114372253
3143,5705,deeplift,-0.1503184023499489,-0.1720247109234333,0.09119841456413269
3144,311,deeplift,0.1298515762274082,0.10413334289422402,0.3952542543411255
3145,9045,deeplift,0.2664815627393268,0.05168765073730832,0.6321568489074707
3146,2619,deeplift,-0.29472965194747364,-0.09721416748803237,0.058949556201696396
3147,789,deeplift,0.12936452279488245,0.001340155800183614,0.4180052578449249
3148,2742,deeplift,0.35978140458464625,0.018147647380828857,0.8027546405792236
3149,5653,deeplift,-0.09206851882239182,-0.1395961131590108,0.09399571269750595
3150,483,deeplift,-0.0025419897653839803,0.13704026964577762,0.4419711232185364
3151,8113,deeplift,-0.32122120670065646,-0.12006097305111768,0.03162655234336853
3152,8478,deeplift,0.07568872325560626,-0.03205545158947215,0.3365604877471924
3153,1199,deeplift,0.19486126609337637,0.13156555249140814,0.5291525721549988
3154,5507,deeplift,-0.12826961800456047,-0.1466372676193714,0.18415142595767975
3155,3653,deeplift,-0.17744761666184977,-0.10266926570942528,0.039301954209804535
3156,5065,deeplift,-0.05067248467136832,-0.02571115073035745,0.4289138913154602
3157,1626,deeplift,-0.053311971575021745,-0.03688936308026314,0.2038452923297882
3158,7661,deeplift,0.22940773869815625,0.2309478223323822,0.7265898585319519
3159,6837,deeplift,-0.18818514211022336,-0.07141671621281168,0.06611941009759903
3160,7655,deeplift,-0.010502396358384026,-0.01885468429989285,0.26056015491485596
3161,8538,deeplift,0.11045599409512111,0.001767937626157488,0.35622918605804443
3162,1775,deeplift,-0.0996995312826974,-0.206021167692684,0.13439087569713593
3163,9643,deeplift,0.009918857831507921,-0.0243037729524076,0.38042640686035156
3164,8884,deeplift,-0.15188584356538712,-0.12369888299895872,0.16288749873638153
3165,6778,deeplift,-0.02832062418262164,-0.1239147571225961,0.1107470914721489
3166,2340,deeplift,0.09278837857501847,-0.05067793386323111,0.3401915431022644
3167,7226,deeplift,-0.15090906823223288,-0.14915093982761557,0.09736444056034088
3168,1472,deeplift,-0.26776609050908257,-0.21073379988471666,0.02171798050403595
3169,8187,deeplift,-0.30871879945819575,-0.16597974613412386,0.015547595918178558
3170,6250,deeplift,-0.33585585104791743,-0.023181094248828134,0.07425989210605621
3171,2335,deeplift,-0.24549471421374214,-0.09306823876168993,0.20867718756198883
3172,8981,deeplift,-0.21717456581869296,-0.056811887371752946,0.044073738157749176
3173,8685,deeplift,-0.200786250804005,-0.10617985781924479,0.07404804229736328
3174,251,deeplift,-0.15032298534232028,-0.14304510630009806,0.008205502294003963
3175,2732,deeplift,-0.3517333766212687,-0.054153582320877296,0.001703123445622623
3176,4329,deeplift,0.3145776896013154,-0.001877867513232761,0.6426683664321899
3177,9545,deeplift,0.06975575039784114,0.012070948465002907,0.34136512875556946
3178,2337,deeplift,-0.1785202787982093,-0.17045914381742477,0.12251366674900055
3179,8695,deeplift,-0.12648925954295742,-0.06613503805091304,0.13486348092556
3180,2215,deeplift,0.017761141061782837,-0.006806246581531707,0.27679792046546936
3181,5436,deeplift,-0.048295761148134865,-0.1912678423381987,0.15172025561332703
3182,5058,deeplift,0.387643479202923,0.11795861626926221,0.8138974905014038
3183,9548,deeplift,-0.04932909102543541,-0.0927164904449297,0.17416349053382874
3184,108,deeplift,-0.125900687623976,-0.11926282507677873,0.055110134184360504
3185,3019,deeplift,-0.31929633454274153,-0.07445142926007975,0.004758400376886129
3186,487,deeplift,0.3213481571939256,0.28114398817221325,0.6163955926895142
3187,2436,deeplift,0.030460923429458373,0.07439743222728852,0.385628879070282
3188,2417,deeplift,-0.19988281950354575,0.002586229145526886,0.1011892557144165
3189,2684,deeplift,-0.09508413141188414,-0.06580928745477096,0.1571873277425766
3190,621,deeplift,0.15133713871240617,-0.010178482532501221,0.39354631304740906
3191,3281,deeplift,0.11764709850152334,0.0663988451162974,0.3395948112010956
3192,8547,deeplift,0.14562558489186422,0.24307555918182647,0.8118095993995667
3193,3941,deeplift,-0.09741432911583356,-0.12114366143941879,0.109358049929142
3194,2423,deeplift,0.11580388673714229,0.014372908643313817,0.47275689244270325
3195,7682,deeplift,-0.21728994983714073,-0.1653626812621951,0.013910367153584957
3196,4960,deeplift,-0.21245361820739858,-0.15277119462980943,0.09442467987537384
3197,2766,deeplift,0.008397485383532265,-0.06602686203338883,0.4344072639942169
3198,7662,deeplift,0.031384818433296116,0.1656866513547443,0.30322813987731934
3199,416,deeplift,-0.3167019835947191,-0.1086936742067337,0.03494536131620407
3200,3898,deeplift,0.42561030701587077,0.1389640914766412,0.9186888933181763
3201,7632,deeplift,-0.22128002997487783,-0.049076461809731665,0.009645151905715466
3202,2328,deeplift,-0.284542979472982,-0.0490538931584784,0.0011521205306053162
3203,2754,deeplift,-0.2652012522825423,-0.0901685460087131,0.04123559594154358
3204,8234,deeplift,-0.12952638924121856,-0.16166963458061218,0.1865486055612564
3205,3101,deeplift,-0.020045084655284883,0.05484917640686035,0.3119380474090576
3206,2108,deeplift,0.004927445469158036,0.015160444059542246,0.23797370493412018
3207,3100,deeplift,-0.19801135085247182,-0.15062890698512396,0.13347218930721283
3208,5351,deeplift,0.33347983369904177,0.17284340435458767,0.7065466046333313
3209,3284,deeplift,0.12788597143748226,0.06868614081074209,0.3803650438785553
3210,4824,deeplift,0.3538161478936672,0.05968696027994156,0.8952322602272034
3211,6551,deeplift,-0.2938118544407189,-0.06409520544111728,0.01566854678094387
3212,7444,deeplift,0.19590228357735803,0.005042438997941858,0.4775603711605072
3213,304,deeplift,0.059705524217514766,0.08305972601686205,0.3436252772808075
3214,6360,deeplift,-0.13741561075051625,-0.16664077639579772,0.3825998306274414
3215,4190,deeplift,-0.011878026383263724,0.050007711563791545,0.24393358826637268
3216,6664,deeplift,-0.32836536080059076,-0.04879007529881266,0.03720008581876755
3217,1945,deeplift,0.04654626465506024,-0.03491863691144519,0.31405508518218994
3218,5817,deeplift,0.00638254569924396,0.14625208274177884,0.5210731029510498
3219,92,deeplift,-0.33460084741935137,-0.05474033241160214,0.003473356831818819
3220,119,deeplift,0.08541385287588293,0.09958530556071889,0.338790625333786
3221,9591,deeplift,0.12439442358233711,0.24926043234088205,0.711245596408844
3222,8421,deeplift,-0.12363905318338296,-0.05489227792312359,0.07780381292104721
3223,7945,deeplift,-0.2931052751955576,-0.07135158259188756,0.01853448897600174
3224,2487,deeplift,-0.25257838080110756,-0.04229247934468414,0.030467618256807327
3225,1245,deeplift,-0.003942035138607025,-0.06292737741023302,0.2756369709968567
3226,346,deeplift,0.08010524375872179,0.07655463774095882,0.36546823382377625
3227,9392,deeplift,-0.18082610473198735,-0.06968389799737412,0.014017891138792038
3228,6604,deeplift,0.1678691307703654,0.19555293313331074,0.45175701379776
3229,6338,deeplift,-0.13699944416681925,-0.20929667527476947,0.042009711265563965
3230,8410,deeplift,-0.13743387711675545,-0.0993457107167495,0.25667011737823486
3231,4216,deeplift,-0.30132286303809713,-0.10198846858526979,0.018557950854301453
3232,7436,deeplift,0.014382965862751007,-0.2563021257519722,0.28970667719841003
3233,6666,deeplift,-0.25362710293495294,-0.10413031054265572,0.05260423570871353
3234,8051,deeplift,0.038524446210690906,0.13245991191693715,0.5563945174217224
3235,1593,deeplift,-0.4292152313625111,-0.06746123101123992,0.03405850753188133
3236,6951,deeplift,-0.03681603532571059,-0.030493715634712808,0.4173765480518341
3237,850,deeplift,-0.297173354996457,-0.06330779356704581,0.0057133277878165245
3238,5506,deeplift,-0.05255509167909622,-0.17382401936664815,0.09133445471525192
3239,8479,deeplift,-0.3108319576962718,-0.1101675602673952,0.007184692192822695
3240,7182,deeplift,0.028806172311306,-0.11843286868598726,0.3387456238269806
3241,2362,deeplift,0.16722813714295626,0.048169542104005814,0.44749027490615845
3242,2178,deeplift,-0.2728551582566329,-0.022608239948749543,0.05741710215806961
3243,1731,deeplift,0.2983530040543813,0.1516164532647683,0.756737232208252
3244,4185,deeplift,0.18607708341196963,0.04173027684814051,0.4856129288673401
3245,673,deeplift,-0.006123314085214034,-0.11427234242791715,0.2696073055267334
3246,5212,deeplift,-0.008407376505233146,0.02604130917304271,0.343093603849411
3247,4417,deeplift,-0.3384858875281431,-0.05515163006599654,0.015573810786008835
3248,1056,deeplift,-0.18447281116688694,-0.12410958594194164,0.07064419239759445
3249,9593,deeplift,0.06287065893411636,0.1388356365263462,0.5826886296272278
3250,623,deeplift,-0.19862460351682135,-0.03481415792235306,0.038495901972055435
3251,6217,deeplift,-0.27905465044865485,-0.039369922278350906,0.010388139635324478
3252,9597,deeplift,-0.17875869931845828,-0.02494374277262852,0.16794173419475555
3253,2955,deeplift,-0.1046293705701828,-0.14423359036445618,0.11082400381565094
3254,88,deeplift,-0.17131446612377962,-0.06311368404163255,0.14639857411384583
3255,3538,deeplift,-0.23514014011935183,-0.08941031286590978,0.30781179666519165
3256,3643,deeplift,0.04322782959099169,0.001897240126574481,0.26475608348846436
3257,8313,deeplift,-0.3005975496865088,-0.2926935697755506,0.07723483443260193
3258,5649,deeplift,-0.3250515184022094,-0.07564508687018563,0.0032751625403761864
3259,1355,deeplift,0.008626426811571474,-0.10639402270317078,0.34740474820137024
3260,7142,deeplift,-0.08104727204356875,-0.01944090159876006,0.17611661553382874
3261,1512,deeplift,-0.315653077326715,-0.13085788255557418,0.049027785658836365
3262,7565,deeplift,-0.058318440033041916,-0.09570282827252927,0.35484251379966736
3263,733,deeplift,0.08771414458751678,0.08117854177951812,0.5392802953720093
3264,8765,deeplift,-0.23036830521681728,-0.21870791342328577,0.21749843657016754
3265,9018,deeplift,0.24655761676175253,0.19585770084744408,0.7683819532394409
3266,6240,deeplift,-0.06501141004264355,-0.4154914254322648,0.058312226086854935
3267,590,deeplift,0.2088496805656524,0.1251227515084403,0.46616172790527344
3268,3745,deeplift,-0.28919643589428495,-0.043941142835787365,0.07809389382600784
3269,1919,deeplift,-0.30260664732618764,-0.05785420486195521,0.04664713144302368
3270,7799,deeplift,-0.19393891253476514,-0.14835539061961503,0.03077181801199913
3271,7684,deeplift,0.063210029900074,-0.09079333767294884,0.2943350672721863
3272,9486,deeplift,-0.1786118236027266,-0.06903605241524546,0.18662257492542267
3273,5027,deeplift,-0.1415086750473295,-0.12256059902054924,0.12086369842290878
3274,8568,deeplift,-0.2107444821546475,-0.0644216442015022,0.07091612368822098
3275,5425,deeplift,-0.0524597629904747,-0.10986401617527009,0.16160370409488678
3276,2377,deeplift,-0.24659297056496143,-0.08154136863433653,0.01750532165169716
3277,6447,deeplift,-0.19237209880655562,-0.04834359008128996,0.03349343687295914
3278,8029,deeplift,-0.2223462383621014,-0.06903628270643261,0.009075965732336044
3279,3855,deeplift,-0.030679946499211446,-0.051285708944002785,0.2596625089645386
3280,5221,deeplift,0.3623868594566981,0.35338033810257913,0.9413498044013977
3281,5792,deeplift,-0.32926410970588527,-0.08630324229598045,0.020763253793120384
3282,3006,deeplift,-0.34335984687010446,-0.1409111221631368,0.06569238752126694
3283,8706,deeplift,0.0038240143201417392,-0.25054577448301846,0.1744423359632492
3284,2943,deeplift,-0.21911408662282186,-0.06342248901210983,0.10981892049312592
3285,2072,deeplift,0.31303850176005527,0.06844840532746808,0.7290654182434082
3286,3873,deeplift,0.2337309683362643,-0.0197692612806956,0.4223073422908783
3287,9297,deeplift,0.16037824037282364,0.024007175927576813,0.40645790100097656
3288,9105,deeplift,-0.27302524189536387,-0.16000754185594046,0.03588585555553436
3289,7635,deeplift,0.4899988127025691,0.07174974138086493,0.9004901647567749
3290,5313,deeplift,-0.2325772199779749,-0.06719313724897802,0.01510999072343111
3291,9675,deeplift,-0.028420454798600614,-0.018942985397118788,0.36398887634277344
3292,2075,deeplift,0.3792016660794616,0.09504382088780403,0.8192225694656372
3293,7144,deeplift,-0.0008588914687816913,0.17989694728301123,0.6553483605384827
3294,3928,deeplift,-0.12858310602605344,-0.18149993643164636,0.09327482432126999
3295,1393,deeplift,0.13829456126460662,0.045244904091724984,0.4466409385204315
3296,263,deeplift,-0.215254593802535,-0.08823107701280843,0.053059015423059464
3297,970,deeplift,-0.3671203696727753,-0.1311525171995163,0.17546716332435608
3298,5821,deeplift,-0.11415606286997597,-0.10567506406611453,0.0073525570333004
3299,8593,deeplift,-0.2919136280066926,-0.1800136384130879,0.035570353269577026
3300,4553,deeplift,-0.2707166674857338,-0.07856825389899313,0.031771354377269745
3301,1671,deeplift,0.3592233210802078,0.2621658891439438,0.7887787222862244
3302,3118,deeplift,0.04340785199945623,-0.03162891350009225,0.5251915454864502
3303,4367,deeplift,-0.19484242956553185,-0.07777692962970052,0.090721994638443
3304,1760,deeplift,-0.17213457574446997,-0.15049140486452314,0.04233000427484512
3305,3412,deeplift,0.07413423535498706,0.029464513740756294,0.414248526096344
3306,6066,deeplift,-0.30472131935810604,-0.05575547698471281,0.02400522492825985
3307,3616,deeplift,-0.18679817527642145,-0.059238976689384264,0.003942056559026241
3308,5874,deeplift,-0.2203922869548911,-0.067947428496111,0.15074439346790314
3309,2189,deeplift,-0.19868698521800662,-0.04694685671964417,0.09765826910734177
3310,6071,deeplift,-0.11988874028126399,-0.11913332032660644,0.24541237950325012
3311,5148,deeplift,0.32903320166994543,0.4337366218952572,0.6817622184753418
3312,9064,deeplift,0.14091176125738356,0.08372265597184499,0.4314616322517395
3313,8381,deeplift,-0.28237123580442536,-0.04537382163107395,0.0440385639667511
3314,3352,deeplift,-0.16428496222943068,-0.07351427044098575,0.02755170874297619
3315,799,deeplift,0.1405389511159488,0.019968999283654348,0.48398950695991516
3316,8656,deeplift,-0.4246551723856675,-0.10047758703953341,0.03830326348543167
3317,7305,deeplift,0.3099287927150726,0.08281031131744385,0.8244568705558777
3318,7948,deeplift,-0.1539786407827503,-0.15421116062336498,0.013391515240073204
3319,7233,deeplift,-0.23317554127424955,-0.06480941227213903,0.021001538261771202
3320,2392,deeplift,0.002362733913792504,-0.10043851203388637,0.2796178460121155
3321,3443,deeplift,-0.32163290932981503,-0.12504988443106413,0.03493209928274155
3322,8558,deeplift,-0.19672863831122717,0.054178619384765626,0.25418126583099365
3323,5014,deeplift,-0.27005182559757185,-0.05456637249638637,0.01671198382973671
3324,4362,deeplift,0.3052468229281275,0.07578188494632118,0.7630528211593628
3325,8224,deeplift,0.128531813621521,0.07690962155659993,0.6828593611717224
3326,6865,deeplift,-0.15626775480520266,-0.17254000551138932,0.027802204713225365
3327,7389,deeplift,-0.1740538699721748,0.023061860352754593,0.18711738288402557
3328,303,deeplift,0.3952152934670448,0.18195749163627625,0.6459800004959106
3329,8398,deeplift,0.40239978118522746,0.2636315911202817,0.7705745100975037
3330,2907,deeplift,-0.16758290487563327,-0.05775517575620186,0.01626875437796116
3331,4619,deeplift,-0.28331406669070325,-0.0967135169232885,0.006322898901998997
3332,4765,deeplift,-0.023110455274581908,0.06186669766902923,0.32550325989723206
3333,3320,deeplift,0.04590066282018539,0.009731054306030273,0.4129588007926941
3334,5298,deeplift,-0.2633062786544147,-0.05629238615865293,0.02145194076001644
3335,7927,deeplift,0.1547547442217668,0.3673991784453392,0.6660886406898499
3336,2348,deeplift,0.20050659935389245,0.06382368292127337,0.762557864189148
3337,4267,deeplift,0.354385985382672,0.3147557007855383,0.7990903854370117
3338,9648,deeplift,0.2727331401159366,0.07352231070399284,0.7482415437698364
3339,3024,deeplift,0.17291522212326527,-0.02145306020975113,0.4161510467529297
3340,1373,deeplift,-0.1635578890951971,-0.1277792938053608,0.10828769207000732
3341,7377,deeplift,0.03376063797622919,-0.00016479380428791046,0.4187258183956146
3342,9782,deeplift,-0.1088010236620903,-0.005191079527139664,0.3392331600189209
3343,2771,deeplift,0.29814818791217274,0.16073455082045662,0.8126265406608582
3344,3,deeplift,-0.05282140821218491,-0.09393656849861146,0.3665105700492859
3345,2908,deeplift,0.06104912408968297,0.0655763327348523,0.46740657091140747
3346,3852,deeplift,0.0780939624497765,0.12960775667115262,0.45493656396865845
3347,532,deeplift,0.22598814807440104,0.1187377603430497,0.615926206111908
3348,7929,deeplift,0.07637294404434436,-0.01994992657141252,0.3879829943180084
3349,9423,deeplift,0.3806595348499038,0.11300142109394073,0.8177005648612976
3350,290,deeplift,-0.11791123867034912,-0.04268633961677551,0.16260182857513428
3351,3014,deeplift,0.0646642497740686,-0.08503979071974754,0.3795442581176758
3352,2874,deeplift,-0.09159231734903235,-0.15802536983239024,0.14766962826251984
3353,5146,deeplift,-0.15135770880927643,-0.09384520538151264,0.1552627980709076
3354,2221,deeplift,-0.0819929737597704,-0.11758933365345,0.2016143947839737
3355,6958,deeplift,0.25596643549700576,0.11387940992911656,0.5701574683189392
3356,2997,deeplift,-0.24169754300798688,-0.06135989975716386,0.04953121021389961
3357,6729,deeplift,-0.25850651584099976,-0.08101661674678326,0.008972288109362125
3358,9159,deeplift,-0.31002801481415243,-0.0044963811250293955,0.17841611802577972
3359,6175,deeplift,-0.20504985915289986,-0.2087878281319583,0.19265064597129822
3360,568,deeplift,-0.2434366582089971,-0.07620844874402573,0.016646595671772957
3361,5284,deeplift,-0.33952102870788686,-0.05381731026221153,0.045839060097932816
3362,1107,deeplift,0.24404293298721313,0.05981617740222386,0.758317768573761
3363,135,deeplift,-0.24098056823015213,-0.06378183275461197,0.12590354681015015
3364,7828,deeplift,-0.3378329357531454,-0.02401728888175317,0.020876312628388405
3365,8709,deeplift,-0.2062270779929617,-0.044359218055272806,0.016713038086891174
3366,7998,deeplift,-0.1382356101477688,-0.051133698699149216,0.07914150506258011
3367,1087,deeplift,0.19122794358169332,-0.007988443269449122,0.5357704162597656
3368,8291,deeplift,0.42992808993743814,0.16589678888735565,0.896889865398407
3369,2301,deeplift,-0.2082482238858938,-0.04603362321853638,0.050092391669750214
3370,4339,deeplift,-0.18552352488040924,-0.10093256777950696,0.170395627617836
3371,6851,deeplift,0.011748608822623888,0.14933191570970747,0.3925055265426636
3372,3047,deeplift,-0.32213983666151763,-0.038011991512030364,0.034153636544942856
3373,4130,deeplift,-0.3826643464465936,-0.12090313869218032,0.10439211875200272
3374,4521,deeplift,-0.1477841358217928,-0.0609387896127171,0.1764335334300995
3375,7538,deeplift,-0.03063874753812949,-0.01156116152803103,0.4434598982334137
3376,5473,deeplift,-0.2763938391063776,-0.057091276032022305,0.005708278622478247
3377,388,deeplift,0.49781261639375435,0.1323813811728829,0.7412835955619812
3378,4217,deeplift,0.4154033958911896,0.14011078141629696,0.7475380301475525
3379,2122,deeplift,-0.20369060213367143,-0.11805491630608837,0.03653205931186676
3380,1310,deeplift,-0.30921406852495337,-0.0508005258678976,0.006404218729585409
3381,647,deeplift,0.1000313326716423,0.12477273941040039,0.5028367042541504
3382,6510,deeplift,-0.2973964826669544,-0.03674955757972049,0.0026651278603821993
3383,8040,deeplift,-0.2078363330413898,-0.12001344903061788,0.016112249344587326
3384,1183,deeplift,-0.2248792445558744,-0.04384027884225361,0.006948928348720074
3385,2859,deeplift,-0.2891186372591899,0.0005960822678529299,0.1870996206998825
3386,7769,deeplift,-0.25787298324414426,-0.08029743423685431,0.004893041681498289
3387,8403,deeplift,0.2646551649360096,0.0761273047503303,0.49992257356643677
3388,7110,deeplift,-0.15384839447763035,-0.06854608183836236,0.04990537092089653
3389,5798,deeplift,-0.022213465766981244,-0.0010925799142569304,0.1734800934791565
3390,3128,deeplift,-0.2682348907213001,-0.07034731075605925,0.02637794427573681
3391,7197,deeplift,-0.16360030638483855,-0.06678138873898067,0.11003431677818298
3392,3148,deeplift,-0.13445473402738572,-0.10778074711561203,0.11647744476795197
3393,510,deeplift,-0.23695283788530266,-0.15365327292067163,0.020307330414652824
3394,3059,deeplift,-0.14390213497810894,-0.14641045654813448,0.1722683161497116
3395,7940,deeplift,-0.29295843963821727,-0.03275591296454271,0.06781624257564545
3396,4049,deeplift,-0.2682364251464605,-0.039965180307626726,0.16113224625587463
3397,5875,deeplift,0.0711188951264257,0.08625850178625273,0.36936989426612854
3398,3859,deeplift,0.1431998133659363,0.08847219248612721,0.775790274143219
3399,6849,deeplift,-0.28599709216505287,-0.08001241316087544,0.014884787611663342
3400,8149,deeplift,0.1337446100436724,0.10620752722024918,0.5806715488433838
3401,6260,deeplift,-0.09274090113847153,-0.10942367302334827,0.26756539940834045
3402,3312,deeplift,0.24861752300670273,0.1266510447389201,0.5156006813049316
3403,7866,deeplift,-0.1301034617309387,-0.048702868131490856,0.24110370874404907
3404,4201,deeplift,0.09328783909941829,-0.0185434665790824,0.4674282371997833
3405,7652,deeplift,-0.12156095609746197,-0.1711786479096521,0.03659488260746002
3406,4273,deeplift,0.04027219342462944,-0.032323963714368416,0.3246019184589386
3407,3181,deeplift,0.056973350735811085,-0.08862135387383975,0.4222126305103302
3408,3817,deeplift,-0.02337082341695443,-0.06056760671811226,0.3791472315788269
3409,1880,deeplift,-0.13304395394192803,-0.16718594398763445,0.1556859165430069
3410,5350,deeplift,0.25169309001901874,0.10639296925586203,0.49084746837615967
3411,3615,deeplift,0.1970922565339385,0.06999123257559699,0.5541823506355286
3412,4058,deeplift,-0.09988109301775694,-0.019882186083123088,0.15394602715969086
3413,6915,deeplift,-0.4081939467125469,-0.04597436641860339,0.04219679906964302
3414,321,deeplift,0.18243207368585798,0.08923859645922978,0.6680099368095398
3415,4722,deeplift,0.13133712375865264,-0.034011267563875985,0.41292208433151245
3416,6422,deeplift,0.27093571100545966,0.06888982912768489,0.6547605395317078
3417,3295,deeplift,0.04345166770850911,-0.05100751624387853,0.2608485221862793
3418,6421,deeplift,-0.10717895889983457,-0.15026991244624643,0.14809656143188477
3419,9330,deeplift,-0.08893106756731868,-0.15499977193151912,0.006920894142240286
3420,8138,deeplift,-0.07539885677397251,-0.06689909589476883,0.2029205709695816
3421,3205,deeplift,-0.09596489451359957,-0.15170117715994516,0.008342038840055466
3422,2522,deeplift,0.22836246022156306,0.07516054468495505,0.5078630447387695
3423,6998,deeplift,-0.22446950294953935,-0.21411383305402362,0.0556359589099884
3424,5556,deeplift,0.07540502718516759,0.006748304480598087,0.36902204155921936
3425,5938,deeplift,0.0665322944521904,-0.13640703439712523,0.3204911947250366
3426,500,deeplift,-0.08271623816755083,-0.15948925415674844,0.370100736618042
3427,3000,deeplift,-0.13444832790839045,-0.07198912807201084,0.12666989862918854
3428,3555,deeplift,-0.22940391682855346,-0.1278933970915044,0.005347609985619783
3429,8612,deeplift,-0.2921028717731436,-0.055962054835011564,0.03690440207719803
3430,9249,deeplift,0.3085690473516782,0.018727686007817587,0.53188556432724
3431,3032,deeplift,-0.07219795485337575,-0.03921467214822769,0.16035914421081543
3432,9705,deeplift,0.35536924997965497,0.0056629420982466806,0.6412362456321716
3433,330,deeplift,-0.23628080859780312,0.02125034388154745,0.19843491911888123
3434,3078,deeplift,0.03037919454714831,-0.1053608989014345,0.4178873300552368
3435,2018,deeplift,-0.22819550056010485,-0.05160120605594582,0.08387569338083267
3436,3274,deeplift,-0.09365842007100582,-0.0752364918589592,0.1897171586751938
3437,3233,deeplift,-0.37389947580439703,-0.18624664701166607,0.08861353248357773
3438,3387,deeplift,-0.3110739985386317,-0.08604677323000942,0.0002668421948328614
3439,144,deeplift,0.3583557760273969,0.11729972947526861,0.8152123093605042
3440,9742,deeplift,0.17163455527689722,0.07017076677746242,0.5500736236572266
3441,367,deeplift,-0.13551840729390582,-0.0025019909565647445,0.12966300547122955
3442,8679,deeplift,-0.25612882193591857,-0.046641591315468155,0.1456797868013382
3443,4304,deeplift,-0.3373607256050621,-0.1111568920314312,0.0738111361861229
3444,7178,deeplift,-0.035790868676625766,-0.022784431393329915,0.2657877802848816
3445,333,deeplift,-0.534318748112444,-0.16422856106098904,0.0022448129020631313
3446,518,deeplift,0.17078170753442323,0.07090906856151727,0.4412803649902344
3447,7040,deeplift,-0.20325039146700874,-0.17104429967002943,0.006370410323143005
3448,4229,deeplift,0.4275251172482967,0.20752283483743666,0.7407733798027039
3449,3833,deeplift,-0.29599683815613387,-0.04947797143831849,0.02034330926835537
3450,6058,deeplift,-0.18376408079091242,0.013303485863349018,0.43563300371170044
3451,576,deeplift,-0.07519217276507441,-0.1340951264342841,0.015031280927360058
3452,4215,deeplift,0.09833458909078648,0.009503890809259917,0.5733649730682373
3453,2758,deeplift,-0.3404563342889723,-0.05095393875709329,0.004482967313379049
3454,4756,deeplift,-0.3943276215830575,-0.13815893216625505,0.05211664363741875
3455,9000,deeplift,-0.18262341966231663,-0.005048715571562449,0.09554261714220047
3456,3813,deeplift,-0.26709381651810626,-0.06030406095934185,0.018762661144137383
3457,3045,deeplift,0.221471331641078,0.07146452367305756,0.49227574467658997
3458,4047,deeplift,-0.3013531242807706,-0.1959235504979179,0.08657359331846237
3459,9094,deeplift,0.18547083251178265,0.03778261877596378,0.46498873829841614
3460,8181,deeplift,-0.1827968005090952,-0.16490351930260658,0.0994180291891098
3461,6309,deeplift,-0.14242187804645962,-0.061740443386413435,0.11395431309938431
3462,1479,deeplift,-0.32341501941638334,-0.072571752193783,0.029923254624009132
3463,543,deeplift,-0.36002886147591573,-0.07764284537527068,0.029201088473200798
3464,1618,deeplift,-0.2758253289759159,-0.005521771758794785,0.048628658056259155
3465,9032,deeplift,0.3678514135606361,0.3703249232335524,0.8392838835716248
3466,7746,deeplift,-0.15795517731457948,-0.07814390826970338,0.012013139203190804
3467,6039,deeplift,-0.21446814938363704,-0.06689108950509266,0.0547005869448185
3468,7919,deeplift,-0.483066795817153,-0.175861565311524,0.024027487263083458
3469,7624,deeplift,-0.2067400018374125,-0.08947383761405944,0.03218035399913788
3470,9495,deeplift,0.00245512742549181,-0.09314282890409231,0.4171644151210785
3471,8657,deeplift,0.0442731784922736,-0.041322234131041025,0.392701119184494
3472,7160,deeplift,-0.30998063797042485,-0.10269059311775934,0.12619172036647797
3473,2358,deeplift,-0.2280976643355993,-0.04473938345192717,0.020121054723858833
3474,8250,deeplift,-0.21870730892734844,-0.025050233568712745,0.0017731875414028764
3475,1655,deeplift,-0.008723027259111404,-0.11261446923017501,0.2124847173690796
3476,6911,deeplift,-0.11489526959485374,-0.2114144561928697,0.004674671217799187
3477,1746,deeplift,0.3801263768225908,0.14804309606552124,0.6620699763298035
3478,5794,deeplift,-0.4025147724746456,-0.017983535199516242,0.005703683476895094
3479,14,deeplift,0.24280127670083726,0.08484909080323719,0.5710968375205994
3480,1877,deeplift,-0.1635296121612191,-0.14137968365103007,0.014109996147453785
3481,7888,deeplift,-0.05830406894286474,-0.2097239905879611,0.20526881515979767
3482,8520,deeplift,0.03003289704692775,-0.07298367907261026,0.35594889521598816
3483,6883,deeplift,-0.0014999727053301676,-0.01522482665521758,0.28186291456222534
3484,3761,deeplift,0.00881789586482904,0.025836544159131173,0.492264986038208
3485,0,deeplift,-0.056967268939371464,-0.09169206133595219,0.4357873201370239
3486,6831,deeplift,-0.19687566602671588,-0.15791397900493057,0.3510061502456665
3487,7722,deeplift,0.05652043127244519,-0.08471117000426015,0.2945769727230072
3488,9630,deeplift,-0.3138634882867336,-0.03018859140574932,0.06866639107465744
3489,7672,deeplift,-0.21812777034938335,-0.04936330206692219,0.03134454786777496
3490,6568,deeplift,-0.09209792236132282,-0.16897150288735116,0.14033734798431396
3491,655,deeplift,-0.0777716264128685,-0.027239415794610977,0.1666376143693924
3492,9349,deeplift,-0.14497425774526265,-0.0797283348834349,0.00483818119391799
3493,4241,deeplift,-0.25252425548835444,-0.08907235786318779,0.017345597967505455
3494,3023,deeplift,-0.3067596411871675,-0.04116429680174118,0.006109780166298151
3495,1851,deeplift,0.32735585068401535,0.051106380788903484,0.6105474829673767
3496,349,deeplift,-0.16125282080009065,-0.07088896683577833,0.24738675355911255
3497,6340,deeplift,0.09780861437320709,-0.022546174004673958,0.5098487734794617
3498,1156,deeplift,0.0378914203713922,-0.037901962504667396,0.27929550409317017
3499,3017,deeplift,-0.1634146552000727,-0.029084439682109015,0.1408715844154358
3500,457,deeplift,0.2374906546395758,0.14629265601220337,0.7910329103469849
3501,2867,deeplift,-0.26624972779642453,0.0025759319012815304,0.42870235443115234
3502,5033,deeplift,0.3434103968051764,0.21299079748300406,0.6780276298522949
3503,4622,deeplift,-0.1203656228988067,-0.10853419355724168,0.21266357600688934
3504,6329,deeplift,0.005696700513362884,-0.07334833666682243,0.2821274399757385
3505,7081,deeplift,-0.1684817752490441,-0.052305392610530056,0.06359463930130005
3506,6786,deeplift,-0.1842429765810569,-0.04532232414931059,0.010641198605298996
3507,8458,deeplift,-0.2682341694831848,-0.04130803132429719,0.04596208035945892
3508,5206,deeplift,0.34007809838143793,0.07470624366911446,0.729332685470581
3509,6053,deeplift,-0.2861521240195324,-0.06592089631434145,0.035901401191949844
3510,131,deeplift,-0.022663658139882265,-0.024079991159615694,0.22445830702781677
3511,3692,deeplift,-0.300898441013747,-0.07681043514250112,0.0025436722207814455
3512,6192,deeplift,-0.168691192395412,-0.05196197159015215,0.25670063495635986
3513,9523,deeplift,-0.15093364784630334,-0.0931181451532899,0.09408332407474518
3514,4587,deeplift,-0.13962742065389952,-0.14445047384058987,0.09424690157175064
3515,9818,deeplift,-0.19734425645540743,-0.015671927098403957,0.04872306063771248
3516,3235,deeplift,0.34001173451542854,0.06779237588246663,0.6959211826324463
3517,8641,deeplift,-0.1409887768594282,-0.2313167594506272,0.004867217969149351
3518,4879,deeplift,-0.18265165273277534,-0.03684142152113574,0.006866496056318283
3519,6854,deeplift,-0.11347662029521806,0.031650541403463905,0.20629441738128662
3520,8572,deeplift,0.0572788268327713,0.01658094022423029,0.32391101121902466
3521,3639,deeplift,-0.07972292069877897,-0.06740250438451767,0.2065764218568802
3522,7358,deeplift,0.24113551964019908,0.20708454682909208,0.848475456237793
3523,8826,deeplift,0.2703692717477679,0.1611006548628211,0.6115676760673523
3524,2303,deeplift,0.3171805744209597,0.006776419378096058,0.6689764857292175
3525,7315,deeplift,0.27914572430068046,0.1756343836414403,0.7542608380317688
3526,5308,deeplift,-0.22322609216313472,-0.10056348339739171,0.04795151576399803
3527,6808,deeplift,-0.18700077840737228,-0.18968848171162195,0.027255138382315636
3528,9395,deeplift,-0.274943236924278,-0.06298595051675175,0.0043520028702914715
3529,265,deeplift,-0.27853779138430307,-0.1013759627290394,0.025978950783610344
3530,4763,deeplift,-0.2562602819460962,-0.041830756054777235,0.009797750040888786
3531,9111,deeplift,-0.28357147503023344,-0.12398949979494016,0.03425786271691322
3532,6789,deeplift,0.23909697169438004,0.04570015333592892,0.590389609336853
3533,4597,deeplift,0.5307318028062582,0.2374291191143649,0.9069997072219849
3534,2531,deeplift,-0.03410589255583592,-0.062252540236864336,0.1984277367591858
3535,4862,deeplift,-0.11874311925335364,-0.21007125756957315,0.03391021862626076
3536,7669,deeplift,0.18231522291898727,0.03019433899929649,0.412742555141449
3537,316,deeplift,-0.16895049653555216,-0.11096864370139022,0.019474787637591362
3538,1897,deeplift,0.2524501904845238,0.10574186891317368,0.5879573225975037
3539,8860,deeplift,-0.22007714100182058,-0.1002800278365612,0.13643969595432281
3540,6407,deeplift,-0.27585427556186914,-0.03316272288146946,0.021667707711458206
3541,8231,deeplift,-0.32373274271102515,-0.18220741718130953,0.07200539857149124
3542,8521,deeplift,-0.37238804921507834,-0.13320165686309338,0.04329602047801018
3543,6112,deeplift,-0.277292776438925,-0.05071573947659797,0.02430630661547184
3544,8128,deeplift,0.04971433151513338,-0.0019505778327584267,0.325257271528244
3545,2039,deeplift,0.1152380711088578,-0.09109262045886782,0.3373856246471405
3546,103,deeplift,-0.241157599653189,-0.06578468321225582,0.040164411067962646
3547,3297,deeplift,-0.16528114723041654,-0.0635279631242156,0.14388278126716614
3548,794,deeplift,-0.3039783611148596,-0.06261049851775169,0.005065251607447863
3549,5967,deeplift,-0.15456479568691814,-0.027363934061106515,0.2622986137866974
3550,5332,deeplift,-0.2569856135284199,-0.21996886392726617,0.06587687134742737
3551,8586,deeplift,0.1017053346884878,-0.029284141565624037,0.3674827516078949
3552,1658,deeplift,-0.0762991380123865,0.09040507390385583,0.5020164847373962
3553,3933,deeplift,-0.09359676684394028,-0.03977695220347607,0.13650541007518768
3554,6968,deeplift,-0.27168462197813725,-0.07544144615530968,0.015283593907952309
3555,9469,deeplift,-0.0755929383246795,0.002776103823081307,0.2501419186592102
3556,7854,deeplift,0.153551637298531,0.0015851813885900709,0.4259766936302185
3557,3210,deeplift,0.009915227070450783,0.028200453768173855,0.35003623366355896
3558,7012,deeplift,0.08705802696446578,-0.02371426795919736,0.5033076405525208
3559,9808,deeplift,0.03413744747638702,0.05459889099001884,0.2762671113014221
3560,2973,deeplift,0.22294240797820844,0.08296327214491994,0.4803959131240845
3561,932,deeplift,-0.0812705945968628,0.03557021498680115,0.4014349579811096
3562,6163,deeplift,0.37565216578935323,0.22872315268767507,0.915254533290863
3563,6432,deeplift,0.5839878761768341,0.25652113676071164,0.9745040535926819
3564,3497,deeplift,0.27851006388664246,0.17432563304901122,0.5456035137176514
3565,3202,deeplift,-0.15622997859164195,-0.24708966932752552,0.023343535140156746
3566,2611,deeplift,0.14569709102312725,0.1236458679040273,0.5247154831886292
3567,9631,deeplift,0.00035961359739303586,-0.10021156251430512,0.22760845720767975
3568,567,deeplift,0.20910215891640763,0.1992331219130549,0.7236638069152832
3569,764,deeplift,-0.24925788040414001,-0.0409006444793759,0.04737846180796623
3570,4366,deeplift,-0.09230388104915618,-0.07166104565064112,0.15420879423618317
3571,8367,deeplift,0.2591714333085453,0.009247948141659008,0.5428609848022461
3572,7360,deeplift,-0.24238927466406798,-0.048094334085665956,0.0016796797281131148
3573,1441,deeplift,-0.12350190721233101,0.0037659007836790648,0.1873389631509781
3574,921,deeplift,0.1491803444094128,0.3366443556216028,0.6853117346763611
3575,8222,deeplift,0.40094437077641487,0.19880520020212447,0.8048217296600342
3576,1794,deeplift,-0.3320822859449046,-0.0755788589428578,0.02052241563796997
3577,3838,deeplift,-0.26734975228707,-0.06010582344606519,0.03621654212474823
3578,3122,deeplift,-0.33500113976188006,-0.0234130033175461,0.006354974582791328
3579,6127,deeplift,-0.2505428813254604,-0.09681251673744275,0.008014657534658909
3580,6319,deeplift,-0.15248687779530884,-0.13080103248357772,0.029896698892116547
3581,2388,deeplift,0.1788069987669587,0.08026878722012043,0.47264033555984497
3582,4466,deeplift,0.2333545344679252,0.10198107297005861,0.5730688571929932
3583,4505,deeplift,-0.17418282926082612,0.057458402067422865,0.17343918979167938
3584,1606,deeplift,-0.2323559729139442,-0.09167146107748798,0.015103349462151527
3585,2147,deeplift,-0.32115504116966176,-0.29124993458390236,0.0615299828350544
3586,36,deeplift,0.4781465262174606,0.021676302701234818,0.7854849100112915
3587,9147,deeplift,0.005481278612500145,-0.15805083513259888,0.3181847929954529
3588,761,deeplift,-0.11652058103810185,-0.1365044534854267,0.12206654250621796
3589,5268,deeplift,-0.08897279272787273,-0.1451157359406352,0.20957669615745544
3590,3038,deeplift,-0.2803821693440633,-0.05908849695697427,0.019569529220461845
3591,5503,deeplift,-0.2718102580581147,-0.057313980283932045,0.02058752067387104
3592,5228,deeplift,0.2120217989230978,0.17124108507715421,0.6258740425109863
3593,1623,deeplift,-0.5019185108982999,-0.13509518102459286,0.1446055918931961
3594,577,deeplift,-0.11638494274195503,-0.06742167100310326,0.10271941870450974
3595,6426,deeplift,-0.16977650646505685,0.005478205095077383,0.24971477687358856
3596,8087,deeplift,-0.2114864632879433,-0.17426289735656036,0.04205183684825897
3597,8536,deeplift,0.291251577064395,0.15414309576153756,0.5814566612243652
3598,9564,deeplift,-0.33268506737012005,-0.0618775880171193,0.016003092750906944
3599,2232,deeplift,-0.26287666459878284,-0.01847003045536223,0.17972512543201447
3600,2319,deeplift,-0.08204120844602585,-0.09836158230900764,0.2017628252506256
3601,5707,deeplift,-0.42862758880600016,-0.14977817855616835,0.10721222311258316
3602,9690,deeplift,-0.24134155346647554,-0.034634282771983875,0.041275572031736374
3603,5306,deeplift,-0.0014179862643543043,-0.05688801054891787,0.31226062774658203
3604,7938,deeplift,0.023689610393423783,0.009370579531318262,0.3084762692451477
3605,2167,deeplift,-0.26504457809708337,-0.12536154010079123,0.32015353441238403
3606,637,deeplift,-0.15051929155985513,-0.09150102486213048,0.2369113713502884
3607,8668,deeplift,-0.00821430504322052,0.008643118143081665,0.26871800422668457
3608,5594,deeplift,-0.16051344916922972,-0.07915639910580856,0.012680405750870705
3609,6555,deeplift,-0.13117488308085334,-0.22907096809811062,0.14947444200515747
3610,8098,deeplift,-0.30846776785328983,-0.22712562065571545,0.03292248025536537
3611,47,deeplift,0.4444267320282319,0.0987154087599586,0.7709248065948486
3612,5505,deeplift,0.33126667070956456,0.0544243057568868,0.5557584762573242
3613,9196,deeplift,0.2086452291562007,0.2500612214207649,0.6326545476913452
3614,8416,deeplift,0.16705720939419486,0.056990920142693954,0.49860090017318726
3615,4509,deeplift,-0.30693002659827473,-0.07764951903373003,0.013668186962604523
3616,2638,deeplift,0.3500190052916022,0.04452957300578847,0.7345981597900391
3617,8708,deeplift,-0.1763590093702078,-0.05481708347797394,0.08072798699140549
3618,8476,deeplift,-0.021488710729913277,-0.10981337929313834,0.15596148371696472
3619,3080,deeplift,-0.09741302132606507,-0.061649150649706524,0.15965570509433746
3620,2870,deeplift,-0.12043647281825542,-0.025161919184029102,0.26514989137649536
3621,2213,deeplift,-0.3157131449483773,-0.0837512696024907,0.010725773870944977
3622,6043,deeplift,-0.1291747390292585,-0.15418595112860203,0.046624600887298584
3623,3798,deeplift,0.11113936205705006,0.09284357354044914,0.5544701814651489
3624,7972,deeplift,0.03191622416488826,0.13348589569795877,0.3260411322116852
3625,5739,deeplift,-0.014390279352664948,-0.06637992858886718,0.27731963992118835
3626,4822,deeplift,-0.01782315969467163,0.02943871126455419,0.2577130198478699
3627,9067,deeplift,-0.21155646341503598,-0.0955587427597493,0.0405559204518795
3628,5799,deeplift,-0.27644164487719536,-0.12307400163263083,0.05296976864337921
3629,7482,deeplift,-0.2881410663326581,-0.03232496993926664,0.0036292579025030136
3630,2114,deeplift,0.2722862553596497,0.10254165530204773,0.6506621241569519
3631,1112,deeplift,-0.2393325123935938,-0.07345766300956408,0.03613762930035591
3632,8178,deeplift,0.12748431446759598,0.15516577725825104,0.4539547562599182
3633,3717,deeplift,0.17131326595942178,0.06228745435223435,0.45997312664985657
3634,713,deeplift,0.09337466742311205,-0.11859893585954394,0.5046142339706421
3635,872,deeplift,-0.03305887348122067,-0.0428772336906857,0.1816200613975525
3636,1149,deeplift,-0.21111260764300824,-0.08463921323418618,0.024432653561234474
3637,9299,deeplift,-0.3495744044333696,-0.029694984778761865,0.01383458636701107
3638,5663,deeplift,-0.2465970375175987,-0.07870034208255154,0.10040811449289322
3639,8167,deeplift,-0.07027737086727506,0.02426827379635402,0.3234998881816864
3640,3315,deeplift,0.011033502407371998,-0.004569321405142546,0.28692805767059326
3641,4588,deeplift,0.4692763349524251,0.07413508715452971,0.8715643286705017
3642,5098,deeplift,-0.271424095518887,-0.06884820004925132,0.012968084774911404
3643,6077,deeplift,-0.2147510400041938,-0.055417774617671965,0.017991578206419945
3644,7966,deeplift,-0.28709870448801666,-0.05143463057902409,0.0013423408381640911
3645,1020,deeplift,-0.3262075721286237,-0.07919104976463132,0.012677907012403011
3646,4102,deeplift,0.511909075338265,0.13245213905285144,0.8339940309524536
3647,5368,deeplift,0.5215419447765901,0.17039153094475085,0.8400371074676514
3648,6543,deeplift,-0.006718569788439521,0.049274435844914664,0.3431854844093323
3649,958,deeplift,-0.16163989106814067,-0.07991394897301991,0.14438126981258392
3650,3846,deeplift,0.329948090430763,-0.15907199598020977,0.6196422576904297
3651,2748,deeplift,-0.18462724764557445,-0.11284309844760333,0.08493014425039291
3652,4710,deeplift,0.1040669030376843,0.07568728285176414,0.39144542813301086
3653,8279,deeplift,-0.26979014997680983,-0.05166555922478437,0.03442125394940376
3654,586,deeplift,-0.2664303812198341,-0.057220578814546265,0.03668462857604027
3655,1817,deeplift,0.24164308980107307,0.1165708207658359,0.5460230112075806
3656,782,deeplift,0.20388700026604864,0.003002201517422994,0.38867396116256714
3657,8241,deeplift,0.1343513119852904,-0.04057546005104527,0.3748607337474823
3658,335,deeplift,0.09714217921314032,-0.2038205421489218,0.287555456161499
3659,3755,deeplift,0.03877104886553504,-0.05696254494515332,0.2146470695734024
3660,2191,deeplift,0.02664274853818557,-0.054127316264545214,0.28419771790504456
3661,9214,deeplift,-0.012090841929117838,-0.09976609689848763,0.2691485285758972
3662,5205,deeplift,-0.30308760290867404,-0.08210595246208341,0.0575362853705883
3663,6073,deeplift,-0.2609865963459015,-0.055680465951029746,0.08396565914154053
3664,23,deeplift,-0.17178527002825456,-0.20718293374075608,0.11261492222547531
3665,4923,deeplift,-0.2627210145925774,-0.13360864428036354,0.061021383851766586
3666,4556,deeplift,-0.15054113666216531,-0.07433949493699604,0.24860934913158417
3667,2012,deeplift,0.08035074747525729,-0.04675908386707306,0.35563814640045166
3668,381,deeplift,-0.1861439270277818,-0.0912794162829717,0.037967659533023834
3669,3127,deeplift,-0.06529276538640261,0.040128770750015974,0.21845991909503937
3670,6398,deeplift,0.20078135417266327,0.07498322833668102,0.6630389094352722
3671,1981,deeplift,-0.10556449455076031,-0.15927005409529166,0.005394446663558483
3672,3095,deeplift,-0.3442262132268618,-0.10272849942831432,0.011352366767823696
3673,6758,deeplift,-0.31114983836596366,-0.044859372144856025,0.0064395093359053135
3674,2025,deeplift,0.389618260661761,0.09733154773712158,0.6416126489639282
3675,9398,deeplift,-0.30437616945710033,-0.04758635689230526,0.0017090571345761418
3676,5100,deeplift,-0.19762889260891825,-0.05498554967925884,0.00658273184671998
3677,3526,deeplift,-0.2957897453258435,-0.07688625839849313,0.015641329810023308
3678,7532,deeplift,0.33752964224134174,0.15290036016986483,0.6270502209663391
3679,3007,deeplift,0.11360081721996439,0.04332455324715581,0.5438830256462097
3680,1084,deeplift,0.22419124688295758,0.22004549599745693,0.5655570030212402
3681,9837,deeplift,0.17285679722273792,-0.01910657297681879,0.5440959930419922
3682,9258,deeplift,-0.36729981572855086,-0.08410803618885222,0.17261384427547455
3683,4503,deeplift,-0.15796969830989838,-0.08823556639254093,0.10641404986381531
3684,1575,deeplift,0.26086884550750256,0.08916044514626265,0.7099810838699341
3685,3091,deeplift,0.36593625545501707,0.1936881403128306,0.8751144409179688
3686,2484,deeplift,-0.3039841206744313,-0.059428873285651204,0.06483732908964157
3687,4489,deeplift,0.13301972619124822,-0.08361544282663436,0.3395431935787201
3688,5070,deeplift,-0.2512881781440228,-0.06028980447445065,0.07770730555057526
3689,5669,deeplift,0.4026331377250177,0.22864037862530462,0.7978162169456482
3690,2138,deeplift,-0.12012964033562204,-0.25275787711143494,0.143035426735878
3691,6580,deeplift,-0.3318328535450356,-0.06301034860579031,0.009570155292749405
3692,2516,deeplift,-0.22167525230906904,-0.04158193124458194,0.041411060839891434
3693,9154,deeplift,0.030954387933015824,0.07073578417301178,0.4071199893951416
3694,5456,deeplift,-0.13877191591919177,-0.045160352474167234,0.002542091067880392
3695,3433,deeplift,-0.04091234592830434,-0.06336125439288569,0.3196968138217926
3696,3989,deeplift,-0.306307022821986,-0.06532538102732764,0.01318898145109415
3697,7422,deeplift,-0.16741692760716315,-0.14679171533688254,0.1537180244922638
3698,5009,deeplift,0.03265120140437422,-0.10375043955342524,0.4265684187412262
3699,1458,deeplift,0.03957316180070241,0.022691245873769125,0.3032118082046509
3700,952,deeplift,-0.262532920322635,-0.09066335653716867,0.12776044011116028
3701,9718,deeplift,0.05377318435593655,-0.05115812389474166,0.5182509422302246
3702,960,deeplift,-0.03898984978073522,0.06097558454463357,0.4196206331253052
3703,7273,deeplift,0.10656918212771416,0.1494449209421873,0.4810295104980469
3704,765,deeplift,0.0049269660376012325,0.09176267264410853,0.36835235357284546
3705,8316,deeplift,-0.10558181395754218,-0.1366550368256867,0.18489451706409454
3706,3400,deeplift,-0.08853023995955785,-0.04111923753387398,0.1176433265209198
3707,2316,deeplift,0.029658171263608066,0.014973307197744196,0.288962185382843
3708,9465,deeplift,0.36759553372859954,0.14740096926689147,0.820496678352356
3709,9346,deeplift,0.20003571680613927,0.3312984401626246,0.672723114490509
3710,7835,deeplift,0.23642128854990005,0.15759533196687697,0.7621870636940002
3711,4032,deeplift,0.18739327589670818,0.32620038986206057,0.9373722672462463
3712,2029,deeplift,-0.029710044286080768,-0.08440152626662027,0.39454779028892517
3713,4718,deeplift,0.037490587681531906,0.03641566261649132,0.2714459002017975
3714,286,deeplift,0.2688156298615716,0.2538601004264571,0.9934485554695129
3715,908,deeplift,0.18296127810197718,-0.004213379148174734,0.5397204756736755
3716,1482,deeplift,-0.004277371547438882,-0.038157190788875923,0.27223533391952515
3717,9660,deeplift,-0.2351924516260624,-0.15161918910841146,0.20938125252723694
3718,4712,deeplift,-0.07885840570642835,-0.05851345615727561,0.13058507442474365
3719,2133,deeplift,-0.23780053202062845,-0.08283207286149263,0.018274979665875435
3720,9608,deeplift,-0.34573796689510344,-0.2558557609717051,0.14981146156787872
3721,9774,deeplift,-0.1705486223101616,0.06863140650093555,0.2365657389163971
3722,9211,deeplift,-0.22070900083829958,-0.04946715570986271,0.011182229034602642
3723,563,deeplift,-0.23202831929792528,-0.044555015821495784,0.014900797978043556
3724,291,deeplift,0.06814066906060491,-0.16677119050707137,0.47393664717674255
3725,1713,deeplift,-0.32288392333106863,-0.09391399941200183,0.006420265417546034
3726,4012,deeplift,-0.2504270976808454,-0.13491749078301446,0.016706986352801323
3727,8922,deeplift,0.22479808051139116,0.0967596098780632,0.512001097202301
3728,169,deeplift,-0.1671139352461871,-0.04513636779259233,0.0672108381986618
3729,267,deeplift,-0.033700141491311966,-0.023899908770214428,0.2784288823604584
3730,9144,deeplift,-0.25276891539494195,-0.05024235770106315,0.01849137246608734
3731,3172,deeplift,0.052474040538072586,0.05641016115744909,0.39240676164627075
3732,2286,deeplift,-0.3580881953239441,-0.09723343496972864,0.10193856060504913
3733,315,deeplift,0.01385054418018886,-0.20643084247907004,0.32508882880210876
3734,8046,deeplift,-0.19137747997107604,-0.14866712456569076,0.011098308488726616
3735,8822,deeplift,0.4297219399701465,0.3274096731435169,0.749055027961731
3736,245,deeplift,0.14839612444241843,0.031720176339149475,0.4636363685131073
3737,5186,deeplift,0.01623806357383728,-0.09034858178347349,0.3448076844215393
3738,5421,deeplift,0.2190003773128545,0.037954144455768446,0.4596599042415619
3739,6065,deeplift,-0.12475439063880754,-0.06048809218665828,0.09551749378442764
3740,50,deeplift,0.15933124721050262,-0.02193942666053772,0.5483059287071228
3741,3021,deeplift,-0.23365210369229317,-0.05170451688269774,0.0344432108104229
3742,7028,deeplift,-0.06011601868602964,0.054097007822107385,0.3482997715473175
3743,1372,deeplift,-0.15678191591392865,-0.06794632158496162,0.2596820592880249
3744,4176,deeplift,-0.11604425273835658,-0.016678326204419135,0.17343220114707947
3745,2470,deeplift,-0.14743977838328906,-0.20791709103754588,0.00725655909627676
3746,8000,deeplift,0.18095009823640187,0.13775305151939393,0.7493796348571777
3747,6156,deeplift,-0.2516284753801301,-0.07371512410463765,0.01881452091038227
3748,1498,deeplift,-0.2341657297478782,-0.1428046022300367,0.09309433400630951
3749,5868,deeplift,-0.09477510510219468,-0.13175903369362155,0.05912746861577034
3750,1963,deeplift,0.035381144285202025,0.15276919454336166,0.45506834983825684
3751,248,deeplift,0.1086856659501791,-0.14577488750219345,0.3336604833602905
3752,4771,deeplift,-0.08568378573372251,0.22258530344281877,0.5750445127487183
3753,1277,deeplift,0.162448112578953,0.21296492744894588,0.619950532913208
3754,4905,deeplift,-0.15597653183443794,-0.10300684180752985,0.24206717312335968
3755,8025,deeplift,-0.28648749171268373,-0.2237375978203047,0.08232808858156204
3756,2110,deeplift,0.052118541983266674,0.1232053805142641,0.5030661821365356
3757,9776,deeplift,0.4027655331357833,0.11085674647362001,0.7856916785240173
3758,2945,deeplift,0.1955854594707489,0.08595064282417297,0.6487014889717102
3759,6249,deeplift,-0.06089836359024048,-0.06646968502747386,0.15569588541984558
3760,7023,deeplift,-0.321932593036605,-0.06360708628578679,0.005492150783538818
3761,795,deeplift,0.14463995272914568,-0.0009985044598579407,0.41557133197784424
3762,9717,deeplift,-0.09621200213829677,-0.10212485318382582,0.12686966359615326
3763,7908,deeplift,-0.15142949564116343,-0.1699830756655761,0.14366397261619568
3764,5371,deeplift,-0.07722670046819581,-0.19924159016874102,0.10620340704917908
3765,9655,deeplift,-0.16676199368455194,-0.14398508874530141,0.05856282263994217
3766,447,deeplift,-0.27929628762448655,-0.09208037151858725,0.019516216591000557
3767,2968,deeplift,-0.3618623879983237,-0.05091071913116857,0.048845671117305756
3768,2152,deeplift,0.19054299981697745,0.041442274399425674,0.4681960642337799
3769,7838,deeplift,-0.44552578145395155,-0.10495166237587514,0.0385376438498497
3770,4852,deeplift,0.016015538945794106,-0.052923435966173805,0.20599697530269623
3771,5157,deeplift,-0.03303016722202301,-0.22604251239034864,0.412262886762619
3772,683,deeplift,0.20032798886299133,0.23391833364963532,0.7792206406593323
3773,8118,deeplift,-0.10334352250484859,-0.1038246055078857,0.06082053855061531
3774,6681,deeplift,-0.11913396293918292,-0.5056662522256374,0.027975384145975113
3775,5741,deeplift,-0.0499550923705101,-0.0809444220115741,0.271180659532547
3776,1488,deeplift,-0.28095654133511216,-0.03160397914287291,0.0452314168214798
3777,3077,deeplift,-0.1649495449758345,-0.06105519422600346,0.1590126007795334
3778,3905,deeplift,-0.2924849387803456,-0.07244462029236119,0.02138281986117363
3779,8594,deeplift,-0.14848177507519722,-0.028894643553278664,0.09932880103588104
3780,318,deeplift,-0.30577167868614197,-0.06672220629069113,0.04363894835114479
3781,856,deeplift,0.02701608488957087,-0.07094816267490386,0.2540927231311798
3782,7743,deeplift,-0.263891788649148,-0.18716672885006871,0.07442079484462738
3783,2770,deeplift,-0.2027861632938896,-0.05332181975245476,0.01965063437819481
3784,3566,deeplift,-0.34529283303110037,-0.1864827845026465,0.03157947212457657
3785,376,deeplift,0.022406642458268573,0.013045635606561388,0.3191399574279785
3786,410,deeplift,-0.10340619418356153,-0.05793066488371955,0.14707645773887634
3787,2405,deeplift,0.18499333634972573,0.12492001205682754,0.5692591667175293
3788,3776,deeplift,-0.357222930341959,-0.05883913893873493,0.02185065671801567
3789,3946,deeplift,0.38256757375266814,0.1725724074575636,0.6866202354431152
3790,1111,deeplift,-0.07789154084665435,-0.05142007289188249,0.11384977400302887
3791,7660,deeplift,0.13727902754759178,0.10794929510507828,0.6148086786270142
3792,8001,deeplift,-0.14818259115730012,-0.10613797711474555,0.074343241751194
3793,2288,deeplift,-0.25981272138389094,-0.0730367521090167,0.029039278626441956
3794,2127,deeplift,0.19528775759365247,0.1600251677243606,0.49115344882011414
3795,5581,deeplift,-0.22441608516069558,-0.07630171745012586,0.01503793429583311
3796,8256,deeplift,0.026947042116752036,0.2266838223888324,0.6745533347129822
3797,6751,deeplift,-0.26305721774697305,-0.11384288767973581,0.05247730761766434
3798,9399,deeplift,-0.27127584241903746,-0.21107646765617225,0.1052628681063652
3799,2233,deeplift,-0.28929324598244294,-0.06854064033591542,0.0031137189362198114
3800,5550,deeplift,-0.1412746082060039,-0.047218667808920145,0.15413615107536316
3801,274,deeplift,-0.43749881772181165,-0.12276136760528271,0.016693508252501488
3802,2344,deeplift,-0.14482977911829947,-0.07975345253944396,0.05486561357975006
3803,1568,deeplift,0.36399691649105237,0.021621041971704235,0.6346242427825928
3804,3133,deeplift,-0.10624504766680977,0.01190233411210956,0.2367822229862213
3805,6178,deeplift,-0.06132385835928075,-0.04029741883277893,0.2207033783197403
3806,7955,deeplift,-0.1544376821257174,-0.10949747957056388,0.04655905067920685
3807,7820,deeplift,-0.18868757404386996,-0.13130567006766797,0.03791545704007149
3808,9415,deeplift,-0.04658371486045696,-0.039931466733967816,0.22204652428627014
3809,2574,deeplift,-0.013549574865744663,-0.11334829318981904,0.23711691796779633
3810,965,deeplift,0.516629426873156,0.1113133393228054,0.8059965968132019
3811,2291,deeplift,0.3687223723779122,0.19638091760377088,0.651631772518158
3812,5375,deeplift,-0.2082276145617167,0.042951429883639015,0.24746882915496826
3813,6670,deeplift,-0.31208379850501106,-0.11873985844708625,0.06641469150781631
3814,8955,deeplift,-0.1220128552781211,-0.054384423074898894,0.16458193957805634
3815,8059,deeplift,-0.3392940209014341,-0.08029658018494956,0.011133963242173195
3816,2755,deeplift,-0.12520297668460342,-0.12125638851688968,0.13641993701457977
3817,4474,deeplift,0.18981427669525147,0.08824298858642578,0.7257764339447021
3818,3910,deeplift,-0.23243978616249347,-0.03437935986689159,0.014457088895142078
3819,2002,deeplift,0.3941236418836257,0.15293660496964173,0.8516564965248108
3820,4794,deeplift,-0.23534903072175525,-0.09894192609049025,0.1075531542301178
3821,8644,deeplift,0.08482701069599874,0.044746899926984635,0.546720564365387
3822,6394,deeplift,0.04318290136077187,-0.031232898885553532,0.41807031631469727
3823,5339,deeplift,0.022681807370289513,0.06878522524367207,0.24166259169578552
3824,1730,deeplift,-0.13548685146390266,-0.10904169142386823,0.019138842821121216
3825,2360,deeplift,0.36486864564093674,0.18600910089232706,0.7268270254135132
3826,9379,deeplift,-0.10847048514655658,-0.17538592325789587,0.2394772171974182
3827,9058,deeplift,-0.05386491264734003,-0.051984835829999715,0.1518542319536209
3828,9028,deeplift,-0.1163174236814181,0.15035654666523138,0.45247936248779297
3829,7579,deeplift,0.26950506933710794,0.08362550965764305,0.5479905605316162
3830,6428,deeplift,-0.02403499107611807,0.027683689406043606,0.5771923661231995
3831,1068,deeplift,-0.23785581008384102,-0.23168822417133733,0.050804540514945984
3832,5337,deeplift,-0.19788801128214056,-0.16665728390216827,0.1968742460012436
3833,1071,deeplift,-0.05805902245144049,-0.03725283779203892,0.1968740075826645
3834,9456,deeplift,-0.13910379074513912,-0.07603100718309481,0.17924535274505615
3835,5020,deeplift,0.008787448517978191,0.11227553151547909,0.5162355303764343
3836,2115,deeplift,-0.2638275525360196,-0.029584258725797688,0.07817044854164124
3837,5910,deeplift,0.4059255911457923,0.31450629186245704,0.8420286774635315
3838,8448,deeplift,-0.20236233983721053,-0.03259563084159579,0.1305079609155655
3839,3132,deeplift,-0.17074550572654296,-0.12329531188026585,0.03241626173257828
3840,7703,deeplift,-0.06691046760362737,-0.011741213062230279,0.18602986633777618
3841,474,deeplift,-0.36707448505836987,-0.17889543395975363,0.14456066489219666
3842,8441,deeplift,0.18266699888876506,0.23390748564686095,0.5526292324066162
3843,7584,deeplift,-0.2757219142329536,-0.04532901719702702,0.006723271682858467
3844,3085,deeplift,-0.002274080463077711,-0.04773850739002228,0.266539603471756
3845,8856,deeplift,0.22205827988329388,0.08519941710290455,0.6968699097633362
3846,5936,deeplift,0.08569390773773193,0.03263588935136795,0.3769429326057434
3847,3397,deeplift,-0.3051830822757135,-0.045777147519402206,0.0035164637956768274
3848,4309,deeplift,-0.3304024040699005,-0.06933675928130037,0.027501652017235756
3849,6169,deeplift,-0.1728376683779061,-0.12062792107462883,0.03806060925126076
3850,3693,deeplift,-0.26040435979763665,-0.1416408563653628,0.10533758252859116
3851,1691,deeplift,0.30910904354908886,0.0126075639444239,0.6891828775405884
3852,4333,deeplift,0.11161982805396502,0.027661514969972465,0.40692344307899475
3853,9574,deeplift,0.4415814941128095,0.23727432191371917,0.7678642272949219
3854,8619,deeplift,-0.25109350265535924,-0.022596448427066207,0.009747061878442764
3855,6832,deeplift,0.27783952111547644,0.07057568837295879,0.8185045123100281
3856,3795,deeplift,0.4903649209361327,0.07203342569501776,0.8808630108833313
3857,4649,deeplift,-0.13540916996342794,0.01703355461359024,0.18496564030647278
3858,9226,deeplift,-0.09333653334114286,-0.07861312478780746,0.1652539223432541
3859,7372,deeplift,-0.03128900404634147,-0.044593109139080704,0.2298153042793274
3860,4929,deeplift,-0.09882328296570402,-0.11275001693713038,0.019816726446151733
3861,4233,deeplift,0.1161995768547058,-0.004119182129700979,0.4646453559398651
3862,1145,deeplift,0.25662412707294735,0.059288003614970615,0.5470249652862549
3863,3111,deeplift,-0.24195478549774954,-0.07179973581257988,0.07171812653541565
3864,8737,deeplift,0.041794211381957644,0.018702871742702666,0.4545203745365143
3865,2592,deeplift,-0.03639062174728939,0.05920250075204032,0.33851659297943115
3866,9142,deeplift,0.05920245964080095,-0.01683467999100685,0.3143974840641022
3867,624,deeplift,-0.12409438230097294,-0.028554007411003113,0.27170681953430176
3868,9043,deeplift,-0.20657529681921005,0.013427774961057463,0.08716792613267899
3869,3283,deeplift,-0.2871129247877333,0.022438919378651515,0.15887796878814697
3870,6341,deeplift,-0.30326267836305004,-0.03443766882798324,0.0018437437247484922
3871,7522,deeplift,-0.32753461707187326,-0.04952848369353696,0.026707712560892105
3872,9585,deeplift,0.0033233284950256346,-0.06341320633888245,0.26601240038871765
3873,7440,deeplift,-0.016768944951204155,0.07864728741920911,0.33558496832847595
3874,668,deeplift,-0.23707653411797114,0.10832507184573582,0.45657870173454285
3875,6750,deeplift,0.2613778044195736,0.04585001223227557,0.5023205280303955
3876,5165,deeplift,0.16566103582198805,0.11560517320266137,0.5489365458488464
3877,5279,deeplift,-0.1498833036138898,-0.10140824122797876,0.06314520537853241
3878,582,deeplift,-0.12962922578056654,0.0763866909676128,0.3109036684036255
3879,3945,deeplift,-0.20659018059571585,-0.20701072116692862,0.16904138028621674
3880,7688,deeplift,0.05595605146317255,0.20692347770645506,0.7455470561981201
3881,7614,deeplift,-0.1489017717540264,-0.020977380995949108,0.17802466452121735
3882,1208,deeplift,-0.004102401994168758,0.024469312466681003,0.24863244593143463
3883,7944,deeplift,0.10974323283880949,0.012974563986063004,0.35907232761383057
3884,5030,deeplift,-0.14896210399456322,-0.1286578356521204,0.08599187433719635
3885,76,deeplift,-0.22687916677783837,-0.05688688277520917,0.03926362469792366
3886,6693,deeplift,-0.16919815134914482,-0.13609370534472606,0.04063529521226883
3887,9478,deeplift,0.008903853595256805,0.05075881332159042,0.28569668531417847
3888,9464,deeplift,-0.1370964174469312,-0.054969671492775284,0.08673493564128876
3889,1175,deeplift,0.04978168649332864,0.13409986346960068,0.4329560399055481
3890,592,deeplift,-0.2486846017340819,-0.09065241410086552,0.011291122063994408
3891,3774,deeplift,-0.06712605736472389,-0.07219973612915385,0.21661542356014252
3892,5676,deeplift,0.017694999064717973,0.0333216381924493,0.26615139842033386
3893,7362,deeplift,0.08883724196089639,0.03959109385808309,0.4216432571411133
3894,1470,deeplift,-0.10029725573956966,-0.09633207276463508,0.06417886912822723
3895,705,deeplift,0.11295614143212636,-0.05935332775115967,0.3682469427585602
3896,1688,deeplift,0.05910916153977557,0.049918585434192565,0.49570244550704956
3897,4828,deeplift,0.17795236991799396,0.00995514962984168,0.6771953105926514
3898,5386,deeplift,-0.04702122649177909,-0.019577305298298597,0.15134374797344208
3899,4564,deeplift,0.38228939865764816,0.021177898896367925,0.6195475459098816
3900,7450,deeplift,0.22974875196814537,0.12541106236832483,0.6627421379089355
3901,9324,deeplift,0.21298811060410958,0.13382783587332125,0.4986462891101837
3902,4747,deeplift,0.17792232452254547,0.015659740880915995,0.3887168765068054
3903,4303,deeplift,0.31166217980846284,0.06499450341347725,0.5729836821556091
3904,6460,deeplift,-0.2474160935072338,-0.1261711655294194,0.0350336916744709
3905,6239,deeplift,-0.2926434010048123,-0.09499645770034369,0.020630361512303352
3906,7766,deeplift,0.05030469265249041,-0.059672307637002736,0.2531837522983551
3907,6739,deeplift,0.5088106400587342,0.10704856704581868,0.9125749468803406
3908,8336,deeplift,-0.26971661375968586,-0.06260218895373068,0.01252287719398737
3909,3464,deeplift,-0.2606785850599408,-0.03263679849915206,0.020815972238779068
3910,1509,deeplift,-0.03632550120353699,0.10310364365577698,0.4367104172706604
3911,4978,deeplift,-0.20777350015217258,-0.16717971500850493,0.08316656202077866
3912,6008,deeplift,-0.02720948060353597,-0.0748152357560617,0.28783729672431946
3913,5730,deeplift,-0.037069211048739295,-0.09817846917680331,0.21123531460762024
3914,8334,deeplift,-0.28114669935570824,-0.06501164990994665,0.09153387695550919
3915,4883,deeplift,-0.07996357344090939,-0.1647749521769583,0.07234881073236465
3916,9740,deeplift,-0.14080062121726,-0.0580930570856883,0.08142296969890594
3917,3299,deeplift,-0.1792476523357133,-0.20109104116757712,0.041241515427827835
3918,594,deeplift,0.16183391323796026,0.3094078710785619,0.8378943800926208
3919,5521,deeplift,-0.30287449061870575,-0.009260721815129122,0.09512393176555634
3920,6867,deeplift,0.16821039761557724,0.16486339632308844,0.5447244048118591
3921,7999,deeplift,-0.25489224972469465,-0.010469546985058557,0.0812896266579628
3922,7073,deeplift,0.1814299899118918,0.05308782171320032,0.499752402305603
3923,2876,deeplift,-0.23744545322842897,-0.03769115922041237,0.04552484303712845
3924,5595,deeplift,-0.0602642517680159,-0.05327052336472731,0.05438673496246338
3925,8508,deeplift,-0.042857183586983455,0.011786698585464842,0.2009071409702301
3926,9525,deeplift,0.16499733240217776,0.0051228814833873025,0.49847882986068726
3927,4335,deeplift,-0.26794515607448727,-0.09696927523383728,0.1951596885919571
3928,4540,deeplift,-0.08542296828495131,-0.13152969801039607,0.025074129924178123
3929,10,deeplift,-0.1750974606860567,-0.0663191778930249,0.027185779064893723
3930,8757,deeplift,-0.3191798555128502,-0.03961873517343492,0.042473603039979935
3931,1217,deeplift,0.13648363037241829,0.27068794270356494,0.6862500309944153
3932,1224,deeplift,0.2734601983557577,0.24805068613394446,0.5966187715530396
3933,3206,deeplift,0.5078549468889832,0.16683080606162548,0.7822200655937195
3934,93,deeplift,-0.2762820500394572,-0.0009180508230043495,0.2599893808364868
3935,8057,deeplift,0.32183614649942943,0.12094817417008537,0.724498987197876
3936,2455,deeplift,-0.07609120587056334,-0.033649114722555336,0.20654332637786865
3937,1247,deeplift,0.15438788424472552,0.10375081083259068,0.4373481869697571
3938,2251,deeplift,-0.00980414491560724,-0.06197483423683378,0.2536233067512512
3939,6380,deeplift,0.41159353830984663,0.18747967694486892,0.9104214906692505
3940,4708,deeplift,-0.13253741248928266,-0.09766636840228377,0.09354972094297409
3941,7864,deeplift,0.03590795863419771,0.046122703701257706,0.280953586101532
3942,3916,deeplift,-0.2608044695328264,-0.1478181814446169,0.06666555255651474
3943,3105,deeplift,-0.12338922700534265,-0.005203600972890854,0.2776140868663788
3944,292,deeplift,0.22793066611996404,0.05680831163017838,0.5047809481620789
3945,7616,deeplift,0.0016342962072009133,-0.04485868485200973,0.30551448464393616
3946,2083,deeplift,-0.3216839945342924,-0.055611853461180416,0.0027289893478155136
3947,4381,deeplift,0.002844110131263733,-0.03190019788841406,0.2532111704349518
3948,4291,deeplift,-0.10334288714511786,-0.15118217929193634,0.0006939857848919928
3949,5404,deeplift,-0.30677052445709707,-0.12230653211474418,0.04429818317294121
3950,6637,deeplift,-0.19483137679727455,-0.11970496648236324,0.0610787607729435
3951,1090,deeplift,-0.28024533440304156,-0.07986176063251846,0.013832137919962406
3952,8570,deeplift,-0.3148208956117742,-0.07348704501055181,0.03692464530467987
3953,6206,deeplift,0.3782601494055528,0.04979257400219257,0.837340772151947
3954,6843,deeplift,0.38522819768298755,0.10592080246318471,0.82193922996521
3955,1078,deeplift,0.11775728008326362,0.06453665039118599,0.40094926953315735
3956,1188,deeplift,0.16716896891593933,0.24466227650642394,0.6987248063087463
3957,3984,deeplift,0.0727957923103262,0.00472476636921918,0.34940752387046814
3958,1369,deeplift,0.1672411242669279,0.02483233944936232,0.4657645523548126
3959,8348,deeplift,0.22035627333181246,0.024514366473470415,0.5228691101074219
3960,5987,deeplift,0.07999811232089997,0.0215058434009552,0.3508223593235016
3961,1599,deeplift,-0.06006068279666285,-0.07072637542601555,0.25718140602111816
3962,4573,deeplift,-0.21264854802385622,-0.09995336441890053,0.03849129378795624
3963,5173,deeplift,-0.14567641226144937,-0.23142567771272018,0.022260218858718872
3964,6459,deeplift,0.184356936150127,0.07106444405184852,0.5419925451278687
3965,4404,deeplift,0.6133456796407699,0.22127267122268676,0.871831476688385
3966,7585,deeplift,0.3611256654063861,0.09752473069561853,0.7853783965110779
3967,8225,deeplift,0.0983127418792609,0.06494199868404504,0.49477246403694153
3968,4209,deeplift,-0.168248588219285,-0.10319046154618264,0.09496945142745972
3969,1418,deeplift,-0.1520787500041096,-0.09402838252533816,0.00363340531475842
3970,3309,deeplift,-0.21127086904432094,-0.051485570413725715,0.08713539689779282
3971,9362,deeplift,-0.046933602364290325,-0.12803558650470914,0.20156258344650269
3972,6492,deeplift,0.2804271276626322,-0.04653966426849365,0.6334680318832397
3973,7841,deeplift,0.03908242036898931,-0.0043874457478523254,0.21792639791965485
3974,3037,deeplift,-0.26090606158742535,-0.08110333714061059,0.022792277857661247
3975,1825,deeplift,-0.24508554755399625,-0.11066036413734158,0.011447384022176266
3976,3842,deeplift,-0.01818283274769783,0.04408239697416624,0.2815951406955719
3977,4522,deeplift,-0.16617725843874118,-0.22046521112012366,0.02515004761517048
3978,1569,deeplift,-0.2137834212432305,-0.10749941443403561,0.32597413659095764
3979,1261,deeplift,-0.2064848244190216,-0.07939961180090904,0.06865252554416656
3980,4918,deeplift,-0.28355887767181476,-0.06547568607228724,0.005592189263552427
3981,5273,deeplift,-0.11559096452864734,-0.12115669972968823,0.21457864344120026
3982,2478,deeplift,-0.35735686446883175,-0.0660476626485194,0.013948235660791397
3983,5795,deeplift,-0.12039432441815734,-0.02942269016057253,0.2123974859714508
3984,6864,deeplift,0.12927338004112243,0.16889487445354462,0.563147783279419
3985,1616,deeplift,0.003787301977475484,0.06369643807411193,0.46613654494285583
3986,6913,deeplift,0.20918205201625825,0.08123478770256043,0.46745431423187256
3987,2236,deeplift,-0.2453504421788713,-0.017748800794715466,0.13544297218322754
3988,7618,deeplift,-0.27770402501611147,-0.114612945519826,0.032556626945734024
3989,5447,deeplift,-0.21658068257742202,-0.03451879358348938,0.011950116604566574
3990,5554,deeplift,0.39451536711524515,0.17081656350808985,0.8664960265159607
3991,7212,deeplift,0.01134362178189414,-0.05899162803377424,0.3628862798213959
3992,7352,deeplift,-0.27357412353157995,-0.023648640885949136,0.01958017237484455
3993,2533,deeplift,-0.06478486614438092,-0.014301876969090322,0.13581806421279907
3994,5950,deeplift,-0.0388765108699982,-0.12065699238043565,0.1297478824853897
3995,7947,deeplift,-0.09405329227447509,-0.059821365773677825,0.09390699118375778
3996,2689,deeplift,0.39113834086391663,0.28884873621993595,0.7710322737693787
3997,3110,deeplift,-0.12340076153094952,-0.015302561796628512,0.338333398103714
3998,4397,deeplift,-0.011950699090957641,0.03990010976791382,0.5574133396148682
3999,2935,deeplift,-0.06712272142370541,0.15747699265678725,0.5315331220626831
4000,9632,integrated_gradient,0.39381970637119734,0.1213756318275745,0.892997145652771
4001,9282,integrated_gradient,-0.14896978614361664,-0.11227502909145858,0.04984396696090698
4002,106,integrated_gradient,-0.1303912636733824,-0.12286234142318848,0.1666150838136673
4003,1446,integrated_gradient,0.07037293910980225,-0.04186880064977182,0.3070147633552551
4004,1513,integrated_gradient,-0.256595635704477,-0.03378229245872182,0.003760539460927248
4005,6498,integrated_gradient,0.23301356560305544,0.07271965397031684,0.6039713025093079
4006,6973,integrated_gradient,-0.016006808195795332,-0.013709428853222303,0.30076706409454346
4007,4952,integrated_gradient,-0.22757416997443547,-0.09620859304612334,0.02019277587532997
4008,8552,integrated_gradient,-0.15263263339346106,-0.0031663995574821124,0.1508817970752716
4009,3027,integrated_gradient,0.35854050203373555,0.17683057251729464,0.7689019441604614
4010,2760,integrated_gradient,0.044650334678590295,0.12118549551814795,0.35151758790016174
4011,3060,integrated_gradient,-0.16192023200648173,-0.044367870262690956,0.22988669574260712
4012,33,integrated_gradient,-0.342371538582751,-0.07613817399696392,0.00611857557669282
4013,1349,integrated_gradient,-0.14363850854958096,-0.16147264776130518,0.1068231388926506
4014,4934,integrated_gradient,0.11403360515832901,0.09620448797941208,0.38874366879463196
4015,2680,integrated_gradient,0.06918410668450017,0.014219739744740148,0.3822898864746094
4016,9074,integrated_gradient,-0.31330162897292113,-0.04920692622868551,0.019449008628726006
4017,5414,integrated_gradient,-0.2770273838878462,-0.06470278775515526,0.00570652773603797
4018,6663,integrated_gradient,-0.059208768673918465,-0.035830288448117,0.15341952443122864
4019,5286,integrated_gradient,-0.333289918418114,-0.1356506457982155,0.025206051766872406
4020,3782,integrated_gradient,-0.2637672631535679,-0.05711285362485796,0.029234685003757477
4021,4516,integrated_gradient,-0.34716039802879095,-0.04958212305791676,0.026276446878910065
4022,4554,integrated_gradient,-0.30342589877545834,-0.059807508940929954,0.02567732147872448
4023,1595,integrated_gradient,-0.368230828585533,-0.08026697748125745,0.006457239389419556
4024,3857,integrated_gradient,0.005343514244730879,-0.08255866097240913,0.390585333108902
4025,3337,integrated_gradient,0.04286788977109469,0.07125942294414227,0.5612554550170898
4026,9255,integrated_gradient,-0.26392833973680224,-0.05074576586484909,0.04008273035287857
4027,1383,integrated_gradient,-0.2912890347449676,-0.04777440558309141,0.11321505904197693
4028,4860,integrated_gradient,-0.20181346662519944,-0.04676271735557488,0.041607312858104706
4029,7275,integrated_gradient,-0.19969936541241148,-0.12446989864110947,0.04597030580043793
4030,8740,integrated_gradient,-0.11468779295682907,-0.25243023224174976,0.3524290919303894
4031,1155,integrated_gradient,0.17747603810351828,0.011052511308504187,0.512457549571991
4032,6725,integrated_gradient,0.07210614638669151,0.09971269468466441,0.5211524367332458
4033,1076,integrated_gradient,-0.22775261596377408,-0.05484490129830582,0.019610153511166573
4034,3058,integrated_gradient,-0.13615846633911133,-0.009817715734243393,0.13534902036190033
4035,4586,integrated_gradient,-0.2542741119861603,-0.015753676742315294,0.06546402722597122
4036,1791,integrated_gradient,-0.23231147974729538,-0.1252365865959571,0.16637098789215088
4037,6325,integrated_gradient,-0.09021175106366476,-0.01921332428852717,0.14860214293003082
4038,7506,integrated_gradient,-0.060709199143780604,-0.07618970837857988,0.26880520582199097
4039,6495,integrated_gradient,0.2368238262440029,0.049725124710484556,0.5471554398536682
4040,9542,integrated_gradient,-0.04205359753809477,0.0010195262730121613,0.23975609242916107
4041,4694,integrated_gradient,0.1571121576332277,0.08760832202049994,0.43873295187950134
4042,8369,integrated_gradient,-0.3205054631818914,-0.055397309220602944,0.0029983895365148783
4043,7093,integrated_gradient,-0.0990599746053869,-0.07691711774378111,0.18138490617275238
4044,2794,integrated_gradient,-0.2634076066315174,-0.03841230998058682,0.007117798551917076
4045,39,integrated_gradient,-0.3631228427252462,-0.058056872247928576,0.012984275817871094
4046,7478,integrated_gradient,-0.049604030216441435,-0.06298453667584587,0.3921995759010315
4047,1253,integrated_gradient,-0.27365406201265396,-0.03677737958995359,0.0055189854465425014
4048,360,integrated_gradient,-0.30480656444671606,-0.09148976552699294,0.02384047769010067
4049,9638,integrated_gradient,0.041331982772265165,0.03790843167475292,0.4394210875034332
4050,1726,integrated_gradient,-0.0802888843943091,-0.01631302430349238,0.2270084172487259
4051,439,integrated_gradient,-0.03766417435624383,-0.05272213640538129,0.2238096296787262
4052,5267,integrated_gradient,-0.30053712476921435,-0.03431946288465577,0.0183560810983181
4053,4337,integrated_gradient,-0.2468695617467165,-0.055555812790989874,0.04572412744164467
4054,7724,integrated_gradient,-0.38679880054237753,-0.0528989784204616,0.01663101278245449
4055,7676,integrated_gradient,0.15727843369046848,0.0926272506515185,0.42115336656570435
4056,8913,integrated_gradient,-0.2837390231971557,-0.06459728141243641,0.024519136175513268
4057,2492,integrated_gradient,0.2464655441045761,-0.07580763101577759,0.6145787835121155
4058,7462,integrated_gradient,-0.35388487962667237,-0.04829564364627004,0.005783874075859785
4059,7430,integrated_gradient,-0.10212707426398993,0.18018937995657325,0.39008429646492004
4060,6620,integrated_gradient,0.058885774575173855,0.005444101057946682,0.27220845222473145
4061,6221,integrated_gradient,-0.3051881702720291,-0.06783074128907174,0.0034887013025581837
4062,8844,integrated_gradient,-0.2837306782603264,-0.015119090845639055,0.06381520628929138
4063,4518,integrated_gradient,0.18927422165870667,0.015093151728312175,0.5428768396377563
4064,1684,integrated_gradient,-0.18564869463443756,0.07395518322785695,0.36855077743530273
4065,29,integrated_gradient,-0.1721139724055926,-0.09325715175105466,0.09262941777706146
4066,6475,integrated_gradient,0.19211203356583914,0.025986147778374807,0.5151298642158508
4067,6691,integrated_gradient,0.2554985279998472,0.0844006230754237,0.5996145009994507
4068,1747,integrated_gradient,-0.2690115505456924,-0.08169312745332719,0.050263725221157074
4069,5559,integrated_gradient,0.012538916298321314,-0.09019457761730466,0.24816110730171204
4070,3325,integrated_gradient,0.05204486846923828,-0.1138365924358368,0.4271799623966217
4071,4525,integrated_gradient,-0.06082040164619684,-0.04590584865460793,0.13948622345924377
4072,5434,integrated_gradient,-0.09464459928373496,0.039605903128782906,0.37306419014930725
4073,2129,integrated_gradient,-0.08791923026243846,0.05876622017886904,0.32667073607444763
4074,5441,integrated_gradient,-0.2123756538573149,-0.038442873370808525,0.04389920458197594
4075,9420,integrated_gradient,-0.3272341691395816,-0.03833894516505739,0.02157183736562729
4076,1330,integrated_gradient,0.030657994747161865,0.00880816876888275,0.3004550635814667
4077,7369,integrated_gradient,-0.25885151443071663,-0.0620356090948917,0.024981550872325897
4078,2275,integrated_gradient,-0.05371650878120871,-0.06113893056617064,0.2008083462715149
4079,1765,integrated_gradient,0.06110671940057174,-0.003123875545418781,0.3277261257171631
4080,9131,integrated_gradient,0.29320425668667105,0.07136146159007631,0.6535645127296448
4081,6095,integrated_gradient,0.26423304997708486,0.0644456002375354,0.5420705676078796
4082,1263,integrated_gradient,0.0012066805114348729,-0.020974629869063694,0.40255555510520935
4083,1142,integrated_gradient,-0.05135108442867503,-0.07553463736001183,0.17977546155452728
4084,7797,integrated_gradient,-0.09269448700878355,-0.12715391318003336,0.16155530512332916
4085,4989,integrated_gradient,0.007467702031135559,-0.039150334654315826,0.29520750045776367
4086,4395,integrated_gradient,0.12864831479435618,0.017345055599104275,0.43969565629959106
4087,5333,integrated_gradient,0.020732116518598614,0.07451648061925714,0.36456525325775146
4088,8163,integrated_gradient,-0.16341947798024525,-0.06522967530922456,0.07493995130062103
4089,8995,integrated_gradient,-0.3460557368748328,-0.02022110889939701,0.09998241066932678
4090,9568,integrated_gradient,-0.37365177695949875,-0.048373266713072856,0.013289926573634148
4091,6098,integrated_gradient,-0.28737124227560484,-0.24211026556216753,0.10496580600738525
4092,7278,integrated_gradient,0.033826308945814766,0.03636040091514588,0.1898026019334793
4093,1516,integrated_gradient,0.20536064580082894,-0.04239291176199913,0.5133695006370544
4094,3501,integrated_gradient,-0.36732221820524763,-0.03451341776443379,0.055224865674972534
4095,4371,integrated_gradient,0.11499114893376827,0.0016242675483226776,0.619037926197052
4096,7736,integrated_gradient,0.3838826852000278,0.2502242825601412,0.6268463134765625
4097,1683,integrated_gradient,-0.29123106468468907,-0.059793895157054064,0.014247450977563858
4098,1631,integrated_gradient,0.29082540777467547,0.02270305014791943,0.6313174366950989
4099,4601,integrated_gradient,-0.21446550349074026,-0.09000558285943923,0.14578430354595184
4100,6956,integrated_gradient,0.20785346388816833,0.08100338220596313,0.6237486004829407
4101,8482,integrated_gradient,-0.24879215461894488,-0.04448324152960991,0.02136848494410515
4102,9095,integrated_gradient,-0.3799874909222126,-0.07014969581117232,0.004196999594569206
4103,7344,integrated_gradient,0.3523187791859662,0.12921968323213082,0.7690412998199463
4104,1732,integrated_gradient,0.49833934983381856,0.21061388345865104,0.7954970598220825
4105,4373,integrated_gradient,-0.4047800724140622,-0.03140460987660018,0.012075664475560188
4106,971,integrated_gradient,0.10281775239855051,-0.010422958061099052,0.3646191656589508
4107,6578,integrated_gradient,0.2731689206427998,0.052649953299098544,0.49356797337532043
4108,1453,integrated_gradient,0.022433927576792866,-0.005290924718505458,0.26105591654777527
4109,80,integrated_gradient,0.2648713822875704,0.14326191640325955,0.49737077951431274
4110,8908,integrated_gradient,-0.2288348648478003,-0.06956971392912023,0.10597539693117142
4111,96,integrated_gradient,0.20402436926960946,0.117439866065979,0.4941481053829193
4112,4376,integrated_gradient,-0.27102077601907343,-0.04888626080579483,0.01453475933521986
4113,3207,integrated_gradient,0.06305239481084488,-0.1259282599477207,0.3655413091182709
4114,6462,integrated_gradient,-0.22655423659393015,-0.0420555779710412,0.013848405331373215
4115,6220,integrated_gradient,-0.2840154838696536,-0.043831236259494394,0.005274371709674597
4116,3279,integrated_gradient,-0.047303423285484314,-0.22903569042682648,0.16403338313102722
4117,8741,integrated_gradient,-0.14591561170185313,-0.12273344923468198,0.15786920487880707
4118,8758,integrated_gradient,-0.040816733942312354,-0.10008042941198629,0.1417422741651535
4119,5396,integrated_gradient,-0.3447676732958782,-0.20669804061097757,0.028233638033270836
4120,2855,integrated_gradient,0.4604765345652898,0.11072260538736979,0.86751788854599
4121,1862,integrated_gradient,-0.33011546820915977,-0.04365012499278989,0.03983970731496811
4122,7659,integrated_gradient,0.31088939349393585,0.13263819145189748,0.6016866564750671
4123,8446,integrated_gradient,0.09497143467888236,-0.0253811813890934,0.29516133666038513
4124,5152,integrated_gradient,0.01565933613865464,-0.14513674875100455,0.25559312105178833
4125,2903,integrated_gradient,0.4250370818515157,0.1590365095193996,0.7488054037094116
4126,7581,integrated_gradient,0.07945052981376648,0.07914143900076548,0.36024776101112366
4127,9431,integrated_gradient,-0.3719209595857298,-0.05531665934797596,0.02254759706556797
4128,8948,integrated_gradient,-0.21335781941359694,-0.016138398469510404,0.07620558887720108
4129,2486,integrated_gradient,-0.13768333861870424,-0.05183302957032408,0.10331449657678604
4130,5552,integrated_gradient,-0.3245613800051312,-0.035652661204545036,0.007581600919365883
4131,5479,integrated_gradient,0.0019981871048609418,-0.0270858625570933,0.2346341758966446
4132,3894,integrated_gradient,-0.23015991132706404,-0.07260208771648732,0.01944699138402939
4133,9430,integrated_gradient,-0.3780515696321215,-0.05335336992783206,0.026201436296105385
4134,9766,integrated_gradient,-0.20726660177821205,-0.028808907383964175,0.22111885249614716
4135,4355,integrated_gradient,-0.23009865469343604,-0.047234851955657915,0.025010626763105392
4136,2833,integrated_gradient,-0.2024124413728714,-0.015231061105926832,0.22690869867801666
4137,3328,integrated_gradient,0.307097642785973,0.02548127207491133,0.6414497494697571
4138,8019,integrated_gradient,-0.32552300691604613,-0.038961063822110495,0.04381505027413368
4139,3424,integrated_gradient,0.29449056684970853,0.1225358448922634,0.7490634322166443
4140,4539,integrated_gradient,0.31294810330426254,0.1267502263740257,0.586748480796814
4141,4921,integrated_gradient,-0.2310907390454541,-0.17629542752452518,0.11550004780292511
4142,3469,integrated_gradient,0.11641416748364766,-0.10263898770014444,0.5540797114372253
4143,5705,integrated_gradient,-0.16406993061304093,-0.22420109778642655,0.09119841456413269
4144,311,integrated_gradient,0.11968970126830615,0.10268360605606666,0.3952542543411255
4145,9045,integrated_gradient,0.27167156622523353,-0.014619156008674986,0.6321568489074707
4146,2619,integrated_gradient,-0.35183403833672916,-0.05957851802994465,0.058949556201696396
4147,789,integrated_gradient,0.15071401000022888,-0.01958959052960078,0.4180052578449249
4148,2742,integrated_gradient,0.3956986889243126,0.0020338132977485656,0.8027546405792236
4149,5653,integrated_gradient,-0.23264832965408763,-0.0011951723136007786,0.09399571269750595
4150,483,integrated_gradient,0.031792534345930275,0.029757928441871296,0.4419711232185364
4151,8113,integrated_gradient,-0.365783452260785,-0.12935207974983426,0.03162655234336853
4152,8478,integrated_gradient,0.10440573709852555,0.016063762061736164,0.3365604877471924
4153,1199,integrated_gradient,0.2622346205589099,0.10719249493036515,0.5291525721549988
4154,5507,integrated_gradient,-0.10438017845153809,-0.11758730188012123,0.18415142595767975
4155,3653,integrated_gradient,-0.19557929627205195,-0.0974618688617882,0.039301954209804535
4156,5065,integrated_gradient,0.006233981427024393,-0.055752911111887765,0.4289138913154602
4157,1626,integrated_gradient,-0.04289699122309685,-0.04648953154683113,0.2038452923297882
4158,7661,integrated_gradient,0.36681051356227773,-0.0046294770742717544,0.7265898585319519
4159,6837,integrated_gradient,-0.18347478528385577,-0.08890439375587132,0.06611941009759903
4160,7655,integrated_gradient,0.05140539010365804,-0.039632472727033824,0.26056015491485596
4161,8538,integrated_gradient,0.08233998183693204,0.006915073309625898,0.35622918605804443
4162,1775,integrated_gradient,-0.1713323217062723,-0.13633609243801662,0.13439087569713593
4163,9643,integrated_gradient,0.08374393731355667,-0.04854982392862439,0.38042640686035156
4164,8884,integrated_gradient,-0.09247969908099021,-0.1277620393422342,0.16288749873638153
4165,6778,integrated_gradient,-0.048065248876810074,-0.09803316555917263,0.1107470914721489
4166,2340,integrated_gradient,0.07758029816406113,-0.0003246047667094639,0.3401915431022644
4167,7226,integrated_gradient,-0.11380760151554238,-0.07067500258033926,0.09736444056034088
4168,1472,integrated_gradient,-0.21386131154195892,-0.0829259721739661,0.02171798050403595
4169,8187,integrated_gradient,-0.43632784408206743,-0.07124192955800229,0.015547595918178558
4170,6250,integrated_gradient,-0.37641534522960063,-0.02239415039749522,0.07425989210605621
4171,2335,integrated_gradient,-0.24712791211075252,-0.09991789278056887,0.20867718756198883
4172,8981,integrated_gradient,-0.2461507087573409,-0.05142029481274741,0.044073738157749176
4173,8685,integrated_gradient,-0.19541598920678271,-0.11557664876354151,0.07404804229736328
4174,251,integrated_gradient,-0.3455453140880255,-0.0667223354034564,0.008205502294003963
4175,2732,integrated_gradient,-0.38766517967451364,-0.04426760203205049,0.001703123445622623
4176,4329,integrated_gradient,0.22919492257965934,0.08985179331567553,0.6426683664321899
4177,9545,integrated_gradient,-0.0029561498926745523,0.0002920875946680705,0.34136512875556946
4178,2337,integrated_gradient,-0.10295905048648517,-0.14486568752262327,0.12251366674900055
4179,8695,integrated_gradient,-0.07776964624081889,-0.09297434577057438,0.13486348092556
4180,2215,integrated_gradient,0.0081495905206317,-0.004408588721638634,0.27679792046546936
4181,5436,integrated_gradient,-0.11548528855755216,-0.08781919592902773,0.15172025561332703
4182,5058,integrated_gradient,0.42603670531197596,0.1506810172608024,0.8138974905014038
4183,9548,integrated_gradient,-0.08435984215010768,-0.11195572530445845,0.17416349053382874
4184,108,integrated_gradient,-0.1834232029763775,-0.06769138310725491,0.055110134184360504
4185,3019,integrated_gradient,-0.3914217851124704,-0.07383623058558442,0.004758400376886129
4186,487,integrated_gradient,0.3738967933588558,0.17508829798963335,0.6163955926895142
4187,2436,integrated_gradient,0.171747173032453,0.011801548061832305,0.385628879070282
4188,2417,integrated_gradient,-0.1900118462741375,0.003501831367611885,0.1011892557144165
4189,2684,integrated_gradient,-0.10173143899959067,-0.07868311910525612,0.1571873277425766
4190,621,integrated_gradient,0.0896131718158722,-0.014901195764541625,0.39354631304740906
4191,3281,integrated_gradient,0.1253188838561376,0.04168883760770162,0.3395948112010956
4192,8547,integrated_gradient,0.3446925686938422,0.10818490386009216,0.8118095993995667
4193,3941,integrated_gradient,-0.10674567680273737,-0.0903562381863594,0.109358049929142
4194,2423,integrated_gradient,0.08519444774304118,0.03936476792607989,0.47275689244270325
4195,7682,integrated_gradient,-0.3061363887041807,-0.09548779213801026,0.013910367153584957
4196,4960,integrated_gradient,-0.22234467241693945,-0.1998677464092479,0.09442467987537384
4197,2766,integrated_gradient,0.09266946430910718,-0.054070870646021583,0.4344072639942169
4198,7662,integrated_gradient,-0.027572763285466602,0.17954810194316365,0.30322813987731934
4199,416,integrated_gradient,-0.34043892785249386,-0.10272166165797149,0.03494536131620407
4200,3898,integrated_gradient,0.4257605695410779,0.17111111471527501,0.9186888933181763
4201,7632,integrated_gradient,-0.23163266533187457,-0.05740516996454625,0.009645151905715466
4202,2328,integrated_gradient,-0.2794899183791131,-0.03847983830963217,0.0011521205306053162
4203,2754,integrated_gradient,-0.25851145320955443,-0.0553195678135928,0.04123559594154358
4204,8234,integrated_gradient,-0.06469458103179931,-0.1669951093196869,0.1865486055612564
4205,3101,integrated_gradient,-0.09260920763015747,0.07811929732561111,0.3119380474090576
4206,2108,integrated_gradient,0.018473335674830844,0.020175504897321974,0.23797370493412018
4207,3100,integrated_gradient,-0.1075778791198024,-0.1891852468252182,0.13347218930721283
4208,5351,integrated_gradient,0.4049679064942944,0.14617723611093336,0.7065466046333313
4209,3284,integrated_gradient,0.07189343080801122,0.022470629390548256,0.3803650438785553
4210,4824,integrated_gradient,0.3965244960039854,0.09451745525002479,0.8952322602272034
4211,6551,integrated_gradient,-0.3310995239232268,-0.06839983479252883,0.01566854678094387
4212,7444,integrated_gradient,0.23402410877101562,0.11855564748539645,0.4775603711605072
4213,304,integrated_gradient,0.09252835810184479,0.0804445104939597,0.3436252772808075
4214,6360,integrated_gradient,-0.11264451841513316,-0.2043995996316274,0.3825998306274414
4215,4190,integrated_gradient,-0.010804719158581324,0.028552002140453885,0.24393358826637268
4216,6664,integrated_gradient,-0.34658244459165466,-0.04664751814885272,0.03720008581876755
4217,1945,integrated_gradient,0.07738863428433736,-0.18950573603312174,0.31405508518218994
4218,5817,integrated_gradient,-0.0005278088476346886,0.1649582891360573,0.5210731029510498
4219,92,integrated_gradient,-0.35047357266768814,-0.04942236996255815,0.003473356831818819
4220,119,integrated_gradient,0.11652329835024747,0.09596483680334958,0.338790625333786
4221,9591,integrated_gradient,0.22290154004638846,0.011688324538144198,0.711245596408844
4222,8421,integrated_gradient,-0.10234477833427232,-0.052787876077767075,0.07780381292104721
4223,7945,integrated_gradient,-0.293344707461074,-0.06038407044252381,0.01853448897600174
4224,2487,integrated_gradient,-0.32631155265414197,-0.03928066952073056,0.030467618256807327
4225,1245,integrated_gradient,0.03561231098137796,0.039414733182638884,0.2756369709968567
4226,346,integrated_gradient,0.11597872864116322,0.08054446225816553,0.36546823382377625
4227,9392,integrated_gradient,-0.21447948657948038,-0.054438793626816376,0.014017891138792038
4228,6604,integrated_gradient,0.193565357890394,0.059607101811303034,0.45175701379776
4229,6338,integrated_gradient,-0.16828991298874219,-0.06534331813454627,0.042009711265563965
4230,8410,integrated_gradient,-0.11745982773994144,-0.15492498717809977,0.25667011737823486
4231,4216,integrated_gradient,-0.36061746600483147,-0.10736534092575312,0.018557950854301453
4232,7436,integrated_gradient,-0.13334550894796848,-0.01154934149235487,0.28970667719841003
4233,6666,integrated_gradient,-0.2560438540848819,-0.10785490364739389,0.05260423570871353
4234,8051,integrated_gradient,0.24876575597694942,0.08415922043578965,0.5563945174217224
4235,1593,integrated_gradient,-0.4226628640557037,-0.0659769319326562,0.03405850753188133
4236,6951,integrated_gradient,-0.021133283009895913,-0.03998041840700003,0.4173765480518341
4237,850,integrated_gradient,-0.3102954796825846,-0.048102476656259524,0.0057133277878165245
4238,5506,integrated_gradient,-0.32274413744850855,-0.019508130575825528,0.09133445471525192
4239,8479,integrated_gradient,-0.3576859156601131,-0.08766850709382977,0.007184692192822695
4240,7182,integrated_gradient,0.045879551933871374,-0.044288827313317194,0.3387456238269806
4241,2362,integrated_gradient,0.14834046317264438,0.04915920924395323,0.44749027490615845
4242,2178,integrated_gradient,-0.293354951270989,-0.027616825540150915,0.05741710215806961
4243,1731,integrated_gradient,0.32576694883979285,0.19263980365716493,0.756737232208252
4244,4185,integrated_gradient,0.17845368463742106,0.05446821764895791,0.4856129288673401
4245,673,integrated_gradient,-0.003935970689939416,-0.05430749253086422,0.2696073055267334
4246,5212,integrated_gradient,0.10404243823644277,-0.08019826742442879,0.343093603849411
4247,4417,integrated_gradient,-0.4057116255333478,-0.06114811365577308,0.015573810786008835
4248,1056,integrated_gradient,-0.21896527679982009,-0.10015389323234558,0.07064419239759445
4249,9593,integrated_gradient,0.13658248409628868,0.1602909468114376,0.5826886296272278
4250,623,integrated_gradient,-0.21826479896636947,-0.041050118882031666,0.038495901972055435
4251,6217,integrated_gradient,-0.3533661578242716,-0.03356377898078216,0.010388139635324478
4252,9597,integrated_gradient,-0.2222744619538044,-0.06324217494191794,0.16794173419475555
4253,2955,integrated_gradient,-0.10449851334095,-0.1727502965927124,0.11082400381565094
4254,88,integrated_gradient,-0.1426583362950219,-0.10246357342435254,0.14639857411384583
4255,3538,integrated_gradient,-0.16551000350400022,-0.058066255167910925,0.30781179666519165
4256,3643,integrated_gradient,0.04840981960296631,0.0068678828301253145,0.26475608348846436
4257,8313,integrated_gradient,-0.2861694065072844,-0.20300852939967187,0.07723483443260193
4258,5649,integrated_gradient,-0.3547051114177233,-0.050694263442174384,0.0032751625403761864
4259,1355,integrated_gradient,-0.008605223011087489,-0.04889836686628836,0.34740474820137024
4260,7142,integrated_gradient,-0.06184900552034378,-0.031813014298677444,0.17611661553382874
4261,1512,integrated_gradient,-0.17980499926488847,-0.11539017129689455,0.049027785658836365
4262,7565,integrated_gradient,0.035413809444593346,-0.1379059021887572,0.35484251379966736
4263,733,integrated_gradient,0.11147882223129273,0.1253111779689789,0.5392802953720093
4264,8765,integrated_gradient,-0.20691796655164046,-0.09960055132122601,0.21749843657016754
4265,9018,integrated_gradient,0.3501215293293908,0.09826840247426714,0.7683819532394409
4266,6240,integrated_gradient,-0.2252278090454638,-0.11757939960807562,0.058312226086854935
4267,590,integrated_gradient,0.16983861582619802,0.14645815924519584,0.46616172790527344
4268,3745,integrated_gradient,-0.3059848520372595,-0.056605277583003044,0.07809389382600784
4269,1919,integrated_gradient,-0.3355543958869847,-0.06042319908738136,0.04664713144302368
4270,7799,integrated_gradient,-0.15754924473705992,-0.11169538987350874,0.03077181801199913
4271,7684,integrated_gradient,0.08496034741401673,-0.10879452228546142,0.2943350672721863
4272,9486,integrated_gradient,-0.10175717974963941,-0.08650990850047062,0.18662257492542267
4273,5027,integrated_gradient,-0.15178289796624864,-0.10556830412575177,0.12086369842290878
4274,8568,integrated_gradient,-0.21435646157866964,-0.05687121565764149,0.07091612368822098
4275,5425,integrated_gradient,-0.08358965098857879,-0.15358418405055999,0.16160370409488678
4276,2377,integrated_gradient,-0.29515185869402355,-0.034180563615842,0.01750532165169716
4277,6447,integrated_gradient,-0.27410576713305934,-0.04334845731931704,0.03349343687295914
4278,8029,integrated_gradient,-0.29357586055994034,-0.05460503874704815,0.009075965732336044
4279,3855,integrated_gradient,0.003181743302515575,-0.12759334842363992,0.2596625089645386
4280,5221,integrated_gradient,0.4296232223510742,0.32896664713819823,0.9413498044013977
4281,5792,integrated_gradient,-0.3329123746603727,-0.09167919165144364,0.020763253793120384
4282,3006,integrated_gradient,-0.3572220573822657,-0.10247363895177841,0.06569238752126694
4283,8706,integrated_gradient,-0.24662901129987505,0.0068436796880430644,0.1744423359632492
4284,2943,integrated_gradient,-0.2720362122716575,-0.03399811363939581,0.10981892049312592
4285,2072,integrated_gradient,0.36130313472501163,0.06373784819553638,0.7290654182434082
4286,3873,integrated_gradient,0.23457079033056896,-0.0037642995516459147,0.4223073422908783
4287,9297,integrated_gradient,0.17120753552602685,0.05311878738196,0.40645790100097656
4288,9105,integrated_gradient,-0.33167936767523104,-0.14021699001582769,0.03588585555553436
4289,7635,integrated_gradient,0.5630285689099268,0.06314747170968489,0.9004901647567749
4290,5313,integrated_gradient,-0.2407758004963398,-0.0447053000330925,0.01510999072343111
4291,9675,integrated_gradient,0.05622837749811319,0.01424078948986836,0.36398887634277344
4292,2075,integrated_gradient,0.36992652490735056,0.08405603021383286,0.8192225694656372
4293,7144,integrated_gradient,0.265794412447856,0.04541634596311129,0.6553483605384827
4294,3928,integrated_gradient,-0.13422834053635596,-0.08989278376102447,0.09327482432126999
4295,1393,integrated_gradient,0.11579619462673481,0.03928801875848036,0.4466409385204315
4296,263,integrated_gradient,-0.2538388930261135,-0.07920609787106514,0.053059015423059464
4297,970,integrated_gradient,-0.17480510890483855,-0.09647342562675476,0.17546716332435608
4298,5821,integrated_gradient,-0.27190714348883677,-0.03617880429374054,0.0073525570333004
4299,8593,integrated_gradient,-0.21723244817588816,-0.2238715509460731,0.035570353269577026
4300,4553,integrated_gradient,-0.3044335632584989,-0.07309760044639309,0.031771354377269745
4301,1671,integrated_gradient,0.43187609646055436,0.22148334814442527,0.7887787222862244
4302,3118,integrated_gradient,0.19549706713719803,-0.04937776381319219,0.5251915454864502
4303,4367,integrated_gradient,-0.3160231270428215,-0.05989415145346096,0.090721994638443
4304,1760,integrated_gradient,-0.23228397779166698,-0.09503490270839797,0.04233000427484512
4305,3412,integrated_gradient,0.14822125231677835,-0.018136245283213528,0.414248526096344
4306,6066,integrated_gradient,-0.35677443506817025,-0.05363717250939873,0.02400522492825985
4307,3616,integrated_gradient,-0.27389447610167894,-0.046503977192675364,0.003942056559026241
4308,5874,integrated_gradient,-0.25749789816992624,-0.07065662280434654,0.15074439346790314
4309,2189,integrated_gradient,-0.3052712559052136,-0.02467293446154698,0.09765826910734177
4310,6071,integrated_gradient,-0.1161108302573363,-0.13577505697806677,0.24541237950325012
4311,5148,integrated_gradient,0.37081683996845693,0.3703504467711729,0.6817622184753418
4312,9064,integrated_gradient,0.13274669812785256,0.0072617075509495204,0.4314616322517395
4313,8381,integrated_gradient,-0.3324065094606744,-0.05020445336898168,0.0440385639667511
4314,3352,integrated_gradient,-0.17914042063057423,-0.06990031727279226,0.02755170874297619
4315,799,integrated_gradient,0.16367269812950067,0.027144583208220347,0.48398950695991516
4316,8656,integrated_gradient,-0.41204992720955297,-0.09429083117528965,0.03830326348543167
4317,7305,integrated_gradient,0.36023750245571134,0.05733460307121277,0.8244568705558777
4318,7948,integrated_gradient,-0.3726588557991717,-0.05579509482615524,0.013391515240073204
4319,7233,integrated_gradient,-0.24983792142434555,-0.056254578923637215,0.021001538261771202
4320,2392,integrated_gradient,0.05781720868415303,-0.031925097935729556,0.2796178460121155
4321,3443,integrated_gradient,-0.379218902438879,-0.06823119800537825,0.03493209928274155
4322,8558,integrated_gradient,0.018523305654525757,-0.014426007866859436,0.25418126583099365
4323,5014,integrated_gradient,-0.27303206315264106,-0.05009087202294419,0.01671198382973671
4324,4362,integrated_gradient,0.3087290203885028,0.04977955316242419,0.7630528211593628
4325,8224,integrated_gradient,0.2868751977880796,0.10802318056424459,0.6828593611717224
4326,6865,integrated_gradient,-0.27067241380707574,-0.10571273495084964,0.027802204713225365
4327,7389,integrated_gradient,-0.28187538412484253,0.019560872153802353,0.18711738288402557
4328,303,integrated_gradient,0.34688258677721023,0.27500600695610045,0.6459800004959106
4329,8398,integrated_gradient,0.47571796903739105,0.22867258174999341,0.7705745100975037
4330,2907,integrated_gradient,-0.20410952601759208,-0.05347505038870232,0.01626875437796116
4331,4619,integrated_gradient,-0.3437913516536355,-0.09562392979860306,0.006322898901998997
4332,4765,integrated_gradient,-0.0046301126480102536,0.04380305558443069,0.32550325989723206
4333,3320,integrated_gradient,0.15251669335749843,0.031213764221437516,0.4129588007926941
4334,5298,integrated_gradient,-0.29630656435113883,-0.06285820091548174,0.02145194076001644
4335,7927,integrated_gradient,0.43243324011564255,0.20010378460089365,0.6660886406898499
4336,2348,integrated_gradient,0.19261116960218974,0.03628606881414141,0.762557864189148
4337,4267,integrated_gradient,0.36293176484519035,0.12192762874323747,0.7990903854370117
4338,9648,integrated_gradient,0.30517835604647797,0.09657843907674153,0.7482415437698364
4339,3024,integrated_gradient,0.17176189869642258,-0.044816727936267856,0.4161510467529297
4340,1373,integrated_gradient,-0.10214397807916005,-0.1616722298786044,0.10828769207000732
4341,7377,integrated_gradient,0.1120999502018094,-0.10556942783296108,0.4187258183956146
4342,9782,integrated_gradient,-0.035471655428409576,-0.08398516699671746,0.3392331600189209
4343,2771,integrated_gradient,0.3566640971435441,0.1145599592063162,0.8126265406608582
4344,3,integrated_gradient,0.0699642900377512,-0.1396132156252861,0.3665105700492859
4345,2908,integrated_gradient,0.09265759750837232,0.06808864270768515,0.46740657091140747
4346,3852,integrated_gradient,0.19754174469332947,0.03557804226875305,0.45493656396865845
4347,532,integrated_gradient,0.25862150286373337,0.07186957723216007,0.615926206111908
4348,7929,integrated_gradient,0.03097004782069813,-0.08532442378275322,0.3879829943180084
4349,9423,integrated_gradient,0.42134169760075485,0.06914874369447882,0.8177005648612976
4350,290,integrated_gradient,-0.08575400114059448,-0.10107106268405915,0.16260182857513428
4351,3014,integrated_gradient,0.13781921193003654,-0.1176485326141119,0.3795442581176758
4352,2874,integrated_gradient,-0.07379720320827082,-0.13579963069213064,0.14766962826251984
4353,5146,integrated_gradient,-0.17961308856805167,-0.060211990028619766,0.1552627980709076
4354,2221,integrated_gradient,-0.09057452492415904,-0.11637997180223465,0.2016143947839737
4355,6958,integrated_gradient,0.30553418459991616,0.09988594924410184,0.5701574683189392
4356,2997,integrated_gradient,-0.28339170355881965,-0.049327981844544413,0.04953121021389961
4357,6729,integrated_gradient,-0.24703575432300567,-0.06099508449435234,0.008972288109362125
4358,9159,integrated_gradient,-0.2826859878704828,-0.025059598333695355,0.17841611802577972
4359,6175,integrated_gradient,-0.15752073073828662,-0.2141493006988808,0.19265064597129822
4360,568,integrated_gradient,-0.2860903667992559,-0.05392998097271755,0.016646595671772957
4361,5284,integrated_gradient,-0.3316689652585706,-0.058234705914591636,0.045839060097932816
4362,1107,integrated_gradient,0.2746748189840998,0.047210757221494405,0.758317768573761
4363,135,integrated_gradient,-0.19532425910234452,-0.07206600964069367,0.12590354681015015
4364,7828,integrated_gradient,-0.40540956319975,-0.024929165906671966,0.020876312628388405
4365,8709,integrated_gradient,-0.25774738860919194,-0.04036916770479258,0.016713038086891174
4366,7998,integrated_gradient,-0.3132425546646118,-0.020086762072010475,0.07914150506258011
4367,1087,integrated_gradient,0.22234297850552728,-0.04734773386050673,0.5357704162597656
4368,8291,integrated_gradient,0.45854168158510455,0.1687230163294336,0.896889865398407
4369,2301,integrated_gradient,-0.22922904223203658,-0.038637414723634717,0.050092391669750214
4370,4339,integrated_gradient,-0.17227894293942622,-0.0760772308068616,0.170395627617836
4371,6851,integrated_gradient,0.08888720555437936,0.0519851788326546,0.3925055265426636
4372,3047,integrated_gradient,-0.3071045584976673,-0.04854923486709595,0.034153636544942856
4373,4130,integrated_gradient,-0.42331785957018536,-0.0948477319131295,0.10439211875200272
4374,4521,integrated_gradient,-0.1485218165649308,-0.10549904074933794,0.1764335334300995
4375,7538,integrated_gradient,0.002151115487019221,-0.016767135510842007,0.4434598982334137
4376,5473,integrated_gradient,-0.3236527332208223,-0.0426236505413221,0.005708278622478247
4377,388,integrated_gradient,0.4604494257977134,0.1809067804562418,0.7412835955619812
4378,4217,integrated_gradient,0.3765444839373231,0.1485580913722515,0.7475380301475525
4379,2122,integrated_gradient,-0.20825561818977198,-0.13960437523201108,0.03653205931186676
4380,1310,integrated_gradient,-0.32469656023507315,-0.06194703319730858,0.006404218729585409
4381,647,integrated_gradient,0.11641808822751046,0.13593112230300902,0.5028367042541504
4382,6510,integrated_gradient,-0.31392682472390954,-0.04155942630390391,0.0026651278603821993
4383,8040,integrated_gradient,-0.24859525884191194,-0.11521931512591739,0.016112249344587326
4384,1183,integrated_gradient,-0.2583019495456635,-0.03664695951738395,0.006948928348720074
4385,2859,integrated_gradient,-0.2708505174288383,-0.009753057016776158,0.1870996206998825
4386,7769,integrated_gradient,-0.3354995821395682,-0.04962240643281904,0.004893041681498289
4387,8403,integrated_gradient,0.2344038039445877,0.041044026613235474,0.49992257356643677
4388,7110,integrated_gradient,-0.14640683532856844,-0.04359163124771679,0.04990537092089653
4389,5798,integrated_gradient,-0.021089606918394566,-0.036355200223624706,0.1734800934791565
4390,3128,integrated_gradient,-0.2797188816920799,-0.044980325243052316,0.02637794427573681
4391,7197,integrated_gradient,-0.10862411587284161,-0.07982865491738686,0.11003431677818298
4392,3148,integrated_gradient,-0.10873533546924591,-0.1250464940071106,0.11647744476795197
4393,510,integrated_gradient,-0.28489931859076023,-0.10523813732844942,0.020307330414652824
4394,3059,integrated_gradient,-0.10736777840389146,-0.15979831955499119,0.1722683161497116
4395,7940,integrated_gradient,-0.32198656934003034,-0.02824384948859612,0.06781624257564545
4396,4049,integrated_gradient,-0.16795009970664979,-0.0752278558909893,0.16113224625587463
4397,5875,integrated_gradient,0.09318639921105426,-0.0590212345123291,0.36936989426612854
4398,3859,integrated_gradient,0.39435050239165625,0.02030328710873922,0.775790274143219
4399,6849,integrated_gradient,-0.27845334466546773,-0.07102073980495334,0.014884787611663342
4400,8149,integrated_gradient,0.16121933953120157,0.013825120834203867,0.5806715488433838
4401,6260,integrated_gradient,-0.08807418398235155,-0.06943899717019952,0.26756539940834045
4402,3312,integrated_gradient,0.24999919023952985,0.05605569403422506,0.5156006813049316
4403,7866,integrated_gradient,-0.0802471419939628,-0.010575975936192732,0.24110370874404907
4404,4201,integrated_gradient,0.129069204767083,-0.022575922830160276,0.4674282371997833
4405,7652,integrated_gradient,-0.2505813574587757,-0.034490994177758694,0.03659488260746002
4406,4273,integrated_gradient,0.002492028203877536,-0.08979740919488849,0.3246019184589386
4407,3181,integrated_gradient,0.026956565104998075,-0.07020869736488049,0.4222126305103302
4408,3817,integrated_gradient,-0.018264746436705954,-0.09985820987285712,0.3791472315788269
4409,1880,integrated_gradient,-0.10770849138498306,-0.044931717630889684,0.1556859165430069
4410,5350,integrated_gradient,0.21683439741963925,0.09395787508591362,0.49084746837615967
4411,3615,integrated_gradient,0.29224303606394175,0.0687544639851596,0.5541823506355286
4412,4058,integrated_gradient,-0.11225282028317451,-0.031172646209597588,0.15394602715969086
4413,6915,integrated_gradient,-0.4359133487774266,-0.025813959073275328,0.04219679906964302
4414,321,integrated_gradient,0.2608836342891057,0.02594097124205695,0.6680099368095398
4415,4722,integrated_gradient,0.10016484646236196,-0.01886397775481729,0.41292208433151245
4416,6422,integrated_gradient,0.30917722310708917,0.14184756317864294,0.6547605395317078
4417,3295,integrated_gradient,0.032428452197243184,-0.07169741830405067,0.2608485221862793
4418,6421,integrated_gradient,-0.09504090381019256,-0.17521032340386333,0.14809656143188477
4419,9330,integrated_gradient,-0.27380085571979484,-0.06591677810065448,0.006920894142240286
4420,8138,integrated_gradient,-0.13416805095039308,-0.1497292653657496,0.2029205709695816
4421,3205,integrated_gradient,-0.29854018179078895,-0.0721738546465834,0.008342038840055466
4422,2522,integrated_gradient,0.25817638124738423,0.08427654419626508,0.5078630447387695
4423,6998,integrated_gradient,-0.20193660500295021,-0.09598252286805826,0.0556359589099884
4424,5556,integrated_gradient,0.05843647179149446,0.0021056972798847015,0.36902204155921936
4425,5938,integrated_gradient,0.14718177884817124,-0.1552799928188324,0.3204911947250366
4426,500,integrated_gradient,-0.02150772015253703,-0.05021566483709547,0.370100736618042
4427,3000,integrated_gradient,-0.16648742595785543,-0.05575116802203028,0.12666989862918854
4428,3555,integrated_gradient,-0.23212111256468823,-0.08495904461425893,0.005347609985619783
4429,8612,integrated_gradient,-0.271853977193435,-0.05540254797476033,0.03690440207719803
4430,9249,integrated_gradient,0.3305108947058519,0.021570936838785807,0.53188556432724
4431,3032,integrated_gradient,-0.06829284032185873,-0.030759717027346294,0.16035914421081543
4432,9705,integrated_gradient,0.3660514901081721,-0.011384420924716525,0.6412362456321716
4433,330,integrated_gradient,-0.06884150132536888,-0.22896658331155778,0.19843491911888123
4434,3078,integrated_gradient,-0.024066022652037004,0.0408431878861259,0.4178873300552368
4435,2018,integrated_gradient,-0.31683259912663037,-0.05410407059308556,0.08387569338083267
4436,3274,integrated_gradient,-0.056390659511089326,-0.06941110566258431,0.1897171586751938
4437,3233,integrated_gradient,-0.3561796322464943,-0.040874111865247996,0.08861353248357773
4438,3387,integrated_gradient,-0.3263216240247857,-0.05281586643195624,0.0002668421948328614
4439,144,integrated_gradient,0.38556450108687085,0.10602703745718356,0.8152123093605042
4440,9742,integrated_gradient,0.1610043081972334,0.047649600439601474,0.5500736236572266
4441,367,integrated_gradient,-0.12436041825761397,0.023443838581442833,0.12966300547122955
4442,8679,integrated_gradient,-0.24558647949662474,-0.035190788822041616,0.1456797868013382
4443,4304,integrated_gradient,-0.3297326078727132,-0.08346504017355896,0.0738111361861229
4444,7178,integrated_gradient,0.011874068528413773,-0.027775042332135715,0.2657877802848816
4445,333,integrated_gradient,-0.4933353582113657,-0.17375556790553356,0.0022448129020631313
4446,518,integrated_gradient,0.24764592659014922,0.046335344131176286,0.4412803649902344
4447,7040,integrated_gradient,-0.20296789839630947,-0.09871390942134894,0.006370410323143005
4448,4229,integrated_gradient,0.36040591076016426,0.21060624793171884,0.7407733798027039
4449,3833,integrated_gradient,-0.3634813347831368,-0.05100824618712067,0.02034330926835537
4450,6058,integrated_gradient,-0.041443785323816186,-0.301210401689305,0.43563300371170044
4451,576,integrated_gradient,-0.19278839855071375,-0.04129646986942081,0.015031280927360058
4452,4215,integrated_gradient,0.14420598784559652,-0.005330408874310945,0.5733649730682373
4453,2758,integrated_gradient,-0.4076908542535817,-0.04780162660739361,0.004482967313379049
4454,4756,integrated_gradient,-0.2841936291559883,-0.1162694627824037,0.05211664363741875
4455,9000,integrated_gradient,-0.20060251504182816,-0.005474999298652013,0.09554261714220047
4456,3813,integrated_gradient,-0.278144251385873,-0.05719805978746577,0.018762661144137383
4457,3045,integrated_gradient,0.2594081301242113,0.054118992884953816,0.49227574467658997
4458,4047,integrated_gradient,-0.235636881064801,-0.08061287126370839,0.08657359331846237
4459,9094,integrated_gradient,0.215000974945724,0.03462143614888191,0.46498873829841614
4460,8181,integrated_gradient,-0.23686778619885446,-0.044681145995855334,0.0994180291891098
4461,6309,integrated_gradient,-0.2239306014445093,-0.03046180832165259,0.11395431309938431
4462,1479,integrated_gradient,-0.3104154222777912,-0.06696060737262347,0.029923254624009132
4463,543,integrated_gradient,-0.3699563168117712,-0.039887151423970174,0.029201088473200798
4464,1618,integrated_gradient,-0.3817042075097561,-0.005521697327494622,0.048628658056259155
4465,9032,integrated_gradient,0.5243609902082067,0.191134718782974,0.8392838835716248
4466,7746,integrated_gradient,-0.1974868698976934,-0.11664206441491842,0.012013139203190804
4467,6039,integrated_gradient,-0.17590258609164844,-0.05695079123093323,0.0547005869448185
4468,7919,integrated_gradient,-0.42128027349033137,-0.05575790925120765,0.024027487263083458
4469,7624,integrated_gradient,-0.20731302400430043,-0.12293679142991702,0.03218035399913788
4470,9495,integrated_gradient,-0.02341156918555498,-0.03720574639737606,0.4171644151210785
4471,8657,integrated_gradient,0.1388489171153023,-0.014126902534848168,0.392701119184494
4472,7160,integrated_gradient,-0.28674522538979846,-0.13177781232765742,0.12619172036647797
4473,2358,integrated_gradient,-0.2781614213465498,-0.03674335218966007,0.020121054723858833
4474,8250,integrated_gradient,-0.22654945673117333,-0.028432824588178293,0.0017731875414028764
4475,1655,integrated_gradient,-0.07094270959496499,-0.0320743165910244,0.2124847173690796
4476,6911,integrated_gradient,-0.3120532731991261,-0.04960410628700629,0.004674671217799187
4477,1746,integrated_gradient,0.3358714520931244,0.13470802158117295,0.6620699763298035
4478,5794,integrated_gradient,-0.31956371140756434,-0.04782025422900915,0.005703683476895094
4479,14,integrated_gradient,0.31025434746628716,0.08198192289897374,0.5710968375205994
4480,1877,integrated_gradient,-0.31724629309028385,-0.0754978170990944,0.014109996147453785
4481,7888,integrated_gradient,0.031720890885307676,-0.06363989838532039,0.20526881515979767
4482,8520,integrated_gradient,0.1505063810739024,0.06895806203628409,0.35594889521598816
4483,6883,integrated_gradient,-0.07602928578853607,0.03674973414412567,0.28186291456222534
4484,3761,integrated_gradient,0.28107634148536587,-0.06300826370716095,0.492264986038208
4485,0,integrated_gradient,0.016435925607328063,-0.10955617935569198,0.4357873201370239
4486,6831,integrated_gradient,-0.3096981092735573,-0.19060795119515173,0.3510061502456665
4487,7722,integrated_gradient,0.07300418999887281,-0.0898516216585713,0.2945769727230072
4488,9630,integrated_gradient,-0.3959954818089803,-0.021881384340425334,0.06866639107465744
4489,7672,integrated_gradient,-0.2885946493063654,-0.07959620548146111,0.03134454786777496
4490,6568,integrated_gradient,-0.05959024652838707,-0.11052251660398074,0.14033734798431396
4491,655,integrated_gradient,-0.054236537466446556,-0.06461230168739955,0.1666376143693924
4492,9349,integrated_gradient,-0.16758079102469814,-0.09081557196461493,0.00483818119391799
4493,4241,integrated_gradient,-0.2697561779417671,-0.06531317360126056,0.017345597967505455
4494,3023,integrated_gradient,-0.35124449532381014,-0.03749040653929114,0.006109780166298151
4495,1851,integrated_gradient,0.36373569777137355,0.0010570428873363294,0.6105474829673767
4496,349,integrated_gradient,-0.03852862479357884,-0.028151416573031194,0.24738675355911255
4497,6340,integrated_gradient,0.14894725009799004,-0.034919772297143936,0.5098487734794617
4498,1156,integrated_gradient,0.017621986129704642,-0.029553760500515208,0.27929550409317017
4499,3017,integrated_gradient,-0.20182539437498365,-0.029000568389892577,0.1408715844154358
4500,457,integrated_gradient,0.3403483564439027,0.10882261978543323,0.7910329103469849
4501,2867,integrated_gradient,0.021076355468143116,-0.006428530609065836,0.42870235443115234
4502,5033,integrated_gradient,0.2798978319534889,0.019885076926304743,0.6780276298522949
4503,4622,integrated_gradient,-0.051810065689294235,-0.12220295680605847,0.21266357600688934
4504,6329,integrated_gradient,-0.1981862537562847,-0.04173216074705124,0.2821274399757385
4505,7081,integrated_gradient,-0.1842486336827278,-0.0837903053810199,0.06359463930130005
4506,6786,integrated_gradient,-0.24720433155695598,-0.050209262780845164,0.010641198605298996
4507,8458,integrated_gradient,-0.31307281740009785,-0.05210218150168657,0.04596208035945892
4508,5206,integrated_gradient,0.35017989793928656,0.11504567069251363,0.729332685470581
4509,6053,integrated_gradient,-0.3362432659186166,-0.049767199646810006,0.035901401191949844
4510,131,integrated_gradient,0.03480885233040209,-0.039415967685204965,0.22445830702781677
4511,3692,integrated_gradient,-0.3627270908826696,-0.0467267273010553,0.0025436722207814455
4512,6192,integrated_gradient,-0.22642850761230177,-0.07498324949007767,0.25670063495635986
4513,9523,integrated_gradient,-0.13869661292651805,-0.0930366179928547,0.09408332407474518
4514,4587,integrated_gradient,-0.11705551517230493,-0.14394842502143648,0.09424690157175064
4515,9818,integrated_gradient,-0.18292853126631065,-0.02005504214150064,0.04872306063771248
4516,3235,integrated_gradient,0.3705141693353653,0.03998753676811854,0.6959211826324463
4517,8641,integrated_gradient,-0.30721507015238914,-0.06177550205029547,0.004867217969149351
4518,4879,integrated_gradient,-0.20928296925766127,-0.03301026590079779,0.006866496056318283
4519,6854,integrated_gradient,-0.1555378239069666,0.021689870740686144,0.20629441738128662
4520,8572,integrated_gradient,0.04545359220355749,-0.004513666033744812,0.32391101121902466
4521,3639,integrated_gradient,-0.07831345684826374,-0.10180188342928886,0.2065764218568802
4522,7358,integrated_gradient,0.37321631970076724,0.05390252686780075,0.848475456237793
4523,8826,integrated_gradient,0.2461501508951187,0.10717541351914406,0.6115676760673523
4524,2303,integrated_gradient,0.3466650156244155,-0.023634531805592197,0.6689764857292175
4525,7315,integrated_gradient,0.3614265638692626,0.15710813218149647,0.7542608380317688
4526,5308,integrated_gradient,-0.2738709641112523,-0.06848848788914355,0.04795151576399803
4527,6808,integrated_gradient,-0.26483182564120866,-0.08236465802223518,0.027255138382315636
4528,9395,integrated_gradient,-0.2945122573023232,-0.06396353240303981,0.0043520028702914715
4529,265,integrated_gradient,-0.3369875134819228,-0.050392698982487556,0.025978950783610344
4530,4763,integrated_gradient,-0.2749767215508554,-0.03072731036485897,0.009797750040888786
4531,9111,integrated_gradient,-0.27650274770955247,-0.07593623703966539,0.03425786271691322
4532,6789,integrated_gradient,0.2094680555164814,0.020195159129798412,0.590389609336853
4533,4597,integrated_gradient,0.5291722831316292,0.17730601291571343,0.9069997072219849
4534,2531,integrated_gradient,-0.02947856495395685,-0.08329578240712483,0.1984277367591858
4535,4862,integrated_gradient,-0.2974054786291989,-0.07519164602413322,0.03391021862626076
4536,7669,integrated_gradient,0.16719970734495865,4.912834418447394e-05,0.412742555141449
4537,316,integrated_gradient,-0.30235962535401706,-0.06709947272841084,0.019474787637591362
4538,1897,integrated_gradient,0.28754831552505494,0.044411766529083255,0.5879573225975037
4539,8860,integrated_gradient,-0.19631507396697997,-0.08786877505481243,0.13643969595432281
4540,6407,integrated_gradient,-0.2804228137764666,-0.032491125683817595,0.021667707711458206
4541,8231,integrated_gradient,-0.1685191695304478,-0.31811777896740856,0.07200539857149124
4542,8521,integrated_gradient,-0.25950014740228655,-0.21103500984609128,0.04329602047801018
4543,6112,integrated_gradient,-0.31802082454992664,-0.055446872384183936,0.02430630661547184
4544,8128,integrated_gradient,0.06536746956408024,-0.026118997484445572,0.325257271528244
4545,2039,integrated_gradient,0.13190983484188715,-0.11549732668532266,0.3373856246471405
4546,103,integrated_gradient,-0.2937886262169251,-0.04332089815766384,0.040164411067962646
4547,3297,integrated_gradient,-0.2279167314991355,-0.046708257868885994,0.14388278126716614
4548,794,integrated_gradient,-0.3061093734391034,-0.049765019081532955,0.005065251607447863
4549,5967,integrated_gradient,-0.12082048812333275,-0.13189608340754228,0.2622986137866974
4550,5332,integrated_gradient,-0.19804201932514415,-0.2371258321492111,0.06587687134742737
4551,8586,integrated_gradient,0.06784185296610783,-0.006950659971488149,0.3674827516078949
4552,1658,integrated_gradient,0.18893906190281823,-0.09846335933321998,0.5020164847373962
4553,3933,integrated_gradient,-0.04356583253000722,-0.06872088755622055,0.13650541007518768
4554,6968,integrated_gradient,-0.2880034995161825,-0.09537591681712204,0.015283593907952309
4555,9469,integrated_gradient,-0.012623663667751394,-0.032034961425739784,0.2501419186592102
4556,7854,integrated_gradient,0.1369523886177275,-0.007594862745867835,0.4259766936302185
4557,3210,integrated_gradient,-0.006366635362307231,0.016782230387131374,0.35003623366355896
4558,7012,integrated_gradient,0.11225535906851292,0.019873286907871563,0.5033076405525208
4559,9808,integrated_gradient,-0.01647937387228012,0.019149186611175536,0.2762671113014221
4560,2973,integrated_gradient,0.17760975894175077,0.06645724020506207,0.4803959131240845
4561,932,integrated_gradient,-0.04085789144039154,-0.010540947914123536,0.4014349579811096
4562,6163,integrated_gradient,0.42613563333687027,0.1863169701475846,0.915254533290863
4563,6432,integrated_gradient,0.6048777866363525,0.22105210542678833,0.9745040535926819
4564,3497,integrated_gradient,0.28251382112503054,0.14165560404459634,0.5456035137176514
4565,3202,integrated_gradient,-0.31340732151532874,-0.0927301220705404,0.023343535140156746
4566,2611,integrated_gradient,0.29505811085303624,0.059418280919392906,0.5247154831886292
4567,9631,integrated_gradient,0.02964440017938614,-0.07519547283649444,0.22760845720767975
4568,567,integrated_gradient,0.37159757418879147,0.1097668799860724,0.7236638069152832
4569,764,integrated_gradient,-0.26686251186060184,-0.03267765502360734,0.04737846180796623
4570,4366,integrated_gradient,-0.09055382510026296,-0.07854747374852498,0.15420879423618317
4571,8367,integrated_gradient,0.25482837943469777,0.01048739517436308,0.5428609848022461
4572,7360,integrated_gradient,-0.3007246948836837,-0.04429321233328665,0.0016796797281131148
4573,1441,integrated_gradient,-0.16492756675271428,0.010285838123630075,0.1873389631509781
4574,921,integrated_gradient,0.3768233412669765,0.10108701470825407,0.6853117346763611
4575,8222,integrated_gradient,0.44190810035382,0.19228262347834452,0.8048217296600342
4576,1794,integrated_gradient,-0.3511533428515707,-0.042403937450477054,0.02052241563796997
4577,3838,integrated_gradient,-0.32496272477631766,-0.04863794155729314,0.03621654212474823
4578,3122,integrated_gradient,-0.31795560833998027,-0.03260368495248258,0.006354974582791328
4579,6127,integrated_gradient,-0.26755747478455305,-0.07941015265308894,0.008014657534658909
4580,6319,integrated_gradient,-0.39011835756246,-0.09556429870426655,0.029896698892116547
4581,2388,integrated_gradient,0.19504479318857193,0.07695320062339306,0.47264033555984497
4582,4466,integrated_gradient,0.2782927333660748,0.09610422279523767,0.5730688571929932
4583,4505,integrated_gradient,-0.17434003621339797,0.054535162448883054,0.17343918979167938
4584,1606,integrated_gradient,-0.25543552819315507,-0.0799246950317984,0.015103349462151527
4585,2147,integrated_gradient,-0.22307901113079145,-0.24949041653711063,0.0615299828350544
4586,36,integrated_gradient,0.5549681186676025,0.029810300469398497,0.7854849100112915
4587,9147,integrated_gradient,0.055533427922498615,-0.16856360009738378,0.3181847929954529
4588,761,integrated_gradient,-0.1442921219960503,-0.11836453494818314,0.12206654250621796
4589,5268,integrated_gradient,-0.101452118717134,-0.09787063952535391,0.20957669615745544
4590,3038,integrated_gradient,-0.31843111344746183,-0.04326902146983359,0.019569529220461845
4591,5503,integrated_gradient,-0.29325623323137945,-0.03740036623695722,0.02058752067387104
4592,5228,integrated_gradient,0.22469047328521466,0.17275638004829144,0.6258740425109863
4593,1623,integrated_gradient,-0.22605146273322727,-0.36281919932883716,0.1446055918931961
4594,577,integrated_gradient,-0.09333339004832156,-0.09063935104538412,0.10271941870450974
4595,6426,integrated_gradient,-0.12132852524518967,0.02359140484497465,0.24971477687358856
4596,8087,integrated_gradient,-0.23764554156284584,-0.06109982675039455,0.04205183684825897
4597,8536,integrated_gradient,0.36762430183589456,0.1364091753959656,0.5814566612243652
4598,9564,integrated_gradient,-0.37620581603712505,-0.05259448220022023,0.016003092750906944
4599,2232,integrated_gradient,-0.20097466380823226,-0.11263690746965863,0.17972512543201447
4600,2319,integrated_gradient,-0.07536875009536743,-0.09551243558526039,0.2017628252506256
4601,5707,integrated_gradient,-0.38429823945811453,-0.262520247317375,0.10721222311258316
4602,9690,integrated_gradient,-0.33102983803204866,-0.04122969285463509,0.041275572031736374
4603,5306,integrated_gradient,0.054553399744786714,-0.07610023649115312,0.31226062774658203
4604,7938,integrated_gradient,0.00013317481467598364,0.0025772185702072946,0.3084762692451477
4605,2167,integrated_gradient,-0.1382503936236555,-0.3300928310914473,0.32015353441238403
4606,637,integrated_gradient,-0.10060014774401983,-0.12312161574761073,0.2369113713502884
4607,8668,integrated_gradient,0.020099979043006897,-0.005336652994155883,0.26871800422668457
4608,5594,integrated_gradient,-0.15978324545514105,-0.09562907846910614,0.012680405750870705
4609,6555,integrated_gradient,-0.1205140749613444,-0.2042976063158777,0.14947444200515747
4610,8098,integrated_gradient,-0.3691363804042339,-0.10050169797614217,0.03292248025536537
4611,47,integrated_gradient,0.5108937296797248,0.09888575532857109,0.7709248065948486
4612,5505,integrated_gradient,0.3148728130119188,0.0844982500587191,0.5557584762573242
4613,9196,integrated_gradient,0.2715504284088428,-0.00846311106131627,0.6326545476913452
4614,8416,integrated_gradient,0.16066321391950955,0.08383075892925262,0.49860090017318726
4615,4509,integrated_gradient,-0.2888055082410574,-0.08158386298455297,0.013668186962604523
4616,2638,integrated_gradient,0.3609814696452197,0.050213088007534254,0.7345981597900391
4617,8708,integrated_gradient,-0.11562347505241632,-0.0773474246263504,0.08072798699140549
4618,8476,integrated_gradient,-0.054114525291052734,-0.0061393525790084495,0.15596148371696472
4619,3080,integrated_gradient,-0.08205713331699371,-0.0625783771276474,0.15965570509433746
4620,2870,integrated_gradient,-0.13381269946694374,-0.026821945793926716,0.26514989137649536
4621,2213,integrated_gradient,-0.318785052636967,-0.08437183760928318,0.010725773870944977
4622,6043,integrated_gradient,-0.24807825218886137,-0.03733587181195617,0.046624600887298584
4623,3798,integrated_gradient,0.16268200489381948,0.06988088910778363,0.5544701814651489
4624,7972,integrated_gradient,0.023487669182941318,0.029878240078687668,0.3260411322116852
4625,5739,integrated_gradient,0.0016456130892038346,-0.07852968275547027,0.27731963992118835
4626,4822,integrated_gradient,0.005591416621909422,-0.01489840097287122,0.2577130198478699
4627,9067,integrated_gradient,-0.2576200672192499,-0.08839695318602026,0.0405559204518795
4628,5799,integrated_gradient,-0.21370931528508663,-0.12000381372248133,0.05296976864337921
4629,7482,integrated_gradient,-0.3148143969476223,-0.03366905020860334,0.0036292579025030136
4630,2114,integrated_gradient,0.38662846803665163,0.08550790905952453,0.6506621241569519
4631,1112,integrated_gradient,-0.2679286800324917,-0.05629719930390517,0.03613762930035591
4632,8178,integrated_gradient,0.1973274026228034,0.08232435324917668,0.4539547562599182
4633,3717,integrated_gradient,0.19156127129540299,0.06334122789628578,0.45997312664985657
4634,713,integrated_gradient,0.11957454149212156,-0.08838878997734614,0.5046142339706421
4635,872,integrated_gradient,-0.01761512044403288,-0.020175429268015757,0.1816200613975525
4636,1149,integrated_gradient,-0.2184380522618691,-0.08647616555293401,0.024432653561234474
4637,9299,integrated_gradient,-0.37528805531561377,-0.021016012132167815,0.01383458636701107
4638,5663,integrated_gradient,-0.2591479481863124,-0.092514482992036,0.10040811449289322
4639,8167,integrated_gradient,0.05518110876991635,-0.15408811966578165,0.3234998881816864
4640,3315,integrated_gradient,0.0455043176189065,-0.04073954513296485,0.28692805767059326
4641,4588,integrated_gradient,0.5182798513107829,0.08325512983180859,0.8715643286705017
4642,5098,integrated_gradient,-0.29899619296193125,-0.0926794733852148,0.012968084774911404
4643,6077,integrated_gradient,-0.19363648388534785,-0.053288660338148476,0.017991578206419945
4644,7966,integrated_gradient,-0.28951095254160464,-0.052034029802598525,0.0013423408381640911
4645,1020,integrated_gradient,-0.26069609890691936,-0.07659329421585426,0.012677907012403011
4646,4102,integrated_gradient,0.518717829780332,0.058927710200178215,0.8339940309524536
4647,5368,integrated_gradient,0.5615095991927844,0.16708287252829626,0.8400371074676514
4648,6543,integrated_gradient,0.07104955048396669,-0.0005421504892151931,0.3431854844093323
4649,958,integrated_gradient,-0.12098114689191182,-0.09246604442596436,0.14438126981258392
4650,3846,integrated_gradient,0.29539752441147965,-0.13231260495053399,0.6196422576904297
4651,2748,integrated_gradient,-0.23013239222414353,-0.10526127280557857,0.08493014425039291
4652,4710,integrated_gradient,0.15767606241362436,0.07341202880655016,0.39144542813301086
4653,8279,integrated_gradient,-0.2726303733885288,-0.06136375156541665,0.03442125394940376
4654,586,integrated_gradient,-0.3028452938629521,-0.05595443749593364,0.03668462857604027
4655,1817,integrated_gradient,0.25000670179724693,0.08545970384563718,0.5460230112075806
4656,782,integrated_gradient,0.18661351626118025,0.0387662003437678,0.38867396116256714
4657,8241,integrated_gradient,0.1218443126841025,0.01086315241726962,0.3748607337474823
4658,335,integrated_gradient,0.018819028268689694,0.021268693001373955,0.287555456161499
4659,3755,integrated_gradient,-0.02034072815017267,-0.0070403628051280975,0.2146470695734024
4660,2191,integrated_gradient,0.002134934944265029,0.02347063317018397,0.28419771790504456
4661,9214,integrated_gradient,-0.011851079407192412,-0.0903395896866208,0.2691485285758972
4662,5205,integrated_gradient,-0.2841054295238696,-0.07869679784696353,0.0575362853705883
4663,6073,integrated_gradient,-0.29147017195022534,-0.027144276537001133,0.08396565914154053
4664,23,integrated_gradient,-0.2025600283899728,-0.1366500392117921,0.11261492222547531
4665,4923,integrated_gradient,-0.21248644261675723,-0.15752765886923847,0.061021383851766586
4666,4556,integrated_gradient,-0.17887766742044026,-0.09539642267756993,0.24860934913158417
4667,2012,integrated_gradient,0.05626296825133837,-0.038507893681526184,0.35563814640045166
4668,381,integrated_gradient,-0.21962980503837268,-0.0896513681858778,0.037967659533023834
4669,3127,integrated_gradient,0.019081274047493935,-0.03955519385635853,0.21845991909503937
4670,6398,integrated_gradient,0.2305276868018237,0.06535706330429424,0.6630389094352722
4671,1981,integrated_gradient,-0.25835304973380907,-0.056787042945091216,0.005394446663558483
4672,3095,integrated_gradient,-0.3379943771287799,-0.08436347368885488,0.011352366767823696
4673,6758,integrated_gradient,-0.304932347353315,-0.04350147267541615,0.0064395093359053135
4674,2025,integrated_gradient,0.4003364324569702,0.08096407850583394,0.6416126489639282
4675,9398,integrated_gradient,-0.32162980625049814,-0.040241761496016645,0.0017090571345761418
4676,5100,integrated_gradient,-0.2541228241752833,-0.04147358451155014,0.00658273184671998
4677,3526,integrated_gradient,-0.3288590917363763,-0.06924383626836869,0.015641329810023308
4678,7532,integrated_gradient,0.34646743748869213,0.17002322986012414,0.6270502209663391
4679,3007,integrated_gradient,0.16979923587420892,-0.02145418576125441,0.5438830256462097
4680,1084,integrated_gradient,0.3228950480766156,0.16249640680411281,0.5655570030212402
4681,9837,integrated_gradient,0.15492836137612662,-0.048764228268905925,0.5440959930419922
4682,9258,integrated_gradient,-0.20199210054817654,-0.05138797951596124,0.17261384427547455
4683,4503,integrated_gradient,-0.18032434955239296,-0.10034243064001203,0.10641404986381531
4684,1575,integrated_gradient,0.3576138927601278,0.0007859095931053162,0.7099810838699341
4685,3091,integrated_gradient,0.39513516922791797,0.18029169042905172,0.8751144409179688
4686,2484,integrated_gradient,-0.32752147801220416,-0.02412517284974456,0.06483732908964157
4687,4489,integrated_gradient,0.04606448504186812,-0.06496150294939677,0.3395431935787201
4688,5070,integrated_gradient,-0.26776132034137845,-0.05431555781979114,0.07770730555057526
4689,5669,integrated_gradient,0.5153641032951849,0.2181565441467144,0.7978162169456482
4690,2138,integrated_gradient,-0.17211806838927063,-0.16234629957572275,0.143035426735878
4691,6580,integrated_gradient,-0.373947711661458,-0.061831493396312,0.009570155292749405
4692,2516,integrated_gradient,-0.2972733015194535,-0.042502499651163816,0.041411060839891434
4693,9154,integrated_gradient,0.05439299985766411,0.04144972562789917,0.4071199893951416
4694,5456,integrated_gradient,-0.22217122004145667,-0.029422975633115994,0.002542091067880392
4695,3433,integrated_gradient,-0.010006574146887836,-0.08931961714052687,0.3196968138217926
4696,3989,integrated_gradient,-0.3132095960382786,-0.06773409945890307,0.01318898145109415
4697,7422,integrated_gradient,-0.15492112805014072,-0.13527179153069205,0.1537180244922638
4698,5009,integrated_gradient,0.19025474683991794,-0.05767736661023107,0.4265684187412262
4699,1458,integrated_gradient,0.039593773583571114,-0.026348168154557546,0.3032118082046509
4700,952,integrated_gradient,-0.25047517906535754,-0.09084934470328418,0.12776044011116028
4701,9718,integrated_gradient,0.14770617767384178,-0.1189648869790529,0.5182509422302246
4702,960,integrated_gradient,0.0014762188258923982,0.04205931095700515,0.4196206331253052
4703,7273,integrated_gradient,0.2115686321631074,0.057079996913671494,0.4810295104980469
4704,765,integrated_gradient,0.04608354717493057,0.055118067655712366,0.36835235357284546
4705,8316,integrated_gradient,-0.15420538606122136,-0.1262890938669443,0.18489451706409454
4706,3400,integrated_gradient,-0.0548902139481571,-0.017837641553746328,0.1176433265209198
4707,2316,integrated_gradient,0.039197383279150184,0.009974195198579268,0.288962185382843
4708,9465,integrated_gradient,0.40653943717479707,0.13590935111045838,0.820496678352356
4709,9346,integrated_gradient,0.38368368468114306,0.022887679083006724,0.672723114490509
4710,7835,integrated_gradient,0.29937348440289496,0.18196620792150497,0.7621870636940002
4711,4032,integrated_gradient,0.46817065179347994,0.10479138890902201,0.9373722672462463
4712,2029,integrated_gradient,-0.010656478859129407,-0.06858443468809128,0.39454779028892517
4713,4718,integrated_gradient,0.02552391216158867,0.04982222802937031,0.2714459002017975
4714,286,integrated_gradient,0.5148591941053217,0.09182246164842085,0.9934485554695129
4715,908,integrated_gradient,0.21269679902230992,-0.04488090732518364,0.5397204756736755
4716,1482,integrated_gradient,0.1002601066773588,0.0010048747062683105,0.27223533391952515
4717,9660,integrated_gradient,-0.17798223719000816,-0.16803554072976112,0.20938125252723694
4718,4712,integrated_gradient,-0.06875455166612353,-0.044160736458642144,0.13058507442474365
4719,2133,integrated_gradient,-0.27729414533823726,-0.08053848538547755,0.018274979665875435
4720,9608,integrated_gradient,-0.3038580447435379,-0.2654687056938807,0.14981146156787872
4721,9774,integrated_gradient,-0.10759530737996101,-0.011601926386356353,0.2365657389163971
4722,9211,integrated_gradient,-0.22846439052373171,-0.044756125348309674,0.011182229034602642
4723,563,integrated_gradient,-0.30349232782812224,-0.0392083464919225,0.014900797978043556
4724,291,integrated_gradient,0.10570019563393933,-0.15041627522025788,0.47393664717674255
4725,1713,integrated_gradient,-0.3455509837820298,-0.061666991768611804,0.006420265417546034
4726,4012,integrated_gradient,-0.37674151520643917,-0.037076633323782256,0.016706986352801323
4727,8922,integrated_gradient,0.2477436661720276,0.0909205786883831,0.512001097202301
4728,169,integrated_gradient,-0.2403457809020491,-0.02583298339124988,0.0672108381986618
4729,267,integrated_gradient,0.025144971229813316,-0.11666073853319342,0.2784288823604584
4730,9144,integrated_gradient,-0.2965703402956327,-0.04319347040727735,0.01849137246608734
4731,3172,integrated_gradient,0.08485965244472027,0.04062765588363012,0.39240676164627075
4732,2286,integrated_gradient,-0.28359622169624676,-0.10563162849708037,0.10193856060504913
4733,315,integrated_gradient,0.04986855600561414,-0.15387031719798133,0.32508882880210876
4734,8046,integrated_gradient,-0.23829773254692554,-0.08405066669608156,0.011098308488726616
4735,8822,integrated_gradient,0.4308226000178944,0.3458026783032851,0.749055027961731
4736,245,integrated_gradient,0.24090663871417442,-0.01512141153216362,0.4636363685131073
4737,5186,integrated_gradient,-0.020996965933591127,-0.17203151993453503,0.3448076844215393
4738,5421,integrated_gradient,0.23799610745023797,0.04008478809286047,0.4596599042415619
4739,6065,integrated_gradient,-0.11261277321888052,-0.06501005525174348,0.09551749378442764
4740,50,integrated_gradient,0.2112444852079664,-0.009888761384146554,0.5483059287071228
4741,3021,integrated_gradient,-0.18814368893702824,-0.08022961846242348,0.0344432108104229
4742,7028,integrated_gradient,0.02084876955659301,0.021798123915990193,0.3482997715473175
4743,1372,integrated_gradient,-0.13342419469898398,-0.04071886024691842,0.2596820592880249
4744,4176,integrated_gradient,-0.12020755633711815,-0.055122359097003935,0.17343220114707947
4745,2470,integrated_gradient,-0.24377673026174307,-0.06584351263674242,0.00725655909627676
4746,8000,integrated_gradient,0.24305195212364197,0.09067936937014262,0.7493796348571777
4747,6156,integrated_gradient,-0.2539162877947092,-0.042424066457897425,0.01881452091038227
4748,1498,integrated_gradient,-0.21504638261265224,-0.16334442766728224,0.09309433400630951
4749,5868,integrated_gradient,-0.2325646322634485,-0.038075810505284205,0.05912746861577034
4750,1963,integrated_gradient,0.10644471533596515,0.17781773693859576,0.45506834983825684
4751,248,integrated_gradient,6.719306111335754e-05,-0.03930398374795914,0.3336604833602905
4752,4771,integrated_gradient,0.2000476781811033,-0.09329304240998768,0.5750445127487183
4753,1277,integrated_gradient,0.190644110826885,0.25798621949027567,0.619950532913208
4754,4905,integrated_gradient,-0.01984683655459305,-0.1398211532625659,0.24206717312335968
4755,8025,integrated_gradient,-0.259522255332697,-0.229975034793218,0.08232808858156204
4756,2110,integrated_gradient,0.17897679408391318,0.02570493146777153,0.5030661821365356
4757,9776,integrated_gradient,0.4573465809226036,0.08622450069073707,0.7856916785240173
4758,2945,integrated_gradient,0.26000917578736943,0.06796935697396596,0.6487014889717102
4759,6249,integrated_gradient,-0.12413683337600608,-0.04870662328444029,0.15569588541984558
4760,7023,integrated_gradient,-0.32466109380449937,-0.04500408432162974,0.005492150783538818
4761,795,integrated_gradient,0.17642135421435037,-0.034335811932881675,0.41557133197784424
4762,9717,integrated_gradient,-0.1260383643209934,-0.04572607527176539,0.12686966359615326
4763,7908,integrated_gradient,-0.2208608937050615,-0.1366611947970731,0.14366397261619568
4764,5371,integrated_gradient,-0.2396137285977602,-0.032753573523627386,0.10620340704917908
4765,9655,integrated_gradient,-0.16046262803402814,-0.13113675418902526,0.05856282263994217
4766,447,integrated_gradient,-0.29263511267972403,-0.07966943804560037,0.019516216591000557
4767,2968,integrated_gradient,-0.33224249748807205,-0.060514547518993676,0.048845671117305756
4768,2152,integrated_gradient,0.15720638697562012,0.032555078682692154,0.4681960642337799
4769,7838,integrated_gradient,-0.2835337561757668,-0.1271765743098829,0.0385376438498497
4770,4852,integrated_gradient,-0.01311928095916907,-0.04604616885383924,0.20599697530269623
4771,5157,integrated_gradient,-0.01330882062514623,-0.22086060930181434,0.412262886762619
4772,683,integrated_gradient,0.3284478789567947,0.03275403797626495,0.7792206406593323
4773,8118,integrated_gradient,-0.2040271332816166,-0.06646204739809036,0.06082053855061531
4774,6681,integrated_gradient,-0.4909140778084596,-0.20396385118365287,0.027975384145975113
4775,5741,integrated_gradient,0.019335529456535976,-0.11729814484715462,0.271180659532547
4776,1488,integrated_gradient,-0.2593008896433993,-0.02342036356659312,0.0452314168214798
4777,3077,integrated_gradient,-0.16865875139351813,-0.030754883923838214,0.1590126007795334
4778,3905,integrated_gradient,-0.3116735162258875,-0.07375852591017397,0.02138281986117363
4779,8594,integrated_gradient,-0.13651143725622783,-0.022698711942542683,0.09932880103588104
4780,318,integrated_gradient,-0.41017209690424705,-0.0377214957148798,0.04363894835114479
4781,856,integrated_gradient,0.046412779639164604,-0.10073172350724538,0.2540927231311798
4782,7743,integrated_gradient,-0.31537092451391546,-0.06963229950132041,0.07442079484462738
4783,2770,integrated_gradient,-0.2775169764246259,-0.04950070325285196,0.01965063437819481
4784,3566,integrated_gradient,-0.18051092381424763,-0.21024737359188936,0.03157947212457657
4785,376,integrated_gradient,0.03403687370674951,0.02506310013788087,0.3191399574279785
4786,410,integrated_gradient,-0.08602740367253621,-0.10307809337973595,0.14707645773887634
4787,2405,integrated_gradient,0.23299341574311255,0.10440895408391952,0.5692591667175293
4788,3776,integrated_gradient,-0.36938056275248526,-0.06041323048993945,0.02185065671801567
4789,3946,integrated_gradient,0.3804988008406427,0.15566739274395835,0.6866202354431152
4790,1111,integrated_gradient,-0.09268413430878095,-0.063260339732681,0.11384977400302887
4791,7660,integrated_gradient,0.18174839478272659,0.1551511409955147,0.6148086786270142
4792,8001,integrated_gradient,-0.14144167516912734,-0.11150317160146576,0.074343241751194
4793,2288,integrated_gradient,-0.265947945948158,-0.05486386957844453,0.029039278626441956
4794,2127,integrated_gradient,0.23476218853307806,0.12622751360354217,0.49115344882011414
4795,5581,integrated_gradient,-0.2470072190492199,-0.08411377797333094,0.01503793429583311
4796,8256,integrated_gradient,0.12015829006066689,0.1437698665719766,0.6745533347129822
4797,6751,integrated_gradient,-0.26863182460268337,-0.11824095050493875,0.05247730761766434
4798,9399,integrated_gradient,-0.2503702419881637,-0.22599479298178965,0.1052628681063652
4799,2233,integrated_gradient,-0.3180902327555392,-0.06269080482487535,0.0031137189362198114
4800,5550,integrated_gradient,-0.22165736043825746,-0.023867464624345303,0.15413615107536316
4801,274,integrated_gradient,-0.36127992389866936,-0.05221185385464476,0.016693508252501488
4802,2344,integrated_gradient,-0.19671524402995905,-0.05474241444220145,0.05486561357975006
4803,1568,integrated_gradient,0.41168551308953244,-0.00045360041701275367,0.6346242427825928
4804,3133,integrated_gradient,-0.03015102536389322,-0.06544114558985739,0.2367822229862213
4805,6178,integrated_gradient,-0.028650295208482182,-0.04612922405495363,0.2207033783197403
4806,7955,integrated_gradient,-0.23116131825372577,-0.028487830597441643,0.04655905067920685
4807,7820,integrated_gradient,-0.2235695807635784,-0.04262657716870308,0.03791545704007149
4808,9415,integrated_gradient,-0.04811375339825948,-0.06183746401910429,0.22204652428627014
4809,2574,integrated_gradient,-0.08209211837786895,-0.06552714911790994,0.23711691796779633
4810,965,integrated_gradient,0.4732415085392339,0.10418205229299408,0.8059965968132019
4811,2291,integrated_gradient,0.4132123477756977,0.2599407359957695,0.651631772518158
4812,5375,integrated_gradient,-0.11915920053919156,-0.044936034828424454,0.24746882915496826
4813,6670,integrated_gradient,-0.24315307058748745,-0.128157662493842,0.06641469150781631
4814,8955,integrated_gradient,-0.07065044895366386,-0.04552752386640619,0.16458193957805634
4815,8059,integrated_gradient,-0.3139139832928777,-0.08067988895345479,0.011133963242173195
4816,2755,integrated_gradient,-0.2596391850254602,-0.01903906340400378,0.13641993701457977
4817,4474,integrated_gradient,0.18032122313976287,0.018138970136642455,0.7257764339447021
4818,3910,integrated_gradient,-0.2786344367944236,-0.04326410708017647,0.014457088895142078
4819,2002,integrated_gradient,0.44564389481264,0.15146094911238728,0.8516564965248108
4820,4794,integrated_gradient,-0.23754720567237764,-0.07651154200236003,0.1075531542301178
4821,8644,integrated_gradient,0.2224625018802849,0.0439980368356447,0.546720564365387
4822,6394,integrated_gradient,0.05058733577078039,-0.08431862836534326,0.41807031631469727
4823,5339,integrated_gradient,0.018448139338389687,0.04768052600000216,0.24166259169578552
4824,1730,integrated_gradient,-0.2553600103963377,-0.044246824704251196,0.019138842821121216
4825,2360,integrated_gradient,0.3985101275823333,0.1200577982447364,0.7268270254135132
4826,9379,integrated_gradient,-0.03703048026987484,-0.09259727277926036,0.2394772171974182
4827,9058,integrated_gradient,-0.03470415953132841,-0.05816730111837387,0.1518542319536209
4828,9028,integrated_gradient,0.005392882352073987,-0.0009722579270601273,0.45247936248779297
4829,7579,integrated_gradient,0.27144558050415735,0.09513026746836575,0.5479905605316162
4830,6428,integrated_gradient,0.1741349508887843,-0.005184851194682874,0.5771923661231995
4831,1068,integrated_gradient,-0.16467631725888504,-0.1301009202081906,0.050804540514945984
4832,5337,integrated_gradient,-0.15586757998574863,-0.16048133847388354,0.1968742460012436
4833,1071,integrated_gradient,-0.04005311926205953,-0.026692640657226246,0.1968740075826645
4834,9456,integrated_gradient,-0.12791072949767113,-0.09984855850537618,0.17924535274505615
4835,5020,integrated_gradient,0.088355609215796,0.09110843949019909,0.5162355303764343
4836,2115,integrated_gradient,-0.26133122515899165,-0.020058750071459346,0.07817044854164124
4837,5910,integrated_gradient,0.4854595310265018,0.2530376036320963,0.8420286774635315
4838,8448,integrated_gradient,-0.224149888753891,-0.016545474103518896,0.1305079609155655
4839,3132,integrated_gradient,-0.2357884338446732,-0.06383648383077876,0.03241626173257828
4840,7703,integrated_gradient,-0.07020136275712181,0.004864623441415674,0.18602986633777618
4841,474,integrated_gradient,-0.3678040167559748,-0.17579206727121188,0.14456066489219666
4842,8441,integrated_gradient,0.2862783031804221,0.15859475412539073,0.5526292324066162
4843,7584,integrated_gradient,-0.2829986614371209,-0.05036215106711576,0.006723271682858467
4844,3085,integrated_gradient,-0.00646581857100777,-0.06114976950313734,0.266539603471756
4845,8856,integrated_gradient,0.2762497209367298,0.04955281813939413,0.6968699097633362
4846,5936,integrated_gradient,0.10522850096225739,0.06211512625217438,0.3769429326057434
4847,3397,integrated_gradient,-0.3352548973634839,-0.045068956756343447,0.0035164637956768274
4848,4309,integrated_gradient,-0.33938598810207277,-0.054748661461330596,0.027501652017235756
4849,6169,integrated_gradient,-0.29953845459967854,-0.14897826332598924,0.03806060925126076
4850,3693,integrated_gradient,-0.17190348009268444,-0.13925887048244476,0.10533758252859116
4851,1691,integrated_gradient,0.34184034519335804,0.0006316488280015834,0.6891828775405884
4852,4333,integrated_gradient,0.08859842385237034,0.0611519985474073,0.40692344307899475
4853,9574,integrated_gradient,0.45081846763690314,0.23294381896654764,0.7678642272949219
4854,8619,integrated_gradient,-0.2796750001476279,-0.04205200634896755,0.009747061878442764
4855,6832,integrated_gradient,0.2847898866642605,0.05304081060669639,0.8185045123100281
4856,3795,integrated_gradient,0.45631778397058187,0.0721092678998646,0.8808630108833313
4857,4649,integrated_gradient,-0.05849015925611768,0.012903839349746704,0.18496564030647278
4858,9226,integrated_gradient,-0.0849258080124855,-0.09005374544196659,0.1652539223432541
4859,7372,integrated_gradient,-0.024820973903968417,-0.042642115005131424,0.2298153042793274
4860,4929,integrated_gradient,-0.34550595361935466,-0.040461245826200434,0.019816726446151733
4861,4233,integrated_gradient,0.12257794588804245,-0.001972155272960663,0.4646453559398651
4862,1145,integrated_gradient,0.2648549665297781,0.06844188272953033,0.5470249652862549
4863,3111,integrated_gradient,-0.27730616401223573,-0.06662078377078562,0.07171812653541565
4864,8737,integrated_gradient,0.030426050225893658,-0.017293135325113933,0.4545203745365143
4865,2592,integrated_gradient,-0.023698732256889343,0.024467859949384416,0.33851659297943115
4866,9142,integrated_gradient,0.06424033641815186,-0.008498141542077065,0.3143974840641022
4867,624,integrated_gradient,-0.15175246968865394,-0.01596934497356415,0.27170681953430176
4868,9043,integrated_gradient,-0.30092382156535197,0.015938227604094305,0.08716792613267899
4869,3283,integrated_gradient,-0.2904122819503148,0.012231223699119356,0.15887796878814697
4870,6341,integrated_gradient,-0.3182079326516638,-0.03315684890840202,0.0018437437247484922
4871,7522,integrated_gradient,-0.3382961323582812,-0.060925336505629514,0.026707712560892105
4872,9585,integrated_gradient,-0.0171833074092865,-0.10351112127304077,0.26601240038871765
4873,7440,integrated_gradient,-0.03377502984725512,0.16335197910666466,0.33558496832847595
4874,668,integrated_gradient,0.08903182127646038,-0.2167682145323072,0.45657870173454285
4875,6750,integrated_gradient,0.25195157352615805,0.098849215928246,0.5023205280303955
4876,5165,integrated_gradient,0.19382462192040223,0.07297173600930434,0.5489365458488464
4877,5279,integrated_gradient,-0.17054365300351665,-0.08858409470745496,0.06314520537853241
4878,582,integrated_gradient,-0.0415948484506872,0.04619490189684762,0.3109036684036255
4879,3945,integrated_gradient,-0.21753593368662727,-0.24807602746619117,0.16904138028621674
4880,7688,integrated_gradient,0.2901316299324944,0.1473276246161688,0.7455470561981201
4881,7614,integrated_gradient,-0.20201105313996473,-0.02914150059223175,0.17802466452121735
4882,1208,integrated_gradient,-0.04986779410392046,0.00810148511081934,0.24863244593143463
4883,7944,integrated_gradient,0.13014739705249667,0.021201152820140123,0.35907232761383057
4884,5030,integrated_gradient,-0.3167903490830213,-0.04300402652006596,0.08599187433719635
4885,76,integrated_gradient,-0.2683560893955556,-0.06308763745156201,0.03926362469792366
4886,6693,integrated_gradient,-0.22433063218041377,-0.05031180672128411,0.04063529521226883
4887,9478,integrated_gradient,0.07480552345514298,0.006268846988677979,0.28569668531417847
4888,9464,integrated_gradient,-0.11280932324007154,-0.06049012113362551,0.08673493564128876
4889,1175,integrated_gradient,0.18632989057472774,0.07182583425726209,0.4329560399055481
4890,592,integrated_gradient,-0.3090593264748653,-0.07425202218194803,0.011291122063994408
4891,3774,integrated_gradient,-0.13483198325742374,-0.015821810473095287,0.21661542356014252
4892,5676,integrated_gradient,0.05487001474414553,0.010127957378114973,0.26615139842033386
4893,7362,integrated_gradient,0.07760910275909635,-0.05628991458151075,0.4216432571411133
4894,1470,integrated_gradient,-0.261985639333725,-0.011487598270177842,0.06417886912822723
4895,705,integrated_gradient,0.10171584288279216,-0.06737466255823771,0.3682469427585602
4896,1688,integrated_gradient,0.196543722254474,0.05566042588978279,0.49570244550704956
4897,4828,integrated_gradient,0.2514195876277011,0.05420974026555601,0.6771953105926514
4898,5386,integrated_gradient,-0.02597728557884693,-0.03479187283664942,0.15134374797344208
4899,4564,integrated_gradient,0.3940889176569487,0.03234285273050007,0.6195475459098816
4900,7450,integrated_gradient,0.21614916675857135,0.1354407263653619,0.6627421379089355
4901,9324,integrated_gradient,0.2143904009351024,0.11522474829797391,0.4986462891101837
4902,4747,integrated_gradient,0.14442861942868485,0.045658383714525325,0.3887168765068054
4903,4303,integrated_gradient,0.3441389140582854,0.07632604145234631,0.5729836821556091
4904,6460,integrated_gradient,-0.36899639863301725,-0.06692665333257002,0.0350336916744709
4905,6239,integrated_gradient,-0.3289161840563311,-0.07062082014539663,0.020630361512303352
4906,7766,integrated_gradient,-0.017232776516013674,-0.0426686339908176,0.2531837522983551
4907,6739,integrated_gradient,0.4894031049175696,0.15143389187075876,0.9125749468803406
4908,8336,integrated_gradient,-0.32123083218799103,-0.04682543494605592,0.01252287719398737
4909,3464,integrated_gradient,-0.26200964460149406,-0.03239802126772702,0.020815972238779068
4910,1509,integrated_gradient,0.12999644458293916,-0.05130630493164062,0.4367104172706604
4911,4978,integrated_gradient,-0.19244998861705104,-0.0765094100948303,0.08316656202077866
4912,6008,integrated_gradient,-0.05668481080620377,-0.10860046358020217,0.28783729672431946
4913,5730,integrated_gradient,-0.057408460548945835,-0.09370462383542742,0.21123531460762024
4914,8334,integrated_gradient,-0.3096786079307397,-0.057065814112623535,0.09153387695550919
4915,4883,integrated_gradient,-0.2150887917727232,-0.07112114410847425,0.07234881073236465
4916,9740,integrated_gradient,-0.2620848018962603,-0.03640297356133278,0.08142296969890594
4917,3299,integrated_gradient,-0.21831278347720703,-0.16636274040987095,0.041241515427827835
4918,594,integrated_gradient,0.375282061320764,0.1831332489296242,0.8378943800926208
4919,5521,integrated_gradient,-0.3238613822807868,-0.017160871376593907,0.09512393176555634
4920,6867,integrated_gradient,0.2230891099933422,0.12005913663994182,0.5447244048118591
4921,7999,integrated_gradient,-0.2666173261545953,0.0031876853179363977,0.0812896266579628
4922,7073,integrated_gradient,0.24211609529124367,0.028684275017844305,0.499752402305603
4923,2876,integrated_gradient,-0.2409757933113724,-0.030917731299996375,0.04552484303712845
4924,5595,integrated_gradient,-0.08051756253609291,-0.06567186403733033,0.05438673496246338
4925,8508,integrated_gradient,-0.059349208360626585,0.012538634950206393,0.2009071409702301
4926,9525,integrated_gradient,0.19271298115317886,0.018599311242232453,0.49847882986068726
4927,4335,integrated_gradient,-0.25864378076333266,-0.10806713081323184,0.1951596885919571
4928,4540,integrated_gradient,-0.30093354141960543,-0.0367757487628195,0.025074129924178123
4929,10,integrated_gradient,-0.19361617450636845,-0.031625629402697086,0.027185779064893723
4930,8757,integrated_gradient,-0.38161076244079706,-0.048207960119753174,0.042473603039979935
4931,1217,integrated_gradient,0.3300544064905908,0.1015427518222067,0.6862500309944153
4932,1224,integrated_gradient,0.24761174230471902,0.21769704831683118,0.5966187715530396
4933,3206,integrated_gradient,0.4943387294188142,0.1625155471265316,0.7822200655937195
4934,93,integrated_gradient,-0.129023688642875,-0.2673999848573104,0.2599893808364868
4935,8057,integrated_gradient,0.36431761937482016,0.1244520970753261,0.724498987197876
4936,2455,integrated_gradient,-0.04027938910505988,-0.035778110000220215,0.20654332637786865
4937,1247,integrated_gradient,0.1470210775732994,0.09589610993862152,0.4373481869697571
4938,2251,integrated_gradient,-0.0879359675778283,-0.0301107375158204,0.2536233067512512
4939,6380,integrated_gradient,0.475191701735769,0.10886411581720624,0.9104214906692505
4940,4708,integrated_gradient,-0.14017642417858386,-0.14564890440168052,0.09354972094297409
4941,7864,integrated_gradient,-0.011728048324584961,-0.011985464952886105,0.280953586101532
4942,3916,integrated_gradient,-0.2832467266741921,-0.15218015562962084,0.06666555255651474
4943,3105,integrated_gradient,-0.11869581850866477,0.02349269762635231,0.2776140868663788
4944,292,integrated_gradient,0.2622102935005117,0.04787830180592007,0.5047809481620789
4945,7616,integrated_gradient,0.031018569355919248,-0.06802592532975334,0.30551448464393616
4946,2083,integrated_gradient,-0.34356380975139994,-0.06946642618360264,0.0027289893478155136
4947,4381,integrated_gradient,-0.011392528812090555,-0.06359856141110261,0.2532111704349518
4948,4291,integrated_gradient,-0.26590842023142613,-0.05732161913329037,0.0006939857848919928
4949,5404,integrated_gradient,-0.20060108974575996,-0.11537563800811768,0.04429818317294121
4950,6637,integrated_gradient,-0.19503833333912649,-0.10236305076824992,0.0610787607729435
4951,1090,integrated_gradient,-0.25958936902530055,-0.08710760058944716,0.013832137919962406
4952,8570,integrated_gradient,-0.3026917746756226,-0.026281004247721285,0.03692464530467987
4953,6206,integrated_gradient,0.4118834344240335,0.040323337683310874,0.837340772151947
4954,6843,integrated_gradient,0.5058863633735613,0.06283088570291345,0.82193922996521
4955,1078,integrated_gradient,0.12597189142423518,0.08529311769148883,0.40094926953315735
4956,1188,integrated_gradient,0.3880783879756928,0.061256518363952635,0.6987248063087463
4957,3984,integrated_gradient,0.1014819194873174,-0.01875725719663832,0.34940752387046814
4958,1369,integrated_gradient,0.16742938892407852,0.016875392334027725,0.4657645523548126
4959,8348,integrated_gradient,0.22023586662752287,0.05745716180120196,0.5228691101074219
4960,5987,integrated_gradient,0.08736724853515625,0.07839182496070862,0.3508223593235016
4961,1599,integrated_gradient,-0.025983918818735307,-0.0911044959099062,0.25718140602111816
4962,4573,integrated_gradient,-0.18325720128157866,-0.10317626984223076,0.03849129378795624
4963,5173,integrated_gradient,-0.34477511736062855,-0.0773139693416082,0.022260218858718872
4964,6459,integrated_gradient,0.16265551994244257,0.07260811494456397,0.5419925451278687
4965,4404,integrated_gradient,0.59740681797266,0.23698184490203858,0.871831476688385
4966,7585,integrated_gradient,0.4046336884299914,0.049835393826166786,0.7853783965110779
4967,8225,integrated_gradient,0.18964008941794885,0.0020898968884439178,0.49477246403694153
4968,4209,integrated_gradient,-0.26969817355275155,-0.04105804264545441,0.09496945142745972
4969,1418,integrated_gradient,-0.3128100336700874,-0.04821159650179509,0.00363340531475842
4970,3309,integrated_gradient,-0.17904607871813433,-0.07441834466797966,0.08713539689779282
4971,9362,integrated_gradient,-0.19151297495478675,-0.09927285036870412,0.20156258344650269
4972,6492,integrated_gradient,0.36440865736868644,-0.06433163086573283,0.6334680318832397
4973,7841,integrated_gradient,0.03896437647442023,0.02991129147509734,0.21792639791965485
4974,3037,integrated_gradient,-0.30420185124071747,-0.05405718826044064,0.022792277857661247
4975,1825,integrated_gradient,-0.26174415750429036,-0.05377295985817909,0.011447384022176266
4976,3842,integrated_gradient,0.09962894457081954,-0.006218673040469487,0.2815951406955719
4977,4522,integrated_gradient,-0.2599691468446205,-0.0792238403422137,0.02515004761517048
4978,1569,integrated_gradient,-0.14368579226235548,-0.17098834489782652,0.32597413659095764
4979,1261,integrated_gradient,-0.2649536554235965,-0.07548405672423542,0.06865252554416656
4980,4918,integrated_gradient,-0.3422103894620456,-0.05722593573260714,0.005592189263552427
4981,5273,integrated_gradient,-0.14758255084355673,-0.10497001129569429,0.21457864344120026
4982,2478,integrated_gradient,-0.3749614470197182,-0.0652927222759708,0.013948235660791397
4983,5795,integrated_gradient,-0.05725101971377929,-0.09903438575565815,0.2123974859714508
4984,6864,integrated_gradient,0.13682210624217986,0.09653507590293885,0.563147783279419
4985,1616,integrated_gradient,0.03078768849372864,-0.018817739188671113,0.46613654494285583
4986,6913,integrated_gradient,0.2152853488922119,0.013406085968017577,0.46745431423187256
4987,2236,integrated_gradient,-0.2620226983790812,-0.020878929158915645,0.13544297218322754
4988,7618,integrated_gradient,-0.29579047606710124,-0.12193723318769652,0.032556626945734024
4989,5447,integrated_gradient,-0.2936276039108634,-0.026480712569676913,0.011950116604566574
4990,5554,integrated_gradient,0.45027969514622407,0.11861220177482157,0.8664960265159607
4991,7212,integrated_gradient,0.017636684434754506,-0.043410701411111016,0.3628862798213959
4992,7352,integrated_gradient,-0.2668781331181526,-0.031136100739240648,0.01958017237484455
4993,2533,integrated_gradient,-0.1553062984674442,-0.04415033430587954,0.13581806421279907
4994,5950,integrated_gradient,-0.11377433458199868,-0.049820103897498205,0.1297478824853897
4995,7947,integrated_gradient,-0.1250507455319166,-0.13623284548521042,0.09390699118375778
4996,2689,integrated_gradient,0.32248913331164253,0.28083230472273296,0.7710322737693787
4997,3110,integrated_gradient,-0.10688417806075169,-0.005556637277969947,0.338333398103714
4998,4397,integrated_gradient,0.09921486496925354,-0.06481871843338012,0.5574133396148682
4999,2935,integrated_gradient,0.19143198865155378,0.005450287212928136,0.5315331220626831
5000,9632,lime,0.4063243459050472,0.05028851559528938,0.892997145652771
5001,9282,lime,-0.14120203099752726,-0.1990048457917414,0.04984396696090698
5002,106,lime,-0.19900594219084708,-0.17223631566570652,0.1666150838136673
5003,1446,lime,0.014536365463926986,-0.18053252552006696,0.3070147633552551
5004,1513,lime,-0.12562271232223687,-0.028075139408054596,0.003760539460927248
5005,6498,lime,0.14403389786419116,-0.037604557840447674,0.6039713025093079
5006,6973,lime,0.012997742742300034,0.004981369312320437,0.30076706409454346
5007,4952,lime,-0.21560584753751755,-0.09417396479032257,0.02019277587532997
5008,8552,lime,-0.1263115331530571,0.03221547891470519,0.1508817970752716
5009,3027,lime,0.38013760510243866,0.20502686500549316,0.7689019441604614
5010,2760,lime,-0.1396607205271721,0.0725987296551466,0.35151758790016174
5011,3060,lime,-0.017008502781391144,0.0061985980187143595,0.22988669574260712
5012,33,lime,-0.3450161028817734,-0.06173520842019249,0.00611857557669282
5013,1349,lime,-0.24133797362446785,-0.25898930709809065,0.1068231388926506
5014,4934,lime,0.08509020879864693,-0.030144335329532625,0.38874366879463196
5015,2680,lime,0.16434892291022885,0.09997699674098723,0.3822898864746094
5016,9074,lime,-0.18095529451966286,-0.0637424343989955,0.019449008628726006
5017,5414,lime,-0.3505131846636926,-0.052431313247468914,0.00570652773603797
5018,6663,lime,-0.12821051410653375,-0.050550252199172974,0.15341952443122864
5019,5286,lime,-0.5273935172993404,-0.16359746964791647,0.025206051766872406
5020,3782,lime,-0.2364840244408697,-0.0576405645115301,0.029234685003757477
5021,4516,lime,-0.27808546274900436,-0.05589061405044049,0.026276446878910065
5022,4554,lime,-0.19754641478800256,-0.06723379027908263,0.02567732147872448
5023,1595,lime,-0.2775633911100718,-0.08183551948660842,0.006457239389419556
5024,3857,lime,-0.04839018059939873,-0.11183321984802805,0.390585333108902
5025,3337,lime,-0.04360849009110378,-0.07523481203959538,0.5612554550170898
5026,9255,lime,-0.08359623136264938,-0.07136184200644494,0.04008273035287857
5027,1383,lime,-0.4762394026569698,-0.057909546662931854,0.11321505904197693
5028,4860,lime,-0.15723993132511774,-0.05828297386566798,0.041607312858104706
5029,7275,lime,-0.4629738415065019,-0.10926044894301373,0.04597030580043793
5030,8740,lime,-0.14064470678567886,-0.30049526132643223,0.3524290919303894
5031,1155,lime,0.1704580809759057,-0.07892185320024905,0.512457549571991
5032,6725,lime,0.03873096654812495,0.056112533523922876,0.5211524367332458
5033,1076,lime,-0.28988003571118626,-0.042218801931345036,0.019610153511166573
5034,3058,lime,-0.24191904852264806,-0.0544120177234474,0.13534902036190033
5035,4586,lime,-0.06804213970899582,-0.060018926734725635,0.06546402722597122
5036,1791,lime,-0.20216298217956835,-0.20487990574194834,0.16637098789215088
5037,6325,lime,-0.04442804455757141,-0.0510830561319987,0.14860214293003082
5038,7506,lime,-0.04003101090590159,-0.10410434669918484,0.26880520582199097
5039,6495,lime,0.20384137881429573,-0.022714727803280477,0.5471554398536682
5040,9542,lime,-0.03307961084340748,-0.014807396813442833,0.23975609242916107
5041,4694,lime,0.13254869705246342,0.001144863905445222,0.43873295187950134
5042,8369,lime,-0.33232445259475046,-0.047170161010904446,0.0029983895365148783
5043,7093,lime,-0.158925449757865,-0.213752905979301,0.18138490617275238
5044,2794,lime,-0.26155868537076143,-0.03199369237636742,0.007117798551917076
5045,39,lime,-0.24590949077279337,-0.0626683899712178,0.012984275817871094
5046,7478,lime,-0.06374357114819919,-0.052787123357548434,0.3921995759010315
5047,1253,lime,-0.22220053308687748,-0.038434168201915565,0.0055189854465425014
5048,360,lime,-0.26206594288703944,-0.05443741478735492,0.02384047769010067
5049,9638,lime,0.1566285208931991,-0.15154375668082917,0.4394210875034332
5050,1726,lime,-0.2983951796503628,-0.03535081643392058,0.2270084172487259
5051,439,lime,0.04276153479110111,-0.04293531382625753,0.2238096296787262
5052,5267,lime,-0.22147651389241219,-0.03722062915125314,0.0183560810983181
5053,4337,lime,-0.16426461085677146,-0.05928844571113587,0.04572412744164467
5054,7724,lime,-0.20889226132287428,-0.032581835555342525,0.01663101278245449
5055,7676,lime,0.1618143767118454,-0.017114041745662688,0.42115336656570435
5056,8913,lime,-0.3001231011003256,-0.05601754834732184,0.024519136175513268
5057,2492,lime,0.21338445484638213,-0.012892075777053834,0.6145787835121155
5058,7462,lime,-0.25132546247914433,-0.05033421452919191,0.005783874075859785
5059,7430,lime,-0.11905484925955534,0.13621748937293887,0.39008429646492004
5060,6620,lime,-0.003301320131868124,-0.008081551641225815,0.27220845222473145
5061,6221,lime,-0.27673090228603947,-0.05888000438507232,0.0034887013025581837
5062,8844,lime,-0.30792653831568634,-0.019933247261426666,0.06381520628929138
5063,4518,lime,0.1557306706905365,-0.001845244566599528,0.5428768396377563
5064,1684,lime,-0.13912076751391092,-0.08744156857331593,0.36855077743530273
5065,29,lime,-0.19944130505124727,-0.2207334265112877,0.09262941777706146
5066,6475,lime,0.11196986053671155,0.015550650301433745,0.5151298642158508
5067,6691,lime,0.2674179269421485,0.009431781307343514,0.5996145009994507
5068,1747,lime,-0.4203087431192398,-0.11219188973307609,0.050263725221157074
5069,5559,lime,0.00903921467917306,-0.08432502938168389,0.24816110730171204
5070,3325,lime,0.06947390809655189,-0.09753974229097366,0.4271799623966217
5071,4525,lime,-0.051696201165517174,-0.028869145549833775,0.13948622345924377
5072,5434,lime,0.10667505053182443,-0.12815850848952928,0.37306419014930725
5073,2129,lime,0.0007248131765259637,-0.033331774175167084,0.32667073607444763
5074,5441,lime,-0.13957219037252502,-0.03977416357579264,0.04389920458197594
5075,9420,lime,-0.2698219164329417,-0.04075441246523576,0.02157183736562729
5076,1330,lime,0.06914914846420288,-0.0722009688615799,0.3004550635814667
5077,7369,lime,-0.1752355817006901,-0.0427335113636218,0.024981550872325897
5078,2275,lime,-0.07708525569999919,-0.020215996048029733,0.2008083462715149
5079,1765,lime,-0.033190174595169396,-0.008978706339131231,0.3277261257171631
5080,9131,lime,0.21608923838056368,0.04433622647976053,0.6535645127296448
5081,6095,lime,0.11218425372372502,0.031279146023418594,0.5420705676078796
5082,1263,lime,0.06399824842810631,0.006669626881678899,0.40255555510520935
5083,1142,lime,-0.010328495327164145,-0.19283855136703043,0.17977546155452728
5084,7797,lime,-0.11454974114894867,-0.1984104017416636,0.16155530512332916
5085,4989,lime,0.02079915327410544,-0.1660474899315065,0.29520750045776367
5086,4395,lime,0.15045599808747118,-0.10102659565481273,0.43969565629959106
5087,5333,lime,0.06301409773754352,-0.02898220040581443,0.36456525325775146
5088,8163,lime,-0.14994388310746712,-0.07283831624822183,0.07493995130062103
5089,8995,lime,-0.2930761216317906,-0.008760381709126866,0.09998241066932678
5090,9568,lime,-0.2800939420859019,-0.046236037323251364,0.013289926573634148
5091,6098,lime,-0.36879215332177967,-0.25237610563635826,0.10496580600738525
5092,7278,lime,0.047410727789004646,-0.006551829973856608,0.1898026019334793
5093,1516,lime,0.12003370113670826,-0.08740063011646271,0.5133695006370544
5094,3501,lime,-0.2659110299178532,-0.05094690115324089,0.055224865674972534
5095,4371,lime,0.11203419603407383,-0.06023775413632393,0.619037926197052
5096,7736,lime,0.36865437354730524,0.11206435898075932,0.6268463134765625
5097,1683,lime,-0.2046943187713623,-0.0471455494640395,0.014247450977563858
5098,1631,lime,0.19349750379721323,0.08095724951653253,0.6313174366950989
5099,4601,lime,-0.29775899985144216,-0.07064386313000033,0.14578430354595184
5100,6956,lime,0.12322093844413758,0.1609696364402771,0.6237486004829407
5101,8482,lime,-0.21573457398857826,-0.0399437967974406,0.02136848494410515
5102,9095,lime,-0.2846398398280144,-0.06864421696712573,0.004196999594569206
5103,7344,lime,0.4465513621215467,0.08605222679950573,0.7690412998199463
5104,1732,lime,0.37591304114231694,0.19990809147174543,0.7954970598220825
5105,4373,lime,-0.37752529115162115,-0.030434980819171124,0.012075664475560188
5106,971,lime,0.06480740569531918,-0.010884694755077362,0.3646191656589508
5107,6578,lime,0.2728240531351831,0.027586536275015935,0.49356797337532043
5108,1453,lime,0.031804927477711124,-0.037422104101432,0.26105591654777527
5109,80,lime,0.26292785682848524,0.10877714306116104,0.49737077951431274
5110,8908,lime,-0.1729007689830135,-0.14078190396813786,0.10597539693117142
5111,96,lime,0.1826667957007885,0.10193142741918564,0.4941481053829193
5112,4376,lime,-0.27534505545806426,-0.04831760283559561,0.01453475933521986
5113,3207,lime,0.08374256333884071,-0.10919567416695987,0.3655413091182709
5114,6462,lime,-0.17726379495990627,-0.0629189253291663,0.013848405331373215
5115,6220,lime,-0.2730963418725878,-0.028977534694907565,0.005274371709674597
5116,3279,lime,-0.030917388120932237,-0.3292024369750704,0.16403338313102722
5117,8741,lime,-0.136811746393933,-0.1990828969899346,0.15786920487880707
5118,8758,lime,-0.16554964925436413,-0.16246173990999951,0.1417422741651535
5119,5396,lime,-0.5485269768784443,-0.31802960281215964,0.028233638033270836
5120,2855,lime,0.3894606113433838,0.11893818974494934,0.86751788854599
5121,1862,lime,-0.14236516132950783,-0.047421971014861404,0.03983970731496811
5122,7659,lime,0.14029816316591726,0.0613227269134006,0.6016866564750671
5123,8446,lime,0.08178838668391109,-0.09974896349012852,0.29516133666038513
5124,5152,lime,-0.05296954457406645,0.008222118020057678,0.25559312105178833
5125,2903,lime,0.4751628086317417,0.09682901238286218,0.7488054037094116
5126,7581,lime,0.04104972332715988,0.08852811108032863,0.36024776101112366
5127,9431,lime,-0.2592321337365052,-0.06753652016906177,0.02254759706556797
5128,8948,lime,-0.24579677256670865,-0.014791225887496363,0.07620558887720108
5129,2486,lime,-0.09175175933965615,-0.17073481370295798,0.10331449657678604
5130,5552,lime,-0.2689637914299965,-0.03645290263618032,0.007581600919365883
5131,5479,lime,-0.014083543419837951,-0.05306526819864909,0.2346341758966446
5132,3894,lime,-0.24736841725693506,-0.07960946544666182,0.01944699138402939
5133,9430,lime,-0.3315538650644677,-0.08015296831727028,0.026201436296105385
5134,9766,lime,-0.19762928500061944,-0.16459076887085325,0.22111885249614716
5135,4355,lime,-0.16421557040441603,-0.03565663531688707,0.025010626763105392
5136,2833,lime,-0.22999468818306923,-0.28155022487044334,0.22690869867801666
5137,3328,lime,0.23387273897727331,0.03733808630042606,0.6414497494697571
5138,8019,lime,-0.2760226134210825,-0.03973985177775224,0.04381505027413368
5139,3424,lime,0.1911829814314842,0.0013820886611938476,0.7490634322166443
5140,4539,lime,0.2681558159766374,0.16029318339294857,0.586748480796814
5141,4921,lime,-0.21214745938777924,-0.13598233396592346,0.11550004780292511
5142,3469,lime,0.12920608321825663,-0.1672853390375773,0.5540797114372253
5143,5705,lime,-0.18255151122808455,-0.17059831365942954,0.09119841456413269
5144,311,lime,0.1504305824637413,0.07028366396060357,0.3952542543411255
5145,9045,lime,0.09527809279305595,0.04279908963612148,0.6321568489074707
5146,2619,lime,-0.34318988217875873,-0.05422902499036542,0.058949556201696396
5147,789,lime,0.15473234901825586,-0.023425348103046417,0.4180052578449249
5148,2742,lime,0.3068364277482033,0.02116970270872116,0.8027546405792236
5149,5653,lime,-0.08636137936264277,-0.021855110147347052,0.09399571269750595
5150,483,lime,-0.013362331146543676,-0.0018344548615542326,0.4419711232185364
5151,8113,lime,-0.3534121604227438,-0.12903434792306365,0.03162655234336853
5152,8478,lime,0.08296188361504499,0.04127917833188001,0.3365604877471924
5153,1199,lime,0.2575020900903604,0.21908566661370107,0.5291525721549988
5154,5507,lime,-0.12702898681163788,-0.10191222205758095,0.18415142595767975
5155,3653,lime,-0.15814874203581558,-0.11088326691012633,0.039301954209804535
5156,5065,lime,-0.07174434381372788,0.00968704153509701,0.4289138913154602
5157,1626,lime,-0.127186868339777,-0.06490217447280884,0.2038452923297882
5158,7661,lime,0.27399944004259613,-0.017042401589845355,0.7265898585319519
5159,6837,lime,-0.2143380761794422,-0.21376655250787735,0.06611941009759903
5160,7655,lime,0.05099519011047152,-0.06635997361607021,0.26056015491485596
5161,8538,lime,0.08485082856246404,0.07028515530484063,0.35622918605804443
5162,1775,lime,-0.08227143507628214,-0.1844967348234994,0.13439087569713593
5163,9643,lime,-0.007942861877381802,-0.027491875924170017,0.38042640686035156
5164,8884,lime,-0.160979526658212,-0.21273851298516797,0.16288749873638153
5165,6778,lime,-0.04614264021317164,-0.12001939490437508,0.1107470914721489
5166,2340,lime,0.105744155389922,-0.03163755365780422,0.3401915431022644
5167,7226,lime,-0.06206046789884567,-0.12603092616931957,0.09736444056034088
5168,1472,lime,-0.1933052727420415,-0.09087060108071282,0.02171798050403595
5169,8187,lime,-0.44409965858277345,-0.0450271673552278,0.015547595918178558
5170,6250,lime,-0.1871291940149508,-0.008456572645196789,0.07425989210605621
5171,2335,lime,-0.23288270831108093,-0.17772859086592993,0.20867718756198883
5172,8981,lime,-0.14392114616930485,-0.0340246499649116,0.044073738157749176
5173,8685,lime,-0.08196307500374728,-0.11225204966191588,0.07404804229736328
5174,251,lime,-0.28055644325692863,-0.08239729342269986,0.008205502294003963
5175,2732,lime,-0.3677762741948861,-0.04220981429577531,0.001703123445622623
5176,4329,lime,0.08802933825386895,0.02711448073387146,0.6426683664321899
5177,9545,lime,0.09948708613713582,-0.021352246403694153,0.34136512875556946
5178,2337,lime,-0.14748076639241642,-0.18779615023069912,0.12251366674900055
5179,8695,lime,-0.1710822356324042,-0.030308043043459614,0.13486348092556
5180,2215,lime,-0.0689522765931629,-0.04314436586130233,0.27679792046546936
5181,5436,lime,-0.14853971983705247,-0.06100657085577647,0.15172025561332703
5182,5058,lime,0.46722408580152613,0.06307247124220196,0.8138974905014038
5183,9548,lime,-0.045764055588971016,-0.1658950072267781,0.17416349053382874
5184,108,lime,-0.1322614670627647,-0.04723778092819783,0.055110134184360504
5185,3019,lime,-0.28731577610597014,-0.08042534194100881,0.004758400376886129
5186,487,lime,0.35821690658728284,0.2206206801864836,0.6163955926895142
5187,2436,lime,0.12743696125765,-0.002905274110455667,0.385628879070282
5188,2417,lime,-0.14200542941689492,-0.02902149744331837,0.1011892557144165
5189,2684,lime,-0.025115416101787403,-0.11630581254544466,0.1571873277425766
5190,621,lime,0.14563604891300203,-0.19470533847808838,0.39354631304740906
5191,3281,lime,0.05841080943743388,0.026682168245315552,0.3395948112010956
5192,8547,lime,0.15852756372519902,0.03750865374292646,0.8118095993995667
5193,3941,lime,-0.175756213920457,-0.09879057269011225,0.109358049929142
5194,2423,lime,0.2061972405229296,0.17954484479767935,0.47275689244270325
5195,7682,lime,-0.18794945850968361,-0.19890014762058855,0.013910367153584957
5196,4960,lime,-0.1356832192224615,-0.27797891681685166,0.09442467987537384
5197,2766,lime,0.07964312962510368,-0.10401912812482227,0.4344072639942169
5198,7662,lime,0.004604818565504891,0.1569461159053303,0.30322813987731934
5199,416,lime,-0.3683110834921108,-0.06104854965472922,0.03494536131620407
5200,3898,lime,0.45144228245082657,0.14952998412282845,0.9186888933181763
5201,7632,lime,-0.2321776564543446,-0.042825382468955855,0.009645151905715466
5202,2328,lime,-0.25623571867721956,-0.039108661142000484,0.0011521205306053162
5203,2754,lime,-0.22941306934637182,-0.03951803605784388,0.04123559594154358
5204,8234,lime,-0.08086950421333312,-0.07491913855075837,0.1865486055612564
5205,3101,lime,-0.07354283332824707,0.13042279571294785,0.3119380474090576
5206,2108,lime,0.025248368669833456,0.010926260479858943,0.23797370493412018
5207,3100,lime,-0.21129405443315152,-0.24665170024942468,0.13347218930721283
5208,5351,lime,0.32326462768739267,0.10084555995079779,0.7065466046333313
5209,3284,lime,0.11066653973915998,0.05432728458853329,0.3803650438785553
5210,4824,lime,0.33135325461626053,0.10183596387505531,0.8952322602272034
5211,6551,lime,-0.336265496004905,-0.03093919913683619,0.01566854678094387
5212,7444,lime,0.22050078607657375,0.030908775680205402,0.4775603711605072
5213,304,lime,0.08600667189984094,0.02878915128253755,0.3436252772808075
5214,6360,lime,-0.2428333063920339,-0.016095030307769775,0.3825998306274414
5215,4190,lime,0.016978097103890918,0.01027655140275047,0.24393358826637268
5216,6664,lime,-0.2942573084599442,-0.07688462413433525,0.03720008581876755
5217,1945,lime,0.08267302645577325,-0.09106497632132636,0.31405508518218994
5218,5817,lime,-0.02559422669203385,0.05365118708299554,0.5210731029510498
5219,92,lime,-0.30087547486647964,-0.047783558135852215,0.003473356831818819
5220,119,lime,0.16174176335334778,0.06684846227819269,0.338790625333786
5221,9591,lime,0.21097128906033255,0.04883248697627674,0.711245596408844
5222,8421,lime,-0.14182324990116316,-0.06528895874989443,0.07780381292104721
5223,7945,lime,-0.2670977783272974,-0.057990539673483,0.01853448897600174
5224,2487,lime,-0.3426993620460448,-0.02796368167290221,0.030467618256807327
5225,1245,lime,0.08010776783339679,0.03661700105294585,0.2756369709968567
5226,346,lime,0.11181243509054184,-0.04175545004281131,0.36546823382377625
5227,9392,lime,-0.20562810912404372,-0.06061148137340079,0.014017891138792038
5228,6604,lime,0.10957182115978664,0.09051991336875492,0.45175701379776
5229,6338,lime,-0.16139948094884554,-0.17414126992225648,0.042009711265563965
5230,8410,lime,-0.18524064358912015,-0.190550612775903,0.25667011737823486
5231,4216,lime,-0.4296101757458278,-0.0931130356288382,0.018557950854301453
5232,7436,lime,-0.18086015712469816,-0.09345198981463909,0.28970667719841003
5233,6666,lime,-0.3077690847443812,-0.10599127140912143,0.05260423570871353
5234,8051,lime,0.2988634314388037,-0.03319867221372468,0.5563945174217224
5235,1593,lime,-0.2929598868769758,-0.06909895628033315,0.03405850753188133
5236,6951,lime,-0.02299753289956313,-0.04638264729426457,0.4173765480518341
5237,850,lime,-0.18911447522363492,-0.05186677801733216,0.0057133277878165245
5238,5506,lime,-0.2121030486574987,-0.011380391786011254,0.09133445471525192
5239,8479,lime,-0.333932925082211,-0.06341090575525803,0.007184692192822695
5240,7182,lime,0.10328157080544366,-0.08007486164569855,0.3387456238269806
5241,2362,lime,0.0661376602947712,0.07277602609246969,0.44749027490615845
5242,2178,lime,-0.15068860724568367,-0.0020407783665827343,0.05741710215806961
5243,1731,lime,0.3085205646661612,0.09915146690148574,0.756737232208252
5244,4185,lime,0.1615994619695764,0.10899839354188819,0.4856129288673401
5245,673,lime,0.0001791812803434289,-0.10117411483889041,0.2696073055267334
5246,5212,lime,0.031708295683603026,-0.07927533823090631,0.343093603849411
5247,4417,lime,-0.2767031773586165,-0.04493359641425989,0.015573810786008835
5248,1056,lime,-0.25496041029691696,-0.047139625858377526,0.07064419239759445
5249,9593,lime,0.1681657001376152,0.04466663375496864,0.5826886296272278
5250,623,lime,-0.06984617193007753,-0.030162361228749865,0.038495901972055435
5251,6217,lime,-0.2945627760338156,-0.03687225899806148,0.010388139635324478
5252,9597,lime,-0.33028284588764456,-0.08403334638168072,0.16794173419475555
5253,2955,lime,-0.11928088873624802,-0.18400748789310456,0.11082400381565094
5254,88,lime,-0.2469949714011616,-0.07273419656687313,0.14639857411384583
5255,3538,lime,-0.17003265964357475,-0.1584893700323607,0.30781179666519165
5256,3643,lime,-0.004527240991592407,-0.03380463023980459,0.26475608348846436
5257,8313,lime,-0.31047769780120543,-0.13355873356903752,0.07723483443260193
5258,5649,lime,-0.3909333441896658,-0.049097626629334534,0.0032751625403761864
5259,1355,lime,-0.016493366824256048,-0.09667658916226139,0.34740474820137024
5260,7142,lime,-0.05592264235019684,-0.02602905992950712,0.17611661553382874
5261,1512,lime,-0.20706192404031754,-0.22541914926841855,0.049027785658836365
5262,7565,lime,-0.25008946981119073,-0.1243380359981371,0.35484251379966736
5263,733,lime,0.13216395556926727,0.08744636774063111,0.5392802953720093
5264,8765,lime,-0.32939436330514793,-0.1049692657063989,0.21749843657016754
5265,9018,lime,0.33604184431689127,0.0696425253436679,0.7683819532394409
5266,6240,lime,-0.3631149120628834,-0.2110272767022252,0.058312226086854935
5267,590,lime,0.26459359909806934,0.19410712946028935,0.46616172790527344
5268,3745,lime,-0.16614650722060884,-0.09824807649212224,0.07809389382600784
5269,1919,lime,-0.3446741960942745,-0.061497751623392105,0.04664713144302368
5270,7799,lime,-0.5276339980291909,-0.0671593657983788,0.03077181801199913
5271,7684,lime,0.0531357504427433,-0.054180468618869784,0.2943350672721863
5272,9486,lime,-0.14043492784625605,-0.05001409116544222,0.18662257492542267
5273,5027,lime,-0.2237437857048852,-0.06936161060418401,0.12086369842290878
5274,8568,lime,-0.29857932291148853,-0.0741745438426733,0.07091612368822098
5275,5425,lime,-0.08737494289875031,-0.14677955627441405,0.16160370409488678
5276,2377,lime,-0.29019877397351795,-0.02373816388555699,0.01750532165169716
5277,6447,lime,-0.15707869731165744,-0.06432212751220774,0.03349343687295914
5278,8029,lime,-0.14728360408200666,-0.04076682917702083,0.009075965732336044
5279,3855,lime,-0.1007249616086483,-0.005579925718761626,0.2596625089645386
5280,5221,lime,0.6634233127037684,0.30684780279795326,0.9413498044013977
5281,5792,lime,-0.3491405560324589,-0.08178988623743257,0.020763253793120384
5282,3006,lime,-0.6582208390037219,-0.08970626940329869,0.06569238752126694
5283,8706,lime,-0.17348906273643175,-0.016650569521718554,0.1744423359632492
5284,2943,lime,-0.16158919293304969,-0.004933008859897482,0.10981892049312592
5285,2072,lime,0.31257467948157214,0.10641982277919507,0.7290654182434082
5286,3873,lime,0.22905206431945166,0.006847676634788513,0.4223073422908783
5287,9297,lime,0.12758811077345972,0.05371393133764681,0.40645790100097656
5288,9105,lime,-0.47239592327521396,-0.06184099055826664,0.03588585555553436
5289,7635,lime,0.5992090058597651,0.058438208970156585,0.9004901647567749
5290,5313,lime,-0.1771136477589607,-0.025996089354157446,0.01510999072343111
5291,9675,lime,-0.15357045982128534,0.015566964180041581,0.36398887634277344
5292,2075,lime,0.33792074359953406,0.120992860943079,0.8192225694656372
5293,7144,lime,0.1559706341761809,-0.054719459552031294,0.6553483605384827
5294,3928,lime,-0.18556389063596726,-0.13133924305438996,0.09327482432126999
5295,1393,lime,0.1342042716076741,-0.016123804908532362,0.4466409385204315
5296,263,lime,-0.2021106862179611,-0.0714349748323793,0.053059015423059464
5297,970,lime,-0.34821445286273955,-0.12633286833763122,0.17546716332435608
5298,5821,lime,-0.2745980474865064,-0.0280953564409477,0.0073525570333004
5299,8593,lime,-0.31618284501812677,-0.11018499704501168,0.035570353269577026
5300,4553,lime,-0.20536480797454715,-0.03946867732641598,0.031771354377269745
5301,1671,lime,0.525237440235085,0.2317594736814499,0.7887787222862244
5302,3118,lime,0.05409806018525904,-0.11940870772708546,0.5251915454864502
5303,4367,lime,-0.26692267121481045,-0.09143824476216521,0.090721994638443
5304,1760,lime,-0.19447780400514603,-0.07015320731119977,0.04233000427484512
5305,3412,lime,0.08156040717254985,-0.05041440373117274,0.414248526096344
5306,6066,lime,-0.3009628748728169,-0.0383969237682996,0.02400522492825985
5307,3616,lime,-0.21775900972459247,-0.047417159520966166,0.003942056559026241
5308,5874,lime,-0.21764153454984939,-0.05079300630660284,0.15074439346790314
5309,2189,lime,-0.24109593195759732,0.0021513515840406003,0.09765826910734177
5310,6071,lime,-0.20894363895058632,-0.18828178693850836,0.24541237950325012
5311,5148,lime,0.4872223136617857,0.2819473774117582,0.6817622184753418
5312,9064,lime,0.09803575028975804,-0.042827116118537054,0.4314616322517395
5313,8381,lime,-0.24395203155775866,-0.045231780140764184,0.0440385639667511
5314,3352,lime,-0.12574796254436174,-0.053222217286626496,0.02755170874297619
5315,799,lime,0.13451279007962771,0.05144143743174417,0.48398950695991516
5316,8656,lime,-0.383866123855114,-0.09583224218926932,0.03830326348543167
5317,7305,lime,0.3098546266555786,0.025500825643539428,0.8244568705558777
5318,7948,lime,-0.3333519201518761,-0.043096634611073464,0.013391515240073204
5319,7233,lime,-0.24549219054593283,-0.04457726435397159,0.021001538261771202
5320,2392,lime,-0.03943278350763851,0.05682256486680773,0.2796178460121155
5321,3443,lime,-0.3748324310614003,-0.08638136916690403,0.03493209928274155
5322,8558,lime,-0.06364866197109223,0.03702041357755661,0.25418126583099365
5323,5014,lime,-0.28068308702980477,-0.052639059528398015,0.01671198382973671
5324,4362,lime,0.3308838888218528,0.08688920736312866,0.7630528211593628
5325,8224,lime,0.18667808373769124,0.09340436160564422,0.6828593611717224
5326,6865,lime,-0.19222227204591036,-0.1077495517495733,0.027802204713225365
5327,7389,lime,-0.17907616970213977,-0.24894629418849945,0.18711738288402557
5328,303,lime,0.37080509901046754,0.2732135084271431,0.6459800004959106
5329,8398,lime,0.4489110937795123,0.2687918350503251,0.7705745100975037
5330,2907,lime,-0.12206069796922661,-0.057945729188975836,0.01626875437796116
5331,4619,lime,-0.35613256158928075,-0.047497906753172475,0.006322898901998997
5332,4765,lime,-0.003935661166906357,0.02270958572626114,0.32550325989723206
5333,3320,lime,0.09481010994603557,-0.024192528859261545,0.4129588007926941
5334,5298,lime,-0.2789190316815739,-0.09558738225504108,0.02145194076001644
5335,7927,lime,0.39526016637682915,0.2677219696342945,0.6660886406898499
5336,2348,lime,0.18876205597605025,-0.00032354039805276055,0.762557864189148
5337,4267,lime,0.3900557653657321,0.07928449275164769,0.7990903854370117
5338,9648,lime,0.2042014840990305,0.06584754213690758,0.7482415437698364
5339,3024,lime,0.23216066956520082,0.03392082005739212,0.4161510467529297
5340,1373,lime,-0.03781618891904751,-0.2782903431604306,0.10828769207000732
5341,7377,lime,0.023209745064377785,0.04190222918987274,0.4187258183956146
5342,9782,lime,-0.13243889063596725,0.013826325535774231,0.3392331600189209
5343,2771,lime,0.1737341574496693,0.22313757240772247,0.8126265406608582
5344,3,lime,-0.07428182698786259,-0.14261726886034012,0.3665105700492859
5345,2908,lime,-0.038872187820876515,-0.06814398707413091,0.46740657091140747
5346,3852,lime,0.10794115105741903,-0.04008312209656364,0.45493656396865845
5347,532,lime,0.1683684007117623,-0.11642636280310781,0.615926206111908
5348,7929,lime,0.0226676319584702,-0.03820802406831221,0.3879829943180084
5349,9423,lime,0.4033381817015735,0.06837183778936212,0.8177005648612976
5350,290,lime,-0.11601411283016205,-0.09969297349452973,0.16260182857513428
5351,3014,lime,0.05249900324270129,-0.0434216083958745,0.3795442581176758
5352,2874,lime,-0.10817630706649077,-0.13271876306910263,0.14766962826251984
5353,5146,lime,-0.1988014057278633,-0.0890543566395839,0.1552627980709076
5354,2221,lime,-0.19578690826892853,-0.1554620884358883,0.2016143947839737
5355,6958,lime,0.32742986517647904,0.028574667870998383,0.5701574683189392
5356,2997,lime,-0.16457801652806145,-0.07781942021101713,0.04953121021389961
5357,6729,lime,-0.2115653970092535,-0.04553445352241397,0.008972288109362125
5358,9159,lime,-0.3406798567842035,-0.052768091506817764,0.17841611802577972
5359,6175,lime,-0.2511592893688767,-0.18763160705566406,0.19265064597129822
5360,568,lime,-0.20903197900745377,-0.05685230029811119,0.016646595671772957
5361,5284,lime,-0.279740582111963,-0.018555251924797546,0.045839060097932816
5362,1107,lime,0.2095858497279031,0.09475282260349818,0.758317768573761
5363,135,lime,-0.13634584665298463,-0.10533281922340393,0.12590354681015015
5364,7828,lime,-0.38466215166928514,-0.01120759902655014,0.020876312628388405
5365,8709,lime,-0.1836950792109265,-0.03299349691609249,0.016713038086891174
5366,7998,lime,-0.3202246610413898,0.0068597530268810014,0.07914150506258011
5367,1087,lime,0.15964403222588933,0.0914797817959505,0.5357704162597656
5368,8291,lime,0.5669533046691314,0.10403613422227942,0.896889865398407
5369,2301,lime,-0.23720721036195755,-0.01088756337761879,0.050092391669750214
5370,4339,lime,-0.18453791444855078,-0.1249101704784802,0.170395627617836
5371,6851,lime,0.04968844850858053,0.01664636918792018,0.3925055265426636
5372,3047,lime,-0.2569747682660818,-0.05392345134168863,0.034153636544942856
5373,4130,lime,-0.4942581281065941,-0.14854864093164602,0.10439211875200272
5374,4521,lime,-0.2813960487643878,-0.09455032067166434,0.1764335334300995
5375,7538,lime,-0.051362634946902595,-0.09356563786665599,0.4434598982334137
5376,5473,lime,-0.37754931745843756,-0.03465056615985102,0.005708278622478247
5377,388,lime,0.44899937157568176,0.17855898173231827,0.7412835955619812
5378,4217,lime,0.44383725617080927,0.010110117495059967,0.7475380301475525
5379,2122,lime,-0.16392354046305022,-0.10826482810080051,0.03653205931186676
5380,1310,lime,-0.223997186921123,-0.07780110396237837,0.006404218729585409
5381,647,lime,0.09174225106835365,0.025405599176883696,0.5028367042541504
5382,6510,lime,-0.4150243410473003,-0.051060825353488326,0.0026651278603821993
5383,8040,lime,-0.20500813595329723,-0.1794948240276426,0.016112249344587326
5384,1183,lime,-0.15649298475667214,-0.03041470424795989,0.006948928348720074
5385,2859,lime,0.007964690430806233,-0.0961708867779145,0.1870996206998825
5386,7769,lime,-0.24719226432757246,-0.041536420920035906,0.004893041681498289
5387,8403,lime,0.25243593577076406,-0.0019250722492442412,0.49992257356643677
5388,7110,lime,-0.1294234267929021,-0.02690730575362549,0.04990537092089653
5389,5798,lime,-0.00503230607137084,0.000568050891160965,0.1734800934791565
5390,3128,lime,-0.1412476227783105,-0.04194194253753213,0.02637794427573681
5391,7197,lime,-0.07474268743625054,-0.23863285264143577,0.11003431677818298
5392,3148,lime,-0.130316424369812,-0.13175366044044495,0.11647744476795197
5393,510,lime,-0.18380493769312606,-0.12301649974987787,0.020307330414652824
5394,3059,lime,-0.08748211794429356,-0.13976465745104683,0.1722683161497116
5395,7940,lime,-0.25566815907756485,-0.011736644928654035,0.06781624257564545
5396,4049,lime,-0.20618006736040115,-0.0815427415072918,0.16113224625587463
5397,5875,lime,0.06282218578069107,0.019279877776684967,0.36936989426612854
5398,3859,lime,0.41405791193246844,-0.027344053983688353,0.775790274143219
5399,6849,lime,-0.29316551256924867,-0.039784679934382436,0.014884787611663342
5400,8149,lime,0.3653112412072145,0.010436516541701097,0.5806715488433838
5401,6260,lime,-0.16902266054049783,-0.19084735409073209,0.26756539940834045
5402,3312,lime,0.12131873008451964,0.11800482006449449,0.5156006813049316
5403,7866,lime,-0.0892353539283459,-0.20070138172461435,0.24110370874404907
5404,4201,lime,-0.009431816117708073,-0.009624521053114603,0.4674282371997833
5405,7652,lime,-0.24866555648093874,-0.027515693991021675,0.03659488260746002
5406,4273,lime,-0.014670443805781279,-0.1526425083478292,0.3246019184589386
5407,3181,lime,0.019003799328437217,-0.007578519674447866,0.4222126305103302
5408,3817,lime,0.04090669674751086,-0.22323670295568612,0.3791472315788269
5409,1880,lime,-0.21555736992094252,-0.09499514434072706,0.1556859165430069
5410,5350,lime,0.18488107427306796,0.04107347519501396,0.49084746837615967
5411,3615,lime,0.15172041912336606,0.2188844173341184,0.5541823506355286
5412,4058,lime,-0.04680526367155835,-0.0385002390248701,0.15394602715969086
5413,6915,lime,-0.3641715827915404,-0.030003630400945742,0.04219679906964302
5414,321,lime,0.14061100780963898,0.07772320508956909,0.6680099368095398
5415,4722,lime,0.06247209801393397,-0.08179533306290121,0.41292208433151245
5416,6422,lime,0.19636610539063162,0.14297647839007172,0.6547605395317078
5417,3295,lime,-0.04942129815326018,-0.0576275893870522,0.2608485221862793
5418,6421,lime,-0.13435998997267554,-0.1397569674779387,0.14809656143188477
5419,9330,lime,-0.14122080464536946,-0.05844641380632917,0.006920894142240286
5420,8138,lime,-0.142357298405841,-0.038467325270175934,0.2029205709695816
5421,3205,lime,-0.2636018665507436,-0.06375585558513801,0.008342038840055466
5422,2522,lime,0.3302819611770766,-0.0027029897485460553,0.5078630447387695
5423,6998,lime,-0.17648000226301305,-0.13270602517706506,0.0556359589099884
5424,5556,lime,0.14460321977024987,-0.011035168454760597,0.36902204155921936
5425,5938,lime,-0.04688704073429108,-0.011305713653564453,0.3204911947250366
5426,500,lime,-0.08223999622795317,-0.17526945140626696,0.370100736618042
5427,3000,lime,-0.16623447600163913,-0.07922441649593805,0.12666989862918854
5428,3555,lime,-0.2034326039857286,-0.07548964023590088,0.005347609985619783
5429,8612,lime,-0.2777846309666832,-0.037258250483622156,0.03690440207719803
5430,9249,lime,0.21071511010328928,0.09102951586246491,0.53188556432724
5431,3032,lime,-0.0553770845135053,0.021968289713064828,0.16035914421081543
5432,9705,lime,0.3804107813371552,-0.03671856555673811,0.6412362456321716
5433,330,lime,-0.07647196985781193,-0.287220673263073,0.19843491911888123
5434,3078,lime,0.01744300127029419,-0.007344372132245232,0.4178873300552368
5435,2018,lime,-0.21745756165020996,-0.02524987214969264,0.08387569338083267
5436,3274,lime,-0.055679837986826894,-0.1660684898495674,0.1897171586751938
5437,3233,lime,-0.45830374991609935,-0.12459808339675267,0.08861353248357773
5438,3387,lime,-0.2246474200310331,-0.047855867282123654,0.0002668421948328614
5439,144,lime,0.3644123102227847,0.1832607548545908,0.8152123093605042
5440,9742,lime,0.012674774560663436,0.014990189009242587,0.5500736236572266
5441,367,lime,-0.11381258629262447,-0.03986440412700176,0.12966300547122955
5442,8679,lime,-0.24269621695081392,-0.023521923770507176,0.1456797868013382
5443,4304,lime,-0.38743799995808376,-0.16603761432426317,0.0738111361861229
5444,7178,lime,-0.13728416309906885,0.038121507718012884,0.2657877802848816
5445,333,lime,-0.688182579819113,-0.11143411305206626,0.0022448129020631313
5446,518,lime,0.2266812017903878,0.07996258024985974,0.4412803649902344
5447,7040,lime,-0.22955976624507457,-0.11385760441771708,0.006370410323143005
5448,4229,lime,0.3716459073126316,0.18093603253364562,0.7407733798027039
5449,3833,lime,-0.30516158398240806,-0.054113953514024614,0.02034330926835537
5450,6058,lime,-0.10434113530551686,-0.19419631537269144,0.43563300371170044
5451,576,lime,-0.15000379753901677,-0.04085094591273981,0.015031280927360058
5452,4215,lime,0.2160320807444422,-0.02495952734821721,0.5733649730682373
5453,2758,lime,-0.24676312337844417,-0.04078640367310399,0.004482967313379049
5454,4756,lime,-0.40855939216587855,-0.07323450740912686,0.05211664363741875
5455,9000,lime,-0.20190416971842448,-0.08566366682449976,0.09554261714220047
5456,3813,lime,-0.25113809074867854,-0.09903066520663825,0.018762661144137383
5457,3045,lime,0.33322797442475954,0.03510275880495707,0.49227574467658997
5458,4047,lime,-0.33186210230702445,-0.04449481836387089,0.08657359331846237
5459,9094,lime,0.16694578249007463,0.008813807740807533,0.46498873829841614
5460,8181,lime,-0.28405839428305624,-0.026912891399115325,0.0994180291891098
5461,6309,lime,-0.12373320289232113,-0.004166493951170532,0.11395431309938431
5462,1479,lime,-0.20036439464560576,-0.12274152190158409,0.029923254624009132
5463,543,lime,-0.2937074977390725,-0.053461167062151024,0.029201088473200798
5464,1618,lime,-0.24420896112918855,-0.021700156778097154,0.048628658056259155
5465,9032,lime,0.5392861709450231,0.14270362709507797,0.8392838835716248
5466,7746,lime,-0.2081254799850285,-0.08303797105327249,0.012013139203190804
5467,6039,lime,-0.2776480056345463,-0.033106648744168604,0.0547005869448185
5468,7919,lime,-0.5334982910955494,-0.08960568024353548,0.024027487263083458
5469,7624,lime,-0.2594433605670929,-0.10077248650292556,0.03218035399913788
5470,9495,lime,-0.18500033393502235,-0.11359512619674206,0.4171644151210785
5471,8657,lime,0.0961283871105739,-0.10920475920041402,0.392701119184494
5472,7160,lime,-0.14689699099177406,-0.12403994727702368,0.12619172036647797
5473,2358,lime,-0.21685004313118184,-0.033979678669801124,0.020121054723858833
5474,8250,lime,-0.230390232648579,-0.022354111267739663,0.0017731875414028764
5475,1655,lime,-0.021117864921689034,-0.09498093277215958,0.2124847173690796
5476,6911,lime,-0.22202230361290276,-0.047777966799912974,0.004674671217799187
5477,1746,lime,0.1555022444576025,0.1573376588523388,0.6620699763298035
5478,5794,lime,-0.328432708663205,-0.0164369756596223,0.005703683476895094
5479,14,lime,0.31989073540483204,0.0768976282505762,0.5710968375205994
5480,1877,lime,-0.2139778258278966,-0.08226089730858803,0.014109996147453785
5481,7888,lime,-0.034876998691331776,-0.13644180056594668,0.20526881515979767
5482,8520,lime,0.05999586011829047,0.03594545763114403,0.35594889521598816
5483,6883,lime,-0.05215306952595711,0.0992197117635182,0.28186291456222534
5484,3761,lime,0.14844261950407273,-0.02830211856426337,0.492264986038208
5485,0,lime,-0.023040455248620775,-0.10722888730190418,0.4357873201370239
5486,6831,lime,-0.3740680405387172,-0.16023050469380837,0.3510061502456665
5487,7722,lime,0.06916069936367773,-0.16922352775450675,0.2945769727230072
5488,9630,lime,-0.27226670924574137,-0.04527971756954988,0.06866639107465744
5489,7672,lime,-0.26878049064959797,-0.05271655693650246,0.03134454786777496
5490,6568,lime,-0.061530529122267454,-0.13137382588216237,0.14033734798431396
5491,655,lime,-0.06295100102821986,-0.005372735982139905,0.1666376143693924
5492,9349,lime,-0.15074297728844815,-0.06865335726696584,0.00483818119391799
5493,4241,lime,-0.24610892468346998,-0.053553111564654574,0.017345597967505455
5494,3023,lime,-0.12121161193537869,-0.03914355315071972,0.006109780166298151
5495,1851,lime,0.1682560334080144,0.007635748700091713,0.6105474829673767
5496,349,lime,-0.03218826189123351,0.023337968978388555,0.24738675355911255
5497,6340,lime,0.15400931518524885,0.008736848831176758,0.5098487734794617
5498,1156,lime,0.033710440292077905,-0.12173175461152021,0.27929550409317017
5499,3017,lime,-0.10019155676875796,-0.02042968102863857,0.1408715844154358
5500,457,lime,0.2634635178939156,0.03394479336945907,0.7910329103469849
5501,2867,lime,-0.1454961049285802,-0.05738847330212593,0.42870235443115234
5502,5033,lime,0.23864220426632807,-0.01002445243872129,0.6780276298522949
5503,4622,lime,-0.04779465302177097,-0.11175794769888339,0.21266357600688934
5504,6329,lime,-0.1716042071580887,-0.19808577746152878,0.2821274399757385
5505,7081,lime,-0.16969686994949976,-0.06796611038347085,0.06359463930130005
5506,6786,lime,-0.2704953759908676,-0.05539344648520152,0.010641198605298996
5507,8458,lime,-0.22456287927925586,-0.05605702456086874,0.04596208035945892
5508,5206,lime,0.3544550799741978,0.14158689721328457,0.729332685470581
5509,6053,lime,-0.16334403357629118,-0.07484212530584171,0.035901401191949844
5510,131,lime,0.02630128656272535,-0.13699589724893924,0.22445830702781677
5511,3692,lime,-0.4125890456738749,-0.045836045955573876,0.0025436722207814455
5512,6192,lime,-0.19450505822896957,-0.06885260429519874,0.25670063495635986
5513,9523,lime,-0.1361840286451142,-0.022437967450880423,0.09408332407474518
5514,4587,lime,-0.031398509801537904,-0.09183814045455721,0.09424690157175064
5515,9818,lime,-0.17937063984572887,-0.010225124821505126,0.04872306063771248
5516,3235,lime,0.3614374374349912,0.0802903783818086,0.6959211826324463
5517,8641,lime,-0.2928833414002189,-0.06828286139560598,0.004867217969149351
5518,4879,lime,-0.1889717070651906,-0.03964286902919412,0.006866496056318283
5519,6854,lime,-0.1045402222446033,-0.0026746017592293877,0.20629441738128662
5520,8572,lime,0.05894785653799772,0.02691098488867283,0.32391101121902466
5521,3639,lime,-0.05250953882932663,-0.2004992025239127,0.2065764218568802
5522,7358,lime,0.3509650805900837,0.00856921950290943,0.848475456237793
5523,8826,lime,0.35684491228312254,0.18726396933197975,0.6115676760673523
5524,2303,lime,0.3368710164100893,-0.055876114676075596,0.6689764857292175
5525,7315,lime,0.2410460818430473,0.10497324682515242,0.7542608380317688
5526,5308,lime,-0.1892257495359941,-0.08289032446389849,0.04795151576399803
5527,6808,lime,-0.29789444470200044,-0.07362334006305399,0.027255138382315636
5528,9395,lime,-0.22939626988954842,-0.04543445699919875,0.0043520028702914715
5529,265,lime,-0.30292599380988144,-0.030126180459299812,0.025978950783610344
5530,4763,lime,-0.22068040538579226,-0.03195023748816715,0.009797750040888786
5531,9111,lime,-0.2093486903856198,-0.05997082722994188,0.03425786271691322
5532,6789,lime,0.27598505513742566,-0.08507415559142828,0.590389609336853
5533,4597,lime,0.42148677206465174,0.12222027938280787,0.9069997072219849
5534,2531,lime,-0.008840019122148171,-0.04987989786343697,0.1984277367591858
5535,4862,lime,-0.1636207312006842,-0.06257358323218244,0.03391021862626076
5536,7669,lime,0.24096600515277763,0.03147372289707786,0.412742555141449
5537,316,lime,-0.25115479872022806,-0.06855006834590122,0.019474787637591362
5538,1897,lime,0.17401479482650756,-0.08813785314559937,0.5879573225975037
5539,8860,lime,-0.17046808563172816,-0.20690539367496968,0.13643969595432281
5540,6407,lime,-0.1273785901462866,-0.050588291655811995,0.021667707711458206
5541,8231,lime,-0.30724042916999145,-0.3096945430426037,0.07200539857149124
5542,8521,lime,-0.42078257277607917,-0.2078916121274233,0.04329602047801018
5543,6112,lime,-0.1817341818370753,-0.07383852358907461,0.02430630661547184
5544,8128,lime,0.13503748131915927,-0.12642787769436836,0.325257271528244
5545,2039,lime,0.023364654845661588,-0.07732103599442376,0.3373856246471405
5546,103,lime,-0.2518865672441629,-0.032480316809736766,0.040164411067962646
5547,3297,lime,-0.18181810714304447,-0.048724859952926636,0.14388278126716614
5548,794,lime,-0.29441572377458214,-0.044866734510287644,0.005065251607447863
5549,5967,lime,-0.012632478247670567,-0.223701214965652,0.2622986137866974
5550,5332,lime,-0.219254253541722,-0.2986341877018704,0.06587687134742737
5551,8586,lime,0.12127990746184399,-0.0645174133150201,0.3674827516078949
5552,1658,lime,0.21801569277331942,-0.12117149006752741,0.5020164847373962
5553,3933,lime,-0.06436726383187553,-0.03840384135643641,0.13650541007518768
5554,6968,lime,-0.24293574463162157,-0.07295440965228611,0.015283593907952309
5555,9469,lime,0.03661265386187512,-0.00521859656209531,0.2501419186592102
5556,7854,lime,0.13519681079520118,-0.008953884243965149,0.4259766936302185
5557,3210,lime,-0.0611648503690958,0.010278366506099701,0.35003623366355896
5558,7012,lime,0.07122563136120637,-0.13333339989185333,0.5033076405525208
5559,9808,lime,0.06868881620466709,-0.03378727436065674,0.2762671113014221
5560,2973,lime,0.22762001109750649,0.03583475947380066,0.4803959131240845
5561,932,lime,-0.09683229386806488,-0.1369457232952118,0.4014349579811096
5562,6163,lime,0.3606679972849394,0.1746047578359905,0.915254533290863
5563,6432,lime,0.6595484209060669,0.2016539192199707,0.9745040535926819
5564,3497,lime,0.24864061375459034,0.029645381371180217,0.5456035137176514
5565,3202,lime,-0.21509458551950314,-0.20743536971071186,0.023343535140156746
5566,2611,lime,0.2656021783749262,0.1073284089565277,0.5247154831886292
5567,9631,lime,0.023845708072185515,-0.03606257110834122,0.22760845720767975
5568,567,lime,0.3098612006368308,0.026113641673120958,0.7236638069152832
5569,764,lime,-0.15163238312710414,-0.037525935154972656,0.04737846180796623
5570,4366,lime,-0.12328896721204122,-0.09838051448265711,0.15420879423618317
5571,8367,lime,0.30101778752663555,-0.013006320771049051,0.5428609848022461
5572,7360,lime,-0.13280802483980855,-0.037761151974943154,0.0016796797281131148
5573,1441,lime,-0.11107141656034134,0.004027834052548689,0.1873389631509781
5574,921,lime,0.2320953889025582,0.10188117457760705,0.6853117346763611
5575,8222,lime,0.3330946256007467,0.08131347809519086,0.8048217296600342
5576,1794,lime,-0.2959204511716962,-0.05846731464511582,0.02052241563796997
5577,3838,lime,-0.20533732697367668,-0.03268978678776572,0.03621654212474823
5578,3122,lime,-0.14589705942198633,-0.034022712125442924,0.006354974582791328
5579,6127,lime,-0.30176534295941776,-0.0817889800438514,0.008014657534658909
5580,6319,lime,-0.24040824994444848,-0.02973492406308651,0.029896698892116547
5581,2388,lime,0.2624026136472821,0.07768113352358341,0.47264033555984497
5582,4466,lime,0.22330300445141998,0.07238168431364972,0.5730688571929932
5583,4505,lime,-0.21559995651245117,0.0866019294410944,0.17343918979167938
5584,1606,lime,-0.18294516100507716,-0.08226358611136675,0.015103349462151527
5585,2147,lime,-0.4409187272764169,-0.20568859548522875,0.0615299828350544
5586,36,lime,0.43214129470288754,0.18573566973209382,0.7854849100112915
5587,9147,lime,0.06477412226654235,-0.15531216916583834,0.3181847929954529
5588,761,lime,-0.13077826862749847,-0.09326908543058064,0.12206654250621796
5589,5268,lime,-0.0989678087644279,-0.12077487213537097,0.20957669615745544
5590,3038,lime,-0.2515806463280959,-0.046859333208496015,0.019569529220461845
5591,5503,lime,-0.290191876845291,-0.029071043352954663,0.02058752067387104
5592,5228,lime,0.30657894549698667,0.07460835678824063,0.6258740425109863
5593,1623,lime,-0.22956308204194772,-0.4023239133150681,0.1446055918931961
5594,577,lime,-0.06884277951629723,-0.11404231168767985,0.10271941870450974
5595,6426,lime,-0.1837074001287592,0.043194071999911605,0.24971477687358856
5596,8087,lime,-0.23547645854322533,-0.06974765339768246,0.04205183684825897
5597,8536,lime,0.2671095855534077,0.08180039823055267,0.5814566612243652
5598,9564,lime,-0.37398959406548077,-0.048339608694530196,0.016003092750906944
5599,2232,lime,-0.5022372411830085,-0.18064698789800918,0.17972512543201447
5600,2319,lime,0.0009072892367839813,-0.17726147547364235,0.2017628252506256
5601,5707,lime,-0.5347890379898091,-0.07839570891983966,0.10721222311258316
5602,9690,lime,-0.2708314953209913,-0.05528994309513465,0.041275572031736374
5603,5306,lime,-0.16024096859128853,-0.016894348357853136,0.31226062774658203
5604,7938,lime,-0.026155686692187662,0.015810941395006682,0.3084762692451477
5605,2167,lime,-0.41816575012423773,-0.26047681678425183,0.32015353441238403
5606,637,lime,-0.24570094794034958,-0.12283404618501663,0.2369113713502884
5607,8668,lime,0.06348684787750244,-0.04830317556858063,0.26871800422668457
5608,5594,lime,-0.1264181302394718,-0.09462269082931536,0.012680405750870705
5609,6555,lime,-0.1359587320023113,-0.20438431948423386,0.14947444200515747
5610,8098,lime,-0.5293156065046787,-0.09774014176800846,0.03292248025536537
5611,47,lime,0.5349260182941661,0.11718738079071045,0.7709248065948486
5612,5505,lime,0.3250017820724419,0.02580713445232028,0.5557584762573242
5613,9196,lime,0.14501042950611848,0.0799960345029831,0.6326545476913452
5614,8416,lime,0.09748598255894401,-0.03813725168054754,0.49860090017318726
5615,4509,lime,-0.3245672108605504,-0.04479254344478249,0.013668186962604523
5616,2638,lime,0.3620251022717532,0.02810794290374307,0.7345981597900391
5617,8708,lime,-0.11238026656210423,-0.09460200704634189,0.08072798699140549
5618,8476,lime,-0.0693303949453614,-0.005773367529565638,0.15596148371696472
5619,3080,lime,-0.10287833909193675,-0.053108275930086775,0.15965570509433746
5620,2870,lime,-0.010759979486465454,-0.046483973041176796,0.26514989137649536
5621,2213,lime,-0.2554875367375858,-0.05233044075943968,0.010725773870944977
5622,6043,lime,-0.3509507916867733,-0.06283097262494267,0.046624600887298584
5623,3798,lime,0.09756788611412048,0.049151986837387085,0.5544701814651489
5624,7972,lime,0.02797313453629613,-0.07440788997337222,0.3260411322116852
5625,5739,lime,0.03530310075730085,-0.07069213390350342,0.27731963992118835
5626,4822,lime,0.03166872262954712,-0.036782252437928147,0.2577130198478699
5627,9067,lime,-0.2086214532610029,-0.0673859947710298,0.0405559204518795
5628,5799,lime,-0.26923140945533913,-0.15186118179311356,0.05296976864337921
5629,7482,lime,-0.28796091278394065,-0.03239601075959702,0.0036292579025030136
5630,2114,lime,0.3885880029201508,0.1493447732925415,0.6506621241569519
5631,1112,lime,-0.24283463979760805,-0.03834189524253209,0.03613762930035591
5632,8178,lime,0.13623357272666434,0.15925199117349542,0.4539547562599182
5633,3717,lime,0.2127375684001229,-0.005924957268165819,0.45997312664985657
5634,713,lime,0.09907006259475436,-0.007738313504627773,0.5046142339706421
5635,872,lime,0.007302177862988578,-0.1264259417851766,0.1816200613975525
5636,1149,lime,-0.18094154484570027,-0.2082045778632164,0.024432653561234474
5637,9299,lime,-0.26930479921400546,-0.026885843835771084,0.01383458636701107
5638,5663,lime,-0.24256473992552077,-0.06471602512257439,0.10040811449289322
5639,8167,lime,-0.0034344416289102462,-0.04169936052390507,0.3234998881816864
5640,3315,lime,0.07132894452661276,-0.07122630439698696,0.28692805767059326
5641,4588,lime,0.4589970227744844,0.044697344303131104,0.8715643286705017
5642,5098,lime,-0.26087805647403,-0.064807387907058,0.012968084774911404
5643,6077,lime,-0.16821943111717702,-0.04885297673754394,0.017991578206419945
5644,7966,lime,-0.22095130453817546,-0.052740561914106365,0.0013423408381640911
5645,1020,lime,-0.25715864822268486,-0.045203441492049024,0.012677907012403011
5646,4102,lime,0.28552473464916495,0.024194988197293776,0.8339940309524536
5647,5368,lime,0.39203561498568607,0.24888113141059875,0.8400371074676514
5648,6543,lime,0.05084042559409964,-0.019506876324785167,0.3431854844093323
5649,958,lime,-0.03366885284582774,-0.23855185012022653,0.14438126981258392
5650,3846,lime,0.21426244576772055,-0.12003244045707914,0.6196422576904297
5651,2748,lime,-0.2757174236809506,-0.11025014344383688,0.08493014425039291
5652,4710,lime,0.09804173026766096,0.05143716612032482,0.39144542813301086
5653,8279,lime,-0.2207554245367646,-0.06154596799363692,0.03442125394940376
5654,586,lime,-0.24017638992518187,-0.11902504031442934,0.03668462857604027
5655,1817,lime,0.2677633985877037,0.046433113515377045,0.5460230112075806
5656,782,lime,0.20108298708995184,-0.00840697685877482,0.38867396116256714
5657,8241,lime,0.07552312901525786,0.010280922055244446,0.3748607337474823
5658,335,lime,0.0979249467668326,0.014928978422413702,0.287555456161499
5659,3755,lime,-0.04375072568655014,-0.01420618932355534,0.2146470695734024
5660,2191,lime,0.005187996170100044,0.009618077208014095,0.28419771790504456
5661,9214,lime,-0.010475870399248032,-0.05856278041998545,0.2691485285758972
5662,5205,lime,-0.20280943399197177,-0.1253516732862121,0.0575362853705883
5663,6073,lime,-0.33350905935679165,-0.04876116117728608,0.08396565914154053
5664,23,lime,-0.35849665412131476,-0.11798910051584244,0.11261492222547531
5665,4923,lime,-0.3216812332325122,-0.20034347233526847,0.061021383851766586
5666,4556,lime,-0.16272384259435865,-0.06379016737143199,0.24860934913158417
5667,2012,lime,-0.017725257919384882,0.0037019441907222453,0.35563814640045166
5668,381,lime,-0.07091482219596704,-0.05858816988766193,0.037967659533023834
5669,3127,lime,0.009054127614945173,-0.07231646683067083,0.21845991909503937
5670,6398,lime,0.17586970329284668,-0.04397291486913508,0.6630389094352722
5671,1981,lime,-0.23038173719708407,-0.04817055455142898,0.005394446663558483
5672,3095,lime,-0.43189858804073405,-0.09476913037874243,0.011352366767823696
5673,6758,lime,-0.24422684076125734,-0.03349710266047623,0.0064395093359053135
5674,2025,lime,0.4265292594830195,0.08047567009925842,0.6416126489639282
5675,9398,lime,-0.19283247059074177,-0.040370698874432814,0.0017090571345761418
5676,5100,lime,-0.2464109573047608,-0.04272773003322072,0.00658273184671998
5677,3526,lime,-0.31625285982671714,-0.04181277979579237,0.015641329810023308
5678,7532,lime,0.3361622939507167,0.16196741518520175,0.6270502209663391
5679,3007,lime,0.11570020585224547,-0.12029258495774763,0.5438830256462097
5680,1084,lime,0.11120601305190254,0.21193076144246495,0.5655570030212402
5681,9837,lime,0.052905207982769716,-0.016717756787935894,0.5440959930419922
5682,9258,lime,-0.41118166347344715,-0.24442513145151593,0.17261384427547455
5683,4503,lime,-0.10522235743701458,-0.24799321591854095,0.10641404986381531
5684,1575,lime,0.31435850309208035,0.022239964455366135,0.7099810838699341
5685,3091,lime,0.338469664255778,0.12833306590716045,0.8751144409179688
5686,2484,lime,-0.26383711732923987,-0.04198860861361027,0.06483732908964157
5687,4489,lime,0.019276128993147894,-0.20730613455885932,0.3395431935787201
5688,5070,lime,-0.32104818150401115,-0.04030732484534383,0.07770730555057526
5689,5669,lime,0.5175850932244901,0.31837946397286876,0.7978162169456482
5690,2138,lime,-0.13455928991670194,-0.14770144159379212,0.143035426735878
5691,6580,lime,-0.2723810683403696,-0.053334767797163556,0.009570155292749405
5692,2516,lime,-0.2547499297186732,-0.04512589499354362,0.041411060839891434
5693,9154,lime,0.17267643928527832,-0.04621622085571289,0.4071199893951416
5694,5456,lime,-0.1852715660241388,-0.026941694668494165,0.002542091067880392
5695,3433,lime,0.10218801626972124,-0.03470462385345908,0.3196968138217926
5696,3989,lime,-0.28487413298959535,-0.057972407796316676,0.01318898145109415
5697,7422,lime,-0.09909444205138994,-0.17373218225396198,0.1537180244922638
5698,5009,lime,0.10754117421035109,-0.07549031027432146,0.4265684187412262
5699,1458,lime,-0.05456326752901077,-0.06118172456820806,0.3032118082046509
5700,952,lime,-0.2941616346890276,-0.1378225778991526,0.12776044011116028
5701,9718,lime,0.07154961949900578,-0.15139829955602946,0.5182509422302246
5702,960,lime,-0.22327329767377754,0.0951738428128393,0.4196206331253052
5703,7273,lime,0.17670349404215813,0.053954750299453735,0.4810295104980469
5704,765,lime,-0.022760494146496058,0.1362455713097006,0.36835235357284546
5705,8316,lime,-0.17411056766286492,0.01867381506599486,0.18489451706409454
5706,3400,lime,-0.06258805758423275,-0.03782228918539153,0.1176433265209198
5707,2316,lime,0.006750956855036996,0.003275892273946242,0.288962185382843
5708,9465,lime,0.44783001065254213,0.07604372143745422,0.820496678352356
5709,9346,lime,0.4513374338192599,0.1433890632220677,0.672723114490509
5710,7835,lime,0.18788430392742156,0.10824991911649703,0.7621870636940002
5711,4032,lime,0.39301693042119346,0.11655709147453308,0.9373722672462463
5712,2029,lime,0.03864224113169171,-0.045621364953972045,0.39454779028892517
5713,4718,lime,0.042852722108364105,-0.07423143927007914,0.2714459002017975
5714,286,lime,0.40674571422013367,0.06591147455302152,0.9934485554695129
5715,908,lime,0.16508736198439317,0.016809002879787895,0.5397204756736755
5716,1482,lime,0.04721897908232429,-0.056674934246323326,0.27223533391952515
5717,9660,lime,-0.330620214343071,-0.09493225067853928,0.20938125252723694
5718,4712,lime,-0.07519585639238358,-0.08888782631783258,0.13058507442474365
5719,2133,lime,-0.27113148625940087,-0.1141533387824893,0.018274979665875435
5720,9608,lime,-0.23398663401603698,-0.18322323461373646,0.14981146156787872
5721,9774,lime,-0.07394438460469246,0.002444479614496231,0.2365657389163971
5722,9211,lime,-0.23693780060857533,-0.04585752288500468,0.011182229034602642
5723,563,lime,-0.1737015865257253,-0.040119655997208924,0.014900797978043556
5724,291,lime,-0.03457197546958923,-0.20579960303647177,0.47393664717674255
5725,1713,lime,-0.3027449991657502,-0.08336960330295067,0.006420265417546034
5726,4012,lime,-0.3450583182275295,-0.039056786602096896,0.016706986352801323
5727,8922,lime,0.2202893476933241,0.013355454429984093,0.512001097202301
5728,169,lime,-0.1916393444818609,-0.025506138582439983,0.0672108381986618
5729,267,lime,0.09381293279655052,-0.12779056935599356,0.2784288823604584
5730,9144,lime,-0.3765512724717458,-0.06043122013409932,0.01849137246608734
5731,3172,lime,0.007997818291187286,0.04671512171626091,0.39240676164627075
5732,2286,lime,-0.2622140991416844,-0.07464560967954723,0.10193856060504913
5733,315,lime,-0.006097286230041867,-0.09797367453575134,0.32508882880210876
5734,8046,lime,-0.2646039573786159,-0.07009658772343148,0.011098308488726616
5735,8822,lime,0.5002555075016889,0.34072556075724686,0.749055027961731
5736,245,lime,0.24234174999097982,-0.014256471147139868,0.4636363685131073
5737,5186,lime,0.03178535867482424,-0.11996914073824883,0.3448076844215393
5738,5421,lime,0.23366990906220894,-0.013460165924496122,0.4596599042415619
5739,6065,lime,-0.14125035800363706,-0.08032799965661505,0.09551749378442764
5740,50,lime,0.23185683744294303,0.041178194965635025,0.5483059287071228
5741,3021,lime,-0.25057564011464517,-0.09764402632912,0.0344432108104229
5742,7028,lime,-0.09876401446483753,-0.10109053221013811,0.3482997715473175
5743,1372,lime,-0.2251895625482906,-0.07127357951619408,0.2596820592880249
5744,4176,lime,-0.1112115353345871,-0.04795374386012554,0.17343220114707947
5745,2470,lime,-0.1623916455012347,-0.0585645872301289,0.00725655909627676
5746,8000,lime,0.29405719637870786,0.08035728732744853,0.7493796348571777
5747,6156,lime,-0.30873381067067385,-0.06190804543439299,0.01881452091038227
5748,1498,lime,-0.2319897598138562,-0.12337668184880857,0.09309433400630951
5749,5868,lime,-0.22509507752127117,-0.02831054199486971,0.05912746861577034
5750,1963,lime,0.06544967666268349,0.2735473046079278,0.45506834983825684
5751,248,lime,0.1217082254588604,-0.09713843315839768,0.3336604833602905
5752,4771,lime,0.10227054712318238,0.07927041394369942,0.5750445127487183
5753,1277,lime,0.10444624546696157,0.15390655748984394,0.619950532913208
5754,4905,lime,-0.15057903990663332,-0.02996898982031592,0.24206717312335968
5755,8025,lime,-0.35759770834729787,-0.17999141166607538,0.08232808858156204
5756,2110,lime,-0.05548643320798874,0.08604164173205693,0.5030661821365356
5757,9776,lime,0.40098767294999094,0.07699442486609182,0.7856916785240173
5758,2945,lime,0.3144409731030464,0.11170799533526103,0.6487014889717102
5759,6249,lime,-0.2618647107952519,-0.10929409375316218,0.15569588541984558
5760,7023,lime,-0.19229783279740292,-0.04357268240140832,0.005492150783538818
5761,795,lime,0.028740183760722477,-0.16404162471493086,0.41557133197784424
5762,9717,lime,-0.2836620325843493,-0.04875975822408994,0.12686966359615326
5763,7908,lime,-0.14539906488997595,-0.2768197203321116,0.14366397261619568
5764,5371,lime,-0.20281966734263632,0.012694584257486794,0.10620340704917908
5765,9655,lime,-0.14176550846208225,-0.21133925596421416,0.05856282263994217
5766,447,lime,-0.24837360447593804,-0.06355746148218369,0.019516216591000557
5767,2968,lime,-0.15687062787382225,-0.00980598984384223,0.048845671117305756
5768,2152,lime,0.09031980905843817,0.06331840934960739,0.4681960642337799
5769,7838,lime,-0.46358247392851376,-0.18218165862819422,0.0385376438498497
5770,4852,lime,-0.00997813418507576,0.001354580745100975,0.20599697530269623
5771,5157,lime,-0.10021787550714281,-0.3017136134483196,0.412262886762619
5772,683,lime,0.22095639050006866,0.10911764800548554,0.7792206406593323
5773,8118,lime,-0.19918890078278148,-0.012371357639922816,0.06082053855061531
5774,6681,lime,-0.5387930892407894,-0.2571175046265125,0.027975384145975113
5775,5741,lime,-0.030544122060139973,-0.09604879220326741,0.271180659532547
5776,1488,lime,-0.22527235746383667,-0.01189425891559375,0.0452314168214798
5777,3077,lime,-0.15777375284702547,-0.05416094223337789,0.1590126007795334
5778,3905,lime,-0.19785812978700892,-0.06415730414957535,0.02138281986117363
5779,8594,lime,-0.3481339893557809,-0.05522440136833624,0.09932880103588104
5780,318,lime,-0.34776489941343186,-0.03251771809112641,0.04363894835114479
5781,856,lime,0.04883886575698852,-0.0573510671655337,0.2540927231311798
5782,7743,lime,-0.37444866422949163,-0.029577522827633495,0.07442079484462738
5783,2770,lime,-0.13532596017633167,-0.046505108502294334,0.01965063437819481
5784,3566,lime,-0.3910171354518217,-0.11195875507067232,0.03157947212457657
5785,376,lime,-0.005405829953295844,0.03353376580136163,0.3191399574279785
5786,410,lime,-0.10516036301851273,-0.14403950257433784,0.14707645773887634
5787,2405,lime,0.2442197985947132,0.005233609676361084,0.5692591667175293
5788,3776,lime,-0.32018246228496233,-0.06515582191447417,0.02185065671801567
5789,3946,lime,0.449854859461387,0.20554381277826098,0.6866202354431152
5790,1111,lime,-0.0850262881389686,-0.04509132036140987,0.11384977400302887
5791,7660,lime,0.11238430058344817,0.1968812862267861,0.6148086786270142
5792,8001,lime,-0.11845636554062366,-0.21235459404332296,0.074343241751194
5793,2288,lime,-0.2137656512537173,-0.05325789307244122,0.029039278626441956
5794,2127,lime,0.2171708151050236,0.09012470556342084,0.49115344882011414
5795,5581,lime,-0.1739566596224904,-0.07341440910330185,0.01503793429583311
5796,8256,lime,0.09094228308934432,0.10812334830944355,0.6745533347129822
5797,6751,lime,-0.1101564991287887,-0.09655667766928673,0.05247730761766434
5798,9399,lime,-0.18969660023084053,-0.21224795883664718,0.1052628681063652
5799,2233,lime,-0.25154132725959966,-0.0510628559578467,0.0031137189362198114
5800,5550,lime,-0.18615781888365746,0.03352286177687347,0.15413615107536316
5801,274,lime,-0.4602474130403537,-0.04749055984071814,0.016693508252501488
5802,2344,lime,-0.1358471030369401,-0.04766799882054329,0.05486561357975006
5803,1568,lime,0.28918812359156815,0.014725370251614115,0.6346242427825928
5804,3133,lime,-0.1435507693977067,-0.026758955283598465,0.2367822229862213
5805,6178,lime,-0.004325754502240349,-0.03981903458342833,0.2207033783197403
5806,7955,lime,-0.1680120404344052,-0.022187566035427153,0.04655905067920685
5807,7820,lime,-0.26994034558534624,-0.02841871488839388,0.03791545704007149
5808,9415,lime,-0.16684751212596893,-0.03506653617929529,0.22204652428627014
5809,2574,lime,-0.04207328535043276,-0.17916970298840448,0.23711691796779633
5810,965,lime,0.5147221386432648,0.14751547947525978,0.8059965968132019
5811,2291,lime,0.5026679830625653,0.15471445644895235,0.651631772518158
5812,5375,lime,-0.12704683343569437,0.04735855913410584,0.24746882915496826
5813,6670,lime,-0.4365441667891684,-0.13264712620349156,0.06641469150781631
5814,8955,lime,-0.12491215323960339,-0.04861513083731687,0.16458193957805634
5815,8059,lime,-0.33942871808540076,-0.06691166298696771,0.011133963242173195
5816,2755,lime,-0.1899868113299211,-0.005722257877803511,0.13641993701457977
5817,4474,lime,0.26131367623806,0.028401280641555785,0.7257764339447021
5818,3910,lime,-0.263626217709056,-0.036271513938637714,0.014457088895142078
5819,2002,lime,0.3853938474374659,0.15438891421346104,0.8516564965248108
5820,4794,lime,-0.32954590235437664,-0.013861489437875293,0.1075531542301178
5821,8644,lime,0.07522763150769311,-0.02250771063405114,0.546720564365387
5822,6394,lime,0.03664213825355877,-0.005290307781913064,0.41807031631469727
5823,5339,lime,-0.03126547679952953,0.034264965225820954,0.24166259169578552
5824,1730,lime,-0.24560640885863663,-0.038648678218278124,0.019138842821121216
5825,2360,lime,0.41478728367523715,0.11195395480502736,0.7268270254135132
5826,9379,lime,-0.06577378511428833,-0.10270218018974576,0.2394772171974182
5827,9058,lime,-0.07397893857624796,-0.11253028197420968,0.1518542319536209
5828,9028,lime,-0.0858528142174085,0.009928364927570025,0.45247936248779297
5829,7579,lime,0.24080447784878992,0.045781993053176186,0.5479905605316162
5830,6428,lime,0.0486284729681517,-0.05741727665850991,0.5771923661231995
5831,1068,lime,-0.26720456622148814,-0.18026208799136312,0.050804540514945984
5832,5337,lime,-0.1278953172943809,-0.16354291141033173,0.1968742460012436
5833,1071,lime,-0.09695053038497765,-0.03898203497131666,0.1968740075826645
5834,9456,lime,-0.04334795971711477,-0.11139744023482005,0.17924535274505615
5835,5020,lime,-0.01665668748319149,0.09983663633465767,0.5162355303764343
5836,2115,lime,-0.19869916141033173,-0.022822180452446144,0.07817044854164124
5837,5910,lime,0.2617489282161959,0.26844420067725644,0.8420286774635315
5838,8448,lime,-0.22101030690329415,-0.043262163868972234,0.1305079609155655
5839,3132,lime,-0.15843639484253422,-0.0593474018869215,0.03241626173257828
5840,7703,lime,-0.0416172585066627,-0.031748243991066426,0.18602986633777618
5841,474,lime,-0.41694834957952087,-0.3096798891606538,0.14456066489219666
5842,8441,lime,0.29033709104572025,0.1735807220850672,0.5526292324066162
5843,7584,lime,-0.20193516923800894,-0.040039455371075554,0.006723271682858467
5844,3085,lime,0.019997054791968803,-0.07966720993104189,0.266539603471756
5845,8856,lime,0.22344742786316646,-0.038423177741822745,0.6968699097633362
5846,5936,lime,0.14129701405763626,-0.016957757472991945,0.3769429326057434
5847,3397,lime,-0.3770406054488073,-0.043613551320352904,0.0035164637956768274
5848,4309,lime,-0.3002453227305696,-0.04365007410801593,0.027501652017235756
5849,6169,lime,-0.23748766565695406,-0.13449352253228425,0.03806060925126076
5850,3693,lime,-0.14610163519779842,-0.2473743125796318,0.10533758252859116
5851,1691,lime,0.21766415851957657,-0.0007313998306498808,0.6891828775405884
5852,4333,lime,0.2212349379865023,0.12538781246313682,0.40692344307899475
5853,9574,lime,0.40912296026945116,0.2671489367882411,0.7678642272949219
5854,8619,lime,-0.15282746707089245,-0.02291704049067838,0.009747061878442764
5855,6832,lime,0.1733969118107449,0.0611990283836018,0.8185045123100281
5856,3795,lime,0.514926511206125,0.0693697003941787,0.8808630108833313
5857,4649,lime,-0.02779494598507881,-0.11070151946374349,0.18496564030647278
5858,9226,lime,-0.1327402028772566,-0.07721882230705684,0.1652539223432541
5859,7372,lime,-0.02342012370454854,-0.029535099350172896,0.2298153042793274
5860,4929,lime,-0.25985145255138997,-0.03001037210618195,0.019816726446151733
5861,4233,lime,0.09448000937700271,-0.09606539458036423,0.4646453559398651
5862,1145,lime,0.25722520159823553,0.03840925863810948,0.5470249652862549
5863,3111,lime,-0.38079572337515216,-0.07001429336035953,0.07171812653541565
5864,8737,lime,-0.046331346744582766,-0.08517660555385408,0.4545203745365143
5865,2592,lime,-0.009441259716238295,0.03690654571567263,0.33851659297943115
5866,9142,lime,-0.09466927219182253,-0.047174956649541855,0.3143974840641022
5867,624,lime,-0.37719196975231173,-0.06013166680932045,0.27170681953430176
5868,9043,lime,-0.1610811819371424,0.017600825154467634,0.08716792613267899
5869,3283,lime,-0.2398507354987992,-0.028520390391349792,0.15887796878814697
5870,6341,lime,-0.2942373446964969,-0.03181508378280948,0.0018437437247484922
5871,7522,lime,-0.30929276886347096,-0.04253022759956749,0.026707712560892105
5872,9585,lime,-0.09874698758125305,-0.08777586579322814,0.26601240038871765
5873,7440,lime,-1.3207586912008432e-05,0.05277745669277815,0.33558496832847595
5874,668,lime,0.07430505880287715,-0.06868855570043836,0.45657870173454285
5875,6750,lime,0.26652928923859315,-0.03927190163556267,0.5023205280303955
5876,5165,lime,0.21904314767855865,0.09533143845888284,0.5489365458488464
5877,5279,lime,-0.16848453222995713,-0.07007376281988054,0.06314520537853241
5878,582,lime,-0.06235642731189728,0.05006346768803067,0.3109036684036255
5879,3945,lime,-0.1845828899078899,-0.2761616185307503,0.16904138028621674
5880,7688,lime,0.24161923286460696,0.1365985217548552,0.7455470561981201
5881,7614,lime,-0.16558259601394335,-0.004254349817832311,0.17802466452121735
5882,1208,lime,-0.0057932108640670775,-0.029664233699440955,0.24863244593143463
5883,7944,lime,0.014003463555127382,-0.020902162417769432,0.35907232761383057
5884,5030,lime,-0.19945876114070415,-0.0016389539232477546,0.08599187433719635
5885,76,lime,-0.2577183317731727,-0.10136784223670309,0.03926362469792366
5886,6693,lime,-0.14492925804327517,-0.023079330594662356,0.04063529521226883
5887,9478,lime,0.0739335611462593,0.02708328515291214,0.28569668531417847
5888,9464,lime,-0.10047040476153295,-0.03341104338566462,0.08673493564128876
5889,1175,lime,0.1760338959949357,0.04009929937975747,0.4329560399055481
5890,592,lime,-0.2773647587746382,-0.07989542117963234,0.011291122063994408
5891,3774,lime,-0.08462407778609883,-0.045348444445566696,0.21661542356014252
5892,5676,lime,0.020916483231953213,0.08166237867304257,0.26615139842033386
5893,7362,lime,0.005582327644030253,-0.041571651895840965,0.4216432571411133
5894,1470,lime,-0.15931089371442794,-0.02896658480167389,0.06417886912822723
5895,705,lime,0.14448833366235098,0.04204574227333069,0.3682469427585602
5896,1688,lime,0.07696608399472586,0.009771395020368622,0.49570244550704956
5897,4828,lime,0.19754747916822848,0.03990225169969642,0.6771953105926514
5898,5386,lime,0.04825694113969803,-0.01973474444821477,0.15134374797344208
5899,4564,lime,0.3790537824756221,0.02319308644846866,0.6195475459098816
5900,7450,lime,0.32796637767127584,0.06995663898331779,0.6627421379089355
5901,9324,lime,0.21444763463956337,0.1046918476069415,0.4986462891101837
5902,4747,lime,0.19532515892857,0.006167383570420115,0.3887168765068054
5903,4303,lime,0.2925417721271515,0.00995127808663153,0.5729836821556091
5904,6460,lime,-0.20355844892123165,-0.062278653440230036,0.0350336916744709
5905,6239,lime,-0.3219019548200509,-0.07288181343499352,0.020630361512303352
5906,7766,lime,-0.08555768926938374,-0.035826769967873894,0.2531837522983551
5907,6739,lime,0.4929704706777226,0.1411248188127171,0.9125749468803406
5908,8336,lime,-0.23386256459967367,-0.023621878969216987,0.01252287719398737
5909,3464,lime,-0.24644152829423546,-0.036015869025141,0.020815972238779068
5910,1509,lime,0.10706700384616852,-0.004644356966018677,0.4367104172706604
5911,4978,lime,-0.2630835639372949,-0.08171924804487536,0.08316656202077866
5912,6008,lime,0.004289262824588352,-0.1688370688094033,0.28783729672431946
5913,5730,lime,-0.14673632276909693,-0.08710916872535433,0.21123531460762024
5914,8334,lime,-0.2285719315210978,-0.016009580447442003,0.09153387695550919
5915,4883,lime,-0.20064712986350058,-0.03295238763093948,0.07234881073236465
5916,9740,lime,-0.14897447709853834,-0.03594834443468314,0.08142296969890594
5917,3299,lime,-0.31279645456622046,-0.18049119785428047,0.041241515427827835
5918,594,lime,0.3658941697191309,0.16699565395160956,0.8378943800926208
5919,5521,lime,-0.1507808193564415,0.011612033238634467,0.09512393176555634
5920,6867,lime,0.24013348826856323,0.013116583679661606,0.5447244048118591
5921,7999,lime,-0.208781517687298,0.010731156738031478,0.0812896266579628
5922,7073,lime,0.24548476272159153,0.035328795512517296,0.499752402305603
5923,2876,lime,-0.1417217567563057,-0.05131710171699524,0.04552484303712845
5924,5595,lime,-0.08281649219302031,-0.030957243476922695,0.05438673496246338
5925,8508,lime,-0.0710959540946143,-0.016905712939444043,0.2009071409702301
5926,9525,lime,0.17709374709709272,-0.05444948254404841,0.49847882986068726
5927,4335,lime,-0.3147544230406101,-0.04851579909714369,0.1951596885919571
5928,4540,lime,-0.12948678965093913,-0.054093769372061444,0.025074129924178123
5929,10,lime,-0.05870008234072615,-0.044884604367393034,0.027185779064893723
5930,8757,lime,-0.28192818955038534,-0.035993079908869484,0.042473603039979935
5931,1217,lime,0.33825792786147857,0.04490952856010861,0.6862500309944153
5932,1224,lime,0.287910600071368,0.11902176815530528,0.5966187715530396
5933,3206,lime,0.4031078703701496,0.1950664333999157,0.7822200655937195
5934,93,lime,-0.22478748793187348,-0.3155174540436786,0.2599893808364868
5935,8057,lime,0.35779392421245576,0.05972168701035636,0.724498987197876
5936,2455,lime,-0.0528098541227254,-0.15139407122677023,0.20654332637786865
5937,1247,lime,0.20315531057280464,-0.015531034485713855,0.4373481869697571
5938,2251,lime,-0.1476696857975589,-0.005878038704395294,0.2536233067512512
5939,6380,lime,0.4730064187731062,0.06365490811211723,0.9104214906692505
5940,4708,lime,-0.15163429620964775,-0.06324399493891618,0.09354972094297409
5941,7864,lime,0.04364633513614535,0.06727632414549589,0.280953586101532
5942,3916,lime,-0.2877144055331455,-0.14367721054483862,0.06666555255651474
5943,3105,lime,-0.11567157258590062,-0.006854324912031491,0.2776140868663788
5944,292,lime,0.22550560589189883,0.04534870606881601,0.5047809481620789
5945,7616,lime,0.05565430082025982,-0.04680931781019483,0.30551448464393616
5946,2083,lime,-0.25810022577643393,-0.056104383843817884,0.0027289893478155136
5947,4381,lime,0.006505475689967473,-0.1966039768109719,0.2532111704349518
5948,4291,lime,-0.21153804232017137,-0.0869819194849697,0.0006939857848919928
5949,5404,lime,-0.3543726696074009,-0.10114857837557793,0.04429818317294121
5950,6637,lime,-0.17908157349417084,-0.2048906854500896,0.0610787607729435
5951,1090,lime,-0.2881133612793158,-0.06046938452431384,0.013832137919962406
5952,8570,lime,-0.23340432904660702,-0.00924687591032125,0.03692464530467987
5953,6206,lime,0.20717909473639268,-0.0007068537748776949,0.837340772151947
5954,6843,lime,0.28706923872232437,0.10438750413331119,0.82193922996521
5955,1078,lime,0.04316476075088277,0.10269374268896439,0.40094926953315735
5956,1188,lime,0.2638992816209793,0.021532572507858276,0.6987248063087463
5957,3984,lime,0.07992965203744394,0.09611710988812977,0.34940752387046814
5958,1369,lime,0.16274460472843863,-0.11528138545426456,0.4657645523548126
5959,8348,lime,0.23564127992306436,-0.09276384647403445,0.5228691101074219
5960,5987,lime,0.075862295627594,0.016764249801635742,0.3508223593235016
5961,1599,lime,-0.05394402434748988,-0.1802520651009775,0.25718140602111816
5962,4573,lime,-0.22988098859786987,-0.10116850625237693,0.03849129378795624
5963,5173,lime,-0.26702455746439785,-0.0626892804956207,0.022260218858718872
5964,6459,lime,0.14837772481971317,0.13343515909380382,0.5419925451278687
5965,4404,lime,0.6421101547777652,0.2001641348004341,0.871831476688385
5966,7585,lime,0.33872269259558785,0.076463735765881,0.7853783965110779
5967,8225,lime,0.22444893713250305,-0.06828953370903477,0.49477246403694153
5968,4209,lime,-0.2451365850865841,-0.04379719570279121,0.09496945142745972
5969,1418,lime,-0.2772926234419605,-0.047444835611570035,0.00363340531475842
5970,3309,lime,-0.33727424405515194,-0.05670168197580746,0.08713539689779282
5971,9362,lime,-0.14517592177504585,-0.15864551067352295,0.20156258344650269
5972,6492,lime,0.3070947006344795,-0.04723744094371796,0.6334680318832397
5973,7841,lime,0.017143001779913902,-0.009513786683479944,0.21792639791965485
5974,3037,lime,-0.21243888340317285,-0.06765399679828149,0.022792277857661247
5975,1825,lime,-0.27839639397958915,-0.08729211085786422,0.011447384022176266
5976,3842,lime,0.04765999192992846,0.052341001108288765,0.2815951406955719
5977,4522,lime,-0.27516201433415216,-0.08110205134532104,0.02515004761517048
5978,1569,lime,-0.07808647056420644,-0.19097981229424477,0.32597413659095764
5979,1261,lime,-0.2945106867700815,-0.126563617028296,0.06865252554416656
5980,4918,lime,-0.31382456138222053,-0.0394436340271072,0.005592189263552427
5981,5273,lime,-0.15725799175825986,-0.08554671704769135,0.21457864344120026
5982,2478,lime,-0.28028943022026825,-0.06385693533689175,0.013948235660791397
5983,5795,lime,-0.17597891173015037,-0.020726106750468414,0.2123974859714508
5984,6864,lime,0.1117132043838501,0.04617453098297119,0.563147783279419
5985,1616,lime,-0.0219484547773997,0.0068497806787490845,0.46613654494285583
5986,6913,lime,0.21438344120979308,-0.04774903893470764,0.46745431423187256
5987,2236,lime,-0.1860110337805489,0.0063586401874604435,0.13544297218322754
5988,7618,lime,-0.3230498810024822,-0.07573121742290609,0.032556626945734024
5989,5447,lime,-0.2481602311062698,-0.029314032182670556,0.011950116604566574
5990,5554,lime,0.43724272443967704,0.07455183477962718,0.8664960265159607
5991,7212,lime,0.06638951599597931,-0.05017907066004617,0.3628862798213959
5992,7352,lime,-0.2594352351874113,-0.046573834754526616,0.01958017237484455
5993,2533,lime,-0.0463787306827016,0.02194049554627116,0.13581806421279907
5994,5950,lime,-0.04287525295064999,-0.13144262364277473,0.1297478824853897
5995,7947,lime,-0.15743391923606395,-0.016712944954633713,0.09390699118375778
5996,2689,lime,0.34887485454479855,0.1413912938700782,0.7710322737693787
5997,3110,lime,-0.03861320706514212,-0.054987078675856955,0.338333398103714
5998,4397,lime,0.06490902423858642,-0.08654820561408996,0.5574133396148682
5999,2935,lime,-0.0425912489493688,0.03579370304942131,0.5315331220626831
6000,9632,kernelshap,0.35544855204912335,0.053986732776348405,0.892997145652771
6001,9282,kernelshap,-0.21189100412946,-0.08150893959559892,0.04984396696090698
6002,106,kernelshap,-0.11390710405765041,-0.20485194123560382,0.1666150838136673
6003,1446,kernelshap,-0.1764679454468392,0.0006011551296388781,0.3070147633552551
6004,1513,kernelshap,-0.08035109048325788,-0.038208391887190586,0.003760539460927248
6005,6498,kernelshap,0.23027459100673073,0.048662436635870686,0.6039713025093079
6006,6973,kernelshap,0.06350667322320598,-0.044856329049382894,0.30076706409454346
6007,4952,kernelshap,-0.23784368417479776,-0.07398543405261906,0.02019277587532997
6008,8552,kernelshap,-0.12088967927477577,-0.0709962739863179,0.1508817970752716
6009,3027,kernelshap,0.3561802608402152,0.16932299968443418,0.7689019441604614
6010,2760,kernelshap,-0.03792269565165043,-0.04551168512552976,0.35151758790016174
6011,3060,kernelshap,-0.07733484634331295,0.017222037059920176,0.22988669574260712
6012,33,kernelshap,-0.4078596408259781,-0.06598183992044891,0.00611857557669282
6013,1349,kernelshap,-0.22419193604340157,-0.2018684959039092,0.1068231388926506
6014,4934,kernelshap,0.10722341313958168,0.010250944644212723,0.38874366879463196
6015,2680,kernelshap,0.10084308587735699,0.06603576819742879,0.3822898864746094
6016,9074,kernelshap,-0.1803219711097578,-0.06450304011296895,0.019449008628726006
6017,5414,kernelshap,-0.1881210164068953,-0.04869107230517425,0.00570652773603797
6018,6663,kernelshap,-0.14966971156272021,-0.029722466387531975,0.15341952443122864
6019,5286,kernelshap,-0.19630525590708622,-0.29112022993369746,0.025206051766872406
6020,3782,kernelshap,-0.5146272983402014,-0.1120635918341577,0.029234685003757477
6021,4516,kernelshap,-0.2535894620232284,-0.04523729323409498,0.026276446878910065
6022,4554,kernelshap,-0.15382557224644267,-0.05267729606155468,0.02567732147872448
6023,1595,kernelshap,-0.18575859284744814,-0.11208059663812701,0.006457239389419556
6024,3857,kernelshap,-0.1065347143789617,-0.03720733668746018,0.390585333108902
6025,3337,kernelshap,0.07399648485275415,0.09519510658887717,0.5612554550170898
6026,9255,kernelshap,-0.09312237330845424,-0.07128067016601562,0.04008273035287857
6027,1383,kernelshap,-0.4109212639539138,-0.051702862524467964,0.11321505904197693
6028,4860,kernelshap,-0.22547718847081774,-0.0378920358295242,0.041607312858104706
6029,7275,kernelshap,-0.21747537475565207,-0.1392242479259553,0.04597030580043793
6030,8740,kernelshap,-0.029134291224181652,-0.34991404972970486,0.3524290919303894
6031,1155,kernelshap,0.13649759862733923,-0.007372647523880005,0.512457549571991
6032,6725,kernelshap,0.029024487450009302,0.09171407279514131,0.5211524367332458
6033,1076,kernelshap,-0.12917990809572594,-0.04702584834636322,0.019610153511166573
6034,3058,kernelshap,-0.17760696693470604,-0.008127195662573763,0.13534902036190033
6035,4586,kernelshap,-0.11262258850038051,-0.020295319395760694,0.06546402722597122
6036,1791,kernelshap,-0.10700523050931784,-0.2474854691670491,0.16637098789215088
6037,6325,kernelshap,-0.068876680235068,-0.03677225013573964,0.14860214293003082
6038,7506,kernelshap,-0.042617237402333155,-0.003704032136334313,0.26880520582199097
6039,6495,kernelshap,0.08725632335010328,0.1530740166965284,0.5471554398536682
6040,9542,kernelshap,-0.08993333813391234,0.03400087474208129,0.23975609242916107
6041,4694,kernelshap,0.1250642115069974,0.0328351576482096,0.43873295187950134
6042,8369,kernelshap,-0.17610101916620302,-0.05961304742635952,0.0029983895365148783
6043,7093,kernelshap,-0.16832727735692804,-0.0943630568005822,0.18138490617275238
6044,2794,kernelshap,-0.12254094482278047,-0.028345823976332726,0.007117798551917076
6045,39,kernelshap,-0.22805343832700484,-0.038993429617896196,0.012984275817871094
6046,7478,kernelshap,-0.15345093783210306,-0.11256819262224085,0.3921995759010315
6047,1253,kernelshap,-0.22636162185864078,-0.043233383779547045,0.0055189854465425014
6048,360,kernelshap,-0.2656981899802174,-0.05835941207728216,0.02384047769010067
6049,9638,kernelshap,-0.06599299609661102,0.0027715138026646207,0.4394210875034332
6050,1726,kernelshap,-0.17898564215968638,-0.031201489050598705,0.2270084172487259
6051,439,kernelshap,0.0022186880761926823,-0.05420934070240368,0.2238096296787262
6052,5267,kernelshap,-0.11797572458710741,-0.08922518926727421,0.0183560810983181
6053,4337,kernelshap,-0.14779911771416665,-0.15587579414248467,0.04572412744164467
6054,7724,kernelshap,-0.15327150446291155,-0.0487872942780646,0.01663101278245449
6055,7676,kernelshap,0.11369684884945551,0.11804532781243324,0.42115336656570435
6056,8913,kernelshap,-0.05260211702149648,-0.07300582169913329,0.024519136175513268
6057,2492,kernelshap,0.19112199485301973,0.06093945026397705,0.6145787835121155
6058,7462,kernelshap,-0.29753448826853524,-0.03817955626767467,0.005783874075859785
6059,7430,kernelshap,-0.16082873661071062,0.13838866585865617,0.39008429646492004
6060,6620,kernelshap,-0.20743982773274183,0.02883968548849225,0.27220845222473145
6061,6221,kernelshap,-0.26838672161102295,-0.06386375336700843,0.0034887013025581837
6062,8844,kernelshap,-0.2414254116910425,-0.026029331609606743,0.06381520628929138
6063,4518,kernelshap,0.11922181646029155,0.01464489499727885,0.5428768396377563
6064,1684,kernelshap,-0.3186682647182828,-0.0614437936317353,0.36855077743530273
6065,29,kernelshap,-0.19621782998243967,-0.12825657717055744,0.09262941777706146
6066,6475,kernelshap,0.18184483902794973,0.009232870170048304,0.5151298642158508
6067,6691,kernelshap,0.21289020151861252,0.05064247115965812,0.5996145009994507
6068,1747,kernelshap,-0.3657085648179054,-0.1423301337659359,0.050263725221157074
6069,5559,kernelshap,0.006153910287788936,-0.07989701628684998,0.24816110730171204
6070,3325,kernelshap,0.1980625506490469,-0.04363301992416382,0.4271799623966217
6071,4525,kernelshap,-0.06758184637874365,-0.04527562018483877,0.13948622345924377
6072,5434,kernelshap,0.03253091126680374,0.05302277641991774,0.37306419014930725
6073,2129,kernelshap,0.021555930376052856,-0.14251243323087692,0.32667073607444763
6074,5441,kernelshap,-0.09395438311873255,-0.04217887981920629,0.04389920458197594
6075,9420,kernelshap,-0.2452820878037635,-0.044118137865820355,0.02157183736562729
6076,1330,kernelshap,-0.04743084907531738,0.04009196534752846,0.3004550635814667
6077,7369,kernelshap,-0.21383231517393142,-0.04473895748378709,0.024981550872325897
6078,2275,kernelshap,-0.0625715220675749,-0.03074208866147434,0.2008083462715149
6079,1765,kernelshap,0.009199259073837944,0.03128807441048,0.3277261257171631
6080,9131,kernelshap,0.2029995794953971,0.033819543904271616,0.6535645127296448
6081,6095,kernelshap,0.24485894292593002,-0.02315483792968418,0.5420705676078796
6082,1263,kernelshap,0.07559265444676082,-0.08256700014074643,0.40255555510520935
6083,1142,kernelshap,0.03055486236425007,-0.12390400250168408,0.17977546155452728
6084,7797,kernelshap,-0.08728384557697508,-0.09240876055426067,0.16155530512332916
6085,4989,kernelshap,0.0472476395868486,-0.0934069719045393,0.29520750045776367
6086,4395,kernelshap,-0.0020987845279953695,-0.02575372802940282,0.43969565629959106
6087,5333,kernelshap,0.054833654652942314,0.037163301850810196,0.36456525325775146
6088,8163,kernelshap,-0.18855659595944665,-0.018536022102290935,0.07493995130062103
6089,8995,kernelshap,-0.3419059295864666,0.02112885268733782,0.09998241066932678
6090,9568,kernelshap,-0.22639011219143867,-0.05482494602911174,0.013289926573634148
6091,6098,kernelshap,-0.24424090322393638,-0.24698392760295135,0.10496580600738525
6092,7278,kernelshap,0.0029929131269454956,-0.006333696842193604,0.1898026019334793
6093,1516,kernelshap,0.11679811179637908,-0.0667716160416603,0.5133695006370544
6094,3501,kernelshap,-0.3472117121730532,-0.02785616660756724,0.055224865674972534
6095,4371,kernelshap,0.05773656629025936,0.104508426040411,0.619037926197052
6096,7736,kernelshap,0.3381900897492533,0.23262142357618912,0.6268463134765625
6097,1683,kernelshap,-0.13058001771569253,-0.041349085560068485,0.014247450977563858
6098,1631,kernelshap,0.18545578845909663,0.08183883840129488,0.6313174366950989
6099,4601,kernelshap,-0.19995480247082248,-0.062204230696924274,0.14578430354595184
6100,6956,kernelshap,0.047410935163497925,0.12727096199989318,0.6237486004829407
6101,8482,kernelshap,-0.2137148667795536,-0.0737121096597268,0.02136848494410515
6102,9095,kernelshap,-0.31762131974101065,-0.05751197915524244,0.004196999594569206
6103,7344,kernelshap,0.19425943162706164,0.2509937385718028,0.7690412998199463
6104,1732,kernelshap,0.30850673065735745,0.2609107276568046,0.7954970598220825
6105,4373,kernelshap,-0.3406856928698041,-0.02629168721085245,0.012075664475560188
6106,971,kernelshap,0.08395951753482223,0.049395592883229256,0.3646191656589508
6107,6578,kernelshap,0.23232286506228977,0.0712952928410636,0.49356797337532043
6108,1453,kernelshap,0.04494478318252062,-0.03812125011494285,0.26105591654777527
6109,80,kernelshap,0.25508076537932667,0.08907016153846468,0.49737077951431274
6110,8908,kernelshap,-0.09926612236920525,-0.21446791203582988,0.10597539693117142
6111,96,kernelshap,0.1894707828760147,0.141287761926651,0.4941481053829193
6112,4376,kernelshap,-0.21388670021238235,-0.08425054169045045,0.01453475933521986
6113,3207,kernelshap,-0.013005104135064519,-0.11830840566579033,0.3655413091182709
6114,6462,kernelshap,-0.18484098141026847,-0.053143449922037476,0.013848405331373215
6115,6220,kernelshap,-0.19553370195596168,-0.039435517586146794,0.005274371709674597
6116,3279,kernelshap,-0.07753181510737964,-0.1945807859301567,0.16403338313102722
6117,8741,kernelshap,-0.2001018524169922,-0.08979687927400365,0.15786920487880707
6118,8758,kernelshap,-0.29955633203772936,-0.05092621419359656,0.1417422741651535
6119,5396,kernelshap,-0.35003798570306527,-0.36284349761193707,0.028233638033270836
6120,2855,kernelshap,0.41519701331853864,0.12082847356796264,0.86751788854599
6121,1862,kernelshap,-0.16264915941604252,-0.05312362557341312,0.03983970731496811
6122,7659,kernelshap,0.15097246782199755,0.08148167423299842,0.6016866564750671
6123,8446,kernelshap,0.049939052667468786,-0.03658406622707844,0.29516133666038513
6124,5152,kernelshap,0.032845142814848155,-0.06935401536800244,0.25559312105178833
6125,2903,kernelshap,0.3860376144564429,0.18094424730123476,0.7488054037094116
6126,7581,kernelshap,0.07607020139694214,0.08983321189880371,0.36024776101112366
6127,9431,kernelshap,-0.3134058327140177,-0.0521840542445288,0.02254759706556797
6128,8948,kernelshap,-0.0689593789760362,-0.0739815966649489,0.07620558887720108
6129,2486,kernelshap,-0.1697293102209057,-0.19348523100571974,0.10331449657678604
6130,5552,kernelshap,-0.2830452225688431,-0.037676668622427516,0.007581600919365883
6131,5479,kernelshap,-0.010989957551161448,-0.0264334241549174,0.2346341758966446
6132,3894,kernelshap,-0.2305858347734267,-0.0903494597666643,0.01944699138402939
6133,9430,kernelshap,-0.27110386549362114,-0.10720472373068332,0.026201436296105385
6134,9766,kernelshap,-0.2098273720060076,-0.11397222606908708,0.22111885249614716
6135,4355,kernelshap,-0.2009378399345137,-0.05438638028378288,0.025010626763105392
6136,2833,kernelshap,-0.19254683951536813,-0.05024987521270911,0.22690869867801666
6137,3328,kernelshap,0.15115637249416775,0.041981163952085704,0.6414497494697571
6138,8019,kernelshap,-0.21369074570635954,-0.06628067946682374,0.04381505027413368
6139,3424,kernelshap,0.23498283177614213,-0.0214529812335968,0.7490634322166443
6140,4539,kernelshap,0.2656641497656151,0.14517581959565481,0.586748480796814
6141,4921,kernelshap,-0.22431832033654917,-0.09113705773716388,0.11550004780292511
6142,3469,kernelshap,-0.10697679718335469,-0.11479285558064779,0.5540797114372253
6143,5705,kernelshap,-0.20204545944929123,-0.2189539396762848,0.09119841456413269
6144,311,kernelshap,0.14040166368851295,0.1385409734570063,0.3952542543411255
6145,9045,kernelshap,0.10214786444391523,-0.022928382669176375,0.6321568489074707
6146,2619,kernelshap,-0.2781150057141123,-0.09948001583588534,0.058949556201696396
6147,789,kernelshap,0.04585865264137586,0.07153476650516193,0.4180052578449249
6148,2742,kernelshap,0.07777557373046876,0.056720365583896634,0.8027546405792236
6149,5653,kernelshap,-0.09710771543905139,-0.016239819582551718,0.09399571269750595
6150,483,kernelshap,0.02354643629355864,-0.048105581240220505,0.4419711232185364
6151,8113,kernelshap,-0.31430508832379084,-0.14469777061263236,0.03162655234336853
6152,8478,kernelshap,0.0949547834256116,-0.1168103112893946,0.3365604877471924
6153,1199,kernelshap,0.1450330825188221,0.17673203960443154,0.5291525721549988
6154,5507,kernelshap,-0.06920720860362053,-0.19596609026193618,0.18415142595767975
6155,3653,kernelshap,-0.206490658223629,-0.07975446609290023,0.039301954209804535
6156,5065,kernelshap,-0.17188354976036968,-0.06555786553551168,0.4289138913154602
6157,1626,kernelshap,-0.07328795045614242,-0.05041033998131752,0.2038452923297882
6158,7661,kernelshap,0.25403472624327006,0.012169511694657175,0.7265898585319519
6159,6837,kernelshap,-0.2827401915970056,-0.07661426601850468,0.06611941009759903
6160,7655,kernelshap,0.028166604538758595,-0.021281593375735812,0.26056015491485596
6161,8538,kernelshap,0.10206646578652519,0.02429595802511488,0.35622918605804443
6162,1775,kernelshap,-0.12246879651432946,-0.11490708660511743,0.13439087569713593
6163,9643,kernelshap,0.0059670573100447655,-0.006465297657996416,0.38042640686035156
6164,8884,kernelshap,-0.17448950150320608,-0.14732441522421375,0.16288749873638153
6165,6778,kernelshap,-0.08999459072947502,-0.067400723695755,0.1107470914721489
6166,2340,kernelshap,0.04685339118753161,0.018861829170158932,0.3401915431022644
6167,7226,kernelshap,-0.1309351956641132,-0.11235005781054497,0.09736444056034088
6168,1472,kernelshap,-0.07125413222681909,-0.09809118473813647,0.02171798050403595
6169,8187,kernelshap,-0.35078645851980483,-0.03403498974835707,0.015547595918178558
6170,6250,kernelshap,-0.23811129284532448,-0.0072210037002438,0.07425989210605621
6171,2335,kernelshap,-0.2121651570002238,-0.17609083818064797,0.20867718756198883
6172,8981,kernelshap,-0.06858517788350582,-0.04543857170002801,0.044073738157749176
6173,8685,kernelshap,-0.11616119639626865,-0.09604616167730298,0.07404804229736328
6174,251,kernelshap,-0.2621317033053321,-0.07619229170000728,0.008205502294003963
6175,2732,kernelshap,-0.32895739152616654,-0.04360651903484455,0.001703123445622623
6176,4329,kernelshap,0.11873551706473033,0.0021714303228590223,0.6426683664321899
6177,9545,kernelshap,-0.06357631335655849,0.12477834895253181,0.34136512875556946
6178,2337,kernelshap,-0.09750526439812449,-0.1114063850707478,0.12251366674900055
6179,8695,kernelshap,-0.13737065104707594,-0.09526591219248311,0.13486348092556
6180,2215,kernelshap,-0.12650665498915173,-0.028748004209427608,0.27679792046546936
6181,5436,kernelshap,-0.10549827700569517,-0.07950878498100099,0.15172025561332703
6182,5058,kernelshap,0.4139668267024191,0.07763674384669254,0.8138974905014038
6183,9548,kernelshap,-0.15583965571030325,-0.1264880085768907,0.17416349053382874
6184,108,kernelshap,-0.08911674304140939,-0.09712562430649996,0.055110134184360504
6185,3019,kernelshap,-0.1971140461973846,-0.05800860900490079,0.004758400376886129
6186,487,kernelshap,0.23588724351591533,0.257985001636876,0.6163955926895142
6187,2436,kernelshap,0.1964688788979284,-0.07027643101830636,0.385628879070282
6188,2417,kernelshap,-0.19451553747057915,-0.090901168435812,0.1011892557144165
6189,2684,kernelshap,-0.03729368066010268,-0.07580867474493773,0.1571873277425766
6190,621,kernelshap,0.06002036392688751,-0.039911693334579466,0.39354631304740906
6191,3281,kernelshap,0.15434527198473613,0.05069619417190552,0.3395948112010956
6192,8547,kernelshap,0.18384314221995218,0.037210170711789815,0.8118095993995667
6193,3941,kernelshap,-0.16658151575497218,-0.09169080853462219,0.109358049929142
6194,2423,kernelshap,0.11892795243433543,0.016720621713570187,0.47275689244270325
6195,7682,kernelshap,-0.16565467740874737,-0.1486728688236326,0.013910367153584957
6196,4960,kernelshap,-0.27600644353558035,-0.20534803981290145,0.09442467987537384
6197,2766,kernelshap,-0.004725922237743031,-0.13502255590124565,0.4344072639942169
6198,7662,kernelshap,-0.011481108764807383,0.0641426947854814,0.30322813987731934
6199,416,kernelshap,-0.3265443041044123,-0.0661767567781841,0.03494536131620407
6200,3898,kernelshap,0.3347183936520627,0.14432779738777562,0.9186888933181763
6201,7632,kernelshap,-0.1316188777397786,-0.06809116605048378,0.009645151905715466
6202,2328,kernelshap,-0.22693597519814612,-0.0520010142631474,0.0011521205306053162
6203,2754,kernelshap,-0.17830070184872432,-0.09836522577440038,0.04123559594154358
6204,8234,kernelshap,-0.18977566957473754,-0.13293668270111084,0.1865486055612564
6205,3101,kernelshap,0.048504304885864255,-0.00810844898223877,0.3119380474090576
6206,2108,kernelshap,-0.0270346642604896,0.061702770846230645,0.23797370493412018
6207,3100,kernelshap,-0.15684136913882363,-0.15949797713094288,0.13347218930721283
6208,5351,kernelshap,0.29627699813535135,0.20204416398079164,0.7065466046333313
6209,3284,kernelshap,0.09424739374833949,0.09222287947640699,0.3803650438785553
6210,4824,kernelshap,0.2053582914173603,0.07761222869157791,0.8952322602272034
6211,6551,kernelshap,-0.19501022076500313,-0.11856913534658296,0.01566854678094387
6212,7444,kernelshap,0.18823862426421223,0.11900975248392891,0.4775603711605072
6213,304,kernelshap,0.035382261588459925,-0.0009515881538391113,0.3436252772808075
6214,6360,kernelshap,-0.11617808739344279,-0.1561889370282491,0.3825998306274414
6215,4190,kernelshap,-0.07858720492748987,-0.06945966964676267,0.24393358826637268
6216,6664,kernelshap,-0.27295803982350564,-0.07192979463272625,0.03720008581876755
6217,1945,kernelshap,0.1584684190650781,0.09033322168721093,0.31405508518218994
6218,5817,kernelshap,0.044235295575598015,0.2034058039603026,0.5210731029510498
6219,92,kernelshap,-0.25966011101379993,-0.048027484817430376,0.003473356831818819
6220,119,kernelshap,0.08602963929826563,0.13055940920656378,0.338790625333786
6221,9591,kernelshap,0.13898044689135117,0.05652929436076771,0.711245596408844
6222,8421,kernelshap,-0.15535882295205675,-0.013765308620600865,0.07780381292104721
6223,7945,kernelshap,-0.300951715616975,-0.046917248982936144,0.01853448897600174
6224,2487,kernelshap,-0.20767501450103262,-0.03710267040878534,0.030467618256807327
6225,1245,kernelshap,-0.004330291645601392,0.08967681764625013,0.2756369709968567
6226,346,kernelshap,0.11869187449867075,0.059303653511134063,0.36546823382377625
6227,9392,kernelshap,-0.1758368409684171,-0.038178697268923985,0.014017891138792038
6228,6604,kernelshap,0.19074092391464445,0.046056283016999565,0.45175701379776
6229,6338,kernelshap,-0.14229056139787039,-0.1554346059759458,0.042009711265563965
6230,8410,kernelshap,-0.10990381946689204,-0.07772656883064069,0.25667011737823486
6231,4216,kernelshap,-0.3183761060770069,-0.12373938185295888,0.018557950854301453
6232,7436,kernelshap,-0.0741941537708044,-0.23979518748819828,0.28970667719841003
6233,6666,kernelshap,-0.29723541754664795,-0.16391369294036517,0.05260423570871353
6234,8051,kernelshap,0.041356904698269706,-0.02434109417455537,0.5563945174217224
6235,1593,kernelshap,-0.29057254160151763,-0.07619314355885282,0.03405850753188133
6236,6951,kernelshap,0.0931417873272529,-0.08794945478439331,0.4173765480518341
6237,850,kernelshap,-0.2712812612188004,-0.05584537062705273,0.0057133277878165245
6238,5506,kernelshap,-0.19914080366128828,-0.016532164703055127,0.09133445471525192
6239,8479,kernelshap,-0.3872480605995016,-0.07532154988231403,0.007184692192822695
6240,7182,kernelshap,0.056831942250331245,-0.14659573965602452,0.3387456238269806
6241,2362,kernelshap,0.14128766488283873,0.10763727687299252,0.44749027490615845
6242,2178,kernelshap,-0.06004670571003642,-0.045653079875877925,0.05741710215806961
6243,1731,kernelshap,0.22875204424445444,0.11935420907460727,0.756737232208252
6244,4185,kernelshap,0.08328389180333991,0.1125058994481438,0.4856129288673401
6245,673,kernelshap,0.02667175686877707,-0.06951107149538786,0.2696073055267334
6246,5212,kernelshap,-0.03714852518326527,-0.07148500471501737,0.343093603849411
6247,4417,kernelshap,-0.4336907572366975,-0.08327588413588026,0.015573810786008835
6248,1056,kernelshap,-0.1935410248460593,-0.06540190994187638,0.07064419239759445
6249,9593,kernelshap,0.14525664895772933,0.07936193197965621,0.5826886296272278
6250,623,kernelshap,-0.14121432731016761,-0.02738624465252672,0.038495901972055435
6251,6217,kernelshap,-0.2760066399840932,-0.035827081258359705,0.010388139635324478
6252,9597,kernelshap,-0.1755075798980121,-0.1084878424118305,0.16794173419475555
6253,2955,kernelshap,-0.07769001722335815,-0.16749665439128875,0.11082400381565094
6254,88,kernelshap,-0.07104013384216362,-0.1199565331141154,0.14639857411384583
6255,3538,kernelshap,-0.24840859206099258,-0.20743287707629957,0.30781179666519165
6256,3643,kernelshap,0.04112894888277407,0.0062684135304556955,0.26475608348846436
6257,8313,kernelshap,-0.444817315426565,-0.2829275962806517,0.07723483443260193
6258,5649,kernelshap,-0.34288977767880024,-0.04519447743108398,0.0032751625403761864
6259,1355,kernelshap,-0.07400183103702686,-0.16380579272905985,0.34740474820137024
6260,7142,kernelshap,-0.05287446613822665,0.04292301195008414,0.17611661553382874
6261,1512,kernelshap,-0.2618590062484145,-0.16045065270736814,0.049027785658836365
6262,7565,kernelshap,-0.22431924550429636,-0.17328800196233002,0.35484251379966736
6263,733,kernelshap,0.026416443586349488,0.04203061103820801,0.5392802953720093
6264,8765,kernelshap,-0.047318870092139524,-0.2607383311671369,0.21749843657016754
6265,9018,kernelshap,0.374836612315405,0.07766502669879369,0.7683819532394409
6266,6240,kernelshap,-0.277858255431056,-0.15489185694605112,0.058312226086854935
6267,590,kernelshap,0.1381107277813412,0.19419377758389428,0.46616172790527344
6268,3745,kernelshap,-0.3581341856292316,-0.2039506741400276,0.07809389382600784
6269,1919,kernelshap,-0.27082739838145,-0.04991905628280206,0.04664713144302368
6270,7799,kernelshap,-0.46597354281051406,-0.23920835734441362,0.03077181801199913
6271,7684,kernelshap,0.02603805363178253,-0.04081951379776001,0.2943350672721863
6272,9486,kernelshap,-0.21312612138296427,-0.038010822314965095,0.18662257492542267
6273,5027,kernelshap,-0.19249030628374644,-0.07507310701268059,0.12086369842290878
6274,8568,kernelshap,-0.19793151509171972,-0.07876055377225082,0.07091612368822098
6275,5425,kernelshap,-0.1052524721622467,-0.10649043679237366,0.16160370409488678
6276,2377,kernelshap,-0.28837308825718033,-0.022019816484923165,0.01750532165169716
6277,6447,kernelshap,-0.2051277748412556,-0.04031966461075677,0.03349343687295914
6278,8029,kernelshap,-0.251542813431185,-0.05107226652594713,0.009075965732336044
6279,3855,kernelshap,-0.07724049545469738,-0.02940168267204648,0.2596625089645386
6280,5221,kernelshap,0.5254389484723408,0.3384602795044581,0.9413498044013977
6281,5792,kernelshap,-0.32105756687621273,-0.09488650194058816,0.020763253793120384
6282,3006,kernelshap,-0.5300478066007296,-0.12684063936273257,0.06569238752126694
6283,8706,kernelshap,-0.183228878925244,-0.10636379880209763,0.1744423359632492
6284,2943,kernelshap,-0.15443676697282954,-0.051262528731905184,0.10981892049312592
6285,2072,kernelshap,0.3625304323845896,0.06764193187499869,0.7290654182434082
6286,3873,kernelshap,0.2536458412806193,0.037681594491004944,0.4223073422908783
6287,9297,kernelshap,0.12585697290690048,0.0377690772647443,0.40645790100097656
6288,9105,kernelshap,-0.27059018439971483,-0.13409819955436084,0.03588585555553436
6289,7635,kernelshap,0.4925947047092698,0.03891343420202082,0.9004901647567749
6290,5313,kernelshap,-0.13468220345675946,-0.04668779443018138,0.01510999072343111
6291,9675,kernelshap,-0.0806575222657277,-0.02770068209904891,0.36398887634277344
6292,2075,kernelshap,0.3681599359959364,0.09589634872972966,0.8192225694656372
6293,7144,kernelshap,0.263970571068617,0.04852084930126484,0.6553483605384827
6294,3928,kernelshap,-0.16522742211818695,-0.1197410099208355,0.09327482432126999
6295,1393,kernelshap,0.07371847388836053,0.12513654793684298,0.4466409385204315
6296,263,kernelshap,-0.2143989370568939,-0.06195021453111068,0.053059015423059464
6297,970,kernelshap,-0.3577197343111038,-0.2176434588432312,0.17546716332435608
6298,5821,kernelshap,-0.13460235126937428,-0.03724026839093616,0.0073525570333004
6299,8593,kernelshap,-0.4370485673743216,-0.22162817266177048,0.035570353269577026
6300,4553,kernelshap,-0.1393057267802457,-0.07744062649241339,0.031771354377269745
6301,1671,kernelshap,0.43603769110308754,0.3884095102548599,0.7887787222862244
6302,3118,kernelshap,0.15479015084830197,-0.12851833348924463,0.5251915454864502
6303,4367,kernelshap,-0.17989150807261467,-0.07456641484584127,0.090721994638443
6304,1760,kernelshap,-0.2555578268236584,-0.0880543968329827,0.04233000427484512
6305,3412,kernelshap,0.11307877844030206,-0.09814834052866156,0.414248526096344
6306,6066,kernelshap,-0.213980531250989,-0.04589166537065197,0.02400522492825985
6307,3616,kernelshap,-0.15152995819773743,-0.04662284496075967,0.003942056559026241
6308,5874,kernelshap,-0.10773967206478119,-0.04947794760976519,0.15074439346790314
6309,2189,kernelshap,-0.11367394062487976,-0.020402204326313476,0.09765826910734177
6310,6071,kernelshap,-0.13567215700944266,-0.14438182674348354,0.24541237950325012
6311,5148,kernelshap,0.41198071399155783,0.30948380030253353,0.6817622184753418
6312,9064,kernelshap,0.14181819061438242,-0.018968363602956135,0.4314616322517395
6313,8381,kernelshap,-0.18073946403132546,-0.047800919144517846,0.0440385639667511
6314,3352,kernelshap,-0.1800075260301431,-0.08438796487947305,0.02755170874297619
6315,799,kernelshap,0.16642270290425845,0.03890197191919599,0.48398950695991516
6316,8656,kernelshap,-0.35056119647465256,-0.05172045646529449,0.03830326348543167
6317,7305,kernelshap,0.32275231420993805,0.1007878839969635,0.8244568705558777
6318,7948,kernelshap,-0.3414761792454455,-0.05749103670111961,0.013391515240073204
6319,7233,kernelshap,-0.2179883588952097,-0.05545510944317688,0.021001538261771202
6320,2392,kernelshap,0.011272910568449233,0.03126137372520235,0.2796178460121155
6321,3443,kernelshap,-0.38786624951495063,-0.06989659617344539,0.03493209928274155
6322,8558,kernelshap,-0.10236716369787852,-0.13992842783530554,0.25418126583099365
6323,5014,kernelshap,-0.2674975487558792,-0.051920995504284896,0.01671198382973671
6324,4362,kernelshap,0.27607986174131693,0.107657842730221,0.7630528211593628
6325,8224,kernelshap,0.2035642166932424,0.029690160353978475,0.6828593611717224
6326,6865,kernelshap,-0.16115137014108208,-0.11264915069421896,0.027802204713225365
6327,7389,kernelshap,-0.3091261684894562,-0.1325844174081629,0.18711738288402557
6328,303,kernelshap,0.3723674586415291,0.33565473318099975,0.6459800004959106
6329,8398,kernelshap,0.36787722360443426,0.32997572019293503,0.7705745100975037
6330,2907,kernelshap,-0.15074193202668712,-0.06007689499251899,0.01626875437796116
6331,4619,kernelshap,-0.28024918331454196,-0.10463243126869201,0.006322898901998997
6332,4765,kernelshap,-0.04404581785202026,0.06598018035292626,0.32550325989723206
6333,3320,kernelshap,0.08936204352686482,0.10751344455826667,0.4129588007926941
6334,5298,kernelshap,-0.1647764582024968,-0.08997986627661664,0.02145194076001644
6335,7927,kernelshap,0.41072045142451924,0.1279591123263041,0.6660886406898499
6336,2348,kernelshap,0.19732584059238434,0.04866852930613926,0.762557864189148
6337,4267,kernelshap,0.24691977017912373,0.09174386129297059,0.7990903854370117
6338,9648,kernelshap,0.11430172249674797,0.08852512886126836,0.7482415437698364
6339,3024,kernelshap,0.23734542056918145,0.08162172585725784,0.4161510467529297
6340,1373,kernelshap,-0.059755818995957576,-0.1856403804073731,0.10828769207000732
6341,7377,kernelshap,0.06829603109508753,-0.01364079024642706,0.4187258183956146
6342,9782,kernelshap,-0.27990492433309555,0.1232692465186119,0.3392331600189209
6343,2771,kernelshap,0.2404765813714928,0.1717726778652933,0.8126265406608582
6344,3,kernelshap,0.11056126914918422,-0.10240774750709533,0.3665105700492859
6345,2908,kernelshap,-0.004617145875605141,0.03531019934793798,0.46740657091140747
6346,3852,kernelshap,0.08881120109244396,0.09647049088227122,0.45493656396865845
6347,532,kernelshap,0.177006270540388,-0.0807027236411446,0.615926206111908
6348,7929,kernelshap,0.0015675330703908746,-0.09012966083757805,0.3879829943180084
6349,9423,kernelshap,0.31854316185821185,0.06140418757091869,0.8177005648612976
6350,290,kernelshap,-0.11894930899143219,-0.08683151662349702,0.16260182857513428
6351,3014,kernelshap,0.10522615630179644,-0.0035214563831686974,0.3795442581176758
6352,2874,kernelshap,-0.13500694303136124,-0.12054496611419477,0.14766962826251984
6353,5146,kernelshap,-0.1557949393366774,-0.1586722939585646,0.1552627980709076
6354,2221,kernelshap,-0.143765739351511,-0.180336082726717,0.2016143947839737
6355,6958,kernelshap,0.278970626493295,0.041188616305589676,0.5701574683189392
6356,2997,kernelshap,-0.10691927878984384,-0.04700276521699769,0.04953121021389961
6357,6729,kernelshap,-0.10128448083996773,-0.05148915683850646,0.008972288109362125
6358,9159,kernelshap,-0.2298950820284731,-0.12009703280294642,0.17841611802577972
6359,6175,kernelshap,-0.06572796956256584,-0.34581829883434156,0.19265064597129822
6360,568,kernelshap,-0.20654971550764709,-0.0604516200335889,0.016646595671772957
6361,5284,kernelshap,-0.2968500763351141,-0.0414755848171406,0.045839060097932816
6362,1107,kernelshap,0.15292486335550035,0.03876034702573504,0.758317768573761
6363,135,kernelshap,-0.11514573693275451,-0.29825931757688523,0.12590354681015015
6364,7828,kernelshap,-0.25161090180543916,-0.018466175350892757,0.020876312628388405
6365,8709,kernelshap,-0.16095895079128883,-0.035716449841856956,0.016713038086891174
6366,7998,kernelshap,-0.2190993076021021,0.0003248530186035416,0.07914150506258011
6367,1087,kernelshap,0.2101290392525056,0.06258657136384178,0.5357704162597656
6368,8291,kernelshap,0.5254690005727436,0.18941413254841513,0.896889865398407
6369,2301,kernelshap,-0.11251788347959518,-0.03840063236653805,0.050092391669750214
6370,4339,kernelshap,-0.10505887999066285,-0.10611333910908018,0.170395627617836
6371,6851,kernelshap,0.00018139900984587493,0.04667044734513318,0.3925055265426636
6372,3047,kernelshap,-0.26695749070495367,-0.029439999535679818,0.034153636544942856
6373,4130,kernelshap,-0.5076615363359451,-0.1808569859713316,0.10439211875200272
6374,4521,kernelshap,-0.16527624862889448,-0.12514645647671488,0.1764335334300995
6375,7538,kernelshap,-0.07487746700644493,0.03695182129740715,0.4434598982334137
6376,5473,kernelshap,-0.3602333036768768,-0.03561069578346279,0.005708278622478247
6377,388,kernelshap,0.4347389509019099,0.2160187614591498,0.7412835955619812
6378,4217,kernelshap,0.40610741823911667,0.19866781681776047,0.7475380301475525
6379,2122,kernelshap,-0.19233840610831976,-0.15433891055484614,0.03653205931186676
6380,1310,kernelshap,-0.23481038155862027,-0.0633971355855465,0.006404218729585409
6381,647,kernelshap,0.16713065803050994,0.053591713309288025,0.5028367042541504
6382,6510,kernelshap,-0.3207030983666252,-0.04138881968040215,0.0026651278603821993
6383,8040,kernelshap,-0.212212435901165,-0.09715184010565281,0.016112249344587326
6384,1183,kernelshap,-0.1450132561052063,-0.04063825433452924,0.006948928348720074
6385,2859,kernelshap,-0.156015280347604,-0.03304450156596991,0.1870996206998825
6386,7769,kernelshap,-0.21794018214051095,-0.08431080953838925,0.004893041681498289
6387,8403,kernelshap,0.3032079286435071,-0.005218218354617848,0.49992257356643677
6388,7110,kernelshap,-0.05173287233885597,-0.11793446245000642,0.04990537092089653
6389,5798,kernelshap,-0.03335284674540162,-0.030075116083025932,0.1734800934791565
6390,3128,kernelshap,-0.2535528452957378,-0.048804438837310844,0.02637794427573681
6391,7197,kernelshap,-0.07841569299881275,-0.1599720392662745,0.11003431677818298
6392,3148,kernelshap,-0.0826407641172409,-0.1327498471736908,0.11647744476795197
6393,510,kernelshap,-0.19805834365679936,-0.08735223629457109,0.020307330414652824
6394,3059,kernelshap,-0.18525688805513912,-0.14159471169114113,0.1722683161497116
6395,7940,kernelshap,-0.18882442464431126,-0.01739313080906868,0.06781624257564545
6396,4049,kernelshap,-0.2979311548173428,-0.10281900390982628,0.16113224625587463
6397,5875,kernelshap,0.04444730411405149,0.029845809806948124,0.36936989426612854
6398,3859,kernelshap,0.33010108570257823,-0.020940762758255006,0.775790274143219
6399,6849,kernelshap,-0.29417969258502125,-0.06041106027550995,0.014884787611663342
6400,8149,kernelshap,0.16328163960805306,0.08058125124527858,0.5806715488433838
6401,6260,kernelshap,-0.16090577322503793,-0.12692697670148767,0.26756539940834045
6402,3312,kernelshap,0.07114542707016594,-0.01314283123141841,0.5156006813049316
6403,7866,kernelshap,0.005095521847789104,-0.2107582396039596,0.24110370874404907
6404,4201,kernelshap,0.07717203331548114,0.046638347728307855,0.4674282371997833
6405,7652,kernelshap,-0.179603645239364,-0.04891188654371283,0.03659488260746002
6406,4273,kernelshap,-0.018363408970110344,-0.1119209835023591,0.3246019184589386
6407,3181,kernelshap,0.00757820216509012,-0.06214467837260319,0.4222126305103302
6408,3817,kernelshap,0.07508177520372929,-0.06063183912864098,0.3791472315788269
6409,1880,kernelshap,-0.1528629312912623,-0.0696584176686075,0.1556859165430069
6410,5350,kernelshap,0.19557654144971268,0.07255278203798377,0.49084746837615967
6411,3615,kernelshap,0.20166852385611148,0.08485733455902822,0.5541823506355286
6412,4058,kernelshap,-0.2281574965454638,0.023528057266958058,0.15394602715969086
6413,6915,kernelshap,-0.5067694199581941,-0.031005680974986818,0.04219679906964302
6414,321,kernelshap,0.22414263917340171,0.17170249919096628,0.6680099368095398
6415,4722,kernelshap,-0.024865944595897898,0.03703683790038614,0.41292208433151245
6416,6422,kernelshap,0.22199990956679636,0.15496598896772965,0.6547605395317078
6417,3295,kernelshap,-0.01763826608657837,-0.13261718960369334,0.2608485221862793
6418,6421,kernelshap,-0.15957930815570495,-0.13038787815500708,0.14809656143188477
6419,9330,kernelshap,-0.2719498317378263,-0.061378686657796305,0.006920894142240286
6420,8138,kernelshap,-0.07834882591851056,-0.21237500896677375,0.2029205709695816
6421,3205,kernelshap,-0.2673668119435509,-0.0739500339453419,0.008342038840055466
6422,2522,kernelshap,0.22944978454283305,-0.006465045894895281,0.5078630447387695
6423,6998,kernelshap,-0.11827244434286566,-0.15060589418691747,0.0556359589099884
6424,5556,kernelshap,0.11255090435345967,0.025481320562816802,0.36902204155921936
6425,5938,kernelshap,0.008410953506827355,-0.07400200724601745,0.3204911947250366
6426,500,kernelshap,-0.1350980583164427,-0.03886767145660189,0.370100736618042
6427,3000,kernelshap,-0.233933382912686,-0.07551248842164089,0.12666989862918854
6428,3555,kernelshap,-0.2109147511586985,-0.05200627279084395,0.005347609985619783
6429,8612,kernelshap,-0.18423784260327616,-0.05359432566910982,0.03690440207719803
6430,9249,kernelshap,0.17988537500301996,-0.014686229825019836,0.53188556432724
6431,3032,kernelshap,-0.1155329296986262,0.022351960837841033,0.16035914421081543
6432,9705,kernelshap,0.36034104973077774,-0.03715194761753082,0.6412362456321716
6433,330,kernelshap,-0.06466647498309612,-0.035655853897333147,0.19843491911888123
6434,3078,kernelshap,-0.14600185962284312,-0.029052681344396928,0.4178873300552368
6435,2018,kernelshap,-0.19576307593120468,-0.03425360471010208,0.08387569338083267
6436,3274,kernelshap,-0.06386520229279995,-0.10630426555871964,0.1897171586751938
6437,3233,kernelshap,-0.12666666081973485,-0.25145592434065683,0.08861353248357773
6438,3387,kernelshap,-0.300735081817038,-0.052453512102147215,0.0002668421948328614
6439,144,kernelshap,0.33810615015250667,0.15883108697555684,0.8152123093605042
6440,9742,kernelshap,-0.025743761824236974,0.003876275486416287,0.5500736236572266
6441,367,kernelshap,-0.154795586441954,-0.045281557055811085,0.12966300547122955
6442,8679,kernelshap,-0.22479581315484312,-0.048004217652810946,0.1456797868013382
6443,4304,kernelshap,-0.2391025349497795,-0.17172055957572802,0.0738111361861229
6444,7178,kernelshap,-0.04397370379704695,-0.07048053409044559,0.2657877802848816
6445,333,kernelshap,-0.43982735661911254,-0.2176831404314093,0.0022448129020631313
6446,518,kernelshap,0.16731062302222618,0.10345089836762501,0.4412803649902344
6447,7040,kernelshap,-0.21724334848113358,-0.07267701681121252,0.006370410323143005
6448,4229,kernelshap,0.3189302235841751,0.23708934485912322,0.7407733798027039
6449,3833,kernelshap,-0.27485774010419844,-0.05650129998102784,0.02034330926835537
6450,6058,kernelshap,-0.21155295301886165,-0.3018295361715205,0.43563300371170044
6451,576,kernelshap,-0.17521904321277842,-0.03689064479926053,0.015031280927360058
6452,4215,kernelshap,0.12703239917755127,-0.10179494556627776,0.5733649730682373
6453,2758,kernelshap,-0.3287433602082997,-0.03983909014660197,0.004482967313379049
6454,4756,kernelshap,-0.2594803330367026,-0.16983085838348969,0.05211664363741875
6455,9000,kernelshap,-0.2602269440889359,-0.07885234480102857,0.09554261714220047
6456,3813,kernelshap,-0.15067240951413458,-0.05418473151935772,0.018762661144137383
6457,3045,kernelshap,0.40518494670589766,-0.08468078076839447,0.49227574467658997
6458,4047,kernelshap,-0.2011661213778314,-0.1250686031721887,0.08657359331846237
6459,9094,kernelshap,0.2151056369766593,0.07982723414897919,0.46498873829841614
6460,8181,kernelshap,-0.2573633573949337,-0.026553455181419848,0.0994180291891098
6461,6309,kernelshap,-0.0955406485332383,0.0031994259743778793,0.11395431309938431
6462,1479,kernelshap,-0.27237495806600365,-0.07101873478053936,0.029923254624009132
6463,543,kernelshap,-0.19178045932845822,-0.11759083522162561,0.029201088473200798
6464,1618,kernelshap,-0.099796604514122,-0.02733560688793659,0.048628658056259155
6465,9032,kernelshap,0.4710692185344118,0.29443493395140674,0.8392838835716248
6466,7746,kernelshap,-0.16159317372366785,-0.10642916336655617,0.012013139203190804
6467,6039,kernelshap,-0.09615857695991342,-0.059635019014504825,0.0547005869448185
6468,7919,kernelshap,-0.5345423057336699,-0.1122002130458978,0.024027487263083458
6469,7624,kernelshap,-0.22003234525521595,-0.06573023796081542,0.03218035399913788
6470,9495,kernelshap,0.057230181992053986,-0.17737472988665104,0.4171644151210785
6471,8657,kernelshap,0.009266582982880729,0.007285326719284058,0.392701119184494
6472,7160,kernelshap,-0.27118752400080365,-0.07842388039543516,0.12619172036647797
6473,2358,kernelshap,-0.15618836808090025,-0.06933292982956538,0.020121054723858833
6474,8250,kernelshap,-0.2959610963412358,-0.0342228672588649,0.0017731875414028764
6475,1655,kernelshap,0.0037159495055675506,-0.07752537056803703,0.2124847173690796
6476,6911,kernelshap,-0.2568324801977724,-0.0459088075440377,0.004674671217799187
6477,1746,kernelshap,0.31174384504556657,0.18824505880475045,0.6620699763298035
6478,5794,kernelshap,-0.271613315363685,-0.028249869964295817,0.005703683476895094
6479,14,kernelshap,0.33502321867715745,0.09233910413015456,0.5710968375205994
6480,1877,kernelshap,-0.22386076908558608,-0.07935434136539697,0.014109996147453785
6481,7888,kernelshap,-0.06006600849685215,-0.00658508212793441,0.20526881515979767
6482,8520,kernelshap,0.04825306401170533,0.0027343009052605465,0.35594889521598816
6483,6883,kernelshap,-0.018534820526838303,0.08335871608661753,0.28186291456222534
6484,3761,kernelshap,0.1256341082163346,0.04530705779026716,0.492264986038208
6485,0,kernelshap,-0.002814085947142707,-0.05816155396125935,0.4357873201370239
6486,6831,kernelshap,-0.39957311749458313,-0.03733646262575079,0.3510061502456665
6487,7722,kernelshap,0.028175978891311154,-0.12262840328678008,0.2945769727230072
6488,9630,kernelshap,-0.23343722398082414,-0.021275788297255835,0.06866639107465744
6489,7672,kernelshap,-0.2647507254566465,-0.058168290848178525,0.03134454786777496
6490,6568,kernelshap,-0.08678158904824938,-0.047350888805730004,0.14033734798431396
6491,655,kernelshap,-0.10827616353829701,-0.06220027431845665,0.1666376143693924
6492,9349,kernelshap,-0.16709989397269157,-0.06561768753454089,0.00483818119391799
6493,4241,kernelshap,-0.21039410787992752,-0.06389609924875773,0.017345597967505455
6494,3023,kernelshap,-0.17198258582012435,-0.04213270719016069,0.006109780166298151
6495,1851,kernelshap,0.20919643969912277,0.011470124909752294,0.6105474829673767
6496,349,kernelshap,-0.06733470898250053,0.03833575469666514,0.24738675355911255
6497,6340,kernelshap,0.07050977274775505,0.18377431016415358,0.5098487734794617
6498,1156,kernelshap,0.01332894230590147,-0.11742105203516343,0.27929550409317017
6499,3017,kernelshap,-0.13698975539633207,-0.011027974635362625,0.1408715844154358
6500,457,kernelshap,0.36192174126272614,-0.0403103724769924,0.7910329103469849
6501,2867,kernelshap,-0.14184394106268883,0.07185821810906584,0.42870235443115234
6502,5033,kernelshap,0.429750406398223,0.1038381950213359,0.6780276298522949
6503,4622,kernelshap,-0.1415683802055276,-0.023573924665865692,0.21266357600688934
6504,6329,kernelshap,0.054446395859122275,0.07076129503548145,0.2821274399757385
6505,7081,kernelshap,-0.17833415667215982,-0.06100850086659193,0.06359463930130005
6506,6786,kernelshap,-0.2475963515539964,-0.0478668090266486,0.010641198605298996
6507,8458,kernelshap,-0.2447262231260538,-0.05458915149793029,0.04596208035945892
6508,5206,kernelshap,0.31099439648593347,0.19590267938811604,0.729332685470581
6509,6053,kernelshap,-0.2498448357499879,-0.05637191981077194,0.035901401191949844
6510,131,kernelshap,0.004687322786560765,-0.04389360436686763,0.22445830702781677
6511,3692,kernelshap,-0.38783856604381334,-0.04544307922645073,0.0025436722207814455
6512,6192,kernelshap,-0.08971974425590955,-0.06333027006341861,0.25670063495635986
6513,9523,kernelshap,-0.06393270730608847,-0.10677041040688026,0.09408332407474518
6514,4587,kernelshap,-0.12927050612590932,-0.1310501093113864,0.09424690157175064
6515,9818,kernelshap,-0.2431363278232953,-0.013811127720948528,0.04872306063771248
6516,3235,kernelshap,0.29614665483434993,0.1422067110737165,0.6959211826324463
6517,8641,kernelshap,-0.17776339813800796,-0.05615975065822048,0.004867217969149351
6518,4879,kernelshap,-0.13448793964371794,-0.032976423079768814,0.006866496056318283
6519,6854,kernelshap,-0.018409593403339385,-0.06260716851268495,0.20629441738128662
6520,8572,kernelshap,-0.024855250492691994,0.006365986540913582,0.32391101121902466
6521,3639,kernelshap,-0.10810741489487034,-0.09877851605415344,0.2065764218568802
6522,7358,kernelshap,0.25347286822467013,0.02706740385499494,0.848475456237793
6523,8826,kernelshap,0.38905325112864375,0.24468869250267744,0.6115676760673523
6524,2303,kernelshap,0.34092190092609775,-0.03731409580476822,0.6689764857292175
6525,7315,kernelshap,0.3364468586855921,0.17884324542407332,0.7542608380317688
6526,5308,kernelshap,-0.12337747402489185,-0.13301926360211588,0.04795151576399803
6527,6808,kernelshap,-0.21849723063923163,-0.09097511520416572,0.027255138382315636
6528,9395,kernelshap,-0.17472814241997325,-0.07154481415636837,0.0043520028702914715
6529,265,kernelshap,-0.2425730890068023,-0.048841018634645836,0.025978950783610344
6530,4763,kernelshap,-0.17533698408967918,-0.03522116861616572,0.009797750040888786
6531,9111,kernelshap,-0.1912528220564127,-0.0625341961470743,0.03425786271691322
6532,6789,kernelshap,0.19033561367541552,-0.020753485150635242,0.590389609336853
6533,4597,kernelshap,0.3864456814314638,0.2478699732039656,0.9069997072219849
6534,2531,kernelshap,-0.04164208739231794,-0.002000430837655679,0.1984277367591858
6535,4862,kernelshap,-0.15008382657260605,-0.12413861309037064,0.03391021862626076
6536,7669,kernelshap,0.16509049581853966,-0.005282698493254812,0.412742555141449
6537,316,kernelshap,-0.23244057517302663,-0.06183180654127347,0.019474787637591362
6538,1897,kernelshap,0.21911795660853386,0.034633776545524596,0.5879573225975037
6539,8860,kernelshap,-0.2090416856110096,-0.10501359477639198,0.13643969595432281
6540,6407,kernelshap,-0.05859762326710754,-0.15002239655910266,0.021667707711458206
6541,8231,kernelshap,-0.2587030930992435,-0.2231387544204207,0.07200539857149124
6542,8521,kernelshap,-0.4113698683679104,-0.20249061193317175,0.04329602047801018
6543,6112,kernelshap,-0.1678557832621866,-0.04458298684201307,0.02430630661547184
6544,8128,kernelshap,0.09033767320215702,-0.06416649557650089,0.325257271528244
6545,2039,kernelshap,-0.0556567365096675,-0.08272941038012505,0.3373856246471405
6546,103,kernelshap,-0.1770278960466385,-0.021071732856142215,0.040164411067962646
6547,3297,kernelshap,-0.1453800555318594,-0.07929410319775343,0.14388278126716614
6548,794,kernelshap,-0.2564871715195477,-0.038516384940594436,0.005065251607447863
6549,5967,kernelshap,-0.14447587465538697,-0.06977476639782682,0.2622986137866974
6550,5332,kernelshap,-0.23078197985887527,-0.3097860913942842,0.06587687134742737
6551,8586,kernelshap,0.09989235197242938,-0.021646909023586073,0.3674827516078949
6552,1658,kernelshap,0.15096389324892134,-0.03381425284204029,0.5020164847373962
6553,3933,kernelshap,-0.06485889558539246,-0.10668026633334882,0.13650541007518768
6554,6968,kernelshap,-0.27730935294595027,-0.08180408065931664,0.015283593907952309
6555,9469,kernelshap,-0.03302284492098767,0.0027944827857224836,0.2501419186592102
6556,7854,kernelshap,0.11414637333816952,0.03674491412109799,0.4259766936302185
6557,3210,kernelshap,-0.004935356477896373,-0.001492667943239212,0.35003623366355896
6558,7012,kernelshap,0.02808429238696893,-0.0282741275926431,0.5033076405525208
6559,9808,kernelshap,0.06670082569122314,0.04210868239402771,0.2762671113014221
6560,2973,kernelshap,0.25653940792146485,0.05118556869657416,0.4803959131240845
6561,932,kernelshap,0.0932751840353012,-0.10109145283699035,0.4014349579811096
6562,6163,kernelshap,0.37799832930690364,0.16182523652126915,0.915254533290863
6563,6432,kernelshap,0.5159064072370529,0.2689100205898285,0.9745040535926819
6564,3497,kernelshap,0.2717189351717631,0.021220646301905313,0.5456035137176514
6565,3202,kernelshap,-0.1902695705785471,-0.12925209784332445,0.023343535140156746
6566,2611,kernelshap,0.295301228761673,0.10758881171544393,0.5247154831886292
6567,9631,kernelshap,-0.04801582247018814,-0.03486359596252441,0.22760845720767975
6568,567,kernelshap,0.27637263104833404,0.1106909873156712,0.7236638069152832
6569,764,kernelshap,-0.2125333793687098,-0.07122062299061906,0.04737846180796623
6570,4366,kernelshap,-0.1303487335642179,-0.11588490357001623,0.15420879423618317
6571,8367,kernelshap,0.2774484192623812,-0.0198842655209934,0.5428609848022461
6572,7360,kernelshap,-0.1574436777542966,-0.04358383163829179,0.0016796797281131148
6573,1441,kernelshap,0.011737181366804768,-0.09114916797946482,0.1873389631509781
6574,921,kernelshap,0.13830355306466421,0.15139321320586735,0.6853117346763611
6575,8222,kernelshap,0.23278769424983434,0.11523876019886561,0.8048217296600342
6576,1794,kernelshap,-0.26985456861023394,-0.05476364400237799,0.02052241563796997
6577,3838,kernelshap,-0.2273843347405394,-0.07257678499445319,0.03621654212474823
6578,3122,kernelshap,-0.2085556705482304,-0.03105819397023879,0.006354974582791328
6579,6127,kernelshap,-0.2843865542314373,-0.10057747604038852,0.008014657534658909
6580,6319,kernelshap,-0.1500773597508669,-0.03046725601889193,0.029896698892116547
6581,2388,kernelshap,0.28677962347865105,0.04288318380713463,0.47264033555984497
6582,4466,kernelshap,0.2779031297110993,0.11189337204331937,0.5730688571929932
6583,4505,kernelshap,-0.0616295126080513,0.09365141153335571,0.17343918979167938
6584,1606,kernelshap,-0.16491173021495342,-0.10023466550299655,0.015103349462151527
6585,2147,kernelshap,-0.5076298722280905,-0.23333852666501814,0.0615299828350544
6586,36,kernelshap,0.6022930286824704,0.1466621220111847,0.7854849100112915
6587,9147,kernelshap,-0.01760166386763255,-0.11045546191079277,0.3181847929954529
6588,761,kernelshap,-0.18781957613385242,-0.07855819068525148,0.12206654250621796
6589,5268,kernelshap,-0.03965643420815468,-0.17164413910359144,0.20957669615745544
6590,3038,kernelshap,-0.2657278325142605,-0.04214513351741646,0.019569529220461845
6591,5503,kernelshap,-0.24579693993123677,-0.03229548011978085,0.02058752067387104
6592,5228,kernelshap,0.2990526485032049,0.19984981417655945,0.6258740425109863
6593,1623,kernelshap,-0.4627113355242688,-0.43778553993805597,0.1446055918931961
6594,577,kernelshap,-0.04541670180418912,-0.16499116841484518,0.10271941870450974
6595,6426,kernelshap,-0.15122723990473255,0.06300465736923547,0.24971477687358856
6596,8087,kernelshap,-0.30152733937690135,-0.09323950239310139,0.04205183684825897
6597,8536,kernelshap,0.32823229134082793,0.09413662552833557,0.5814566612243652
6598,9564,kernelshap,-0.15910938837462002,-0.06735374762987097,0.016003092750906944
6599,2232,kernelshap,-0.199574813246727,-0.16859148300829388,0.17972512543201447
6600,2319,kernelshap,-0.05769066512584686,-0.15130773037672043,0.2017628252506256
6601,5707,kernelshap,-0.4111652911660519,-0.30517975542139497,0.10721222311258316
6602,9690,kernelshap,-0.1292678599610277,-0.06162851534621871,0.041275572031736374
6603,5306,kernelshap,-0.051992372462624,-0.043148926214167944,0.31226062774658203
6604,7938,kernelshap,0.02512846965538828,-0.05124668541707491,0.3084762692451477
6605,2167,kernelshap,-0.31274140693924646,-0.10246967592022636,0.32015353441238403
6606,637,kernelshap,-0.09328241546948751,-0.2258143186569214,0.2369113713502884
6607,8668,kernelshap,-0.02167740523815155,-0.01818639278411865,0.26871800422668457
6608,5594,kernelshap,-0.1424234483357785,-0.10470630241824049,0.012680405750870705
6609,6555,kernelshap,-0.0977434449725681,-0.21693374382125008,0.14947444200515747
6610,8098,kernelshap,-0.47707498967647555,-0.25825842600315807,0.03292248025536537
6611,47,kernelshap,0.4201827320982428,0.1000264427241157,0.7709248065948486
6612,5505,kernelshap,0.2696680540130252,0.09349093763601213,0.5557584762573242
6613,9196,kernelshap,0.06452414393424988,0.08255663858010219,0.6326545476913452
6614,8416,kernelshap,0.11160231855782596,0.09352162480354309,0.49860090017318726
6615,4509,kernelshap,-0.2009325824677944,-0.05596141186542809,0.013668186962604523
6616,2638,kernelshap,0.22318039396229913,0.10121776514193591,0.7345981597900391
6617,8708,kernelshap,-0.043048675172030926,-0.12114862650632859,0.08072798699140549
6618,8476,kernelshap,-0.057160458781502464,-0.007378949699076739,0.15596148371696472
6619,3080,kernelshap,-0.08665382663408915,-0.026551284392674766,0.15965570509433746
6620,2870,kernelshap,-0.026445580646395683,-0.013320427387952805,0.26514989137649536
6621,2213,kernelshap,-0.3150626525063725,-0.16899146255694658,0.010725773870944977
6622,6043,kernelshap,-0.16743000410497189,-0.07206653663888574,0.046624600887298584
6623,3798,kernelshap,-0.08933913024763267,0.08329057072599728,0.5544701814651489
6624,7972,kernelshap,0.11083499132655561,0.15881069609895349,0.3260411322116852
6625,5739,kernelshap,0.05375169552862644,-0.030885111540555954,0.27731963992118835
6626,4822,kernelshap,-0.01892882673179402,0.029783287469078514,0.2577130198478699
6627,9067,kernelshap,-0.20840748609043658,-0.10604347300250083,0.0405559204518795
6628,5799,kernelshap,-0.21977071836590767,-0.1174905722339948,0.05296976864337921
6629,7482,kernelshap,-0.13327650005618732,-0.03794890260323882,0.0036292579025030136
6630,2114,kernelshap,0.4409936657547951,0.025642552375793458,0.6506621241569519
6631,1112,kernelshap,-0.3639948474864165,-0.04707383749385675,0.03613762930035591
6632,8178,kernelshap,0.16190982253655142,0.11453611241734546,0.4539547562599182
6633,3717,kernelshap,0.1333868923512372,0.030920036814429543,0.45997312664985657
6634,713,kernelshap,0.06586643627711705,0.005425078528267997,0.5046142339706421
6635,872,kernelshap,-0.0010050274431705475,-0.02614835939473576,0.1816200613975525
6636,1149,kernelshap,-0.22898082497219244,-0.11717582841714223,0.024432653561234474
6637,9299,kernelshap,-0.411975070014596,-0.030025044493377208,0.01383458636701107
6638,5663,kernelshap,-0.28761960353170124,-0.12844722771218844,0.10040811449289322
6639,8167,kernelshap,0.03925528980436779,-0.05947647563048771,0.3234998881816864
6640,3315,kernelshap,0.011682947166264057,-0.01320960046723485,0.28692805767059326
6641,4588,kernelshap,0.34779343340131974,0.02017112793745818,0.8715643286705017
6642,5098,kernelshap,-0.2563401633873582,-0.061632289458066224,0.012968084774911404
6643,6077,kernelshap,-0.13408503597602248,-0.059034061571583155,0.017991578206419945
6644,7966,kernelshap,-0.2510097463382408,-0.0569916519234539,0.0013423408381640911
6645,1020,kernelshap,-0.2827029353938997,-0.0549217010702705,0.012677907012403011
6646,4102,kernelshap,0.3797161576562914,0.07958249542219885,0.8339940309524536
6647,5368,kernelshap,0.4316925091239122,0.18490115839701432,0.8400371074676514
6648,6543,kernelshap,0.08900267630815506,-0.02781362214992786,0.3431854844093323
6649,958,kernelshap,-0.07670725931723912,-0.1827755739291509,0.14438126981258392
6650,3846,kernelshap,0.06208739553888639,-0.19188872393634585,0.6196422576904297
6651,2748,kernelshap,-0.2783273497925085,-0.1307372709407526,0.08493014425039291
6652,4710,kernelshap,0.164415537246636,0.08679295863424029,0.39144542813301086
6653,8279,kernelshap,-0.1652928963303566,-0.03564716000109911,0.03442125394940376
6654,586,kernelshap,-0.2764560683733887,-0.04835139194296466,0.03668462857604027
6655,1817,kernelshap,0.259988259524107,0.03267032333782741,0.5460230112075806
6656,782,kernelshap,0.18763517091671625,0.002754269374741448,0.38867396116256714
6657,8241,kernelshap,0.11003981530666351,0.009602926897280144,0.3748607337474823
6658,335,kernelshap,0.019589906801348148,0.029753346158110577,0.287555456161499
6659,3755,kernelshap,-0.04283287308432839,0.06591800126162442,0.2146470695734024
6660,2191,kernelshap,-0.02395332999089185,-0.021692132248597985,0.28419771790504456
6661,9214,kernelshap,-0.01958204096271878,-0.049875827062697636,0.2691485285758972
6662,5205,kernelshap,-0.19481839935638404,-0.15074948094000942,0.0575362853705883
6663,6073,kernelshap,-0.28186131960579325,-0.0655039439776114,0.08396565914154053
6664,23,kernelshap,-0.20230494417688427,-0.11526656369952594,0.11261492222547531
6665,4923,kernelshap,-0.38140801493735876,-0.20494690647020058,0.061021383851766586
6666,4556,kernelshap,-0.2469567192925347,-0.14638667967584398,0.24860934913158417
6667,2012,kernelshap,-0.0034513370348857,-0.03449114297445004,0.35563814640045166
6668,381,kernelshap,-0.18656712248921395,-0.09129591695964337,0.037967659533023834
6669,3127,kernelshap,0.04725682735443115,-0.01469980226829648,0.21845991909503937
6670,6398,kernelshap,0.12950316071510315,-0.013215054165233265,0.6630389094352722
6671,1981,kernelshap,-0.2374181127441781,-0.04635295531313334,0.005394446663558483
6672,3095,kernelshap,-0.32813156774157987,-0.0748628626084503,0.011352366767823696
6673,6758,kernelshap,-0.1656219247088302,-0.051688724794075824,0.0064395093359053135
6674,2025,kernelshap,0.40276065667470295,0.11158402760823567,0.6416126489639282
6675,9398,kernelshap,-0.32758122124462663,-0.039660687455633545,0.0017090571345761418
6676,5100,kernelshap,-0.1542907904367894,-0.03801372257294133,0.00658273184671998
6677,3526,kernelshap,-0.33090844026042354,-0.04633730427465505,0.015641329810023308
6678,7532,kernelshap,0.29273976172719685,0.29544336526166826,0.6270502209663391
6679,3007,kernelshap,-0.007120628295273617,0.06421519815921783,0.5438830256462097
6680,1084,kernelshap,0.3158920155290295,0.0849911044625675,0.5655570030212402
6681,9837,kernelshap,0.12358538144164616,0.015444324524314315,0.5440959930419922
6682,9258,kernelshap,-0.23843565157481603,-0.09400172389688946,0.17261384427547455
6683,4503,kernelshap,-0.19234122708439827,-0.1687227883376181,0.10641404986381531
6684,1575,kernelshap,0.2578773545101285,0.02140098065137863,0.7099810838699341
6685,3091,kernelshap,0.38783183445533115,0.1327455778916677,0.8751144409179688
6686,2484,kernelshap,-0.3162269156426191,-0.03382361195981502,0.06483732908964157
6687,4489,kernelshap,0.04441571661404201,-0.09713423110189892,0.3395431935787201
6688,5070,kernelshap,-0.2525414563715458,-0.05269630753900856,0.07770730555057526
6689,5669,kernelshap,0.4350074181954066,0.1953511017340201,0.7978162169456482
6690,2138,kernelshap,-0.06546049791833629,-0.1262669757656429,0.143035426735878
6691,6580,kernelshap,-0.31552898032324656,-0.06945051236211189,0.009570155292749405
6692,2516,kernelshap,-0.22840670328587293,-0.035534103959798814,0.041411060839891434
6693,9154,kernelshap,0.1183539718389511,0.109283726811409,0.4071199893951416
6694,5456,kernelshap,-0.13813226182191146,-0.030475585904371525,0.002542091067880392
6695,3433,kernelshap,-0.02417457834178326,-0.08791248178949543,0.3196968138217926
6696,3989,kernelshap,-0.2939745102905565,-0.057393463587181434,0.01318898145109415
6697,7422,kernelshap,-0.10317552737567735,-0.1018686540748762,0.1537180244922638
6698,5009,kernelshap,-0.00525869686028053,0.046345232889570036,0.4265684187412262
6699,1458,kernelshap,-0.05931497315565745,-0.13055494626363118,0.3032118082046509
6700,952,kernelshap,-0.265304913574999,-0.1032218032262542,0.12776044011116028
6701,9718,kernelshap,0.14090501085708015,-0.14071368700579592,0.5182509422302246
6702,960,kernelshap,0.07089956340036895,-0.06550871855334232,0.4196206331253052
6703,7273,kernelshap,0.1858391584828496,0.06636716797947884,0.4810295104980469
6704,765,kernelshap,0.11206720490008593,0.1635659197345376,0.36835235357284546
6705,8316,kernelshap,-0.1658449051901698,-0.045876977033913136,0.18489451706409454
6706,3400,kernelshap,-0.06752925655908054,-0.02830145549443033,0.1176433265209198
6707,2316,kernelshap,0.11161699450828812,-0.03721532361073927,0.288962185382843
6708,9465,kernelshap,0.3463348829746246,0.1352459740638733,0.820496678352356
6709,9346,kernelshap,0.21315538989646093,0.06790653190442494,0.672723114490509
6710,7835,kernelshap,0.17364520505070685,0.16520041078329087,0.7621870636940002
6711,4032,kernelshap,0.37680729329586027,0.11355421344439189,0.9373722672462463
6712,2029,kernelshap,-0.2104701885864848,0.06413148308084124,0.39454779028892517
6713,4718,kernelshap,0.08292165119200945,-0.08585359528660774,0.2714459002017975
6714,286,kernelshap,0.40935603055087005,0.07133496349508112,0.9934485554695129
6715,908,kernelshap,0.07163691389210083,0.07436837124473908,0.5397204756736755
6716,1482,kernelshap,0.0774462107907642,-0.11969906769015572,0.27223533391952515
6717,9660,kernelshap,-0.22045527336498102,-0.23403161515792212,0.20938125252723694
6718,4712,kernelshap,-0.09561205761773246,-0.04269067410911832,0.13058507442474365
6719,2133,kernelshap,-0.19691602755337953,-0.06950318273156882,0.018274979665875435
6720,9608,kernelshap,-0.2748778983950615,-0.22920311987400055,0.14981146156787872
6721,9774,kernelshap,-0.06886728405952454,-0.030114724487066268,0.2365657389163971
6722,9211,kernelshap,-0.23138973917812108,-0.04378606223811706,0.011182229034602642
6723,563,kernelshap,-0.15402094833552837,-0.04462879070121309,0.014900797978043556
6724,291,kernelshap,0.1281214010502611,-0.1500290823834283,0.47393664717674255
6725,1713,kernelshap,-0.25195670153738725,-0.0824694030193819,0.006420265417546034
6726,4012,kernelshap,-0.34034789939011845,-0.029757635202258825,0.016706986352801323
6727,8922,kernelshap,0.2758799511939287,0.00915813073515892,0.512001097202301
6728,169,kernelshap,-0.1783175849739243,-0.014249393497319782,0.0672108381986618
6729,267,kernelshap,-0.02151196246797388,-0.07497433595585101,0.2784288823604584
6730,9144,kernelshap,-0.24044365485509236,-0.058250862856705984,0.01849137246608734
6731,3172,kernelshap,-0.018507738908131916,-0.08723545260727406,0.39240676164627075
6732,2286,kernelshap,-0.3472541658715768,-0.05100515213879672,0.10193856060504913
6733,315,kernelshap,-0.13773118314288912,-0.24261150118850527,0.32508882880210876
6734,8046,kernelshap,-0.20072121359407902,-0.06246129372933259,0.011098308488726616
6735,8822,kernelshap,0.4799409657716751,0.3388606005094268,0.749055027961731
6736,245,kernelshap,0.2461374094709754,0.00714678814013799,0.4636363685131073
6737,5186,kernelshap,-0.06706519983708858,-0.10224457830190659,0.3448076844215393
6738,5421,kernelshap,0.20086449771015732,-0.01699899081830625,0.4596599042415619
6739,6065,kernelshap,-0.07942643632059512,-0.06505239479567694,0.09551749378442764
6740,50,kernelshap,0.21857794948986597,0.00196948732648577,0.5483059287071228
6741,3021,kernelshap,-0.22714108104507127,-0.06311508019765218,0.0344432108104229
6742,7028,kernelshap,-0.1279047981456474,0.016576062198038453,0.3482997715473175
6743,1372,kernelshap,-0.18856761469082398,0.07091795382174579,0.2596820592880249
6744,4176,kernelshap,-0.13057786002755165,0.0061540365219116214,0.17343220114707947
6745,2470,kernelshap,-0.1413868431534086,-0.07662814203649759,0.00725655909627676
6746,8000,kernelshap,0.2622823218504588,0.0657999614874522,0.7493796348571777
6747,6156,kernelshap,-0.19541830709204078,-0.04220707045169547,0.01881452091038227
6748,1498,kernelshap,-0.307706806394789,-0.19271783806659556,0.09309433400630951
6749,5868,kernelshap,-0.11240583026988639,-0.029575986373755667,0.05912746861577034
6750,1963,kernelshap,0.0037016063928604127,0.18484824672341346,0.45506834983825684
6751,248,kernelshap,0.03975315690040589,-0.017546458542346953,0.3336604833602905
6752,4771,kernelshap,0.05627954148110889,0.08266526176815941,0.5750445127487183
6753,1277,kernelshap,0.2109910267240861,-0.06699735452147092,0.619950532913208
6754,4905,kernelshap,-0.027992719206316716,-0.08056446755754537,0.24206717312335968
6755,8025,kernelshap,-0.5149321609309742,-0.1908018191655477,0.08232808858156204
6756,2110,kernelshap,0.16565743957956633,-0.0556190125644207,0.5030661821365356
6757,9776,kernelshap,0.2684944632553285,0.11217466381288344,0.7856916785240173
6758,2945,kernelshap,0.2296210452914238,0.08526375393072765,0.6487014889717102
6759,6249,kernelshap,-0.11767520716315821,-0.07764501948105662,0.15569588541984558
6760,7023,kernelshap,-0.29726184985559917,-0.05577155237045625,0.005492150783538818
6761,795,kernelshap,0.12558966440459093,-0.07195875545342763,0.41557133197784424
6762,9717,kernelshap,-0.19845569878816605,-0.2468293194969495,0.12686966359615326
6763,7908,kernelshap,-0.16970011804785048,-0.20826019666024617,0.14366397261619568
6764,5371,kernelshap,-0.132341883248753,-0.04211976068715254,0.10620340704917908
6765,9655,kernelshap,-0.1762492988597263,-0.13885777900842103,0.05856282263994217
6766,447,kernelshap,-0.17144148867448855,-0.08626012658250742,0.019516216591000557
6767,2968,kernelshap,-0.19504520532331968,-0.04133620015100429,0.048845671117305756
6768,2152,kernelshap,0.13076001600078915,0.14147210380305414,0.4681960642337799
6769,7838,kernelshap,-0.30054080259540805,-0.29537146943418874,0.0385376438498497
6770,4852,kernelshap,0.0017024359355370204,-0.009462111939986547,0.20599697530269623
6771,5157,kernelshap,-0.07387690190915708,-0.19106688322844328,0.412262886762619
6772,683,kernelshap,0.14700442016124726,0.06445477247238159,0.7792206406593323
6773,8118,kernelshap,-0.16272707568371997,-0.016808084595729324,0.06082053855061531
6774,6681,kernelshap,-0.5636283042530219,-0.27650154928366344,0.027975384145975113
6775,5741,kernelshap,-0.0693986713886261,-0.06557481735944748,0.271180659532547
6776,1488,kernelshap,-0.1480514011100719,-0.027463878308864015,0.0452314168214798
6777,3077,kernelshap,-0.1443629586888898,-0.0342161645812373,0.1590126007795334
6778,3905,kernelshap,-0.24737349643212994,-0.0682419563484628,0.02138281986117363
6779,8594,kernelshap,-0.3188791288570924,-0.05574374188753692,0.09932880103588104
6780,318,kernelshap,-0.24903868018619477,-0.03638027247882659,0.04363894835114479
6781,856,kernelshap,0.06477751061320305,-0.1501153533657392,0.2540927231311798
6782,7743,kernelshap,-0.40316498896171304,-0.028352016037137343,0.07442079484462738
6783,2770,kernelshap,-0.11358759908803871,-0.08729410219405379,0.01965063437819481
6784,3566,kernelshap,-0.3110641016460517,-0.15220251131583662,0.03157947212457657
6785,376,kernelshap,0.04035724513232708,-0.0420432234449046,0.3191399574279785
6786,410,kernelshap,-0.0594108576575915,-0.1171565196580357,0.14707645773887634
6787,2405,kernelshap,0.12809931114315987,0.07564475834369659,0.5692591667175293
6788,3776,kernelshap,-0.22232207357883454,-0.07678929306566715,0.02185065671801567
6789,3946,kernelshap,0.42798743148644763,0.41678958965672386,0.6866202354431152
6790,1111,kernelshap,-0.06250029057264328,-0.0240378523511546,0.11384977400302887
6791,7660,kernelshap,0.06943846360231057,0.17205549661929792,0.6148086786270142
6792,8001,kernelshap,-0.1119467770414693,-0.13839265331625938,0.074343241751194
6793,2288,kernelshap,-0.12838645093142986,-0.03341388306580484,0.029039278626441956
6794,2127,kernelshap,0.11121541520823604,0.054292468273121376,0.49115344882011414
6795,5581,kernelshap,-0.21224054472091106,-0.06601011291002998,0.01503793429583311
6796,8256,kernelshap,0.2379440888762474,0.08106067948616467,0.6745533347129822
6797,6751,kernelshap,-0.16599217718467116,-0.12708960399031638,0.05247730761766434
6798,9399,kernelshap,-0.21575097625072187,-0.30154704589110154,0.1052628681063652
6799,2233,kernelshap,-0.2520894728328005,-0.06156875741475358,0.0031137189362198114
6800,5550,kernelshap,-0.15715804789215326,-0.026914377696812153,0.15413615107536316
6801,274,kernelshap,-0.4284663717620648,-0.11420603562146425,0.016693508252501488
6802,2344,kernelshap,-0.08172120663026969,-0.07374123620490233,0.05486561357975006
6803,1568,kernelshap,0.37483609856470773,0.0665889252787051,0.6346242427825928
6804,3133,kernelshap,-0.14584448572361108,-0.055135921546907135,0.2367822229862213
6805,6178,kernelshap,-0.024972752613179824,-0.09724396467208862,0.2207033783197403
6806,7955,kernelshap,-0.21742850844748318,-0.023739986354485154,0.04655905067920685
6807,7820,kernelshap,-0.22173792704939843,-0.058694299682974814,0.03791545704007149
6808,9415,kernelshap,-0.007486123177740309,-0.07761087848080529,0.22204652428627014
6809,2574,kernelshap,-0.30940986195435893,-0.029864261356683876,0.23711691796779633
6810,965,kernelshap,0.4874643491847174,0.08663488871284894,0.8059965968132019
6811,2291,kernelshap,0.4464517344410221,0.17304454371333122,0.651631772518158
6812,5375,kernelshap,-0.22674562533696493,0.02465212717652321,0.24746882915496826
6813,6670,kernelshap,-0.37465606949159075,-0.07539474352129868,0.06641469150781631
6814,8955,kernelshap,-0.08739334013726976,-0.0718071245484882,0.16458193957805634
6815,8059,kernelshap,-0.3532858213875443,-0.04751210709218867,0.011133963242173195
6816,2755,kernelshap,-0.1938357659512096,0.022970948213090498,0.13641993701457977
6817,4474,kernelshap,0.070461345911026,0.08219541788101196,0.7257764339447021
6818,3910,kernelshap,-0.11099369810628039,-0.04840067650989762,0.014457088895142078
6819,2002,kernelshap,0.3474200665950775,0.21368628302041223,0.8516564965248108
6820,4794,kernelshap,-0.1890990755387715,-0.053196953875677924,0.1075531542301178
6821,8644,kernelshap,0.10062552021967398,0.008546189681903736,0.546720564365387
6822,6394,kernelshap,0.1253021860664541,-0.11455736241557381,0.41807031631469727
6823,5339,kernelshap,0.07962311026842697,-0.08910119857477106,0.24166259169578552
6824,1730,kernelshap,-0.16621337465520175,-0.04728507862057326,0.019138842821121216
6825,2360,kernelshap,0.38873943754217843,0.05998962304808877,0.7268270254135132
6826,9379,kernelshap,-0.040558693664414544,-0.06559792320643153,0.2394772171974182
6827,9058,kernelshap,-0.1628762243522538,-0.0711634684767988,0.1518542319536209
6828,9028,kernelshap,0.01794735404352347,0.013754457235336304,0.45247936248779297
6829,7579,kernelshap,0.21009558168324557,0.04920805787498301,0.5479905605316162
6830,6428,kernelshap,0.0027471953316738733,-0.022820781720312017,0.5771923661231995
6831,1068,kernelshap,-0.3328909152432492,-0.10818079898231908,0.050804540514945984
6832,5337,kernelshap,-0.21266009319912305,-0.19356632706793872,0.1968742460012436
6833,1071,kernelshap,-0.07415185558299224,0.019392256624996662,0.1968740075826645
6834,9456,kernelshap,-0.0734150055795908,-0.12528172632058462,0.17924535274505615
6835,5020,kernelshap,0.09019843768328428,0.02013043314218521,0.5162355303764343
6836,2115,kernelshap,-0.1098689501070314,-0.05436683197816213,0.07817044854164124
6837,5910,kernelshap,0.31199649937691226,0.317455897408147,0.8420286774635315
6838,8448,kernelshap,-0.16577285528182983,-0.05773407071828842,0.1305079609155655
6839,3132,kernelshap,-0.1256496869669906,-0.034674906573290455,0.03241626173257828
6840,7703,kernelshap,-0.0583707076661727,-0.06557819334899678,0.18602986633777618
6841,474,kernelshap,-0.3500669935475225,-0.3595320251972779,0.14456066489219666
6842,8441,kernelshap,0.2524738290480205,0.2255289022411619,0.5526292324066162
6843,7584,kernelshap,-0.14093240188728823,-0.041809877454254185,0.006723271682858467
6844,3085,kernelshap,-0.05077109518258468,-0.09364383894464244,0.266539603471756
6845,8856,kernelshap,0.2330710348628816,-0.04293507621401832,0.6968699097633362
6846,5936,kernelshap,-0.01982420802116394,0.08780982792377472,0.3769429326057434
6847,3397,kernelshap,-0.2963950876922657,-0.044902574736624956,0.0035164637956768274
6848,4309,kernelshap,-0.20603161491453648,-0.048793000124749686,0.027501652017235756
6849,6169,kernelshap,-0.1990446957759559,-0.1388310664333403,0.03806060925126076
6850,3693,kernelshap,-0.2136621673901876,-0.27431948482990265,0.10533758252859116
6851,1691,kernelshap,0.07049015690298642,0.02076344805605271,0.6891828775405884
6852,4333,kernelshap,0.21250465655556092,0.12535645039035723,0.40692344307899475
6853,9574,kernelshap,0.3233486731847127,0.2955558786789576,0.7678642272949219
6854,8619,kernelshap,-0.0885159314410495,-0.04232685959764889,0.009747061878442764
6855,6832,kernelshap,0.10650571232492273,0.12039843472567471,0.8185045123100281
6856,3795,kernelshap,0.49817892281632675,0.033746460550709775,0.8808630108833313
6857,4649,kernelshap,-0.021823111389364516,-0.02802211365529469,0.18496564030647278
6858,9226,kernelshap,-0.10760452515549129,-0.07341841111580531,0.1652539223432541
6859,7372,kernelshap,0.012307641578131709,-0.05546932847335421,0.2298153042793274
6860,4929,kernelshap,-0.25717927829215403,-0.030581853352487087,0.019816726446151733
6861,4233,kernelshap,0.032992035647233325,-0.04908527533213298,0.4646453559398651
6862,1145,kernelshap,0.2462010851928166,0.11574695578643254,0.5470249652862549
6863,3111,kernelshap,-0.3077918466399698,-0.08378921449184418,0.07171812653541565
6864,8737,kernelshap,0.07758517066637675,-0.21455836863744826,0.4545203745365143
6865,2592,kernelshap,-0.0770071627838271,0.007971234619617462,0.33851659297943115
6866,9142,kernelshap,0.05295540299266577,-0.0006046714261174202,0.3143974840641022
6867,624,kernelshap,-0.15689350590109824,-0.4581843242049217,0.27170681953430176
6868,9043,kernelshap,-0.10194448107167293,0.005461807558803182,0.08716792613267899
6869,3283,kernelshap,-0.197034546898471,-0.007562164217233658,0.15887796878814697
6870,6341,kernelshap,-0.12206827012511591,-0.03227249253541231,0.0018437437247484922
6871,7522,kernelshap,-0.16037395616111003,-0.06015594009506075,0.026707712560892105
6872,9585,kernelshap,-0.05636281907558441,-0.17810688972473143,0.26601240038871765
6873,7440,kernelshap,0.0352643271191762,-0.02646099403500557,0.33558496832847595
6874,668,kernelshap,-0.056701167140688215,-0.04977939512048449,0.45657870173454285
6875,6750,kernelshap,0.2092738134019515,0.160116665503558,0.5023205280303955
6876,5165,kernelshap,0.23981750641877836,0.060222819447517395,0.5489365458488464
6877,5279,kernelshap,-0.098994335070962,-0.029635576265198842,0.06314520537853241
6878,582,kernelshap,-0.011510942959123187,0.07641957079370816,0.3109036684036255
6879,3945,kernelshap,-0.2669913065102365,-0.2803988622294532,0.16904138028621674
6880,7688,kernelshap,0.12676800006911867,0.07351880556061155,0.7455470561981201
6881,7614,kernelshap,-0.13740285485982895,-0.017502873515089352,0.17802466452121735
6882,1208,kernelshap,0.09407298248261213,0.06689786966890096,0.24863244593143463
6883,7944,kernelshap,0.09063675673678517,-0.014810627326369286,0.35907232761383057
6884,5030,kernelshap,-0.12604036112315953,-0.08034225727897137,0.08599187433719635
6885,76,kernelshap,-0.18483470160175453,-0.10171777992085977,0.03926362469792366
6886,6693,kernelshap,-0.09881991378086455,-0.009965978124562432,0.04063529521226883
6887,9478,kernelshap,0.07173609882593154,-0.0427022248506546,0.28569668531417847
6888,9464,kernelshap,-0.08526029375692208,-0.09925118895868461,0.08673493564128876
6889,1175,kernelshap,0.18378462323120662,0.08789111248084477,0.4329560399055481
6890,592,kernelshap,-0.18447994055847328,-0.09462252495189508,0.011291122063994408
6891,3774,kernelshap,-0.09704300896687941,-0.0318462611599402,0.21661542356014252
6892,5676,kernelshap,0.01936976718051093,0.020790795662573407,0.26615139842033386
6893,7362,kernelshap,-0.12407144572999743,-0.09793104065789117,0.4216432571411133
6894,1470,kernelshap,-0.13998418241739274,-0.007360677644610405,0.06417886912822723
6895,705,kernelshap,0.06486254831155142,-0.024159000317255656,0.3682469427585602
6896,1688,kernelshap,0.08290407061576843,-0.006016672021005212,0.49570244550704956
6897,4828,kernelshap,0.14624494832494986,0.07737803588742795,0.6771953105926514
6898,5386,kernelshap,-0.008270759135484695,0.020690416684374213,0.15134374797344208
6899,4564,kernelshap,0.37980009458566966,0.11574492956462659,0.6195475459098816
6900,7450,kernelshap,0.17167903908661433,0.04252714344433376,0.6627421379089355
6901,9324,kernelshap,0.17033013425491475,0.12508411429546498,0.4986462891101837
6902,4747,kernelshap,0.17336153003730273,0.05527801497986442,0.3887168765068054
6903,4303,kernelshap,0.25336245279158315,0.04835502562984344,0.5729836821556091
6904,6460,kernelshap,-0.2611306789605057,-0.07720397609998197,0.0350336916744709
6905,6239,kernelshap,-0.32120917660786824,-0.07750741118455634,0.020630361512303352
6906,7766,kernelshap,-0.054575927555561066,1.9700990782843695e-05,0.2531837522983551
6907,6739,kernelshap,0.4447236101735722,0.08348477564074776,0.9125749468803406
6908,8336,kernelshap,-0.12935732534554387,-0.037440654123201966,0.01252287719398737
6909,3464,kernelshap,-0.23762828353792428,-0.03499076385051012,0.020815972238779068
6910,1509,kernelshap,0.03907279372215271,0.01077978014945984,0.4367104172706604
6911,4978,kernelshap,-0.2759390153711842,-0.08283113231582026,0.08316656202077866
6912,6008,kernelshap,-0.05929981448032238,0.005820050835609436,0.28783729672431946
6913,5730,kernelshap,-0.03648830098765237,-0.12035557840551649,0.21123531460762024
6914,8334,kernelshap,-0.15823156221045387,-0.09307515331440502,0.09153387695550919
6915,4883,kernelshap,-0.2763648319989443,-0.01876971386373043,0.07234881073236465
6916,9740,kernelshap,-0.09040270774410321,-0.03148349775717808,0.08142296969890594
6917,3299,kernelshap,-0.18301643213878074,-0.12276216813673575,0.041241515427827835
6918,594,kernelshap,0.34214578072230023,0.09737401759182965,0.8378943800926208
6919,5521,kernelshap,-0.194638608644406,0.014619214615474144,0.09512393176555634
6920,6867,kernelshap,0.11372359548554276,0.14631984224825195,0.5447244048118591
6921,7999,kernelshap,-0.14293412828729266,-0.004092611815957796,0.0812896266579628
6922,7073,kernelshap,0.20904083991492237,0.0962672730286916,0.499752402305603
6923,2876,kernelshap,-0.13581868037581443,-0.07809431850910187,0.04552484303712845
6924,5595,kernelshap,-0.08131442763484441,-0.06390297054671325,0.05438673496246338
6925,8508,kernelshap,-0.07566237520603906,-0.007046886143230256,0.2009071409702301
6926,9525,kernelshap,0.1443448235859742,0.06948446341463037,0.49847882986068726
6927,4335,kernelshap,-0.08947710177073112,-0.2378165744818174,0.1951596885919571
6928,4540,kernelshap,-0.16473088378983516,-0.033724903853403196,0.025074129924178123
6929,10,kernelshap,-0.21541908707607677,-0.046106601064955746,0.027185779064893723
6930,8757,kernelshap,-0.28820916468446905,-0.07652520264188449,0.042473603039979935
6931,1217,kernelshap,0.3306157944930924,0.1801648305522071,0.6862500309944153
6932,1224,kernelshap,0.32857048576292786,0.10349955053433128,0.5966187715530396
6933,3206,kernelshap,0.4450303204357624,0.21004164777696133,0.7822200655937195
6934,93,kernelshap,-0.27976806461811066,-0.28064855155737506,0.2599893808364868
6935,8057,kernelshap,0.42261756019932883,0.15926229442868914,0.724498987197876
6936,2455,kernelshap,-0.014027615162459288,-0.05110959302295338,0.20654332637786865
6937,1247,kernelshap,0.235367271545771,-0.008112093886813602,0.4373481869697571
6938,2251,kernelshap,-0.05873683922820621,-0.060925163328647614,0.2536233067512512
6939,6380,kernelshap,0.36788773110934664,0.05938061220305307,0.9104214906692505
6940,4708,kernelshap,-0.10220618057867577,-0.102863192301372,0.09354972094297409
6941,7864,kernelshap,0.013002009596675634,-0.0205658795312047,0.280953586101532
6942,3916,kernelshap,-0.16158009364324458,-0.1131875740692896,0.06666555255651474
6943,3105,kernelshap,-0.03531408868730068,-0.019438300281763077,0.2776140868663788
6944,292,kernelshap,0.17308780385388267,0.0965264825909226,0.5047809481620789
6945,7616,kernelshap,0.013105864326159159,0.03531612242971148,0.30551448464393616
6946,2083,kernelshap,-0.3264971434005669,-0.0464396628418139,0.0027289893478155136
6947,4381,kernelshap,-0.05732817389070988,-0.009973984211683273,0.2532111704349518
6948,4291,kernelshap,-0.1552389129938092,-0.07397936983397813,0.0006939857848919928
6949,5404,kernelshap,-0.23236409693956375,-0.17038599476218225,0.04429818317294121
6950,6637,kernelshap,-0.1604032063562619,-0.06394311521006257,0.0610787607729435
6951,1090,kernelshap,-0.2552277185570668,-0.08469452341908917,0.013832137919962406
6952,8570,kernelshap,-0.22101449128240347,-0.009666943922638893,0.03692464530467987
6953,6206,kernelshap,0.3099348040727469,0.017957290777793296,0.837340772151947
6954,6843,kernelshap,0.36255848610943014,0.057489536702632904,0.82193922996521
6955,1078,kernelshap,0.14488047799643347,0.12461250582162071,0.40094926953315735
6956,1188,kernelshap,0.2970454668998718,0.05613317847251892,0.6987248063087463
6957,3984,kernelshap,0.06222606339940318,-0.014967993453696923,0.34940752387046814
6958,1369,kernelshap,0.14891791140491312,0.06372607363895937,0.4657645523548126
6959,8348,kernelshap,0.19114144518971443,-0.024248701121125902,0.5228691101074219
6960,5987,kernelshap,0.09936363816261291,0.056502807140350345,0.3508223593235016
6961,1599,kernelshap,-0.16730716343848936,0.03723355935465905,0.25718140602111816
6962,4573,kernelshap,-0.17809549168400143,-0.11524410448644472,0.03849129378795624
6963,5173,kernelshap,-0.21216633099202925,-0.08585913379031879,0.022260218858718872
6964,6459,kernelshap,0.11363394723998176,-0.005990020102924771,0.5419925451278687
6965,4404,kernelshap,0.5267916060984135,0.33898185193538666,0.871831476688385
6966,7585,kernelshap,0.2600762926869922,0.0633308854367998,0.7853783965110779
6967,8225,kernelshap,0.2170768447897651,-0.0086201447429079,0.49477246403694153
6968,4209,kernelshap,-0.17156022638082505,-0.04710174016654491,0.09496945142745972
6969,1418,kernelshap,-0.2335818924720546,-0.043689142716558355,0.00363340531475842
6970,3309,kernelshap,-0.1598924563399383,-0.16878115465598448,0.08713539689779282
6971,9362,kernelshap,-0.20154650935104915,-0.11399516108490172,0.20156258344650269
6972,6492,kernelshap,0.3457663531104724,-0.14993232819769117,0.6334680318832397
6973,7841,kernelshap,0.004120588302612305,-0.065403347214063,0.21792639791965485
6974,3037,kernelshap,-0.22260980236415678,-0.04392851616900701,0.022792277857661247
6975,1825,kernelshap,-0.18483560755848885,-0.0715964396018535,0.011447384022176266
6976,3842,kernelshap,0.06322076668341954,0.02550165355205536,0.2815951406955719
6977,4522,kernelshap,-0.15537223188827434,-0.10753200917194287,0.02515004761517048
6978,1569,kernelshap,-0.16133866955836615,-0.29737864558895427,0.32597413659095764
6979,1261,kernelshap,-0.22537310305051506,-0.10497696255333722,0.06865252554416656
6980,4918,kernelshap,-0.2172226536257023,-0.036339320581067695,0.005592189263552427
6981,5273,kernelshap,-0.10321197274959448,-0.029259116812185806,0.21457864344120026
6982,2478,kernelshap,-0.32289157035809596,-0.06632049460160105,0.013948235660791397
6983,5795,kernelshap,-0.09751342764745156,-0.07501303032040596,0.2123974859714508
6984,6864,kernelshap,0.07312945365905761,0.03309713721275329,0.563147783279419
6985,1616,kernelshap,0.14297763407230377,-0.01662738770246506,0.46613654494285583
6986,6913,kernelshap,0.16194847583770752,0.2513308525085449,0.46745431423187256
6987,2236,kernelshap,-0.3218904101978178,-0.00941434615980024,0.13544297218322754
6988,7618,kernelshap,-0.25236402517732454,-0.10085467884645742,0.032556626945734024
6989,5447,kernelshap,-0.17717621421727997,-0.031645144121004984,0.011950116604566574
6990,5554,kernelshap,0.5346101128003177,0.11103000360376694,0.8664960265159607
6991,7212,kernelshap,0.09661654631296794,-0.03832246434120905,0.3628862798213959
6992,7352,kernelshap,-0.18734526358544826,-0.04760658944025636,0.01958017237484455
6993,2533,kernelshap,-0.038550922522185053,-0.06415015113789861,0.13581806421279907
6994,5950,kernelshap,-0.058223749009462505,-0.1058871617110876,0.1297478824853897
6995,7947,kernelshap,-0.0654583103954792,-0.06718425145372749,0.09390699118375778
6996,2689,kernelshap,0.33993064363797504,0.1925581826104058,0.7710322737693787
6997,3110,kernelshap,-0.08421611327391404,-0.11044214322016789,0.338333398103714
6998,4397,kernelshap,0.09948531806468963,-0.041059281826019284,0.5574133396148682
6999,2935,kernelshap,0.21497677825391293,-0.04781284431616465,0.5315331220626831
7000,9632,occlusion_1,0.10009431495116307,0.17613865320499128,0.892997145652771
7001,9282,occlusion_1,-0.22056136476366142,-0.06953633772699457,0.04984396696090698
7002,106,occlusion_1,-0.2121113980970075,-0.06192315754390532,0.1666150838136673
7003,1446,occlusion_1,-0.12524217286625425,-0.0628184917810801,0.3070147633552551
7004,1513,occlusion_1,-0.16536320880164995,-0.0342801303794498,0.003760539460927248
7005,6498,occlusion_1,0.08738712574306287,0.11857756031186957,0.6039713025093079
7006,6973,occlusion_1,0.06681142507919244,-0.10378247659121241,0.30076706409454346
7007,4952,occlusion_1,-0.18552510745146059,-0.12215357544747266,0.02019277587532997
7008,8552,occlusion_1,-0.22371899946169418,-0.0036041272634809666,0.1508817970752716
7009,3027,occlusion_1,0.4261987036780307,0.13397552073001862,0.7689019441604614
7010,2760,occlusion_1,-0.12376606948673725,0.09950132593512535,0.35151758790016174
7011,3060,occlusion_1,-0.03365744437490191,-0.022067204543522425,0.22988669574260712
7012,33,occlusion_1,-0.21789573732873097,-0.05987752417978995,0.00611857557669282
7013,1349,occlusion_1,-0.2727433902521928,-0.1697557925557097,0.1068231388926506
7014,4934,occlusion_1,0.0780183158814907,0.007915650308132172,0.38874366879463196
7015,2680,occlusion_1,0.08687069531409972,0.10700220398364528,0.3822898864746094
7016,9074,occlusion_1,-0.21061936765909195,-0.06138501243872775,0.019449008628726006
7017,5414,occlusion_1,-0.1860444172971735,-0.06732937644578908,0.00570652773603797
7018,6663,occlusion_1,-0.08393572203137657,-0.04592920975251631,0.15341952443122864
7019,5286,occlusion_1,-0.386906690035875,-0.13774515351710412,0.025206051766872406
7020,3782,occlusion_1,-0.06994731561280787,-0.10464638064149767,0.029234685003757477
7021,4516,occlusion_1,-0.17096586525440216,-0.05906443321146071,0.026276446878910065
7022,4554,occlusion_1,-0.18941489809557147,-0.07072353006704994,0.02567732147872448
7023,1595,occlusion_1,-0.20704386182702506,-0.09252896883453314,0.006457239389419556
7024,3857,occlusion_1,-0.2485859026996101,0.08324717893833067,0.390585333108902
7025,3337,occlusion_1,-0.08657893452506799,-0.08672797565276806,0.5612554550170898
7026,9255,occlusion_1,-0.15915564724377224,-0.06992783514516694,0.04008273035287857
7027,1383,occlusion_1,-0.24021144016929294,-0.02496646603812342,0.11321505904197693
7028,4860,occlusion_1,-0.2354269545702707,-0.04610588561211314,0.041607312858104706
7029,7275,occlusion_1,-0.35064369504866394,-0.10601028135937193,0.04597030580043793
7030,8740,occlusion_1,-0.28714830707758665,0.020285519771277905,0.3524290919303894
7031,1155,occlusion_1,0.14427201125932776,0.05989176423653313,0.512457549571991
7032,6725,occlusion_1,0.017456119968777613,0.0483661542336146,0.5211524367332458
7033,1076,occlusion_1,-0.06698495465596872,-0.1644015773864729,0.019610153511166573
7034,3058,occlusion_1,-0.09229362677586705,-0.06325643274344896,0.13534902036190033
7035,4586,occlusion_1,-0.059183069691061976,-0.041362929592529935,0.06546402722597122
7036,1791,occlusion_1,-0.29612394164387995,-0.07556579835139789,0.16637098789215088
7037,6325,occlusion_1,-0.01768710513909658,-0.07047701279322306,0.14860214293003082
7038,7506,occlusion_1,-0.09386357168356578,0.011186898582511477,0.26880520582199097
7039,6495,occlusion_1,0.11914797676237006,0.10067549426304667,0.5471554398536682
7040,9542,occlusion_1,-0.0661596953868866,0.022277187359960454,0.23975609242916107
7041,4694,occlusion_1,0.23186410867398785,-0.06828295415447604,0.43873295187950134
7042,8369,occlusion_1,-0.22966626139047244,-0.07988965907134116,0.0029983895365148783
7043,7093,occlusion_1,-0.20633531565015967,-0.060515383879343666,0.18138490617275238
7044,2794,occlusion_1,-0.18158667599377426,-0.04334104905390869,0.007117798551917076
7045,39,occlusion_1,-0.19566771436122157,-0.04680844919095116,0.012984275817871094
7046,7478,occlusion_1,-0.11550589519388535,0.042944156071719,0.3921995759010315
7047,1253,occlusion_1,-0.24739298993899,-0.04737241289001845,0.0055189854465425014
7048,360,occlusion_1,-0.26284645684063435,-0.06596438107745987,0.02384047769010067
7049,9638,occlusion_1,-0.16103949397802353,0.03461020865610668,0.4394210875034332
7050,1726,occlusion_1,-0.2915857425507377,0.023006942780578837,0.2270084172487259
7051,439,occlusion_1,-0.023131216791543095,-0.03023725680329583,0.2238096296787262
7052,5267,occlusion_1,-0.15636475351365173,-0.055693917086019236,0.0183560810983181
7053,4337,occlusion_1,-0.1103410153836012,-0.10878859668970108,0.04572412744164467
7054,7724,occlusion_1,-0.1371642634845697,-0.07165699767378661,0.01663101278245449
7055,7676,occlusion_1,0.055949532488981886,0.12382006421685218,0.42115336656570435
7056,8913,occlusion_1,-0.12664261617912695,-0.06486561471739641,0.024519136175513268
7057,2492,occlusion_1,0.11224254190921784,0.10615967750549317,0.6145787835121155
7058,7462,occlusion_1,-0.2941725228235803,-0.03748395075936886,0.005783874075859785
7059,7430,occlusion_1,-0.005646311677992344,0.037814303301274776,0.39008429646492004
7060,6620,occlusion_1,-0.14393921103328466,-0.015117085538804531,0.27220845222473145
7061,6221,occlusion_1,-0.2408420127402577,-0.08057106717023998,0.0034887013025581837
7062,8844,occlusion_1,-0.08676831745965914,-0.02913528714667667,0.06381520628929138
7063,4518,occlusion_1,0.14977847337722777,0.0014448086420694986,0.5428768396377563
7064,1684,occlusion_1,-0.20852267103535788,0.012336925381705874,0.36855077743530273
7065,29,occlusion_1,-0.1866639264755779,-0.09543600140346421,0.09262941777706146
7066,6475,occlusion_1,0.18806511465282666,-0.005496604101998466,0.5151298642158508
7067,6691,occlusion_1,0.11515417502772424,0.02572762341268601,0.5996145009994507
7068,1747,occlusion_1,-0.40335241228342056,-0.06948359534144402,0.050263725221157074
7069,5559,occlusion_1,-0.03688783198595047,-0.04915921177182879,0.24816110730171204
7070,3325,occlusion_1,0.039046642184257505,-0.001036316156387329,0.4271799623966217
7071,4525,occlusion_1,-0.09190248666952054,0.03008754240969817,0.13948622345924377
7072,5434,occlusion_1,0.05056042472521464,0.08422702054182689,0.37306419014930725
7073,2129,occlusion_1,-0.14800189518266255,0.049973623620139226,0.32667073607444763
7074,5441,occlusion_1,-0.13234563645076108,-0.07838331827440777,0.04389920458197594
7075,9420,occlusion_1,-0.19288523517110767,-0.0706482529092361,0.02157183736562729
7076,1330,occlusion_1,0.045629237592220304,-0.05260535627603531,0.3004550635814667
7077,7369,occlusion_1,-0.07696351985214278,-0.14821025903802365,0.024981550872325897
7078,2275,occlusion_1,-0.08464687799706179,-0.05658812733257518,0.2008083462715149
7079,1765,occlusion_1,-0.018318687444147858,-0.004647306126096974,0.3277261257171631
7080,9131,occlusion_1,0.306266018028917,0.0688460058179395,0.6535645127296448
7081,6095,occlusion_1,0.35998375487068424,0.09970008711452069,0.5420705676078796
7082,1263,occlusion_1,-0.15441768492261568,-0.05006954694787661,0.40255555510520935
7083,1142,occlusion_1,-0.03607120321077459,-0.19250163085320415,0.17977546155452728
7084,7797,occlusion_1,-0.13251609851916632,-0.05803829017612669,0.16155530512332916
7085,4989,occlusion_1,-0.11540512788680292,-0.059617488134291866,0.29520750045776367
7086,4395,occlusion_1,-0.09578846852210435,0.18052951161834327,0.43969565629959106
7087,5333,occlusion_1,0.014888635638988379,0.017953205740813053,0.36456525325775146
7088,8163,occlusion_1,-0.12197621268304912,-0.02382514270191843,0.07493995130062103
7089,8995,occlusion_1,-0.1565247629495228,-0.017216033357031205,0.09998241066932678
7090,9568,occlusion_1,-0.12777264068524044,-0.071248231921345,0.013289926573634148
7091,6098,occlusion_1,-0.39107773395685047,-0.19371592052854025,0.10496580600738525
7092,7278,occlusion_1,0.04783972774942716,0.024730921785036723,0.1898026019334793
7093,1516,occlusion_1,0.050629357993602755,0.038075728714466094,0.5133695006370544
7094,3501,occlusion_1,-0.35128551508699146,-0.05377871569778238,0.055224865674972534
7095,4371,occlusion_1,-0.002344666048884392,0.21099267713725567,0.619037926197052
7096,7736,occlusion_1,0.3477250739284184,0.22532115164010422,0.6268463134765625
7097,1683,occlusion_1,-0.20523943211883305,-0.05343807390891016,0.014247450977563858
7098,1631,occlusion_1,0.05660827315988995,0.16094896268276943,0.6313174366950989
7099,4601,occlusion_1,-0.20802013912508566,-0.022305091542582357,0.14578430354595184
7100,6956,occlusion_1,0.07414066433906555,0.19505212008953093,0.6237486004829407
7101,8482,occlusion_1,-0.13588415473126447,-0.07830928051127838,0.02136848494410515
7102,9095,occlusion_1,-0.3270215297738711,-0.064017735576878,0.004196999594569206
7103,7344,occlusion_1,0.3820960262307414,0.1456776316519137,0.7690412998199463
7104,1732,occlusion_1,0.29749419597479015,0.12453047931194305,0.7954970598220825
7105,4373,occlusion_1,-0.4274946473200213,-0.02595852986401455,0.012075664475560188
7106,971,occlusion_1,0.09435297595337033,0.046462662518024445,0.3646191656589508
7107,6578,occlusion_1,0.01686162915494707,0.032594434089130826,0.49356797337532043
7108,1453,occlusion_1,-0.016196418749658686,0.010797168079175447,0.26105591654777527
7109,80,occlusion_1,0.2570589070341417,0.055958193859883716,0.49737077951431274
7110,8908,occlusion_1,-0.11523880930069615,-0.3019928292316549,0.10597539693117142
7111,96,occlusion_1,0.22477077692747116,0.1499001294374466,0.4941481053829193
7112,4376,occlusion_1,-0.09949639718979597,-0.08370429685769173,0.01453475933521986
7113,3207,occlusion_1,-0.011056882493636188,-0.06700246649629929,0.3655413091182709
7114,6462,occlusion_1,-0.19438767148291364,-0.07410944313468303,0.013848405331373215
7115,6220,occlusion_1,-0.1867831993666995,-0.04950571452112248,0.005274371709674597
7116,3279,occlusion_1,-0.18629960343241692,-0.11380911352378982,0.16403338313102722
7117,8741,occlusion_1,-0.3573545454179539,-0.05340053316424875,0.15786920487880707
7118,8758,occlusion_1,-0.22562802582979202,-0.06712784793447046,0.1417422741651535
7119,5396,occlusion_1,-0.4622961382958151,-0.3127987657097124,0.028233638033270836
7120,2855,occlusion_1,0.27259894212086994,0.16509236693382262,0.86751788854599
7121,1862,occlusion_1,-0.13978205068871893,-0.09621436470027628,0.03983970731496811
7122,7659,occlusion_1,0.21095881510425257,0.03796884900814778,0.6016866564750671
7123,8446,occlusion_1,0.05610033171251416,-0.05460345931351185,0.29516133666038513
7124,5152,occlusion_1,0.005806298719512092,-0.014196470379829407,0.25559312105178833
7125,2903,occlusion_1,0.33961497905642485,0.1880989060845486,0.7488054037094116
7126,7581,occlusion_1,0.11576587160428366,0.06009889493385951,0.36024776101112366
7127,9431,occlusion_1,-0.45578615027753744,-0.0722276542116614,0.02254759706556797
7128,8948,occlusion_1,-0.055047035555947914,-0.10054908049377528,0.07620558887720108
7129,2486,occlusion_1,-0.21933907270431519,-0.07017425554139274,0.10331449657678604
7130,5552,occlusion_1,-0.12162942915327019,-0.06794557937731345,0.007581600919365883
7131,5479,occlusion_1,-0.10444515446821849,-0.015134490529696147,0.2346341758966446
7132,3894,occlusion_1,-0.16679186484014447,-0.11520834182473746,0.01944699138402939
7133,9430,occlusion_1,-0.46912088729441165,-0.0749052318079131,0.026201436296105385
7134,9766,occlusion_1,-0.393403403815769,-0.003571990699995132,0.22111885249614716
7135,4355,occlusion_1,-0.08601383221823544,-0.08780205808579922,0.025010626763105392
7136,2833,occlusion_1,-0.19528085055450597,0.00875852070748806,0.22690869867801666
7137,3328,occlusion_1,0.27404308567444485,0.12159335944387648,0.6414497494697571
7138,8019,occlusion_1,-0.16265539042651653,-0.13394734325508276,0.04381505027413368
7139,3424,occlusion_1,0.060507604479789735,0.1400206722319126,0.7490634322166443
7140,4539,occlusion_1,0.2653993627539388,0.2079634843049226,0.586748480796814
7141,4921,occlusion_1,-0.22791460674741995,-0.1697169620057811,0.11550004780292511
7142,3469,occlusion_1,-0.08191098123788834,0.11728402574857076,0.5540797114372253
7143,5705,occlusion_1,-0.2364295542240143,-0.07917100712656974,0.09119841456413269
7144,311,occlusion_1,0.14675116080504197,0.06070890392248447,0.3952542543411255
7145,9045,occlusion_1,0.2604264510529382,0.13689192774749936,0.6321568489074707
7146,2619,occlusion_1,-0.30555679584885465,-0.08617426737629134,0.058949556201696396
7147,789,occlusion_1,0.09848988801240921,0.05658122400442759,0.4180052578449249
7148,2742,occlusion_1,0.1159693367779255,0.04000307768583298,0.8027546405792236
7149,5653,occlusion_1,-0.049507325825591884,-0.04918808241685232,0.09399571269750595
7150,483,occlusion_1,0.12419964203780348,-0.1325921267271042,0.4419711232185364
7151,8113,occlusion_1,-0.36131719627031467,-0.1380620595612904,0.03162655234336853
7152,8478,occlusion_1,0.05191191504983341,-0.11712923645973206,0.3365604877471924
7153,1199,occlusion_1,0.20788314250799325,0.06841485775434054,0.5291525721549988
7154,5507,occlusion_1,-0.2466584175825119,-0.09702681750059128,0.18415142595767975
7155,3653,occlusion_1,-0.15813717285269185,-0.13238947191520742,0.039301954209804535
7156,5065,occlusion_1,-0.19472131308387308,0.10594252803746392,0.4289138913154602
7157,1626,occlusion_1,-0.09993099346756935,-0.043192554265260696,0.2038452923297882
7158,7661,occlusion_1,0.2905498296022415,0.028893279401879562,0.7265898585319519
7159,6837,occlusion_1,-0.2298582996363225,-0.1035529274655425,0.06611941009759903
7160,7655,occlusion_1,0.03899502091937595,-0.019813795884450276,0.26056015491485596
7161,8538,occlusion_1,0.10512651183775493,0.0572374484368733,0.35622918605804443
7162,1775,occlusion_1,-0.19653654169468654,-0.18566994085198357,0.13439087569713593
7163,9643,occlusion_1,0.0021052510710433125,-0.020980201195925474,0.38042640686035156
7164,8884,occlusion_1,-0.10580343680997048,-0.005496183230030921,0.16288749873638153
7165,6778,occlusion_1,-0.11090540140867233,-0.04792166315019131,0.1107470914721489
7166,2340,occlusion_1,0.10260008807693209,-0.03591700962611607,0.3401915431022644
7167,7226,occlusion_1,-0.11108471588654951,-0.1763545356013558,0.09736444056034088
7168,1472,occlusion_1,-0.20437430608130636,-0.09454597049348411,0.02171798050403595
7169,8187,occlusion_1,-0.2111663940983514,-0.10127427532441086,0.015547595918178558
7170,6250,occlusion_1,-0.13236552829805173,-0.06951450144774035,0.07425989210605621
7171,2335,occlusion_1,-0.43221181796656716,-0.015202057030465867,0.20867718756198883
7172,8981,occlusion_1,-0.11724779701658658,-0.07535069435834885,0.044073738157749176
7173,8685,occlusion_1,-0.05249342386578691,-0.07536444556096504,0.07404804229736328
7174,251,occlusion_1,-0.3088111867032507,-0.06904515908921466,0.008205502294003963
7175,2732,occlusion_1,-0.3896850921172539,-0.040694274302736366,0.001703123445622623
7176,4329,occlusion_1,0.021757509973314073,0.10651712616284688,0.6426683664321899
7177,9545,occlusion_1,-0.13824708883961043,0.11850045166081852,0.34136512875556946
7178,2337,occlusion_1,-0.12968631461262703,-0.10135324133767022,0.12251366674900055
7179,8695,occlusion_1,-0.05677044295495556,-0.06691852620532436,0.13486348092556
7180,2215,occlusion_1,-0.08885972698529561,-0.02472429899942307,0.27679792046546936
7181,5436,occlusion_1,-0.21121845287936075,-0.06676297741276878,0.15172025561332703
7182,5058,occlusion_1,0.45558354689886693,0.12222089265522204,0.8138974905014038
7183,9548,occlusion_1,-0.155494239019311,-0.046395732008892555,0.17416349053382874
7184,108,occlusion_1,-0.1784796358810531,-0.08449901298930247,0.055110134184360504
7185,3019,occlusion_1,-0.2690030769445002,-0.07342161645647138,0.004758400376886129
7186,487,occlusion_1,0.3893430531024933,0.15996640258365208,0.6163955926895142
7187,2436,occlusion_1,0.1719466429804602,0.03236638153752973,0.385628879070282
7188,2417,occlusion_1,-0.11580922044813632,-0.05418217554688454,0.1011892557144165
7189,2684,occlusion_1,-0.08634263147478519,-0.0810985584621844,0.1571873277425766
7190,621,occlusion_1,-0.11760854780673981,0.0174860018491745,0.39354631304740906
7191,3281,occlusion_1,0.1280963823199272,0.006925639510154724,0.3395948112010956
7192,8547,occlusion_1,0.1958467960357666,0.01730604682649885,0.8118095993995667
7193,3941,occlusion_1,-0.20329306061778749,-0.09957323649099895,0.109358049929142
7194,2423,occlusion_1,-0.048894110534872325,0.18423143880707876,0.47275689244270325
7195,7682,occlusion_1,-0.12263101227581501,-0.14997014473192394,0.013910367153584957
7196,4960,occlusion_1,-0.37997181450619416,-0.14282531641861973,0.09442467987537384
7197,2766,occlusion_1,-0.05386848205869848,-0.11387440325184302,0.4344072639942169
7198,7662,occlusion_1,0.16105052190167563,0.0021406085718245734,0.30322813987731934
7199,416,occlusion_1,-0.1855559287702336,-0.09331978616469047,0.03494536131620407
7200,3898,occlusion_1,0.3078690782973641,0.19398514534297742,0.9186888933181763
7201,7632,occlusion_1,-0.16632503772243148,-0.08051460262920175,0.009645151905715466
7202,2328,occlusion_1,-0.1016178748215593,-0.08804124045474011,0.0011521205306053162
7203,2754,occlusion_1,-0.17866177013253465,-0.12014421294717227,0.04123559594154358
7204,8234,occlusion_1,-0.1389770346879959,-0.11878008365631104,0.1865486055612564
7205,3101,occlusion_1,0.03976969763636589,0.026899449229240417,0.3119380474090576
7206,2108,occlusion_1,0.034395898027079444,0.007287685360227313,0.23797370493412018
7207,3100,occlusion_1,-0.1788891382791378,-0.07294154746664895,0.13347218930721283
7208,5351,occlusion_1,0.38496955075571615,0.16202377984600683,0.7065466046333313
7209,3284,occlusion_1,0.12428430511670954,0.06080485442105461,0.3803650438785553
7210,4824,occlusion_1,0.22149557694792749,0.13890536725521088,0.8952322602272034
7211,6551,occlusion_1,-0.14181560803470866,-0.09080514854618481,0.01566854678094387
7212,7444,occlusion_1,0.16026542379575617,0.13471214999170864,0.4775603711605072
7213,304,occlusion_1,0.11994335197267078,0.07632455229759216,0.3436252772808075
7214,6360,occlusion_1,-0.2873322516679764,-0.12021908760070801,0.3825998306274414
7215,4190,occlusion_1,0.016509648589860825,-0.04594631635007404,0.24393358826637268
7216,6664,occlusion_1,-0.15123006535900962,-0.07154422274066342,0.03720008581876755
7217,1945,occlusion_1,-0.018346987664699554,0.022611370517147913,0.31405508518218994
7218,5817,occlusion_1,0.03816544102585834,0.09741466265657674,0.5210731029510498
7219,92,occlusion_1,-0.1284421250410378,-0.03815477813594043,0.003473356831818819
7220,119,occlusion_1,0.1293391754681414,0.05043962462381883,0.338790625333786
7221,9591,occlusion_1,0.06966158612207933,0.11105539243329655,0.711245596408844
7222,8421,occlusion_1,-0.08607142405777142,-0.061180649903313865,0.07780381292104721
7223,7945,occlusion_1,-0.18821597122587264,-0.0831943322555162,0.01853448897600174
7224,2487,occlusion_1,-0.29747125603582547,-0.07219560351222754,0.030467618256807327
7225,1245,occlusion_1,0.11313719057943672,-0.055657814256846905,0.2756369709968567
7226,346,occlusion_1,0.10602008280428973,0.008513416756283154,0.36546823382377625
7227,9392,occlusion_1,-0.2480730834700491,-0.06853974513385606,0.014017891138792038
7228,6604,occlusion_1,0.19532312783930036,0.11665432982974583,0.45175701379776
7229,6338,occlusion_1,-0.1998383641242981,-0.07236653789877892,0.042009711265563965
7230,8410,occlusion_1,-0.2957350737170169,-0.07071492664123837,0.25667011737823486
7231,4216,occlusion_1,-0.4674847945570946,-0.09030215388962201,0.018557950854301453
7232,7436,occlusion_1,-0.36205841787159443,-0.014636301435530186,0.28970667719841003
7233,6666,occlusion_1,-0.3999814395651673,-0.1000939995953531,0.05260423570871353
7234,8051,occlusion_1,0.22298274082796915,0.09616147141371455,0.5563945174217224
7235,1593,occlusion_1,-0.23999602544833631,-0.06479473023072761,0.03405850753188133
7236,6951,occlusion_1,-0.12431080524738018,-0.0070158655826862044,0.4173765480518341
7237,850,occlusion_1,-0.19684008921363524,-0.0851186078618325,0.0057133277878165245
7238,5506,occlusion_1,-0.2034621276415703,-0.06642118350761693,0.09133445471525192
7239,8479,occlusion_1,-0.2873348610342613,-0.07444533572665282,0.007184692192822695
7240,7182,occlusion_1,-0.07147198087639278,0.11178052508168751,0.3387456238269806
7241,2362,occlusion_1,0.18860147264786065,-0.07320434134453535,0.44749027490615845
7242,2178,occlusion_1,-0.14899375891046865,-0.07195311603801591,0.05741710215806961
7243,1731,occlusion_1,0.3120868005431615,0.07831223710225178,0.756737232208252
7244,4185,occlusion_1,0.12029227143839787,0.03318330253425397,0.4856129288673401
7245,673,occlusion_1,-0.0200688599244408,-0.14086372178533804,0.2696073055267334
7246,5212,occlusion_1,-0.1806488568718369,0.02656089172169969,0.343093603849411
7247,4417,occlusion_1,-0.1631024447693066,-0.0507899545641108,0.015573810786008835
7248,1056,occlusion_1,-0.1970545580541646,-0.08150805256984851,0.07064419239759445
7249,9593,occlusion_1,0.11536677628755569,0.18246829733252526,0.5826886296272278
7250,623,occlusion_1,-0.16426866887403385,-0.022882222951877685,0.038495901972055435
7251,6217,occlusion_1,-0.2958210118507084,-0.06336854324725114,0.010388139635324478
7252,9597,occlusion_1,-0.3611319345133058,-0.09317758884923212,0.16794173419475555
7253,2955,occlusion_1,-0.10702378630638122,-0.06689488142728806,0.11082400381565094
7254,88,occlusion_1,-0.15187963181071812,-0.07302700976530711,0.14639857411384583
7255,3538,occlusion_1,-0.12810921982715004,-0.004462652300533496,0.30781179666519165
7256,3643,occlusion_1,0.011725450003588642,0.012337109005009686,0.26475608348846436
7257,8313,occlusion_1,-0.2736991196870804,-0.305089887351759,0.07723483443260193
7258,5649,occlusion_1,-0.2541240254220994,-0.0470064699306692,0.0032751625403761864
7259,1355,occlusion_1,-0.22630197361663537,-0.019861691527896456,0.34740474820137024
7260,7142,occlusion_1,-0.09141730197838374,-0.028351186641624997,0.17611661553382874
7261,1512,occlusion_1,-0.380851486697793,-0.060314041445963085,0.049027785658836365
7262,7565,occlusion_1,-0.12355087373567664,-0.06395621403403905,0.35484251379966736
7263,733,occlusion_1,-0.07181781530380249,0.03174619078636169,0.5392802953720093
7264,8765,occlusion_1,-0.22140157485709472,-0.15850520046318278,0.21749843657016754
7265,9018,occlusion_1,0.23570749731290908,0.16498649971825735,0.7683819532394409
7266,6240,occlusion_1,-0.3130057053640485,-0.23977912799455225,0.058312226086854935
7267,590,occlusion_1,0.17206453141712008,0.10808518422501427,0.46616172790527344
7268,3745,occlusion_1,-0.19413379952311516,-0.14036073429243906,0.07809389382600784
7269,1919,occlusion_1,-0.23805017972534354,-0.07978860492056067,0.04664713144302368
7270,7799,occlusion_1,-0.429471829456502,-0.0653110289753511,0.03077181801199913
7271,7684,occlusion_1,0.02731246203184128,-0.05307688489556313,0.2943350672721863
7272,9486,occlusion_1,-0.2083373399157273,-0.03707238090665717,0.18662257492542267
7273,5027,occlusion_1,-0.1729160291807992,-0.09774471446871758,0.12086369842290878
7274,8568,occlusion_1,-0.16826006913712868,-0.1236266039001445,0.07091612368822098
7275,5425,occlusion_1,-0.05082275301218033,-0.16221748054027557,0.16160370409488678
7276,2377,occlusion_1,-0.2718192696985271,-0.035513651453786425,0.01750532165169716
7277,6447,occlusion_1,-0.1751034441921446,-0.04677323058799461,0.03349343687295914
7278,8029,occlusion_1,-0.20453398689054525,-0.04294020109451734,0.009075965732336044
7279,3855,occlusion_1,-0.11579523022685732,-0.03002846311955225,0.2596625089645386
7280,5221,occlusion_1,0.43232547789812087,0.2958919987082481,0.9413498044013977
7281,5792,occlusion_1,-0.2639643995712201,-0.11131219416856766,0.020763253793120384
7282,3006,occlusion_1,-0.6432884807387987,-0.07036172449588776,0.06569238752126694
7283,8706,occlusion_1,-0.09392678779032496,-0.03244313701159424,0.1744423359632492
7284,2943,occlusion_1,-0.0990720433664733,-0.11470666733281366,0.10981892049312592
7285,2072,occlusion_1,0.23261825123737598,0.09300940355350232,0.7290654182434082
7286,3873,occlusion_1,0.217968654135863,0.006726121902465821,0.4223073422908783
7287,9297,occlusion_1,0.14539483578308768,0.03275995021281035,0.40645790100097656
7288,9105,occlusion_1,-0.50253582573854,-0.08067447892748393,0.03588585555553436
7289,7635,occlusion_1,0.4231624975800514,0.06009298021143133,0.9004901647567749
7290,5313,occlusion_1,-0.16969446130096913,-0.049552394449710845,0.01510999072343111
7291,9675,occlusion_1,-0.1760621460584494,0.0682976918342786,0.36398887634277344
7292,2075,occlusion_1,0.17783852778375148,0.04675320088863373,0.8192225694656372
7293,7144,occlusion_1,0.22074260619970468,0.06006795626420241,0.6553483605384827
7294,3928,occlusion_1,-0.16720769107341765,-0.07404384128749371,0.09327482432126999
7295,1393,occlusion_1,0.1463138724748905,0.0444142772601201,0.4466409385204315
7296,263,occlusion_1,-0.1840478818377723,-0.07615951545860457,0.053059015423059464
7297,970,occlusion_1,-0.38194782674312594,-0.10236769378185272,0.17546716332435608
7298,5821,occlusion_1,-0.12670203449670225,-0.03875798547718053,0.0073525570333004
7299,8593,occlusion_1,-0.3963760205290534,-0.21868231723254378,0.035570353269577026
7300,4553,occlusion_1,-0.1291209583481153,-0.06711304909549654,0.031771354377269745
7301,1671,occlusion_1,0.5477179541356034,0.22558821903334725,0.7887787222862244
7302,3118,occlusion_1,0.10798389938744632,-0.026318493214520542,0.5251915454864502
7303,4367,occlusion_1,-0.24743557082755224,-0.09248273660029684,0.090721994638443
7304,1760,occlusion_1,-0.13597388731108773,-0.07992925122380257,0.04233000427484512
7305,3412,occlusion_1,0.08587372370741585,0.011385475370016966,0.414248526096344
7306,6066,occlusion_1,-0.16244900595672704,-0.06390437901158023,0.02400522492825985
7307,3616,occlusion_1,-0.1845843241111759,-0.04845326263731455,0.003942056559026241
7308,5874,occlusion_1,-0.1755740660287085,-0.19760083868390038,0.15074439346790314
7309,2189,occlusion_1,-0.061285447167313614,-0.09158417582511902,0.09765826910734177
7310,6071,occlusion_1,-0.2785855395098527,-0.01637621410191059,0.24541237950325012
7311,5148,occlusion_1,0.33237627367762956,0.35247674781609983,0.6817622184753418
7312,9064,occlusion_1,0.1164268594649103,-0.00040004319614834257,0.4314616322517395
7313,8381,occlusion_1,-0.11809003291030724,-0.18419601664774948,0.0440385639667511
7314,3352,occlusion_1,-0.1398923204590877,-0.049083423955986895,0.02755170874297619
7315,799,occlusion_1,0.19953911591853415,0.01333494165113994,0.48398950695991516
7316,8656,occlusion_1,-0.35354645197328766,-0.094564328264249,0.03830326348543167
7317,7305,occlusion_1,0.06633828043937683,0.20852702975273132,0.8244568705558777
7318,7948,occlusion_1,-0.3232058332198196,-0.07722732435084051,0.013391515240073204
7319,7233,occlusion_1,-0.1697306647812101,-0.06509855855256319,0.021001538261771202
7320,2392,occlusion_1,0.010968380090263154,0.02584318071603775,0.2796178460121155
7321,3443,occlusion_1,-0.36145561483378214,-0.0826139793627792,0.03493209928274155
7322,8558,occlusion_1,0.008728486796220144,-0.06637416804830233,0.25418126583099365
7323,5014,occlusion_1,-0.21356180131745836,-0.058875339183335505,0.01671198382973671
7324,4362,occlusion_1,0.15591382509783694,0.13441078443276255,0.7630528211593628
7325,8224,occlusion_1,0.21845265825589497,0.1363242010275523,0.6828593611717224
7326,6865,occlusion_1,-0.06359130594557008,-0.2100251610032641,0.027802204713225365
7327,7389,occlusion_1,-0.20938315615057945,-0.05215989662842317,0.18711738288402557
7328,303,occlusion_1,0.4572147786617279,0.1473456519842148,0.6459800004959106
7329,8398,occlusion_1,0.4862251019961125,0.1957505152032182,0.7705745100975037
7330,2907,occlusion_1,-0.10175133141733352,-0.08970040561897415,0.01626875437796116
7331,4619,occlusion_1,-0.0660339110220472,-0.10093675560007492,0.006322898901998997
7332,4765,occlusion_1,-0.046034324914216995,-0.0008827932178974152,0.32550325989723206
7333,3320,occlusion_1,-0.029709650624182918,0.07853806066897608,0.4129588007926941
7334,5298,occlusion_1,-0.16429728974142802,-0.08206564714403256,0.02145194076001644
7335,7927,occlusion_1,0.44877344866593677,0.1023800919453303,0.6660886406898499
7336,2348,occlusion_1,0.13042950204440526,0.0927433797291347,0.762557864189148
7337,4267,occlusion_1,0.24902825776872964,0.31380195658782434,0.7990903854370117
7338,9648,occlusion_1,0.13133919549485049,0.19190079097946486,0.7482415437698364
7339,3024,occlusion_1,0.14523328095674515,0.09944429323077202,0.4161510467529297
7340,1373,occlusion_1,-0.13950143350909153,-0.07799315297355254,0.10828769207000732
7341,7377,occlusion_1,0.012991026043891907,0.03884581010788679,0.4187258183956146
7342,9782,occlusion_1,-0.31180429458618164,0.1144000954926014,0.3392331600189209
7343,2771,occlusion_1,0.16633657697174284,0.19861692521307203,0.8126265406608582
7344,3,occlusion_1,-0.05782068707048893,-0.09918942302465439,0.3665105700492859
7345,2908,occlusion_1,-0.24339459800138707,0.18153160955847764,0.46740657091140747
7346,3852,occlusion_1,0.14934867581254557,0.08148654354246039,0.45493656396865845
7347,532,occlusion_1,0.17475032335833499,0.05157660496862311,0.615926206111908
7348,7929,occlusion_1,-0.042391332713040436,-0.04383490573276173,0.3879829943180084
7349,9423,occlusion_1,0.3207754079591144,0.12422928485003384,0.8177005648612976
7350,290,occlusion_1,-0.07024973809719086,-0.16422963559627532,0.16260182857513428
7351,3014,occlusion_1,0.06351152434945107,-0.038877896033227444,0.3795442581176758
7352,2874,occlusion_1,-0.10849589579983761,-0.1108437031507492,0.14766962826251984
7353,5146,occlusion_1,-0.13905932692190012,-0.09633299615234137,0.1552627980709076
7354,2221,occlusion_1,-0.2871241047978401,-0.148019440472126,0.2016143947839737
7355,6958,occlusion_1,0.35198142814139527,0.027553329865137737,0.5701574683189392
7356,2997,occlusion_1,-0.10465410093643836,-0.13568909743002483,0.04953121021389961
7357,6729,occlusion_1,-0.10235515034524724,-0.0750006284750998,0.008972288109362125
7358,9159,occlusion_1,-0.32283131011268673,0.009241109385209926,0.17841611802577972
7359,6175,occlusion_1,-0.27795563969347215,-0.0826271617854083,0.19265064597129822
7360,568,occlusion_1,-0.19576454483743372,-0.07716812476001937,0.016646595671772957
7361,5284,occlusion_1,-0.18156656709521315,-0.06775993970764238,0.045839060097932816
7362,1107,occlusion_1,0.04591986962727138,0.04324119005884443,0.758317768573761
7363,135,occlusion_1,-0.11647386342287064,-0.03965356379747391,0.12590354681015015
7364,7828,occlusion_1,-0.11702476668038539,-0.04759433838937964,0.020876312628388405
7365,8709,occlusion_1,-0.13121971340083025,-0.06204981400686152,0.016713038086891174
7366,7998,occlusion_1,-0.15116320753639395,-0.0557770732451569,0.07914150506258011
7367,1087,occlusion_1,0.06705113631837509,0.20783913157442035,0.5357704162597656
7368,8291,occlusion_1,0.2996363924897235,0.20966132892214734,0.896889865398407
7369,2301,occlusion_1,-0.019389061778783797,-0.22641319155693054,0.050092391669750214
7370,4339,occlusion_1,-0.26530380227736067,-0.08303378309522357,0.170395627617836
7371,6851,occlusion_1,0.1466958457948985,0.05951420355726172,0.3925055265426636
7372,3047,occlusion_1,-0.21577714099548756,-0.13458852991461753,0.034153636544942856
7373,4130,occlusion_1,-0.5513814066847166,-0.07718486307809751,0.10439211875200272
7374,4521,occlusion_1,-0.3291000643124183,-0.05171262348691622,0.1764335334300995
7375,7538,occlusion_1,-0.15094412614901861,0.037897719691197075,0.4434598982334137
7376,5473,occlusion_1,-0.30480332848512465,-0.043121736548427075,0.005708278622478247
7377,388,occlusion_1,0.44446901663353566,0.13145421759078377,0.7412835955619812
7378,4217,occlusion_1,0.21423457376658916,0.20388350076973438,0.7475380301475525
7379,2122,occlusion_1,-0.20730320364236832,-0.13031268756215772,0.03653205931186676
7380,1310,occlusion_1,-0.16619803885825807,-0.07287914476667841,0.006404218729585409
7381,647,occlusion_1,0.17530852034687996,0.08379041105508804,0.5028367042541504
7382,6510,occlusion_1,-0.2964182108959281,-0.043699965763248895,0.0026651278603821993
7383,8040,occlusion_1,-0.2713544139017661,-0.09976717922836542,0.016112249344587326
7384,1183,occlusion_1,-0.12961402744986117,-0.08707883946287136,0.006948928348720074
7385,2859,occlusion_1,-0.23629491890852267,0.029076782556680534,0.1870996206998825
7386,7769,occlusion_1,-0.2500820524680118,-0.07156895217485726,0.004893041681498289
7387,8403,occlusion_1,0.2531380153754178,0.014395312351339003,0.49992257356643677
7388,7110,occlusion_1,-0.11376578251228613,-0.08246971721596577,0.04990537092089653
7389,5798,occlusion_1,-0.1284877818543464,0.005370008759200573,0.1734800934791565
7390,3128,occlusion_1,-0.2559717083897661,-0.03845623601227999,0.02637794427573681
7391,7197,occlusion_1,-0.10977618224345721,-0.12231104534405929,0.11003431677818298
7392,3148,occlusion_1,-0.1724160397052765,-0.09858807533979416,0.11647744476795197
7393,510,occlusion_1,-0.26009786841185656,-0.0925291165271226,0.020307330414652824
7394,3059,occlusion_1,-0.2280424800184038,-0.06440818371872108,0.1722683161497116
7395,7940,occlusion_1,-0.17673310314615567,-0.1105726053317388,0.06781624257564545
7396,4049,occlusion_1,-0.296768756210804,-0.1493316486477852,0.16113224625587463
7397,5875,occlusion_1,0.0025474908559218697,0.05517525193483933,0.36936989426612854
7398,3859,occlusion_1,-0.03848630388577779,0.09606481194496155,0.775790274143219
7399,6849,occlusion_1,-0.290044202376157,-0.0691389941610396,0.014884787611663342
7400,8149,occlusion_1,0.05556794427908384,0.2086162670300557,0.5806715488433838
7401,6260,occlusion_1,-0.12578301779601886,-0.04276197695213815,0.26756539940834045
7402,3312,occlusion_1,0.10823008535723937,0.17407190211509405,0.5156006813049316
7403,7866,occlusion_1,-0.02811783065016453,-0.036308177102070585,0.24110370874404907
7404,4201,occlusion_1,0.09285324084204297,0.08485626238723133,0.4674282371997833
7405,7652,occlusion_1,-0.18648618629032915,-0.03626608264378526,0.03659488260746002
7406,4273,occlusion_1,-0.029428719571142486,-0.029059820102922844,0.3246019184589386
7407,3181,occlusion_1,-0.021567840988819417,0.03289205523637625,0.4222126305103302
7408,3817,occlusion_1,-0.06462619167107803,-0.06311180347051376,0.3791472315788269
7409,1880,occlusion_1,-0.1254455190565851,-0.053914701773060694,0.1556859165430069
7410,5350,occlusion_1,0.20487609181715094,0.14325906854608786,0.49084746837615967
7411,3615,occlusion_1,0.144112285327267,0.20097800444912267,0.5541823506355286
7412,4058,occlusion_1,-0.043074267683550715,-0.1520795365795493,0.15394602715969086
7413,6915,occlusion_1,-0.5209944393071864,-0.05164898393882646,0.04219679906964302
7414,321,occlusion_1,0.026211665736304388,0.3122854067219628,0.6680099368095398
7415,4722,occlusion_1,0.12185460329055786,0.03381605183376985,0.41292208433151245
7416,6422,occlusion_1,0.251891799595045,0.1240318573039511,0.6547605395317078
7417,3295,occlusion_1,-0.024011073743595797,-0.01821237977813272,0.2608485221862793
7418,6421,occlusion_1,-0.1433405884925057,-0.08159692453987458,0.14809656143188477
7419,9330,occlusion_1,-0.22380461081241568,-0.06348503893241286,0.006920894142240286
7420,8138,occlusion_1,-0.25803511310368776,-0.11916446499526501,0.2029205709695816
7421,3205,occlusion_1,-0.28610201211025316,-0.07944940046096842,0.008342038840055466
7422,2522,occlusion_1,0.30470088528735295,0.09151169061660766,0.5078630447387695
7423,6998,occlusion_1,-0.2931668182068011,-0.08896358749445747,0.0556359589099884
7424,5556,occlusion_1,0.006757621963818868,0.011893252531687418,0.36902204155921936
7425,5938,occlusion_1,-0.015374684110283851,0.016515591740608217,0.3204911947250366
7426,500,occlusion_1,-0.15721049076981014,0.024111986988120608,0.370100736618042
7427,3000,occlusion_1,-0.1595144177737989,-0.10059827683787596,0.12666989862918854
7428,3555,occlusion_1,-0.2190883917569676,-0.051549114697777176,0.005347609985619783
7429,8612,occlusion_1,-0.2836179597458492,-0.05173087787503997,0.03690440207719803
7430,9249,occlusion_1,0.20944238950808844,0.056281500061353046,0.53188556432724
7431,3032,occlusion_1,0.004037494460741679,-0.07498560746510824,0.16035914421081543
7432,9705,occlusion_1,0.384521995153692,0.0036085976494683158,0.6412362456321716
7433,330,occlusion_1,-0.2111378699541092,0.016464202851057052,0.19843491911888123
7434,3078,occlusion_1,-0.12696334807311788,0.13036950655719814,0.4178873300552368
7435,2018,occlusion_1,-0.12342681208004554,-0.05781390476557943,0.08387569338083267
7436,3274,occlusion_1,-0.06954032257199287,-0.03184626251459122,0.1897171586751938
7437,3233,occlusion_1,-0.43031630523148034,-0.042036481556438264,0.08861353248357773
7438,3387,occlusion_1,-0.24490109182079323,-0.05761427645666117,0.0002668421948328614
7439,144,occlusion_1,0.2162355598476198,0.15926955971452925,0.8152123093605042
7440,9742,occlusion_1,0.05137344780895445,0.030011905564202204,0.5500736236572266
7441,367,occlusion_1,-0.1047952282242477,-0.016014156863093376,0.12966300547122955
7442,8679,occlusion_1,-0.08746930335958798,-0.022135571266214054,0.1456797868013382
7443,4304,occlusion_1,-0.2265859278185027,-0.18999527607645308,0.0738111361861229
7444,7178,occlusion_1,-0.11359954854616752,0.005525191815999838,0.2657877802848816
7445,333,occlusion_1,-0.6526629935099703,-0.09786395746809633,0.0022448129020631313
7446,518,occlusion_1,0.2012290467436497,0.08103726231134854,0.4412803649902344
7447,7040,occlusion_1,-0.14387722115498036,-0.09283555010915734,0.006370410323143005
7448,4229,occlusion_1,0.27685556560754776,0.3537371426820755,0.7407733798027039
7449,3833,occlusion_1,-0.21695862151682377,-0.07209748039022087,0.02034330926835537
7450,6058,occlusion_1,-0.32688214849023256,0.08324674122473773,0.43563300371170044
7451,576,occlusion_1,-0.17596169183140292,-0.06674170502297141,0.015031280927360058
7452,4215,occlusion_1,0.10407760347190656,0.08047426844898023,0.5733649730682373
7453,2758,occlusion_1,-0.19871084940118286,-0.05276517513900613,0.004482967313379049
7454,4756,occlusion_1,-0.4711410045299841,-0.11614455655217171,0.05211664363741875
7455,9000,occlusion_1,-0.12985540168980758,-0.04907911643385887,0.09554261714220047
7456,3813,occlusion_1,-0.2018400581384247,-0.051102602050047026,0.018762661144137383
7457,3045,occlusion_1,0.28726916338006653,0.07663680762052535,0.49227574467658997
7458,4047,occlusion_1,-0.1823613161132449,-0.08114904874847048,0.08657359331846237
7459,9094,occlusion_1,0.20577996131032705,0.02377779223024845,0.46498873829841614
7460,8181,occlusion_1,-0.10131464377045632,-0.034422265738248824,0.0994180291891098
7461,6309,occlusion_1,-0.18484341049635852,-0.020263642072677612,0.11395431309938431
7462,1479,occlusion_1,-0.2667621722710984,-0.05442418510626469,0.029923254624009132
7463,543,occlusion_1,-0.2987438045313646,-0.03788818052873529,0.029201088473200798
7464,1618,occlusion_1,-0.14020438440144062,-0.0995801767706871,0.048628658056259155
7465,9032,occlusion_1,0.501509405446775,0.2075528728239464,0.8392838835716248
7466,7746,occlusion_1,-0.11167030148208142,-0.07775789117440582,0.012013139203190804
7467,6039,occlusion_1,-0.15385220445353875,-0.08756066537038847,0.0547005869448185
7468,7919,occlusion_1,-0.4670424266633662,-0.15073188639838586,0.024027487263083458
7469,7624,occlusion_1,-0.23723529974619548,-0.09838889638582865,0.03218035399913788
7470,9495,occlusion_1,-0.020818371325731277,-0.08198171108961105,0.4171644151210785
7471,8657,occlusion_1,-0.06683975316229321,-0.029898163818177722,0.392701119184494
7472,7160,occlusion_1,-0.24467519280456362,-0.09916479459830693,0.12619172036647797
7473,2358,occlusion_1,-0.15620547919892347,-0.061098465481056616,0.020121054723858833
7474,8250,occlusion_1,-0.3154710648915447,-0.0230727044298597,0.0017731875414028764
7475,1655,occlusion_1,-0.014669785276055336,0.00032413974404335024,0.2124847173690796
7476,6911,occlusion_1,-0.1865786543348804,-0.06085781776346266,0.004674671217799187
7477,1746,occlusion_1,0.4442161895334721,0.11025138050317765,0.6620699763298035
7478,5794,occlusion_1,-0.2432692643825806,-0.017428193496720444,0.005703683476895094
7479,14,occlusion_1,0.36151151039770674,0.031220840556280955,0.5710968375205994
7480,1877,occlusion_1,-0.3229620338603854,-0.07003211509436369,0.014109996147453785
7481,7888,occlusion_1,0.032745017359654106,-0.16850529611110687,0.20526881515979767
7482,8520,occlusion_1,0.04346059262752533,0.12592209670050392,0.35594889521598816
7483,6883,occlusion_1,-0.07461111513631684,0.036456135500754626,0.28186291456222534
7484,3761,occlusion_1,0.12983948985735574,-0.021511034705700018,0.492264986038208
7485,0,occlusion_1,-0.15425194579142112,0.1713298906882604,0.4357873201370239
7486,6831,occlusion_1,-0.3755842861202028,0.00431449932080728,0.3510061502456665
7487,7722,occlusion_1,0.007140482144971047,-0.042865947369606264,0.2945769727230072
7488,9630,occlusion_1,-0.3181606405725082,-0.07733317663272223,0.06866639107465744
7489,7672,occlusion_1,-0.09261554346552917,-0.09319313535732883,0.03134454786777496
7490,6568,occlusion_1,-0.08862192503043584,-0.07813407693590436,0.14033734798431396
7491,655,occlusion_1,-0.03434209277232488,-0.05691774686177572,0.1666376143693924
7492,9349,occlusion_1,-0.14674962172284722,-0.07030732893488473,0.00483818119391799
7493,4241,occlusion_1,-0.2074088053061412,-0.058003474886600785,0.017345597967505455
7494,3023,occlusion_1,-0.1603566024109329,-0.060641191140013304,0.006109780166298151
7495,1851,occlusion_1,0.17456105116166568,0.09103598406440333,0.6105474829673767
7496,349,occlusion_1,-0.031687453389167786,-0.04289381411568872,0.24738675355911255
7497,6340,occlusion_1,-0.05368868540972471,0.11239555664360523,0.5098487734794617
7498,1156,occlusion_1,0.008004069328308105,-0.0848138244713054,0.27929550409317017
7499,3017,occlusion_1,-0.10372114216110535,-0.08924276701041631,0.1408715844154358
7500,457,occlusion_1,0.3717166211294091,0.09516285813373068,0.7910329103469849
7501,2867,occlusion_1,-0.2623758302493529,0.08695701509714127,0.42870235443115234
7502,5033,occlusion_1,0.29686391009734225,0.02637763092151055,0.6780276298522949
7503,4622,occlusion_1,-0.17687810503918192,-0.031781542560328606,0.21266357600688934
7504,6329,occlusion_1,-0.22059578746557235,-0.03756960779428482,0.2821274399757385
7505,7081,occlusion_1,-0.17120147620638212,-0.053727299285431705,0.06359463930130005
7506,6786,occlusion_1,-0.23936822960774104,-0.060303784596423306,0.010641198605298996
7507,8458,occlusion_1,-0.21653593257069587,-0.09321013521403074,0.04596208035945892
7508,5206,occlusion_1,0.1869985250438132,0.1520980592907929,0.729332685470581
7509,6053,occlusion_1,-0.21753186103084993,-0.09186849711013251,0.035901401191949844
7510,131,occlusion_1,0.11380288473985813,-0.11577572756343418,0.22445830702781677
7511,3692,occlusion_1,-0.37891818173894926,-0.04590152870098661,0.0025436722207814455
7512,6192,occlusion_1,-0.0784132070839405,-0.01626599494081277,0.25670063495635986
7513,9523,occlusion_1,-0.19505510588244693,-0.089397454043714,0.09408332407474518
7514,4587,occlusion_1,-0.09870766586175671,-0.11268008058821713,0.09424690157175064
7515,9818,occlusion_1,-0.18496503439896247,-0.05062927985016037,0.04872306063771248
7516,3235,occlusion_1,0.2910441116740306,0.17799598164856434,0.6959211826324463
7517,8641,occlusion_1,-0.21511137818119355,-0.06382445949462376,0.004867217969149351
7518,4879,occlusion_1,-0.17203819929134279,-0.04042569647676179,0.006866496056318283
7519,6854,occlusion_1,-0.009179385325738362,-0.08387810779469354,0.20629441738128662
7520,8572,occlusion_1,0.04045452456921339,0.009183223359286785,0.32391101121902466
7521,3639,occlusion_1,-0.04472667032054493,-0.08860416657158307,0.2065764218568802
7522,7358,occlusion_1,0.22183401009132123,0.051457049260879385,0.848475456237793
7523,8826,occlusion_1,0.42981546744704247,0.10809415020048618,0.6115676760673523
7524,2303,occlusion_1,0.2748399213437111,0.08802256949486272,0.6689764857292175
7525,7315,occlusion_1,0.36464831155949623,0.16585844703789415,0.7542608380317688
7526,5308,occlusion_1,-0.15278565147044984,-0.1906375422735106,0.04795151576399803
7527,6808,occlusion_1,-0.26289860628031453,-0.11213855663764066,0.027255138382315636
7528,9395,occlusion_1,-0.27378122046446574,-0.07448847659935172,0.0043520028702914715
7529,265,occlusion_1,-0.16573701347426875,-0.11700771919087223,0.025978950783610344
7530,4763,occlusion_1,-0.269920516707417,-0.05077479500323534,0.009797750040888786
7531,9111,occlusion_1,-0.24818774312734604,-0.09367205916593473,0.03425786271691322
7532,6789,occlusion_1,0.13116908632218838,0.15238811820745468,0.590389609336853
7533,4597,occlusion_1,0.4326714612543583,0.27327650519354,0.9069997072219849
7534,2531,occlusion_1,-0.060572475959093146,-0.05885369082291921,0.1984277367591858
7535,4862,occlusion_1,-0.17258079970876375,-0.13626537426854624,0.03391021862626076
7536,7669,occlusion_1,0.1769222899487144,0.006037026643753052,0.412742555141449
7537,316,occlusion_1,-0.1847371491848638,-0.07267656731174181,0.019474787637591362
7538,1897,occlusion_1,0.1879691645503044,0.052558194100856784,0.5879573225975037
7539,8860,occlusion_1,-0.2656641662120819,-0.11707580648362637,0.13643969595432281
7540,6407,occlusion_1,-0.2185472098386122,-0.05131752613104052,0.021667707711458206
7541,8231,occlusion_1,-0.428458790130475,-0.12814097369418426,0.07200539857149124
7542,8521,occlusion_1,-0.3947889946401119,-0.12345100585371256,0.04329602047801018
7543,6112,occlusion_1,-0.12488138944738442,-0.06429339655571514,0.02430630661547184
7544,8128,occlusion_1,0.05552959442138672,0.0076468028128147125,0.325257271528244
7545,2039,occlusion_1,-0.14846018122302163,0.10639612997571628,0.3373856246471405
7546,103,occlusion_1,-0.2189872129700887,-0.05683677786817917,0.040164411067962646
7547,3297,occlusion_1,-0.12606532638892531,-0.10348607879132032,0.14388278126716614
7548,794,occlusion_1,-0.2077310055308044,-0.07898226507008076,0.005065251607447863
7549,5967,occlusion_1,-0.15679355929879582,-0.025219807730001563,0.2622986137866974
7550,5332,occlusion_1,-0.31772050524459167,-0.06525525998543291,0.06587687134742737
7551,8586,occlusion_1,-0.10194818910799529,0.0058379659527226496,0.3674827516078949
7552,1658,occlusion_1,-0.036999380304699854,0.24117641363825118,0.5020164847373962
7553,3933,occlusion_1,0.021827782645370022,-0.13397537736278592,0.13650541007518768
7554,6968,occlusion_1,-0.2546826478921705,-0.09060722191093697,0.015283593907952309
7555,9469,occlusion_1,0.03310335589491803,-0.08005104116771532,0.2501419186592102
7556,7854,occlusion_1,0.15018696503506768,0.060927161739932165,0.4259766936302185
7557,3210,occlusion_1,-0.13125332072377205,-0.03534618144234022,0.35003623366355896
7558,7012,occlusion_1,-0.07052856311202049,0.09694875280062358,0.5033076405525208
7559,9808,occlusion_1,0.10707473143935203,-0.048771926760673524,0.2762671113014221
7560,2973,occlusion_1,0.20694770624763087,-0.006671102423416941,0.4803959131240845
7561,932,occlusion_1,0.005334767699241638,0.040255812406539915,0.4014349579811096
7562,6163,occlusion_1,0.44031958438848195,0.15054565040688767,0.915254533290863
7563,6432,occlusion_1,0.6599451208114624,0.2237055456638336,0.9745040535926819
7564,3497,occlusion_1,0.2729578137397766,0.07079100608825684,0.5456035137176514
7565,3202,occlusion_1,-0.15743069252108827,-0.1474254424957668,0.023343535140156746
7566,2611,occlusion_1,0.27182366450627643,0.1347566545009613,0.5247154831886292
7567,9631,occlusion_1,0.013950073719024658,-0.010898075699806213,0.22760845720767975
7568,567,occlusion_1,0.14499057469696836,0.2513422930035098,0.7236638069152832
7569,764,occlusion_1,-0.16138965986443288,-0.06757161867889491,0.04737846180796623
7570,4366,occlusion_1,-0.13132300873597463,-0.04923287232716878,0.15420879423618317
7571,8367,occlusion_1,0.28821045861524697,-0.03661583802279304,0.5428609848022461
7572,7360,occlusion_1,-0.11895970860253631,-0.09269885944862229,0.0016796797281131148
7573,1441,occlusion_1,0.041923925225787306,-0.1490627755137051,0.1873389631509781
7574,921,occlusion_1,0.2849968808392684,0.20956839207145903,0.6853117346763611
7575,8222,occlusion_1,0.2697541378438473,0.2376240630234991,0.8048217296600342
7576,1794,occlusion_1,-0.29584080952086617,-0.06819983205891081,0.02052241563796997
7577,3838,occlusion_1,-0.25799727412716794,-0.09542919881641865,0.03621654212474823
7578,3122,occlusion_1,-0.26512863766402006,-0.024890440842136742,0.006354974582791328
7579,6127,occlusion_1,-0.21588079251635534,-0.10874342714221431,0.008014657534658909
7580,6319,occlusion_1,-0.34625212207902223,-0.11044777752831578,0.029896698892116547
7581,2388,occlusion_1,0.2549083838239312,0.02650795690715313,0.47264033555984497
7582,4466,occlusion_1,0.11321078370446744,0.1919302875580995,0.5730688571929932
7583,4505,occlusion_1,-0.0283230422437191,-0.02632114440202713,0.17343918979167938
7584,1606,occlusion_1,-0.09535282680197903,-0.0828132489696145,0.015103349462151527
7585,2147,occlusion_1,-0.17441598526560342,-0.2909176445637758,0.0615299828350544
7586,36,occlusion_1,0.34202143251895906,0.22782061919569968,0.7854849100112915
7587,9147,occlusion_1,0.023413900108564468,-0.07460314319247291,0.3181847929954529
7588,761,occlusion_1,-0.1703128685121951,-0.08990654478902402,0.12206654250621796
7589,5268,occlusion_1,-0.10217703832313418,-0.1416044025681913,0.20957669615745544
7590,3038,occlusion_1,-0.28877774865499567,-0.07507556570427758,0.019569529220461845
7591,5503,occlusion_1,-0.0650531340462084,-0.1458539725639499,0.02058752067387104
7592,5228,occlusion_1,0.296433939502157,0.07126409329217055,0.6258740425109863
7593,1623,occlusion_1,-0.49508293944856396,-0.1754005518944367,0.1446055918931961
7594,577,occlusion_1,-0.09999837638700709,-0.07628079876303673,0.10271941870450974
7595,6426,occlusion_1,-0.04310533173125366,0.010935957575666493,0.24971477687358856
7596,8087,occlusion_1,-0.15598966102851064,-0.09004085158046923,0.04205183684825897
7597,8536,occlusion_1,0.21910927817225456,0.17149554416537285,0.5814566612243652
7598,9564,occlusion_1,-0.19895731109297937,-0.07470579797195064,0.016003092750906944
7599,2232,occlusion_1,-0.25085065975075677,-0.08376143021242959,0.17972512543201447
7600,2319,occlusion_1,-0.29812136217951773,-0.07314031943678856,0.2017628252506256
7601,5707,occlusion_1,-0.5684589187198497,-0.04947134662181773,0.10721222311258316
7602,9690,occlusion_1,-0.0929684114197026,-0.12224656699792198,0.041275572031736374
7603,5306,occlusion_1,-0.10855909476154729,0.02664356639510707,0.31226062774658203
7604,7938,occlusion_1,-0.07366581967002467,-0.029796556422584934,0.3084762692451477
7605,2167,occlusion_1,-0.3686212416399609,-0.01824263483285904,0.32015353441238403
7606,637,occlusion_1,-0.1786027307311694,-0.008518653362989426,0.2369113713502884
7607,8668,occlusion_1,-0.02006047308444977,0.016617603302001953,0.26871800422668457
7608,5594,occlusion_1,-0.09991706022161193,-0.1880760196197246,0.012680405750870705
7609,6555,occlusion_1,-0.20703249010774824,-0.1505757768948873,0.14947444200515747
7610,8098,occlusion_1,-0.413713077455759,-0.059546738676726815,0.03292248025536537
7611,47,occlusion_1,0.4304703596760245,0.07533128471935496,0.7709248065948486
7612,5505,occlusion_1,0.3027570588248117,0.038174069353512356,0.5557584762573242
7613,9196,occlusion_1,0.21967547616133323,-0.002305097304857694,0.6326545476913452
7614,8416,occlusion_1,0.11924856765703722,0.0757605643434958,0.49860090017318726
7615,4509,occlusion_1,-0.19749632012099028,-0.08101274967193603,0.013668186962604523
7616,2638,occlusion_1,0.05872655616087072,0.16643513300839594,0.7345981597900391
7617,8708,occlusion_1,-0.12395975552499294,-0.09941343143582344,0.08072798699140549
7618,8476,occlusion_1,-0.03659638694741509,-0.02687716247005896,0.15596148371696472
7619,3080,occlusion_1,-0.14018135368824006,-0.02107709397872289,0.15965570509433746
7620,2870,occlusion_1,0.01211801590397954,-0.030082673765718937,0.26514989137649536
7621,2213,occlusion_1,-0.2504781160284491,-0.09440668086137842,0.010725773870944977
7622,6043,occlusion_1,-0.13214680179953575,-0.09120120741426944,0.046624600887298584
7623,3798,occlusion_1,-0.12183779664337635,0.14449477816621462,0.5544701814651489
7624,7972,occlusion_1,-0.037338974652811885,0.019209650810807943,0.3260411322116852
7625,5739,occlusion_1,0.06296338345855475,-0.04530166313052177,0.27731963992118835
7626,4822,occlusion_1,-0.012394215254222645,0.05784127554472755,0.2577130198478699
7627,9067,occlusion_1,-0.12531417235732079,-0.1135040353401564,0.0405559204518795
7628,5799,occlusion_1,-0.2412410428126653,-0.1388201496253411,0.05296976864337921
7629,7482,occlusion_1,-0.2041652800515294,-0.07326164689535895,0.0036292579025030136
7630,2114,occlusion_1,0.4008469419181347,0.005842771530151367,0.6506621241569519
7631,1112,occlusion_1,-0.1385347181931138,-0.15661134098966917,0.03613762930035591
7632,8178,occlusion_1,0.14172460203585419,0.10550202688445216,0.4539547562599182
7633,3717,occlusion_1,0.23168561630176776,0.0004608680804570516,0.45997312664985657
7634,713,occlusion_1,-0.017149405820029124,-0.10182240392480578,0.5046142339706421
7635,872,occlusion_1,-0.056093989974922605,-0.07907681167125702,0.1816200613975525
7636,1149,occlusion_1,-0.19596936963498593,-0.17944032388428846,0.024432653561234474
7637,9299,occlusion_1,-0.18125407390296458,-0.022326935417950153,0.01383458636701107
7638,5663,occlusion_1,-0.18540639962468827,-0.06809481020484652,0.10040811449289322
7639,8167,occlusion_1,-0.05990677504312424,0.036844342947006226,0.3234998881816864
7640,3315,occlusion_1,0.055530746933072805,-0.006496232934296131,0.28692805767059326
7641,4588,occlusion_1,0.2668706476688385,0.1337156108132115,0.8715643286705017
7642,5098,occlusion_1,-0.23191588539630176,-0.07576515534892678,0.012968084774911404
7643,6077,occlusion_1,-0.09725149245932699,-0.08712126687169075,0.017991578206419945
7644,7966,occlusion_1,-0.21931747172493488,-0.058239353260432836,0.0013423408381640911
7645,1020,occlusion_1,-0.1962185217998922,-0.05902937409700826,0.012677907012403011
7646,4102,occlusion_1,0.3814223516603996,0.1649892633331233,0.8339940309524536
7647,5368,occlusion_1,0.3825569576942004,0.2831815996995339,0.8400371074676514
7648,6543,occlusion_1,0.08212729723289094,-0.07430844779672294,0.3431854844093323
7649,958,occlusion_1,-0.1265957732995351,-0.0738480935494105,0.14438126981258392
7650,3846,occlusion_1,-0.10812476235959265,0.056443569560845695,0.6196422576904297
7651,2748,occlusion_1,-0.1953417067142094,-0.10126490759498932,0.08493014425039291
7652,4710,occlusion_1,0.1721500280712332,0.035929536180836816,0.39144542813301086
7653,8279,occlusion_1,-0.1324083438143134,-0.033048515456418195,0.03442125394940376
7654,586,occlusion_1,-0.15014901405407322,-0.06896041561332014,0.03668462857604027
7655,1817,occlusion_1,0.25185091101697515,0.15770805946418218,0.5460230112075806
7656,782,occlusion_1,0.20348408818244934,0.02135734260082245,0.38867396116256714
7657,8241,occlusion_1,0.10959258901350426,0.0025383784915461683,0.3748607337474823
7658,335,occlusion_1,-0.09790877868299899,0.006887776696163675,0.287555456161499
7659,3755,occlusion_1,0.020259335975755344,-0.06649447977542877,0.2146470695734024
7660,2191,occlusion_1,0.02724004668347976,0.00038962153827442844,0.28419771790504456
7661,9214,occlusion_1,0.023120680735224768,-0.11993349804764702,0.2691485285758972
7662,5205,occlusion_1,-0.13589672969752237,-0.11519440243902959,0.0575362853705883
7663,6073,occlusion_1,-0.15569046884775162,-0.1285371474389519,0.08396565914154053
7664,23,occlusion_1,-0.32518695470164805,-0.04129563644528389,0.11261492222547531
7665,4923,occlusion_1,-0.30599917318014536,-0.1451333526741056,0.061021383851766586
7666,4556,occlusion_1,-0.39507034255398643,-0.1300615949763192,0.24860934913158417
7667,2012,occlusion_1,-0.027457787440373346,-0.025287534181888286,0.35563814640045166
7668,381,occlusion_1,-0.12099133133888244,-0.11443526794513066,0.037967659533023834
7669,3127,occlusion_1,-0.039688535034656525,-0.03750301618129015,0.21845991909503937
7670,6398,occlusion_1,-0.004702409560030157,0.13676061142574658,0.6630389094352722
7671,1981,occlusion_1,-0.2197248605079949,-0.06696098886563309,0.005394446663558483
7672,3095,occlusion_1,-0.40976028588107405,-0.08732589608167901,0.011352366767823696
7673,6758,occlusion_1,-0.10345310777483974,-0.045759489192278124,0.0064395093359053135
7674,2025,occlusion_1,0.3869263937075933,0.08823973139127096,0.6416126489639282
7675,9398,occlusion_1,-0.2676595670979141,-0.07251232507748201,0.0017090571345761418
7676,5100,occlusion_1,-0.19166831485927105,-0.06116353641846217,0.00658273184671998
7677,3526,occlusion_1,-0.28306517294711536,-0.09580671093944046,0.015641329810023308
7678,7532,occlusion_1,0.17060436521257674,0.11060203186103276,0.6270502209663391
7679,3007,occlusion_1,0.08561137626911032,-0.012190788470465562,0.5438830256462097
7680,1084,occlusion_1,0.1571361194638645,0.11580094782745137,0.5655570030212402
7681,9837,occlusion_1,0.021872834474952134,0.12520324687163034,0.5440959930419922
7682,9258,occlusion_1,-0.3564536337341581,-0.07520590651602972,0.17261384427547455
7683,4503,occlusion_1,-0.127710870699957,-0.061140299309045076,0.10641404986381531
7684,1575,occlusion_1,0.17193662002682686,0.12058114632964134,0.7099810838699341
7685,3091,occlusion_1,0.4581222971280416,0.1991581439971924,0.8751144409179688
7686,2484,occlusion_1,-0.25515417009592056,-0.05250293835997581,0.06483732908964157
7687,4489,occlusion_1,0.04182132617348716,-0.09763882486593156,0.3395431935787201
7688,5070,occlusion_1,-0.12228534976020455,-0.07047682860866189,0.07770730555057526
7689,5669,occlusion_1,0.47302371373883,0.11833173478091205,0.7978162169456482
7690,2138,occlusion_1,-0.18648058499978937,-0.09524571118147476,0.143035426735878
7691,6580,occlusion_1,-0.2945109749478953,-0.06523780910564321,0.009570155292749405
7692,2516,occlusion_1,-0.18985490733757615,-0.07480927165597677,0.041411060839891434
7693,9154,occlusion_1,0.11244719550013542,0.07299965620040894,0.4071199893951416
7694,5456,occlusion_1,-0.12088944417025362,-0.03988369447844369,0.002542091067880392
7695,3433,occlusion_1,-0.040740929982241464,-0.020258491530137902,0.3196968138217926
7696,3989,occlusion_1,-0.23903537396755484,-0.0744531858815915,0.01318898145109415
7697,7422,occlusion_1,-0.18769933736842612,-0.1095148512850637,0.1537180244922638
7698,5009,occlusion_1,0.04479415920274011,-0.014491469695650298,0.4265684187412262
7699,1458,occlusion_1,-0.10198891361554464,-0.1213630348443985,0.3032118082046509
7700,952,occlusion_1,-0.25394438816742465,-0.07934695143591274,0.12776044011116028
7701,9718,occlusion_1,0.06728603181086089,-0.12374967807217647,0.5182509422302246
7702,960,occlusion_1,0.023154024230806453,-0.061230905746158804,0.4196206331253052
7703,7273,occlusion_1,0.16607258655130863,0.08405462931841612,0.4810295104980469
7704,765,occlusion_1,0.059914757031947374,-0.0694123967550695,0.36835235357284546
7705,8316,occlusion_1,-0.11315747420303524,0.027005576295778155,0.18489451706409454
7706,3400,occlusion_1,0.019802759298019938,-0.02439524233341217,0.1176433265209198
7707,2316,occlusion_1,0.006788984618403695,0.033474821258674965,0.288962185382843
7708,9465,occlusion_1,0.380862272977829,0.1866743516921997,0.820496678352356
7709,9346,occlusion_1,0.1925244118486132,0.18342389804976328,0.672723114490509
7710,7835,occlusion_1,0.2511994868516922,0.19332092255353928,0.7621870636940002
7711,4032,occlusion_1,0.39819072087605795,0.10027814110120138,0.9373722672462463
7712,2029,occlusion_1,-0.20539397959198272,0.08367581984826497,0.39454779028892517
7713,4718,occlusion_1,0.019562783651053905,0.016239010728895664,0.2714459002017975
7714,286,occlusion_1,0.380629608576948,0.11102462085810574,0.9934485554695129
7715,908,occlusion_1,0.06803575640215594,0.04901920521960539,0.5397204756736755
7716,1482,occlusion_1,0.15122958679090848,-0.047065019607543945,0.27223533391952515
7717,9660,occlusion_1,-0.14014144552250704,-0.1265019370863835,0.20938125252723694
7718,4712,occlusion_1,-0.09916654725869496,-0.053393607693059106,0.13058507442474365
7719,2133,occlusion_1,-0.18207166697829963,-0.08266499266028404,0.018274979665875435
7720,9608,occlusion_1,-0.26511714259783425,-0.11888724267482757,0.14981146156787872
7721,9774,occlusion_1,-0.16715893149375916,0.0032210513949394227,0.2365657389163971
7722,9211,occlusion_1,-0.18715335571517547,-0.06835068035870791,0.011182229034602642
7723,563,occlusion_1,-0.14276757018397684,-0.04518505659602259,0.014900797978043556
7724,291,occlusion_1,0.036050352667059214,-0.05452277085610798,0.47393664717674255
7725,1713,occlusion_1,-0.24484454886987805,-0.06392709815150334,0.006420265417546034
7726,4012,occlusion_1,-0.2648246626236609,-0.048127626601074426,0.016706986352801323
7727,8922,occlusion_1,0.19116736762225628,0.04344544745981693,0.512001097202301
7728,169,occlusion_1,-0.19021929975818186,-0.07198157424435896,0.0672108381986618
7729,267,occlusion_1,-0.09200468569090872,0.0657758762439092,0.2784288823604584
7730,9144,occlusion_1,-0.21189198891321817,-0.060031074782212576,0.01849137246608734
7731,3172,occlusion_1,0.059556398540735245,-0.006690223390857379,0.39240676164627075
7732,2286,occlusion_1,-0.39865091713992035,-0.03849910673770038,0.10193856060504913
7733,315,occlusion_1,-0.004980510898998806,-0.09599135745139349,0.32508882880210876
7734,8046,occlusion_1,-0.10692529213459541,-0.15699206998882195,0.011098308488726616
7735,8822,occlusion_1,0.5095993896776979,0.22882053865627808,0.749055027961731
7736,245,occlusion_1,0.22052395592133203,-0.025389940788348515,0.4636363685131073
7737,5186,occlusion_1,-0.10179962869733572,-0.16088760644197464,0.3448076844215393
7738,5421,occlusion_1,0.23741545500578703,0.023627775686758536,0.4596599042415619
7739,6065,occlusion_1,-0.110095857926037,-0.04942280669575152,0.09551749378442764
7740,50,occlusion_1,0.30763429860983577,-0.04071086985724313,0.5483059287071228
7741,3021,occlusion_1,-0.20399236486603817,-0.06640247839192549,0.0344432108104229
7742,7028,occlusion_1,-0.2594817694690492,-0.040983509134363244,0.3482997715473175
7743,1372,occlusion_1,-0.4388493997129527,0.008088830519806255,0.2596820592880249
7744,4176,occlusion_1,-0.05630374103784561,-0.03959480673074722,0.17343220114707947
7745,2470,occlusion_1,-0.164932148065418,-0.07287370074274284,0.00725655909627676
7746,8000,occlusion_1,0.1965433180332184,0.12924225330352784,0.7493796348571777
7747,6156,occlusion_1,-0.18008025793824345,-0.07511899172095582,0.01881452091038227
7748,1498,occlusion_1,-0.3702504645895075,-0.1846941265243071,0.09309433400630951
7749,5868,occlusion_1,-0.09707363694906235,-0.050891061003009476,0.05912746861577034
7750,1963,occlusion_1,0.18418588303029537,0.11613087877631187,0.45506834983825684
7751,248,occlusion_1,0.02447736859321594,-0.03302323520183563,0.3336604833602905
7752,4771,occlusion_1,0.20618446667989096,0.034832899059568136,0.5750445127487183
7753,1277,occlusion_1,0.14144371712909026,0.15746787365745096,0.619950532913208
7754,4905,occlusion_1,-0.15078330605194487,0.022459938608366866,0.24206717312335968
7755,8025,occlusion_1,-0.4793355106597855,-0.12908477761915751,0.08232808858156204
7756,2110,occlusion_1,0.14857437213261923,-0.05636384089787801,0.5030661821365356
7757,9776,occlusion_1,0.08658199348757344,0.19504446704541484,0.7856916785240173
7758,2945,occlusion_1,0.2338399514555931,0.041430493195851646,0.6487014889717102
7759,6249,occlusion_1,-0.10980647645498577,-0.029964358398788853,0.15569588541984558
7760,7023,occlusion_1,-0.2118093000481958,-0.04709895339834949,0.005492150783538818
7761,795,occlusion_1,0.13286787706116834,-0.023667581379413605,0.41557133197784424
7762,9717,occlusion_1,-0.2522796000043551,-0.08942355886101723,0.12686966359615326
7763,7908,occlusion_1,-0.2218582108616829,-0.09773882318820272,0.14366397261619568
7764,5371,occlusion_1,-0.1689829532470968,-0.04934541032546096,0.10620340704917908
7765,9655,occlusion_1,-0.18921147015961734,-0.14674651605839079,0.05856282263994217
7766,447,occlusion_1,-0.268525757730521,-0.07115308917930414,0.019516216591000557
7767,2968,occlusion_1,-0.2790307461431152,-0.049121486905374025,0.048845671117305756
7768,2152,occlusion_1,0.1841165974088337,0.028042095510855965,0.4681960642337799
7769,7838,occlusion_1,-0.3662720772883166,-0.19073583793057047,0.0385376438498497
7770,4852,occlusion_1,0.022058306261897087,-0.03515143692493439,0.20599697530269623
7771,5157,occlusion_1,-0.042054272912166735,-0.21610780777754607,0.412262886762619
7772,683,occlusion_1,0.20400052189826964,0.1505476427078247,0.7792206406593323
7773,8118,occlusion_1,-0.031557296183617675,-0.14153404336641817,0.06082053855061531
7774,6681,occlusion_1,-0.5323962124685446,-0.08445271948973337,0.027975384145975113
7775,5741,occlusion_1,-0.08899135639270146,0.0250549353659153,0.271180659532547
7776,1488,occlusion_1,-0.1725382127455975,-0.0673527811702929,0.0452314168214798
7777,3077,occlusion_1,-0.10330447915100283,-0.10282371361409465,0.1590126007795334
7778,3905,occlusion_1,-0.12779064762701348,-0.13118767588422064,0.02138281986117363
7779,8594,occlusion_1,-0.21896308660507202,-0.04762642966075377,0.09932880103588104
7780,318,occlusion_1,-0.1753456086641358,-0.1219892522260066,0.04363894835114479
7781,856,occlusion_1,-0.11154985874891281,-0.02007026970386505,0.2540927231311798
7782,7743,occlusion_1,-0.2119293582850489,-0.109033837529092,0.07442079484462738
7783,2770,occlusion_1,-0.08165299535862038,-0.089154138309615,0.01965063437819481
7784,3566,occlusion_1,-0.3232439313741291,-0.10998246851651107,0.03157947212457657
7785,376,occlusion_1,-0.010417674801179342,0.03730781323143414,0.3191399574279785
7786,410,occlusion_1,-0.09566819626424047,-0.11731861614518696,0.14707645773887634
7787,2405,occlusion_1,0.2601711466908455,0.05112333446741104,0.5692591667175293
7788,3776,occlusion_1,-0.3649767480790615,-0.06823863002161185,0.02185065671801567
7789,3946,occlusion_1,0.38852964258856243,0.1720579961935679,0.6866202354431152
7790,1111,occlusion_1,-0.06121891364455223,-0.0654614269733429,0.11384977400302887
7791,7660,occlusion_1,0.11479257352841206,0.08364520852382366,0.6148086786270142
7792,8001,occlusion_1,-0.1724750686969076,-0.09079023769923619,0.074343241751194
7793,2288,occlusion_1,-0.07464954469885145,-0.13768148202715175,0.029039278626441956
7794,2127,occlusion_1,0.24128506948118625,0.08340114484662595,0.49115344882011414
7795,5581,occlusion_1,-0.1716920960551271,-0.08868457616951603,0.01503793429583311
7796,8256,occlusion_1,0.1450641006231308,0.07887082375012912,0.6745533347129822
7797,6751,occlusion_1,-0.08780195753400524,-0.13377279366056125,0.05247730761766434
7798,9399,occlusion_1,-0.3307315099697847,-0.18366743251681328,0.1052628681063652
7799,2233,occlusion_1,-0.2153848249963003,-0.06462994179335134,0.0031137189362198114
7800,5550,occlusion_1,-0.03106087725609541,-0.11898130038753152,0.15413615107536316
7801,274,occlusion_1,-0.5300605436070607,-0.05896305522093406,0.016693508252501488
7802,2344,occlusion_1,-0.14352137117336194,-0.08886335268616677,0.05486561357975006
7803,1568,occlusion_1,0.35599994238304056,0.08120095988978511,0.6346242427825928
7804,3133,occlusion_1,-0.24423020987799673,0.009457704244237957,0.2367822229862213
7805,6178,occlusion_1,-0.0787149264531977,-0.015337951919611762,0.2207033783197403
7806,7955,occlusion_1,-0.06089349155081436,-0.17576443497091532,0.04655905067920685
7807,7820,occlusion_1,-0.15067980617284774,-0.07747016668319702,0.03791545704007149
7808,9415,occlusion_1,-0.13617558391005904,-0.017608866647437767,0.22204652428627014
7809,2574,occlusion_1,-0.24777314410759851,-0.0022345678164408756,0.23711691796779633
7810,965,occlusion_1,0.3681578758571829,0.11643510152186666,0.8059965968132019
7811,2291,occlusion_1,0.4828343722037971,0.14700261627634367,0.651631772518158
7812,5375,occlusion_1,-0.1042033148308595,-0.017336338758468628,0.24746882915496826
7813,6670,occlusion_1,-0.5815591425413177,-0.010364358889914695,0.06641469150781631
7814,8955,occlusion_1,-0.12428826562784336,-0.04783526256128594,0.16458193957805634
7815,8059,occlusion_1,-0.3248485360527411,-0.10179378371685743,0.011133963242173195
7816,2755,occlusion_1,-0.06621064814842409,-0.07951266960137421,0.13641993701457977
7817,4474,occlusion_1,0.22199425220489502,0.09448068261146546,0.7257764339447021
7818,3910,occlusion_1,-0.08749005847078349,-0.06555081950500607,0.014457088895142078
7819,2002,occlusion_1,0.45187146457679134,0.19318502001902638,0.8516564965248108
7820,4794,occlusion_1,-0.11751212073223931,-0.054787137323901766,0.1075531542301178
7821,8644,occlusion_1,0.05207239051122923,-0.00894013570772635,0.546720564365387
7822,6394,occlusion_1,-0.019950777969577095,0.008614915338429537,0.41807031631469727
7823,5339,occlusion_1,0.014514627663985542,-0.047379161352696625,0.24166259169578552
7824,1730,occlusion_1,-0.17825897326165774,-0.07446569009279867,0.019138842821121216
7825,2360,occlusion_1,0.421614255417477,0.02961864119226282,0.7268270254135132
7826,9379,occlusion_1,-0.003726364778620856,-0.07054831513336726,0.2394772171974182
7827,9058,occlusion_1,-0.0707116640276379,-0.020146169803208776,0.1518542319536209
7828,9028,occlusion_1,-0.18686856888234615,0.09228713624179363,0.45247936248779297
7829,7579,occlusion_1,0.2681560401212085,0.08742586861957204,0.5479905605316162
7830,6428,occlusion_1,-0.04690504230951008,-0.08285575163991828,0.5771923661231995
7831,1068,occlusion_1,-0.3245407037044826,-0.10575465524667188,0.050804540514945984
7832,5337,occlusion_1,-0.3081142875281247,-0.11264455589381131,0.1968742460012436
7833,1071,occlusion_1,-0.11955527340372403,-0.03179839625954628,0.1968740075826645
7834,9456,occlusion_1,-0.15648826832572618,-0.05776227141420046,0.17924535274505615
7835,5020,occlusion_1,0.04736046167090535,0.14107252284884453,0.5162355303764343
7836,2115,occlusion_1,-0.083895283371762,-0.08228070206112331,0.07817044854164124
7837,5910,occlusion_1,0.28943620285680216,0.15841254591941833,0.8420286774635315
7838,8448,occlusion_1,-0.0855989151767322,-0.16567727710519517,0.1305079609155655
7839,3132,occlusion_1,-0.042182666121114945,-0.135355227787433,0.03241626173257828
7840,7703,occlusion_1,-0.030974929823594934,-0.019624789409777698,0.18602986633777618
7841,474,occlusion_1,-0.39069735485574475,-0.24727042667243793,0.14456066489219666
7842,8441,occlusion_1,0.27900275800909313,0.16741772634642466,0.5526292324066162
7843,7584,occlusion_1,-0.06800483853409164,-0.07273337007255147,0.006723271682858467
7844,3085,occlusion_1,-0.032116572494092194,-0.052584215350773025,0.266539603471756
7845,8856,occlusion_1,0.09951831045604888,0.15481704473495483,0.6968699097633362
7846,5936,occlusion_1,0.10936426699161529,0.03604398846626282,0.3769429326057434
7847,3397,occlusion_1,-0.3022475044708699,-0.0475230123847723,0.0035164637956768274
7848,4309,occlusion_1,-0.19651635975709983,-0.10601900642116864,0.027501652017235756
7849,6169,occlusion_1,-0.18791255159303547,-0.11975950924679638,0.03806060925126076
7850,3693,occlusion_1,-0.15861940483252207,-0.11435680240392684,0.10533758252859116
7851,1691,occlusion_1,0.1073584100779365,0.13189751085113077,0.6891828775405884
7852,4333,occlusion_1,0.15375654449543127,0.010776861928976499,0.40692344307899475
7853,9574,occlusion_1,0.3232058505217234,0.26029226581255593,0.7678642272949219
7854,8619,occlusion_1,-0.052688262957547395,-0.13462341759753013,0.009747061878442764
7855,6832,occlusion_1,0.18692912296815353,0.09917436269196597,0.8185045123100281
7856,3795,occlusion_1,0.5181595737996855,0.06325512967611614,0.8808630108833313
7857,4649,occlusion_1,-0.056899399629661014,-0.011675289166825158,0.18496564030647278
7858,9226,occlusion_1,-0.10041450295183393,-0.0649803446398841,0.1652539223432541
7859,7372,occlusion_1,0.014481466135074353,-0.024578034363943953,0.2298153042793274
7860,4929,occlusion_1,-0.20989640145317504,-0.05985150888170067,0.019816726446151733
7861,4233,occlusion_1,-0.025968651473522186,-0.048225408295790355,0.4646453559398651
7862,1145,occlusion_1,0.25941652059555054,0.10318343979971749,0.5470249652862549
7863,3111,occlusion_1,-0.24730498299879186,-0.10609488211133901,0.07171812653541565
7864,8737,occlusion_1,-0.16758249345279874,0.09119501638980139,0.4545203745365143
7865,2592,occlusion_1,-0.0751600329365049,0.05026265446628843,0.33851659297943115
7866,9142,occlusion_1,0.07542019803076982,0.0302276574075222,0.3143974840641022
7867,624,occlusion_1,-0.4238667353987694,-0.06849464550614356,0.27170681953430176
7868,9043,occlusion_1,-0.08463990203055896,-0.033261186982456004,0.08716792613267899
7869,3283,occlusion_1,-0.15092725803454718,-0.036866123891539045,0.15887796878814697
7870,6341,occlusion_1,-0.162304557999596,-0.03283313860495885,0.0018437437247484922
7871,7522,occlusion_1,-0.12903533562233574,-0.06095277635674728,0.026707712560892105
7872,9585,occlusion_1,-0.08090235471725464,-0.12376311480998993,0.26601240038871765
7873,7440,occlusion_1,0.1393651357637002,0.08909824461891101,0.33558496832847595
7874,668,occlusion_1,-0.14154873618057795,0.013174109373773847,0.45657870173454285
7875,6750,occlusion_1,0.16210526753874385,0.08540003790574915,0.5023205280303955
7876,5165,occlusion_1,0.3012872773867387,-0.02699427421276386,0.5489365458488464
7877,5279,occlusion_1,-0.0829533568272988,-0.22013134988290922,0.06314520537853241
7878,582,occlusion_1,-0.17663320899009705,0.06676053628325462,0.3109036684036255
7879,3945,occlusion_1,-0.34910332825448775,-0.10719269265731175,0.16904138028621674
7880,7688,occlusion_1,0.16806638808477492,0.18952044418879918,0.7455470561981201
7881,7614,occlusion_1,-0.03165399841964245,-0.07235403979818027,0.17802466452121735
7882,1208,occlusion_1,-0.1255415204912424,-0.03342254236340523,0.24863244593143463
7883,7944,occlusion_1,0.10627215122804046,0.00943784648552537,0.35907232761383057
7884,5030,occlusion_1,-0.10881363769294694,-0.10022247210144997,0.08599187433719635
7885,76,occlusion_1,-0.20652217790484428,-0.07119055380198089,0.03926362469792366
7886,6693,occlusion_1,-0.05456547044655856,-0.05365430322640082,0.04063529521226883
7887,9478,occlusion_1,0.060039563477039336,0.023781846463680267,0.28569668531417847
7888,9464,occlusion_1,-0.10247162046531837,-0.07229781368126471,0.08673493564128876
7889,1175,occlusion_1,0.22046764407839095,0.007247260638645717,0.4329560399055481
7890,592,occlusion_1,-0.27824445826311905,-0.0734187080214421,0.011291122063994408
7891,3774,occlusion_1,-0.16224424405531448,0.04749697108160366,0.21661542356014252
7892,5676,occlusion_1,0.029771390770162855,-1.694474901471819e-06,0.26615139842033386
7893,7362,occlusion_1,-0.2867666830619176,0.07211970620685154,0.4216432571411133
7894,1470,occlusion_1,-0.1358646857738495,-0.05957627013325691,0.06417886912822723
7895,705,occlusion_1,0.09056076904137929,0.06568961838881175,0.3682469427585602
7896,1688,occlusion_1,-0.035343597211488866,0.04582444887335708,0.49570244550704956
7897,4828,occlusion_1,0.10461734559225,0.14766809085141058,0.6771953105926514
7898,5386,occlusion_1,0.014498237986117601,-0.039471149910241365,0.15134374797344208
7899,4564,occlusion_1,0.27779456188804225,0.04734302037640622,0.6195475459098816
7900,7450,occlusion_1,0.18645273734416282,0.19984235135572298,0.6627421379089355
7901,9324,occlusion_1,0.16281702176288324,0.13541990077054059,0.4986462891101837
7902,4747,occlusion_1,0.191032054392915,0.0011127928369923641,0.3887168765068054
7903,4303,occlusion_1,0.2613592412202589,0.10885949288645098,0.5729836821556091
7904,6460,occlusion_1,-0.23942006708068006,-0.13372061839875052,0.0350336916744709
7905,6239,occlusion_1,-0.22154787588207162,-0.08248069224988713,0.020630361512303352
7906,7766,occlusion_1,-0.01762038717667262,-0.003897199200259315,0.2531837522983551
7907,6739,occlusion_1,0.5548506541685625,0.1939526295120066,0.9125749468803406
7908,8336,occlusion_1,-0.1297243040919836,-0.07187354684408222,0.01252287719398737
7909,3464,occlusion_1,-0.110134581848979,-0.06671861475333571,0.020815972238779068
7910,1509,occlusion_1,0.07572271525859833,-0.044423600435256956,0.4367104172706604
7911,4978,occlusion_1,-0.2540915173388297,-0.06202070799566085,0.08316656202077866
7912,6008,occlusion_1,-0.10561473502053155,-0.0576109301160883,0.28783729672431946
7913,5730,occlusion_1,-0.13031776621937752,-0.03415621391364506,0.21123531460762024
7914,8334,occlusion_1,-0.049296118112074,-0.12283833863006698,0.09153387695550919
7915,4883,occlusion_1,-0.13027966814115644,-0.0988932229578495,0.07234881073236465
7916,9740,occlusion_1,-0.032043198839976236,-0.09767835186077999,0.08142296969890594
7917,3299,occlusion_1,-0.08887653409813841,-0.14763181004673243,0.041241515427827835
7918,594,occlusion_1,0.3242738257955622,0.1722371346420712,0.8378943800926208
7919,5521,occlusion_1,-0.26995517313480377,-0.04237373514721791,0.09512393176555634
7920,6867,occlusion_1,0.04221421480178833,0.1480384310989669,0.5447244048118591
7921,7999,occlusion_1,-0.11417902163451626,-0.03602945219193186,0.0812896266579628
7922,7073,occlusion_1,0.17366325524118212,0.06112887351601212,0.499752402305603
7923,2876,occlusion_1,-0.21386143523268403,-0.060139967687428,0.04552484303712845
7924,5595,occlusion_1,-0.03755359079402227,-0.061804007165707074,0.05438673496246338
7925,8508,occlusion_1,-0.023813694005920774,-0.04075604464326586,0.2009071409702301
7926,9525,occlusion_1,0.14157586806529276,0.03533657700628848,0.49847882986068726
7927,4335,occlusion_1,-0.19067094245782265,-0.07618254509109718,0.1951596885919571
7928,4540,occlusion_1,-0.2372624222189188,-0.056391901785024894,0.025074129924178123
7929,10,occlusion_1,-0.18179390727783795,-0.06079931802081841,0.027185779064893723
7930,8757,occlusion_1,-0.2830347641173637,-0.08314892649650574,0.042473603039979935
7931,1217,occlusion_1,0.32541529171996647,0.13583313756518894,0.6862500309944153
7932,1224,occlusion_1,0.28611989513687464,0.22324290385712747,0.5966187715530396
7933,3206,occlusion_1,0.40520787611603737,0.22909852489829063,0.7822200655937195
7934,93,occlusion_1,-0.35862056263115094,-0.05877146383990412,0.2599893808364868
7935,8057,occlusion_1,0.307860352737563,0.10396095131124769,0.724498987197876
7936,2455,occlusion_1,0.0056493932550603695,-0.0826147049665451,0.20654332637786865
7937,1247,occlusion_1,0.19464869132718524,0.006562559185801326,0.4373481869697571
7938,2251,occlusion_1,0.03288732717434565,-0.14029346903165182,0.2536233067512512
7939,6380,occlusion_1,0.43380516661064966,0.11200389691761561,0.9104214906692505
7940,4708,occlusion_1,-0.1524564546757731,-0.06646561185861456,0.09354972094297409
7941,7864,occlusion_1,-0.0573939336463809,0.035593489184975624,0.280953586101532
7942,3916,occlusion_1,-0.20161173273535335,-0.1812006723793114,0.06666555255651474
7943,3105,occlusion_1,-0.25639464395741624,0.008497420698404312,0.2776140868663788
7944,292,occlusion_1,0.1655951374106937,0.22611719480267278,0.5047809481620789
7945,7616,occlusion_1,0.02337774918192909,-0.07781619826952617,0.30551448464393616
7946,2083,occlusion_1,-0.2364842120025839,-0.0637752931032862,0.0027289893478155136
7947,4381,occlusion_1,-0.016618780170877773,-0.07035833100477855,0.2532111704349518
7948,4291,occlusion_1,-0.18456161799258552,-0.061519729115389055,0.0006939857848919928
7949,5404,occlusion_1,-0.29702786162495615,-0.06836888685822487,0.04429818317294121
7950,6637,occlusion_1,-0.12497295066714287,-0.11036639758630802,0.0610787607729435
7951,1090,occlusion_1,-0.16520095786408467,-0.13144117319846854,0.013832137919962406
7952,8570,occlusion_1,-0.21286261914065108,-0.09373464121017605,0.03692464530467987
7953,6206,occlusion_1,0.414880721614911,0.04548020775501545,0.837340772151947
7954,6843,occlusion_1,0.25873008505864575,0.12115860527211969,0.82193922996521
7955,1078,occlusion_1,0.1340598875985426,0.08168213332400602,0.40094926953315735
7956,1188,occlusion_1,0.4099027180671692,0.0431313693523407,0.6987248063087463
7957,3984,occlusion_1,0.06139659991970769,0.009830329153272841,0.34940752387046814
7958,1369,occlusion_1,0.004153579473495483,0.11156956580552188,0.4657645523548126
7959,8348,occlusion_1,0.23411764151283673,0.13010535069874354,0.5228691101074219
7960,5987,occlusion_1,0.08744029462337494,0.017900490760803224,0.3508223593235016
7961,1599,occlusion_1,-0.12564650370228675,0.044329588932375756,0.25718140602111816
7962,4573,occlusion_1,-0.16238768131512663,-0.12000092394326044,0.03849129378795624
7963,5173,occlusion_1,-0.12779526555767426,-0.10265004634857178,0.022260218858718872
7964,6459,occlusion_1,0.1528172650270992,0.09543748531076643,0.5419925451278687
7965,4404,occlusion_1,0.5832829974591732,0.19984312653541564,0.871831476688385
7966,7585,occlusion_1,0.26483798523743945,0.07795828911993238,0.7853783965110779
7967,8225,occlusion_1,-0.015029168490207556,0.19319183898694586,0.49477246403694153
7968,4209,occlusion_1,-0.18693040534853936,-0.09092182964086533,0.09496945142745972
7969,1418,occlusion_1,-0.25506343193793374,-0.054537884266066705,0.00363340531475842
7970,3309,occlusion_1,-0.13512671845299856,-0.16074353389974153,0.08713539689779282
7971,9362,occlusion_1,-0.375662482210568,-0.05960227690991901,0.20156258344650269
7972,6492,occlusion_1,0.16451230727963978,-0.015008222725656297,0.6334680318832397
7973,7841,occlusion_1,0.03036675415933132,0.044707643489042916,0.21792639791965485
7974,3037,occlusion_1,-0.12179862894117832,-0.14169723418756172,0.022792277857661247
7975,1825,occlusion_1,-0.1118236232859393,-0.14577785960088174,0.011447384022176266
7976,3842,occlusion_1,0.001677318165699641,-0.0030386981864770255,0.2815951406955719
7977,4522,occlusion_1,-0.23125103255733848,-0.09597561554983258,0.02515004761517048
7978,1569,occlusion_1,-0.151220274468263,0.00281661128004392,0.32597413659095764
7979,1261,occlusion_1,-0.33794129779562354,-0.05236822203733027,0.06865252554416656
7980,4918,occlusion_1,-0.07791240559890866,-0.03749831319278614,0.005592189263552427
7981,5273,occlusion_1,-0.043863238258795303,-0.13837809364000955,0.21457864344120026
7982,2478,occlusion_1,-0.1716695461226137,-0.08343706412338897,0.013948235660791397
7983,5795,occlusion_1,-0.12362043901036184,-0.07649022992700338,0.2123974859714508
7984,6864,occlusion_1,-0.03921485960483551,0.09048442602157593,0.563147783279419
7985,1616,occlusion_1,-0.01903160015741984,0.01500929445028305,0.46613654494285583
7986,6913,occlusion_1,0.2611153066158295,-0.019515460729598998,0.46745431423187256
7987,2236,occlusion_1,-0.12116450460060783,-0.07763855483220972,0.13544297218322754
7988,7618,occlusion_1,-0.19824171789428768,-0.13951425692614386,0.032556626945734024
7989,5447,occlusion_1,-0.20560922470087042,-0.04328109298904355,0.011950116604566574
7990,5554,occlusion_1,0.4789670793449177,0.14216753665138693,0.8664960265159607
7991,7212,occlusion_1,0.04656044216383071,-0.07939321512267702,0.3628862798213959
7992,7352,occlusion_1,-0.16686222203075884,-0.034517115019261836,0.01958017237484455
7993,2533,occlusion_1,-0.022243341465094466,-0.11577077791458223,0.13581806421279907
7994,5950,occlusion_1,-0.13195249151725036,-0.02861454079930599,0.1297478824853897
7995,7947,occlusion_1,-0.29362893402576445,-0.021293532848358155,0.09390699118375778
7996,2689,occlusion_1,0.20207120974858603,0.19858495477173063,0.7710322737693787
7997,3110,occlusion_1,-0.18330017419961783,0.03142403753904196,0.338333398103714
7998,4397,occlusion_1,-0.008443800210952758,0.021412863731384277,0.5574133396148682
7999,2935,occlusion_1,0.0319022536277771,0.07779406259457271,0.5315331220626831
