,id,explanation_method,comprehensiveness,sufficiency,prob
0,9632,attention,-0.11947319140801063,-0.006617452089603131,0.5868351459503174
1,9282,attention,0.8200052053128418,0.8806216944205133,0.9996920824050903
2,106,attention,-0.6268460740966182,-0.45791119697593874,0.05082850903272629
3,1446,attention,0.38614491695487824,0.4347873958381447,0.9366569519042969
4,1513,attention,0.5698299383854165,0.4438997160862474,0.8197557330131531
5,6498,attention,-0.1915131477933181,-0.017929234002765856,0.4965934753417969
6,6973,attention,0.8036378336005977,0.8187041969171592,0.9767543077468872
7,4952,attention,0.6183144179257479,0.37594612213698303,0.9817962050437927
8,8552,attention,0.7014323505149647,0.7149993120269342,0.872232973575592
9,3027,attention,-0.6368483859359434,-0.5013672163906066,0.013155492953956127
10,2760,attention,0.3776047252118587,0.4117811445146799,0.9036301970481873
11,3060,attention,0.7322562562567847,0.6144875424248831,0.9830917716026306
12,33,attention,0.6455928507973167,0.5437989603070652,0.9096025228500366
13,1349,attention,0.12747687101364136,0.2587842543919881,0.8528456687927246
14,4934,attention,0.757592648640275,0.8176844689995051,0.9373475313186646
15,2680,attention,0.7618757594496973,0.8219319490655776,0.9424630403518677
16,9074,attention,0.7513568186097674,0.6175845695866479,0.9839212894439697
17,5414,attention,0.726918659712139,0.6121313101366946,0.9929293990135193
18,6663,attention,0.797153520651839,0.8797049857676029,0.999101996421814
19,5286,attention,0.7340698792384222,0.6231662464829592,0.980504035949707
20,3782,attention,0.7169541873736307,0.4521300483029336,0.8612732887268066
21,4516,attention,0.34178582165623084,0.15580412186682224,0.5729129910469055
22,4554,attention,0.43929474703643634,0.279784984562708,0.6359938383102417
23,1595,attention,0.7436938652625451,0.6166488671532044,0.9860119223594666
24,3857,attention,0.26689348294876697,0.37134610843367694,0.8257390856742859
25,3337,attention,0.26314357152351964,0.4768231717439798,0.9874890446662903
26,9255,attention,0.6561775886586734,0.5360516533255577,0.9287757873535156
27,1383,attention,0.23430666197901187,0.45521240130714746,0.9670538306236267
28,4860,attention,0.7380077271234422,0.6225083158129737,0.9902095794677734
29,7275,attention,0.24900608218234518,0.48664667295373004,0.9986231327056885
30,8740,attention,0.6553721742238849,0.4334123571170494,0.8915581107139587
31,1155,attention,0.6187401941936949,0.6546879423701245,0.7966771721839905
32,6725,attention,0.19338378452119373,0.4139108175323123,0.907792866230011
33,1076,attention,0.2968643211892673,0.46373347991279196,0.932974100112915
34,3058,attention,0.3466458075532788,0.5317069411669907,0.9431897401809692
35,4586,attention,0.60790359005332,0.3143638436992963,0.80568927526474
36,1791,attention,0.08062044473794791,0.27697606957875764,0.7876419425010681
37,6325,attention,0.19754598885774613,0.8013379578789075,0.9873836636543274
38,7506,attention,0.7949445156587495,0.8772648933033148,0.9960224628448486
39,6495,attention,0.7889454619664895,0.8797792172745654,0.9991976618766785
40,9542,attention,0.6157449915220863,0.6260562656741393,0.781927764415741
41,4694,attention,0.8018384818588534,0.8713962940439102,0.9919273853302002
42,8369,attention,-0.09428873823748694,-0.28951722962988746,0.07666584104299545
43,7093,attention,0.2753550459941228,0.39371403780850495,0.5145242214202881
44,2794,attention,0.7479487949091456,0.6036148874656014,0.9767383337020874
45,39,attention,0.7659227535609276,0.6168627767793594,0.9872057437896729
46,7478,attention,-0.24453594228800604,-0.07140839976422927,0.44425079226493835
47,1253,attention,0.6939673586970284,0.5684544224114645,0.9360433220863342
48,360,attention,0.6077360603071394,0.4702473793710981,0.8569230437278748
49,9638,attention,0.2175194514649255,0.41000499044145855,0.919952392578125
50,1726,attention,0.2071731686592102,0.40103136441286874,0.9702189564704895
51,439,attention,0.016709711741317402,0.0039351023733615875,0.12333211302757263
52,5267,attention,-0.07837771098403369,-0.25896041796487923,0.11205608397722244
53,4337,attention,0.741663526892662,0.6113200831413269,0.9803929924964905
54,7724,attention,0.7085067234360255,0.5793732547989259,0.948736310005188
55,7676,attention,0.22326232194900514,0.43294786910216015,0.9285060167312622
56,8913,attention,0.6567027641890141,0.49996170688133973,0.9838032722473145
57,2492,attention,0.04890321493148804,0.2349853992462158,0.7457177042961121
58,7462,attention,0.5796088589863344,0.5744753425771539,0.8199244737625122
59,7430,attention,0.6711115579819307,0.6035725064575672,0.9743328094482422
60,6620,attention,0.4823742965236306,0.5291307923616841,0.894646167755127
61,6221,attention,0.7147254670659701,0.624399228228463,0.9907359480857849
62,8844,attention,0.5611277744174004,0.40644969791173935,0.7745300531387329
63,4518,attention,0.5951355205848813,0.3150630424420039,0.8635720014572144
64,1684,attention,0.2586482422692435,0.46995221433185397,0.9824582934379578
65,29,attention,0.8010122684968842,0.8801772101885743,0.998471200466156
66,6475,attention,0.1192704609462193,0.32792500654856366,0.8085962533950806
67,6691,attention,0.7642774509806787,0.8017585974547171,0.9483029246330261
68,1747,attention,0.14730103731155395,0.34657748222351076,0.8665693402290344
69,5559,attention,0.22440493905118533,0.648665773150112,0.999813973903656
70,3325,attention,0.22885920703411103,0.3661655575037003,0.9612475037574768
71,4525,attention,0.7015450540930033,0.685004203269879,0.8384320139884949
72,5434,attention,0.7827512919902802,0.8429542851323882,0.9657297730445862
73,2129,attention,0.23959897624121773,0.4720895124806298,0.9874588251113892
74,5441,attention,0.5187806722682875,0.4961674185218038,0.8794229626655579
75,9420,attention,0.7435058591996923,0.6318860755247229,0.9823731184005737
76,1330,attention,0.8166003718972206,0.8806816454976797,0.9996353387832642
77,7369,attention,-0.019286823458969593,-0.30534184188582003,0.06873950362205505
78,2275,attention,0.7750479171381277,0.8562697084511027,0.9997089505195618
79,1765,attention,0.8230084874059843,0.8385682235593381,0.997431218624115
80,9131,attention,0.7740327965082794,0.8435672989179348,0.9638827443122864
81,6095,attention,0.3420790880918503,0.4226474337198812,0.8998324871063232
82,1263,attention,0.13914456715186438,0.35656903435786563,0.8352441191673279
83,1142,attention,0.7554748901987777,0.8234223653288448,0.941268265247345
84,7797,attention,0.7956292625102732,0.8811720969776312,0.999929666519165
85,4989,attention,-0.0072488034925153174,0.2180477015433773,0.6512267589569092
86,4395,attention,0.3098846468651159,0.3873898820443587,0.8682177662849426
87,5333,attention,0.3493931523778222,0.7100986043612162,0.8102253079414368
88,8163,attention,0.8632827204736796,0.8392565189437433,0.9964901804924011
89,8995,attention,0.7174427938811919,0.5707655864603379,0.9415493607521057
90,9568,attention,0.7598104745149612,0.615703656276067,0.9859545826911926
91,6098,attention,-0.032409846782684326,0.24117987201764032,0.6807425618171692
92,7278,attention,0.24068536112705866,0.22100730190674464,0.6199057698249817
93,1516,attention,0.4000471215695143,0.5212957902811468,0.9512353539466858
94,3501,attention,0.5074075907468796,0.3391741631286485,0.8539535999298096
95,4371,attention,0.3020233754068613,0.38239840045571327,0.8741796612739563
96,7736,attention,0.8029955832854562,0.8751310906980349,0.9949358701705933
97,1683,attention,0.6477453462779522,0.5213886372745037,0.8886668682098389
98,1631,attention,0.15375502052761258,0.36177890641348703,0.8749146461486816
99,4601,attention,0.1104096632090307,0.12415755371893605,0.24468864500522614
100,6956,attention,0.2654886317253113,0.5259353303909302,0.9943296909332275
101,8482,attention,-0.17416810349394113,-0.3587781187051382,0.014122575521469116
102,9095,attention,0.3933937152226766,0.3284016331036886,0.9781303405761719
103,7344,attention,0.8230174385287143,0.8556326544947095,0.9935281872749329
104,1732,attention,0.19048187136650085,0.3883126423909114,0.8986511826515198
105,4373,attention,0.7375165955586866,0.5958690284328028,0.9841285943984985
106,971,attention,0.363160977140069,0.7919845739379525,0.9162517189979553
107,6578,attention,0.1887950301170349,0.4267328812016381,0.9421021938323975
108,1453,attention,0.7908963055202836,0.8800544370161859,0.9991248250007629
109,80,attention,0.13569748800780093,0.13053012719111784,0.25069528818130493
110,8908,attention,0.713342968155356,0.6179689922753502,0.9834333658218384
111,96,attention,0.8137468922883272,0.8798282857984304,0.9987819790840149
112,4376,attention,0.5507924923529992,0.4619711156074817,0.966674268245697
113,3207,attention,0.09071280325160307,0.29727597096387076,0.8136265277862549
114,6462,attention,0.7029516977422378,0.6267717813744265,0.9778786897659302
115,6220,attention,0.5300999567326572,0.3958728580425183,0.7519335746765137
116,3279,attention,0.8078231779592377,0.8741973832781825,0.9997448325157166
117,8741,attention,0.43199217144180746,0.4366103007512934,0.5602492094039917
118,8758,attention,0.3555795283002012,0.4446068037958706,0.9525967836380005
119,5396,attention,0.2318561105501084,0.497210130805061,0.98838871717453
120,2855,attention,0.23967323303222657,0.3444319685300191,0.8815556168556213
121,1862,attention,0.7311946492770622,0.5910311521127306,0.9610991477966309
122,7659,attention,0.2707911975480415,0.3668842098197421,0.8467274308204651
123,8446,attention,0.22480898071080446,0.6212610777001828,0.9988710284233093
124,5152,attention,0.27919641468260026,0.4841759006182353,0.9940819144248962
125,2903,attention,-0.030347709479027016,0.0006865313233331193,0.1892295479774475
126,7581,attention,0.7764694303274154,0.8736190654337406,0.9940722584724426
127,9431,attention,0.6324726628030047,0.5969378906576073,0.9677446484565735
128,8948,attention,0.7341445176438852,0.5800531134009361,0.9481334686279297
129,2486,attention,-0.6207848239823112,-0.4840033064995493,0.02572258561849594
130,5552,attention,0.6451609606544176,0.5559897298614184,0.9102206230163574
131,5479,attention,0.15284125606218973,0.6153186644117038,0.9652752876281738
132,3894,attention,0.6337884061715819,0.5163996443152428,0.8844799995422363
133,9430,attention,-0.2031197284481355,-0.332082219475082,0.013654867187142372
134,9766,attention,0.21540828545888266,0.4498161588396345,0.9629518985748291
135,4355,attention,0.29987020045518875,0.14466704144364312,0.5038201808929443
136,2833,attention,-0.012977590163548788,0.17295841872692108,0.6843008995056152
137,3328,attention,0.20410428113407558,0.4337279034985436,0.949097216129303
138,8019,attention,-0.13792021423578263,-0.33503975048661233,0.03530601039528847
139,3424,attention,0.2540145665407181,0.4536013424396515,0.9673694372177124
140,4539,attention,0.8072834566787437,0.8775047444634967,0.997796893119812
141,4921,attention,-0.27741543624712073,-0.04956057797307554,0.420066237449646
142,3469,attention,0.49592395722866056,0.24207557241121927,0.9678383469581604
143,5705,attention,0.4096067127585411,0.8424332059733569,0.9994989633560181
144,311,attention,0.6067236616061285,0.653176756718984,0.7733714580535889
145,9045,attention,0.04544375340143839,0.28977901878811063,0.7607484459877014
146,2619,attention,0.1030529591030088,-0.0766322196557604,0.2811937630176544
147,789,attention,0.3212343156337738,0.6647716138201455,0.9994664788246155
148,2742,attention,-0.04703273177146912,0.127575021982193,0.6413431167602539
149,5653,attention,0.7299961602936188,0.6177693506081899,0.9864535927772522
150,483,attention,-0.40308811447837134,-0.217074529691176,0.2950841188430786
151,8113,attention,-0.009006886493142059,-0.18959352882896982,0.13129007816314697
152,8478,attention,0.7303368063534007,0.7356047069325167,0.8963323831558228
153,1199,attention,0.34834140348128784,0.47291571627824736,0.9540375471115112
154,5507,attention,-0.569262754637748,-0.4383022293448448,0.0754658654332161
155,3653,attention,0.8128872715721005,0.8420454977374328,0.9979169964790344
156,5065,attention,0.21847308733884027,0.4485992017914267,0.9645865559577942
157,1626,attention,0.7555202130228281,0.8255610909312964,0.94484543800354
158,7661,attention,-0.24293506302331624,-0.07183233687752172,0.442690372467041
159,6837,attention,0.8071692106516465,0.8779726630967596,0.99808669090271
160,7655,attention,0.7835759065217442,0.8816111191279359,0.9999051094055176
161,8538,attention,0.15141925801123893,0.7760196314193308,0.9930523633956909
162,1775,attention,0.15563352015756426,0.12171047145412081,0.2665860652923584
163,9643,attention,0.31623481842689216,0.4438921082764864,0.9525106549263
164,8884,attention,0.8087949642250615,0.8752880803038997,0.9963610768318176
165,6778,attention,0.07720487068096797,0.912945466193681,0.9993769526481628
166,2340,attention,0.17654142369117057,0.6898933427873999,0.9982617497444153
167,7226,attention,-0.07670934015715664,-0.1411470320414413,0.01776505634188652
168,1472,attention,0.710359296628407,0.595765023004441,0.9634662866592407
169,8187,attention,0.6965999863007002,0.679414012340001,0.9835251569747925
170,6250,attention,0.7378884961730555,0.6142123953292244,0.981038510799408
171,2335,attention,-0.5031377846995989,-0.36096301840411293,0.15440629422664642
172,8981,attention,0.0884714727955205,-0.3526376890284674,0.2739567160606384
173,8685,attention,0.7587380465762369,0.6067415033948833,0.9768679141998291
174,251,attention,0.7040292436585707,0.629840182907441,0.9841459393501282
175,2732,attention,0.7130852464367362,0.6250619660405552,0.9908655285835266
176,4329,attention,-0.023610479301876493,0.17313113808631897,0.6881905198097229
177,9545,attention,0.4968750286433432,0.8554905126285222,0.9999630451202393
178,2337,attention,0.6216100491583347,0.6703502639300294,0.7886442542076111
179,8695,attention,0.28160553016970236,0.47993979723222796,0.9888496994972229
180,2215,attention,0.06607199105478469,0.052374408358619326,0.17153742909431458
181,5436,attention,0.7936836523669106,0.8424467586335682,0.9990270137786865
182,5058,attention,0.1025884747505188,0.33569022228843287,0.8502129316329956
183,9548,attention,0.8132062521965607,0.8776385337114334,0.9972397089004517
184,108,attention,0.7441545476516088,0.6207085268365012,0.992219865322113
185,3019,attention,0.5888845068402588,0.5596227552741766,0.9944136738777161
186,487,attention,0.7063514902773831,0.754902479549249,0.8923308849334717
187,2436,attention,0.2789798436626311,0.4674247964735954,0.9759021401405334
188,2417,attention,0.5967978827655316,0.6134759731590748,0.7580488324165344
189,2684,attention,0.7866160020880077,0.8563453568064648,0.9983345866203308
190,621,attention,0.41897573113441466,0.4651693320274353,0.5852698087692261
191,3281,attention,-0.19554639259974163,0.3148371508034567,0.3935876488685608
192,8547,attention,0.33085528548274723,0.4013215492346457,0.9655312895774841
193,3941,attention,0.36338248369949205,0.7663016077463648,0.999041736125946
194,2423,attention,0.42479443017925533,0.27802540734410286,0.7344033718109131
195,7682,attention,0.7200992219150066,0.6099708862602711,0.9766225814819336
196,4960,attention,0.21169015589882345,0.46871846213060264,0.9545183777809143
197,2766,attention,0.39236857898702676,0.4702983225949786,0.9641554951667786
198,7662,attention,0.6901284697509947,0.5816331193560645,0.9493343830108643
199,416,attention,0.7037878238102969,0.6237621675519383,0.9895657300949097
200,3898,attention,-0.6001346803417331,-0.4697486054348318,0.04477410390973091
201,7632,attention,0.6764684716860453,0.560009567510514,0.9277108311653137
202,2328,attention,0.747577292578561,0.5741543996901739,0.9876748323440552
203,2754,attention,0.6916752001818489,0.6051218842758852,0.9425421357154846
204,8234,attention,0.8005646869540215,0.8799674069881439,0.9998112320899963
205,3101,attention,0.7402730798721313,0.6091346192359924,0.978207528591156
206,2108,attention,0.413631159812212,0.45660121073680265,0.5767663717269897
207,3100,attention,0.4212607575787438,0.45430958381405584,0.57489013671875
208,5351,attention,0.7969771315974574,0.8140620272005757,0.9731556177139282
209,3284,attention,0.80367662056404,0.8809128412429024,0.999789297580719
210,4824,attention,-0.5757206588983536,-0.40782936811447146,0.11368794739246368
211,6551,attention,0.728647326837693,0.5023669047015054,0.8818588256835938
212,7444,attention,0.16487857414519086,0.10627717480939977,0.25782865285873413
213,304,attention,0.7919964786796343,0.8925443731603169,0.9949650168418884
214,6360,attention,0.17595804532368978,0.5116527756055196,0.9673136472702026
215,4190,attention,0.4330984953613508,0.4507669962587811,0.5699300169944763
216,6664,attention,0.6911530527803633,0.5943603350056542,0.9606970548629761
217,1945,attention,0.8250541637341181,0.8513423336876763,0.9966555833816528
218,5817,attention,-0.2796511585297792,-0.11222360056379567,0.37664487957954407
219,92,attention,0.6003124850988388,0.44575792908668516,0.8146926164627075
220,119,attention,0.1577934683723883,0.814528839154677,0.9989120960235596
221,9591,attention,-0.056559001857584175,0.13130338896404614,0.6436032056808472
222,8421,attention,0.3554913915436843,0.3942323198606228,0.5145477652549744
223,7945,attention,0.6288035156903788,0.6105947084724903,0.9813550114631653
224,2487,attention,0.7299725393886152,0.6134401870810468,0.981793999671936
225,1245,attention,0.6518033046741039,0.40844806749373674,0.9603469967842102
226,346,attention,0.5815372605892745,0.6257929541170597,0.7451899647712708
227,9392,attention,0.6793500385854555,0.5509885860526044,0.9193423986434937
228,6604,attention,0.2513600140810013,0.24584553556309807,0.3916223645210266
229,6338,attention,-0.18102910896996036,-0.08979357714221502,0.0007142872200347483
230,8410,attention,0.04461004232105456,0.3131039362204702,0.7856822609901428
231,4216,attention,0.3759943087186132,0.5384615122207573,0.9847311973571777
232,7436,attention,-0.08790409681387246,-0.17761800717562437,0.2272808998823166
233,6666,attention,0.4232456414311221,0.45059717965848517,0.9586819410324097
234,8051,attention,0.15729361772537231,0.3622280593429293,0.8715716004371643
235,1593,attention,-0.1121987369568909,-0.2205327148823177,0.15043936669826508
236,6951,attention,0.2328232114131634,0.39506080975899327,0.9345783591270447
237,850,attention,0.6827898983444486,0.5620754737229574,0.9296643733978271
238,5506,attention,0.7562306130804667,0.6420219351605672,0.9685686230659485
239,8479,attention,0.011794250990663255,0.19456486297505243,0.6700364947319031
240,7182,attention,0.8362536208911074,0.8581679678625531,0.9999536275863647
241,2362,attention,0.4524933327920735,0.829367154976353,0.9505352973937988
242,2178,attention,0.6082252985664777,0.5453443173851286,0.9733298420906067
243,1731,attention,-0.11372367815616038,-0.16705071868804786,0.38484254479408264
244,4185,attention,0.8057963271674357,0.8749492905641857,0.9936004877090454
245,673,attention,0.7991290082750113,0.8786245785329653,0.9984293580055237
246,5212,attention,0.3533321810332504,0.467771773050363,0.6283679604530334
247,4417,attention,0.7422685508023609,0.6198232993483543,0.9879036545753479
248,1056,attention,0.6161698932173075,0.6534942620330386,0.7735608816146851
249,9593,attention,-0.43655742406845094,-0.2699279636144638,0.243360698223114
250,623,attention,-0.03252191912560236,-0.23041217809631712,0.14192570745944977
251,6217,attention,0.057371324614474646,-0.10858347855116192,0.2582426369190216
252,9597,attention,0.23419113611352854,0.43290025817936867,0.94245845079422
253,2955,attention,0.8152580726146698,0.8796748077869415,0.999518632888794
254,88,attention,0.4694853020676722,0.52826452607082,0.9609821438789368
255,3538,attention,-0.28309327207113566,-0.10708756352725782,0.40691903233528137
256,3643,attention,0.786180442682019,0.826464319118747,0.9848778247833252
257,8313,attention,-0.10531588763959947,-0.318734239907034,0.051715411245822906
258,5649,attention,0.709325340233351,0.6420696267956182,0.9766762852668762
259,1355,attention,0.7167462692768486,0.7360983297780708,0.88857102394104
260,7142,attention,-0.15610098466277122,0.371418246999383,0.6247670650482178
261,1512,attention,0.3096149582415819,0.505816356773721,0.9998650550842285
262,7565,attention,0.15250974375268686,0.36673047231591266,0.8787069320678711
263,733,attention,0.20167991876602173,0.40178643465042113,0.9125187397003174
264,8765,attention,0.265690112596049,0.273499318782021,0.8646788001060486
265,9018,attention,0.11088012229828607,0.38107077848343623,0.8577378988265991
266,6240,attention,0.2287417259067297,0.5302228694781661,0.9745098352432251
267,590,attention,0.8020905217244512,0.8651390693017414,0.9846627712249756
268,3745,attention,0.710702630292092,0.4250173329242638,0.9794371724128723
269,1919,attention,0.6301985328847711,0.5119186267256737,0.8799989819526672
270,7799,attention,0.2587489341867381,0.468853668919925,0.9782043695449829
271,7684,attention,0.68622045237571,0.7543290141969919,0.8755611777305603
272,9486,attention,0.8022636696696281,0.8809837840105358,0.9996349811553955
273,5027,attention,0.529939809015819,0.7279500556843621,0.9352264404296875
274,8568,attention,0.6926637542589257,0.6353593594394624,0.9612317681312561
275,5425,attention,0.8008429434895515,0.8773498690128326,0.9971936941146851
276,2377,attention,0.6850526382525762,0.5775018764866723,0.9438385963439941
277,6447,attention,0.727569705358258,0.5892721116542816,0.9587855935096741
278,8029,attention,0.7067932440684392,0.5743151438923982,0.948946475982666
279,3855,attention,-0.4708884557088216,-0.3157788955029987,0.1962687075138092
280,5221,attention,-0.4696443552772204,-0.24956739246845244,0.18781906366348267
281,5792,attention,0.760493008295695,0.6154835397998492,0.9906495213508606
282,3006,attention,0.10869711836179098,0.5278012643257777,0.9978829026222229
283,8706,attention,0.6157905244164996,0.5674469334383806,0.9663774967193604
284,2943,attention,0.7040766189838278,0.5608423999671278,0.9308606386184692
285,2072,attention,-0.12263507267524457,0.06066779638158864,0.5698568224906921
286,3873,attention,0.09306086450815201,0.8447362590581179,0.9997352957725525
287,9297,attention,-0.07663219316822031,-0.09617602080106735,0.023425154387950897
288,9105,attention,0.18373818351672247,0.40687044537984407,0.9175363183021545
289,7635,attention,-0.18248441138050772,0.019444093108177185,0.5086358189582825
290,5313,attention,0.7012578792870044,0.6016057729721069,0.9687720537185669
291,9675,attention,-0.5329509331629827,-0.3964415721786328,0.04756920784711838
292,2075,attention,-0.5286607622168958,-0.4631528828293085,0.029840612784028053
293,7144,attention,0.3207350820302963,0.37084756333094376,0.7779881358146667
294,3928,attention,0.8031574629247189,0.8751607980579138,0.9944451451301575
295,1393,attention,0.8154382607541405,0.7979423632988563,0.9559140801429749
296,263,attention,0.36315424286800885,0.1860335780226666,0.5543873906135559
297,970,attention,0.2512327003479004,0.49539799213409424,0.9830170273780823
298,5821,attention,0.7218014386792978,0.6018191625674566,0.9705916047096252
299,8593,attention,0.24118768897923556,0.47771416198123584,0.9902368187904358
300,4553,attention,0.07606314246853192,-0.10149824991822243,0.25519683957099915
301,1671,attention,0.2501526061031554,0.2490872662100527,0.36948418617248535
302,3118,attention,0.24053278294476596,0.47281531583179126,0.9853379726409912
303,4367,attention,0.7477787983204637,0.6136331079261643,0.9835205674171448
304,1760,attention,0.6800412196252081,0.3833843088812298,0.953184962272644
305,3412,attention,0.7898163666779344,0.8399486060846936,0.9996806383132935
306,6066,attention,0.5487677736414803,0.4015208383401235,0.7711567282676697
307,3616,attention,0.7131299262537676,0.628252304652158,0.9940558671951294
308,5874,attention,0.4444160958131154,0.2981085557313192,0.665697455406189
309,2189,attention,0.7316536909860113,0.6049043588016344,0.9733267426490784
310,6071,attention,-0.35406704743703205,-0.16705010334650675,0.3445005416870117
311,5148,attention,0.40808962570393786,0.48435420499128456,0.9919676184654236
312,9064,attention,0.8151599197751946,0.876434242973725,0.9951918125152588
313,8381,attention,0.7183200510011779,0.6248067451847924,0.9911434650421143
314,3352,attention,0.5796921141445637,0.7938323051979145,0.9917272329330444
315,799,attention,0.7463745248637029,0.7797958752406495,0.9007335305213928
316,8656,attention,0.6968796755138197,0.6163478070183804,0.9716004729270935
317,7305,attention,-0.27457159757614136,-0.09387798190116882,0.4172053039073944
318,7948,attention,0.7121637587745985,0.6191105677021874,0.9854472875595093
319,7233,attention,0.41389302807775413,0.27499214288863266,0.6311346888542175
320,2392,attention,0.8097186804645591,0.870318244314856,0.9886122345924377
321,3443,attention,0.6182495819197761,0.5155147628651725,0.8816978335380554
322,8558,attention,0.261203799645106,0.38079373836517333,0.973223090171814
323,5014,attention,-0.11857554285476606,-0.2984153355161349,0.07035710662603378
324,4362,attention,0.19261720933412252,0.4063371639502676,0.9208598732948303
325,8224,attention,0.26766181687513985,0.31630672911802926,0.8885605931282043
326,6865,attention,0.6670376268716959,0.44502488982218963,0.8719384074211121
327,7389,attention,0.7087317352945154,0.5949123129248619,0.9629926681518555
328,303,attention,-0.1551078673824668,-0.3308781712129712,0.014017949812114239
329,8398,attention,-0.19079328731105133,-0.01773184215700304,0.19514413177967072
330,2907,attention,0.5200881021363395,0.4020172811689831,0.7638531923294067
331,4619,attention,0.5674972323079904,0.3563334022959073,0.9858346581459045
332,4765,attention,0.7988149020820856,0.9481877639889718,0.9990813732147217
333,3320,attention,0.1996659924907069,0.43879880059149956,0.9103321433067322
334,5298,attention,0.6808929339699124,0.550333137097566,0.9235251545906067
335,7927,attention,0.03576210389534632,0.6595291522874808,0.7891092300415039
336,2348,attention,0.1869917597089495,0.43978078397256987,0.9576795101165771
337,4267,attention,-0.5123764548836083,-0.3357872731726745,0.17377091944217682
338,9648,attention,-0.2585994799931844,-0.07618276278177898,0.4353678822517395
339,3024,attention,0.8243542201817036,0.8757540103048086,0.9947077035903931
340,1373,attention,0.8261411849719783,0.8401965840409199,0.9978209733963013
341,7377,attention,0.4345975564792752,0.8787873995024711,0.9994086027145386
342,9782,attention,0.007395631074905396,0.5810933813452721,0.739330530166626
343,2771,attention,0.14831963253931868,0.18779810766379038,0.7439307570457458
344,3,attention,0.24095673859119415,0.46870751678943634,0.9819961786270142
345,2908,attention,0.27435759109694785,0.29521810127104203,0.7847798466682434
346,3852,attention,0.6343880456529165,0.7210049822338318,0.9862563014030457
347,532,attention,0.18035703897476196,0.41214164307242945,0.9266643524169922
348,7929,attention,0.5898305773735046,0.8398671330827655,0.9613776206970215
349,9423,attention,0.23448626019737936,0.4659244824539531,0.9784471392631531
350,290,attention,0.7838737118244171,0.8439771842956543,0.9896323680877686
351,3014,attention,0.47642962099052966,0.8790334474761039,0.9996546506881714
352,2874,attention,0.8015163583975089,0.8794950984026256,0.9981462955474854
353,5146,attention,0.6266911985973517,0.4790858527024587,0.847770094871521
354,2221,attention,0.25487434566020967,0.48099897503852845,0.9947670698165894
355,6958,attention,0.8228429779410362,0.8423219664643208,0.9999463558197021
356,2997,attention,0.6455445631274155,0.5492840796709061,0.9155088663101196
357,6729,attention,0.7181663978099823,0.59506267786026,0.9641355872154236
358,9159,attention,0.3493112518506892,0.5007667269776849,0.9859901666641235
359,6175,attention,0.19128139151467216,0.38227667852684305,0.8925741910934448
360,568,attention,0.7209443105705853,0.5753329550397808,0.9454593658447266
361,5284,attention,0.5456597427296084,0.47756494486401246,0.8300798535346985
362,1107,attention,0.40697704574891497,0.358611263068659,0.6682243347167969
363,135,attention,0.219430193901062,0.46054394960403444,0.9716272354125977
364,7828,attention,0.47502463843141285,0.3151161191718919,0.6850035786628723
365,8709,attention,-0.05006196831955629,-0.25007732475505157,0.12519556283950806
366,7998,attention,0.6484795964576981,0.4964209422469139,0.8645012974739075
367,1087,attention,0.29837992436745586,0.268178592709934,0.775250256061554
368,8291,attention,0.13467308231022046,0.37495048408922943,0.854321300983429
369,2301,attention,0.7156220752000809,0.4045848327875137,0.95539391040802
370,4339,attention,0.2043201220887048,0.44260768592357635,0.9137663245201111
371,6851,attention,0.09542919309050948,0.2872295203032317,0.7973652482032776
372,3047,attention,-0.08221534267067909,-0.2693286888301373,0.0979495421051979
373,4130,attention,0.20828608920176825,0.5067105315004786,0.9384138584136963
374,4521,attention,0.03739420464262366,0.21311100013554096,0.6010063886642456
375,7538,attention,-0.4206244684755802,-0.2762879704435666,0.24221482872962952
376,5473,attention,0.2973276434673203,0.14339659942520988,0.5097333192825317
377,388,attention,-0.01149049754205503,0.1366675394146066,0.35248786211013794
378,4217,attention,-0.0064687347039580345,0.13981207879260182,0.37010785937309265
379,2122,attention,0.8062888788990676,0.8735847836360335,0.9940676689147949
380,1310,attention,0.7174402268396484,0.5858577920330895,0.9521945118904114
381,647,attention,0.12393362820148468,0.33063303530216215,0.8441824316978455
382,6510,attention,0.7234789195813631,0.6171709910819405,0.983997106552124
383,8040,attention,0.7913387498507897,0.8730468287443122,0.9927237629890442
384,1183,attention,0.5376322211814113,0.37726250019234914,0.7527951598167419
385,2859,attention,0.11214773299602362,-0.06689776652134381,0.29044002294540405
386,7769,attention,0.7136221470104324,0.6230215860737695,0.9893583059310913
387,8403,attention,0.8261603774393306,0.8814918328734005,0.9993377327919006
388,7110,attention,-0.14353410143624334,-0.35443329909706817,0.019069893285632133
389,5798,attention,0.347386313136667,0.4641168713569641,0.9720874428749084
390,3128,attention,0.3278726909090491,0.19779886042370515,0.5682955384254456
391,7197,attention,-0.0859364981834705,-0.09709890745580196,0.022872185334563255
392,3148,attention,0.8071932885050773,0.8795313394069671,0.9993751645088196
393,510,attention,0.6924096074174432,0.5776428475099451,0.9432699084281921
394,3059,attention,0.4715947326686647,0.7859302844024367,0.9986955523490906
395,7940,attention,0.7581245044867198,0.6171389897664388,0.9874366521835327
396,4049,attention,0.10661694407463074,0.31791328489780424,0.8314626812934875
397,5875,attention,0.7902462799911913,0.8439223319292068,0.9635235071182251
398,3859,attention,0.4117491841316223,0.3682642171780268,0.8255603909492493
399,6849,attention,0.37386315912008283,0.20756012201309204,0.574726402759552
400,8149,attention,0.23148341133044317,0.42602123893224275,0.9366871118545532
401,6260,attention,0.2597294138825458,0.4809950201407723,0.9929714798927307
402,3312,attention,0.16189206195505043,0.2779052077155364,0.7778376936912537
403,7866,attention,0.015258933489139263,0.19915111936055696,0.7098169922828674
404,4201,attention,0.44391859857755345,0.48003968804381614,0.9487881660461426
405,7652,attention,0.7348759980364279,0.6219990476965904,0.990079402923584
406,4273,attention,0.47262627924933576,0.8791181716051969,0.99992835521698
407,3181,attention,0.7980007428962451,0.8790136893781332,0.9997420907020569
408,3817,attention,0.4543976921301622,0.809301470239193,0.9993771910667419
409,1880,attention,-0.0686063159050213,-0.10351711304651366,0.01568293571472168
410,5350,attention,0.3959510209767715,0.4412262588739395,0.5608274340629578
411,3615,attention,0.35231650930300756,0.32129951787961497,0.8107764720916748
412,4058,attention,0.37124222074635327,0.8213406216818839,0.9419618248939514
413,6915,attention,0.150333557691839,-0.016236590014563665,0.3501001298427582
414,321,attention,0.2545120981004503,0.47941938042640686,0.9939339756965637
415,4722,attention,0.31671320822309046,0.34204971089082603,0.45989561080932617
416,6422,attention,0.8075985150492709,0.8307531605596128,0.9896161556243896
417,3295,attention,0.7328928531531025,0.7547364497885984,0.9100990891456604
418,6421,attention,0.7989975297275711,0.8741507389966179,0.9998773336410522
419,9330,attention,0.5345591713984807,0.40529064734776815,0.9636116027832031
420,8138,attention,0.40647991630248725,0.4731831047683954,0.981547474861145
421,3205,attention,0.5954757680762365,0.4294661357998848,0.9054865837097168
422,2522,attention,0.46110953305448804,0.8027241753148181,0.9771209955215454
423,6998,attention,0.31535501317942843,0.48528590097146873,0.9932758808135986
424,5556,attention,0.018215989073117573,0.01444967162041437,0.13361269235610962
425,5938,attention,0.2621763801574707,0.48077340841293337,0.9918566942214966
426,500,attention,0.1487349338001675,0.370740681886673,0.8852552771568298
427,3000,attention,0.8072211663973959,0.8812628529573742,0.9999140501022339
428,3555,attention,0.7980696953394834,0.8798500948092517,0.9982357025146484
429,8612,attention,0.6252701375633478,0.48268509407838184,0.8514575362205505
430,9249,attention,0.8092507161200047,0.875746593127648,0.9964041709899902
431,3032,attention,0.3274247134725253,0.5550173338502645,0.8539521098136902
432,9705,attention,0.7989472140454583,0.8936571300857596,0.9889709949493408
433,330,attention,0.0956518977880478,0.6214998528361321,0.8267892599105835
434,3078,attention,0.15535043968873866,0.16710021390634425,0.6750901937484741
435,2018,attention,0.6204741945904162,0.4116327915754583,0.8120930790901184
436,3274,attention,0.8044952340424061,0.8620393123477698,0.9813236594200134
437,3233,attention,0.24544078679311843,0.48282617046719506,0.9957135915756226
438,3387,attention,0.24599730968475342,0.5686599129112437,0.9937663078308105
439,144,attention,0.19727017482121786,0.4052875174416436,0.9010109305381775
440,9742,attention,-0.00978078113661872,0.18670819534195793,0.7020775079727173
441,367,attention,0.7956328416864077,0.8530095803240935,0.9927334785461426
442,8679,attention,0.6745372547043694,0.5346100615958372,0.9541473984718323
443,4304,attention,-0.06409741421451881,-0.3431215679184312,0.03199302777647972
444,7178,attention,-0.4689328745007515,-0.30289271015387315,0.20744583010673523
445,333,attention,0.22207159063090448,0.49665357496427454,0.93973308801651
446,518,attention,0.801744567660185,0.8747806586325169,0.9947517514228821
447,7040,attention,0.006431333051295951,-0.29839978320524096,0.05382367596030235
448,4229,attention,0.7478519229218363,0.7304672885686159,0.8422279357910156
449,3833,attention,0.3429403886198997,0.20884319618344308,0.5758914947509766
450,6058,attention,0.09942215330460492,0.3102538690847509,0.826604425907135
451,576,attention,0.48459622351562276,0.5990723516134655,0.9669933319091797
452,4215,attention,-0.44980313378925385,-0.4366736251272653,0.02259739488363266
453,2758,attention,0.5760130307231194,0.5617845377478844,0.9120370149612427
454,4756,attention,0.2590768881466078,0.48373129056847614,0.9957077503204346
455,9000,attention,0.5348329580078522,0.4630653724074364,0.8207840323448181
456,3813,attention,0.7333504340865395,0.6265023574233055,0.9945827126502991
457,3045,attention,0.8119320866962274,0.8783065107961495,0.9991866946220398
458,4047,attention,0.23696046074231467,0.4578545150302705,0.9573930501937866
459,9094,attention,0.09249241650104523,0.7745334761566482,0.9995237588882446
460,8181,attention,0.7215185955166816,0.6205811969935894,0.9878594279289246
461,6309,attention,0.5368454859212592,0.37711188197135925,0.7466253638267517
462,1479,attention,0.4625094788415091,0.2697982218648706,0.6603317260742188
463,543,attention,0.7715009453481642,0.6249041012648878,0.9949223399162292
464,1618,attention,-0.09269275151193142,-0.3555420722067356,0.06054547056555748
465,9032,attention,0.42662096429954877,0.8791453513232145,0.9999555349349976
466,7746,attention,0.30131701081991197,0.22897930294275284,0.7823534607887268
467,6039,attention,0.730501726269722,0.6195431785150007,0.9875119924545288
468,7919,attention,0.09702812812545082,0.32251266728747974,0.8350353240966797
469,7624,attention,0.1588061784704526,0.6018090903759002,0.9978998899459839
470,9495,attention,0.33717727940529585,0.3116909973323345,0.8270493745803833
471,8657,attention,0.8143660518385115,0.8791006228753498,0.998624324798584
472,7160,attention,0.804408230242275,0.8377318949926467,0.9950231313705444
473,2358,attention,0.7613379324858005,0.6002316039342147,0.9747324585914612
474,8250,attention,0.8168967826210934,0.8799137622117996,0.9995149374008179
475,1655,attention,0.7896400574594736,0.8806951489299536,0.9999794960021973
476,6911,attention,0.634351595886983,0.49633478466421366,0.9800494909286499
477,1746,attention,0.16781671941280366,0.46922009736299514,0.8988498449325562
478,5794,attention,0.40867636761357706,0.23638163747326021,0.6117662787437439
479,14,attention,0.812945618515923,0.8698746718111492,0.9890376925468445
480,1877,attention,0.6946594023704529,0.5699597173929214,0.9437482357025146
481,7888,attention,-0.058873334899544716,-0.3805734406979311,0.03794756904244423
482,8520,attention,0.27698063644869575,0.5083589636046311,0.9955009818077087
483,6883,attention,0.8224955020206315,0.8794257239039455,0.9998689889907837
484,3761,attention,-0.05563044777283302,-0.011648484529593052,0.4492890536785126
485,0,attention,0.021199815803103976,0.1680724444212737,0.6697250008583069
486,6831,attention,0.2605252111399615,0.47537972971245096,0.9856772422790527
487,7722,attention,0.8056243737378428,0.8794153837427017,0.9999464750289917
488,9630,attention,0.7373948817451795,0.5883806079626084,0.958454966545105
489,7672,attention,0.7309228541063411,0.48964704094188555,0.9733251929283142
490,6568,attention,0.054673635001693456,0.05524905850844724,0.17541421949863434
491,655,attention,0.16499299307664236,0.8226792528439546,0.982920229434967
492,9349,attention,0.4881908877028359,0.3667066709862815,0.9683236479759216
493,4241,attention,0.250088706612587,0.17145521709552178,0.7906460762023926
494,3023,attention,0.7068980696954226,0.6006078139731759,0.9674339294433594
495,1851,attention,0.13676527613087705,0.3425193617218419,0.8565259575843811
496,349,attention,0.7716426754306103,0.8456435989716957,0.9454079866409302
497,6340,attention,0.5434942923020571,0.2958233021199703,0.9389975666999817
498,1156,attention,0.6904933678314966,0.7528589718482074,0.861674964427948
499,3017,attention,-0.039970983884164264,-0.23728104084730148,0.08765469491481781
500,457,attention,0.20193924852039502,0.49069058376809827,0.9319348335266113
501,2867,attention,-0.05559120953760364,0.12286988823589953,0.4899269640445709
502,5033,attention,0.4707801640033722,0.2517547538647285,0.8742331266403198
503,4622,attention,0.5094101671939311,0.5381070977967718,0.6582211256027222
504,6329,attention,0.7070653356611729,0.5610604822635651,0.9279072284698486
505,7081,attention,0.17229557720323405,0.7789335185661912,0.9927646517753601
506,6786,attention,0.5860681779682636,0.4011020362377167,0.8435319662094116
507,8458,attention,0.7319382041692734,0.5960200078785419,0.9516926407814026
508,5206,attention,0.3898795476047004,0.45385495191667136,0.9392110109329224
509,6053,attention,-0.08418119621687922,-0.2670309463965482,0.10309546440839767
510,131,attention,0.5339195805567282,0.6008841687882388,0.7072423100471497
511,3692,attention,0.29950818313019617,0.5574644298425743,0.9772415161132812
512,6192,attention,-0.31040761490853935,-0.47472378325003844,0.048792410641908646
513,9523,attention,0.45821684635267024,0.5298014268642519,0.961187481880188
514,4587,attention,0.8134112893431275,0.7680567651987076,0.9995947480201721
515,9818,attention,0.8071847610613879,0.8447714588221382,0.9995943903923035
516,3235,attention,0.8029151363298297,0.8790202783420682,0.9989935755729675
517,8641,attention,0.8050893736737115,0.5319930043603692,0.931536078453064
518,4879,attention,0.7225177429971241,0.611493570463998,0.9839438199996948
519,6854,attention,0.6114947398858411,0.4054673845214503,0.7712569832801819
520,8572,attention,0.4065575357526541,0.7471995905507356,0.962346076965332
521,3639,attention,0.8022618301744971,0.8794692241187606,0.9996343851089478
522,7358,attention,0.17389968756971688,0.3708337031561753,0.8803918957710266
523,8826,attention,-0.07963563641533256,0.09138594433898106,0.21246188879013062
524,2303,attention,0.6675417858266062,0.6888646166170797,0.8479582071304321
525,7315,attention,-0.028168189371454305,0.3333378391789979,0.5223425626754761
526,5308,attention,0.7357075783339414,0.5945068821310997,0.9625872373580933
527,6808,attention,0.7235247328363615,0.5643130694997722,0.934439480304718
528,9395,attention,0.6938359284630189,0.5602454273746564,0.9161144495010376
529,265,attention,0.4537147594534833,0.2999843669974286,0.6683381795883179
530,4763,attention,0.7136147692799568,0.3202819956673516,0.9798698425292969
531,9111,attention,0.5880454083283743,0.4224609211087227,0.9889899492263794
532,6789,attention,0.42558572231791914,0.8788974115159363,0.9998348951339722
533,4597,attention,0.2762343798364912,0.4623656038727079,0.9720914959907532
534,2531,attention,0.4141106403026825,0.6606236233447607,0.866960883140564
535,4862,attention,0.3073553468354724,0.11892419105226343,0.4951181709766388
536,7669,attention,0.35851587492384407,0.3659724734331432,0.48462367057800293
537,316,attention,0.7437287035741305,0.6066799179503792,0.9735060334205627
538,1897,attention,0.4010585695505142,0.391289222240448,0.5507165193557739
539,8860,attention,0.5837939910590648,0.8362661523544375,0.9987818598747253
540,6407,attention,0.7192297544744279,0.6313472820652856,0.9976840019226074
541,8231,attention,0.062344098792356605,0.2675275311750524,0.7838780879974365
542,8521,attention,0.7910074532032013,0.8406146690249443,0.9933564066886902
543,6112,attention,0.444254108497666,0.18399667139682505,0.6008636355400085
544,8128,attention,0.24183654598891735,0.772347018122673,0.9714705348014832
545,2039,attention,0.4337929022601909,0.5204965097622739,0.9522435069084167
546,103,attention,0.7230872249182982,0.5358792822330426,0.9553327560424805
547,3297,attention,0.8031115533376578,0.43678955640643835,0.9933587908744812
548,794,attention,0.7258398127555847,0.6035231387615204,0.9724578261375427
549,5967,attention,-0.2730583658113199,0.14529508155058413,0.24620872735977173
550,5332,attention,0.16768322271459243,0.4020032987875097,0.9183538556098938
551,8586,attention,0.24047746783808657,0.4703819375289114,0.9849046468734741
552,1658,attention,0.23511897382282076,0.44224477949596586,0.964491605758667
553,3933,attention,0.27170387949004315,0.5249027356956945,0.6898942589759827
554,6968,attention,0.19363531470298767,0.06000334189997779,0.4261864125728607
555,9469,attention,0.7986280877629052,0.8518039733171463,0.9714051485061646
556,7854,attention,0.7990339855766959,0.8816362722880311,0.9999302625656128
557,3210,attention,0.2348796452085177,0.4332126130660375,0.9441894888877869
558,7012,attention,-0.1068551962574323,0.09999053180217743,0.6113330125808716
559,9808,attention,0.34382385194301607,0.1672707235813141,0.5362054109573364
560,2973,attention,0.7887899526639989,0.7919285242494783,0.9506114721298218
561,932,attention,0.7674747967720031,0.8166730791330338,0.9650254249572754
562,6163,attention,-0.6362778351789242,-0.5028108597095859,0.011425944976508617
563,6432,attention,0.1760367351770401,0.18672733426094054,0.30730393528938293
564,3497,attention,-0.13276515901088715,-0.061268193274736406,0.0659496858716011
565,3202,attention,0.725782581111964,0.6142784479786368,0.9847751259803772
566,2611,attention,0.16483069409926732,0.7692221935838461,0.9785923361778259
567,9631,attention,0.8135179463028908,0.8384865510463715,0.9988958835601807
568,567,attention,0.8106026695720081,0.87897162344949,0.9992870688438416
569,764,attention,0.7205375149620302,0.5829457049116944,0.9538270831108093
570,4366,attention,0.8044098220765591,0.8597870923578739,0.9802402853965759
571,8367,attention,0.7230931077809895,0.6889178165618111,0.9094205498695374
572,7360,attention,0.6692249576250712,0.533559446533521,0.9023318886756897
573,1441,attention,0.4309835808680338,0.12308096272103927,0.5641030669212341
574,921,attention,0.01487595174047682,0.2819795476065742,0.7555339336395264
575,8222,attention,0.26777689903974533,0.237406744488648,0.7786136269569397
576,1794,attention,0.7486934949244771,0.5880099625459739,0.9630635380744934
577,3838,attention,0.5135418133189281,0.35701518257459003,0.7256994247436523
578,3122,attention,0.202452402561903,-0.17070233225822448,0.38232237100601196
579,6127,attention,0.693023057260479,0.6235741961460847,0.9639993906021118
580,6319,attention,0.6684387758374214,0.5618497602641582,0.9291279911994934
581,2388,attention,0.04612221289426088,0.9108303444227204,0.981386125087738
582,4466,attention,-0.08607560914495717,0.030820856923642365,0.6251521110534668
583,4505,attention,0.2834890949726105,0.14480308890342714,0.4783322513103485
584,1606,attention,-0.06530454471383405,-0.24898302684659543,0.10731622576713562
585,2147,attention,0.2693582635659438,0.48512073434316194,0.9957866072654724
586,36,attention,0.06859485805034637,0.3036025673151016,0.7849873304367065
587,9147,attention,0.7869269649187723,0.8677778229826972,0.9876518249511719
588,761,attention,0.8105184477956399,0.8778677589219549,0.9979817867279053
589,5268,attention,0.4138582735322416,0.7733951748814434,0.8945633172988892
590,3038,attention,0.7332677303680352,0.5863581001758575,0.9610539078712463
591,5503,attention,0.45645839205155003,0.3064472818603882,0.6758103370666504
592,5228,attention,0.3807134659125887,0.3869437241348727,0.5483237504959106
593,1623,attention,0.2573680177978847,0.4848634211913399,0.9968398809432983
594,577,attention,0.37074142015155626,0.8234804355922867,0.9675679206848145
595,6426,attention,0.24975981177954837,0.46598557768196897,0.9619170427322388
596,8087,attention,0.7256439665430471,0.6178403512427681,0.9846664667129517
597,8536,attention,0.18605193495750427,0.4383742943406105,0.9387348890304565
598,9564,attention,0.2382043166499999,0.06775359561045964,0.4370931386947632
599,2232,attention,-0.29346067280996413,-0.11526114600045341,0.3978745937347412
600,2319,attention,0.8047384265810251,0.8380018807947636,0.9942792654037476
601,5707,attention,0.30274579737414703,0.5103616083556033,0.986215353012085
602,9690,attention,0.24620261788368225,0.08827552717664967,0.45669791102409363
603,5306,attention,0.12780340408024035,0.351367197538677,0.8658899068832397
604,7938,attention,0.45556866926582235,0.49648116136852066,0.6347065567970276
605,2167,attention,0.21735503185879101,0.43640760671008716,0.9489302635192871
606,637,attention,0.1663583238919576,0.4073081652323405,0.8737105131149292
607,8668,attention,0.7905106097459793,0.8344213354587555,0.9948306679725647
608,5594,attention,0.14619427982584707,-0.2930465095809528,0.2454535961151123
609,6555,attention,0.8033663976109691,0.8438984428842863,0.9992978572845459
610,8098,attention,-0.5626116383820772,-0.3843799948692322,0.09618464857339859
611,47,attention,-0.0007155846585245693,-0.08867803741903867,0.07114753127098083
612,5505,attention,0.4602789456645648,0.7626774539904935,0.9890602827072144
613,9196,attention,0.04326706207715548,0.2852488710330083,0.7533429861068726
614,8416,attention,0.7664078372445974,0.805569969794967,0.9473087787628174
615,4509,attention,0.7070131979882717,0.6234920777380466,0.9788893461227417
616,2638,attention,-0.07005250103333417,0.12181128123227287,0.638161838054657
617,8708,attention,0.017877720296382904,-0.14793016612529755,0.13412760198116302
618,8476,attention,0.8100647127086466,0.8717651702463627,0.9911621809005737
619,3080,attention,0.30186012089252473,0.6353122187157472,0.9906973838806152
620,2870,attention,0.06633427419001237,-0.1440059575252235,0.12925128638744354
621,2213,attention,0.7095416757990333,0.6223401795415318,0.9881437420845032
622,6043,attention,0.717516477406025,0.614337133616209,0.9816153645515442
623,3798,attention,-0.45007018620769185,-0.30586613714694977,0.20547634363174438
624,7972,attention,0.03101625179988332,-0.09960543783381581,0.14674974977970123
625,5739,attention,0.7977025914937258,0.8807422038167715,0.999695897102356
626,4822,attention,0.7997832784757894,0.8709416915388668,0.9887875914573669
627,9067,attention,0.6982175344601274,0.5851114769466221,0.9604967832565308
628,5799,attention,0.7830141844848791,0.8569980198517442,0.9777346253395081
629,7482,attention,0.8075737656404575,0.47992360095183056,0.9569826126098633
630,2114,attention,0.13390825897455216,0.13278477013111115,0.25311779975891113
631,1112,attention,0.7249627258628607,0.36443800826867423,0.9014387726783752
632,8178,attention,0.8014916388884835,0.8775292239759279,0.9973340034484863
633,3717,attention,0.6280637543761369,0.8717714728731097,0.9932819604873657
634,713,attention,0.2729768401810101,0.30426882739577976,0.7670185565948486
635,872,attention,0.04244942114584976,0.012167464113897748,0.1304614543914795
636,1149,attention,0.1271974856654803,0.6554942335933447,0.9999247789382935
637,9299,attention,0.748155797123909,0.6254839336872101,0.9944186210632324
638,5663,attention,0.4625169930181333,-0.0029907875827380587,0.5780981183052063
639,8167,attention,0.25177069505055744,0.4769149933542524,0.990050733089447
640,3315,attention,0.43923116382211447,0.785420818021521,0.9063583016395569
641,4588,attention,-0.27923634869081004,0.13840944126800256,0.4166889488697052
642,5098,attention,0.026393985748291014,-0.3736983500421047,0.18433299660682678
643,6077,attention,0.21953095644712448,0.038867407292127606,0.4263576567173004
644,7966,attention,0.7158316435525194,0.5721563324332237,0.93751460313797
645,1020,attention,0.6126842992380261,0.4712422196753323,0.9254239201545715
646,4102,attention,0.007511771958449791,0.23934932207239085,0.6971742510795593
647,5368,attention,-0.052753638762694136,0.14960247163589185,0.6465386748313904
648,6543,attention,0.8082114388716632,0.8760373463918423,0.9963527917861938
649,958,attention,0.10172166973352433,0.6963300876319408,0.9975054860115051
650,3846,attention,0.32779144055934417,0.3003387798865636,0.7814794778823853
651,2748,attention,0.6063933784470839,0.512409962275449,0.8782135248184204
652,4710,attention,-0.168981437970485,-0.05685667592167322,0.0542839951813221
653,8279,attention,0.6660723405114065,0.6410612233603994,0.9584804177284241
654,586,attention,0.23422889659802118,-0.23430291811625162,0.41410762071609497
655,1817,attention,0.8018148392438889,0.8671207622225795,0.9875640273094177
656,782,attention,0.791391022503376,0.8365675144725375,0.9924305081367493
657,8241,attention,0.13607453080740842,0.5037984522906217,0.6246086359024048
658,335,attention,0.7973654709108497,0.8080291294533274,0.981814444065094
659,3755,attention,0.7909618314694274,0.8661758090284738,0.9859071969985962
660,2191,attention,0.8015840618925936,0.7907743532867992,0.9978454113006592
661,9214,attention,-0.011800423974082583,-0.028570529250871567,0.09337727725505829
662,5205,attention,0.7544817774507561,0.5957918407297448,0.9603605270385742
663,6073,attention,0.7167763608906951,0.5551430700080735,0.925030529499054
664,23,attention,-0.3324710108778056,-0.3605494600008516,0.10098614543676376
665,4923,attention,0.7896317350952065,0.8497420724700478,0.9938667416572571
666,4556,attention,0.23153631885846457,0.3947837981912825,0.991468071937561
667,2012,attention,0.7929893501389486,0.8369625844061375,0.9569336771965027
668,381,attention,0.02325541873772939,0.11618489821751912,0.5377267599105835
669,3127,attention,-0.5009988090023398,0.11545778746949509,0.21086691319942474
670,6398,attention,0.19498248804699292,0.4209874678741802,0.9335101246833801
671,1981,attention,0.6426479177815574,0.3152883978826659,0.9862580299377441
672,3095,attention,0.7112722721169976,0.6246126066235935,0.9904161691665649
673,6758,attention,0.6213575697038323,0.5586558147333562,0.9293539524078369
674,2025,attention,0.1947921728094419,0.8363814782972138,0.9757044315338135
675,9398,attention,0.7153290291042889,0.631314672091428,0.9971182346343994
676,5100,attention,0.723578589502722,0.48159781377762556,0.9863613843917847
677,3526,attention,0.5416852343413565,0.438869113723437,0.8099152445793152
678,7532,attention,0.8169765300339177,0.8535440635113489,0.9993316531181335
679,3007,attention,0.03755397221137737,0.2234388754285615,0.7327895760536194
680,1084,attention,-0.10870479417088277,-0.10737593910273384,0.3996957242488861
681,9837,attention,-0.4645720024903615,-0.30075578667499403,0.20937994122505188
682,9258,attention,0.21733006693068005,0.4224834413755508,0.9353708624839783
683,4503,attention,0.08153843879699707,0.6912040268070996,0.9947574138641357
684,1575,attention,0.5455246332567185,0.33154632337391376,0.9550421833992004
685,3091,attention,0.012555330991744995,-0.05610420803229014,0.30640462040901184
686,2484,attention,0.7236436098814011,0.6050739541649819,0.9769773483276367
687,4489,attention,0.3957871525060563,0.7587808145298844,0.9988059997558594
688,5070,attention,0.6134396373527125,0.614115733653307,0.9848760366439819
689,5669,attention,0.21900492989354664,0.24665624731116825,0.3669483959674835
690,2138,attention,0.7883943439177845,0.8636840374573417,0.9810258746147156
691,6580,attention,0.6912951069285295,0.4894176130848272,0.983851969242096
692,2516,attention,-0.07721996400505304,-0.26845056340098383,0.09859773516654968
693,9154,attention,-0.02800334870815277,-0.21385950863361358,0.15521340072155
694,5456,attention,0.7214313248793284,0.6184042379969642,0.9861055016517639
695,3433,attention,0.4156259260341233,0.8051396023993399,0.9945763349533081
696,3989,attention,0.3872339485420121,0.2167496465974384,0.5870220065116882
697,7422,attention,0.7580294690054395,0.8175737268250921,0.9376877546310425
698,5009,attention,0.8126296408731362,0.878699232278199,0.9997223019599915
699,1458,attention,0.8088651222487291,0.8761088875432809,0.9969890713691711
700,952,attention,0.47495332882284524,0.06469496542757208,0.5464771389961243
701,9718,attention,0.19576677523161234,0.42389818241721705,0.9384208917617798
702,960,attention,0.2615492610554946,0.4626111011756094,0.9771338105201721
703,7273,attention,-0.17644818406552076,0.2332418345613405,0.39964550733566284
704,765,attention,0.24895076593384147,0.47351021505892277,0.9818745851516724
705,8316,attention,-0.009808100265217945,-0.11160464398562908,0.39701390266418457
706,3400,attention,0.7820762159923712,0.8722329094178147,0.9701642990112305
707,2316,attention,-0.06527300703931939,-0.10844614763151515,0.03669475018978119
708,9465,attention,0.25712541580200193,0.48775007247924806,0.9988333582878113
709,9346,attention,0.20971734821796417,0.41804290243557524,0.9275538921356201
710,7835,attention,0.19491746425628662,0.42293612360954286,0.9367042183876038
711,4032,attention,0.29791217148303983,0.4701613821089268,0.851252555847168
712,2029,attention,0.35776954605465844,0.430936214469728,0.8864477872848511
713,4718,attention,0.11796605587005615,0.6887711207964458,0.9998941421508789
714,286,attention,-0.4603578969836235,-0.30848546732555737,0.20403718948364258
715,908,attention,0.46562565183814836,0.48707018179052014,0.994857907295227
716,1482,attention,-0.30727917701005936,-0.03724709796634587,0.08669696003198624
717,9660,attention,0.2218963379661242,0.4312749703725179,0.9428256154060364
718,4712,attention,0.16923524155503228,0.15146102082161678,0.270624041557312
719,2133,attention,0.39585410207509997,0.3967870339751244,0.9553066492080688
720,9608,attention,0.4590029451297596,0.22490320553382237,0.6756927371025085
721,9774,attention,-0.2812455460429192,-0.12045698165893555,0.39331111311912537
722,9211,attention,0.5432029555241267,0.3494378129641215,0.9678144454956055
723,563,attention,-0.032386032783466835,-0.21230790666911914,0.14442920684814453
724,291,attention,0.14442341455391475,0.3419930509158543,0.8519404530525208
725,1713,attention,0.7399273431963391,0.6119232111506991,0.9778411984443665
726,4012,attention,0.726457917796714,0.5903508812189102,0.9601817727088928
727,8922,attention,0.15413312800228596,0.5629811664693989,0.7143899202346802
728,169,attention,0.7090403972303166,0.6193173422532923,0.9849444031715393
729,267,attention,0.5532808597340728,0.8739156975890651,0.9952079653739929
730,9144,attention,0.8419321599649265,0.5283320864041646,0.9903740882873535
731,3172,attention,0.24971953282753626,0.4788769682248433,0.9904276132583618
732,2286,attention,0.24560337445952676,0.4795662354339253,0.9918660521507263
733,315,attention,0.8014366378386816,0.8782991326990581,0.9974621534347534
734,8046,attention,0.7964456264550487,0.5109882988035679,0.9726502895355225
735,8822,attention,0.8359690525315024,0.9084275574846701,0.9985995888710022
736,245,attention,0.7994240944584211,0.8673378362630805,0.9870147705078125
737,5186,attention,0.37783992663025856,0.5378477568738163,0.964245080947876
738,5421,attention,0.04853685227809129,0.014398949565710846,0.1725240796804428
739,6065,attention,0.8001650954070298,0.8794801436040712,0.9992849230766296
740,50,attention,0.6938616720693452,0.8385587692792926,0.9963449835777283
741,3021,attention,0.10024585823218028,0.7809312153607607,0.999884843826294
742,7028,attention,0.23370483186509874,0.43681542078653973,0.9467214345932007
743,1372,attention,0.16215281053022904,0.4392773183909329,0.9093149900436401
744,4176,attention,0.8049565900117159,0.8798886511474848,0.9995517134666443
745,2470,attention,0.8426796092119601,0.3990021507654871,0.9739258885383606
746,8000,attention,0.12077888747056326,0.09918285061915716,0.6186632513999939
747,6156,attention,0.5125067173503339,0.45860064681619406,0.986234188079834
748,1498,attention,0.2691145561359547,0.4793033246640806,0.9896008372306824
749,5868,attention,0.7811625477495707,0.6538775018933747,0.9864418506622314
750,1963,attention,0.16492149531841277,0.3901734173297882,0.9039415121078491
751,248,attention,0.8091479077935219,0.8646335862576962,0.9746379256248474
752,4771,attention,0.24336720080602736,0.4788733493714106,0.976798415184021
753,1277,attention,-0.25545330959207874,-0.06406480950467727,0.45159438252449036
754,4905,attention,0.07455518738976841,0.2757848932825286,0.7849739193916321
755,8025,attention,0.8048878814138117,0.8718515194597698,0.9910145401954651
756,2110,attention,0.17429758608341217,0.30236075818538666,0.8962140083312988
757,9776,attention,0.27468510404709845,0.46985547196480537,0.9779263138771057
758,2945,attention,0.35348963364958763,0.2999272703503569,0.7681790590286255
759,6249,attention,0.7858771681785583,0.8792932174707714,0.9979444146156311
760,7023,attention,0.7264626466709635,0.6050857020461041,0.9734395146369934
761,795,attention,0.44128085921208066,0.4779524067416787,0.5981930494308472
762,9717,attention,-0.0106237788995107,0.20411187807718914,0.6705142259597778
763,7908,attention,0.799083337187767,0.8644136868949447,0.9845788478851318
764,5371,attention,0.6129020649111934,0.5365768108103011,0.920927107334137
765,9655,attention,0.7910609699108384,0.8804329968988895,0.9998300075531006
766,447,attention,0.7538629343797421,0.6109770880690937,0.9858595728874207
767,2968,attention,0.6920943597429677,0.5815386787841195,0.948364794254303
768,2152,attention,0.8179169656789821,0.8792820384968882,0.9996750354766846
769,7838,attention,0.2595867903336235,0.484742125739222,0.9967185854911804
770,4852,attention,0.13826270153125128,0.8097693369102975,0.999956488609314
771,5157,attention,0.2654517624113295,0.3986433876885308,0.9914587736129761
772,683,attention,-0.4515470939874649,-0.2195662933588028,0.21639196574687958
773,8118,attention,0.7377857145141152,0.43931644453721885,0.9902215003967285
774,6681,attention,0.10517318646113077,0.5809109022219976,0.9824116826057434
775,5741,attention,0.15622548603763184,0.18230788254489502,0.3019848167896271
776,1488,attention,0.21823049297458247,0.07050776638482746,0.437333881855011
777,3077,attention,0.12915119432633923,-0.05558641975925815,0.3149726390838623
778,3905,attention,0.6797652340880255,0.5774142364176308,0.972572386264801
779,8594,attention,0.22650815140117297,0.49380593408237805,0.9640664458274841
780,318,attention,0.7607862487916024,0.6179526227135812,0.9885116815567017
781,856,attention,0.05966878135999044,0.06358029221494993,0.18446047604084015
782,7743,attention,-0.08802737603927481,-0.288298931615106,0.08176906406879425
783,2770,attention,0.6398380712739059,0.5814652270504407,0.8949626088142395
784,3566,attention,0.2586997274090262,0.4974498301744461,0.9915398955345154
785,376,attention,0.21286983788013458,0.4170225496803011,0.9263660907745361
786,410,attention,0.6445716652605269,0.693204055643744,0.8114980459213257
787,2405,attention,0.22069733440876008,0.4818721875548363,0.9817533493041992
788,3776,attention,0.8291813886413971,0.5321031838655472,0.9933556318283081
789,3946,attention,0.7991108513540692,0.8587788293759028,0.9996417760848999
790,1111,attention,0.27792206566248623,0.7633130285622818,0.9956684112548828
791,7660,attention,0.22694576569856742,0.22537208787905863,0.7204117774963379
792,8001,attention,0.11678403136985642,0.8464335892016867,0.997925877571106
793,2288,attention,0.5311915560492447,0.3971243372985295,0.754895806312561
794,2127,attention,0.6997430669548719,0.7323639541864395,0.8519651293754578
795,5581,attention,0.7349064344396958,0.5943849310278893,0.9685426354408264
796,8256,attention,-0.1470916041961083,0.026158004999160767,0.5436399579048157
797,6751,attention,0.544741744796435,0.3767678623398145,0.9856175780296326
798,9399,attention,0.15377245728786176,0.3761551586481241,0.8868210315704346
799,2233,attention,0.7656836350416315,0.6188938797547899,0.9889618754386902
800,5550,attention,0.6380908959545195,0.3908304967917502,0.8548498153686523
801,274,attention,0.2751189951713269,0.4872422424646524,0.9979081153869629
802,2344,attention,0.7329994211594264,0.5713570887843767,0.9465230703353882
803,1568,attention,0.5497166695802108,0.6224667436402777,0.7097077369689941
804,3133,attention,0.3383526484848875,0.4714629451433818,0.979721188545227
805,6178,attention,0.6966347339398721,0.7509685088606441,0.8688144087791443
806,7955,attention,0.5525457340409048,0.29785863868892193,0.8337618708610535
807,7820,attention,0.7391015392541885,0.6129909801483154,0.982063889503479
808,9415,attention,0.8201039535579858,0.8749132167409968,0.9954937696456909
809,2574,attention,0.08727147716742295,0.34231914465244,0.7883406281471252
810,965,attention,0.25883412999766214,0.4695148319005966,0.9786699414253235
811,2291,attention,0.7380203232169151,0.782565964696308,0.90224289894104
812,5375,attention,-0.07991467043757439,0.12243503083785374,0.5908000469207764
813,6670,attention,0.43461652053520083,0.4826701781934216,0.968881368637085
814,8955,attention,0.6463019798199335,0.6834420346551471,0.8037341833114624
815,8059,attention,0.6651466614566743,0.6208631535992026,0.9912788271903992
816,2755,attention,0.6274573599091835,0.5385275901709166,0.9032981395721436
817,4474,attention,0.09728981733322144,0.3267260265350342,0.7953056693077087
818,3910,attention,0.718093780534608,0.567977559353624,0.9378650188446045
819,2002,attention,0.23721145339967573,0.320964061162051,0.8289540410041809
820,4794,attention,0.6944528867801031,0.5442196414584205,0.9119209051132202
821,8644,attention,0.3653373359828382,0.49691326221501503,0.9339882731437683
822,6394,attention,0.16270835291255603,0.3599757741798054,0.8722755908966064
823,5339,attention,0.7176360196393469,0.7698093801736832,0.8894105553627014
824,1730,attention,0.653929535510405,0.7133953254318463,0.9917603135108948
825,2360,attention,0.17982610247351907,0.17245121706615796,0.3293505012989044
826,9379,attention,0.8142800591886044,0.8732054912086044,0.9933706521987915
827,9058,attention,0.6047144085168839,0.8572381320926878,0.9902167320251465
828,9028,attention,-0.22618641083439192,-0.06050134698549906,0.4510492980480194
829,7579,attention,0.7893621643835848,0.8764636899259958,0.9961950778961182
830,6428,attention,0.2317795471141213,0.4167924586095308,0.971828043460846
831,1068,attention,0.7823945534856696,0.8419213859658492,0.9780769348144531
832,5337,attention,-0.3947981338609349,-0.2101145549253984,0.3020440936088562
833,1071,attention,0.8092946090425054,0.8784374132131537,0.9981143474578857
834,9456,attention,0.8328351754074296,0.8756759300207099,0.9953528642654419
835,5020,attention,0.3956912262365222,0.6136331530287862,0.9738432765007019
836,2115,attention,0.39564794412365667,0.23671139942275154,0.6062835454940796
837,5910,attention,0.3052822909047527,0.525431263831354,0.9968950748443604
838,8448,attention,0.08064308964780399,-0.11784451901912689,0.2818126976490021
839,3132,attention,0.7023341886956116,0.5530160249307238,0.923084020614624
840,7703,attention,-0.0032587467747576095,-0.035367899081286264,0.15116360783576965
841,474,attention,0.2516036759252134,0.4600996997045434,0.9717239141464233
842,8441,attention,-0.23979179534528935,-0.21113291755318642,0.024857155978679657
843,7584,attention,0.6537263605155443,0.5549727827310562,0.921665608882904
844,3085,attention,0.40615520853063336,0.3960976101782011,0.5184956789016724
845,8856,attention,-0.1864979692867824,0.007156025795709519,0.4781254529953003
846,5936,attention,0.7937428584694862,0.8539779341220856,0.973821759223938
847,3397,attention,0.828998049798732,0.5784084005281329,0.9769428968429565
848,4309,attention,0.5801002631584803,0.4419249076218832,0.8095138072967529
849,6169,attention,0.7346400782465935,0.6269093625247478,0.994187593460083
850,3693,attention,0.13262567122777302,0.44443801045417786,0.9256685972213745
851,1691,attention,-0.547600260552238,-0.3960318056976094,0.14902356266975403
852,4333,attention,0.675606634754401,0.5405031585922608,0.909866213798523
853,9574,attention,0.7792033769190312,0.7874752799669902,0.945906937122345
854,8619,attention,0.7131808123418263,0.5819671303033829,0.9517980217933655
855,6832,attention,-0.0025178302418101916,0.1919776607643474,0.7045003175735474
856,3795,attention,-0.5778420167533975,-0.5416055553053555,0.05419795960187912
857,4649,attention,0.3541530839034489,0.8490808298062932,0.9837080836296082
858,9226,attention,0.5411655265423987,0.5552954181200929,0.6735894083976746
859,7372,attention,0.4125412679437933,0.4471680259910123,0.5677493810653687
860,4929,attention,0.5025294353989395,0.33742512684119375,0.7012296915054321
861,4233,attention,-0.027505546808242798,0.15541059970855714,0.6646116971969604
862,1145,attention,0.18667918603335107,0.6462545435476515,0.9983382225036621
863,3111,attention,0.34671317303881927,0.21193496094030492,0.5777385234832764
864,8737,attention,0.13324646155039468,0.33956382388160344,0.8522177934646606
865,2592,attention,-0.21941531396337918,0.3107921755872667,0.4835042357444763
866,9142,attention,0.2200520494952798,0.7675868874648586,0.9996252059936523
867,624,attention,-0.624395247362554,-0.44974864199757575,0.02195855602622032
868,9043,attention,0.6837009756188643,0.5387202862061953,0.9102703928947449
869,3283,attention,0.5850879417525398,0.483302294380135,0.8493446707725525
870,6341,attention,0.4709329883257548,0.35974871714909873,0.8738074898719788
871,7522,attention,0.7138672306349403,0.60146385588144,0.9682899713516235
872,9585,attention,0.23077942609786986,0.4401210141181946,0.9512042999267578
873,7440,attention,0.13520000072625968,0.384759600345905,0.8528537154197693
874,668,attention,0.3131277680397034,0.4497637246336256,0.9840117692947388
875,6750,attention,0.43644197570050464,0.4434689932009753,0.5618546009063721
876,5165,attention,0.10014040653522198,0.28838934806677013,0.7988958954811096
877,5279,attention,0.3089421426966077,0.2002974557025092,0.521725594997406
878,582,attention,0.32805978258450824,0.4383058353430695,0.883767306804657
879,3945,attention,0.15338051981396145,0.40114422639211017,0.894789457321167
880,7688,attention,0.12813609554654076,0.377430450348627,0.8483998775482178
881,7614,attention,0.775568583359321,0.5276332162320614,0.9850884079933167
882,1208,attention,0.7103219809010625,0.5997068136930466,0.9708318114280701
883,7944,attention,0.5551596167497337,0.7451896679122001,0.8658108711242676
884,5030,attention,0.48590299231000245,0.3612500913441181,0.7373180389404297
885,76,attention,0.7202974971045147,0.6050685867667198,0.9731489419937134
886,6693,attention,0.6717314053984249,0.5880449063637677,0.9583650827407837
887,9478,attention,0.2924851395189762,0.7145091265439987,0.9984384179115295
888,9464,attention,0.7984278962636987,0.8791408076261481,0.9988177418708801
889,1175,attention,0.25421189782874926,0.8012386666211698,0.9964763522148132
890,592,attention,0.27284317314624784,0.44523312350114186,0.9891987442970276
891,3774,attention,0.257360051470724,0.24920327047055418,0.37255358695983887
892,5676,attention,0.12411346552627427,0.7142862375559551,0.982049286365509
893,7362,attention,-0.3232244716750251,-0.15088576078414917,0.36417362093925476
894,1470,attention,0.7155581665039062,0.5595946288108826,0.9493246674537659
895,705,attention,0.29430839121341706,0.552263521651427,0.9831666350364685
896,1688,attention,0.32606875596613416,0.4711245283847902,0.9499217867851257
897,4828,attention,-0.4793489912281866,-0.3113948683375898,0.1867298036813736
898,5386,attention,0.5953038022853434,0.8239797861751867,0.9955139756202698
899,4564,attention,0.6328121921733806,0.6548718927722228,0.8107433915138245
900,7450,attention,0.021542730075972422,0.20483257621526718,0.7011708617210388
901,9324,attention,0.6293536190081526,0.4944926505839383,0.7953957915306091
902,4747,attention,0.7948050895019582,0.8721269596564142,0.9911973476409912
903,4303,attention,0.8169707442002911,0.8790919689401504,0.9996230602264404
904,6460,attention,0.590612835743848,0.4308546483516693,0.7936564087867737
905,6239,attention,0.685451865196228,0.5983611713437473,0.9641647338867188
906,7766,attention,0.798706226878696,0.8805752500063844,0.9988692402839661
907,6739,attention,0.25327299670739606,0.49852483651854773,0.9684213399887085
908,8336,attention,0.7262503632477352,0.5817690704550061,0.9708681106567383
909,3464,attention,0.6736718885600567,0.5568637751042843,0.9286491870880127
910,1509,attention,0.8141547361016274,0.8772113049030303,0.9998621940612793
911,4978,attention,0.8024650504512172,0.8773331964208234,0.9986442923545837
912,6008,attention,0.8006816798890078,0.829165714206519,0.987065315246582
913,5730,attention,0.8125604021229914,0.8781750880713973,0.9983402490615845
914,8334,attention,0.427860121967064,0.214457667639686,0.5701493620872498
915,4883,attention,0.6994710050523281,0.5571168772876263,0.9513612389564514
916,9740,attention,0.05159277125046803,-0.13835637328716424,0.2310066819190979
917,3299,attention,0.7106712541232506,0.3968487021823724,0.9154351949691772
918,594,attention,-0.18292651573816934,-0.014681702410733258,0.49561581015586853
919,5521,attention,0.38150616952528554,0.12135062863429387,0.5253437161445618
920,6867,attention,0.3373888737776063,0.3715795675913493,0.8798378109931946
921,7999,attention,0.721286381993975,0.6120593831652686,0.9797606468200684
922,7073,attention,0.7907822973750256,0.847220864560869,0.9726623892784119
923,2876,attention,0.6269091656431556,0.6059649616479874,0.9130256175994873
924,5595,attention,0.27878236312132615,0.6357786211256797,0.7676864266395569
925,8508,attention,0.7983809659878413,0.8773922906035468,0.9972662925720215
926,9525,attention,0.5242907118958395,0.785368983762817,0.9630944728851318
927,4335,attention,0.14322773997600263,0.33718307889424837,0.8478489518165588
928,4540,attention,0.400133089058929,0.23091627822981942,0.6004884243011475
929,10,attention,0.4616888612508774,0.31162558992703754,0.6812614798545837
930,8757,attention,0.5177932065544706,0.4076763405041261,0.7786079049110413
931,1217,attention,0.1884372135003408,0.4185728861225976,0.9339421987533569
932,1224,attention,0.7633075743265774,0.7998054798530496,0.9364364743232727
933,3206,attention,0.46559921745210886,0.6931676083768252,0.8921815752983093
934,93,attention,-0.401916389879973,-0.20862645688264267,0.2665877938270569
935,8057,attention,0.07219575877700533,0.195353972698961,0.6329444646835327
936,2455,attention,0.798572370105169,0.8627319718626413,0.9824633598327637
937,1247,attention,0.19666326851458163,0.24075828155351653,0.3819084167480469
938,2251,attention,0.5246833033031888,0.40318600502279067,0.7610036134719849
939,6380,attention,-0.141060080911432,-0.06659826104130064,0.37548884749412537
940,4708,attention,-0.10027222544083307,-0.0981856061081434,0.022129839286208153
941,7864,attention,-0.1349186087027192,0.30056861383491196,0.42131784558296204
942,3916,attention,0.7249546857441173,0.6203996065784904,0.9908962845802307
943,3105,attention,-0.35893985411773127,-0.20826799670855203,0.30328264832496643
944,292,attention,0.7620294298286792,0.8173087471061282,0.9373753666877747
945,7616,attention,0.8038694489569891,0.8805296577158428,0.9996926784515381
946,2083,attention,-0.04627125859260559,-0.2527146943977901,0.08841691166162491
947,4381,attention,0.41527885509033996,0.4534553422903021,0.5731322765350342
948,4291,attention,0.318853703327477,0.4669173015281558,0.999386191368103
949,5404,attention,0.005269367694854737,0.1886817407608032,0.6997650265693665
950,6637,attention,-0.08376348844582313,-0.11172242773892849,0.006928769405931234
951,1090,attention,0.7092874391990549,0.5746039905968834,0.9400683641433716
952,8570,attention,0.6510173317510635,0.49507672106847167,0.9879988431930542
953,6206,attention,0.43928989424155307,0.3271353978377122,0.7637869715690613
954,6843,attention,0.21608338030901822,0.43093724955211987,0.9432370662689209
955,1078,attention,0.8215533731614842,0.883638330242213,0.9937500357627869
956,1188,attention,-0.3267402148246765,-0.13948251008987428,0.371249794960022
957,3984,attention,0.6476832454403242,0.7069614165359073,0.8270280361175537
958,1369,attention,0.7987522022290663,0.8798773075369272,0.9996086955070496
959,8348,attention,0.8163741241608348,0.8781889163489852,0.9983540773391724
960,5987,attention,0.1753956139087677,0.1847478473186493,0.3073987364768982
961,1599,attention,-0.26338942781571417,-0.04620434295746588,0.4253289997577667
962,4573,attention,0.4134791062577911,0.720652834188355,0.9986382126808167
963,5173,attention,0.4121127747572385,0.47438518359110904,0.9896814227104187
964,6459,attention,0.0956403116385142,0.2610181089904573,0.7572941780090332
965,4404,attention,0.7413286253809929,0.7506008297204971,0.9096974730491638
966,7585,attention,0.1612405776977539,0.3691421449184418,0.8842015266418457
967,8225,attention,0.48775481342366245,0.8548184886123195,0.9761107563972473
968,4209,attention,-0.11564270220696926,-0.2944586329162121,0.07258966565132141
969,1418,attention,0.7193578450303328,0.6188070923089981,0.985499918460846
970,3309,attention,0.24480460797037398,0.46041350066661835,0.9695686101913452
971,9362,attention,-0.11784414166495913,0.07138823611395699,0.5845239758491516
972,6492,attention,0.22562602162361145,0.4332161512639787,0.947441041469574
973,7841,attention,0.1293507938583692,0.7319113727038106,0.9986454844474792
974,3037,attention,0.0008429168508603022,-0.19770170003175735,0.1764560043811798
975,1825,attention,0.425839767853419,0.44220043271780013,0.8055851459503174
976,3842,attention,0.7201847301330417,0.5213195520142714,0.8965687155723572
977,4522,attention,-0.15574734145775437,-0.3536269599571824,0.014913300983607769
978,1569,attention,-0.5881139089663824,-0.08890277768174808,0.08346115052700043
979,1261,attention,0.4060158286592923,0.470783868804574,0.9461262822151184
980,4918,attention,0.7198540310968052,0.627619777890769,0.9837623238563538
981,5273,attention,0.768777648269227,0.5918273343281313,0.9627588987350464
982,2478,attention,0.5988491238339951,0.6584511295353112,0.9757039546966553
983,5795,attention,0.315205454826355,0.3717724171777566,0.9648255109786987
984,6864,attention,0.24356480598449706,0.4764598894119263,0.9505975246429443
985,1616,attention,-0.05231265028317769,0.1074676752090454,0.625809907913208
986,6913,attention,0.7965124288201332,0.8480554974079132,0.9678993225097656
987,2236,attention,0.7241507515959118,0.6115278316580731,0.9798816442489624
988,7618,attention,0.6985235240529565,0.6130575905827915,0.9788611531257629
989,5447,attention,0.7597399961489898,0.6457066197807972,0.986072301864624
990,5554,attention,0.0437664179240956,0.27433214468114514,0.7767083644866943
991,7212,attention,0.6403179686693918,0.6806879660912922,0.8002116680145264
992,7352,attention,0.7527584499120712,0.61902428150177,0.9880971908569336
993,2533,attention,0.53149310658436,0.5210797944810333,0.8414990901947021
994,5950,attention,-0.06503097569713226,-0.1981037505544149,0.03144804388284683
995,7947,attention,0.24481643438339235,0.48430381417274476,0.9980719089508057
996,2689,attention,-0.08418586850166321,0.19617574910322824,0.6280073523521423
997,3110,attention,0.3836455001280858,0.5664725836652976,0.9935632944107056
998,4397,attention,0.15140113592147827,0.35196413516998293,0.8630474209785461
999,2935,attention,0.1720532327890396,0.4522581771016121,0.9213789701461792
1000,9632,gradient_x_input,0.19004918864140144,0.15643486151328453,0.5868351459503174
1001,9282,gradient_x_input,0.7205563791488346,0.617370430184038,0.9996920824050903
1002,106,gradient_x_input,-0.242778979241848,-0.43305614915105606,0.05082850903272629
1003,1446,gradient_x_input,0.39951060430423635,0.5661924089733008,0.9366569519042969
1004,1513,gradient_x_input,0.6099213760565309,0.587927607819438,0.8197557330131531
1005,6498,gradient_x_input,0.029122645917691682,0.056105575279185645,0.4965934753417969
1006,6973,gradient_x_input,0.7374627547604697,0.44689699907654096,0.9767543077468872
1007,4952,gradient_x_input,0.7693974863399159,0.5732729042118246,0.9817962050437927
1008,8552,gradient_x_input,0.4330584134229205,0.4615015746517615,0.872232973575592
1009,3027,gradient_x_input,-0.4491916663062416,-0.4392026603515995,0.013155492953956127
1010,2760,gradient_x_input,0.4575777556747198,0.5650101091712714,0.9036301970481873
1011,3060,gradient_x_input,0.7118317110197885,0.6370141636048045,0.9830917716026306
1012,33,gradient_x_input,0.5474522385527106,0.5968222666312667,0.9096025228500366
1013,1349,gradient_x_input,0.4799030441790819,0.3759842577079932,0.8528456687927246
1014,4934,gradient_x_input,0.8207186464220285,0.2900000434368849,0.9373475313186646
1015,2680,gradient_x_input,0.6616021887429299,0.5792033619457676,0.9424630403518677
1016,9074,gradient_x_input,0.6238735086388059,0.6647492870688438,0.9839212894439697
1017,5414,gradient_x_input,0.6699639982298801,0.46420497878601674,0.9929293990135193
1018,6663,gradient_x_input,0.8087241113693877,0.7211119412359867,0.999101996421814
1019,5286,gradient_x_input,0.6765565499663353,0.691683433806667,0.980504035949707
1020,3782,gradient_x_input,0.5512457564473152,0.42794740898534656,0.8612732887268066
1021,4516,gradient_x_input,0.27131912438198924,0.28623855113983154,0.5729129910469055
1022,4554,gradient_x_input,0.3045217310604842,0.30762584928585135,0.6359938383102417
1023,1595,gradient_x_input,0.6934403110868655,0.3268261030316353,0.9860119223594666
1024,3857,gradient_x_input,0.3880112258399405,0.48021868925269057,0.8257390856742859
1025,3337,gradient_x_input,0.43662927930171674,0.4312073141336441,0.9874890446662903
1026,9255,gradient_x_input,0.680617732661111,0.52394610366651,0.9287757873535156
1027,1383,gradient_x_input,0.41827560378157574,0.5041374369807865,0.9670538306236267
1028,4860,gradient_x_input,0.739676622407777,0.6941590225767522,0.9902095794677734
1029,7275,gradient_x_input,0.4290910726008208,0.5516514752222144,0.9986231327056885
1030,8740,gradient_x_input,0.3338534627109766,0.547934596426785,0.8915581107139587
1031,1155,gradient_x_input,0.6293052363654842,0.4100574757093969,0.7966771721839905
1032,6725,gradient_x_input,0.46684839044298443,0.4017014304796855,0.907792866230011
1033,1076,gradient_x_input,0.5167291249547686,0.5190256333776883,0.932974100112915
1034,3058,gradient_x_input,0.5001126284662046,0.5759967332215685,0.9431897401809692
1035,4586,gradient_x_input,0.5439332375923792,0.3825687957306703,0.80568927526474
1036,1791,gradient_x_input,0.3191097000470528,0.3646687584427687,0.7876419425010681
1037,6325,gradient_x_input,0.7520149192462365,0.7229876960317294,0.9873836636543274
1038,7506,gradient_x_input,0.8544237243218554,0.5836585333777798,0.9960224628448486
1039,6495,gradient_x_input,0.8904173456524548,0.6727742599813562,0.9991976618766785
1040,9542,gradient_x_input,0.456546165196127,0.6290077043599204,0.781927764415741
1041,4694,gradient_x_input,0.8391307055229141,0.5257073688891626,0.9919273853302002
1042,8369,gradient_x_input,-0.2395422866361009,-0.15454158725010025,0.07666584104299545
1043,7093,gradient_x_input,0.32366746726135415,0.29443820904601703,0.5145242214202881
1044,2794,gradient_x_input,0.7116789992736734,0.7013195649437283,0.9767383337020874
1045,39,gradient_x_input,0.7201091892296269,0.5995649190679673,0.9872057437896729
1046,7478,gradient_x_input,-0.07893039812059964,-0.02093821917386616,0.44425079226493835
1047,1253,gradient_x_input,0.6963184553952444,0.540693583942595,0.9360433220863342
1048,360,gradient_x_input,0.5057627814156669,0.5713672971441632,0.8569230437278748
1049,9638,gradient_x_input,0.43582907638379503,0.6628687206123557,0.919952392578125
1050,1726,gradient_x_input,0.38350315129055695,0.6446288361707154,0.9702189564704895
1051,439,gradient_x_input,-0.24222905459729108,-0.11070261622200467,0.12333211302757263
1052,5267,gradient_x_input,-0.15924734227797566,-0.24075447307790027,0.11205608397722244
1053,4337,gradient_x_input,0.7300810301303864,0.5939046627283097,0.9803929924964905
1054,7724,gradient_x_input,0.5770501356858474,0.6159159598442224,0.948736310005188
1055,7676,gradient_x_input,0.3939279188712438,0.4058272468547026,0.9285060167312622
1056,8913,gradient_x_input,0.6500214693637995,0.5108696061831254,0.9838032722473145
1057,2492,gradient_x_input,0.22631360828876496,0.36123322129249574,0.7457177042961121
1058,7462,gradient_x_input,0.5642454705455087,0.649232395331968,0.8199244737625122
1059,7430,gradient_x_input,0.6790932829026133,0.719981565605849,0.9743328094482422
1060,6620,gradient_x_input,0.6401463160291314,0.7132361825788394,0.894646167755127
1061,6221,gradient_x_input,0.6410288885235786,0.6705405356155502,0.9907359480857849
1062,8844,gradient_x_input,0.42614178969101474,0.4024527831511064,0.7745300531387329
1063,4518,gradient_x_input,0.5224753399689992,0.2255355755488078,0.8635720014572144
1064,1684,gradient_x_input,0.4206256043343317,0.4364542194775173,0.9824582934379578
1065,29,gradient_x_input,0.6178760853492551,0.79399566931857,0.998471200466156
1066,6475,gradient_x_input,0.2400652439821334,0.4095698893070221,0.8085962533950806
1067,6691,gradient_x_input,0.5114896710841886,0.5215457836466451,0.9483029246330261
1068,1747,gradient_x_input,0.30524128437042236,0.49983289539813996,0.8665693402290344
1069,5559,gradient_x_input,0.8484158501295107,0.6856910341552326,0.999813973903656
1070,3325,gradient_x_input,0.4240218311548233,0.5416946858167648,0.9612475037574768
1071,4525,gradient_x_input,0.6352901943027973,0.6329159786303838,0.8384320139884949
1072,5434,gradient_x_input,0.6941760936751962,0.668783770253261,0.9657297730445862
1073,2129,gradient_x_input,0.5416758077012168,0.5427616437276205,0.9874588251113892
1074,5441,gradient_x_input,0.6370082674799739,0.40259443424843455,0.8794229626655579
1075,9420,gradient_x_input,0.7886844470220453,0.5065167344668332,0.9823731184005737
1076,1330,gradient_x_input,0.7960132455453277,0.6578832134604454,0.9996353387832642
1077,7369,gradient_x_input,-0.10625399160198867,-0.3051982061006129,0.06873950362205505
1078,2275,gradient_x_input,0.9059465275529552,0.575049056288074,0.9997089505195618
1079,1765,gradient_x_input,0.8325372971594334,0.6668177888445233,0.997431218624115
1080,9131,gradient_x_input,0.8093119548826382,0.7057060369386755,0.9638827443122864
1081,6095,gradient_x_input,0.3668364636276079,0.4330414504460666,0.8998324871063232
1082,1263,gradient_x_input,0.43921396632989246,0.4613018538802862,0.8352441191673279
1083,1142,gradient_x_input,0.8354302177972653,0.7582972746561555,0.941268265247345
1084,7797,gradient_x_input,0.7829393359522024,0.4785552341490984,0.999929666519165
1085,4989,gradient_x_input,0.21200555611041286,0.17498215263889683,0.6512267589569092
1086,4395,gradient_x_input,0.30813893591138447,0.5246785139157013,0.8682177662849426
1087,5333,gradient_x_input,0.44847647394194745,0.5737686442832152,0.8102253079414368
1088,8163,gradient_x_input,0.781629706648263,0.8029501260342923,0.9964901804924011
1089,8995,gradient_x_input,0.6982133160619175,0.5340071276706808,0.9415493607521057
1090,9568,gradient_x_input,0.7309236039717992,0.6437359786281983,0.9859545826911926
1091,6098,gradient_x_input,0.2675433800770686,0.19688897064098945,0.6807425618171692
1092,7278,gradient_x_input,0.18763045817613602,0.344565715889136,0.6199057698249817
1093,1516,gradient_x_input,0.4541867054998875,0.4509676039218903,0.9512353539466858
1094,3501,gradient_x_input,0.5540894078356879,0.27029414794274736,0.8539535999298096
1095,4371,gradient_x_input,0.2827279344201088,0.4979248736053705,0.8741796612739563
1096,7736,gradient_x_input,0.8530448982897012,0.7345443986680197,0.9949358701705933
1097,1683,gradient_x_input,0.5837005019187927,0.5426577545702458,0.8886668682098389
1098,1631,gradient_x_input,0.39135624397368657,0.6724664070421741,0.8749146461486816
1099,4601,gradient_x_input,0.08332660962497035,0.010549864942027677,0.24468864500522614
1100,6956,gradient_x_input,0.40377901792526244,0.6121473027765751,0.9943296909332275
1101,8482,gradient_x_input,-0.2513477210050974,-0.30293509846505445,0.014122575521469116
1102,9095,gradient_x_input,0.46837098797162374,0.49601005713144936,0.9781303405761719
1103,7344,gradient_x_input,0.5100870390457136,0.7193682734613065,0.9935281872749329
1104,1732,gradient_x_input,0.4189543030582942,0.4355523402874286,0.8986511826515198
1105,4373,gradient_x_input,0.7087336179207672,0.6031674180518497,0.9841285943984985
1106,971,gradient_x_input,0.4231847639894113,0.4424830456264317,0.9162517189979553
1107,6578,gradient_x_input,0.5690139101611243,0.5132090085082583,0.9421021938323975
1108,1453,gradient_x_input,0.8032707607275561,0.7588513281784559,0.9991248250007629
1109,80,gradient_x_input,-0.03631540787007127,0.004532490457807269,0.25069528818130493
1110,8908,gradient_x_input,0.5651975519516889,0.6273751931593698,0.9834333658218384
1111,96,gradient_x_input,0.540047371853143,0.5669346373528242,0.9987819790840149
1112,4376,gradient_x_input,0.5620834999359571,0.6412032326826682,0.966674268245697
1113,3207,gradient_x_input,0.4273781478404999,0.29944586578537435,0.8136265277862549
1114,6462,gradient_x_input,0.5627216074396583,0.6228485054829541,0.9778786897659302
1115,6220,gradient_x_input,0.5067704187499152,0.37017912707395023,0.7519335746765137
1116,3279,gradient_x_input,0.6545067626450743,0.6592838756207909,0.9997448325157166
1117,8741,gradient_x_input,0.1631563916145002,0.2767590345705257,0.5602492094039917
1118,8758,gradient_x_input,0.39148472161854014,0.7196620329118827,0.9525967836380005
1119,5396,gradient_x_input,0.4238556112561907,0.532147436713179,0.98838871717453
1120,2855,gradient_x_input,0.41730659604072573,0.31453601717948915,0.8815556168556213
1121,1862,gradient_x_input,0.6486064879031017,0.673149900446678,0.9610991477966309
1122,7659,gradient_x_input,0.27200487215776703,0.5506543198952804,0.8467274308204651
1123,8446,gradient_x_input,0.8137586801312864,0.5695319175720215,0.9988710284233093
1124,5152,gradient_x_input,0.484050617173866,0.5177110058289988,0.9940819144248962
1125,2903,gradient_x_input,-0.3904415260740491,-0.06639744965142982,0.1892295479774475
1126,7581,gradient_x_input,0.6659148407479127,0.7355262073377768,0.9940722584724426
1127,9431,gradient_x_input,0.7293005035642315,0.6863736455493114,0.9677446484565735
1128,8948,gradient_x_input,0.587692719291557,0.6518231396648017,0.9481334686279297
1129,2486,gradient_x_input,-0.3667972316699369,-0.41714892642838614,0.02572258561849594
1130,5552,gradient_x_input,0.5889780107471678,0.5027435330881013,0.9102206230163574
1131,5479,gradient_x_input,0.5612953037023545,0.7802223354578018,0.9652752876281738
1132,3894,gradient_x_input,0.6060341955585913,0.5560606230388988,0.8844799995422363
1133,9430,gradient_x_input,-0.24252898847418172,-0.22594903989561965,0.013654867187142372
1134,9766,gradient_x_input,0.4648607380333401,0.5332593321800232,0.9629518985748291
1135,4355,gradient_x_input,0.15395768341563998,0.25489501619622823,0.5038201808929443
1136,2833,gradient_x_input,0.11852670724814136,0.40007878219087917,0.6843008995056152
1137,3328,gradient_x_input,0.41300412515799206,0.5124127922786607,0.949097216129303
1138,8019,gradient_x_input,-0.309339843938748,-0.2413490114112695,0.03530601039528847
1139,3424,gradient_x_input,0.47264372296631335,0.39397714734077455,0.9673694372177124
1140,4539,gradient_x_input,0.5513338166530486,0.5497255352912126,0.997796893119812
1141,4921,gradient_x_input,0.01996429847634357,0.0005501716033272121,0.420066237449646
1142,3469,gradient_x_input,0.5462066759665807,0.304463662703832,0.9678383469581604
1143,5705,gradient_x_input,0.7980720475688576,0.5196816828660666,0.9994989633560181
1144,311,gradient_x_input,0.628029678016901,0.3672361591687569,0.7733714580535889
1145,9045,gradient_x_input,0.2511089965701103,0.3988480865955353,0.7607484459877014
1146,2619,gradient_x_input,-0.03156720769816432,0.013594184456200436,0.2811937630176544
1147,789,gradient_x_input,0.8867324494446317,0.7312981920937697,0.9994664788246155
1148,2742,gradient_x_input,0.11098552346229554,0.2204209055751562,0.6413431167602539
1149,5653,gradient_x_input,0.7611250467598438,0.6760022602975368,0.9864535927772522
1150,483,gradient_x_input,0.024919355457479305,-0.1923508175056089,0.2950841188430786
1151,8113,gradient_x_input,-0.12756149870593372,-0.13916011936053996,0.13129007816314697
1152,8478,gradient_x_input,0.42727991281186833,0.5838700232698637,0.8963323831558228
1153,1199,gradient_x_input,0.5112814788634961,0.5913877544494776,0.9540375471115112
1154,5507,gradient_x_input,-0.2931405737996101,-0.33831556141376495,0.0754658654332161
1155,3653,gradient_x_input,0.6750922109931707,0.8134572592220808,0.9979169964790344
1156,5065,gradient_x_input,0.5176027469775256,0.36230478216620055,0.9645865559577942
1157,1626,gradient_x_input,0.6824297722429037,0.797491543367505,0.94484543800354
1158,7661,gradient_x_input,-0.12126743479778893,0.03665463234248914,0.442690372467041
1159,6837,gradient_x_input,0.7494914304950963,0.6316926250760646,0.99808669090271
1160,7655,gradient_x_input,0.7832349629865752,0.4850939458443059,0.9999051094055176
1161,8538,gradient_x_input,0.7262212948740593,0.8267640221331801,0.9930523633956909
1162,1775,gradient_x_input,0.02698338386558351,0.0027779539426167807,0.2665860652923584
1163,9643,gradient_x_input,0.35691569838672876,0.6522517469711602,0.9525106549263
1164,8884,gradient_x_input,0.7088323571989613,0.8502040640000375,0.9963610768318176
1165,6778,gradient_x_input,0.9011341517325491,0.3666705961028735,0.9993769526481628
1166,2340,gradient_x_input,0.7217783145606518,0.7908232579273837,0.9982617497444153
1167,7226,gradient_x_input,-0.12341539358550851,-0.18146214024587112,0.01776505634188652
1168,1472,gradient_x_input,0.6864619595663888,0.5857539169845127,0.9634662866592407
1169,8187,gradient_x_input,0.6524739671084616,0.6143622336288294,0.9835251569747925
1170,6250,gradient_x_input,0.5735054620002445,0.6302774960273191,0.981038510799408
1171,2335,gradient_x_input,-0.16077000440822709,-0.3441489901807573,0.15440629422664642
1172,8981,gradient_x_input,-0.10561065482241767,-0.04463179941688265,0.2739567160606384
1173,8685,gradient_x_input,0.6636241366123331,0.7124712785770153,0.9768679141998291
1174,251,gradient_x_input,0.7298230669077705,0.4367274133598103,0.9841459393501282
1175,2732,gradient_x_input,0.5763719607801998,0.3913542768534492,0.9908655285835266
1176,4329,gradient_x_input,0.22112025900019538,0.3248970920426978,0.6881905198097229
1177,9545,gradient_x_input,0.8507876596930954,0.5772856126228968,0.9999630451202393
1178,2337,gradient_x_input,0.3890273579292827,0.522775949496362,0.7886442542076111
1179,8695,gradient_x_input,0.3962677015412238,0.5363883193462126,0.9888496994972229
1180,2215,gradient_x_input,-0.17148680517095186,-0.016410966714223225,0.17153742909431458
1181,5436,gradient_x_input,0.7909104377031326,0.8071620404010728,0.9990270137786865
1182,5058,gradient_x_input,0.31341708804431717,0.37726376793886485,0.8502129316329956
1183,9548,gradient_x_input,0.754710982999076,0.6551826609217603,0.9972397089004517
1184,108,gradient_x_input,0.7243296992447641,0.5533168721530173,0.992219865322113
1185,3019,gradient_x_input,0.683048558421433,0.6740629598498344,0.9944136738777161
1186,487,gradient_x_input,0.5767657380137179,0.5593140559891859,0.8923308849334717
1187,2436,gradient_x_input,0.4156412040033648,0.5359675403564207,0.9759021401405334
1188,2417,gradient_x_input,0.28500024378299715,0.3391793303191662,0.7580488324165344
1189,2684,gradient_x_input,0.721548730507493,0.8944638530197351,0.9983345866203308
1190,621,gradient_x_input,0.2903774809837341,0.2511506694555283,0.5852698087692261
1191,3281,gradient_x_input,0.03928657950212558,0.1710541765516003,0.3935876488685608
1192,8547,gradient_x_input,0.40340821019240786,0.42503356507846285,0.9655312895774841
1193,3941,gradient_x_input,0.8212036907539836,0.8852348884434572,0.999041736125946
1194,2423,gradient_x_input,0.16835967664207732,0.19633063886846816,0.7344033718109131
1195,7682,gradient_x_input,0.606756293028593,0.6769631815142929,0.9766225814819336
1196,4960,gradient_x_input,0.4532293826341629,0.5346430754836868,0.9545183777809143
1197,2766,gradient_x_input,0.4560324857858094,0.6143294054676186,0.9641554951667786
1198,7662,gradient_x_input,0.6984632263580958,0.6637037591565222,0.9493343830108643
1199,416,gradient_x_input,0.6386219745173174,0.736632925184334,0.9895657300949097
1200,3898,gradient_x_input,-0.46881349718100146,-0.4497963176353982,0.04477410390973091
1201,7632,gradient_x_input,0.6153662193211771,0.6462826267594383,0.9277108311653137
1202,2328,gradient_x_input,0.7144265756720588,0.4637822693302518,0.9876748323440552
1203,2754,gradient_x_input,0.705841707832673,0.5201914310455322,0.9425421357154846
1204,8234,gradient_x_input,0.8479160021990537,0.5530136561393738,0.9998112320899963
1205,3101,gradient_x_input,0.5878927427530288,0.7085205098986626,0.978207528591156
1206,2108,gradient_x_input,0.1734235461003014,0.19458236119576863,0.5767663717269897
1207,3100,gradient_x_input,0.25594238095261435,0.33713873006679396,0.57489013671875
1208,5351,gradient_x_input,0.5830082255866258,0.5803893554595209,0.9731556177139282
1209,3284,gradient_x_input,0.8700633487280678,0.4881054566187017,0.999789297580719
1210,4824,gradient_x_input,-0.19133532606065273,-0.20165482610464097,0.11368794739246368
1211,6551,gradient_x_input,0.6716432733195169,0.5605416292590755,0.8818588256835938
1212,7444,gradient_x_input,-0.1266577233635711,0.033688326092327345,0.25782865285873413
1213,304,gradient_x_input,0.8795073616007963,0.5734746158123016,0.9949650168418884
1214,6360,gradient_x_input,0.394147793451945,0.4938343048095703,0.9673136472702026
1215,4190,gradient_x_input,0.2683525486361413,0.30971911691484,0.5699300169944763
1216,6664,gradient_x_input,0.5121465656492445,0.5752612468269136,0.9606970548629761
1217,1945,gradient_x_input,0.8981269855155714,0.7533796478269829,0.9966555833816528
1218,5817,gradient_x_input,-0.27883125776829926,0.0643029848680548,0.37664487957954407
1219,92,gradient_x_input,0.5739882957935333,0.44168795317411425,0.8146926164627075
1220,119,gradient_x_input,0.6946041451936419,0.7661695155230436,0.9989120960235596
1221,9591,gradient_x_input,0.17494098029353403,0.16944274441762405,0.6436032056808472
1222,8421,gradient_x_input,0.20083266676499925,0.00048564297371897204,0.5145477652549744
1223,7945,gradient_x_input,0.5898088631220162,0.6946558088529855,0.9813550114631653
1224,2487,gradient_x_input,0.5781413064054821,0.7602381604197233,0.981793999671936
1225,1245,gradient_x_input,0.6815192466601729,0.39149473048746586,0.9603469967842102
1226,346,gradient_x_input,0.5330201514403928,0.5439447440545667,0.7451899647712708
1227,9392,gradient_x_input,0.646029708178147,0.5406458973884583,0.9193423986434937
1228,6604,gradient_x_input,-0.13633381554649937,0.23614001067148316,0.3916223645210266
1229,6338,gradient_x_input,-0.12565747642656788,-0.3064856433037979,0.0007142872200347483
1230,8410,gradient_x_input,0.26483287446592985,0.3516497933550885,0.7856822609901428
1231,4216,gradient_x_input,0.44328311405011583,0.500254579952785,0.9847311973571777
1232,7436,gradient_x_input,-0.30974578857421875,-0.08405589684844017,0.2272808998823166
1233,6666,gradient_x_input,0.3861206697695183,0.6678464452199864,0.9586819410324097
1234,8051,gradient_x_input,0.33125999436846804,0.3119857795536518,0.8715716004371643
1235,1593,gradient_x_input,-0.07271997893557829,-0.20543824892271967,0.15043936669826508
1236,6951,gradient_x_input,0.3287830123534569,0.48212342766615063,0.9345783591270447
1237,850,gradient_x_input,0.7141170453812394,0.624706835619041,0.9296643733978271
1238,5506,gradient_x_input,0.750345849772779,0.7289744466997501,0.9685686230659485
1239,8479,gradient_x_input,0.37329426993216785,0.17985094764402934,0.6700364947319031
1240,7182,gradient_x_input,0.8623168674918512,0.603065569471154,0.9999536275863647
1241,2362,gradient_x_input,0.7741481732809916,0.2683917635586113,0.9505352973937988
1242,2178,gradient_x_input,0.7254466742277146,0.398217086493969,0.9733298420906067
1243,1731,gradient_x_input,-0.12510900371349776,0.12445797427342488,0.38484254479408264
1244,4185,gradient_x_input,0.8808961740057719,0.7403926261161503,0.9936004877090454
1245,673,gradient_x_input,0.7191700643819311,0.8231853019932042,0.9984293580055237
1246,5212,gradient_x_input,0.08886806807807975,0.46841217335816976,0.6283679604530334
1247,4417,gradient_x_input,0.6443885144862261,0.5768954543904825,0.9879036545753479
1248,1056,gradient_x_input,0.47887368534726127,0.38196580815646386,0.7735608816146851
1249,9593,gradient_x_input,-0.12354932054877281,-0.2511937953531742,0.243360698223114
1250,623,gradient_x_input,-0.15287837031341733,-0.11896507335560662,0.14192570745944977
1251,6217,gradient_x_input,-0.1735452076322154,0.044883166488848235,0.2582426369190216
1252,9597,gradient_x_input,0.3555250743339802,0.6188961049092228,0.94245845079422
1253,2955,gradient_x_input,0.8711140698194504,0.6233047610521316,0.999518632888794
1254,88,gradient_x_input,0.41733426186773515,0.6316834441903565,0.9609821438789368
1255,3538,gradient_x_input,0.06766678412493907,-0.1272258931084683,0.40691903233528137
1256,3643,gradient_x_input,0.6090780464863336,0.8039258067254667,0.9848778247833252
1257,8313,gradient_x_input,-0.20397864462387177,-0.21017211940019362,0.051715411245822906
1258,5649,gradient_x_input,0.7130906440709767,0.66023015426962,0.9766762852668762
1259,1355,gradient_x_input,0.42496031771103543,0.6921193566587236,0.88857102394104
1260,7142,gradient_x_input,0.11130898286189352,0.3807081989943981,0.6247670650482178
1261,1512,gradient_x_input,0.7340087941847742,0.7266155807301402,0.9998650550842285
1262,7565,gradient_x_input,0.48299058170422265,0.4743172655934873,0.8787069320678711
1263,733,gradient_x_input,0.5127981054782867,0.4186851531267166,0.9125187397003174
1264,8765,gradient_x_input,0.4725335242555422,0.2636512745829189,0.8646788001060486
1265,9018,gradient_x_input,0.36914090457416715,0.319026156550362,0.8577378988265991
1266,6240,gradient_x_input,0.3768154978752136,0.5147275645285845,0.9745098352432251
1267,590,gradient_x_input,0.822894749009893,0.6392511966682616,0.9846627712249756
1268,3745,gradient_x_input,0.7192031954016004,0.6153833435050079,0.9794371724128723
1269,1919,gradient_x_input,0.5173371501944282,0.6222846033898267,0.8799989819526672
1270,7799,gradient_x_input,0.39499801962540065,0.5964934502182335,0.9782043695449829
1271,7684,gradient_x_input,0.769520903355442,0.18440758548676967,0.8755611777305603
1272,9486,gradient_x_input,0.8309983377786059,0.6823456573643183,0.9996349811553955
1273,5027,gradient_x_input,0.5794797417308603,0.8606394465480532,0.9352264404296875
1274,8568,gradient_x_input,0.6982502735530337,0.7344396599801257,0.9612317681312561
1275,5425,gradient_x_input,0.8533892484009266,0.6250189716967088,0.9971936941146851
1276,2377,gradient_x_input,0.613830480310652,0.615543444123533,0.9438385963439941
1277,6447,gradient_x_input,0.7357392289020397,0.5921105521696585,0.9587855935096741
1278,8029,gradient_x_input,0.5395202716955771,0.5110719255529917,0.948946475982666
1279,3855,gradient_x_input,-0.2688367036836488,-0.19971280935264768,0.1962687075138092
1280,5221,gradient_x_input,-0.17310835917790732,-0.1859093889594078,0.18781906366348267
1281,5792,gradient_x_input,0.7674673845370611,0.5446471311151981,0.9906495213508606
1282,3006,gradient_x_input,0.41911395887533825,0.5534181753794353,0.9978829026222229
1283,8706,gradient_x_input,0.6596548797355758,0.6557133251594173,0.9663774967193604
1284,2943,gradient_x_input,0.6740748892570364,0.5730569843074371,0.9308606386184692
1285,2072,gradient_x_input,0.06547210917904459,0.0048271471570278035,0.5698568224906921
1286,3873,gradient_x_input,0.7022768668830395,0.6499872619907061,0.9997352957725525
1287,9297,gradient_x_input,-0.1304745177090492,-0.11981389444807301,0.023425154387950897
1288,9105,gradient_x_input,0.3449918329715729,0.47149764402554584,0.9175363183021545
1289,7635,gradient_x_input,-0.09501358782025901,0.19918869097124448,0.5086358189582825
1290,5313,gradient_x_input,0.7027078717947006,0.7075112365186215,0.9687720537185669
1291,9675,gradient_x_input,-0.28596396591418827,-0.26892794038240725,0.04756920784711838
1292,2075,gradient_x_input,-0.5003065600059926,-0.38905231514945626,0.029840612784028053
1293,7144,gradient_x_input,0.4444641098380089,0.39844610484746784,0.7779881358146667
1294,3928,gradient_x_input,0.5806865390390158,0.6097155526280403,0.9944451451301575
1295,1393,gradient_x_input,0.5692640972825197,0.5678481803490565,0.9559140801429749
1296,263,gradient_x_input,0.17835985836775406,0.3875867246609667,0.5543873906135559
1297,970,gradient_x_input,0.3849090337753296,0.5747283899784088,0.9830170273780823
1298,5821,gradient_x_input,0.5982224270701408,0.5322809914747874,0.9705916047096252
1299,8593,gradient_x_input,0.42062969505786896,0.6603400429964743,0.9902368187904358
1300,4553,gradient_x_input,0.05059730354696512,-0.24764587978521982,0.25519683957099915
1301,1671,gradient_x_input,-0.12167055035630862,0.16660724704464278,0.36948418617248535
1302,3118,gradient_x_input,0.48553386330604553,0.6208831241185014,0.9853379726409912
1303,4367,gradient_x_input,0.6277878412178585,0.6527334009962422,0.9835205674171448
1304,1760,gradient_x_input,0.6017662369542651,0.5686352749665579,0.953184962272644
1305,3412,gradient_x_input,0.7619328857822851,0.6050108393484895,0.9996806383132935
1306,6066,gradient_x_input,0.40162963337368435,0.4867683157876686,0.7711567282676697
1307,3616,gradient_x_input,0.511871741975055,0.7099305056035519,0.9940558671951294
1308,5874,gradient_x_input,0.3069311117842084,0.45765804605824606,0.665697455406189
1309,2189,gradient_x_input,0.7318249542428099,0.6331405821053878,0.9733267426490784
1310,6071,gradient_x_input,-0.03867190983146429,-0.07405197247862816,0.3445005416870117
1311,5148,gradient_x_input,0.5271094984867993,0.46116607855348024,0.9919676184654236
1312,9064,gradient_x_input,0.7937769966406955,0.523653786836399,0.9951918125152588
1313,8381,gradient_x_input,0.7416038720144166,0.5285468945900599,0.9911434650421143
1314,3352,gradient_x_input,0.6091650250988702,0.7965103145688772,0.9917272329330444
1315,799,gradient_x_input,0.5989048679226211,0.6870667583176068,0.9007335305213928
1316,8656,gradient_x_input,0.7110637575387955,0.5082399774538843,0.9716004729270935
1317,7305,gradient_x_input,0.08889533519744873,-0.05511605739593506,0.4172053039073944
1318,7948,gradient_x_input,0.6810695052974753,0.5983699630532,0.9854472875595093
1319,7233,gradient_x_input,0.28937116062099283,0.3981406214562329,0.6311346888542175
1320,2392,gradient_x_input,0.8693701060773391,0.5571951212154495,0.9886122345924377
1321,3443,gradient_x_input,0.5772785246372223,0.5944855867160691,0.8816978335380554
1322,8558,gradient_x_input,0.4727765480677287,0.5677836462855339,0.973223090171814
1323,5014,gradient_x_input,-0.2624307268609603,-0.40960607522477704,0.07035710662603378
1324,4362,gradient_x_input,0.3331887016170903,0.4793289919432841,0.9208598732948303
1325,8224,gradient_x_input,0.2202114999294281,0.5711063037316004,0.8885605931282043
1326,6865,gradient_x_input,0.6187703549288787,0.3060174486958064,0.8719384074211121
1327,7389,gradient_x_input,0.6897078122604977,0.5466185516931794,0.9629926681518555
1328,303,gradient_x_input,-0.29338669646531346,-0.2766787227615714,0.014017949812114239
1329,8398,gradient_x_input,-0.12137976550572627,-0.10707812353565886,0.19514413177967072
1330,2907,gradient_x_input,0.4138948420683543,0.39700434853633243,0.7638531923294067
1331,4619,gradient_x_input,0.686237312356631,0.553949119647344,0.9858346581459045
1332,4765,gradient_x_input,0.6127824047580361,0.8785380542278289,0.9990813732147217
1333,3320,gradient_x_input,0.3152128179227152,0.6002168649386975,0.9103321433067322
1334,5298,gradient_x_input,0.6871449798345566,0.27823837895108305,0.9235251545906067
1335,7927,gradient_x_input,0.3969377751151721,0.6633466195004681,0.7891092300415039
1336,2348,gradient_x_input,0.25825279525348116,0.543152466416359,0.9576795101165771
1337,4267,gradient_x_input,-0.16354098967437086,-0.18570287588277254,0.17377091944217682
1338,9648,gradient_x_input,-0.11681038637955983,-0.10516997426748276,0.4353678822517395
1339,3024,gradient_x_input,0.7018669739132747,0.7414045352488756,0.9947077035903931
1340,1373,gradient_x_input,0.8106550965458155,0.7012502884802719,0.9978209733963013
1341,7377,gradient_x_input,0.8768416852853989,0.38959016650915146,0.9994086027145386
1342,9782,gradient_x_input,0.20126939415931702,0.46854191422462466,0.739330530166626
1343,2771,gradient_x_input,0.2675446206703782,0.27810123811165494,0.7439307570457458
1344,3,gradient_x_input,0.377242785692215,0.6004761956632138,0.9819961786270142
1345,2908,gradient_x_input,0.2535082970450564,0.3283029751988446,0.7847798466682434
1346,3852,gradient_x_input,0.8070645815643825,0.5526555760910636,0.9862563014030457
1347,532,gradient_x_input,0.2481441905623988,0.5008950084447861,0.9266643524169922
1348,7929,gradient_x_input,0.6574416793882847,0.558790054285165,0.9613776206970215
1349,9423,gradient_x_input,0.45339520885185763,0.6029911386695775,0.9784471392631531
1350,290,gradient_x_input,0.5410749849677086,0.8584394662082195,0.9896323680877686
1351,3014,gradient_x_input,0.8347607948817313,0.6134440773166716,0.9996546506881714
1352,2874,gradient_x_input,0.6989007007918859,0.6721724624696531,0.9981462955474854
1353,5146,gradient_x_input,0.5053744129836559,0.5649665736903747,0.847770094871521
1354,2221,gradient_x_input,0.5662963122129441,0.502898059412837,0.9947670698165894
1355,6958,gradient_x_input,0.8524155858904123,0.6846945367287844,0.9999463558197021
1356,2997,gradient_x_input,0.6807601920195988,0.4052704781293869,0.9155088663101196
1357,6729,gradient_x_input,0.6606416589021683,0.32441864341497423,0.9641355872154236
1358,9159,gradient_x_input,0.43268269694903316,0.5043009773773306,0.9859901666641235
1359,6175,gradient_x_input,0.410360865432907,0.4096790342419236,0.8925741910934448
1360,568,gradient_x_input,0.6316931591979389,0.7117309828513655,0.9454593658447266
1361,5284,gradient_x_input,0.5714825861329256,0.43399225591227064,0.8300798535346985
1362,1107,gradient_x_input,0.12910755164921284,0.303913485791002,0.6682243347167969
1363,135,gradient_x_input,0.432438428401947,0.3533594834804535,0.9716272354125977
1364,7828,gradient_x_input,0.3004153267081295,0.3384370857051441,0.6850035786628723
1365,8709,gradient_x_input,-0.173548182582154,-0.25973863636746125,0.12519556283950806
1366,7998,gradient_x_input,0.5726926997303963,0.5778239410031926,0.8645012974739075
1367,1087,gradient_x_input,0.2803721526528106,0.38390793782823224,0.775250256061554
1368,8291,gradient_x_input,0.5138270148764486,0.2951265055200328,0.854321300983429
1369,2301,gradient_x_input,0.6931335011124611,0.460228419303894,0.95539391040802
1370,4339,gradient_x_input,0.4505582143153463,0.3952366347823824,0.9137663245201111
1371,6851,gradient_x_input,0.21211830333427148,0.3352929044652868,0.7973652482032776
1372,3047,gradient_x_input,-0.18180248215794564,-0.3033976532518864,0.0979495421051979
1373,4130,gradient_x_input,0.3414382686217626,0.4957925962905089,0.9384138584136963
1374,4521,gradient_x_input,0.37557215005573297,0.3399962366869052,0.6010063886642456
1375,7538,gradient_x_input,-0.2454005948578318,-0.10101841762661934,0.24221482872962952
1376,5473,gradient_x_input,0.16602824876705805,0.04345833924081591,0.5097333192825317
1377,388,gradient_x_input,0.037640654138828576,0.0356229259387443,0.35248786211013794
1378,4217,gradient_x_input,0.21296554245054722,0.1880788686685264,0.37010785937309265
1379,2122,gradient_x_input,0.7134085358120501,0.777193353821834,0.9940676689147949
1380,1310,gradient_x_input,0.6882933816976018,0.6779712364077568,0.9521945118904114
1381,647,gradient_x_input,0.38424167111516,0.2682829529047012,0.8441824316978455
1382,6510,gradient_x_input,0.6288732831415377,0.6133215529353995,0.983997106552124
1383,8040,gradient_x_input,0.6374211792523662,0.6683176246782144,0.9927237629890442
1384,1183,gradient_x_input,0.3846997266324858,0.42176582710817456,0.7527951598167419
1385,2859,gradient_x_input,0.03983444032760767,0.05575387910581552,0.29044002294540405
1386,7769,gradient_x_input,0.6831417009234428,0.6845210074550576,0.9893583059310913
1387,8403,gradient_x_input,0.8675990659086144,0.6951422278276261,0.9993377327919006
1388,7110,gradient_x_input,-0.23197762942051187,-0.2711507205796592,0.019069893285632133
1389,5798,gradient_x_input,0.4980331175029278,0.5654683373868465,0.9720874428749084
1390,3128,gradient_x_input,0.1537755070363774,0.16382301291998694,0.5682955384254456
1391,7197,gradient_x_input,-0.12579741493727153,-0.2522753421217203,0.022872185334563255
1392,3148,gradient_x_input,0.8248964443802833,0.6722947733104229,0.9993751645088196
1393,510,gradient_x_input,0.6180374262964025,0.5504697434165898,0.9432699084281921
1394,3059,gradient_x_input,0.7490749289022965,0.558744273458918,0.9986955523490906
1395,7940,gradient_x_input,0.6275984510779381,0.7427133845786253,0.9874366521835327
1396,4049,gradient_x_input,0.526730052381754,0.4918618232011795,0.8314626812934875
1397,5875,gradient_x_input,0.6414268950668528,0.78495495442463,0.9635235071182251
1398,3859,gradient_x_input,0.3824339012304942,0.38725659251213074,0.8255603909492493
1399,6849,gradient_x_input,0.23845749907195568,0.18680257573723794,0.574726402759552
1400,8149,gradient_x_input,0.45234277500556064,0.4325219335464331,0.9366871118545532
1401,6260,gradient_x_input,0.5130622671998065,0.3676190674304962,0.9929714798927307
1402,3312,gradient_x_input,0.399598118113844,0.35629090823625265,0.7778376936912537
1403,7866,gradient_x_input,0.12225744586724502,0.4239358798815654,0.7098169922828674
1404,4201,gradient_x_input,0.5969401483618936,0.5746267715165781,0.9487881660461426
1405,7652,gradient_x_input,0.6648246361450716,0.6376783421093767,0.990079402923584
1406,4273,gradient_x_input,0.830589693773425,0.5265215140852061,0.99992835521698
1407,3181,gradient_x_input,0.8418281356302592,0.3505365074827121,0.9997420907020569
1408,3817,gradient_x_input,0.7891219234428345,0.6635832861065865,0.9993771910667419
1409,1880,gradient_x_input,-0.3501529576929493,-0.17574846806625524,0.01568293571472168
1410,5350,gradient_x_input,0.16944679941820062,0.25195269416207855,0.5608274340629578
1411,3615,gradient_x_input,0.43728060174632716,0.43064640865132614,0.8107764720916748
1412,4058,gradient_x_input,0.7959408863098361,0.37975362315773964,0.9419618248939514
1413,6915,gradient_x_input,0.03565241479211383,0.09841770595974392,0.3501001298427582
1414,321,gradient_x_input,0.3879249079359902,0.494357157084677,0.9939339756965637
1415,4722,gradient_x_input,0.06108553751426585,0.24393887116628535,0.45989561080932617
1416,6422,gradient_x_input,0.7211149527650812,0.7830127030611038,0.9896161556243896
1417,3295,gradient_x_input,0.5240534203236594,0.6650311228107003,0.9100990891456604
1418,6421,gradient_x_input,0.8165344344178105,0.7986003493561464,0.9998773336410522
1419,9330,gradient_x_input,0.6388914446036021,0.5056485583384832,0.9636116027832031
1420,8138,gradient_x_input,0.4335859874263406,0.490779347717762,0.981547474861145
1421,3205,gradient_x_input,0.5721900872886181,0.6305711728831133,0.9054865837097168
1422,2522,gradient_x_input,0.45840243409786907,0.7299911107335771,0.9771209955215454
1423,6998,gradient_x_input,0.5869003577596125,0.6276434839648359,0.9932758808135986
1424,5556,gradient_x_input,-0.0651477523414152,-0.09414905274198168,0.13361269235610962
1425,5938,gradient_x_input,0.4142216646671295,0.35854617595672605,0.9918566942214966
1426,500,gradient_x_input,0.3815699302487903,0.561142006268104,0.8852552771568298
1427,3000,gradient_x_input,0.8315001071283692,0.7049968923491082,0.9999140501022339
1428,3555,gradient_x_input,0.8772087907966446,0.5853613430962843,0.9982357025146484
1429,8612,gradient_x_input,0.5989223721747597,0.4430835855503877,0.8514575362205505
1430,9249,gradient_x_input,0.8637323589374621,0.3783856968084971,0.9964041709899902
1431,3032,gradient_x_input,0.5605074971914291,0.6487073084960381,0.8539521098136902
1432,9705,gradient_x_input,0.6813515511651834,0.8061913053194681,0.9889709949493408
1433,330,gradient_x_input,0.2664217337965965,0.3170713663101196,0.8267892599105835
1434,3078,gradient_x_input,0.1672101643155603,0.4182966548730345,0.6750901937484741
1435,2018,gradient_x_input,0.46488195699122214,0.579919578662763,0.8120930790901184
1436,3274,gradient_x_input,0.5605568125844002,0.8063302531838417,0.9813236594200134
1437,3233,gradient_x_input,0.39664344560532344,0.6035119557664508,0.9957135915756226
1438,3387,gradient_x_input,0.6983863934874535,0.597286225296557,0.9937663078308105
1439,144,gradient_x_input,0.42791849926665976,0.5477175632560695,0.9010109305381775
1440,9742,gradient_x_input,0.19417023410399756,0.22076190842522514,0.7020775079727173
1441,367,gradient_x_input,0.6559171158199509,0.6090292943020662,0.9927334785461426
1442,8679,gradient_x_input,0.6538990789817439,0.5610231173017787,0.9541473984718323
1443,4304,gradient_x_input,-0.29123614426879657,-0.3109415498163019,0.03199302777647972
1444,7178,gradient_x_input,-0.19742966615236723,-0.1913557992531703,0.20744583010673523
1445,333,gradient_x_input,0.33141120620395825,0.5887600798969683,0.93973308801651
1446,518,gradient_x_input,0.6868048914923117,0.8339750606280106,0.9947517514228821
1447,7040,gradient_x_input,-0.28999374341219664,-0.2784503400325775,0.05382367596030235
1448,4229,gradient_x_input,0.6755881439894438,0.6433446321636438,0.8422279357910156
1449,3833,gradient_x_input,0.2531783051788807,0.2568448558449745,0.5758914947509766
1450,6058,gradient_x_input,0.21531212329864502,0.34027158863404217,0.826604425907135
1451,576,gradient_x_input,0.7148834142614814,0.5914554144529736,0.9669933319091797
1452,4215,gradient_x_input,-0.31440140620658275,-0.2375219499900643,0.02259739488363266
1453,2758,gradient_x_input,0.6370577462590657,0.6182556683436419,0.9120370149612427
1454,4756,gradient_x_input,0.44931021008802496,0.46514432715333026,0.9957077503204346
1455,9000,gradient_x_input,0.48159290850162506,0.5980238671104113,0.8207840323448181
1456,3813,gradient_x_input,0.665014962581071,0.7374859421767972,0.9945827126502991
1457,3045,gradient_x_input,0.8350123112400373,0.5353675266106923,0.9991866946220398
1458,4047,gradient_x_input,0.6469600810891106,0.49727631111939746,0.9573930501937866
1459,9094,gradient_x_input,0.8826516042463481,0.694076906889677,0.9995237588882446
1460,8181,gradient_x_input,0.6068426080048084,0.6577327683568001,0.9878594279289246
1461,6309,gradient_x_input,0.5125657927106928,0.21616697642538282,0.7466253638267517
1462,1479,gradient_x_input,0.4717281223939998,0.4957197376061231,0.6603317260742188
1463,543,gradient_x_input,0.7188384276011894,0.6136333652097603,0.9949223399162292
1464,1618,gradient_x_input,-0.19868188753724098,-0.29672197833657266,0.06054547056555748
1465,9032,gradient_x_input,0.8007169799371199,0.3824813011469263,0.9999555349349976
1466,7746,gradient_x_input,0.4376783087849617,0.25750624388456345,0.7823534607887268
1467,6039,gradient_x_input,0.6263004758141257,0.6822019436142661,0.9875119924545288
1468,7919,gradient_x_input,0.2635287188670852,0.3894363093105229,0.8350353240966797
1469,7624,gradient_x_input,0.8859421427051226,0.4116433451573054,0.9978998899459839
1470,9495,gradient_x_input,0.3764845822006464,0.32844092044979334,0.8270493745803833
1471,8657,gradient_x_input,0.7043114616757348,0.6509428833212171,0.998624324798584
1472,7160,gradient_x_input,0.6237764017922538,0.7593826828967958,0.9950231313705444
1473,2358,gradient_x_input,0.6806186517843833,0.5163937073487502,0.9747324585914612
1474,8250,gradient_x_input,0.8507757203086562,0.4003758401326511,0.9995149374008179
1475,1655,gradient_x_input,0.7865274049341678,0.5756937931291759,0.9999794960021973
1476,6911,gradient_x_input,0.747641196474433,0.6101389098912477,0.9800494909286499
1477,1746,gradient_x_input,0.5787095032632351,0.2583228677511215,0.8988498449325562
1478,5794,gradient_x_input,0.3674525678638489,-0.014047813030981248,0.6117662787437439
1479,14,gradient_x_input,0.6135786583735829,0.5895436069085485,0.9890376925468445
1480,1877,gradient_x_input,0.5919563359022141,0.5720038363337516,0.9437482357025146
1481,7888,gradient_x_input,-0.07811432234233334,-0.21453993093399776,0.03794756904244423
1482,8520,gradient_x_input,0.4009443120709781,0.669300411924206,0.9955009818077087
1483,6883,gradient_x_input,0.873387740326247,0.47658099021230427,0.9998689889907837
1484,3761,gradient_x_input,0.0526361583899229,0.01783313124607771,0.4492890536785126
1485,0,gradient_x_input,0.12002448792810794,0.2792637348175049,0.6697250008583069
1486,6831,gradient_x_input,0.3988937834898631,0.5751445690790812,0.9856772422790527
1487,7722,gradient_x_input,0.7941580956741687,0.5801392079841706,0.9999464750289917
1488,9630,gradient_x_input,0.7031370791296164,0.5342309857408206,0.958454966545105
1489,7672,gradient_x_input,0.6154559020485196,0.5862159367118563,0.9733251929283142
1490,6568,gradient_x_input,-0.15913630040761614,-0.10041827229516846,0.17541421949863434
1491,655,gradient_x_input,0.5161760672926903,0.8120473457189897,0.982920229434967
1492,9349,gradient_x_input,0.5765035218662686,0.5712027682198418,0.9683236479759216
1493,4241,gradient_x_input,0.48963209413565123,0.36678171387085545,0.7906460762023926
1494,3023,gradient_x_input,0.5710966955674323,0.6675377605777038,0.9674339294433594
1495,1851,gradient_x_input,0.30589496148260015,0.3460602509348016,0.8565259575843811
1496,349,gradient_x_input,0.6050534011988804,0.7839176907878498,0.9454079866409302
1497,6340,gradient_x_input,0.5317815616726875,0.4779261387884617,0.9389975666999817
1498,1156,gradient_x_input,0.40500054094830856,0.7566659849356202,0.861674964427948
1499,3017,gradient_x_input,-0.050530527159571646,-0.2154245708669935,0.08765469491481781
1500,457,gradient_x_input,0.408784966510923,0.463454419180103,0.9319348335266113
1501,2867,gradient_x_input,0.17275146589699117,0.11362180503254588,0.4899269640445709
1502,5033,gradient_x_input,0.41962940647051883,0.26155629524817836,0.8742331266403198
1503,4622,gradient_x_input,0.18060165935236475,0.3579520194426827,0.6582211256027222
1504,6329,gradient_x_input,0.6286756824702024,0.5196943588554859,0.9279072284698486
1505,7081,gradient_x_input,0.5939900614321232,0.8844637566556534,0.9927646517753601
1506,6786,gradient_x_input,0.6107534865538279,0.34307664930820464,0.8435319662094116
1507,8458,gradient_x_input,0.686081962659955,0.5757320508360863,0.9516926407814026
1508,5206,gradient_x_input,0.4070730234791593,0.6891767472573896,0.9392110109329224
1509,6053,gradient_x_input,-0.3353001519009985,-0.12723492008858714,0.10309546440839767
1510,131,gradient_x_input,0.25737949267581656,0.5358290782681218,0.7072423100471497
1511,3692,gradient_x_input,0.5869229042104313,0.39462735929659437,0.9772415161132812
1512,6192,gradient_x_input,-0.4019791536892836,-0.10943878613985501,0.048792410641908646
1513,9523,gradient_x_input,0.4744310702492551,0.6309017411819319,0.961187481880188
1514,4587,gradient_x_input,0.8535654148155892,0.7841991809783159,0.9995947480201721
1515,9818,gradient_x_input,0.8928648676065838,0.5554656736990985,0.9995943903923035
1516,3235,gradient_x_input,0.7883358541876078,0.730909240587304,0.9989935755729675
1517,8641,gradient_x_input,0.4861877060362271,0.6126586784209523,0.931536078453064
1518,4879,gradient_x_input,0.6683198085853032,0.6137658187321254,0.9839438199996948
1519,6854,gradient_x_input,0.48749670290521213,0.4424406688128199,0.7712569832801819
1520,8572,gradient_x_input,0.5208268559072167,0.7600966403260827,0.962346076965332
1521,3639,gradient_x_input,0.8304279969472971,0.4559655463589089,0.9996343851089478
1522,7358,gradient_x_input,0.39796353465524215,0.36042808664256126,0.8803918957710266
1523,8826,gradient_x_input,0.11825208342634141,0.04754257947206497,0.21246188879013062
1524,2303,gradient_x_input,0.4820542127615021,0.47433235664521495,0.8479582071304321
1525,7315,gradient_x_input,0.2795991600844367,0.2507506748340253,0.5223425626754761
1526,5308,gradient_x_input,0.7102201269431547,0.7219846834513274,0.9625872373580933
1527,6808,gradient_x_input,0.6399297948027479,0.6117817602794746,0.934439480304718
1528,9395,gradient_x_input,0.4347107605292247,0.55949338640158,0.9161144495010376
1529,265,gradient_x_input,0.4422679135332937,0.3651830450348232,0.6683381795883179
1530,4763,gradient_x_input,0.8037937311973009,0.4884635822640525,0.9798698425292969
1531,9111,gradient_x_input,0.6410451071957747,0.5883510721226534,0.9889899492263794
1532,6789,gradient_x_input,0.7782527141680475,0.6720432929869276,0.9998348951339722
1533,4597,gradient_x_input,0.4324624868375914,0.5563257134386471,0.9720914959907532
1534,2531,gradient_x_input,0.37238407899171877,0.5628880474429864,0.866960883140564
1535,4862,gradient_x_input,0.26532294578624493,0.06784237988970497,0.4951181709766388
1536,7669,gradient_x_input,0.39056487812807683,0.0016005313710162514,0.48462367057800293
1537,316,gradient_x_input,0.3141578130031887,0.5852977437408347,0.9735060334205627
1538,1897,gradient_x_input,0.37976861745119095,0.16135493330657483,0.5507165193557739
1539,8860,gradient_x_input,0.8207113465294242,0.6352161591272306,0.9987818598747253
1540,6407,gradient_x_input,0.7219272181391716,0.6095125989781486,0.9976840019226074
1541,8231,gradient_x_input,0.2066371773972231,0.3213290379327886,0.7838780879974365
1542,8521,gradient_x_input,0.7695199757814407,0.7382500190287828,0.9933564066886902
1543,6112,gradient_x_input,0.2977385535422299,0.2628919531901677,0.6008636355400085
1544,8128,gradient_x_input,0.830771982204169,0.6103496868163347,0.9714705348014832
1545,2039,gradient_x_input,0.4578823894262314,0.586615453577704,0.9522435069084167
1546,103,gradient_x_input,0.6930159498483707,0.5302983216750317,0.9553327560424805
1547,3297,gradient_x_input,0.7085552727803588,0.6043343176133931,0.9933587908744812
1548,794,gradient_x_input,0.5187496209144592,0.600464860200882,0.9724578261375427
1549,5967,gradient_x_input,-0.270181831848972,0.02558029771727674,0.24620872735977173
1550,5332,gradient_x_input,0.29447364631821127,0.4020839376265512,0.9183538556098938
1551,8586,gradient_x_input,0.6227264169015383,0.6045255778651488,0.9849046468734741
1552,1658,gradient_x_input,0.3455276077701932,0.4585977484072958,0.964491605758667
1553,3933,gradient_x_input,0.20496920436959376,0.44134034690531815,0.6898942589759827
1554,6968,gradient_x_input,0.11480038447512521,0.10592282687624295,0.4261864125728607
1555,9469,gradient_x_input,0.8547744498709622,0.5095601013618642,0.9714051485061646
1556,7854,gradient_x_input,0.8865529766513242,0.44064004388120437,0.9999302625656128
1557,3210,gradient_x_input,0.4301880660156409,0.4409061049421628,0.9441894888877869
1558,7012,gradient_x_input,0.2792584889878829,0.1472948156297207,0.6113330125808716
1559,9808,gradient_x_input,0.0808582079410553,0.32306746929883956,0.5362054109573364
1560,2973,gradient_x_input,0.4677454777258007,0.6316949111458502,0.9506114721298218
1561,932,gradient_x_input,0.7480427274107933,0.6561963605880737,0.9650254249572754
1562,6163,gradient_x_input,-0.3457931512966752,-0.39322175590419456,0.011425944976508617
1563,6432,gradient_x_input,0.16201138243079186,-0.04177830100059509,0.30730393528938293
1564,3497,gradient_x_input,-0.40785447719196477,-0.033833966900904976,0.0659496858716011
1565,3202,gradient_x_input,0.6098343940342174,0.6297406124718049,0.9847751259803772
1566,2611,gradient_x_input,0.678950892512997,0.7727945705254873,0.9785923361778259
1567,9631,gradient_x_input,0.8689708657562732,0.4893071475625038,0.9988958835601807
1568,567,gradient_x_input,0.8506655606344856,0.44591153747048873,0.9992870688438416
1569,764,gradient_x_input,0.7017051121502211,0.5814030518134435,0.9538270831108093
1570,4366,gradient_x_input,0.6005932310596108,0.7171291569868724,0.9802402853965759
1571,8367,gradient_x_input,0.34978874904267926,0.6018904105705374,0.9094205498695374
1572,7360,gradient_x_input,0.6263923160731792,0.5473403728877505,0.9023318886756897
1573,1441,gradient_x_input,0.3747965752640191,0.17673444397309246,0.5641030669212341
1574,921,gradient_x_input,0.5138539949225055,0.4380162184437116,0.7555339336395264
1575,8222,gradient_x_input,0.0746838024684361,0.481357393520219,0.7786136269569397
1576,1794,gradient_x_input,0.7201480178960732,0.4053643125641559,0.9630635380744934
1577,3838,gradient_x_input,0.3641190715134144,0.3311416395008564,0.7256994247436523
1578,3122,gradient_x_input,0.2013850387185812,0.009748391062021255,0.38232237100601196
1579,6127,gradient_x_input,0.6872333081868979,0.6637010591534468,0.9639993906021118
1580,6319,gradient_x_input,0.5933061463758349,0.5145839627832174,0.9291279911994934
1581,2388,gradient_x_input,0.8817252315348014,0.4448505761101842,0.981386125087738
1582,4466,gradient_x_input,0.041894678188406906,0.11039069521686305,0.6251521110534668
1583,4505,gradient_x_input,0.19866789132356644,0.18671577095985412,0.4783322513103485
1584,1606,gradient_x_input,-0.15572197346583658,-0.22956736709760583,0.10731622576713562
1585,2147,gradient_x_input,0.46912093546528083,0.4445888136441891,0.9957866072654724
1586,36,gradient_x_input,0.28358265608549116,0.24154893308877945,0.7849873304367065
1587,9147,gradient_x_input,0.8303398254017035,0.5162447751277969,0.9876518249511719
1588,761,gradient_x_input,0.7254146356945452,0.683705287459104,0.9979817867279053
1589,5268,gradient_x_input,0.7319992287666537,0.4899519761092961,0.8945633172988892
1590,3038,gradient_x_input,0.5649970990738699,0.677807841449976,0.9610539078712463
1591,5503,gradient_x_input,0.37131389029897177,0.42178019709312,0.6758103370666504
1592,5228,gradient_x_input,0.2326061470064752,0.2667382899029502,0.5483237504959106
1593,1623,gradient_x_input,0.4818104842434759,0.37618586939314136,0.9968398809432983
1594,577,gradient_x_input,0.7167689612902263,0.6730000297812855,0.9675679206848145
1595,6426,gradient_x_input,0.4475788314794672,0.41285605266176423,0.9619170427322388
1596,8087,gradient_x_input,0.7159061714222557,0.48631687070194046,0.9846664667129517
1597,8536,gradient_x_input,0.496113196387887,0.4320354551076889,0.9387348890304565
1598,9564,gradient_x_input,0.16022525686356756,0.1765482314965791,0.4370931386947632
1599,2232,gradient_x_input,0.10288578413781665,-0.05980149337223598,0.3978745937347412
1600,2319,gradient_x_input,0.8147032976150512,0.7339942820370198,0.9942792654037476
1601,5707,gradient_x_input,0.39034606738293426,0.6331473110204048,0.986215353012085
1602,9690,gradient_x_input,0.11309436157993648,0.14241902789343958,0.45669791102409363
1603,5306,gradient_x_input,0.29044198989868164,0.31774951439154775,0.8658899068832397
1604,7938,gradient_x_input,0.12132580656754344,0.33280231489946965,0.6347065567970276
1605,2167,gradient_x_input,0.547231288118796,0.4617068808187138,0.9489302635192871
1606,637,gradient_x_input,0.46903661837180455,0.5165662162005902,0.8737105131149292
1607,8668,gradient_x_input,0.8129442457854748,0.638296899497509,0.9948306679725647
1608,5594,gradient_x_input,-0.023948633511151587,-0.24047464983803885,0.2454535961151123
1609,6555,gradient_x_input,0.8970847667919265,0.6528402964274088,0.9992978572845459
1610,8098,gradient_x_input,-0.2715240020304918,-0.3760174423456192,0.09618464857339859
1611,47,gradient_x_input,-0.4566272593596402,-0.1629885619177538,0.07114753127098083
1612,5505,gradient_x_input,0.7909821720705146,0.5060418835353284,0.9890602827072144
1613,9196,gradient_x_input,0.17479214645349062,0.3819669187068939,0.7533429861068726
1614,8416,gradient_x_input,0.5244796445423906,0.5360047542913393,0.9473087787628174
1615,4509,gradient_x_input,0.675231148302555,0.6122713707387447,0.9788893461227417
1616,2638,gradient_x_input,0.1881339900633868,0.2775077179950826,0.638161838054657
1617,8708,gradient_x_input,-0.09431863054633141,-0.09332263376563787,0.13412760198116302
1618,8476,gradient_x_input,0.7962509707801722,0.6001506793228063,0.9911621809005737
1619,3080,gradient_x_input,0.6896561160683632,0.7262255286177,0.9906973838806152
1620,2870,gradient_x_input,-0.07874690950848162,-0.23336707893759012,0.12925128638744354
1621,2213,gradient_x_input,0.7227128437336754,0.691941086860264,0.9881437420845032
1622,6043,gradient_x_input,0.6848386719822883,0.5583155643194914,0.9816153645515442
1623,3798,gradient_x_input,-0.1111472009991606,-0.19732320122420788,0.20547634363174438
1624,7972,gradient_x_input,-0.06944326288066804,-0.13129237294197083,0.14674974977970123
1625,5739,gradient_x_input,0.8744101433083415,0.5687146756798029,0.999695897102356
1626,4822,gradient_x_input,0.7129770302597214,0.7288343165727222,0.9887875914573669
1627,9067,gradient_x_input,0.7607573634013534,0.4758237316273153,0.9604967832565308
1628,5799,gradient_x_input,0.7158395409739265,0.3344975868239999,0.9777346253395081
1629,7482,gradient_x_input,0.6707297245661418,0.6691416730483373,0.9569826126098633
1630,2114,gradient_x_input,0.05487160310149193,0.06201832264661789,0.25311779975891113
1631,1112,gradient_x_input,0.6221959273020427,0.4832212686538696,0.9014387726783752
1632,8178,gradient_x_input,0.8089161855371102,0.8550812470848146,0.9973340034484863
1633,3717,gradient_x_input,0.764783397768483,0.6043614774490847,0.9932819604873657
1634,713,gradient_x_input,0.47797743550368715,0.24350848687546595,0.7670185565948486
1635,872,gradient_x_input,-0.44457365613844657,-0.05358738203843435,0.1304614543914795
1636,1149,gradient_x_input,0.8246470724542936,0.3993257090449333,0.9999247789382935
1637,9299,gradient_x_input,0.6334652441740036,0.6003136819601059,0.9944186210632324
1638,5663,gradient_x_input,0.22024298778602056,0.21450101903506688,0.5780981183052063
1639,8167,gradient_x_input,0.48655636821474346,0.5171112772964296,0.990050733089447
1640,3315,gradient_x_input,0.5212516798637807,0.5993177754727159,0.9063583016395569
1641,4588,gradient_x_input,-0.17860755324363708,0.12141224852314701,0.4166889488697052
1642,5098,gradient_x_input,-0.1791573390364647,-0.11792930513620377,0.18433299660682678
1643,6077,gradient_x_input,0.14352546110749245,0.15795257166028023,0.4263576567173004
1644,7966,gradient_x_input,0.6497430922463536,0.5456856596283615,0.93751460313797
1645,1020,gradient_x_input,0.6172161502763629,0.5202461848966777,0.9254239201545715
1646,4102,gradient_x_input,0.2271496910473396,0.3783199699788258,0.6971742510795593
1647,5368,gradient_x_input,0.18568191333458975,0.015426268944373498,0.6465386748313904
1648,6543,gradient_x_input,0.6410869750483282,0.7821545179547935,0.9963527917861938
1649,958,gradient_x_input,0.8891298318902652,0.6059428816040356,0.9975054860115051
1650,3846,gradient_x_input,0.22533688694238663,0.4449704022457202,0.7814794778823853
1651,2748,gradient_x_input,0.596465024877997,0.5370024197241839,0.8782135248184204
1652,4710,gradient_x_input,-0.21048896330674843,-0.09489713928529195,0.0542839951813221
1653,8279,gradient_x_input,0.6994347171237071,0.6205857891589404,0.9584804177284241
1654,586,gradient_x_input,0.21881050533718532,-0.07523683334390323,0.41410762071609497
1655,1817,gradient_x_input,0.7963817610372124,0.7082670740783215,0.9875640273094177
1656,782,gradient_x_input,0.8303612026696404,0.7672889994250404,0.9924305081367493
1657,8241,gradient_x_input,0.2453367371450771,-0.00029552615050113565,0.6246086359024048
1658,335,gradient_x_input,0.8653213438456473,0.8455317325323172,0.981814444065094
1659,3755,gradient_x_input,0.8319854411211881,0.5747547789730809,0.9859071969985962
1660,2191,gradient_x_input,0.6200161383432501,0.6776846949668491,0.9978454113006592
1661,9214,gradient_x_input,-0.012677277571388654,-0.1412757131315413,0.09337727725505829
1662,5205,gradient_x_input,0.6652364599469461,0.6757831205858996,0.9603605270385742
1663,6073,gradient_x_input,0.5473744996956417,0.6577534931046622,0.925030529499054
1664,23,gradient_x_input,-0.4864211555241662,-0.2572105995872441,0.10098614543676376
1665,4923,gradient_x_input,0.7390593187335659,0.6414560403893975,0.9938667416572571
1666,4556,gradient_x_input,0.4286295920610428,0.5851298454735014,0.991468071937561
1667,2012,gradient_x_input,0.8251929813279555,0.4243611074052751,0.9569336771965027
1668,381,gradient_x_input,0.2149229864279429,0.20312253882487616,0.5377267599105835
1669,3127,gradient_x_input,-0.15972450916888192,0.04389652784448117,0.21086691319942474
1670,6398,gradient_x_input,0.40628528459505603,0.46684789793057874,0.9335101246833801
1671,1981,gradient_x_input,0.6041311291711671,0.48397152019398554,0.9862580299377441
1672,3095,gradient_x_input,0.6104379357660518,0.6114753182320034,0.9904161691665649
1673,6758,gradient_x_input,0.5994357145391405,0.6582384086214006,0.9293539524078369
1674,2025,gradient_x_input,0.7475276832158367,0.8558715840180715,0.9757044315338135
1675,9398,gradient_x_input,0.6710330212817472,0.5372204351074555,0.9971182346343994
1676,5100,gradient_x_input,0.6122417049482465,0.674128555227071,0.9863613843917847
1677,3526,gradient_x_input,0.4705708407693439,0.20696503834591973,0.8099152445793152
1678,7532,gradient_x_input,0.7443665390213331,0.6796289544020381,0.9993316531181335
1679,3007,gradient_x_input,0.2659421730144271,0.3437416296580742,0.7327895760536194
1680,1084,gradient_x_input,0.09303987486397519,0.07410803130444359,0.3996957242488861
1681,9837,gradient_x_input,-0.39226244886716205,-0.3416981190718986,0.20937994122505188
1682,9258,gradient_x_input,0.43607902101108004,0.5190596339248476,0.9353708624839783
1683,4503,gradient_x_input,0.789168709423393,0.38791212160140276,0.9947574138641357
1684,1575,gradient_x_input,0.6283039608970284,0.44713594764471054,0.9550421833992004
1685,3091,gradient_x_input,-0.18957468767960867,-0.037420185407002766,0.30640462040901184
1686,2484,gradient_x_input,0.43543211072683335,0.7263766657561064,0.9769773483276367
1687,4489,gradient_x_input,0.7867819590582734,0.46833036769004094,0.9988059997558594
1688,5070,gradient_x_input,0.6592612196691334,0.7493274710141122,0.9848760366439819
1689,5669,gradient_x_input,0.06494930966032876,0.054867384058457834,0.3669483959674835
1690,2138,gradient_x_input,0.8356585800647736,0.7631029865663984,0.9810258746147156
1691,6580,gradient_x_input,0.5948660916515759,0.6784836926630565,0.983851969242096
1692,2516,gradient_x_input,-0.1780726585537195,-0.14510645158588886,0.09859773516654968
1693,9154,gradient_x_input,-0.2606365525722504,-0.133388689160347,0.15521340072155
1694,5456,gradient_x_input,0.5854429240737643,0.6382636115664527,0.9861055016517639
1695,3433,gradient_x_input,0.7571629802239876,0.43794295031066033,0.9945763349533081
1696,3989,gradient_x_input,0.24734510481357574,0.24389681302838856,0.5870220065116882
1697,7422,gradient_x_input,0.6306521788887356,0.7630336508154869,0.9376877546310425
1698,5009,gradient_x_input,0.8200567899721449,0.6308337606746575,0.9997223019599915
1699,1458,gradient_x_input,0.8392679343000055,0.5507419027388096,0.9969890713691711
1700,952,gradient_x_input,0.2198893197558143,0.25575447823344305,0.5464771389961243
1701,9718,gradient_x_input,0.5186053185086501,0.30966542112199885,0.9384208917617798
1702,960,gradient_x_input,0.41759525474749115,0.5961285947184813,0.9771338105201721
1703,7273,gradient_x_input,-0.020782015984877944,0.17910172580741346,0.39964550733566284
1704,765,gradient_x_input,0.4275678920093924,0.45044459495693445,0.9818745851516724
1705,8316,gradient_x_input,0.10969910025596619,-0.18729662522673607,0.39701390266418457
1706,3400,gradient_x_input,0.6626453725879805,0.7983064879145887,0.9701642990112305
1707,2316,gradient_x_input,-0.08518660584972663,-0.13310174813324754,0.03669475018978119
1708,9465,gradient_x_input,0.40808696031570435,0.532864120900631,0.9988333582878113
1709,9346,gradient_x_input,0.5426270188763738,0.3916940337845257,0.9275538921356201
1710,7835,gradient_x_input,0.3766362898051739,0.5021287947893143,0.9367042183876038
1711,4032,gradient_x_input,0.3716716816027959,0.3913999855518341,0.851252555847168
1712,2029,gradient_x_input,0.331873615582784,0.5067076140216419,0.8864477872848511
1713,4718,gradient_x_input,0.8907948940759525,0.531002632342279,0.9998941421508789
1714,286,gradient_x_input,-0.18140170249071988,-0.15742668949744917,0.20403718948364258
1715,908,gradient_x_input,0.5448179253760506,0.5596312698634232,0.994857907295227
1716,1482,gradient_x_input,-0.2981249913573265,-0.008477683771740307,0.08669696003198624
1717,9660,gradient_x_input,0.5648279705395302,0.4028780075411002,0.9428256154060364
1718,4712,gradient_x_input,-0.15517177077985944,0.07579377932207924,0.270624041557312
1719,2133,gradient_x_input,0.5388545602560043,0.45240520089864733,0.9553066492080688
1720,9608,gradient_x_input,0.25198219045996667,0.22074324736992518,0.6756927371025085
1721,9774,gradient_x_input,0.08576875422149896,-0.03339303955435753,0.39331111311912537
1722,9211,gradient_x_input,0.6830315530300141,0.524413776397705,0.9678144454956055
1723,563,gradient_x_input,-0.09151489384796309,-0.40567646823499515,0.14442920684814453
1724,291,gradient_x_input,0.29986107242958887,0.4696852719145162,0.8519404530525208
1725,1713,gradient_x_input,0.6648880450261964,0.5870834663510323,0.9778411984443665
1726,4012,gradient_x_input,0.5870277620851994,0.5825876492474761,0.9601817727088928
1727,8922,gradient_x_input,0.3475769245997071,0.5664710723794997,0.7143899202346802
1728,169,gradient_x_input,0.701406024834689,0.6134123249965555,0.9849444031715393
1729,267,gradient_x_input,0.7042352516542781,0.6943560802575314,0.9952079653739929
1730,9144,gradient_x_input,0.6124517261981964,0.6325216546654702,0.9903740882873535
1731,3172,gradient_x_input,0.5442304282138745,0.6391247734427452,0.9904276132583618
1732,2286,gradient_x_input,0.4924174045974558,0.5750527453016151,0.9918660521507263
1733,315,gradient_x_input,0.8499926222222192,0.7144849669365656,0.9974621534347534
1734,8046,gradient_x_input,0.7281232488652071,0.6066732369363308,0.9726502895355225
1735,8822,gradient_x_input,0.5665649412707849,0.8681680289181796,0.9985995888710022
1736,245,gradient_x_input,0.4945438817764322,0.5328517298524579,0.9870147705078125
1737,5186,gradient_x_input,0.40832685166969895,0.47759175673127174,0.964245080947876
1738,5421,gradient_x_input,0.05421117555212091,0.039582521827132615,0.1725240796804428
1739,6065,gradient_x_input,0.8519100013553448,0.4895436797776948,0.9992849230766296
1740,50,gradient_x_input,0.8175342609307595,0.6669685275426933,0.9963449835777283
1741,3021,gradient_x_input,0.9101771088937919,0.4632589899003506,0.999884843826294
1742,7028,gradient_x_input,0.33173020901503386,0.419086961834519,0.9467214345932007
1743,1372,gradient_x_input,0.5069553989239715,0.5110936997966333,0.9093149900436401
1744,4176,gradient_x_input,0.7168716270476579,0.7532559689134359,0.9995517134666443
1745,2470,gradient_x_input,0.7278439711247172,0.5062233997242791,0.9739258885383606
1746,8000,gradient_x_input,0.07436740348736445,0.18129230439662933,0.6186632513999939
1747,6156,gradient_x_input,0.6743652448058128,0.6541815148666501,0.986234188079834
1748,1498,gradient_x_input,0.38724765954194246,0.5792668263117472,0.9896008372306824
1749,5868,gradient_x_input,0.6514197467929788,0.642424205938975,0.9864418506622314
1750,1963,gradient_x_input,0.5435003034770489,0.4425327658653259,0.9039415121078491
1751,248,gradient_x_input,0.508935165964067,0.811003028601408,0.9746379256248474
1752,4771,gradient_x_input,0.42680677700610387,0.6265024216402144,0.976798415184021
1753,1277,gradient_x_input,0.06323951000676435,-0.043780801927342135,0.45159438252449036
1754,4905,gradient_x_input,0.4227439550490215,0.25296114436511336,0.7849739193916321
1755,8025,gradient_x_input,0.6908750680408308,0.746387586352371,0.9910145401954651
1756,2110,gradient_x_input,0.3859039930005868,0.5461082346737385,0.8962140083312988
1757,9776,gradient_x_input,0.4700594450677595,0.6280284394179622,0.9779263138771057
1758,2945,gradient_x_input,0.2535257612665494,0.2246431310971578,0.7681790590286255
1759,6249,gradient_x_input,0.8280461677595189,0.7349473359553438,0.9979444146156311
1760,7023,gradient_x_input,0.6847834088232206,0.5330647191275721,0.9734395146369934
1761,795,gradient_x_input,0.21094674710184336,0.3802756754060586,0.5981930494308472
1762,9717,gradient_x_input,0.21182201504707338,0.3652499295771122,0.6705142259597778
1763,7908,gradient_x_input,0.8114035052380392,0.5771378715123449,0.9845788478851318
1764,5371,gradient_x_input,0.6034936776591672,0.5662750709387991,0.920927107334137
1765,9655,gradient_x_input,0.8438149291006002,0.5680253576825965,0.9998300075531006
1766,447,gradient_x_input,0.7171171621002,0.6959697439752776,0.9858595728874207
1767,2968,gradient_x_input,0.6215441548510602,0.717546358704567,0.948364794254303
1768,2152,gradient_x_input,0.806444692870845,0.8613257359551347,0.9996750354766846
1769,7838,gradient_x_input,0.5115226546059484,0.5344779329455417,0.9967185854911804
1770,4852,gradient_x_input,0.6592185826351246,0.7661520329614481,0.999956488609314
1771,5157,gradient_x_input,0.3894141148085947,0.5557761032272268,0.9914587736129761
1772,683,gradient_x_input,-0.09205808401107789,-0.1553271597623825,0.21639196574687958
1773,8118,gradient_x_input,0.7613762564518872,0.5109054630293566,0.9902215003967285
1774,6681,gradient_x_input,0.47381615936756133,0.38689432442188265,0.9824116826057434
1775,5741,gradient_x_input,0.1732596562554439,0.02522432617843151,0.3019848167896271
1776,1488,gradient_x_input,0.1583688525777114,0.17508948476690994,0.437333881855011
1777,3077,gradient_x_input,-0.026040551643217762,0.04947292059659958,0.3149726390838623
1778,3905,gradient_x_input,0.7132832049960043,0.44884270647676977,0.972572386264801
1779,8594,gradient_x_input,0.4496006803079085,0.5098720287734811,0.9640664458274841
1780,318,gradient_x_input,0.7649512608205119,0.5455408202063653,0.9885116815567017
1781,856,gradient_x_input,-0.20297327575584254,-0.1903133933742841,0.18446047604084015
1782,7743,gradient_x_input,-0.16452289167149314,-0.19361721518738517,0.08176906406879425
1783,2770,gradient_x_input,0.7033676441226687,0.5226108095475606,0.8949626088142395
1784,3566,gradient_x_input,0.4176755963879473,0.6941721737384796,0.9915398955345154
1785,376,gradient_x_input,0.3499481145824705,0.5943155693156379,0.9263660907745361
1786,410,gradient_x_input,0.441156387122141,0.4500560040275256,0.8114980459213257
1787,2405,gradient_x_input,0.5497519265860319,0.6372383065521717,0.9817533493041992
1788,3776,gradient_x_input,0.6533294002215068,0.7302318771680196,0.9933556318283081
1789,3946,gradient_x_input,0.7918498571962118,0.8429744686517451,0.9996417760848999
1790,1111,gradient_x_input,0.9132215004148228,0.7340694405138493,0.9956684112548828
1791,7660,gradient_x_input,0.25369460651507747,0.2997406384883783,0.7204117774963379
1792,8001,gradient_x_input,0.720668090241296,0.8031390240149838,0.997925877571106
1793,2288,gradient_x_input,0.4312265384942293,0.45199565163680483,0.754895806312561
1794,2127,gradient_x_input,0.6306483687266059,0.6013301837703456,0.8519651293754578
1795,5581,gradient_x_input,0.7569668808808694,0.3693246225324961,0.9685426354408264
1796,8256,gradient_x_input,0.24758915287943986,-0.022541128672086276,0.5436399579048157
1797,6751,gradient_x_input,0.6571781064073244,0.47874399920304617,0.9856175780296326
1798,9399,gradient_x_input,0.3438328951597214,0.45526159869936794,0.8868210315704346
1799,2233,gradient_x_input,0.6807654027281136,0.5538502547504573,0.9889618754386902
1800,5550,gradient_x_input,0.5457428214140236,0.5262672239914536,0.8548498153686523
1801,274,gradient_x_input,0.5388864476520282,0.5303851354580659,0.9979081153869629
1802,2344,gradient_x_input,0.6807671402891476,0.4637776330113411,0.9465230703353882
1803,1568,gradient_x_input,0.2922822463771571,0.5919042718799218,0.7097077369689941
1804,3133,gradient_x_input,0.5330291417512026,0.6106438839977438,0.979721188545227
1805,6178,gradient_x_input,0.751870345981682,0.48293113971457763,0.8688144087791443
1806,7955,gradient_x_input,0.42218332923948765,0.5977618684992194,0.8337618708610535
1807,7820,gradient_x_input,0.6479382658004761,0.689305175691843,0.982063889503479
1808,9415,gradient_x_input,0.8838790314341033,0.6500616669654846,0.9954937696456909
1809,2574,gradient_x_input,0.47269048255223495,0.2959672459042989,0.7883406281471252
1810,965,gradient_x_input,0.3986251194562231,0.5496926169310298,0.9786699414253235
1811,2291,gradient_x_input,0.7867875469382852,0.3906583373124401,0.90224289894104
1812,5375,gradient_x_input,0.2615790027193725,0.23924063425511122,0.5908000469207764
1813,6670,gradient_x_input,0.4234110713005066,0.6003485087837491,0.968881368637085
1814,8955,gradient_x_input,0.340836967031161,0.57239229535615,0.8037341833114624
1815,8059,gradient_x_input,0.7024796369951218,0.6242661257274449,0.9912788271903992
1816,2755,gradient_x_input,0.6674726961387528,0.4970676352580388,0.9032981395721436
1817,4474,gradient_x_input,0.46661645531654355,0.3800908827781677,0.7953056693077087
1818,3910,gradient_x_input,0.7225668930581638,0.455965700426272,0.9378650188446045
1819,2002,gradient_x_input,0.27024395106469884,0.3828443179235739,0.8289540410041809
1820,4794,gradient_x_input,0.7020597915120778,0.622698255947658,0.9119209051132202
1821,8644,gradient_x_input,0.45909557189490346,0.5221674224814853,0.9339882731437683
1822,6394,gradient_x_input,0.4449183697050268,0.4245294359597293,0.8722755908966064
1823,5339,gradient_x_input,0.3988460670022861,0.5891661585673041,0.8894105553627014
1824,1730,gradient_x_input,0.7504860404527413,0.5342214114542277,0.9917603135108948
1825,2360,gradient_x_input,-0.028382047164169224,0.051038168370723724,0.3293505012989044
1826,9379,gradient_x_input,0.8224582190492323,0.7613621045436177,0.9933706521987915
1827,9058,gradient_x_input,0.8040497959074047,0.5813367056349913,0.9902167320251465
1828,9028,gradient_x_input,-0.13835043956836066,0.14489668483535448,0.4510492980480194
1829,7579,gradient_x_input,0.8268333439799872,0.7127300297672098,0.9961950778961182
1830,6428,gradient_x_input,0.40594347997715596,0.5135778225958347,0.971828043460846
1831,1068,gradient_x_input,0.8389068569399809,0.6318139865210182,0.9780769348144531
1832,5337,gradient_x_input,1.3473359021273526e-05,-0.12937502292069522,0.3020440936088562
1833,1071,gradient_x_input,0.8109451485797763,0.6038146242499352,0.9981143474578857
1834,9456,gradient_x_input,0.7430740182753652,0.7129726229856411,0.9953528642654419
1835,5020,gradient_x_input,0.4446698469109833,0.34245679900050163,0.9738432765007019
1836,2115,gradient_x_input,0.21014123106444324,0.1926239044577987,0.6062835454940796
1837,5910,gradient_x_input,0.41029262638861136,0.5470829630090345,0.9968950748443604
1838,8448,gradient_x_input,-0.04791883698531559,-0.05862162666661399,0.2818126976490021
1839,3132,gradient_x_input,0.5491811365916811,0.6544772819455328,0.923084020614624
1840,7703,gradient_x_input,-0.3012956573682673,-0.02063461173983181,0.15116360783576965
1841,474,gradient_x_input,0.6753490567207336,0.4942190127204294,0.9717239141464233
1842,8441,gradient_x_input,-0.25128028488584925,-0.4581959561577865,0.024857155978679657
1843,7584,gradient_x_input,0.5163538067748672,0.6231463873072675,0.921665608882904
1844,3085,gradient_x_input,0.14939172387770985,0.2856034082563027,0.5184956789016724
1845,8856,gradient_x_input,0.11128282085770652,0.02868132648013887,0.4781254529953003
1846,5936,gradient_x_input,0.7197552236914635,0.7667751771211624,0.973821759223938
1847,3397,gradient_x_input,0.625280499458313,0.6969401941945156,0.9769428968429565
1848,4309,gradient_x_input,0.4721153197543962,0.4191493250074841,0.8095138072967529
1849,6169,gradient_x_input,0.6825149096548557,0.644314419478178,0.994187593460083
1850,3693,gradient_x_input,0.34818156162897745,0.4393957793712616,0.9256685972213745
1851,1691,gradient_x_input,-0.19060356082285151,-0.24097376974189982,0.14902356266975403
1852,4333,gradient_x_input,0.610267325089528,0.3826075161878879,0.909866213798523
1853,9574,gradient_x_input,0.8043717327217261,0.7059666708111763,0.945906937122345
1854,8619,gradient_x_input,0.6035005604582173,0.6312096879950592,0.9517980217933655
1855,6832,gradient_x_input,0.15088595178994266,0.32317679714072833,0.7045003175735474
1856,3795,gradient_x_input,-0.43139872268626567,-0.3035864277105582,0.05419795960187912
1857,4649,gradient_x_input,0.5085999491358442,0.8968526389715927,0.9837080836296082
1858,9226,gradient_x_input,0.3196551841166284,0.3384539778861735,0.6735894083976746
1859,7372,gradient_x_input,0.22644359355085883,0.24930501099804353,0.5677493810653687
1860,4929,gradient_x_input,0.44921063278850754,0.18704108972298472,0.7012296915054321
1861,4233,gradient_x_input,0.429268034050862,0.2568118691444397,0.6646116971969604
1862,1145,gradient_x_input,0.6841120142489672,0.7767152063149426,0.9983382225036621
1863,3111,gradient_x_input,0.23392297152210684,0.20734305679798126,0.5777385234832764
1864,8737,gradient_x_input,0.3725399701368241,0.4277105757168361,0.8522177934646606
1865,2592,gradient_x_input,0.35513834475672673,0.2876213416457176,0.4835042357444763
1866,9142,gradient_x_input,0.7844570700544864,0.7812392379855737,0.9996252059936523
1867,624,gradient_x_input,-0.2204924587160349,-0.4904199507087469,0.02195855602622032
1868,9043,gradient_x_input,0.6501727582592713,0.5629075048001189,0.9102703928947449
1869,3283,gradient_x_input,0.6092037914527787,0.3009896216293176,0.8493446707725525
1870,6341,gradient_x_input,0.3899063269297282,0.5408733556667964,0.8738074898719788
1871,7522,gradient_x_input,0.5684307452879453,0.5835118270234058,0.9682899713516235
1872,9585,gradient_x_input,0.3864442574977875,0.4447797119617462,0.9512042999267578
1873,7440,gradient_x_input,0.31592094611663085,0.27030796443040556,0.8528537154197693
1874,668,gradient_x_input,0.5108430990150996,0.4329050919839314,0.9840117692947388
1875,6750,gradient_x_input,0.10402859703582876,0.38779372593168826,0.5618546009063721
1876,5165,gradient_x_input,0.4618931391204779,0.2828255295753479,0.7988958954811096
1877,5279,gradient_x_input,0.1690529308148793,0.24788978376558848,0.521725594997406
1878,582,gradient_x_input,0.5641832304083638,0.47691836290889317,0.883767306804657
1879,3945,gradient_x_input,0.301218144595623,0.33593103289604187,0.894789457321167
1880,7688,gradient_x_input,0.3017919155813399,0.6012661499636514,0.8483998775482178
1881,7614,gradient_x_input,0.6826305091381073,0.8066250098248323,0.9850884079933167
1882,1208,gradient_x_input,0.7374612107872963,0.5995278937742115,0.9708318114280701
1883,7944,gradient_x_input,0.6780757419764996,0.578959334641695,0.8658108711242676
1884,5030,gradient_x_input,0.48659898550249636,0.16741510084830225,0.7373180389404297
1885,76,gradient_x_input,0.6590979288924824,0.6196952008388259,0.9731489419937134
1886,6693,gradient_x_input,0.6111641692764619,0.49396900832653046,0.9583650827407837
1887,9478,gradient_x_input,0.7675871543586255,0.6314470835030079,0.9984384179115295
1888,9464,gradient_x_input,0.7641981046957275,0.7504168208688498,0.9988177418708801
1889,1175,gradient_x_input,0.8660764965627875,0.6620717089889305,0.9964763522148132
1890,592,gradient_x_input,0.6308646857738495,0.5450478792190552,0.9891987442970276
1891,3774,gradient_x_input,0.13154247957705098,0.05012810568917881,0.37255358695983887
1892,5676,gradient_x_input,0.7692027539014816,0.6100944445601532,0.982049286365509
1893,7362,gradient_x_input,-0.20896165155702168,-0.14639691015084585,0.36417362093925476
1894,1470,gradient_x_input,0.6564629375934601,0.6847794377803802,0.9493246674537659
1895,705,gradient_x_input,0.8505738534033298,0.7048957094550132,0.9831666350364685
1896,1688,gradient_x_input,0.41463439875259633,0.4429723220627482,0.9499217867851257
1897,4828,gradient_x_input,-0.33764431722786115,-0.06627911847570668,0.1867298036813736
1898,5386,gradient_x_input,0.5750587630318478,0.7070841095410287,0.9955139756202698
1899,4564,gradient_x_input,0.31325082010344457,0.5754368779690642,0.8107433915138245
1900,7450,gradient_x_input,0.12402606249919959,0.2896203930888857,0.7011708617210388
1901,9324,gradient_x_input,0.15950569731217842,0.43970135682159,0.7953957915306091
1902,4747,gradient_x_input,0.5543304238664476,0.7849173435059033,0.9911973476409912
1903,4303,gradient_x_input,0.8575702161798554,0.5803870971825335,0.9996230602264404
1904,6460,gradient_x_input,0.49700454228064594,0.21007673968287074,0.7936564087867737
1905,6239,gradient_x_input,0.6897416202461019,0.6365323053563342,0.9641647338867188
1906,7766,gradient_x_input,0.8269727573626571,0.5736009329557419,0.9988692402839661
1907,6739,gradient_x_input,0.46148963408036664,0.5543686842376535,0.9684213399887085
1908,8336,gradient_x_input,0.7414369061589241,0.6522155989493642,0.9708681106567383
1909,3464,gradient_x_input,0.6276269115507602,0.5279089380055666,0.9286491870880127
1910,1509,gradient_x_input,0.8455748587660491,0.4581857359409332,0.9998621940612793
1911,4978,gradient_x_input,0.8302743546664715,0.41243094782675466,0.9986442923545837
1912,6008,gradient_x_input,0.6873081320965732,0.6612368286759766,0.987065315246582
1913,5730,gradient_x_input,0.8972918198310903,0.6236220341441887,0.9983402490615845
1914,8334,gradient_x_input,0.3919802078615046,0.2241658309681548,0.5701493620872498
1915,4883,gradient_x_input,0.6845648281276226,0.3229083187878132,0.9513612389564514
1916,9740,gradient_x_input,-0.04210282059816214,0.0055233469376197225,0.2310066819190979
1917,3299,gradient_x_input,0.4516234000523885,0.5368646460895737,0.9154351949691772
1918,594,gradient_x_input,0.041939770733868634,0.229591299124338,0.49561581015586853
1919,5521,gradient_x_input,0.23114125430583954,0.2841588171819846,0.5253437161445618
1920,6867,gradient_x_input,0.26476491942550195,0.4261081999901569,0.8798378109931946
1921,7999,gradient_x_input,0.7122071349904651,0.7761220055676642,0.9797606468200684
1922,7073,gradient_x_input,0.6046889846523603,0.7495602184423694,0.9726623892784119
1923,2876,gradient_x_input,0.6703666798770428,0.6187297806143761,0.9130256175994873
1924,5595,gradient_x_input,0.6358518720819399,0.6118314508348703,0.7676864266395569
1925,8508,gradient_x_input,0.8193075401442391,0.6057673203093665,0.9972662925720215
1926,9525,gradient_x_input,0.749497085104923,0.6100426018238068,0.9630944728851318
1927,4335,gradient_x_input,0.5281976226430672,0.42495825027044004,0.8478489518165588
1928,4540,gradient_x_input,0.2958358796658339,0.31595680283175576,0.6004884243011475
1929,10,gradient_x_input,0.3574283851517571,0.3983574639315958,0.6812614798545837
1930,8757,gradient_x_input,0.526111930157199,0.23152898635828134,0.7786079049110413
1931,1217,gradient_x_input,0.5379466993941201,0.4580125030544069,0.9339421987533569
1932,1224,gradient_x_input,0.6181784111844457,0.4815776069527087,0.9364364743232727
1933,3206,gradient_x_input,0.6744479052722454,0.6893637209141161,0.8921815752983093
1934,93,gradient_x_input,-0.006271804156510726,-0.1250126478464707,0.2665877938270569
1935,8057,gradient_x_input,0.15360914213316781,0.16024961045810154,0.6329444646835327
1936,2455,gradient_x_input,0.862352614375678,0.5695574093948711,0.9824633598327637
1937,1247,gradient_x_input,0.17010367903355006,0.20403837830432364,0.3819084167480469
1938,2251,gradient_x_input,0.3340207628077931,0.47205302408999866,0.7610036134719849
1939,6380,gradient_x_input,0.10453201511076518,-0.164857987846647,0.37548884749412537
1940,4708,gradient_x_input,-0.19388684784543925,-0.07082883788850801,0.022129839286208153
1941,7864,gradient_x_input,0.10560589819215238,0.20617545116692781,0.42131784558296204
1942,3916,gradient_x_input,0.6481950169100481,0.7078084183089873,0.9908962845802307
1943,3105,gradient_x_input,0.03560760244727135,-0.1651294765373071,0.30328264832496643
1944,292,gradient_x_input,0.5820858137406133,0.4652557955295951,0.9373753666877747
1945,7616,gradient_x_input,0.8847562564270837,0.30131664801211583,0.9996926784515381
1946,2083,gradient_x_input,-0.12135725670627186,-0.18433026256305832,0.08841691166162491
1947,4381,gradient_x_input,0.21452107559889555,0.28649357659742236,0.5731322765350342
1948,4291,gradient_x_input,0.6136926505714655,0.6899396991357207,0.999386191368103
1949,5404,gradient_x_input,0.24956350803375243,0.4019634805619717,0.6997650265693665
1950,6637,gradient_x_input,-0.09659239715945564,-0.15141505980864167,0.006928769405931234
1951,1090,gradient_x_input,0.6694344404865714,0.6721427642247256,0.9400683641433716
1952,8570,gradient_x_input,0.6518899518996477,0.6548549402505159,0.9879988431930542
1953,6206,gradient_x_input,0.2634397687820288,0.2738074236191236,0.7637869715690613
1954,6843,gradient_x_input,0.46674730628728867,0.5977738862010565,0.9432370662689209
1955,1078,gradient_x_input,0.42695429255528483,0.7358171889448867,0.9937500357627869
1956,1188,gradient_x_input,0.08021918058395386,-0.08967304468154907,0.371249794960022
1957,3984,gradient_x_input,0.6600025296211243,0.32574998476990946,0.8270280361175537
1958,1369,gradient_x_input,0.8188585933636535,0.5651835812763735,0.9996086955070496
1959,8348,gradient_x_input,0.813777843490243,0.4994813861059291,0.9983540773391724
1960,5987,gradient_x_input,0.1254226380586624,-0.09097137629985809,0.3073987364768982
1961,1599,gradient_x_input,0.16348636318599025,-0.011199012398719788,0.4253289997577667
1962,4573,gradient_x_input,0.8001442702244157,0.6746798514024072,0.9986382126808167
1963,5173,gradient_x_input,0.6841042099090723,0.6557992329964271,0.9896814227104187
1964,6459,gradient_x_input,0.27133096175061333,0.4515898558828566,0.7572941780090332
1965,4404,gradient_x_input,0.6120674602687359,0.6244253501296043,0.9096974730491638
1966,7585,gradient_x_input,0.3911709164579709,0.43646398021115196,0.8842015266418457
1967,8225,gradient_x_input,0.7929979425953757,0.6828359167909983,0.9761107563972473
1968,4209,gradient_x_input,-0.1800833225250244,-0.2924150820821524,0.07258966565132141
1969,1418,gradient_x_input,0.6731239737648713,0.652619579512822,0.985499918460846
1970,3309,gradient_x_input,0.4994307649987085,0.5294907518795559,0.9695686101913452
1971,9362,gradient_x_input,0.1506266040461404,0.1835476259390513,0.5845239758491516
1972,6492,gradient_x_input,0.45453328101171386,0.20719328191545275,0.947441041469574
1973,7841,gradient_x_input,0.7430901918560266,0.8033367668588957,0.9986454844474792
1974,3037,gradient_x_input,-0.16726928261610177,0.045559280193769015,0.1764560043811798
1975,1825,gradient_x_input,0.52605595489343,0.2844257076581319,0.8055851459503174
1976,3842,gradient_x_input,0.6620247170794755,0.48246394159893197,0.8965687155723572
1977,4522,gradient_x_input,-0.3160915874565641,-0.20845535645882288,0.014913300983607769
1978,1569,gradient_x_input,-0.2465491440768043,-0.2607601247727871,0.08346115052700043
1979,1261,gradient_x_input,0.45497511234134436,0.5768249751999974,0.9461262822151184
1980,4918,gradient_x_input,0.6453837400132959,0.5975627326829867,0.9837623238563538
1981,5273,gradient_x_input,0.6919049178109025,0.3650981761289365,0.9627588987350464
1982,2478,gradient_x_input,0.7138763313230715,0.7335060679010654,0.9757039546966553
1983,5795,gradient_x_input,0.45063837338238955,0.5197008699178696,0.9648255109786987
1984,6864,gradient_x_input,0.41167812764644623,0.5379918038845062,0.9505975246429443
1985,1616,gradient_x_input,0.29879847665627796,0.3459423080086708,0.625809907913208
1986,6913,gradient_x_input,0.6306235498189926,0.5243688476085663,0.9678993225097656
1987,2236,gradient_x_input,0.6486851456372634,0.685797116678694,0.9798816442489624
1988,7618,gradient_x_input,0.6137998735203463,0.6405184558209251,0.9788611531257629
1989,5447,gradient_x_input,0.796552199870348,0.4365665534367928,0.986072301864624
1990,5554,gradient_x_input,0.5242111110950217,0.3781807922265109,0.7767083644866943
1991,7212,gradient_x_input,0.3813220716658093,0.4973613389191173,0.8002116680145264
1992,7352,gradient_x_input,0.5942244392633438,0.6887485863268376,0.9880971908569336
1993,2533,gradient_x_input,0.6553768545570897,0.5499161959784787,0.8414990901947021
1994,5950,gradient_x_input,-0.21331086507640207,-0.09920806581011185,0.03144804388284683
1995,7947,gradient_x_input,0.5134692330379039,0.6138520792126656,0.9980719089508057
1996,2689,gradient_x_input,0.08203401002619001,0.29273341761695015,0.6280073523521423
1997,3110,gradient_x_input,0.4425469178419847,0.369571443933707,0.9935632944107056
1998,4397,gradient_x_input,0.25998191118240355,0.576840832978487,0.8630474209785461
1999,2935,gradient_x_input,0.493200055633982,0.5863222318391005,0.9213789701461792
2000,9632,deeplift,0.21647045388817787,0.13095894226661095,0.5868351459503174
2001,9282,deeplift,0.7120077692364392,0.7186352875279752,0.9996920824050903
2002,106,deeplift,-0.23407781027978466,-0.4111737094579204,0.05082850903272629
2003,1446,deeplift,0.416223159512958,0.46562244441058187,0.9366569519042969
2004,1513,deeplift,0.583421440795064,0.6094003186068114,0.8197557330131531
2005,6498,deeplift,0.15157664057455564,0.06606304959246986,0.4965934753417969
2006,6973,deeplift,0.7351931124659521,0.47332606092095375,0.9767543077468872
2007,4952,deeplift,0.7073838676918637,0.5798217017542232,0.9817962050437927
2008,8552,deeplift,0.4471845489672639,0.44623196734623477,0.872232973575592
2009,3027,deeplift,-0.41871603887136044,-0.4643660567602829,0.013155492953956127
2010,2760,deeplift,0.487583290040493,0.5338471315801143,0.9036301970481873
2011,3060,deeplift,0.6748719364404678,0.6372481748461724,0.9830917716026306
2012,33,deeplift,0.6126500964164734,0.6484554900842554,0.9096025228500366
2013,1349,deeplift,0.5039840958391627,0.35558027401566505,0.8528456687927246
2014,4934,deeplift,0.8188055776059627,0.30632330030202864,0.9373475313186646
2015,2680,deeplift,0.6583486136890226,0.5890712540957236,0.9424630403518677
2016,9074,deeplift,0.6536029262675179,0.6857937226692835,0.9839212894439697
2017,5414,deeplift,0.6299630991722408,0.39396374711864873,0.9929293990135193
2018,6663,deeplift,0.7991374300115488,0.6501658494499597,0.999101996421814
2019,5286,deeplift,0.685449053461735,0.6668027166563731,0.980504035949707
2020,3782,deeplift,0.5984991816803813,0.4337809360586107,0.8612732887268066
2021,4516,deeplift,0.27390195010229945,0.29039092641323805,0.5729129910469055
2022,4554,deeplift,0.3194797272267549,0.34589013554479764,0.6359938383102417
2023,1595,deeplift,0.6458010368335706,0.34827456164818543,0.9860119223594666
2024,3857,deeplift,0.3996713935602002,0.45194969816905695,0.8257390856742859
2025,3337,deeplift,0.4244613590148779,0.3880660350506122,0.9874890446662903
2026,9255,deeplift,0.6882139299597059,0.523894804928984,0.9287757873535156
2027,1383,deeplift,0.3996066567690476,0.5441582591637321,0.9670538306236267
2028,4860,deeplift,0.7286441858325686,0.6894936859607697,0.9902095794677734
2029,7275,deeplift,0.39488729445830634,0.5760481545458669,0.9986231327056885
2030,8740,deeplift,0.36267264594789594,0.514779414050281,0.8915581107139587
2031,1155,deeplift,0.6250332211670668,0.39686534586160077,0.7966771721839905
2032,6725,deeplift,0.5791996398142406,0.42693780291648137,0.907792866230011
2033,1076,deeplift,0.5157252901366779,0.5355574541858265,0.932974100112915
2034,3058,deeplift,0.5513496222464662,0.49406140964282186,0.9431897401809692
2035,4586,deeplift,0.5553112412492435,0.3663455535968145,0.80568927526474
2036,1791,deeplift,0.4837061914686973,0.36726424441887784,0.7876419425010681
2037,6325,deeplift,0.7258451304088036,0.7222565268476804,0.9873836636543274
2038,7506,deeplift,0.8472698059760861,0.6524898869295915,0.9960224628448486
2039,6495,deeplift,0.883750840629402,0.6694009166799093,0.9991976618766785
2040,9542,deeplift,0.5294720090827659,0.5962177738547325,0.781927764415741
2041,4694,deeplift,0.8369884684441551,0.5795521865929326,0.9919273853302002
2042,8369,deeplift,-0.24421927022437254,-0.15576089711652863,0.07666584104299545
2043,7093,deeplift,0.31695795256757375,0.3244101983128172,0.5145242214202881
2044,2794,deeplift,0.7187437311462734,0.6682637476402781,0.9767383337020874
2045,39,deeplift,0.7373224972717224,0.5989380075085547,0.9872057437896729
2046,7478,deeplift,-0.07774888329646167,-0.02757281722391353,0.44425079226493835
2047,1253,deeplift,0.7035128857408252,0.5381532084374201,0.9360433220863342
2048,360,deeplift,0.5099753687779108,0.5588642947730564,0.8569230437278748
2049,9638,deeplift,0.45000604167580605,0.6404668012900012,0.919952392578125
2050,1726,deeplift,0.5134572597110972,0.5914483769413303,0.9702189564704895
2051,439,deeplift,-0.3095342100343921,-0.12147709724761378,0.12333211302757263
2052,5267,deeplift,-0.1474953482256216,-0.18585896097561894,0.11205608397722244
2053,4337,deeplift,0.7213136839866638,0.617236185669899,0.9803929924964905
2054,7724,deeplift,0.5670169907120558,0.5809834404633596,0.948736310005188
2055,7676,deeplift,0.49318862656752266,0.37696402668952944,0.9285060167312622
2056,8913,deeplift,0.6492866163070385,0.5244151674784147,0.9838032722473145
2057,2492,deeplift,0.3243505281209946,0.37315072655677795,0.7457177042961121
2058,7462,deeplift,0.5173376697030935,0.5664913383397189,0.8199244737625122
2059,7430,deeplift,0.6344967659097165,0.7548413015902042,0.9743328094482422
2060,6620,deeplift,0.583971694111824,0.7003102616872638,0.894646167755127
2061,6221,deeplift,0.6468321134646734,0.6625493235058255,0.9907359480857849
2062,8844,deeplift,0.4645098048177632,0.5084380327977918,0.7745300531387329
2063,4518,deeplift,0.5058046584328015,0.3084477186203003,0.8635720014572144
2064,1684,deeplift,0.42552720932733445,0.43596601202374413,0.9824582934379578
2065,29,deeplift,0.7449820979187886,0.7014718602101008,0.998471200466156
2066,6475,deeplift,0.24199000568616957,0.3725490254305658,0.8085962533950806
2067,6691,deeplift,0.5190756232027085,0.6057885337260461,0.9483029246330261
2068,1747,deeplift,0.29351303339004514,0.4859675759077072,0.8665693402290344
2069,5559,deeplift,0.8847617204966289,0.6308065040835312,0.999813973903656
2070,3325,deeplift,0.43053839802742006,0.5258056670427322,0.9612475037574768
2071,4525,deeplift,0.6388776941845814,0.6513618971221149,0.8384320139884949
2072,5434,deeplift,0.7160373556738099,0.6619645946969589,0.9657297730445862
2073,2129,deeplift,0.5392784310711755,0.5245616369777255,0.9874588251113892
2074,5441,deeplift,0.6185288840049022,0.36468861916580714,0.8794229626655579
2075,9420,deeplift,0.7908462829449597,0.4930333188351463,0.9823731184005737
2076,1330,deeplift,0.8174057697877288,0.6877277914434672,0.9996353387832642
2077,7369,deeplift,-0.10626109153963625,-0.2882566242478788,0.06873950362205505
2078,2275,deeplift,0.8926026187837124,0.7484832083915963,0.9997089505195618
2079,1765,deeplift,0.8347614969572296,0.6851599164631056,0.997431218624115
2080,9131,deeplift,0.8015361048024277,0.7123573916996347,0.9638827443122864
2081,6095,deeplift,0.414739189264567,0.4822638621148856,0.8998324871063232
2082,1263,deeplift,0.4972137821217378,0.48388914950191975,0.8352441191673279
2083,1142,deeplift,0.8186282261329538,0.66428322651807,0.941268265247345
2084,7797,deeplift,0.776833546658357,0.4728901671866576,0.999929666519165
2085,4989,deeplift,0.23604308939989535,0.18798282165681163,0.6512267589569092
2086,4395,deeplift,0.3415550108660351,0.5036190673708916,0.8682177662849426
2087,5333,deeplift,0.4728695727658994,0.6050391207364473,0.8102253079414368
2088,8163,deeplift,0.6555887887423689,0.8322858423502608,0.9964901804924011
2089,8995,deeplift,0.7091862015864429,0.43712925034410816,0.9415493607521057
2090,9568,deeplift,0.7574149956305821,0.6454480500270923,0.9859545826911926
2091,6098,deeplift,0.3914187541947915,0.20840772298666146,0.6807425618171692
2092,7278,deeplift,0.14751518964767457,0.3501046950618426,0.6199057698249817
2093,1516,deeplift,0.42986569851636885,0.479733679164201,0.9512353539466858
2094,3501,deeplift,0.5517911219171115,0.26917373282568796,0.8539535999298096
2095,4371,deeplift,0.26888667419552803,0.4399697333574295,0.8741796612739563
2096,7736,deeplift,0.853080625443355,0.7349243086317311,0.9949358701705933
2097,1683,deeplift,0.6044262319803237,0.5913898572325706,0.8886668682098389
2098,1631,deeplift,0.3716570025398618,0.6678286562895491,0.8749146461486816
2099,4601,deeplift,-0.1904074613365435,0.058058915119017326,0.24468864500522614
2100,6956,deeplift,0.4159680211544037,0.6342444461584091,0.9943296909332275
2101,8482,deeplift,-0.28226630007609343,-0.3092664225170246,0.014122575521469116
2102,9095,deeplift,0.527435126900673,0.49261320928732555,0.9781303405761719
2103,7344,deeplift,0.5980104885443494,0.8061473918733774,0.9935281872749329
2104,1732,deeplift,0.40966983769948667,0.44726243959023404,0.8986511826515198
2105,4373,deeplift,0.7162462286651134,0.6450204497033899,0.9841285943984985
2106,971,deeplift,0.3788999723037705,0.4645439791493118,0.9162517189979553
2107,6578,deeplift,0.5779281982945071,0.38267749216821456,0.9421021938323975
2108,1453,deeplift,0.8278382742091229,0.7504621032429369,0.9991248250007629
2109,80,deeplift,-0.05723553603248937,0.02967478201857635,0.25069528818130493
2110,8908,deeplift,0.588094454477815,0.6041943104389835,0.9834333658218384
2111,96,deeplift,0.582965430431068,0.5985419418662786,0.9987819790840149
2112,4376,deeplift,0.5678882908362609,0.6261983330433185,0.966674268245697
2113,3207,deeplift,0.43988335307906656,0.28966445431989785,0.8136265277862549
2114,6462,deeplift,0.6054411302594578,0.6291456827346016,0.9778786897659302
2115,6220,deeplift,0.49683701032255256,0.2819465456737412,0.7519335746765137
2116,3279,deeplift,0.659375242090651,0.6647504208875554,0.9997448325157166
2117,8741,deeplift,0.10380603049826972,0.29049125954727917,0.5602492094039917
2118,8758,deeplift,0.47431012111551624,0.7291518603177631,0.9525967836380005
2119,5396,deeplift,0.5262134415762765,0.4306951660130705,0.98838871717453
2120,2855,deeplift,0.38212595582008363,0.2997692247231801,0.8815556168556213
2121,1862,deeplift,0.6528547647698172,0.673291494877174,0.9610991477966309
2122,7659,deeplift,0.26392659504671356,0.5059401413073411,0.8467274308204651
2123,8446,deeplift,0.8165775914676487,0.6327646123245358,0.9988710284233093
2124,5152,deeplift,0.49147009076895537,0.5306877057861399,0.9940819144248962
2125,2903,deeplift,-0.4155089559769908,-0.053343546078648676,0.1892295479774475
2126,7581,deeplift,0.648529086013635,0.7050953755776087,0.9940722584724426
2127,9431,deeplift,0.7169205502552145,0.6838348578004276,0.9677446484565735
2128,8948,deeplift,0.6153048974546519,0.6716823171485554,0.9481334686279297
2129,2486,deeplift,-0.3154361168188708,-0.4067654692833977,0.02572258561849594
2130,5552,deeplift,0.6000204405022992,0.48673095057408017,0.9102206230163574
2131,5479,deeplift,0.5321481585502624,0.8003987193107605,0.9652752876281738
2132,3894,deeplift,0.6055118881843307,0.5780458321625536,0.8844799995422363
2133,9430,deeplift,-0.28822189489645617,-0.20737547826554095,0.013654867187142372
2134,9766,deeplift,0.537881871064504,0.5689084522780918,0.9629518985748291
2135,4355,deeplift,0.21492671363410495,0.21559112270673117,0.5038201808929443
2136,2833,deeplift,0.10266020412867267,0.37687647715210915,0.6843008995056152
2137,3328,deeplift,0.43952230198515785,0.5403549008899264,0.949097216129303
2138,8019,deeplift,-0.3264716642598311,-0.23240678856770197,0.03530601039528847
2139,3424,deeplift,0.49630257673561573,0.40176770836114883,0.9673694372177124
2140,4539,deeplift,0.5312191668759894,0.5291993620770948,0.997796893119812
2141,4921,deeplift,-0.02955594594063966,-0.003912262294603431,0.420066237449646
2142,3469,deeplift,0.5768673092126846,0.3132492423057556,0.9678383469581604
2143,5705,deeplift,0.8009871380031108,0.4772982444241643,0.9994989633560181
2144,311,deeplift,0.6350541132358978,0.4032734844547052,0.7733714580535889
2145,9045,deeplift,0.41832346469163895,0.3725626766681671,0.7607484459877014
2146,2619,deeplift,-0.043538274436161435,-0.0029571841246095196,0.2811937630176544
2147,789,deeplift,0.890558849244068,0.6989858920375506,0.9994664788246155
2148,2742,deeplift,0.19774417504668235,0.1987759992480278,0.6413431167602539
2149,5653,deeplift,0.7358218729496002,0.6750435555974642,0.9864535927772522
2150,483,deeplift,0.03311417658220638,-0.15295733020386912,0.2950841188430786
2151,8113,deeplift,-0.10292185007072077,-0.14723014631649342,0.13129007816314697
2152,8478,deeplift,0.4401531171272783,0.605962888282888,0.8963323831558228
2153,1199,deeplift,0.5426908559524096,0.6236736797369443,0.9540375471115112
2154,5507,deeplift,-0.30944188609719275,-0.4757243819534779,0.0754658654332161
2155,3653,deeplift,0.7313242014497519,0.8134572592220808,0.9979169964790344
2156,5065,deeplift,0.4932539379772018,0.3572882519048803,0.9645865559577942
2157,1626,deeplift,0.5386620007455349,0.8036129787564278,0.94484543800354
2158,7661,deeplift,0.01901978568026894,0.04127567771234011,0.442690372467041
2159,6837,deeplift,0.6626275693592818,0.7045313874664514,0.99808669090271
2160,7655,deeplift,0.7801373195317056,0.5013564121392038,0.9999051094055176
2161,8538,deeplift,0.6532023938239685,0.7702555246651173,0.9930523633956909
2162,1775,deeplift,-0.07314571188319297,0.000768842441695077,0.2665860652923584
2163,9643,deeplift,0.3761367187835276,0.6427218387834728,0.9525106549263
2164,8884,deeplift,0.7233865649229095,0.8068812835601068,0.9963610768318176
2165,6778,deeplift,0.8947922696825117,0.6515337452292442,0.9993769526481628
2166,2340,deeplift,0.668857255684478,0.710375501109021,0.9982617497444153
2167,7226,deeplift,-0.18006810918450356,-0.16322224417870695,0.01776505634188652
2168,1472,deeplift,0.6703569896164394,0.6454554547866186,0.9634662866592407
2169,8187,deeplift,0.6843804874353938,0.690719893305666,0.9835251569747925
2170,6250,deeplift,0.6271308974215859,0.6206259970602236,0.981038510799408
2171,2335,deeplift,-0.1197939556505945,-0.387049772673183,0.15440629422664642
2172,8981,deeplift,-0.11082227847405843,-0.10497246363333293,0.2739567160606384
2173,8685,deeplift,0.6725786533848993,0.726912784422266,0.9768679141998291
2174,251,deeplift,0.7304466165163938,0.45559516198494854,0.9841459393501282
2175,2732,deeplift,0.6633666227845585,0.5703396578045452,0.9908655285835266
2176,4329,deeplift,0.2196717866592937,0.2804803726159864,0.6881905198097229
2177,9545,deeplift,0.8508896879437897,0.6371339474701219,0.9999630451202393
2178,2337,deeplift,0.3558429427858856,0.540812129775683,0.7886442542076111
2179,8695,deeplift,0.45855971497874104,0.528301562032392,0.9888496994972229
2180,2215,deeplift,-0.1791567280223327,-0.014790058845565432,0.17153742909431458
2181,5436,deeplift,0.7912168637627647,0.8071787949828875,0.9990270137786865
2182,5058,deeplift,0.45961777238469376,0.32324457090151937,0.8502129316329956
2183,9548,deeplift,0.7609836953165738,0.7128199947107098,0.9972397089004517
2184,108,deeplift,0.7244144537382655,0.47020795196294785,0.992219865322113
2185,3019,deeplift,0.6939873863011599,0.6930455486290157,0.9944136738777161
2186,487,deeplift,0.4836188182234764,0.5485219653281901,0.8923308849334717
2187,2436,deeplift,0.47924630103572724,0.5598854143773356,0.9759021401405334
2188,2417,deeplift,0.29530974105000496,0.30269239507615564,0.7580488324165344
2189,2684,deeplift,0.7655588669459457,0.8225208637507065,0.9983345866203308
2190,621,deeplift,0.3166551324725151,0.24552927076816558,0.5852698087692261
2191,3281,deeplift,0.08055333327502012,0.15836691185832025,0.3935876488685608
2192,8547,deeplift,0.45930173780236927,0.37852082907089163,0.9655312895774841
2193,3941,deeplift,0.8321897197913911,0.8094485657555717,0.999041736125946
2194,2423,deeplift,0.3920784310570785,0.25850491864340647,0.7344033718109131
2195,7682,deeplift,0.6341437377035618,0.7273404868319631,0.9766225814819336
2196,4960,deeplift,0.491155627895804,0.5359917186638888,0.9545183777809143
2197,2766,deeplift,0.479353389787403,0.6073792636055838,0.9641554951667786
2198,7662,deeplift,0.6967348392520633,0.56900471697251,0.9493343830108643
2199,416,deeplift,0.649512801100226,0.7182311218451051,0.9895657300949097
2200,3898,deeplift,-0.47519047891623095,-0.46294317296461057,0.04477410390973091
2201,7632,deeplift,0.5756309585911887,0.642311883114633,0.9277108311653137
2202,2328,deeplift,0.6309315597727185,0.45236128142901827,0.9876748323440552
2203,2754,deeplift,0.7050000657053554,0.521617146099315,0.9425421357154846
2204,8234,deeplift,0.8410534327477217,0.5264552101492882,0.9998112320899963
2205,3101,deeplift,0.5836851531267166,0.6766243952512742,0.978207528591156
2206,2108,deeplift,0.15301713892923935,0.1811844083879675,0.5767663717269897
2207,3100,deeplift,0.14859808581294837,0.3167629835230333,0.57489013671875
2208,5351,deeplift,0.5210574179767601,0.5183001718213481,0.9731556177139282
2209,3284,deeplift,0.8627433207105187,0.664715406649253,0.999789297580719
2210,4824,deeplift,-0.19671677835285664,-0.21416555643081664,0.11368794739246368
2211,6551,deeplift,0.6733114732163293,0.5449318565428257,0.8818588256835938
2212,7444,deeplift,-0.1482806055334068,0.03392062292379491,0.25782865285873413
2213,304,deeplift,0.8727426889042059,0.5808304225405058,0.9949650168418884
2214,6360,deeplift,0.3396573623021444,0.5389807919661204,0.9673136472702026
2215,4190,deeplift,0.28749531968718484,0.2918807722273327,0.5699300169944763
2216,6664,deeplift,0.5603673400150405,0.5816954581273927,0.9606970548629761
2217,1945,deeplift,0.8946720751312872,0.848640087319331,0.9966555833816528
2218,5817,deeplift,-0.24610110736735488,0.09817372869862162,0.37664487957954407
2219,92,deeplift,0.5803683215379715,0.4559175607562065,0.8146926164627075
2220,119,deeplift,0.703215260735967,0.7733860530636527,0.9989120960235596
2221,9591,deeplift,0.2788595489480279,0.1978748549114574,0.6436032056808472
2222,8421,deeplift,0.2069834260077312,0.01997439820190956,0.5145477652549744
2223,7945,deeplift,0.6094276513904333,0.6954197003506124,0.9813550114631653
2224,2487,deeplift,0.6041537873123003,0.7460580757292716,0.981793999671936
2225,1245,deeplift,0.6667463276535273,0.45141548104584217,0.9603469967842102
2226,346,deeplift,0.519694031808864,0.5810121539980173,0.7451899647712708
2227,9392,deeplift,0.6771291623944822,0.5469969135263691,0.9193423986434937
2228,6604,deeplift,-0.07154149210287465,0.23831837624311447,0.3916223645210266
2229,6338,deeplift,-0.14616467946907505,-0.20231851892312988,0.0007142872200347483
2230,8410,deeplift,0.26749530728710325,0.3753687370764582,0.7856822609901428
2231,4216,deeplift,0.4020956126706941,0.49599127045699526,0.9847311973571777
2232,7436,deeplift,-0.3374944217503071,-0.10424476582556963,0.2272808998823166
2233,6666,deeplift,0.382466738874262,0.5738679017081405,0.9586819410324097
2234,8051,deeplift,0.39656029508582186,0.3665334976145199,0.8715716004371643
2235,1593,deeplift,-0.05725254425231148,-0.19001688085058155,0.15043936669826508
2236,6951,deeplift,0.32099386820426357,0.5122847511218145,0.9345783591270447
2237,850,deeplift,0.7137122638523579,0.6106348048363414,0.9296643733978271
2238,5506,deeplift,0.741887092953775,0.7283760843934809,0.9685686230659485
2239,8479,deeplift,0.3727628743009908,0.28438119270971846,0.6700364947319031
2240,7182,deeplift,0.8718816716120474,0.5755226891487837,0.9999536275863647
2241,2362,deeplift,0.7599001725902781,0.3062708983197808,0.9505352973937988
2242,2178,deeplift,0.717607410464968,0.3850229222859655,0.9733298420906067
2243,1731,deeplift,-0.13405239467437452,0.12469982413145211,0.38484254479408264
2244,4185,deeplift,0.8835210811934973,0.7087223498444808,0.9936004877090454
2245,673,deeplift,0.7700978387957034,0.7883609734151674,0.9984293580055237
2246,5212,deeplift,0.08729675512861561,0.4474447276946661,0.6283679604530334
2247,4417,deeplift,0.6544388153336265,0.651287979023023,0.9879036545753479
2248,1056,deeplift,0.35959172517889076,0.44504967842389037,0.7735608816146851
2249,9593,deeplift,-0.08743741922080517,-0.2342318683862686,0.243360698223114
2250,623,deeplift,-0.13022111107905707,-0.0957769336444991,0.14192570745944977
2251,6217,deeplift,-0.131096975975915,0.03560952332458998,0.2582426369190216
2252,9597,deeplift,0.3473075104170832,0.6068789845910566,0.94245845079422
2253,2955,deeplift,0.8768484100699425,0.6922942563891411,0.999518632888794
2254,88,deeplift,0.4599986659983794,0.6192731172260311,0.9609821438789368
2255,3538,deeplift,0.0919414533204154,-0.11198018255986665,0.40691903233528137
2256,3643,deeplift,0.5871630417252028,0.8380915900623357,0.9848778247833252
2257,8313,deeplift,-0.19299003229506553,-0.19507696335354158,0.051715411245822906
2258,5649,deeplift,0.7357297751464342,0.7195039732675803,0.9766762852668762
2259,1355,deeplift,0.46422090381383896,0.6285839527845383,0.88857102394104
2260,7142,deeplift,0.10052523815206119,0.35586368452225414,0.6247670650482178
2261,1512,deeplift,0.7635384099557996,0.7263229927048087,0.9998650550842285
2262,7565,deeplift,0.41185989068902057,0.49478567521209305,0.8787069320678711
2263,733,deeplift,0.5079414492845535,0.3854692727327347,0.9125187397003174
2264,8765,deeplift,0.532455069177291,0.2487593091586057,0.8646788001060486
2265,9018,deeplift,0.47421760360399884,0.25271430753526236,0.8577378988265991
2266,6240,deeplift,0.3663368597626686,0.5441166684031487,0.9745098352432251
2267,590,deeplift,0.747392858245543,0.6697447477352052,0.9846627712249756
2268,3745,deeplift,0.7036792252744947,0.6434748662369592,0.9794371724128723
2269,1919,deeplift,0.5460477105595849,0.5827488005161285,0.8799989819526672
2270,7799,deeplift,0.45103057473897934,0.6291780209746854,0.9782043695449829
2271,7684,deeplift,0.7594970919890329,0.1949051946401596,0.8755611777305603
2272,9486,deeplift,0.7920290588548309,0.6047616248068056,0.9996349811553955
2273,5027,deeplift,0.5844043919018337,0.8297091039962002,0.9352264404296875
2274,8568,deeplift,0.705507818919917,0.7334961085192239,0.9612317681312561
2275,5425,deeplift,0.8305058205127716,0.6304713982343674,0.9971936941146851
2276,2377,deeplift,0.6107649869389005,0.6202387122644318,0.9438385963439941
2277,6447,deeplift,0.7122087870483045,0.6308748567545855,0.9587855935096741
2278,8029,deeplift,0.5800332839672382,0.48211733910899895,0.948946475982666
2279,3855,deeplift,-0.28756480380183175,-0.20888329279564677,0.1962687075138092
2280,5221,deeplift,-0.20030250598986943,-0.1424019734064738,0.18781906366348267
2281,5792,deeplift,0.7665004283189774,0.5552847782770792,0.9906495213508606
2282,3006,deeplift,0.5726227968931198,0.6401902099450429,0.9978829026222229
2283,8706,deeplift,0.6791007208327452,0.6465327545172639,0.9663774967193604
2284,2943,deeplift,0.6781042285006622,0.6386824117909218,0.9308606386184692
2285,2072,deeplift,0.06341090862607134,0.023847396902996917,0.5698568224906921
2286,3873,deeplift,0.8063232891261578,0.6876891747117042,0.9997352957725525
2287,9297,deeplift,-0.23573429123296039,-0.11995028866373975,0.023425154387950897
2288,9105,deeplift,0.3454659581184387,0.47744105527034175,0.9175363183021545
2289,7635,deeplift,-0.06263104809278791,0.12285960668867285,0.5086358189582825
2290,5313,deeplift,0.703181205689907,0.6837858408689499,0.9687720537185669
2291,9675,deeplift,-0.27826090500904965,-0.27237541075700367,0.04756920784711838
2292,2075,deeplift,-0.497012986894697,-0.38103513200767336,0.029840612784028053
2293,7144,deeplift,0.4525798868674498,0.39014100340696484,0.7779881358146667
2294,3928,deeplift,0.601819122955203,0.5762274980545044,0.9944451451301575
2295,1393,deeplift,0.5356195634947374,0.5677583171771123,0.9559140801429749
2296,263,deeplift,0.2243443267500919,0.32163331803420314,0.5543873906135559
2297,970,deeplift,0.38397212743759157,0.571414725780487,0.9830170273780823
2298,5821,deeplift,0.6492253417770067,0.5373561146358649,0.9705916047096252
2299,8593,deeplift,0.4970618066462604,0.6669031423093243,0.9902368187904358
2300,4553,deeplift,0.04845305966834227,-0.22670718530813852,0.25519683957099915
2301,1671,deeplift,-0.11379220709204674,0.17919088361991775,0.36948418617248535
2302,3118,deeplift,0.533934358168732,0.6116155304692008,0.9853379726409912
2303,4367,deeplift,0.6515910476446152,0.655239908556853,0.9835205674171448
2304,1760,deeplift,0.634156294994884,0.6163502484560013,0.953184962272644
2305,3412,deeplift,0.788774758238684,0.6402279721065001,0.9996806383132935
2306,6066,deeplift,0.424638616266074,0.4649854639062175,0.7711567282676697
2307,3616,deeplift,0.5263625567450243,0.6706469297847327,0.9940558671951294
2308,5874,deeplift,0.332944379675956,0.4579859695264271,0.665697455406189
2309,2189,deeplift,0.7176779208947783,0.6104013673637224,0.9733267426490784
2310,6071,deeplift,0.03601797390729189,-0.062177344846228756,0.3445005416870117
2311,5148,deeplift,0.5537181781495318,0.5470339051064323,0.9919676184654236
2312,9064,deeplift,0.7724683816648192,0.44240855301419896,0.9951918125152588
2313,8381,deeplift,0.723757439189487,0.562400658097532,0.9911434650421143
2314,3352,deeplift,0.6282202256843448,0.8784376620315015,0.9917272329330444
2315,799,deeplift,0.6241268929360169,0.6696957961789199,0.9007335305213928
2316,8656,deeplift,0.7093268515248048,0.50586567583837,0.9716004729270935
2317,7305,deeplift,0.11876811623573304,-0.06973599553108216,0.4172053039073944
2318,7948,deeplift,0.6650477358036571,0.6521013126605086,0.9854472875595093
2319,7233,deeplift,0.28920779715884815,0.41444734009829437,0.6311346888542175
2320,2392,deeplift,0.8626702873734757,0.6070210668775771,0.9886122345924377
2321,3443,deeplift,0.5761533346441057,0.6054283057649931,0.8816978335380554
2322,8558,deeplift,0.4779094338417053,0.5938994765281678,0.973223090171814
2323,5014,deeplift,-0.26448982146879035,-0.4348389497026801,0.07035710662603378
2324,4362,deeplift,0.3702278670511748,0.4505719542503357,0.9208598732948303
2325,8224,deeplift,0.35275236268838245,0.5803219874699911,0.8885605931282043
2326,6865,deeplift,0.6157842751305836,0.33007963517537486,0.8719384074211121
2327,7389,deeplift,0.6089697480201721,0.5466266457330097,0.9629926681518555
2328,303,deeplift,-0.30794125247746706,-0.2725370713695884,0.014017949812114239
2329,8398,deeplift,-0.20682481495109764,-0.16342745258195981,0.19514413177967072
2330,2907,deeplift,0.43838790697710855,0.4342354830531847,0.7638531923294067
2331,4619,deeplift,0.6655283123254776,0.4698441515366236,0.9858346581459045
2332,4765,deeplift,0.6017952531576156,0.8833215311169624,0.9990813732147217
2333,3320,deeplift,0.31598975533439266,0.44527282013047126,0.9103321433067322
2334,5298,deeplift,0.6903550313866657,0.24413791639001473,0.9235251545906067
2335,7927,deeplift,0.39366242103278637,0.6518656572637459,0.7891092300415039
2336,2348,deeplift,0.289167331797736,0.5307971260377339,0.9576795101165771
2337,4267,deeplift,-0.16567441628410898,-0.16595949606713037,0.17377091944217682
2338,9648,deeplift,-0.12817039092381796,-0.09678212211777766,0.4353678822517395
2339,3024,deeplift,0.7480127814924344,0.7414045352488756,0.9947077035903931
2340,1373,deeplift,0.802609784839054,0.7113552183533708,0.9978209733963013
2341,7377,deeplift,0.8328155162853363,0.47303669760003686,0.9994086027145386
2342,9782,deeplift,0.2856025531888008,0.4342212975025177,0.739330530166626
2343,2771,deeplift,0.3154667852860358,0.3109750590390629,0.7439307570457458
2344,3,deeplift,0.41048366874456405,0.5720231086015701,0.9819961786270142
2345,2908,deeplift,0.2601270690196898,0.371985582680237,0.7847798466682434
2346,3852,deeplift,0.8057445772972546,0.5746584346419886,0.9862563014030457
2347,532,deeplift,0.2889259849724017,0.49590543069337545,0.9266643524169922
2348,7929,deeplift,0.6321174539625645,0.5845546747247378,0.9613776206970215
2349,9423,deeplift,0.47214233807542105,0.5948826331983913,0.9784471392631531
2350,290,deeplift,0.5100992158055305,0.8589134399592876,0.9896323680877686
2351,3014,deeplift,0.8385337523650378,0.5886621498502791,0.9996546506881714
2352,2874,deeplift,0.6041442414647654,0.7758297504563081,0.9981462955474854
2353,5146,deeplift,0.5206048761804899,0.548592783510685,0.847770094871521
2354,2221,deeplift,0.5670770812779665,0.4510083917528391,0.9947670698165894
2355,6958,deeplift,0.8199999534214536,0.6797115141525865,0.9999463558197021
2356,2997,deeplift,0.6697549036570958,0.4498434096574783,0.9155088663101196
2357,6729,deeplift,0.672176468372345,0.2902702581882477,0.9641355872154236
2358,9159,deeplift,0.4312763376271023,0.4921901638016981,0.9859901666641235
2359,6175,deeplift,0.5035192887816164,0.39462717926060714,0.8925741910934448
2360,568,deeplift,0.6371916121449964,0.6994257018227001,0.9454593658447266
2361,5284,deeplift,0.6139982696189437,0.4064239551161611,0.8300798535346985
2362,1107,deeplift,0.1260304767638445,0.3247369996138981,0.6682243347167969
2363,135,deeplift,0.4854942083358765,0.3682154321670532,0.9716272354125977
2364,7828,deeplift,0.3212095195693629,0.33291900317583767,0.6850035786628723
2365,8709,deeplift,-0.18017789020257838,-0.2164640023427851,0.12519556283950806
2366,7998,deeplift,0.5827543054792014,0.5750553350556981,0.8645012974739075
2367,1087,deeplift,0.4037495128372136,0.3607174377231037,0.775250256061554
2368,8291,deeplift,0.5383538117875224,0.28291070461273193,0.854321300983429
2369,2301,deeplift,0.622317042350769,0.4166251665353775,0.95539391040802
2370,4339,deeplift,0.4582842918378966,0.41966953314840794,0.9137663245201111
2371,6851,deeplift,0.3974429377251201,0.32605715923839146,0.7973652482032776
2372,3047,deeplift,-0.17490594908595086,-0.3033976532518864,0.0979495421051979
2373,4130,deeplift,0.33896366755167645,0.5216911820073923,0.9384138584136963
2374,4521,deeplift,0.29828850521395606,0.3133755127588908,0.6010063886642456
2375,7538,deeplift,-0.08938271862765153,-0.10381000551084678,0.24221482872962952
2376,5473,deeplift,0.1623439242442449,0.13052737878428566,0.5097333192825317
2377,388,deeplift,-0.09034655929396027,0.02350985376458419,0.35248786211013794
2378,4217,deeplift,0.22467849403619766,0.16588885989040136,0.37010785937309265
2379,2122,deeplift,0.6794385116857787,0.7608964111035069,0.9940676689147949
2380,1310,deeplift,0.6586784621079763,0.6769143483704991,0.9521945118904114
2381,647,deeplift,0.45122285932302475,0.341788175702095,0.8441824316978455
2382,6510,deeplift,0.6403655590195405,0.6879589690973884,0.983997106552124
2383,8040,deeplift,0.6467271894216537,0.6495187062149247,0.9927237629890442
2384,1183,deeplift,0.365030138908575,0.4135748293871681,0.7527951598167419
2385,2859,deeplift,0.05842560071211595,0.07348064017983583,0.29044002294540405
2386,7769,deeplift,0.6737339057856135,0.7005232117242284,0.9893583059310913
2387,8403,deeplift,0.861972134998616,0.646264083464356,0.9993377327919006
2388,7110,deeplift,-0.2326643538168248,-0.2335449694929754,0.019069893285632133
2389,5798,deeplift,0.48286328837275505,0.5578744811937213,0.9720874428749084
2390,3128,deeplift,0.1951508574626025,0.1524893466164084,0.5682955384254456
2391,7197,deeplift,-0.1431767475576355,-0.18976232072768304,0.022872185334563255
2392,3148,deeplift,0.8161678810417652,0.6373789797723294,0.9993751645088196
2393,510,deeplift,0.5980515558930004,0.5656099363284952,0.9432699084281921
2394,3059,deeplift,0.7325806706988564,0.6145199009527763,0.9986955523490906
2395,7940,deeplift,0.6698004345099131,0.7074256508300701,0.9874366521835327
2396,4049,deeplift,0.5604522444307805,0.42555075213313104,0.8314626812934875
2397,5875,deeplift,0.6405477683444548,0.8092398040968439,0.9635235071182251
2398,3859,deeplift,0.377970947821935,0.4039161463578542,0.8255603909492493
2399,6849,deeplift,0.25326568223536017,0.12876542583107947,0.574726402759552
2400,8149,deeplift,0.5475158814627391,0.42556816454117113,0.9366871118545532
2401,6260,deeplift,0.5069029013747754,0.4079514690067457,0.9929714798927307
2402,3312,deeplift,0.42366161040569605,0.3352859726077632,0.7778376936912537
2403,7866,deeplift,0.12651852919505194,0.41943661410074967,0.7098169922828674
2404,4201,deeplift,0.517849846114946,0.5605635504389919,0.9487881660461426
2405,7652,deeplift,0.6602011350068179,0.6412337496876717,0.990079402923584
2406,4273,deeplift,0.8210555350012851,0.6495125639167699,0.99992835521698
2407,3181,deeplift,0.8219767657036965,0.48921685909422546,0.9997420907020569
2408,3817,deeplift,0.7877973874983115,0.5915312058268449,0.9993771910667419
2409,1880,deeplift,-0.3473397244233638,-0.16238556988537312,0.01568293571472168
2410,5350,deeplift,0.1409839174669722,0.23424322579217993,0.5608274340629578
2411,3615,deeplift,0.4729512654043533,0.39837292440839717,0.8107764720916748
2412,4058,deeplift,0.8061268097371794,0.3620068111922592,0.9419618248939514
2413,6915,deeplift,0.045106583171420626,0.08914651018049982,0.3501001298427582
2414,321,deeplift,0.4788459696703487,0.5079998307757907,0.9939339756965637
2415,4722,deeplift,0.04506636060336057,0.24993878296192953,0.45989561080932617
2416,6422,deeplift,0.7048242991061314,0.7317559563595316,0.9896161556243896
2417,3295,deeplift,0.4929585151155205,0.65954548646422,0.9100990891456604
2418,6421,deeplift,0.8402986901483553,0.7569410573033726,0.9998773336410522
2419,9330,deeplift,0.6995293329159419,0.41276759604612984,0.9636116027832031
2420,8138,deeplift,0.41009900672361255,0.4679492488503456,0.981547474861145
2421,3205,deeplift,0.5820397362112999,0.6471363107363383,0.9054865837097168
2422,2522,deeplift,0.53945759630629,0.7308601924351283,0.9771209955215454
2423,6998,deeplift,0.6131613133475184,0.6207451526733005,0.9932758808135986
2424,5556,deeplift,-0.15252805408090353,-0.06848790656243052,0.13361269235610962
2425,5938,deeplift,0.3945156168937683,0.4237485015392303,0.9918566942214966
2426,500,deeplift,0.3793378422657649,0.5774032895763715,0.8852552771568298
2427,3000,deeplift,0.8326478780884492,0.7107073447520011,0.9999140501022339
2428,3555,deeplift,0.8752747796037618,0.6287118121981621,0.9982357025146484
2429,8612,deeplift,0.6162110483273864,0.4205568496448298,0.8514575362205505
2430,9249,deeplift,0.8668619925777118,0.3677526426812013,0.9964041709899902
2431,3032,deeplift,0.5874462609489759,0.6512898784130812,0.8539521098136902
2432,9705,deeplift,0.7148392722010612,0.8140478659835126,0.9889709949493408
2433,330,deeplift,0.3212053470313549,0.36537043899297716,0.8267892599105835
2434,3078,deeplift,0.13279085124240203,0.3619220298441017,0.6750901937484741
2435,2018,deeplift,0.43161075603630805,0.5842989081413381,0.8120930790901184
2436,3274,deeplift,0.5139247553423048,0.8057577656581998,0.9813236594200134
2437,3233,deeplift,0.4020351937838963,0.6083482092335111,0.9957135915756226
2438,3387,deeplift,0.7282756231725216,0.6453249296173453,0.9937663078308105
2439,144,deeplift,0.5059950782193078,0.5405864381679782,0.9010109305381775
2440,9742,deeplift,0.19192986107534832,0.2025797830687629,0.7020775079727173
2441,367,deeplift,0.5783923701383173,0.6917555537074804,0.9927334785461426
2442,8679,deeplift,0.6344787697825167,0.5864047141124805,0.9541473984718323
2443,4304,deeplift,-0.2787225512521608,-0.22970738173240707,0.03199302777647972
2444,7178,deeplift,-0.17575535751306093,-0.20919192754305327,0.20744583010673523
2445,333,deeplift,0.34687093159426813,0.614682507255803,0.93973308801651
2446,518,deeplift,0.7057448347600607,0.7606971745307629,0.9947517514228821
2447,7040,deeplift,-0.26099755335599184,-0.351008802652359,0.05382367596030235
2448,4229,deeplift,0.6628603698685765,0.5506743039935827,0.8422279357910156
2449,3833,deeplift,0.2741157427430153,0.29151356145739554,0.5758914947509766
2450,6058,deeplift,0.2644224359708674,0.26220928570803476,0.826604425907135
2451,576,deeplift,0.7009762529941166,0.5718886882943266,0.9669933319091797
2452,4215,deeplift,-0.37887251847668696,-0.23044963763095438,0.02259739488363266
2453,2758,deeplift,0.6732265825072924,0.6360080096966181,0.9120370149612427
2454,4756,deeplift,0.4180069468591524,0.47629987416060077,0.9957077503204346
2455,9000,deeplift,0.48327885468800863,0.5447915645937125,0.8207840323448181
2456,3813,deeplift,0.7005201530727473,0.7468173649500717,0.9945827126502991
2457,3045,deeplift,0.8353691143294175,0.68283287063241,0.9991866946220398
2458,4047,deeplift,0.7187294083691779,0.5116306401434398,0.9573930501937866
2459,9094,deeplift,0.8826712700538337,0.7018130850046873,0.9995237588882446
2460,8181,deeplift,0.6295718148350715,0.6544646248221397,0.9878594279289246
2461,6309,deeplift,0.5437970897527756,0.20400994740150594,0.7466253638267517
2462,1479,deeplift,0.46133367584220003,0.5095644893922976,0.6603317260742188
2463,543,deeplift,0.7267567839088112,0.6663217495741516,0.9949223399162292
2464,1618,deeplift,-0.18486921206116677,-0.30859607711434367,0.06054547056555748
2465,9032,deeplift,0.8263764444625739,0.4240006705125173,0.9999555349349976
2466,7746,deeplift,0.4343750312924385,0.2561238810420036,0.7823534607887268
2467,6039,deeplift,0.6447820487347516,0.7363739575852047,0.9875119924545288
2468,7919,deeplift,0.2683579007332975,0.38089273328130896,0.8350353240966797
2469,7624,deeplift,0.8889664883414904,0.420859528084596,0.9978998899459839
2470,9495,deeplift,0.3341062143445015,0.3388595562428236,0.8270493745803833
2471,8657,deeplift,0.718774995633534,0.631100442083109,0.998624324798584
2472,7160,deeplift,0.5764964148402214,0.7990245655888603,0.9950231313705444
2473,2358,deeplift,0.6966766525919621,0.5116029347364719,0.9747324585914612
2474,8250,deeplift,0.8613541910181874,0.3732202389965887,0.9995149374008179
2475,1655,deeplift,0.7746732242405414,0.6540879800915718,0.9999794960021973
2476,6911,deeplift,0.7588345683179796,0.5983273610472679,0.9800494909286499
2477,1746,deeplift,0.5953769702464342,0.2747366324067116,0.8988498449325562
2478,5794,deeplift,0.38336783238957006,0.01125507128815497,0.6117662787437439
2479,14,deeplift,0.6412026332247824,0.6175483728182458,0.9890376925468445
2480,1877,deeplift,0.5871610444784164,0.49378029629588127,0.9437482357025146
2481,7888,deeplift,-0.06473351651359172,-0.18954373763075896,0.03794756904244423
2482,8520,deeplift,0.3766900722322793,0.6313225542163027,0.9955009818077087
2483,6883,deeplift,0.8706470421249313,0.4785248279305441,0.9998689889907837
2484,3761,deeplift,0.06628105197197352,0.02827836534915826,0.4492890536785126
2485,0,deeplift,0.1755950042495021,0.24485741279743337,0.6697250008583069
2486,6831,deeplift,0.41283149079040243,0.5761837882024271,0.9856772422790527
2487,7722,deeplift,0.8229885788093652,0.6893147894692037,0.9999464750289917
2488,9630,deeplift,0.67383771960934,0.5436288471023242,0.958454966545105
2489,7672,deeplift,0.6204086073807308,0.636612073651382,0.9733251929283142
2490,6568,deeplift,-0.16887292535310344,-0.09393395084355559,0.17541421949863434
2491,655,deeplift,0.5335610881447792,0.8127523010286192,0.982920229434967
2492,9349,deeplift,0.575458374288347,0.5445020662413703,0.9683236479759216
2493,4241,deeplift,0.4924016766823255,0.36678171387085545,0.7906460762023926
2494,3023,deeplift,0.6138912400132731,0.6167909691208288,0.9674339294433594
2495,1851,deeplift,0.2573752434630143,0.3285962656924599,0.8565259575843811
2496,349,deeplift,0.6236731132556652,0.7570679150521755,0.9454079866409302
2497,6340,deeplift,0.5915446877479553,0.4383650943636894,0.9389975666999817
2498,1156,deeplift,0.4172447865335819,0.7253672539749566,0.861674964427948
2499,3017,deeplift,-0.05440896291817938,-0.18193804174661637,0.08765469491481781
2500,457,deeplift,0.43111959893418395,0.3835006304409193,0.9319348335266113
2501,2867,deeplift,0.22370067391205917,0.12946045703508638,0.4899269640445709
2502,5033,deeplift,0.4818898531106802,0.26212392862026507,0.8742331266403198
2503,4622,deeplift,0.1796751417543577,0.3371148456050002,0.6582211256027222
2504,6329,deeplift,0.6477171266451478,0.4545455724000931,0.9279072284698486
2505,7081,deeplift,0.592138696461916,0.8872015072653691,0.9927646517753601
2506,6786,deeplift,0.6209888408581415,0.33215050597985585,0.8435319662094116
2507,8458,deeplift,0.6598280686885118,0.5624700710177422,0.9516926407814026
2508,5206,deeplift,0.4042429426094381,0.6939278871002721,0.9392110109329224
2509,6053,deeplift,-0.28525833657075617,-0.16193628953448658,0.10309546440839767
2510,131,deeplift,0.243217832374352,0.500477991308327,0.7072423100471497
2511,3692,deeplift,0.5869229042104313,0.4068216692124094,0.9772415161132812
2512,6192,deeplift,-0.43199224325899893,-0.10921202582092239,0.048792410641908646
2513,9523,deeplift,0.549736167326933,0.6185261338222318,0.961187481880188
2514,4587,deeplift,0.8373605077051454,0.8141900643154427,0.9995947480201721
2515,9818,deeplift,0.8677466849193853,0.5427950287566465,0.9995943903923035
2516,3235,deeplift,0.7750990241765976,0.6824740824910501,0.9989935755729675
2517,8641,deeplift,0.4865038107548441,0.6061027603490012,0.931536078453064
2518,4879,deeplift,0.6682965265853065,0.5669499344768978,0.9839438199996948
2519,6854,deeplift,0.4913106533033507,0.4669989683798381,0.7712569832801819
2520,8572,deeplift,0.5524798429105431,0.7058388702571392,0.962346076965332
2521,3639,deeplift,0.8361917260502066,0.47185052425733637,0.9996343851089478
2522,7358,deeplift,0.5421587339249151,0.33561205247352865,0.8803918957710266
2523,8826,deeplift,0.11063764151185751,0.03766096569597721,0.21246188879013062
2524,2303,deeplift,0.5271610898836967,0.4470571308366714,0.8479582071304321
2525,7315,deeplift,0.3014211432430251,0.23457324344279437,0.5223425626754761
2526,5308,deeplift,0.7018563259731639,0.7035189392891797,0.9625872373580933
2527,6808,deeplift,0.6555843977578755,0.5987108825095768,0.934439480304718
2528,9395,deeplift,0.5120405944494101,0.5725180346232194,0.9161144495010376
2529,265,deeplift,0.4507296972948572,0.40133968627323274,0.6683381795883179
2530,4763,deeplift,0.8089561101773547,0.5206506765551038,0.9798698425292969
2531,9111,deeplift,0.6164076762894789,0.6031758822500706,0.9889899492263794
2532,6789,deeplift,0.7866638116538525,0.8079316401272081,0.9998348951339722
2533,4597,deeplift,0.4496635933007513,0.5656351266162736,0.9720914959907532
2534,2531,deeplift,0.3781158849596977,0.5138333863936938,0.866960883140564
2535,4862,deeplift,0.2738368475075924,0.04875721105120399,0.4951181709766388
2536,7669,deeplift,0.39177442322436135,0.0002613702886982968,0.48462367057800293
2537,316,deeplift,0.31423391637049225,0.5633540820134314,0.9735060334205627
2538,1897,deeplift,0.38313714750111105,0.1762913879007101,0.5507165193557739
2539,8860,deeplift,0.8214504377916455,0.6553672535344959,0.9987818598747253
2540,6407,deeplift,0.7011624938911862,0.5874802105956607,0.9976840019226074
2541,8231,deeplift,0.18708769538823297,0.3316815177745679,0.7838780879974365
2542,8521,deeplift,0.7719231009483337,0.7000690478831529,0.9933564066886902
2543,6112,deeplift,0.2951293395211299,0.3220787319458193,0.6008636355400085
2544,8128,deeplift,0.8237194288522005,0.640408574603498,0.9714705348014832
2545,2039,deeplift,0.5154362780352434,0.5559458120001687,0.9522435069084167
2546,103,deeplift,0.7080897696507282,0.5049723654221265,0.9553327560424805
2547,3297,deeplift,0.7260669395327568,0.5965132592245936,0.9933587908744812
2548,794,deeplift,0.60224101126194,0.571004478931427,0.9724578261375427
2549,5967,deeplift,-0.18157791729797335,0.02864928576437866,0.24620872735977173
2550,5332,deeplift,0.3883679482866736,0.36727316589916453,0.9183538556098938
2551,8586,deeplift,0.6109898074677116,0.6048782107077146,0.9849046468734741
2552,1658,deeplift,0.38777866108076914,0.4466724926162334,0.964491605758667
2553,3933,deeplift,0.21664385054486268,0.44328607357756206,0.6898942589759827
2554,6968,deeplift,0.10586886356274287,0.1253887319730388,0.4261864125728607
2555,9469,deeplift,0.8460868719722265,0.6227705018270923,0.9714051485061646
2556,7854,deeplift,0.8792585006190671,0.46381306399901706,0.9999302625656128
2557,3210,deeplift,0.44119884135822457,0.4687535874545574,0.9441894888877869
2558,7012,deeplift,0.3114061374217272,0.1590570214514931,0.6113330125808716
2559,9808,deeplift,0.15051305592060088,0.27534984678030017,0.5362054109573364
2560,2973,deeplift,0.5154012079889837,0.6400320798550782,0.9506114721298218
2561,932,deeplift,0.720463550388813,0.653154616355896,0.9650254249572754
2562,6163,deeplift,-0.38818950299173594,-0.3982869539115774,0.011425944976508617
2563,6432,deeplift,0.16249721467494965,-0.05932606339454651,0.30730393528938293
2564,3497,deeplift,-0.38421423149605594,-0.09017304107546806,0.0659496858716011
2565,3202,deeplift,0.6513291448354721,0.6534387377255103,0.9847751259803772
2566,2611,deeplift,0.696489467844367,0.7779236068328221,0.9785923361778259
2567,9631,deeplift,0.8707030502706766,0.6074638518691063,0.9988958835601807
2568,567,deeplift,0.8379645919876879,0.48220898904677095,0.9992870688438416
2569,764,deeplift,0.7030423260999449,0.5595906914183588,0.9538270831108093
2570,4366,deeplift,0.5328820566957195,0.6668569296598434,0.9802402853965759
2571,8367,deeplift,0.36585091580362883,0.6197488343014437,0.9094205498695374
2572,7360,deeplift,0.6436302022387584,0.5521438283224901,0.9023318886756897
2573,1441,deeplift,0.3695346984793158,0.20938726207789252,0.5641030669212341
2574,921,deeplift,0.5300464526646667,0.43362010104788673,0.7555339336395264
2575,8222,deeplift,0.2610162980854511,0.48863559322697775,0.7786136269569397
2576,1794,deeplift,0.7328889396573816,0.4412712641725583,0.9630635380744934
2577,3838,deeplift,0.31194042041897774,0.32962152920663357,0.7256994247436523
2578,3122,deeplift,0.20731297694146633,-0.016505903750658035,0.38232237100601196
2579,6127,deeplift,0.7320924905630258,0.5640784880289664,0.9639993906021118
2580,6319,deeplift,0.5870932850986719,0.5718643881380558,0.9291279911994934
2581,2388,deeplift,0.8679607236990705,0.5055928346700966,0.981386125087738
2582,4466,deeplift,0.05880714110706164,0.06573668640592824,0.6251521110534668
2583,4505,deeplift,0.19649220645427704,0.17381105691194534,0.4783322513103485
2584,1606,deeplift,-0.14192426139893738,-0.2046240458021993,0.10731622576713562
2585,2147,deeplift,0.48693877945725733,0.5405022352933884,0.9957866072654724
2586,36,deeplift,0.32557093650102614,0.2192401684820652,0.7849873304367065
2587,9147,deeplift,0.8328722247055599,0.676037707853885,0.9876518249511719
2588,761,deeplift,0.6620634204667547,0.6819342290577681,0.9979817867279053
2589,5268,deeplift,0.728571136307437,0.5857154405675828,0.8945633172988892
2590,3038,deeplift,0.5753314697316715,0.714113028187837,0.9610539078712463
2591,5503,deeplift,0.38997959832732493,0.3965919012060532,0.6758103370666504
2592,5228,deeplift,0.1717277304189087,0.16983044224566426,0.5483237504959106
2593,1623,deeplift,0.45374787890392804,0.4837993487067845,0.9968398809432983
2594,577,deeplift,0.6705389378921074,0.6972764737164492,0.9675679206848145
2595,6426,deeplift,0.4940213843666274,0.4034675318619301,0.9619170427322388
2596,8087,deeplift,0.7204750007704684,0.6262380872902117,0.9846664667129517
2597,8536,deeplift,0.6790151167660952,0.4142319321632385,0.9387348890304565
2598,9564,deeplift,0.1812815664129125,0.15183584547291198,0.4370931386947632
2599,2232,deeplift,0.08074161977995009,-0.07725077016013009,0.3978745937347412
2600,2319,deeplift,0.8234522722661495,0.6999370701611042,0.9942792654037476
2601,5707,deeplift,0.4448850679587811,0.6812318056187732,0.986215353012085
2602,9690,deeplift,0.13524922793326172,0.1507594860766245,0.45669791102409363
2603,5306,deeplift,0.4369563899542156,0.39535485600170334,0.8658899068832397
2604,7938,deeplift,0.1405325033947041,0.30798577203562383,0.6347065567970276
2605,2167,deeplift,0.5546376217495311,0.441339908675714,0.9489302635192871
2606,637,deeplift,0.4499458347757657,0.5116589911282062,0.8737105131149292
2607,8668,deeplift,0.80850173458457,0.6427214372158051,0.9948306679725647
2608,5594,deeplift,-0.025315900200179646,-0.25319793820381165,0.2454535961151123
2609,6555,deeplift,0.8902401108708646,0.6825415558285184,0.9992978572845459
2610,8098,deeplift,-0.3666066188365221,-0.37574221938848495,0.09618464857339859
2611,47,deeplift,-0.48226212929276857,-0.18524122851736405,0.07114753127098083
2612,5505,deeplift,0.7881233397693861,0.6144714708484355,0.9890602827072144
2613,9196,deeplift,0.22522537123698455,0.33480400764025176,0.7533429861068726
2614,8416,deeplift,0.6100557602264665,0.5324291312559084,0.9473087787628174
2615,4509,deeplift,0.6734379790723324,0.6081185378134251,0.9788893461227417
2616,2638,deeplift,0.17761308393057654,0.29323578143821044,0.638161838054657
2617,8708,deeplift,-0.19248271808028222,-0.06948227472603322,0.13412760198116302
2618,8476,deeplift,0.6814499408514663,0.5436985384334218,0.9911621809005737
2619,3080,deeplift,0.6480921511848767,0.6771559193730354,0.9906973838806152
2620,2870,deeplift,-0.07370302476920187,-0.24694259371608496,0.12925128638744354
2621,2213,deeplift,0.7353915545870277,0.6970672147238955,0.9881437420845032
2622,6043,deeplift,0.6994191370904446,0.6530277576297522,0.9816153645515442
2623,3798,deeplift,-0.08334542469431956,-0.16847911601265272,0.20547634363174438
2624,7972,deeplift,-0.09993249038234353,-0.15601984760724008,0.14674974977970123
2625,5739,deeplift,0.8730796718969941,0.6696068266406655,0.999695897102356
2626,4822,deeplift,0.7571380550370497,0.7266365798080668,0.9887875914573669
2627,9067,deeplift,0.751426606439054,0.4406301840208471,0.9604967832565308
2628,5799,deeplift,0.7241015841718763,0.4467547045399745,0.9777346253395081
2629,7482,deeplift,0.6577359537283579,0.7001011669635773,0.9569826126098633
2630,2114,deeplift,0.006600757539272309,0.09357214614748954,0.25311779975891113
2631,1112,deeplift,0.6430552969376246,0.4487559566895167,0.9014387726783752
2632,8178,deeplift,0.739857892141394,0.8279737859316494,0.9973340034484863
2633,3717,deeplift,0.7618968750942837,0.6947515019864747,0.9932819604873657
2634,713,deeplift,0.46945158392190933,0.2450157744543893,0.7670185565948486
2635,872,deeplift,-0.4652485503918595,-0.027674313427673444,0.1304614543914795
2636,1149,deeplift,0.8369846319158872,0.46032715986172357,0.9999247789382935
2637,9299,deeplift,0.6499610871076584,0.5953514897823333,0.9944186210632324
2638,5663,deeplift,0.22235764456646784,0.1795853248664311,0.5780981183052063
2639,8167,deeplift,0.48430254345848445,0.5090603111755281,0.990050733089447
2640,3315,deeplift,0.5007863002829254,0.5920233489325205,0.9063583016395569
2641,4588,deeplift,-0.1654179901988418,0.10441004236539204,0.4166889488697052
2642,5098,deeplift,-0.24835944473743438,-0.1013166144490242,0.18433299660682678
2643,6077,deeplift,0.15446266010403634,0.17126809172332286,0.4263576567173004
2644,7966,deeplift,0.6502437591552734,0.5427099014632404,0.93751460313797
2645,1020,deeplift,0.6241784328594804,0.5080974427983165,0.9254239201545715
2646,4102,deeplift,0.2507757030684373,0.393976138583545,0.6971742510795593
2647,5368,deeplift,0.25145094841718674,0.09548523563605088,0.6465386748313904
2648,6543,deeplift,0.6683451985490734,0.7763788211962273,0.9963527917861938
2649,958,deeplift,0.888251838584741,0.6614810431996981,0.9975054860115051
2650,3846,deeplift,0.24250290211704043,0.40003714006808067,0.7814794778823853
2651,2748,deeplift,0.6028643320588505,0.4908581025460187,0.8782135248184204
2652,4710,deeplift,-0.3205928631858634,-0.10565729545695442,0.0542839951813221
2653,8279,deeplift,0.7166997512802482,0.592638612103959,0.9584804177284241
2654,586,deeplift,0.22677150927484035,-0.05136546533968714,0.41410762071609497
2655,1817,deeplift,0.8214263683018673,0.7453739027093563,0.9875640273094177
2656,782,deeplift,0.8241034289821982,0.7193339400821261,0.9924305081367493
2657,8241,deeplift,0.20827975056388162,-0.012116417288780212,0.6246086359024048
2658,335,deeplift,0.8646653292943602,0.8637157085392139,0.981814444065094
2659,3755,deeplift,0.8107149556956508,0.6398688944225962,0.9859071969985962
2660,2191,deeplift,0.6888793268624473,0.675166966722292,0.9978454113006592
2661,9214,deeplift,-0.04099848130274387,-0.15460397870767684,0.09337727725505829
2662,5205,deeplift,0.6485065376680148,0.6792409811168909,0.9603605270385742
2663,6073,deeplift,0.5421135606510299,0.6531702269400869,0.925030529499054
2664,23,deeplift,-0.48081305968191695,-0.2673245124957141,0.10098614543676376
2665,4923,deeplift,0.7388888792518307,0.6414560403893975,0.9938667416572571
2666,4556,deeplift,0.405254553589556,0.5937196728256013,0.991468071937561
2667,2012,deeplift,0.8212862175244552,0.44261805544822264,0.9569336771965027
2668,381,deeplift,0.21589772899945578,0.19807267834742864,0.5377267599105835
2669,3127,deeplift,-0.15233818773413077,0.040878509054891765,0.21086691319942474
2670,6398,deeplift,0.40387696434151044,0.4995777065103704,0.9335101246833801
2671,1981,deeplift,0.566173112818173,0.42249471481357304,0.9862580299377441
2672,3095,deeplift,0.6300126577124876,0.7008702728678199,0.9904161691665649
2673,6758,deeplift,0.5794683378189802,0.6422666921280324,0.9293539524078369
2674,2025,deeplift,0.659369085667034,0.8622539227207502,0.9757044315338135
2675,9398,deeplift,0.6695214106756098,0.5976721390205271,0.9971182346343994
2676,5100,deeplift,0.6414767988026142,0.6627059141173959,0.9863613843917847
2677,3526,deeplift,0.4733658008691337,0.26918913837936187,0.8099152445793152
2678,7532,deeplift,0.7798372844145411,0.6977243945002556,0.9993316531181335
2679,3007,deeplift,0.27838471608942955,0.3208837966466772,0.7327895760536194
2680,1084,deeplift,0.14116806865615003,0.0006098979536224814,0.3996957242488861
2681,9837,deeplift,-0.37692463949874594,-0.28384852533539134,0.20937994122505188
2682,9258,deeplift,0.46153977726187023,0.5292344192663828,0.9353708624839783
2683,4503,deeplift,0.780713904183358,0.4301776634529233,0.9947574138641357
2684,1575,deeplift,0.6277194749563932,0.414967006072402,0.9550421833992004
2685,3091,deeplift,-0.1609705646832784,-0.15634177525838217,0.30640462040901184
2686,2484,deeplift,0.48787409663200376,0.6591462548822165,0.9769773483276367
2687,4489,deeplift,0.7755976695389974,0.6035337292012715,0.9988059997558594
2688,5070,deeplift,0.6563882092013955,0.7547080257209018,0.9848760366439819
2689,5669,deeplift,-0.0001921711696518792,0.07009405284016221,0.3669483959674835
2690,2138,deeplift,0.8253385045606157,0.7359564142382663,0.9810258746147156
2691,6580,deeplift,0.6713420461331095,0.6312693016869682,0.983851969242096
2692,2516,deeplift,-0.17017773240804673,-0.14293611682951451,0.09859773516654968
2693,9154,deeplift,-0.2592061460018158,-0.1671731162071228,0.15521340072155
2694,5456,deeplift,0.5941047611690703,0.6029553356624785,0.9861055016517639
2695,3433,deeplift,0.7721256628340366,0.5240726430042117,0.9945763349533081
2696,3989,deeplift,0.2577309277322557,0.1880934221876992,0.5870220065116882
2697,7422,deeplift,0.663147666633291,0.7271751223698907,0.9376877546310425
2698,5009,deeplift,0.8492032514307005,0.6299646185903713,0.9997223019599915
2699,1458,deeplift,0.8471674029404919,0.5526781896750133,0.9969890713691711
2700,952,deeplift,0.22186348384076898,0.24206446174701507,0.5464771389961243
2701,9718,deeplift,0.5554212182760239,0.3609655170064223,0.9384208917617798
2702,960,deeplift,0.4182340753705878,0.5953707820490787,0.9771338105201721
2703,7273,deeplift,-0.017181299393996596,0.19120297045446932,0.39964550733566284
2704,765,deeplift,0.42949484032578766,0.4919879985973239,0.9818745851516724
2705,8316,deeplift,0.12150222947821021,-0.15962484665215015,0.39701390266418457
2706,3400,deeplift,0.6628646644918869,0.7908277819967933,0.9701642990112305
2707,2316,deeplift,-0.15923878749493847,-0.1093587822873484,0.03669475018978119
2708,9465,deeplift,0.40019869089126586,0.5337511254101992,0.9988333582878113
2709,9346,deeplift,0.5752272817439267,0.4054048625486238,0.9275538921356201
2710,7835,deeplift,0.3527819488197565,0.5136648818850518,0.9367042183876038
2711,4032,deeplift,0.41455269753932955,0.4029405693213145,0.851252555847168
2712,2029,deeplift,0.35412777215242386,0.5304106328459013,0.8864477872848511
2713,4718,deeplift,0.8976308061974123,0.552751877810806,0.9998941421508789
2714,286,deeplift,-0.19739870930259878,-0.12747109512036497,0.20403718948364258
2715,908,deeplift,0.5150507171364391,0.4912068177671993,0.994857907295227
2716,1482,deeplift,-0.3865733275359327,-0.00012047317895022306,0.08669696003198624
2717,9660,deeplift,0.567853964244326,0.39430885886152583,0.9428256154060364
2718,4712,deeplift,-0.15902765769334065,0.0710714782277743,0.270624041557312
2719,2133,deeplift,0.5595068112015724,0.4915251836180687,0.9553066492080688
2720,9608,deeplift,0.25198219045996667,0.22157278507947922,0.6756927371025085
2721,9774,deeplift,0.1666792133823037,-0.021387822180986404,0.39331111311912537
2722,9211,deeplift,0.6813552747170131,0.5181890745957692,0.9678144454956055
2723,563,deeplift,-0.08234731205131697,-0.3899574561611466,0.14442920684814453
2724,291,deeplift,0.3698135981602328,0.5131695408906255,0.8519404530525208
2725,1713,deeplift,0.7222611722018983,0.5787146099739604,0.9778411984443665
2726,4012,deeplift,0.600360883133752,0.6286052960370269,0.9601817727088928
2727,8922,deeplift,0.31847075722180307,0.5362281682901084,0.7143899202346802
2728,169,deeplift,0.6980760825030944,0.6354401365799063,0.9849444031715393
2729,267,deeplift,0.7495752049214912,0.7365162000060081,0.9952079653739929
2730,9144,deeplift,0.6655863016843796,0.6299773275852203,0.9903740882873535
2731,3172,deeplift,0.5850646576533715,0.6619741929074129,0.9904276132583618
2732,2286,deeplift,0.5042237937450409,0.5450875169851563,0.9918660521507263
2733,315,deeplift,0.8339633668462435,0.7146821314735072,0.9974621534347534
2734,8046,deeplift,0.7292359806597233,0.5720387262602648,0.9726502895355225
2735,8822,deeplift,0.6048256064003165,0.9131905127486045,0.9985995888710022
2736,245,deeplift,0.44265065031747025,0.6675671593596538,0.9870147705078125
2737,5186,deeplift,0.5718396618030965,0.45614869333803654,0.964245080947876
2738,5421,deeplift,0.05004231300618914,0.03473081163786076,0.1725240796804428
2739,6065,deeplift,0.8156286873247313,0.6354355264617049,0.9992849230766296
2740,50,deeplift,0.8127596867935998,0.6660331722881113,0.9963449835777283
2741,3021,deeplift,0.9110933922231197,0.4676067019502322,0.999884843826294
2742,7028,deeplift,0.34244793874246104,0.4558636259149622,0.9467214345932007
2743,1372,deeplift,0.6061549303545193,0.4760447970845483,0.9093149900436401
2744,4176,deeplift,0.8005797382444143,0.7715802412480116,0.9995517134666443
2745,2470,deeplift,0.7138255515268871,0.5375143417290279,0.9739258885383606
2746,8000,deeplift,0.05832240333159765,0.12506368458271028,0.6186632513999939
2747,6156,deeplift,0.6987308142706752,0.6512068938463926,0.986234188079834
2748,1498,deeplift,0.4449078269578792,0.6151365174187554,0.9896008372306824
2749,5868,deeplift,0.6757718026638031,0.695638770237565,0.9864418506622314
2750,1963,deeplift,0.5593225035816431,0.3515176668763161,0.9039415121078491
2751,248,deeplift,0.48794151162728666,0.7775152581743896,0.9746379256248474
2752,4771,deeplift,0.46168636229066623,0.6512994361775262,0.976798415184021
2753,1277,deeplift,0.060210797716589534,-0.04052325732567731,0.45159438252449036
2754,4905,deeplift,0.48632434216038933,0.24114328879734565,0.7849739193916321
2755,8025,deeplift,0.6309002819692805,0.6720851329820496,0.9910145401954651
2756,2110,deeplift,0.4348501618951559,0.5297580299278101,0.8962140083312988
2757,9776,deeplift,0.44954072684049606,0.6607200594679001,0.9779263138771057
2758,2945,deeplift,0.3758535934612155,0.20873726159334183,0.7681790590286255
2759,6249,deeplift,0.8016356568979589,0.7384651166043783,0.9979444146156311
2760,7023,deeplift,0.6861548430245855,0.5104451296122178,0.9734395146369934
2761,795,deeplift,0.2224006773903966,0.3824947339793046,0.5981930494308472
2762,9717,deeplift,0.2846239258845647,0.3443328800300757,0.6705142259597778
2763,7908,deeplift,0.8189741138901029,0.6200891036008086,0.9845788478851318
2764,5371,deeplift,0.6134296390745375,0.5760194733738899,0.920927107334137
2765,9655,deeplift,0.834983370182189,0.7029175941239704,0.9998300075531006
2766,447,deeplift,0.7483371737702139,0.6481770235916664,0.9858595728874207
2767,2968,deeplift,0.641788565014538,0.6724422519144259,0.948364794254303
2768,2152,deeplift,0.8286843176769174,0.8653905947247277,0.9996750354766846
2769,7838,deeplift,0.47956327640491986,0.5636991048636644,0.9967185854911804
2770,4852,deeplift,0.6700882203876972,0.7521409578621387,0.999956488609314
2771,5157,deeplift,0.3946546412728451,0.5608145555964222,0.9914587736129761
2772,683,deeplift,-0.06823118925094604,-0.16568825483322144,0.21639196574687958
2773,8118,deeplift,0.7166728614007726,0.4755904595641529,0.9902215003967285
2774,6681,deeplift,0.46787854135036466,0.4051027218500773,0.9824116826057434
2775,5741,deeplift,0.10467914414281647,0.0741960434243083,0.3019848167896271
2776,1488,deeplift,0.18591407960967013,0.18764178180380872,0.437333881855011
2777,3077,deeplift,-0.0005160401905736615,0.0515474864552098,0.3149726390838623
2778,3905,deeplift,0.7186443066088165,0.5371759509576893,0.972572386264801
2779,8594,deeplift,0.5217326886274598,0.46276545930992474,0.9640664458274841
2780,318,deeplift,0.7207390526610036,0.567520072863948,0.9885116815567017
2781,856,deeplift,-0.24487905266384283,-0.17928452392419178,0.18446047604084015
2782,7743,deeplift,-0.1676890641964715,-0.17370461133019677,0.08176906406879425
2783,2770,deeplift,0.6903481400438718,0.5432943586792265,0.8949626088142395
2784,3566,deeplift,0.5097811721703586,0.6874520384213504,0.9915398955345154
2785,376,deeplift,0.3421323299407959,0.5847845362233264,0.9263660907745361
2786,410,deeplift,0.37213728369938004,0.5320574645366933,0.8114980459213257
2787,2405,deeplift,0.5728004772216082,0.556942971702665,0.9817533493041992
2788,3776,deeplift,0.6851350178321203,0.7606993595759074,0.9933556318283081
2789,3946,deeplift,0.7829905899448527,0.8164816858867804,0.9996417760848999
2790,1111,deeplift,0.80463288298675,0.7821152832891259,0.9956684112548828
2791,7660,deeplift,0.32532536333952194,0.3092446281359746,0.7204117774963379
2792,8001,deeplift,0.5698718715991292,0.7534076959959098,0.997925877571106
2793,2288,deeplift,0.42183859114136013,0.42272873542138506,0.754895806312561
2794,2127,deeplift,0.650829667630403,0.622844176761725,0.8519651293754578
2795,5581,deeplift,0.7594655706332281,0.37825187381643516,0.9685426354408264
2796,8256,deeplift,0.27913657690470034,-0.03694376120200524,0.5436399579048157
2797,6751,deeplift,0.665848292907079,0.4031125764052073,0.9856175780296326
2798,9399,deeplift,0.35438540463264173,0.43843874449913317,0.8868210315704346
2799,2233,deeplift,0.6968309452821468,0.584445854327802,0.9889618754386902
2800,5550,deeplift,0.566170568112284,0.5291776326484978,0.8548498153686523
2801,274,deeplift,0.5580434750479001,0.5255862738077457,0.9979081153869629
2802,2344,deeplift,0.696842968960603,0.4838583712776502,0.9465230703353882
2803,1568,deeplift,0.2918499319449715,0.5772507407742998,0.7097077369689941
2804,3133,deeplift,0.5140231147860036,0.6519199605240966,0.979721188545227
2805,6178,deeplift,0.7535474011126686,0.6089683341629365,0.8688144087791443
2806,7955,deeplift,0.5076786163263023,0.493954855017364,0.8337618708610535
2807,7820,deeplift,0.6188740718364716,0.6873985600471496,0.982063889503479
2808,9415,deeplift,0.8813898421272084,0.6187646104781716,0.9954937696456909
2809,2574,deeplift,0.5095112077318705,0.2840062121932323,0.7883406281471252
2810,965,deeplift,0.457037515938282,0.5817326307296753,0.9786699414253235
2811,2291,deeplift,0.7824962495748574,0.39928446027139824,0.90224289894104
2812,5375,deeplift,0.28625612224762637,0.2678131111897528,0.5908000469207764
2813,6670,deeplift,0.47906989817108425,0.5643632619508675,0.968881368637085
2814,8955,deeplift,0.24947889425136424,0.5140523557309751,0.8037341833114624
2815,8059,deeplift,0.7189190261997283,0.5998561035376042,0.9912788271903992
2816,2755,deeplift,0.6780249741342332,0.4688420051501857,0.9032981395721436
2817,4474,deeplift,0.5203799250721931,0.3871313315629959,0.7953056693077087
2818,3910,deeplift,0.7205499101962362,0.4615758960800512,0.9378650188446045
2819,2002,deeplift,0.43590427737902193,0.36660457577775507,0.8289540410041809
2820,4794,deeplift,0.71062969957434,0.6108241861774808,0.9119209051132202
2821,8644,deeplift,0.42579144058195323,0.46133908226683334,0.9339882731437683
2822,6394,deeplift,0.5071445263244889,0.4890584952451966,0.8722755908966064
2823,5339,deeplift,0.36174560710787773,0.5788953479217447,0.8894105553627014
2824,1730,deeplift,0.762685775194528,0.5545726309899451,0.9917603135108948
2825,2360,deeplift,-0.06570566750385544,0.044393433088606056,0.3293505012989044
2826,9379,deeplift,0.8141431188476937,0.738865086509447,0.9933706521987915
2827,9058,deeplift,0.8006973504606221,0.5498506223989857,0.9902167320251465
2828,9028,deeplift,-0.14907162139813104,0.13815325188140073,0.4510492980480194
2829,7579,deeplift,0.7718952426856215,0.7274719602005049,0.9961950778961182
2830,6428,deeplift,0.45632181983245046,0.5247328281402588,0.971828043460846
2831,1068,deeplift,0.8412815028507459,0.6436189477773089,0.9780769348144531
2832,5337,deeplift,0.05011460049585863,-0.17306406050920486,0.3020440936088562
2833,1071,deeplift,0.8148412713780999,0.5830950451393923,0.9981143474578857
2834,9456,deeplift,0.7519446152728051,0.7424834555325409,0.9953528642654419
2835,5020,deeplift,0.4191982955671847,0.42041202262043953,0.9738432765007019
2836,2115,deeplift,0.21893321639961666,0.19273481518030167,0.6062835454940796
2837,5910,deeplift,0.44981918844484514,0.555262474763778,0.9968950748443604
2838,8448,deeplift,-0.024099832347461155,-0.08236867444855826,0.2818126976490021
2839,3132,deeplift,0.6018252634796603,0.652275870714722,0.923084020614624
2840,7703,deeplift,-0.31711648842867685,-0.014333907295675838,0.15116360783576965
2841,474,deeplift,0.6817143002282018,0.4739913912894933,0.9717239141464233
2842,8441,deeplift,-0.4076029413512775,-0.4266803738261972,0.024857155978679657
2843,7584,deeplift,0.5669436792009755,0.5700400722654242,0.921665608882904
2844,3085,deeplift,0.14678166498956474,0.21632140842468842,0.5184956789016724
2845,8856,deeplift,0.15679957682178133,0.03415708314804804,0.4781254529953003
2846,5936,deeplift,0.6768158390372991,0.7439378184080124,0.973821759223938
2847,3397,deeplift,0.6811220397551855,0.661261472851038,0.9769428968429565
2848,4309,deeplift,0.5185760046754565,0.417350730016118,0.8095138072967529
2849,6169,deeplift,0.6727988153696061,0.676505021005869,0.994187593460083
2850,3693,deeplift,0.3276704251766205,0.49363857706387837,0.9256685972213745
2851,1691,deeplift,-0.22089686069418402,-0.2589589436264599,0.14902356266975403
2852,4333,deeplift,0.5871058885867779,0.36103516301283467,0.909866213798523
2853,9574,deeplift,0.795684419820706,0.7155578447421476,0.945906937122345
2854,8619,deeplift,0.5703742403004851,0.6295762604900769,0.9517980217933655
2855,6832,deeplift,0.2605941522527825,0.2978619696064429,0.7045003175735474
2856,3795,deeplift,-0.39931537367795644,-0.34186482860853795,0.05419795960187912
2857,4649,deeplift,0.5210695260736559,0.8968526389715927,0.9837080836296082
2858,9226,deeplift,0.37867760596175987,0.3338394694858127,0.6735894083976746
2859,7372,deeplift,0.20382035876913318,0.33125183962542437,0.5677493810653687
2860,4929,deeplift,0.4492009682090659,0.23488769405766538,0.7012296915054321
2861,4233,deeplift,0.39974966570734977,0.2544266919294993,0.6646116971969604
2862,1145,deeplift,0.6836897653660604,0.8030828878815685,0.9983382225036621
2863,3111,deeplift,0.2298926623428569,0.20067561461645014,0.5777385234832764
2864,8737,deeplift,0.45415214271772475,0.4027327299118042,0.8522177934646606
2865,2592,deeplift,0.3493567761699004,0.27691047372562544,0.4835042357444763
2866,9142,deeplift,0.7783105636481196,0.8142768403049558,0.9996252059936523
2867,624,deeplift,-0.2313763305544853,-0.5210837122052908,0.02195855602622032
2868,9043,deeplift,0.6764883673504779,0.5836179550541075,0.9102703928947449
2869,3283,deeplift,0.602707257701291,0.31411507684323525,0.8493446707725525
2870,6341,deeplift,0.38717152973016106,0.554690009355545,0.8738074898719788
2871,7522,deeplift,0.5824571647926381,0.5559543284930681,0.9682899713516235
2872,9585,deeplift,0.341449099779129,0.46917256236076355,0.9512042999267578
2873,7440,deeplift,0.3958180672847308,0.26237636460707736,0.8528537154197693
2874,668,deeplift,0.4657884299755096,0.4663421392440796,0.9840117692947388
2875,6750,deeplift,0.10096342949306264,0.4088573368430576,0.5618546009063721
2876,5165,deeplift,0.5305106702189033,0.3043380884023813,0.7988958954811096
2877,5279,deeplift,0.19180636959416525,0.23878140783026106,0.521725594997406
2878,582,deeplift,0.6291011598789029,0.4772332136829694,0.883767306804657
2879,3945,deeplift,0.28948575879136723,0.3417020108964708,0.894789457321167
2880,7688,deeplift,0.4199307340951193,0.6416290026335489,0.8483998775482178
2881,7614,deeplift,0.7342459398011366,0.7426899919907252,0.9850884079933167
2882,1208,deeplift,0.7459419606253505,0.595588786713779,0.9708318114280701
2883,7944,deeplift,0.5978078569751233,0.5642443110700697,0.8658108711242676
2884,5030,deeplift,0.5024667331017554,0.1755139180459082,0.7373180389404297
2885,76,deeplift,0.6931870484893973,0.5402028228748929,0.9731489419937134
2886,6693,deeplift,0.6050030203426585,0.5240825002684313,0.9583650827407837
2887,9478,deeplift,0.7675871543586255,0.6314470835030079,0.9984384179115295
2888,9464,deeplift,0.7973636110934118,0.696447785012424,0.9988177418708801
2889,1175,deeplift,0.870609097714935,0.7962978564734969,0.9964763522148132
2890,592,deeplift,0.6470983912547429,0.6178172707557679,0.9891987442970276
2891,3774,deeplift,0.14639331988820975,0.051875157112425026,0.37255358695983887
2892,5676,deeplift,0.7688953067575183,0.5581713441227164,0.982049286365509
2893,7362,deeplift,-0.24015026622348362,-0.12982685367266336,0.36417362093925476
2894,1470,deeplift,0.6499259960651398,0.7125300461053848,0.9493246674537659
2895,705,deeplift,0.8516066161294779,0.6915804209808508,0.9831666350364685
2896,1688,deeplift,0.42643208492819856,0.4257744063691395,0.9499217867851257
2897,4828,deeplift,-0.3478608759848968,-0.04832702875137329,0.1867298036813736
2898,5386,deeplift,0.5387538084760308,0.7293681339360774,0.9955139756202698
2899,4564,deeplift,0.29035704778997523,0.5801977221118776,0.8107433915138245
2900,7450,deeplift,0.1437331930335079,0.23810180915253504,0.7011708617210388
2901,9324,deeplift,0.20302136573526594,0.41195696868278364,0.7953957915306091
2902,4747,deeplift,0.5525890569153585,0.7700463702019892,0.9911973476409912
2903,4303,deeplift,0.8612307668212922,0.6132025148479208,0.9996230602264404
2904,6460,deeplift,0.5043016435468898,0.1755997301901088,0.7936564087867737
2905,6239,deeplift,0.690299862447907,0.6328152703011737,0.9641647338867188
2906,7766,deeplift,0.8269324298534129,0.5353593081235886,0.9988692402839661
2907,6739,deeplift,0.4659821939739314,0.5333116907965053,0.9684213399887085
2908,8336,deeplift,0.6929235628673008,0.6324821327413831,0.9708681106567383
2909,3464,deeplift,0.6245625711977482,0.5506321508437395,0.9286491870880127
2910,1509,deeplift,0.8386214235052466,0.5810994595289231,0.9998621940612793
2911,4978,deeplift,0.8369144964362344,0.44042645346733833,0.9986442923545837
2912,6008,deeplift,0.7127786218016235,0.6967478176509893,0.987065315246582
2913,5730,deeplift,0.8584013082353132,0.747623723000288,0.9983402490615845
2914,8334,deeplift,0.4176540821014593,0.2298579184959332,0.5701493620872498
2915,4883,deeplift,0.678898861259222,0.3328209728002548,0.9513612389564514
2916,9740,deeplift,-0.010198515195112962,-0.049585070747595564,0.2310066819190979
2917,3299,deeplift,0.4999656639993191,0.46953824379791814,0.9154351949691772
2918,594,deeplift,0.007949761908363414,0.1678275297637339,0.49561581015586853
2919,5521,deeplift,0.22334614023566246,0.29270730788509053,0.5253437161445618
2920,6867,deeplift,0.2682963027195497,0.36001007304047095,0.8798378109931946
2921,7999,deeplift,0.7228898157676061,0.7211536569964319,0.9797606468200684
2922,7073,deeplift,0.6652989580675408,0.7393078221767037,0.9726623892784119
2923,2876,deeplift,0.6718492403626442,0.6213830624707043,0.9130256175994873
2924,5595,deeplift,0.6360390696388024,0.6117364146675055,0.7676864266395569
2925,8508,deeplift,0.8188680147840863,0.6710244850033805,0.9972662925720215
2926,9525,deeplift,0.763604735099786,0.6046607239152985,0.9630944728851318
2927,4335,deeplift,0.5474218961137992,0.39310080729998076,0.8478489518165588
2928,4540,deeplift,0.30215437020416613,0.3322653411715119,0.6004884243011475
2929,10,deeplift,0.35506895515653825,0.39059860562836685,0.6812614798545837
2930,8757,deeplift,0.5247935490174727,0.1970457567861586,0.7786079049110413
2931,1217,deeplift,0.553657789197233,0.42439211159944534,0.9339421987533569
2932,1224,deeplift,0.5889282195788362,0.4146332079949586,0.9364364743232727
2933,3206,deeplift,0.7444967445917428,0.6682300382235553,0.8921815752983093
2934,93,deeplift,-0.009256863723630491,-0.12872306484243143,0.2665877938270569
2935,8057,deeplift,0.26941533663443157,0.15791188733918327,0.6329444646835327
2936,2455,deeplift,0.8525183664804156,0.6339761103418741,0.9824633598327637
2937,1247,deeplift,0.1707641190370998,0.22939454784264435,0.3819084167480469
2938,2251,deeplift,0.38073934945795274,0.42761922462118995,0.7610036134719849
2939,6380,deeplift,0.10038933264357704,-0.17746110473360335,0.37548884749412537
2940,4708,deeplift,-0.21374597246276922,-0.05136839531618973,0.022129839286208153
2941,7864,deeplift,0.057628577342256904,0.22684400764410384,0.42131784558296204
2942,3916,deeplift,0.7153792197213453,0.6589341104468879,0.9908962845802307
2943,3105,deeplift,0.03306355948249499,-0.18368636692563692,0.30328264832496643
2944,292,deeplift,0.6000002965813985,0.41691162161253115,0.9373753666877747
2945,7616,deeplift,0.8921817509191377,0.4488978617425476,0.9996926784515381
2946,2083,deeplift,-0.13092760401112694,-0.20475905473743167,0.08841691166162491
2947,4381,deeplift,0.20862861753751835,0.2836553097392122,0.5731322765350342
2948,4291,deeplift,0.6422098306939006,0.6727887792512774,0.999386191368103
2949,5404,deeplift,0.21364472985267638,0.39932939678430557,0.6997650265693665
2950,6637,deeplift,-0.2791637875090696,-0.16101167230915867,0.006928769405931234
2951,1090,deeplift,0.6734453264404746,0.6479483505382257,0.9400683641433716
2952,8570,deeplift,0.6550184246152639,0.6251146597787738,0.9879988431930542
2953,6206,deeplift,0.382019416644023,0.27721503376960754,0.7637869715690613
2954,6843,deeplift,0.4447547515684908,0.5000666379928589,0.9432370662689209
2955,1078,deeplift,0.4524180971579078,0.7372244947096881,0.9937500357627869
2956,1188,deeplift,0.09906772971153259,-0.0805861473083496,0.371249794960022
2957,3984,deeplift,0.6623955426944627,0.3335349863326108,0.8270280361175537
2958,1369,deeplift,0.7801754383200948,0.5950939045710997,0.9996086955070496
2959,8348,deeplift,0.839470154738852,0.5484854312879699,0.9983540773391724
2960,5987,deeplift,-0.013375270664691925,-0.11829861104488373,0.3073987364768982
2961,1599,deeplift,0.15963971903247218,-0.025509734788248615,0.4253289997577667
2962,4573,deeplift,0.8009658721478089,0.6778263125730597,0.9986382126808167
2963,5173,deeplift,0.6791309175583032,0.6261286712609805,0.9896814227104187
2964,6459,deeplift,0.2696659622920884,0.43097679482565987,0.7572941780090332
2965,4404,deeplift,0.6417539194226265,0.6113748472183943,0.9096974730491638
2966,7585,deeplift,0.5536703550153308,0.40929844478766125,0.8842015266418457
2967,8225,deeplift,0.7947084690147842,0.7402019040151075,0.9761107563972473
2968,4209,deeplift,-0.18719758316874505,-0.24956199899315834,0.07258966565132141
2969,1418,deeplift,0.6797239952965787,0.6586854638237702,0.985499918460846
2970,3309,deeplift,0.544500635404672,0.5569027215242386,0.9695686101913452
2971,9362,deeplift,0.1204394478173483,0.11804053719554629,0.5845239758491516
2972,6492,deeplift,0.4953284052511056,0.3089613972438706,0.947441041469574
2973,7841,deeplift,0.766598101084431,0.7787256240844727,0.9986454844474792
2974,3037,deeplift,-0.13643183731115782,-0.005416458615889916,0.1764560043811798
2975,1825,deeplift,0.5172585974136988,0.35655611952145894,0.8055851459503174
2976,3842,deeplift,0.6113313050785413,0.5479373975346485,0.8965687155723572
2977,4522,deeplift,-0.30424100905656815,-0.2263499010975162,0.014913300983607769
2978,1569,deeplift,-0.2488980091487368,-0.2525564891596635,0.08346115052700043
2979,1261,deeplift,0.4833868062123656,0.5388108855113387,0.9461262822151184
2980,4918,deeplift,0.6857324567708102,0.6592500111596151,0.9837623238563538
2981,5273,deeplift,0.6600648665970023,0.3190457328702464,0.9627588987350464
2982,2478,deeplift,0.724350813188051,0.6950675045189104,0.9757039546966553
2983,5795,deeplift,0.5404504112278422,0.5168304604788622,0.9648255109786987
2984,6864,deeplift,0.40257559061050413,0.5432254141569137,0.9505975246429443
2985,1616,deeplift,0.28433731868863105,0.31491712629795077,0.625809907913208
2986,6913,deeplift,0.6499077618122101,0.5108848083019256,0.9678993225097656
2987,2236,deeplift,0.6620964991009753,0.6637631330801093,0.9798816442489624
2988,7618,deeplift,0.6455586280892877,0.5817306059248307,0.9788611531257629
2989,5447,deeplift,0.7982678330288484,0.4387770495735682,0.986072301864624
2990,5554,deeplift,0.5459917027722386,0.32246709089068804,0.7767083644866943
2991,7212,deeplift,0.38258873351982664,0.5702439213082904,0.8002116680145264
2992,7352,deeplift,0.6297573751211166,0.7554568986594677,0.9880971908569336
2993,2533,deeplift,0.6560292822740427,0.5289444731684719,0.8414990901947021
2994,5950,deeplift,-0.24264439875976399,-0.09752937563909934,0.03144804388284683
2995,7947,deeplift,0.6155115236062556,0.6211393307894468,0.9980719089508057
2996,2689,deeplift,0.1585717582040363,0.2850020196702745,0.6280073523521423
2997,3110,deeplift,0.48957929473656875,0.3864868890780669,0.9935632944107056
2998,4397,deeplift,0.2797238564491272,0.5351616832613945,0.8630474209785461
2999,2935,deeplift,0.6039108876138926,0.5225232491890589,0.9213789701461792
3000,9632,integrated_gradient,-0.05136419374209184,0.17282867718201417,0.5868351459503174
3001,9282,integrated_gradient,0.8184766510599538,0.747924277068753,0.9996920824050903
3002,106,integrated_gradient,-0.5247421762154948,-0.38357346264585374,0.05082850903272629
3003,1446,integrated_gradient,0.3510790563918449,0.5298610716252714,0.9366569519042969
3004,1513,integrated_gradient,0.6137949530692661,0.5131913962609628,0.8197557330131531
3005,6498,integrated_gradient,-0.057148331090023645,0.09100786243614398,0.4965934753417969
3006,6973,integrated_gradient,0.7849368739074895,0.5809288376144001,0.9767543077468872
3007,4952,integrated_gradient,0.6551180698654868,0.5534018833528865,0.9817962050437927
3008,8552,integrated_gradient,0.6880220985886726,0.47116493162783707,0.872232973575592
3009,3027,integrated_gradient,-0.49077631489030626,-0.2827300571983582,0.013155492953956127
3010,2760,integrated_gradient,0.306957383453846,0.5083773966878653,0.9036301970481873
3011,3060,integrated_gradient,0.715081592968532,0.6247702900852475,0.9830917716026306
3012,33,integrated_gradient,0.5099519508726457,0.5704034742187051,0.9096025228500366
3013,1349,integrated_gradient,0.23730017244815826,0.3645659778267145,0.8528456687927246
3014,4934,integrated_gradient,0.8181101646274328,0.3620108485221863,0.9373475313186646
3015,2680,integrated_gradient,0.6937267403869379,0.6858587594282243,0.9424630403518677
3016,9074,integrated_gradient,0.6719851783580251,0.7215226035979059,0.9839212894439697
3017,5414,integrated_gradient,0.661573842952126,0.6694336706086209,0.9929293990135193
3018,6663,integrated_gradient,0.8193972495977174,0.6142162704332308,0.999101996421814
3019,5286,integrated_gradient,0.6941091229136174,0.6197947077453136,0.980504035949707
3020,3782,integrated_gradient,0.5859270412474871,0.4341324409469962,0.8612732887268066
3021,4516,integrated_gradient,0.28274326492100954,0.2813061894848943,0.5729129910469055
3022,4554,integrated_gradient,0.36529516396315204,0.2951998227964277,0.6359938383102417
3023,1595,integrated_gradient,0.7243782866459626,0.39103447932463425,0.9860119223594666
3024,3857,integrated_gradient,0.23971809374123085,0.366313002731015,0.8257390856742859
3025,3337,integrated_gradient,0.3984580934047699,0.5346298555915172,0.9874890446662903
3026,9255,integrated_gradient,0.6772383638790676,0.5820208443062646,0.9287757873535156
3027,1383,integrated_gradient,0.4049111177092013,0.5044860788013624,0.9670538306236267
3028,4860,integrated_gradient,0.7711848105703082,0.683029851033574,0.9902095794677734
3029,7275,integrated_gradient,0.3907928194688714,0.6264685904202254,0.9986231327056885
3030,8740,integrated_gradient,0.3184030189877376,0.4596883812919259,0.8915581107139587
3031,1155,integrated_gradient,0.6255034260127855,0.5678326137687849,0.7966771721839905
3032,6725,integrated_gradient,0.33613787094751996,0.4952006410984766,0.907792866230011
3033,1076,integrated_gradient,0.524414381810597,0.5712935264621463,0.932974100112915
3034,3058,integrated_gradient,0.42788165023452357,0.6295135030032772,0.9431897401809692
3035,4586,integrated_gradient,0.5413923079768816,0.3633388196428617,0.80568927526474
3036,1791,integrated_gradient,0.283081825536031,0.4557465227464071,0.7876419425010681
3037,6325,integrated_gradient,0.6536923285573721,0.8293940161665281,0.9873836636543274
3038,7506,integrated_gradient,0.831115029959215,0.6783449413875738,0.9960224628448486
3039,6495,integrated_gradient,0.8420694807642385,0.645660179226022,0.9991976618766785
3040,9542,integrated_gradient,0.6482762588482154,0.575420160434748,0.781927764415741
3041,4694,integrated_gradient,0.836251420239287,0.6503733850775226,0.9919273853302002
3042,8369,integrated_gradient,-0.24453108488685554,-0.15340415367649662,0.07666584104299545
3043,7093,integrated_gradient,0.32584879366737424,0.3460133391799349,0.5145242214202881
3044,2794,integrated_gradient,0.721856582423915,0.6824253175569617,0.9767383337020874
3045,39,integrated_gradient,0.7811028906895269,0.6999319767759692,0.9872057437896729
3046,7478,integrated_gradient,-0.07696875754524679,0.05290362940115087,0.44425079226493835
3047,1253,integrated_gradient,0.6550570790256772,0.6111705661529586,0.9360433220863342
3048,360,integrated_gradient,0.51960531941482,0.6005748567127046,0.8569230437278748
3049,9638,integrated_gradient,0.31585533171892166,0.5369306706956455,0.919952392578125
3050,1726,integrated_gradient,0.3712439256555894,0.6638729504364378,0.9702189564704895
3051,439,integrated_gradient,-0.035979477858001534,-0.15393073851778769,0.12333211302757263
3052,5267,integrated_gradient,-0.12495904634980594,-0.18826889224788723,0.11205608397722244
3053,4337,integrated_gradient,0.7142443645000458,0.5818290984630585,0.9803929924964905
3054,7724,integrated_gradient,0.5412491474014062,0.7109287773760465,0.948736310005188
3055,7676,integrated_gradient,0.3833024173974991,0.5560986425572385,0.9285060167312622
3056,8913,integrated_gradient,0.49768870495832884,0.6257981004623266,0.9838032722473145
3057,2492,integrated_gradient,0.20125371046364307,0.2723078775405884,0.7457177042961121
3058,7462,integrated_gradient,0.6329862949523059,0.5070619579743255,0.8199244737625122
3059,7430,integrated_gradient,0.8245261469855905,0.7051542792469263,0.9743328094482422
3060,6620,integrated_gradient,0.7109565460123122,0.6890695198671892,0.894646167755127
3061,6221,integrated_gradient,0.6387554440233443,0.7486353868411647,0.9907359480857849
3062,8844,integrated_gradient,0.4576802727851001,0.4844095192172311,0.7745300531387329
3063,4518,integrated_gradient,0.3282735586166382,0.4681680699189504,0.8635720014572144
3064,1684,integrated_gradient,0.41564022927057176,0.42686125210353304,0.9824582934379578
3065,29,integrated_gradient,0.800374521770411,0.6028434495545096,0.998471200466156
3066,6475,integrated_gradient,0.23529085233097985,0.5212280913477852,0.8085962533950806
3067,6691,integrated_gradient,0.6769975858830637,0.6547589600086212,0.9483029246330261
3068,1747,integrated_gradient,0.2544956588745117,0.4302717876434326,0.8665693402290344
3069,5559,integrated_gradient,0.8875744839065841,0.6061221840126174,0.999813973903656
3070,3325,integrated_gradient,0.4202534954994917,0.5082392960786819,0.9612475037574768
3071,4525,integrated_gradient,0.6509776084373394,0.631290277155737,0.8384320139884949
3072,5434,integrated_gradient,0.6841823794335747,0.80374457143868,0.9657297730445862
3073,2129,integrated_gradient,0.46123182359668946,0.4988408949640062,0.9874588251113892
3074,5441,integrated_gradient,0.6499859074483046,0.38508265425224564,0.8794229626655579
3075,9420,integrated_gradient,0.7670558016089832,0.6119038471404243,0.9823731184005737
3076,1330,integrated_gradient,0.819953084178269,0.7220006721094251,0.9996353387832642
3077,7369,integrated_gradient,-0.10587141988798976,-0.24269169243052602,0.06873950362205505
3078,2275,integrated_gradient,0.9047459957792479,0.39091600521522407,0.9997089505195618
3079,1765,integrated_gradient,0.7169295508900414,0.7416897148055874,0.997431218624115
3080,9131,integrated_gradient,0.7933663196604828,0.6377032099869745,0.9638827443122864
3081,6095,integrated_gradient,0.36279759588448895,0.5384010934149441,0.8998324871063232
3082,1263,integrated_gradient,0.24676489954193434,0.5438111669694384,0.8352441191673279
3083,1142,integrated_gradient,0.8433202560991049,0.46137628748136406,0.941268265247345
3084,7797,integrated_gradient,0.8523662665651904,0.6172388645095958,0.999929666519165
3085,4989,integrated_gradient,0.03666495507763278,0.2945567424739561,0.6512267589569092
3086,4395,integrated_gradient,0.31612160141495144,0.6466403597627174,0.8682177662849426
3087,5333,integrated_gradient,0.5975663426586173,0.5523825332973943,0.8102253079414368
3088,8163,integrated_gradient,0.8057897368615324,0.7479258640245958,0.9964901804924011
3089,8995,integrated_gradient,0.6583946014151854,0.48168996677679177,0.9415493607521057
3090,9568,integrated_gradient,0.7348814229170482,0.775252707923452,0.9859545826911926
3091,6098,integrated_gradient,0.0754571958230092,0.24901367953190437,0.6807425618171692
3092,7278,integrated_gradient,0.43024056951204936,0.38284923185904823,0.6199057698249817
3093,1516,integrated_gradient,0.40690417066216467,0.5657683971337975,0.9512353539466858
3094,3501,integrated_gradient,0.47903514014823095,0.5305599080664771,0.8539535999298096
3095,4371,integrated_gradient,0.1846991777420044,0.4041375033557415,0.8741796612739563
3096,7736,integrated_gradient,0.797104774609856,0.8245246484875679,0.9949358701705933
3097,1683,integrated_gradient,0.5557457007467747,0.5830071039497853,0.8886668682098389
3098,1631,integrated_gradient,0.3523563529763903,0.5312356164767629,0.8749146461486816
3099,4601,integrated_gradient,0.048784196617141846,-0.04486029499000119,0.24468864500522614
3100,6956,integrated_gradient,0.35763159275054934,0.7020706969127058,0.9943296909332275
3101,8482,integrated_gradient,-0.2287624879525258,-0.39722219778177065,0.014122575521469116
3102,9095,integrated_gradient,0.4217634340127309,0.425754843155543,0.9781303405761719
3103,7344,integrated_gradient,0.8095358586697666,0.7614086223421274,0.9935281872749329
3104,1732,integrated_gradient,0.33423867191259676,0.5089054732368543,0.8986511826515198
3105,4373,integrated_gradient,0.7613464986736124,0.6318895735523917,0.9841285943984985
3106,971,integrated_gradient,0.7597545749740675,0.565110822673887,0.9162517189979553
3107,6578,integrated_gradient,0.4276481105221642,0.5494781881570816,0.9421021938323975
3108,1453,integrated_gradient,0.8688911176041553,0.6039976777606889,0.9991248250007629
3109,80,integrated_gradient,0.08770268165972084,-0.06052676375423159,0.25069528818130493
3110,8908,integrated_gradient,0.6428977540310692,0.6837588986929726,0.9834333658218384
3111,96,integrated_gradient,0.8116189089603723,0.5952819585800171,0.9987819790840149
3112,4376,integrated_gradient,0.5908752817374009,0.5542455498988812,0.966674268245697
3113,3207,integrated_gradient,0.21947561993318446,0.4131113036590464,0.8136265277862549
3114,6462,integrated_gradient,0.684708413832328,0.6746862539473701,0.9778786897659302
3115,6220,integrated_gradient,0.45368276205327773,0.46717741361094844,0.7519335746765137
3116,3279,integrated_gradient,0.8133793599637491,0.6030989880008357,0.9997448325157166
3117,8741,integrated_gradient,0.3993217332617325,0.4341120696352685,0.5602492094039917
3118,8758,integrated_gradient,0.3819515288752668,0.6655306306612843,0.9525967836380005
3119,5396,integrated_gradient,0.3408594670749846,0.5518373573819796,0.98838871717453
3120,2855,integrated_gradient,0.41401304403940836,0.35152029395103457,0.8815556168556213
3121,1862,integrated_gradient,0.6261286586523056,0.7712504033898485,0.9610991477966309
3122,7659,integrated_gradient,0.283008313662297,0.4477146529668086,0.8467274308204651
3123,8446,integrated_gradient,0.8192092427052557,0.6020593694411218,0.9988710284233093
3124,5152,integrated_gradient,0.39967306248015827,0.5304580937933039,0.9940819144248962
3125,2903,integrated_gradient,-0.03863830283977265,-0.07571835850560388,0.1892295479774475
3126,7581,integrated_gradient,0.7577069332202275,0.638158883775274,0.9940722584724426
3127,9431,integrated_gradient,0.7649358885691446,0.7047035371994271,0.9677446484565735
3128,8948,integrated_gradient,0.6004652841524645,0.6840473220429637,0.9481334686279297
3129,2486,integrated_gradient,-0.4960096393312727,-0.30989689512976576,0.02572258561849594
3130,5552,integrated_gradient,0.6096021367443932,0.5274881563252873,0.9102206230163574
3131,5479,integrated_gradient,0.5711029797792435,0.8110194156567255,0.9652752876281738
3132,3894,integrated_gradient,0.560967237434604,0.5806982026181438,0.8844799995422363
3133,9430,integrated_gradient,-0.2502226449017014,-0.24571494358990872,0.013654867187142372
3134,9766,integrated_gradient,0.46331553019228433,0.6489937981324536,0.9629518985748291
3135,4355,integrated_gradient,0.19107730083522342,0.23478211143187114,0.5038201808929443
3136,2833,integrated_gradient,0.10035251841569941,0.34544169654448825,0.6843008995056152
3137,3328,integrated_gradient,0.418134985698594,0.5771715256075064,0.949097216129303
3138,8019,integrated_gradient,-0.2918864277501901,-0.2525022265811761,0.03530601039528847
3139,3424,integrated_gradient,0.3628206327557564,0.4917551945894957,0.9673694372177124
3140,4539,integrated_gradient,0.8136454442584956,0.6382979124232575,0.997796893119812
3141,4921,integrated_gradient,-0.177344244459401,0.12164509928096896,0.420066237449646
3142,3469,integrated_gradient,0.42644029657046,0.45292591154575346,0.9678383469581604
3143,5705,integrated_gradient,0.8138184751197696,0.7174782028235495,0.9994989633560181
3144,311,integrated_gradient,0.5802983286289068,0.30180051693549526,0.7733714580535889
3145,9045,integrated_gradient,0.1527935653215363,0.3936124032451993,0.7607484459877014
3146,2619,integrated_gradient,0.033249254370557854,-0.09208667483823053,0.2811937630176544
3147,789,integrated_gradient,0.805714277861019,0.6805676879982153,0.9994664788246155
3148,2742,integrated_gradient,0.09597317576408386,0.25111440699547527,0.6413431167602539
3149,5653,integrated_gradient,0.7341783518592516,0.8111724535313746,0.9864535927772522
3150,483,integrated_gradient,-0.15753615529022433,0.003236203115772117,0.2950841188430786
3151,8113,integrated_gradient,-0.09193793593383418,-0.13612243065201654,0.13129007816314697
3152,8478,integrated_gradient,0.7881882659652654,0.6220329020391492,0.8963323831558228
3153,1199,integrated_gradient,0.3395836972273313,0.5038841129877628,0.9540375471115112
3154,5507,integrated_gradient,-0.49411758929491045,-0.3825541714206338,0.0754658654332161
3155,3653,integrated_gradient,0.8596469047234246,0.7476589703246167,0.9979169964790344
3156,5065,integrated_gradient,0.3833760961013682,0.5289602257749614,0.9645865559577942
3157,1626,integrated_gradient,0.8129941415041685,0.758271973207593,0.94484543800354
3158,7661,integrated_gradient,-0.21111690684368736,0.037539506429120115,0.442690372467041
3159,6837,integrated_gradient,0.8568456140549287,0.7190700518169805,0.99808669090271
3160,7655,integrated_gradient,0.7715904381540086,0.7184816545082463,0.9999051094055176
3161,8538,integrated_gradient,0.8455845953763595,0.7310401579099042,0.9930523633956909
3162,1775,integrated_gradient,0.12469997629523277,-0.13242944192496084,0.2665860652923584
3163,9643,integrated_gradient,0.31423482950776815,0.5985342999920249,0.9525106549263
3164,8884,integrated_gradient,0.8519589100633899,0.7775503545999527,0.9963610768318176
3165,6778,integrated_gradient,0.9128118325800946,0.5708856955170631,0.9993769526481628
3166,2340,integrated_gradient,0.8655975444375404,0.35194780571120127,0.9982617497444153
3167,7226,integrated_gradient,-0.1302073591134765,-0.19279404628005894,0.01776505634188652
3168,1472,integrated_gradient,0.6131143385455722,0.7131112615267435,0.9634662866592407
3169,8187,integrated_gradient,0.772740713838074,0.71327408333309,0.9835251569747925
3170,6250,integrated_gradient,0.6665453424579219,0.7249898008610073,0.981038510799408
3171,2335,integrated_gradient,-0.43184281554487014,-0.32661484533713925,0.15440629422664642
3172,8981,integrated_gradient,-0.10838843030588967,-0.08149078914097377,0.2739567160606384
3173,8685,integrated_gradient,0.6593337932537342,0.6951702347603338,0.9768679141998291
3174,251,integrated_gradient,0.6058343429775799,0.618992426816155,0.9841459393501282
3175,2732,integrated_gradient,0.5646965670235017,0.6043770357089884,0.9908655285835266
3176,4329,integrated_gradient,0.17489658296108246,0.4244777684410413,0.6881905198097229
3177,9545,integrated_gradient,0.8493916705871621,0.677594367828634,0.9999630451202393
3178,2337,integrated_gradient,0.6467976940588819,0.5989764320353667,0.7886442542076111
3179,8695,integrated_gradient,0.34944935287198714,0.5651892887488488,0.9888496994972229
3180,2215,integrated_gradient,0.053941054070102315,-0.08858504678521838,0.17153742909431458
3181,5436,integrated_gradient,0.7832493022793815,0.8574228478329522,0.9990270137786865
3182,5058,integrated_gradient,0.34494785101790176,0.31797242007757487,0.8502129316329956
3183,9548,integrated_gradient,0.8223078357784644,0.7141183289982702,0.9972397089004517
3184,108,integrated_gradient,0.7179091216789352,0.5260810106992722,0.992219865322113
3185,3019,integrated_gradient,0.7475070441141725,0.689945278223604,0.9944136738777161
3186,487,integrated_gradient,0.7729716412723064,0.5883919679456286,0.8923308849334717
3187,2436,integrated_gradient,0.4365886142176966,0.638989002714234,0.9759021401405334
3188,2417,integrated_gradient,0.4956829592585564,0.45660308599472044,0.7580488324165344
3189,2684,integrated_gradient,0.8281965872839742,0.8261466926854589,0.9983345866203308
3190,621,integrated_gradient,0.40948435679078105,0.26543284878134726,0.5852698087692261
3191,3281,integrated_gradient,0.2945005415007472,0.0787312638014555,0.3935876488685608
3192,8547,integrated_gradient,0.3985032183783395,0.6021715562258448,0.9655312895774841
3193,3941,integrated_gradient,0.8994920692140502,0.8530385547450611,0.999041736125946
3194,2423,integrated_gradient,0.2489097842148372,0.3823354556890471,0.7344033718109131
3195,7682,integrated_gradient,0.6191761143505573,0.6982030600309372,0.9766225814819336
3196,4960,integrated_gradient,0.3226359171025893,0.41407911391819224,0.9545183777809143
3197,2766,integrated_gradient,0.41385068879886105,0.6105360295623541,0.9641554951667786
3198,7662,integrated_gradient,0.6904001782337824,0.6294654228148007,0.9493343830108643
3199,416,integrated_gradient,0.6243095371653052,0.7367074384408838,0.9895657300949097
3200,3898,integrated_gradient,-0.5198401319549272,-0.5222664524457956,0.04477410390973091
3201,7632,integrated_gradient,0.5378331038213912,0.6358994564839772,0.9277108311653137
3202,2328,integrated_gradient,0.7916571451794534,0.43812842879976543,0.9876748323440552
3203,2754,integrated_gradient,0.7336213430937599,0.5283881583634544,0.9425421357154846
3204,8234,integrated_gradient,0.8498671795427799,0.6998062551021575,0.9998112320899963
3205,3101,integrated_gradient,0.6937013232707977,0.7189218097925186,0.978207528591156
3206,2108,integrated_gradient,0.430523948078709,0.09473658938493047,0.5767663717269897
3207,3100,integrated_gradient,0.43069423348815356,0.2717413303476793,0.57489013671875
3208,5351,integrated_gradient,0.8227452865291026,0.5294156834002464,0.9731556177139282
3209,3284,integrated_gradient,0.8254824933760306,0.8097461223164025,0.999789297580719
3210,4824,integrated_gradient,-0.47522675395011904,-0.16250694245100022,0.11368794739246368
3211,6551,integrated_gradient,0.7003992778914315,0.5443604850343295,0.8818588256835938
3212,7444,integrated_gradient,0.15956014028394266,0.0012452593621085672,0.25782865285873413
3213,304,integrated_gradient,0.8116525942016215,0.7679486356320835,0.9949650168418884
3214,6360,integrated_gradient,0.43502416610717776,0.49027867515881857,0.9673136472702026
3215,4190,integrated_gradient,0.410011512005613,0.33117485755965825,0.5699300169944763
3216,6664,integrated_gradient,0.5817540031340387,0.46229060573710334,0.9606970548629761
3217,1945,integrated_gradient,0.8553863934034275,0.7548970729112625,0.9966555833816528
3218,5817,integrated_gradient,-0.2580344793589219,0.1069133770044731,0.37664487957954407
3219,92,integrated_gradient,0.5810951429605484,0.5176589053869247,0.8146926164627075
3220,119,integrated_gradient,0.8723250678317114,0.5212242887778715,0.9989120960235596
3221,9591,integrated_gradient,0.05376382984898307,0.2544442188333381,0.6436032056808472
3222,8421,integrated_gradient,0.26210897004809874,0.0462778560046492,0.5145477652549744
3223,7945,integrated_gradient,0.6044426867738366,0.6822346551343799,0.9813550114631653
3224,2487,integrated_gradient,0.6442408982826315,0.6719764592530935,0.981793999671936
3225,1245,integrated_gradient,0.6381998443976045,0.5059366393834352,0.9603469967842102
3226,346,integrated_gradient,0.6242738046090711,0.40139021385799756,0.7451899647712708
3227,9392,integrated_gradient,0.6598403959170632,0.5508988201618195,0.9193423986434937
3228,6604,integrated_gradient,0.2414196158448855,0.063824113458395,0.3916223645210266
3229,6338,integrated_gradient,-0.10851421847085779,-0.4151104802304568,0.0007142872200347483
3230,8410,integrated_gradient,0.24774012106813884,0.34858978069142293,0.7856822609901428
3231,4216,integrated_gradient,0.45129851571151186,0.45917637859072,0.9847311973571777
3232,7436,integrated_gradient,-0.2894142456352711,-0.1276248898357153,0.2272808998823166
3233,6666,integrated_gradient,0.33723126848538715,0.4443806364680781,0.9586819410324097
3234,8051,integrated_gradient,0.287139557035906,0.5392567307821342,0.8715716004371643
3235,1593,integrated_gradient,-0.10185818856253344,-0.2128289764856591,0.15043936669826508
3236,6951,integrated_gradient,0.3528706912810986,0.5840326937345358,0.9345783591270447
3237,850,integrated_gradient,0.6979855780622789,0.6467498491207758,0.9296643733978271
3238,5506,integrated_gradient,0.7410953735432974,0.7569283815782245,0.9685686230659485
3239,8479,integrated_gradient,0.3665789408343179,0.3183103661452021,0.6700364947319031
3240,7182,integrated_gradient,0.7747610003894402,0.6238687729669942,0.9999536275863647
3241,2362,integrated_gradient,0.7748270141892135,0.5258424261119217,0.9505352973937988
3242,2178,integrated_gradient,0.7292801231145859,0.39235214846474786,0.9733298420906067
3243,1731,integrated_gradient,-0.22277269798975724,0.07397981016681744,0.38484254479408264
3244,4185,integrated_gradient,0.8810625266479818,0.667757285660819,0.9936004877090454
3245,673,integrated_gradient,0.8170516230975804,0.749459396885789,0.9984293580055237
3246,5212,integrated_gradient,0.43197023687330455,0.46354064123856054,0.6283679604530334
3247,4417,integrated_gradient,0.7125458527695049,0.5528705451976169,0.9879036545753479
3248,1056,integrated_gradient,0.6433576407531897,0.415175577280698,0.7735608816146851
3249,9593,integrated_gradient,-0.32786645740270615,-0.12198744267225266,0.243360698223114
3250,623,integrated_gradient,-0.10777870884963445,-0.2668172135239556,0.14192570745944977
3251,6217,integrated_gradient,-0.2512631345736353,0.02919566003899825,0.2582426369190216
3252,9597,integrated_gradient,0.3252531536694231,0.6069558316777492,0.94245845079422
3253,2955,integrated_gradient,0.8150284457206726,0.8631912788748741,0.999518632888794
3254,88,integrated_gradient,0.45096636066834134,0.776830518618226,0.9609821438789368
3255,3538,integrated_gradient,-0.10783310430614572,0.1687804876189483,0.40691903233528137
3256,3643,integrated_gradient,0.7055135636969849,0.8161650512505461,0.9848778247833252
3257,8313,integrated_gradient,-0.19624491120057722,-0.2361595154769959,0.051715411245822906
3258,5649,integrated_gradient,0.7441728075868205,0.6383327908421818,0.9766762852668762
3259,1355,integrated_gradient,0.6187452999530015,0.677165784769588,0.88857102394104
3260,7142,integrated_gradient,0.46889575517603327,0.369354603013822,0.6247670650482178
3261,1512,integrated_gradient,0.7434171645436436,0.7110231553961057,0.9998650550842285
3262,7565,integrated_gradient,0.4201987353355988,0.6531388719120751,0.8787069320678711
3263,733,integrated_gradient,0.46148975849151613,0.4209189227223396,0.9125187397003174
3264,8765,integrated_gradient,0.2667528583722956,0.32021520725067926,0.8646788001060486
3265,9018,integrated_gradient,0.17087572813034058,0.3352972982185228,0.8577378988265991
3266,6240,integrated_gradient,0.39833772741258144,0.47252825088799,0.9745098352432251
3267,590,integrated_gradient,0.7963180542879161,0.6655501886492684,0.9846627712249756
3268,3745,integrated_gradient,0.6735264776008469,0.7582741100341082,0.9794371724128723
3269,1919,integrated_gradient,0.45734208009459754,0.695859940383922,0.8799989819526672
3270,7799,integrated_gradient,0.3341028045477538,0.6622511106061524,0.9782043695449829
3271,7684,integrated_gradient,0.7563487247331068,0.37520651519298553,0.8755611777305603
3272,9486,integrated_gradient,0.7678320558839723,0.7212991159605352,0.9996349811553955
3273,5027,integrated_gradient,0.7666413901107652,0.8020568273163268,0.9352264404296875
3274,8568,integrated_gradient,0.7557408666276993,0.6642768797464669,0.9612317681312561
3275,5425,integrated_gradient,0.8167255406081676,0.7189647978544236,0.9971936941146851
3276,2377,integrated_gradient,0.6591846802168422,0.6561603612369962,0.9438385963439941
3277,6447,integrated_gradient,0.7315176879918134,0.7303999907992504,0.9587855935096741
3278,8029,integrated_gradient,0.6622840750675935,0.4633233171816056,0.948946475982666
3279,3855,integrated_gradient,-0.41614391122545513,-0.14472986722276324,0.1962687075138092
3280,5221,integrated_gradient,-0.3488101094961166,-0.14322449912627538,0.18781906366348267
3281,5792,integrated_gradient,0.7997059529026349,0.4665840171277523,0.9906495213508606
3282,3006,integrated_gradient,0.3809523383776347,0.5441554188728333,0.9978829026222229
3283,8706,integrated_gradient,0.6089879605505202,0.5611895993351936,0.9663774967193604
3284,2943,integrated_gradient,0.6601046015476358,0.6632109272197403,0.9308606386184692
3285,2072,integrated_gradient,0.10777867174354093,0.1955969480091128,0.5698568224906921
3286,3873,integrated_gradient,0.8721831820905208,0.4538799102107684,0.9997352957725525
3287,9297,integrated_gradient,-0.11343021644279361,-0.27863561977510864,0.023425154387950897
3288,9105,integrated_gradient,0.3901540350455504,0.4647296644174136,0.9175363183021545
3289,7635,integrated_gradient,-0.11039058017459782,0.07032707333564758,0.5086358189582825
3290,5313,integrated_gradient,0.7210878059267998,0.6589424289762974,0.9687720537185669
3291,9675,integrated_gradient,-0.43695289775347096,-0.22702493795599693,0.04756920784711838
3292,2075,integrated_gradient,-0.49687751713208855,-0.30910032698884604,0.029840612784028053
3293,7144,integrated_gradient,0.25644793476049715,0.4609929065291698,0.7779881358146667
3294,3928,integrated_gradient,0.8174088306725025,0.5736687190830707,0.9944451451301575
3295,1393,integrated_gradient,0.5013906735067184,0.7616383782946147,0.9559140801429749
3296,263,integrated_gradient,0.23632882729820584,0.2595859063870233,0.5543873906135559
3297,970,integrated_gradient,0.3273196244239807,0.6051483762264251,0.9830170273780823
3298,5821,integrated_gradient,0.6209680568426847,0.5958743759741386,0.9705916047096252
3299,8593,integrated_gradient,0.3774765662171624,0.5936990963210437,0.9902368187904358
3300,4553,integrated_gradient,0.04239340623219808,-0.17330436470607916,0.25519683957099915
3301,1671,integrated_gradient,0.1021380482448472,0.1793876803583569,0.36948418617248535
3302,3118,integrated_gradient,0.42941301383755426,0.6595630503513596,0.9853379726409912
3303,4367,integrated_gradient,0.7169443922383445,0.6472806637840611,0.9835205674171448
3304,1760,integrated_gradient,0.6623664763238695,0.5316724280516306,0.953184962272644
3305,3412,integrated_gradient,0.8446076456457376,0.48946457356214523,0.9996806383132935
3306,6066,integrated_gradient,0.4041161178438752,0.48003991776042515,0.7711567282676697
3307,3616,integrated_gradient,0.533023963079733,0.7327007081578759,0.9940558671951294
3308,5874,integrated_gradient,0.4177065229132062,0.36353884353524163,0.665697455406189
3309,2189,integrated_gradient,0.7653148022034894,0.5424943368719972,0.9733267426490784
3310,6071,integrated_gradient,-0.187991072734197,0.07304995864008863,0.3445005416870117
3311,5148,integrated_gradient,0.4357330733362366,0.5864217198070358,0.9919676184654236
3312,9064,integrated_gradient,0.8075826267401377,0.5494013449384106,0.9951918125152588
3313,8381,integrated_gradient,0.7474872610635228,0.5839172287119759,0.9911434650421143
3314,3352,integrated_gradient,0.9141490290251871,0.6735839710260431,0.9917272329330444
3315,799,integrated_gradient,0.7525320828759244,0.6040792795164245,0.9007335305213928
3316,8656,integrated_gradient,0.7009758855167189,0.5486351377085635,0.9716004729270935
3317,7305,integrated_gradient,-0.11935048043727875,-0.03255041837692261,0.4172053039073944
3318,7948,integrated_gradient,0.6226196574668089,0.6619493414958318,0.9854472875595093
3319,7233,integrated_gradient,0.3084303987297145,0.3698028779842637,0.6311346888542175
3320,2392,integrated_gradient,0.8774981282315113,0.7327624679439597,0.9886122345924377
3321,3443,integrated_gradient,0.579256738225619,0.5214880026049085,0.8816978335380554
3322,8558,integrated_gradient,0.37833835631608964,0.5959730642537276,0.973223090171814
3323,5014,integrated_gradient,-0.3529878295958042,-0.3456597359230121,0.07035710662603378
3324,4362,integrated_gradient,0.34942485156812164,0.5575351942526666,0.9208598732948303
3325,8224,integrated_gradient,0.1647904912630717,0.5152845472097397,0.8885605931282043
3326,6865,integrated_gradient,0.5900419560762552,0.38465048372745514,0.8719384074211121
3327,7389,integrated_gradient,0.6052884215658362,0.6053265089338477,0.9629926681518555
3328,303,integrated_gradient,-0.26164159644395113,-0.33336740273982285,0.014017949812114239
3329,8398,integrated_gradient,-0.06089601726145358,-0.18006246275192983,0.19514413177967072
3330,2907,integrated_gradient,0.5409751630255154,0.31783846730277654,0.7638531923294067
3331,4619,integrated_gradient,0.6079221228758495,0.579785140355428,0.9858346581459045
3332,4765,integrated_gradient,0.6366980558261275,0.8589741185307502,0.9990813732147217
3333,3320,integrated_gradient,0.2983594738668011,0.45727324101232714,0.9103321433067322
3334,5298,integrated_gradient,0.6645755489235339,0.4609172042945157,0.9235251545906067
3335,7927,integrated_gradient,0.5866306851773212,0.6787222186103463,0.7891092300415039
3336,2348,integrated_gradient,0.268857832465853,0.548848528947149,0.9576795101165771
3337,4267,integrated_gradient,-0.33168837273943014,-0.049950259689498566,0.17377091944217682
3338,9648,integrated_gradient,-0.0654934096770982,-0.014671596698462963,0.4353678822517395
3339,3024,integrated_gradient,0.8484841536497697,0.7969343785196543,0.9947077035903931
3340,1373,integrated_gradient,0.8242169925943017,0.63310452317819,0.9978209733963013
3341,7377,integrated_gradient,0.8292388308436784,0.5775240033399314,0.9994086027145386
3342,9782,integrated_gradient,0.14549397081136703,0.47807019799947736,0.739330530166626
3343,2771,integrated_gradient,0.13589493609550926,0.26683866982865667,0.7439307570457458
3344,3,integrated_gradient,0.3956901073455811,0.5726450115442276,0.9819961786270142
3345,2908,integrated_gradient,0.16918655430398336,0.3928373650443263,0.7847798466682434
3346,3852,integrated_gradient,0.7700042989301054,0.7622267352907282,0.9862563014030457
3347,532,integrated_gradient,0.3017658936349969,0.616851206672819,0.9266643524169922
3348,7929,integrated_gradient,0.7575683010121187,0.5561399283734235,0.9613776206970215
3349,9423,integrated_gradient,0.4048684923486276,0.6503861201080409,0.9784471392631531
3350,290,integrated_gradient,0.7951148271560669,0.816488575488329,0.9896323680877686
3351,3014,integrated_gradient,0.8105534289497882,0.6462499909102917,0.9996546506881714
3352,2874,integrated_gradient,0.7918660687772852,0.7325920546917539,0.9981462955474854
3353,5146,integrated_gradient,0.6054052847127119,0.5821563818802437,0.847770094871521
3354,2221,integrated_gradient,0.39861061200499537,0.5486611936241388,0.9947670698165894
3355,6958,integrated_gradient,0.7621975066140294,0.7742002842326959,0.9999463558197021
3356,2997,integrated_gradient,0.6870135520185743,0.5442431877766337,0.9155088663101196
3357,6729,integrated_gradient,0.6563381469249725,0.4177441814541817,0.9641355872154236
3358,9159,integrated_gradient,0.37979065320071054,0.5245307096663643,0.9859901666641235
3359,6175,integrated_gradient,0.2934617964481866,0.4815951392606453,0.8925741910934448
3360,568,integrated_gradient,0.7311531639304655,0.6260161087687673,0.9454593658447266
3361,5284,integrated_gradient,0.5933021433478178,0.4227505797563597,0.8300798535346985
3362,1107,integrated_gradient,0.05255055400942053,0.35225073248147964,0.6682243347167969
3363,135,integrated_gradient,0.4390777498483658,0.6203729965165258,0.9716272354125977
3364,7828,integrated_gradient,0.33629879355430603,0.2683393050517355,0.6850035786628723
3365,8709,integrated_gradient,-0.20353190162602594,-0.2760055117747363,0.12519556283950806
3366,7998,integrated_gradient,0.5722182711417024,0.5871183316815983,0.8645012974739075
3367,1087,integrated_gradient,0.2563711117733927,0.4904026993933846,0.775250256061554
3368,8291,integrated_gradient,0.3130966774795366,0.38120897243852203,0.854321300983429
3369,2301,integrated_gradient,0.6524163019657135,0.40810474574565886,0.95539391040802
3370,4339,integrated_gradient,0.37682637359414783,0.49233447121722357,0.9137663245201111
3371,6851,integrated_gradient,0.19511929485532972,0.4989133025347083,0.7973652482032776
3372,3047,integrated_gradient,-0.18478734120726586,-0.2588647898286581,0.0979495421051979
3373,4130,integrated_gradient,0.4122043050204714,0.4130882148941358,0.9384138584136963
3374,4521,integrated_gradient,0.08574765496369866,0.33012379002239967,0.6010063886642456
3375,7538,integrated_gradient,-0.364365347661078,-0.09799184650182724,0.24221482872962952
3376,5473,integrated_gradient,0.17379382335477406,0.1427597560816341,0.5097333192825317
3377,388,integrated_gradient,0.1778258197989903,-0.05373372274794077,0.35248786211013794
3378,4217,integrated_gradient,0.20159691898152232,0.08038059202954173,0.37010785937309265
3379,2122,integrated_gradient,0.8197212987579405,0.7131232920413216,0.9940676689147949
3380,1310,integrated_gradient,0.6426050033834245,0.6251020895110236,0.9521945118904114
3381,647,integrated_gradient,0.1920321598649025,0.5089459851384163,0.8441824316978455
3382,6510,integrated_gradient,0.6657435909697884,0.6541409731695527,0.983997106552124
3383,8040,integrated_gradient,0.8358772452920675,0.6448274922246734,0.9927237629890442
3384,1183,integrated_gradient,0.5304430541582406,0.3179766717366874,0.7527951598167419
3385,2859,integrated_gradient,0.05074744442334542,0.027897641277657106,0.29044002294540405
3386,7769,integrated_gradient,0.7307858897580041,0.7369233734077878,0.9893583059310913
3387,8403,integrated_gradient,0.8560005906311905,0.7403963571962189,0.9993377327919006
3388,7110,integrated_gradient,-0.2056193081114222,-0.3059374550905298,0.019069893285632133
3389,5798,integrated_gradient,0.3828386440873146,0.6158706576097757,0.9720874428749084
3390,3128,integrated_gradient,0.1985760716830983,0.13071360307581284,0.5682955384254456
3391,7197,integrated_gradient,-0.10525973313129865,-0.39720002819712347,0.022872185334563255
3392,3148,integrated_gradient,0.8527388648688793,0.7665535086393356,0.9993751645088196
3393,510,integrated_gradient,0.6400264747002545,0.7299380854648703,0.9432699084281921
3394,3059,integrated_gradient,0.6989210401920395,0.6582463149809175,0.9986955523490906
3395,7940,integrated_gradient,0.7830631057421367,0.7462850314875443,0.9874366521835327
3396,4049,integrated_gradient,0.2898695670068264,0.5194718986749649,0.8314626812934875
3397,5875,integrated_gradient,0.7930690203287193,0.706928962274738,0.9635235071182251
3398,3859,integrated_gradient,0.2393937091032664,0.34211241205533344,0.8255603909492493
3399,6849,integrated_gradient,0.2856470488011837,0.14555220156908036,0.574726402759552
3400,8149,integrated_gradient,0.33981270171128786,0.5548422919729581,0.9366871118545532
3401,6260,integrated_gradient,0.3704984887786534,0.5673521821913512,0.9929714798927307
3402,3312,integrated_gradient,0.24957074460230375,0.35887233697270093,0.7778376936912537
3403,7866,integrated_gradient,0.12043053656816483,0.4476123275951697,0.7098169922828674
3404,4201,integrated_gradient,0.3484529686528583,0.5816891765178636,0.9487881660461426
3405,7652,integrated_gradient,0.6797186637466605,0.6179629665884104,0.990079402923584
3406,4273,integrated_gradient,0.7966904779331703,0.7863155997386484,0.99992835521698
3407,3181,integrated_gradient,0.8012407711492135,0.5937022515214406,0.9997420907020569
3408,3817,integrated_gradient,0.7867324098180501,0.659385872957034,0.9993771910667419
3409,1880,integrated_gradient,-0.09560802612557179,-0.2070698875726925,0.01568293571472168
3410,5350,integrated_gradient,0.40591026972169464,0.27054134335206903,0.5608274340629578
3411,3615,integrated_gradient,0.27579981088638306,0.5465741447248572,0.8107764720916748
3412,4058,integrated_gradient,0.7969343441072851,0.5381276614498347,0.9419618248939514
3413,6915,integrated_gradient,0.02367116262515386,0.1102581454647912,0.3501001298427582
3414,321,integrated_gradient,0.34833139346705544,0.4445267336236106,0.9939339756965637
3415,4722,integrated_gradient,0.3354717830524725,0.20984407339025946,0.45989561080932617
3416,6422,integrated_gradient,0.7186184149721394,0.7577742992535882,0.9896161556243896
3417,3295,integrated_gradient,0.6525752992533586,0.7271568740115446,0.9100990891456604
3418,6421,integrated_gradient,0.8320817369419862,0.7982449268593508,0.9998773336410522
3419,9330,integrated_gradient,0.6930821826060612,0.4058016836643219,0.9636116027832031
3420,8138,integrated_gradient,0.3772564954124391,0.6572891245596111,0.981547474861145
3421,3205,integrated_gradient,0.5059612914919853,0.6004728451371193,0.9054865837097168
3422,2522,integrated_gradient,0.7711637411266565,0.6505708690200533,0.9771209955215454
3423,6998,integrated_gradient,0.4700562374337631,0.5938909191857366,0.9932758808135986
3424,5556,integrated_gradient,0.02789254743783247,-0.2031190331493105,0.13361269235610962
3425,5938,integrated_gradient,0.3051352095603943,0.434839962720871,0.9918566942214966
3426,500,integrated_gradient,0.26003694699870217,0.499594747606251,0.8852552771568298
3427,3000,integrated_gradient,0.8153840311263737,0.5706902848262536,0.9999140501022339
3428,3555,integrated_gradient,0.8797681980273303,0.6322912398506614,0.9982357025146484
3429,8612,integrated_gradient,0.6030604792758822,0.5125423955420653,0.8514575362205505
3430,9249,integrated_gradient,0.8582955919206142,0.5395536430180072,0.9964041709899902
3431,3032,integrated_gradient,0.7343351632356644,0.4496033464868863,0.8539521098136902
3432,9705,integrated_gradient,0.6921980633503861,0.7924662691851457,0.9889709949493408
3433,330,integrated_gradient,0.1743509739637375,0.44074058067053556,0.8267892599105835
3434,3078,integrated_gradient,0.11357204572242849,0.342159705784391,0.6750901937484741
3435,2018,integrated_gradient,0.6023699759195248,0.5000333422794938,0.8120930790901184
3436,3274,integrated_gradient,0.8617253392934799,0.7755922216922044,0.9813236594200134
3437,3233,integrated_gradient,0.49054127080099924,0.48426989288557143,0.9957135915756226
3438,3387,integrated_gradient,0.739051042124629,0.5813888115808368,0.9937663078308105
3439,144,integrated_gradient,0.2943038598254875,0.580365248300411,0.9010109305381775
3440,9742,integrated_gradient,0.1583138315214051,0.21334066945645544,0.7020775079727173
3441,367,integrated_gradient,0.791731781171014,0.7289698688934246,0.9927334785461426
3442,8679,integrated_gradient,0.6525327360464467,0.633781554384364,0.9541473984718323
3443,4304,integrated_gradient,-0.18838365012336344,-0.46384661626957713,0.03199302777647972
3444,7178,integrated_gradient,-0.36523239199931806,-0.15997409877868798,0.20744583010673523
3445,333,integrated_gradient,0.29599878321523254,0.5897392462129178,0.93973308801651
3446,518,integrated_gradient,0.8327659189414519,0.6686970448264709,0.9947517514228821
3447,7040,integrated_gradient,-0.2686916561797261,-0.30341337574645877,0.05382367596030235
3448,4229,integrated_gradient,0.6357001807540655,0.5079792436212301,0.8422279357910156
3449,3833,integrated_gradient,0.2573220066726208,0.2881187967956066,0.5758914947509766
3450,6058,integrated_gradient,0.205905300729415,0.44746850080349865,0.826604425907135
3451,576,integrated_gradient,0.6617036913247669,0.5665373681660961,0.9669933319091797
3452,4215,integrated_gradient,-0.5172090753912926,-0.20146048809156605,0.02259739488363266
3453,2758,integrated_gradient,0.7100225660042503,0.5633712089978732,0.9120370149612427
3454,4756,integrated_gradient,0.42875840676867444,0.5060255171164222,0.9957077503204346
3455,9000,integrated_gradient,0.5049503480394681,0.5493628015120824,0.8207840323448181
3456,3813,integrated_gradient,0.6689024811441248,0.7469141063365069,0.9945827126502991
3457,3045,integrated_gradient,0.8358630853394667,0.6119686931371688,0.9991866946220398
3458,4047,integrated_gradient,0.4139763123932339,0.5946683543069022,0.9573930501937866
3459,9094,integrated_gradient,0.88492191885598,0.662523181468714,0.9995237588882446
3460,8181,integrated_gradient,0.6811411827802658,0.6551478482782841,0.9878594279289246
3461,6309,integrated_gradient,0.498739634330074,0.19888898012814699,0.7466253638267517
3462,1479,integrated_gradient,0.43940018649612156,0.4247165050224534,0.6603317260742188
3463,543,integrated_gradient,0.7717195222603863,0.6467834017400084,0.9949223399162292
3464,1618,integrated_gradient,-0.17333031728863715,-0.32758758559823037,0.06054547056555748
3465,9032,integrated_gradient,0.7861795709891752,0.5608064683549332,0.9999555349349976
3466,7746,integrated_gradient,0.44945669621229173,0.28009451776742933,0.7823534607887268
3467,6039,integrated_gradient,0.6114177642898126,0.6808303655548529,0.9875119924545288
3468,7919,integrated_gradient,0.25994272089817305,0.42818521708250046,0.8350353240966797
3469,7624,integrated_gradient,0.8819943214456241,0.5623671213785807,0.9978998899459839
3470,9495,integrated_gradient,0.22765101678669453,0.3424450196325779,0.8270493745803833
3471,8657,integrated_gradient,0.7531106131417411,0.7133274706346648,0.998624324798584
3472,7160,integrated_gradient,0.7681639339952242,0.7839286738917941,0.9950231313705444
3473,2358,integrated_gradient,0.6707546716699233,0.5714481954391186,0.9747324585914612
3474,8250,integrated_gradient,0.8752488471243692,0.5496584831924699,0.9995149374008179
3475,1655,integrated_gradient,0.8245863096788526,0.7068456288427114,0.9999794960021973
3476,6911,integrated_gradient,0.7248681830242276,0.6627725595608354,0.9800494909286499
3477,1746,integrated_gradient,0.30705239027738573,0.3833311408758163,0.8988498449325562
3478,5794,integrated_gradient,0.40239666378305805,0.15070517168891046,0.6117662787437439
3479,14,integrated_gradient,0.7346322163939476,0.6079470253150377,0.9890376925468445
3480,1877,integrated_gradient,0.6532485491037369,0.5931178358197212,0.9437482357025146
3481,7888,integrated_gradient,-0.09854079064513956,-0.19547911431817783,0.03794756904244423
3482,8520,integrated_gradient,0.3979349047716322,0.7424430168908218,0.9955009818077087
3483,6883,integrated_gradient,0.8532986088123705,0.7336661839591605,0.9998689889907837
3484,3761,integrated_gradient,-0.14932057567131826,0.03575022862507747,0.4492890536785126
3485,0,integrated_gradient,0.13972074842011487,0.29056479892245046,0.6697250008583069
3486,6831,integrated_gradient,0.33712507011713805,0.5393484621136276,0.9856772422790527
3487,7722,integrated_gradient,0.85729511743111,0.7858279649048082,0.9999464750289917
3488,9630,integrated_gradient,0.6675113727649052,0.5657436683773994,0.958454966545105
3489,7672,integrated_gradient,0.597678405897958,0.7583096623420715,0.9733251929283142
3490,6568,integrated_gradient,0.06914460557579462,-0.19709863966064795,0.17541421949863434
3491,655,integrated_gradient,0.8132957374667361,0.862142096584042,0.982920229434967
3492,9349,integrated_gradient,0.452251555191146,0.5388163791762458,0.9683236479759216
3493,4241,integrated_gradient,0.4258427287523563,0.3227145568682597,0.7906460762023926
3494,3023,integrated_gradient,0.5969270593241641,0.5053768181487134,0.9674339294433594
3495,1851,integrated_gradient,0.24299217682135732,0.38150072568341303,0.8565259575843811
3496,349,integrated_gradient,0.7919696266281193,0.7532862712597025,0.9454079866409302
3497,6340,integrated_gradient,0.3201197050511837,0.5529888258315623,0.9389975666999817
3498,1156,integrated_gradient,0.6002607073032242,0.7202907634132049,0.861674964427948
3499,3017,integrated_gradient,-0.11065820008516311,-0.15109066399080412,0.08765469491481781
3500,457,integrated_gradient,0.40122065417792485,0.5515604900277179,0.9319348335266113
3501,2867,integrated_gradient,-0.010467533445493742,0.18360232654958963,0.4899269640445709
3502,5033,integrated_gradient,0.3358787458676558,0.442544345672314,0.8742331266403198
3503,4622,integrated_gradient,0.32010410596495087,0.4398886558154355,0.6582211256027222
3504,6329,integrated_gradient,0.6468737863004208,0.5541179329156876,0.9279072284698486
3505,7081,integrated_gradient,0.6700399176528057,0.8318550710876783,0.9927646517753601
3506,6786,integrated_gradient,0.6215596218903859,0.3903337836265564,0.8435319662094116
3507,8458,integrated_gradient,0.6190372109413147,0.5772657170891762,0.9516926407814026
3508,5206,integrated_gradient,0.34056297271716884,0.5783730922493993,0.9392110109329224
3509,6053,integrated_gradient,-0.2299310444244023,-0.1863118591236657,0.10309546440839767
3510,131,integrated_gradient,0.49759176221710666,0.46151538344996945,0.7072423100471497
3511,3692,integrated_gradient,0.6374038574951035,0.609761582421405,0.9772415161132812
3512,6192,integrated_gradient,-0.43962836208251804,-0.2077369108581199,0.048792410641908646
3513,9523,integrated_gradient,0.33643604924039144,0.5416523505274843,0.961187481880188
3514,4587,integrated_gradient,0.8214343745537378,0.784649593686616,0.9995947480201721
3515,9818,integrated_gradient,0.8966742810957572,0.6150416635415134,0.9995943903923035
3516,3235,integrated_gradient,0.7934515134741863,0.7109901554261645,0.9989935755729675
3517,8641,integrated_gradient,0.3942977104868208,0.6514644609498126,0.931536078453064
3518,4879,integrated_gradient,0.7461988157814458,0.5798129155522301,0.9839438199996948
3519,6854,integrated_gradient,0.5481779088931424,0.34840060376695225,0.7712569832801819
3520,8572,integrated_gradient,0.8379108267836273,0.7179933348670602,0.962346076965332
3521,3639,integrated_gradient,0.7773099411278963,0.562963833500232,0.9996343851089478
3522,7358,integrated_gradient,0.33321103145336284,0.48471209175627805,0.8803918957710266
3523,8826,integrated_gradient,0.09652977925725281,0.085697305155918,0.21246188879013062
3524,2303,integrated_gradient,0.697729321497102,0.4850901634462418,0.8479582071304321
3525,7315,integrated_gradient,0.3225934901114168,0.26859679355703553,0.5223425626754761
3526,5308,integrated_gradient,0.7033400921659037,0.6956771903417327,0.9625872373580933
3527,6808,integrated_gradient,0.6433273903254805,0.6102313581725647,0.934439480304718
3528,9395,integrated_gradient,0.5759188498441989,0.47994320495770526,0.9161144495010376
3529,265,integrated_gradient,0.45349991353957547,0.35186434569566144,0.6683381795883179
3530,4763,integrated_gradient,0.6673212779892815,0.4859096374776628,0.9798698425292969
3531,9111,integrated_gradient,0.6160063197215399,0.7095885239541531,0.9889899492263794
3532,6789,integrated_gradient,0.7879683494975325,0.7592994042206556,0.9998348951339722
3533,4597,integrated_gradient,0.4015388840011188,0.5413772974695478,0.9720914959907532
3534,2531,integrated_gradient,0.6099492886509651,0.45379672944545746,0.866960883140564
3535,4862,integrated_gradient,0.27370306849479675,0.1305575603336999,0.4951181709766388
3536,7669,integrated_gradient,0.36046067311575536,0.18208292832500056,0.48462367057800293
3537,316,integrated_gradient,0.5099776285259348,0.6035165245595732,0.9735060334205627
3538,1897,integrated_gradient,0.3641419645398855,0.2176536124199629,0.5507165193557739
3539,8860,integrated_gradient,0.8188078634440898,0.6579310304616228,0.9987818598747253
3540,6407,integrated_gradient,0.6997204505734973,0.6458433800273471,0.9976840019226074
3541,8231,integrated_gradient,0.21409258421729593,0.34813566330601187,0.7838780879974365
3542,8521,integrated_gradient,0.8066620450466871,0.8079332298599183,0.9933564066886902
3543,6112,integrated_gradient,0.3166215593616168,0.289520252082083,0.6008636355400085
3544,8128,integrated_gradient,0.830545773729682,0.6813165135681629,0.9714705348014832
3545,2039,integrated_gradient,0.41743634310033584,0.6331028194270201,0.9522435069084167
3546,103,integrated_gradient,0.6592960395874121,0.561272096939576,0.9553327560424805
3547,3297,integrated_gradient,0.7075139377266169,0.6302572069689631,0.9933587908744812
3548,794,integrated_gradient,0.5249843913316726,0.6300490283966065,0.9724578261375427
3549,5967,integrated_gradient,0.06328487297629609,-0.17505181043901863,0.24620872735977173
3550,5332,integrated_gradient,0.31531069559209485,0.5026221639093231,0.9183538556098938
3551,8586,integrated_gradient,0.3637468485455764,0.6304342378126947,0.9849046468734741
3552,1658,integrated_gradient,0.36762681177684237,0.5577597304114273,0.964491605758667
3553,3933,integrated_gradient,0.5124290082321474,0.4852966549806297,0.6898942589759827
3554,6968,integrated_gradient,0.13094482156965467,0.15418365680509144,0.4261864125728607
3555,9469,integrated_gradient,0.8509561264401545,0.6407781027905319,0.9714051485061646
3556,7854,integrated_gradient,0.8631829400029447,0.38029145035478806,0.9999302625656128
3557,3210,integrated_gradient,0.3989753934244315,0.5677779571463665,0.9441894888877869
3558,7012,integrated_gradient,0.050209660083055496,0.29546492639929056,0.6113330125808716
3559,9808,integrated_gradient,0.24435365259647368,0.24386862605810167,0.5362054109573364
3560,2973,integrated_gradient,0.7950774492990029,0.6813634308545213,0.9506114721298218
3561,932,integrated_gradient,0.7583948037028313,0.6423170340061187,0.9650254249572754
3562,6163,integrated_gradient,-0.5172397436966237,-0.30220356559086786,0.011425944976508617
3563,6432,integrated_gradient,0.1427362757921219,-0.03411015689373016,0.30730393528938293
3564,3497,integrated_gradient,-0.1207463255772988,-0.12993045896291733,0.0659496858716011
3565,3202,integrated_gradient,0.6583362265544779,0.6055652291020927,0.9847751259803772
3566,2611,integrated_gradient,0.8900995034724474,0.8044062818090121,0.9785923361778259
3567,9631,integrated_gradient,0.8560061328113079,0.8356171654164791,0.9988958835601807
3568,567,integrated_gradient,0.8551008737292783,0.7056553736329079,0.9992870688438416
3569,764,integrated_gradient,0.6898193178754864,0.6494230652848879,0.9538270831108093
3570,4366,integrated_gradient,0.8235963398590684,0.5736060753464699,0.9802402853965759
3571,8367,integrated_gradient,0.6059446939650703,0.667172405649634,0.9094205498695374
3572,7360,integrated_gradient,0.6853232905268669,0.5482709084947904,0.9023318886756897
3573,1441,integrated_gradient,0.3166033562053652,0.17667716960696614,0.5641030669212341
3574,921,integrated_gradient,0.2137313172635105,0.5205387580725882,0.7555339336395264
3575,8222,integrated_gradient,0.05214268394878933,0.4111931100487709,0.7786136269569397
3576,1794,integrated_gradient,0.7195775141673428,0.6270098309365234,0.9630635380744934
3577,3838,integrated_gradient,0.39368945732712746,0.3237347075094779,0.7256994247436523
3578,3122,integrated_gradient,0.20604406706988812,-0.03836996853351593,0.38232237100601196
3579,6127,integrated_gradient,0.6935361417440268,0.8092101514339447,0.9639993906021118
3580,6319,integrated_gradient,0.5120466530323029,0.5976769760251045,0.9291279911994934
3581,2388,integrated_gradient,0.8786444285651669,0.6594607927836478,0.981386125087738
3582,4466,integrated_gradient,-0.008248680311700573,0.1543408533477265,0.6251521110534668
3583,4505,integrated_gradient,0.19481624141335488,0.21133820354938507,0.4783322513103485
3584,1606,integrated_gradient,-0.1252790634398875,-0.39627474352069525,0.10731622576713562
3585,2147,integrated_gradient,0.4397573402294746,0.50801304097359,0.9957866072654724
3586,36,integrated_gradient,0.21701395213603974,0.1798618409782648,0.7849873304367065
3587,9147,integrated_gradient,0.8332332473780427,0.6857580479589247,0.9876518249511719
3588,761,integrated_gradient,0.8234514901819436,0.7425904698345972,0.9979817867279053
3589,5268,integrated_gradient,0.7420608930988237,0.49009675486013293,0.8945633172988892
3590,3038,integrated_gradient,0.764660058543086,0.6504372632397073,0.9610539078712463
3591,5503,integrated_gradient,0.4277949748704067,0.29101207508490634,0.6758103370666504
3592,5228,integrated_gradient,0.41014583281979994,0.1883417053854671,0.5483237504959106
3593,1623,integrated_gradient,0.40133143507915997,0.48304495150628296,0.9968398809432983
3594,577,integrated_gradient,0.822852759348119,0.5409160909407279,0.9675679206848145
3595,6426,integrated_gradient,0.3443444946716572,0.4530023467437974,0.9619170427322388
3596,8087,integrated_gradient,0.632085875460976,0.5473563784831449,0.9846664667129517
3597,8536,integrated_gradient,0.3420985981822014,0.6440104028210044,0.9387348890304565
3598,9564,integrated_gradient,0.16544131893250677,0.15455648282335865,0.4370931386947632
3599,2232,integrated_gradient,-0.09532574670655387,-0.009763586379232862,0.3978745937347412
3600,2319,integrated_gradient,0.6332475431263447,0.8006168991327286,0.9942792654037476
3601,5707,integrated_gradient,0.3791498231126907,0.6542923510708707,0.986215353012085
3602,9690,integrated_gradient,0.16742677079594653,0.11438785882099815,0.45669791102409363
3603,5306,integrated_gradient,0.24242589348240903,0.485811574678672,0.8658899068832397
3604,7938,integrated_gradient,0.319468208049473,0.3224138739077668,0.6347065567970276
3605,2167,integrated_gradient,0.4851333214478059,0.5555612553249706,0.9489302635192871
3606,637,integrated_gradient,0.2759730895360311,0.49148112557207546,0.8737105131149292
3607,8668,integrated_gradient,0.710797668248415,0.6871126435697079,0.9948306679725647
3608,5594,integrated_gradient,-0.031439632177352905,-0.1957013447369848,0.2454535961151123
3609,6555,integrated_gradient,0.842616778694921,0.5346707842416234,0.9992978572845459
3610,8098,integrated_gradient,-0.46401838324964045,-0.22839483693242074,0.09618464857339859
3611,47,integrated_gradient,-0.18573721717385686,-0.18379720431916854,0.07114753127098083
3612,5505,integrated_gradient,0.7708722705997172,0.6447749776499612,0.9890602827072144
3613,9196,integrated_gradient,0.1709508620775663,0.3300275682256772,0.7533429861068726
3614,8416,integrated_gradient,0.7766248096119274,0.6475580246611075,0.9473087787628174
3615,4509,integrated_gradient,0.6432951174676418,0.605952393822372,0.9788893461227417
3616,2638,integrated_gradient,0.13895397414179408,0.18303133985575507,0.638161838054657
3617,8708,integrated_gradient,0.020046373829245567,-0.16212120046839118,0.13412760198116302
3618,8476,integrated_gradient,0.8477430470626462,0.45175872201269324,0.9911621809005737
3619,3080,integrated_gradient,0.7657546366254488,0.7004424999157588,0.9906973838806152
3620,2870,integrated_gradient,-0.092895592097193,-0.21116516180336475,0.12925128638744354
3621,2213,integrated_gradient,0.6962643739055184,0.7357174635810011,0.9881437420845032
3622,6043,integrated_gradient,0.7251472815871238,0.7010112781077623,0.9816153645515442
3623,3798,integrated_gradient,-0.2954953809579213,-0.061950833381464086,0.20547634363174438
3624,7972,integrated_gradient,-0.08932335837744176,-0.19562192168086767,0.14674974977970123
3625,5739,integrated_gradient,0.874278187006712,0.7032918710261583,0.999695897102356
3626,4822,integrated_gradient,0.6975164325798259,0.7416313658742344,0.9887875914573669
3627,9067,integrated_gradient,0.7476152842864394,0.5414256325457245,0.9604967832565308
3628,5799,integrated_gradient,0.7862864351676156,0.6110309166833758,0.9777346253395081
3629,7482,integrated_gradient,0.6255931327740352,0.6842248876889546,0.9569826126098633
3630,2114,integrated_gradient,0.13601333692669867,0.04514467924833298,0.25311779975891113
3631,1112,integrated_gradient,0.6119515766700109,0.462987012664477,0.9014387726783752
3632,8178,integrated_gradient,0.8314084166094012,0.7981405876900839,0.9973340034484863
3633,3717,integrated_gradient,0.7667875949180487,0.7497185075824911,0.9932819604873657
3634,713,integrated_gradient,0.23429716059139796,0.32142139013324467,0.7670185565948486
3635,872,integrated_gradient,-0.025595198074976604,-0.1302264937096172,0.1304614543914795
3636,1149,integrated_gradient,0.9181197578708331,0.3121706480781237,0.9999247789382935
3637,9299,integrated_gradient,0.7095759445428849,0.6390726035833358,0.9944186210632324
3638,5663,integrated_gradient,0.3508646520120757,0.17160896424736297,0.5780981183052063
3639,8167,integrated_gradient,0.3801308267173313,0.5693038198209944,0.990050733089447
3640,3315,integrated_gradient,0.6972068417817354,0.42937211241348905,0.9063583016395569
3641,4588,integrated_gradient,-0.19763915516712047,0.05265317139802156,0.4166889488697052
3642,5098,integrated_gradient,-0.1830521196126938,-0.1450134202837944,0.18433299660682678
3643,6077,integrated_gradient,0.1346064992249012,-0.007454647868871689,0.4263576567173004
3644,7966,integrated_gradient,0.6017552874982357,0.6343159307725728,0.93751460313797
3645,1020,integrated_gradient,0.6343698967248201,0.4521401794627309,0.9254239201545715
3646,4102,integrated_gradient,0.10917573807568386,0.3494578852350342,0.6971742510795593
3647,5368,integrated_gradient,0.05024072184012486,0.36919703965003675,0.6465386748313904
3648,6543,integrated_gradient,0.7501973949115852,0.7681295799797979,0.9963527917861938
3649,958,integrated_gradient,0.8904038421809674,0.62637836287419,0.9975054860115051
3650,3846,integrated_gradient,0.21994883318742117,0.4832047487919529,0.7814794778823853
3651,2748,integrated_gradient,0.571132250568446,0.5151879804975846,0.8782135248184204
3652,4710,integrated_gradient,-0.04898643862855222,-0.12835427267210825,0.0542839951813221
3653,8279,integrated_gradient,0.7839182867358129,0.6439182866364718,0.9584804177284241
3654,586,integrated_gradient,0.192176947163211,-0.015274638103114234,0.41410762071609497
3655,1817,integrated_gradient,0.8170394052452009,0.8139885935400214,0.9875640273094177
3656,782,integrated_gradient,0.8354086688616209,0.7983662138382593,0.9924305081367493
3657,8241,integrated_gradient,0.39423219791867514,-0.05567459265391032,0.6246086359024048
3658,335,integrated_gradient,0.8680480985861757,0.8770329467952251,0.981814444065094
3659,3755,integrated_gradient,0.8331245912916281,0.6360347060994669,0.9859071969985962
3660,2191,integrated_gradient,0.6690842947539162,0.7756289611844456,0.9978454113006592
3661,9214,integrated_gradient,-0.07786642485076473,-0.09174644166514986,0.09337727725505829
3662,5205,integrated_gradient,0.741703395976832,0.6603679378565989,0.9603605270385742
3663,6073,integrated_gradient,0.5384657292493752,0.6625228879441108,0.925030529499054
3664,23,integrated_gradient,-0.49781515569809603,-0.26448261474861817,0.10098614543676376
3665,4923,integrated_gradient,0.7800995087360635,0.681522448273266,0.9938667416572571
3666,4556,integrated_gradient,0.4669274157947964,0.5144264217880037,0.991468071937561
3667,2012,integrated_gradient,0.835932431026147,0.5387612158575883,0.9569336771965027
3668,381,integrated_gradient,0.17464220027128854,0.2361469492316246,0.5377267599105835
3669,3127,integrated_gradient,0.07853858190355822,0.04974600055720657,0.21086691319942474
3670,6398,integrated_gradient,0.35460675981911743,0.5386168672279878,0.9335101246833801
3671,1981,integrated_gradient,0.5588598730308669,0.4823994977133615,0.9862580299377441
3672,3095,integrated_gradient,0.614860895801993,0.6670343341196284,0.9904161691665649
3673,6758,integrated_gradient,0.6447509536519647,0.6341661389451474,0.9293539524078369
3674,2025,integrated_gradient,0.8664672597621877,0.691791852315267,0.9757044315338135
3675,9398,integrated_gradient,0.6656387974234188,0.6436317291329888,0.9971182346343994
3676,5100,integrated_gradient,0.6970331398770213,0.6469124127179384,0.9863613843917847
3677,3526,integrated_gradient,0.4776335797376103,0.249265526731809,0.8099152445793152
3678,7532,integrated_gradient,0.7323062018979163,0.6790926073278699,0.9993316531181335
3679,3007,integrated_gradient,0.28848847515624143,0.47391042421604024,0.7327895760536194
3680,1084,integrated_gradient,-0.08422508704311707,0.17466806094436085,0.3996957242488861
3681,9837,integrated_gradient,-0.3325980559543327,-0.1664122890819002,0.20937994122505188
3682,9258,integrated_gradient,0.3899787494114467,0.6175389410484404,0.9353708624839783
3683,4503,integrated_gradient,0.784505024086684,0.40382152888923883,0.9947574138641357
3684,1575,integrated_gradient,0.4395995372906327,0.5264288615435362,0.9550421833992004
3685,3091,integrated_gradient,-0.10214110215504964,0.05425526822606722,0.30640462040901184
3686,2484,integrated_gradient,0.5871897481381894,0.5751293752342462,0.9769773483276367
3687,4489,integrated_gradient,0.8091450571304276,0.5951997389396032,0.9988059997558594
3688,5070,integrated_gradient,0.7028722707182169,0.780521938984748,0.9848760366439819
3689,5669,integrated_gradient,0.23446792722852142,-0.02878077190231394,0.3669483959674835
3690,2138,integrated_gradient,0.8221551503824152,0.7551358552730602,0.9810258746147156
3691,6580,integrated_gradient,0.6516738837318761,0.7085889450141362,0.983851969242096
3692,2516,integrated_gradient,-0.18232609182596207,-0.1875561520457268,0.09859773516654968
3693,9154,integrated_gradient,-0.1905218505859375,-0.2138383412361145,0.15521340072155
3694,5456,integrated_gradient,0.5986942414726529,0.4708291015454701,0.9861055016517639
3695,3433,integrated_gradient,0.7732666187426623,0.6315901188873777,0.9945763349533081
3696,3989,integrated_gradient,0.3341394489010175,0.24552695784303877,0.5870220065116882
3697,7422,integrated_gradient,0.7809625360709818,0.6542185758766921,0.9376877546310425
3698,5009,integrated_gradient,0.831699020903686,0.6607904344283301,0.9997223019599915
3699,1458,integrated_gradient,0.8243765244570871,0.6641602163513501,0.9969890713691711
3700,952,integrated_gradient,0.22191106460311197,0.19094801825386556,0.5464771389961243
3701,9718,integrated_gradient,0.39925889513994517,0.5219969576910922,0.9384208917617798
3702,960,integrated_gradient,0.3910384538926576,0.6234790243600544,0.9771338105201721
3703,7273,integrated_gradient,0.291755169746466,-0.01646637823432684,0.39964550733566284
3704,765,integrated_gradient,0.3328145940322429,0.44149340223520994,0.9818745851516724
3705,8316,integrated_gradient,-0.052689224015921354,-0.04041291872272268,0.39701390266418457
3706,3400,integrated_gradient,0.8721728222185953,0.839581167532338,0.9701642990112305
3707,2316,integrated_gradient,-0.09749781924553892,-0.16291262226348574,0.03669475018978119
3708,9465,integrated_gradient,0.39421116828918457,0.5075166312605143,0.9988333582878113
3709,9346,integrated_gradient,0.3320187734706061,0.5363176999879735,0.9275538921356201
3710,7835,integrated_gradient,0.3733758844435215,0.539082708209753,0.9367042183876038
3711,4032,integrated_gradient,0.29668489197889963,0.4546926150719325,0.851252555847168
3712,2029,integrated_gradient,0.35502113472847713,0.5665411714109636,0.8864477872848511
3713,4718,integrated_gradient,0.9015177218825556,0.5766354533843696,0.9998941421508789
3714,286,integrated_gradient,-0.27128854393959045,-0.041674738633446395,0.20403718948364258
3715,908,integrated_gradient,0.3815227484001833,0.5439154851962539,0.994857907295227
3716,1482,integrated_gradient,-0.02733480828729543,-0.030808288942683826,0.08669696003198624
3717,9660,integrated_gradient,0.38471530595173437,0.5084167843063673,0.9428256154060364
3718,4712,integrated_gradient,0.14543564493457475,-0.025927616017205373,0.270624041557312
3719,2133,integrated_gradient,0.5206918835639953,0.5009799048304557,0.9553066492080688
3720,9608,integrated_gradient,0.1644284208615621,0.3019750585158666,0.6756927371025085
3721,9774,integrated_gradient,-0.10601367969065904,0.1292173596099019,0.39331111311912537
3722,9211,integrated_gradient,0.6177487542231878,0.5357135375340779,0.9678144454956055
3723,563,integrated_gradient,-0.11167340304540552,-0.3510288988118586,0.14442920684814453
3724,291,integrated_gradient,0.2848196854548795,0.527985941618681,0.8519404530525208
3725,1713,integrated_gradient,0.5764210745692253,0.7531878898541132,0.9778411984443665
3726,4012,integrated_gradient,0.7003443203866482,0.5513705919895854,0.9601817727088928
3727,8922,integrated_gradient,0.5250475034117699,0.5225857230834663,0.7143899202346802
3728,169,integrated_gradient,0.6800213552573148,0.555416564731037,0.9849444031715393
3729,267,integrated_gradient,0.8193163551164396,0.7756887651754149,0.9952079653739929
3730,9144,integrated_gradient,0.4542229950428009,0.7012524103124936,0.9903740882873535
3731,3172,integrated_gradient,0.3633790003756682,0.6420364491641521,0.9904276132583618
3732,2286,integrated_gradient,0.44172751531004906,0.49942645972425287,0.9918660521507263
3733,315,integrated_gradient,0.8074949117643493,0.6631397769919464,0.9974621534347534
3734,8046,integrated_gradient,0.680142647276322,0.6900116155544916,0.9726502895355225
3735,8822,integrated_gradient,0.6067863621494987,0.8425442440943285,0.9985995888710022
3736,245,integrated_gradient,0.8569257715716958,0.452087986903886,0.9870147705078125
3737,5186,integrated_gradient,0.3914813050068915,0.5157042369246483,0.964245080947876
3738,5421,integrated_gradient,-0.025997468442828568,-0.059398646707888005,0.1725240796804428
3739,6065,integrated_gradient,0.8143656635656953,0.6442013457417488,0.9992849230766296
3740,50,integrated_gradient,0.8301877444343907,0.754103995859623,0.9963449835777283
3741,3021,integrated_gradient,0.8978004085520903,0.5455782728890578,0.999884843826294
3742,7028,integrated_gradient,0.25530715341921206,0.4902409414450328,0.9467214345932007
3743,1372,integrated_gradient,0.3904263407669284,0.7203122784849256,0.9093149900436401
3744,4176,integrated_gradient,0.8511843126267195,0.5075810100883246,0.9995517134666443
3745,2470,integrated_gradient,0.6537720220429557,0.7318003198930195,0.9739258885383606
3746,8000,integrated_gradient,0.11818341712156931,0.1850399762392044,0.6186632513999939
3747,6156,integrated_gradient,0.6763640963472426,0.6252718074247241,0.986234188079834
3748,1498,integrated_gradient,0.28761458838427506,0.5328127203716172,0.9896008372306824
3749,5868,integrated_gradient,0.676747808439864,0.7191177925301923,0.9864418506622314
3750,1963,integrated_gradient,0.4291675712913275,0.5401455000042915,0.9039415121078491
3751,248,integrated_gradient,0.5913968046195806,0.8312702116556465,0.9746379256248474
3752,4771,integrated_gradient,0.3920061740846861,0.6691933813549223,0.976798415184021
3753,1277,integrated_gradient,-0.12866300344467163,0.18403182704659068,0.45159438252449036
3754,4905,integrated_gradient,0.34480826556682587,0.43047306686639786,0.7849739193916321
3755,8025,integrated_gradient,0.6934629020591577,0.6640551906256449,0.9910145401954651
3756,2110,integrated_gradient,0.2536997174223264,0.6002934748927752,0.8962140083312988
3757,9776,integrated_gradient,0.40829983473785464,0.6055684902014271,0.9779263138771057
3758,2945,integrated_gradient,0.4014692325145006,0.2853499849637349,0.7681790590286255
3759,6249,integrated_gradient,0.849826312574901,0.6429877457650084,0.9979444146156311
3760,7023,integrated_gradient,0.7081353301587312,0.47182108397069183,0.9734395146369934
3761,795,integrated_gradient,0.469140880741179,0.22618304068843523,0.5981930494308472
3762,9717,integrated_gradient,0.019530655940373738,0.3954550318419933,0.6705142259597778
3763,7908,integrated_gradient,0.7831254526972771,0.7275283794317927,0.9845788478851318
3764,5371,integrated_gradient,0.5930933389398787,0.6009876959853702,0.920927107334137
3765,9655,integrated_gradient,0.8795864981683817,0.7102817483246326,0.9998300075531006
3766,447,integrated_gradient,0.7117070098375452,0.6451758701225807,0.9858595728874207
3767,2968,integrated_gradient,0.6185470615562639,0.7359068828978037,0.948364794254303
3768,2152,integrated_gradient,0.8404767335109089,0.6402674699607103,0.9996750354766846
3769,7838,integrated_gradient,0.38473745662233105,0.6220624174760736,0.9967185854911804
3770,4852,integrated_gradient,0.843178233752648,0.6370044586559137,0.999956488609314
3771,5157,integrated_gradient,0.4392429403960705,0.5664937959776984,0.9914587736129761
3772,683,integrated_gradient,-0.39501535952091216,-0.16698784351348878,0.21639196574687958
3773,8118,integrated_gradient,0.6656267686801798,0.46553265171892505,0.9902215003967285
3774,6681,integrated_gradient,0.4749722311894099,0.34540110230445864,0.9824116826057434
3775,5741,integrated_gradient,0.16955721005797386,-0.10955571352193753,0.3019848167896271
3776,1488,integrated_gradient,0.2460063625323145,0.124813354329059,0.437333881855011
3777,3077,integrated_gradient,-0.04282470095542169,0.04289165860222232,0.3149726390838623
3778,3905,integrated_gradient,0.7067037439200936,0.5220205127829458,0.972572386264801
3779,8594,integrated_gradient,0.37225776639851654,0.6418198605322025,0.9640664458274841
3780,318,integrated_gradient,0.7309749227377677,0.673508962556239,0.9885116815567017
3781,856,integrated_gradient,0.05034803574283918,-0.16149336968859038,0.18446047604084015
3782,7743,integrated_gradient,-0.2306329202035378,-0.20804042831577105,0.08176906406879425
3783,2770,integrated_gradient,0.7056915874992098,0.525391517153808,0.8949626088142395
3784,3566,integrated_gradient,0.3684067822554532,0.6860430578098577,0.9915398955345154
3785,376,integrated_gradient,0.3274294286966324,0.5711144310023103,0.9263660907745361
3786,410,integrated_gradient,0.6814625401877694,0.4679826632555988,0.8114980459213257
3787,2405,integrated_gradient,0.5460895128548146,0.5334783736616373,0.9817533493041992
3788,3776,integrated_gradient,0.6764150172472,0.7551610628763835,0.9933556318283081
3789,3946,integrated_gradient,0.7388680302020576,0.8033114771048228,0.9996417760848999
3790,1111,integrated_gradient,0.911953321924167,0.5302499442228249,0.9956684112548828
3791,7660,integrated_gradient,0.11204592692546356,0.25218750058840483,0.7204117774963379
3792,8001,integrated_gradient,0.9176049148663878,0.7328640475336995,0.997925877571106
3793,2288,integrated_gradient,0.4176118107778685,0.4460945262440613,0.754895806312561
3794,2127,integrated_gradient,0.652105296516548,0.6676026067554789,0.8519651293754578
3795,5581,integrated_gradient,0.756430491231955,0.5354616914231044,0.9685426354408264
3796,8256,integrated_gradient,0.014583365275309635,0.13958015565115672,0.5436399579048157
3797,6751,integrated_gradient,0.6206118941307068,0.4710377832253774,0.9856175780296326
3798,9399,integrated_gradient,0.3390621898265985,0.5757493775051373,0.8868210315704346
3799,2233,integrated_gradient,0.7075322517033281,0.6502027587387068,0.9889618754386902
3800,5550,integrated_gradient,0.5393606126308441,0.47273596841841936,0.8548498153686523
3801,274,integrated_gradient,0.5077708058345777,0.6043800430802199,0.9979081153869629
3802,2344,integrated_gradient,0.6790257801612218,0.4669379701217016,0.9465230703353882
3803,1568,integrated_gradient,0.38139476076416345,0.5912091903712439,0.7097077369689941
3804,3133,integrated_gradient,0.444959443852757,0.5161077922040765,0.979721188545227
3805,6178,integrated_gradient,0.7219870541902149,0.4544081687927246,0.8688144087791443
3806,7955,integrated_gradient,0.42485049180686474,0.5482469480484724,0.8337618708610535
3807,7820,integrated_gradient,0.7490739738941192,0.5936477552354336,0.982063889503479
3808,9415,integrated_gradient,0.836507318334447,0.7452266370808637,0.9954937696456909
3809,2574,integrated_gradient,0.23020358039782599,0.49046707583161503,0.7883406281471252
3810,965,integrated_gradient,0.3872445151209831,0.596145476613726,0.9786699414253235
3811,2291,integrated_gradient,0.7560805351628611,0.3832732969895005,0.90224289894104
3812,5375,integrated_gradient,0.0033311982018252215,0.30307522901178646,0.5908000469207764
3813,6670,integrated_gradient,0.396944678965069,0.6196780575528031,0.968881368637085
3814,8955,integrated_gradient,0.5659963334048236,0.5239740328656303,0.8037341833114624
3815,8059,integrated_gradient,0.827274149749428,0.6514817189890891,0.9912788271903992
3816,2755,integrated_gradient,0.6298174340691831,0.551969544755088,0.9032981395721436
3817,4474,integrated_gradient,0.20700081825256347,0.4450079470872879,0.7953056693077087
3818,3910,integrated_gradient,0.6639043316245079,0.5953578688204288,0.9378650188446045
3819,2002,integrated_gradient,0.2296949002672644,0.3798413673306213,0.8289540410041809
3820,4794,integrated_gradient,0.622130756576856,0.6396216267631167,0.9119209051132202
3821,8644,integrated_gradient,0.34151668363326304,0.48482343463881594,0.9339882731437683
3822,6394,integrated_gradient,0.2730206928469918,0.5046170807697556,0.8722755908966064
3823,5339,integrated_gradient,0.7170953938494558,0.4628999547465988,0.8894105553627014
3824,1730,integrated_gradient,0.7683368633097073,0.6095013211498845,0.9917603135108948
3825,2360,integrated_gradient,0.17390219833363185,0.023302359337156468,0.3293505012989044
3826,9379,integrated_gradient,0.8418034554592201,0.7164299038704485,0.9933706521987915
3827,9058,integrated_gradient,0.7703532837331295,0.7881425797111459,0.9902167320251465
3828,9028,integrated_gradient,-0.13130342463652292,0.1958781530459722,0.4510492980480194
3829,7579,integrated_gradient,0.8324797444722869,0.7545304095203226,0.9961950778961182
3830,6428,integrated_gradient,0.39682078439938395,0.5633146690302774,0.971828043460846
3831,1068,integrated_gradient,0.8397207538548269,0.6964782472503813,0.9780769348144531
3832,5337,integrated_gradient,-0.2477267516607588,-0.20087939297611063,0.3020440936088562
3833,1071,integrated_gradient,0.8046881466483077,0.6698749593148629,0.9981143474578857
3834,9456,integrated_gradient,0.8082374959097555,0.7127790052133302,0.9953528642654419
3835,5020,integrated_gradient,0.38202762277796865,0.5796127524226904,0.9738432765007019
3836,2115,integrated_gradient,0.3213155780125547,0.24518961600821326,0.6062835454940796
3837,5910,integrated_gradient,0.3635947896588233,0.5533542380698265,0.9968950748443604
3838,8448,integrated_gradient,0.023757360236985343,-0.10874063670635223,0.2818126976490021
3839,3132,integrated_gradient,0.6227873139854135,0.6318416323127418,0.923084020614624
3840,7703,integrated_gradient,-0.028903948033557218,-0.04319220123922124,0.15116360783576965
3841,474,integrated_gradient,0.39255213364958763,0.5274453597224277,0.9717239141464233
3842,8441,integrated_gradient,-0.1517337587262903,-0.4602833108178207,0.024857155978679657
3843,7584,integrated_gradient,0.4732853346749356,0.5989918881341031,0.921665608882904
3844,3085,integrated_gradient,0.334020618673252,0.1398230719825496,0.5184956789016724
3845,8856,integrated_gradient,-0.11894145022545542,0.1658577411657288,0.4781254529953003
3846,5936,integrated_gradient,0.8458352187275886,0.6271803429722786,0.973821759223938
3847,3397,integrated_gradient,0.4742703375717004,0.631366657714049,0.9769428968429565
3848,4309,integrated_gradient,0.44760689707029433,0.5245954962003798,0.8095138072967529
3849,6169,integrated_gradient,0.7259692169725895,0.5691981509327888,0.994187593460083
3850,3693,integrated_gradient,0.35677313009897865,0.4264573633670807,0.9256685972213745
3851,1691,integrated_gradient,-0.43385131920085235,-0.2823166855994393,0.14902356266975403
3852,4333,integrated_gradient,0.7016523847213159,0.3943611506659251,0.909866213798523
3853,9574,integrated_gradient,0.8155505778888862,0.6932442185779413,0.945906937122345
3854,8619,integrated_gradient,0.6353430519146579,0.6025383387293134,0.9517980217933655
3855,6832,integrated_gradient,0.07078869369896976,0.38408233297311445,0.7045003175735474
3856,3795,integrated_gradient,-0.5395750195572251,-0.2466892988273972,0.05419795960187912
3857,4649,integrated_gradient,0.7494367136886078,0.8269632831631627,0.9837080836296082
3858,9226,integrated_gradient,0.5216877379765114,0.11490860746966468,0.6735894083976746
3859,7372,integrated_gradient,0.4171133141579299,0.25822313142747716,0.5677493810653687
3860,4929,integrated_gradient,0.41647691632571976,0.27911809557362605,0.7012296915054321
3861,4233,integrated_gradient,0.17971234420935314,0.31738059371709826,0.6646116971969604
3862,1145,integrated_gradient,0.7534327974010792,0.7959901600676987,0.9983382225036621
3863,3111,integrated_gradient,0.25253466648214,0.20459864858318777,0.5777385234832764
3864,8737,integrated_gradient,0.2733649668239412,0.49330844410828184,0.8522177934646606
3865,2592,integrated_gradient,0.32054388582972543,0.270689992500203,0.4835042357444763
3866,9142,integrated_gradient,0.8425838656257838,0.7888909582979977,0.9996252059936523
3867,624,integrated_gradient,-0.49677462950348855,-0.40319312922656536,0.02195855602622032
3868,9043,integrated_gradient,0.7017323770805409,0.6186514115451198,0.9102703928947449
3869,3283,integrated_gradient,0.5961826021472613,0.4766906106637584,0.8493446707725525
3870,6341,integrated_gradient,0.27911891440550485,0.5526226649681727,0.8738074898719788
3871,7522,integrated_gradient,0.48331810926136215,0.6450711026003486,0.9682899713516235
3872,9585,integrated_gradient,0.3405694180727005,0.5149490249156952,0.9512042999267578
3873,7440,integrated_gradient,0.2467753359904656,0.3891951132279176,0.8528537154197693
3874,668,integrated_gradient,0.3602065567459379,0.4937688178249768,0.9840117692947388
3875,6750,integrated_gradient,0.435113787651062,0.39402915148393197,0.5618546009063721
3876,5165,integrated_gradient,0.2635565526210345,0.3448097806137342,0.7988958954811096
3877,5279,integrated_gradient,0.21920567609014965,0.23067894010316758,0.521725594997406
3878,582,integrated_gradient,0.2806576059924232,0.5800470916761292,0.883767306804657
3879,3945,integrated_gradient,0.26228414931231075,0.43536492188771564,0.894789457321167
3880,7688,integrated_gradient,0.21383299110900789,0.6108894245255561,0.8483998775482178
3881,7614,integrated_gradient,0.6218345165252686,0.797506452848514,0.9850884079933167
3882,1208,integrated_gradient,0.7491926087066532,0.6440452205017209,0.9708318114280701
3883,7944,integrated_gradient,0.7061623600311577,0.3660950022749603,0.8658108711242676
3884,5030,integrated_gradient,0.4497495396062732,0.27106348564848304,0.7373180389404297
3885,76,integrated_gradient,0.7359165325760841,0.5820393887433138,0.9731489419937134
3886,6693,integrated_gradient,0.6356954723596573,0.5653064855757881,0.9583650827407837
3887,9478,integrated_gradient,0.7916447877883911,0.46329971924424174,0.9984384179115295
3888,9464,integrated_gradient,0.8172315335832536,0.6167533406987786,0.9988177418708801
3889,1175,integrated_gradient,0.8666006747101035,0.7000144363514015,0.9964763522148132
3890,592,integrated_gradient,0.5966375311215718,0.49939796030521394,0.9891987442970276
3891,3774,integrated_gradient,0.15767696322026578,0.11670526658946817,0.37255358695983887
3892,5676,integrated_gradient,0.7663741047893252,0.7237136699259281,0.982049286365509
3893,7362,integrated_gradient,-0.24814391053385204,-0.08783260318968031,0.36417362093925476
3894,1470,integrated_gradient,0.720056667625904,0.6326663666963577,0.9493246674537659
3895,705,integrated_gradient,0.8494010684390862,0.6045692761739095,0.9831666350364685
3896,1688,integrated_gradient,0.4121138077320122,0.4674740386445348,0.9499217867851257
3897,4828,integrated_gradient,-0.32915889698526135,-0.06248574234221293,0.1867298036813736
3898,5386,integrated_gradient,0.7461795907001942,0.7688927240669727,0.9955139756202698
3899,4564,integrated_gradient,0.5992061205600437,0.6112126080613387,0.8107433915138245
3900,7450,integrated_gradient,0.15678754395672254,0.25514855342251913,0.7011708617210388
3901,9324,integrated_gradient,0.3512701392173767,0.4635405844008481,0.7953957915306091
3902,4747,integrated_gradient,0.7830768106015105,0.7870804253279379,0.9911973476409912
3903,4303,integrated_gradient,0.7967003114641674,0.6874098922877062,0.9996230602264404
3904,6460,integrated_gradient,0.5229793436387006,0.1913904872010736,0.7936564087867737
3905,6239,integrated_gradient,0.7190188916728777,0.4830536220003577,0.9641647338867188
3906,7766,integrated_gradient,0.8064884752449062,0.6476979735824797,0.9988692402839661
3907,6739,integrated_gradient,0.41910945116118953,0.5722373872995377,0.9684213399887085
3908,8336,integrated_gradient,0.7208533776657922,0.5684177886162486,0.9708681106567383
3909,3464,integrated_gradient,0.6631867624819279,0.5788246184587479,0.9286491870880127
3910,1509,integrated_gradient,0.8469020838662982,0.7365866026282311,0.9998621940612793
3911,4978,integrated_gradient,0.8284461900832192,0.3809719095307012,0.9986442923545837
3912,6008,integrated_gradient,0.7942794293717101,0.5861955385793138,0.987065315246582
3913,5730,integrated_gradient,0.8604020409818206,0.8123112262359687,0.9983402490615845
3914,8334,integrated_gradient,0.42180596541665083,0.27010279262645376,0.5701493620872498
3915,4883,integrated_gradient,0.6595765978097916,0.3589377045631409,0.9513612389564514
3916,9740,integrated_gradient,0.010664005692188557,-0.11273675641188255,0.2310066819190979
3917,3299,integrated_gradient,0.3847902814547221,0.6904302664722005,0.9154351949691772
3918,594,integrated_gradient,-0.10104638351886361,0.09858888553248511,0.49561581015586853
3919,5521,integrated_gradient,0.1653906504313151,0.2674085982143879,0.5253437161445618
3920,6867,integrated_gradient,0.2489983904542345,0.5181272041165468,0.8798378109931946
3921,7999,integrated_gradient,0.7248846789201101,0.7798465096524784,0.9797606468200684
3922,7073,integrated_gradient,0.6387427366442151,0.7439809342225393,0.9726623892784119
3923,2876,integrated_gradient,0.658818170055747,0.5141875172033906,0.9130256175994873
3924,5595,integrated_gradient,0.6518225907706298,0.6803573887222089,0.7676864266395569
3925,8508,integrated_gradient,0.8173956594296864,0.5401445332737196,0.9972662925720215
3926,9525,integrated_gradient,0.6690677200016137,0.6460953975580884,0.9630944728851318
3927,4335,integrated_gradient,0.279229288490919,0.4407117097423627,0.8478489518165588
3928,4540,integrated_gradient,0.3244486528414267,0.2672330074840122,0.6004884243011475
3929,10,integrated_gradient,0.3079973795899638,0.4013293738718386,0.6812614798545837
3930,8757,integrated_gradient,0.5585843333692262,0.2760849019343203,0.7786079049110413
3931,1217,integrated_gradient,0.47126901812023586,0.6237348905868001,0.9339421987533569
3932,1224,integrated_gradient,0.7649991988487865,0.45839661165424017,0.9364364743232727
3933,3206,integrated_gradient,0.7722935797646642,0.6327790580689907,0.8921815752983093
3934,93,integrated_gradient,-0.26876138782371645,-0.14152701522993005,0.2665877938270569
3935,8057,integrated_gradient,0.06639804329190935,0.201275098323822,0.6329444646835327
3936,2455,integrated_gradient,0.8514489545063539,0.6442743262106722,0.9824633598327637
3937,1247,integrated_gradient,0.18515623824016467,0.2452791689114796,0.3819084167480469
3938,2251,integrated_gradient,0.4025910877519184,0.40626775804493165,0.7610036134719849
3939,6380,integrated_gradient,-0.09145577890532357,-0.012420127434389932,0.37548884749412537
3940,4708,integrated_gradient,-0.3869771883533946,-0.1302419520657638,0.022129839286208153
3941,7864,integrated_gradient,0.24624089457211085,0.26554851653054357,0.42131784558296204
3942,3916,integrated_gradient,0.6659940086743411,0.5694685052422916,0.9908962845802307
3943,3105,integrated_gradient,-0.2777546402066946,-0.14518403758605322,0.30328264832496643
3944,292,integrated_gradient,0.7801439034649067,0.538608725424166,0.9373753666877747
3945,7616,integrated_gradient,0.8473169991657847,0.7427458876655215,0.9996926784515381
3946,2083,integrated_gradient,-0.17833901345729827,-0.20965485785688673,0.08841691166162491
3947,4381,integrated_gradient,0.3654283204426368,0.16514565764615932,0.5731322765350342
3948,4291,integrated_gradient,0.6865102453157306,0.6257946658879519,0.999386191368103
3949,5404,integrated_gradient,0.20210086643695832,0.39865009546279906,0.6997650265693665
3950,6637,integrated_gradient,-0.10638415683551054,-0.21857653085240408,0.006928769405931234
3951,1090,integrated_gradient,0.6396794450633666,0.6683295342852088,0.9400683641433716
3952,8570,integrated_gradient,0.6446114191785455,0.7293773358687758,0.9879988431930542
3953,6206,integrated_gradient,0.26235527717150176,0.49811919377400327,0.7637869715690613
3954,6843,integrated_gradient,0.38384821401401,0.5518555355004289,0.9432370662689209
3955,1078,integrated_gradient,0.6103232103290365,0.7899513715768561,0.9937500357627869
3956,1188,integrated_gradient,-0.12857575893402098,-0.03610761821269989,0.371249794960022
3957,3984,integrated_gradient,0.6639250947369469,0.499841105054926,0.8270280361175537
3958,1369,integrated_gradient,0.7728356956080957,0.5865291495892134,0.9996086955070496
3959,8348,integrated_gradient,0.8352738780501697,0.5422023353832108,0.9983540773391724
3960,5987,integrated_gradient,0.09945635646581649,-0.265526117682457,0.3073987364768982
3961,1599,integrated_gradient,-0.09503996179949853,0.034642890095710754,0.4253289997577667
3962,4573,integrated_gradient,0.8101488737308461,0.667967100992151,0.9986382126808167
3963,5173,integrated_gradient,0.7271876587317541,0.7312344725315387,0.9896814227104187
3964,6459,integrated_gradient,0.15193444987138113,0.43747952828804654,0.7572941780090332
3965,4404,integrated_gradient,0.759617156162858,0.5980803225189447,0.9096974730491638
3966,7585,integrated_gradient,0.3832252770662308,0.49812010178963345,0.8842015266418457
3967,8225,integrated_gradient,0.7954453709464746,0.699317174991875,0.9761107563972473
3968,4209,integrated_gradient,-0.22776779532432556,-0.24547524340450763,0.07258966565132141
3969,1418,integrated_gradient,0.681861400604248,0.650611004547069,0.985499918460846
3970,3309,integrated_gradient,0.40379812887736727,0.6343150309153965,0.9695686101913452
3971,9362,integrated_gradient,0.14686591639405205,0.16633523007233939,0.5845239758491516
3972,6492,integrated_gradient,0.3660967979166243,0.45183754960695904,0.947441041469574
3973,7841,integrated_gradient,0.7055148171881834,0.8771163672208786,0.9986454844474792
3974,3037,integrated_gradient,-0.10224249099309628,-0.10200749785424425,0.1764560043811798
3975,1825,integrated_gradient,0.5015018979708353,0.4664058496554693,0.8055851459503174
3976,3842,integrated_gradient,0.7200697156755874,0.6845785199354092,0.8965687155723572
3977,4522,integrated_gradient,-0.3129646545276046,-0.23204480049510798,0.014913300983607769
3978,1569,integrated_gradient,-0.5062241305907568,-0.148506760597229,0.08346115052700043
3979,1261,integrated_gradient,0.4181349156424403,0.6334602809511125,0.9461262822151184
3980,4918,integrated_gradient,0.6210874529047445,0.6190866722979329,0.9837623238563538
3981,5273,integrated_gradient,0.6617910265922546,0.47904521362348035,0.9627588987350464
3982,2478,integrated_gradient,0.7741867245027894,0.6432265384416831,0.9757039546966553
3983,5795,integrated_gradient,0.3681934991230567,0.5456968632837137,0.9648255109786987
3984,6864,integrated_gradient,0.3053507566452026,0.5619788610935211,0.9505975246429443
3985,1616,integrated_gradient,0.08468302438656489,0.42293483540415766,0.625809907913208
3986,6913,integrated_gradient,0.7392042368650437,0.657117292881012,0.9678993225097656
3987,2236,integrated_gradient,0.6637159916369811,0.6542710085277972,0.9798816442489624
3988,7618,integrated_gradient,0.642807216328733,0.5967310710864908,0.9788611531257629
3989,5447,integrated_gradient,0.7936929017305374,0.5271297905307549,0.986072301864624
3990,5554,integrated_gradient,0.31647979007924304,0.29269610520671396,0.7767083644866943
3991,7212,integrated_gradient,0.6562219474996839,0.573131955805279,0.8002116680145264
3992,7352,integrated_gradient,0.7298933213949204,0.7091913905739784,0.9880971908569336
3993,2533,integrated_gradient,0.6688049678213712,0.4700421885837142,0.8414990901947021
3994,5950,integrated_gradient,-0.14216124850253647,-0.1574216505082754,0.03144804388284683
3995,7947,integrated_gradient,0.46994727570563555,0.6615629315376281,0.9980719089508057
3996,2689,integrated_gradient,-0.012000703149371676,0.3391440034740501,0.6280073523521423
3997,3110,integrated_gradient,0.43100605733119524,0.4528684937036954,0.9935632944107056
3998,4397,integrated_gradient,0.2843967866897583,0.6309645016491413,0.8630474209785461
3999,2935,integrated_gradient,0.33993424475193024,0.6143549542563657,0.9213789701461792
4000,9632,lime,-0.06044741548024691,0.2777150972531392,0.5868351459503174
4001,9282,lime,0.8381010080246549,0.7862559526570534,0.9996920824050903
4002,106,lime,-0.5586923226233451,-0.41189235905485766,0.05082850903272629
4003,1446,lime,0.37643106885858485,0.48300555912224025,0.9366569519042969
4004,1513,lime,0.6248218732721665,0.6614204052397433,0.8197557330131531
4005,6498,lime,-0.04988152102420205,0.28347890118235036,0.4965934753417969
4006,6973,lime,0.8253131731014166,0.8412139846810273,0.9767543077468872
4007,4952,lime,0.7071440998803485,0.5708567703312094,0.9817962050437927
4008,8552,lime,0.6831012750891122,0.7331079098988663,0.872232973575592
4009,3027,lime,-0.6385276260246572,-0.411695897922312,0.013155492953956127
4010,2760,lime,0.32475187033414843,0.6040344864130021,0.9036301970481873
4011,3060,lime,0.7706712846245084,0.5765045813151768,0.9830917716026306
4012,33,lime,0.6031518999268027,0.20460112480556264,0.9096025228500366
4013,1349,lime,0.2015833674619595,0.4596717016150554,0.8528456687927246
4014,4934,lime,0.7362253220751882,0.8100694287568331,0.9373475313186646
4015,2680,lime,0.7623623106027803,0.7327584773302078,0.9424630403518677
4016,9074,lime,0.6923591515256299,0.574560456805759,0.9839212894439697
4017,5414,lime,0.7210861052337446,0.49214722098488556,0.9929293990135193
4018,6663,lime,0.7670251432467591,0.9196156314150854,0.999101996421814
4019,5286,lime,0.7835003945689935,0.4662436633729018,0.980504035949707
4020,3782,lime,0.6642608199035749,0.43745758943259716,0.8612732887268066
4021,4516,lime,0.41143987444229424,0.16249172016978264,0.5729129910469055
4022,4554,lime,0.46221550748400064,0.06502709894076637,0.6359938383102417
4023,1595,lime,0.7825314715647926,0.4544538219387715,0.9860119223594666
4024,3857,lime,0.17363630271539454,0.4058274557677711,0.8257390856742859
4025,3337,lime,0.3543561055110051,0.5794453391662011,0.9874890446662903
4026,9255,lime,0.7596067239463862,0.5633029111794063,0.9287757873535156
4027,1383,lime,0.28034485552621924,0.5662703734377156,0.9670538306236267
4028,4860,lime,0.7476105628801244,0.5386042992273966,0.9902095794677734
4029,7275,lime,0.41485313876815466,0.6664942412272744,0.9986231327056885
4030,8740,lime,0.16801928728818893,0.43948889430612326,0.8915581107139587
4031,1155,lime,0.6362055583816507,0.5835042323755182,0.7966771721839905
4032,6725,lime,0.25021609522047494,0.5785589736132395,0.907792866230011
4033,1076,lime,0.5861798705799239,0.5354096964001656,0.932974100112915
4034,3058,lime,0.332514068798015,0.6842741017278872,0.9431897401809692
4035,4586,lime,0.5520177943011125,0.3143638436992963,0.80568927526474
4036,1791,lime,0.20128832184351408,0.4702886388852046,0.7876419425010681
4037,6325,lime,0.7317501395940781,0.8336279159411788,0.9873836636543274
4038,7506,lime,0.7795520230299897,0.8008439586394362,0.9960224628448486
4039,6495,lime,0.7540796877522218,0.8499532220394987,0.9991976618766785
4040,9542,lime,0.6147568845435193,0.7483547753409335,0.781927764415741
4041,4694,lime,0.8196934322195668,0.8801066856230458,0.9919273853302002
4042,8369,lime,-0.07912526859177484,-0.30161791957086986,0.07666584104299545
4043,7093,lime,0.2809970360813719,0.4284289400234367,0.5145242214202881
4044,2794,lime,0.8371646806759678,0.5252483388328034,0.9767383337020874
4045,39,lime,0.7401768579598396,0.4139336049556732,0.9872057437896729
4046,7478,lime,-0.14707939414417043,-0.06506387801731334,0.44425079226493835
4047,1253,lime,0.7206445719514575,0.46848376379126594,0.9360433220863342
4048,360,lime,0.5378201504548391,0.3604111529531933,0.8569230437278748
4049,9638,lime,0.41000499044145855,0.41304154694080353,0.919952392578125
4050,1726,lime,0.36884446880396676,0.5049616510377211,0.9702189564704895
4051,439,lime,-0.014587815173647621,-0.04753300683064894,0.12333211302757263
4052,5267,lime,-0.08241187408566475,-0.20050891444963567,0.11205608397722244
4053,4337,lime,0.6752677609026432,0.39111417531967163,0.9803929924964905
4054,7724,lime,0.7024877694650338,0.22537308759414232,0.948736310005188
4055,7676,lime,0.24131345351537067,0.3812934090693792,0.9285060167312622
4056,8913,lime,0.5631158373390253,0.2824188574002339,0.9838032722473145
4057,2492,lime,0.042337396144866944,0.31432560563087464,0.7457177042961121
4058,7462,lime,0.5180538154461167,0.2837483517148278,0.8199244737625122
4059,7430,lime,0.7189579191617668,0.6035725064575672,0.9743328094482422
4060,6620,lime,0.6720630512572825,0.5735978425946087,0.894646167755127
4061,6221,lime,0.757616245912181,0.4724016620053185,0.9907359480857849
4062,8844,lime,0.5805750814351168,0.40644969791173935,0.7745300531387329
4063,4518,lime,0.15004786252975463,0.5868592155476411,0.8635720014572144
4064,1684,lime,0.27385651497613817,0.5380543044635228,0.9824582934379578
4065,29,lime,0.81509753730562,0.856189626786444,0.998471200466156
4066,6475,lime,0.10625832705270677,0.32792500654856366,0.8085962533950806
4067,6691,lime,0.6726208956491563,0.6830135283450927,0.9483029246330261
4068,1747,lime,0.2321848726272583,0.5993651175498962,0.8665693402290344
4069,5559,lime,0.8356828474040542,0.8845746043537345,0.999813973903656
4070,3325,lime,0.2738621115684509,0.6397424593567849,0.9612475037574768
4071,4525,lime,0.6312560758863887,0.51752894744277,0.8384320139884949
4072,5434,lime,0.7396244800960025,0.8429542851323882,0.9657297730445862
4073,2129,lime,0.30386688311894733,0.6110720742079947,0.9874588251113892
4074,5441,lime,0.6507725469969414,0.39264338403134735,0.8794229626655579
4075,9420,lime,0.758710998822661,0.6214772007044624,0.9823731184005737
4076,1330,lime,0.824512305110693,0.884640670567751,0.9996353387832642
4077,7369,lime,-0.09557974012568593,-0.3737979792058468,0.06873950362205505
4078,2275,lime,0.6894031272215002,0.9084567737710827,0.9997089505195618
4079,1765,lime,0.8552396639209726,0.8598179541852163,0.997431218624115
4080,9131,lime,0.7776547382617819,0.9073436939125431,0.9638827443122864
4081,6095,lime,0.3021776896456014,0.40827776880367944,0.8998324871063232
4082,1263,lime,0.18883157273133597,0.3221532627940178,0.8352441191673279
4083,1142,lime,0.8169496898703715,0.8858341456336134,0.941268265247345
4084,7797,lime,0.8155873388879828,0.8650843757722113,0.999929666519165
4085,4989,lime,0.04587792004308393,0.43244084811979727,0.6512267589569092
4086,4395,lime,0.21618352830410004,0.5610274662348357,0.8682177662849426
4087,5333,lime,0.5737087102324674,0.6996625499291853,0.8102253079414368
4088,8163,lime,0.7951643016527999,0.8743704291568561,0.9964901804924011
4089,8995,lime,0.6872717361239826,0.3777769304373685,0.9415493607521057
4090,9568,lime,0.8573137864470481,0.6687573393185934,0.9859545826911926
4091,6098,lime,0.0886729909823491,0.3973185738118795,0.6807425618171692
4092,7278,lime,0.47153864478071533,0.40231389353672664,0.6199057698249817
4093,1516,lime,0.31742643713951113,0.4642635554075241,0.9512353539466858
4094,3501,lime,0.5999817720481327,0.25627545905964716,0.8539535999298096
4095,4371,lime,0.1592450849711895,0.46982951648533344,0.8741796612739563
4096,7736,lime,0.8188607230296602,0.9330341449088376,0.9949358701705933
4097,1683,lime,0.6957078941166401,0.47455939576029776,0.8886668682098389
4098,1631,lime,0.21220728613081433,0.5624629872895422,0.8749146461486816
4099,4601,lime,0.09423705370676133,0.12415755371893605,0.24468864500522614
4100,6956,lime,0.3086014699935913,0.5341959428787232,0.9943296909332275
4101,8482,lime,-0.14268531602544662,-0.5424976425293164,0.014122575521469116
4102,9095,lime,0.6323267539342244,0.34134693145751954,0.9781303405761719
4103,7344,lime,0.7988210321852455,0.7573693201497749,0.9935281872749329
4104,1732,lime,0.24154458137658927,0.6623284598955741,0.8986511826515198
4105,4373,lime,0.7453982193361629,0.5958690284328028,0.9841285943984985
4106,971,lime,0.6883286852389574,0.7485614442266524,0.9162517189979553
4107,6578,lime,0.33511236641142106,0.6386024594927827,0.9421021938323975
4108,1453,lime,0.8360407613217831,0.8571854253348551,0.9991248250007629
4109,80,lime,0.04085209646395275,0.15262049942144326,0.25069528818130493
4110,8908,lime,0.7608297576799112,0.4845243604744182,0.9834333658218384
4111,96,lime,0.7901192247867584,0.8591802157461643,0.9987819790840149
4112,4376,lime,0.643134192778514,0.46033317423783815,0.966674268245697
4113,3207,lime,0.19230884313583374,0.3656967878341675,0.8136265277862549
4114,6462,lime,0.7012439475340002,0.4456060791716856,0.9778786897659302
4115,6220,lime,0.5599118388361402,0.3259919256799751,0.7519335746765137
4116,3279,lime,0.834868742951325,0.8115146585873195,0.9997448325157166
4117,8741,lime,0.34347956715261235,0.3492711041780079,0.5602492094039917
4118,8758,lime,0.3096211850643158,0.5344148396569139,0.9525967836380005
4119,5396,lime,0.24902369862511045,0.6201850952846664,0.98838871717453
4120,2855,lime,0.2276148408651352,0.38184400598208107,0.8815556168556213
4121,1862,lime,0.6616052861871391,0.49780309457203437,0.9610991477966309
4122,7659,lime,0.16741530798576973,0.16973793184435046,0.8467274308204651
4123,8446,lime,0.7900311183184385,0.7524369363673031,0.9988710284233093
4124,5152,lime,0.35918515810260065,0.6726735168033176,0.9940819144248962
4125,2903,lime,0.0022314598047456077,-0.17279557294623796,0.1892295479774475
4126,7581,lime,0.8275206210712592,0.897214600071311,0.9940722584724426
4127,9431,lime,0.7747777549221235,0.5041506476700306,0.9677446484565735
4128,8948,lime,0.622187695719979,0.5165297599001364,0.9481334686279297
4129,2486,lime,-0.6214008160999843,-0.2521948793104717,0.02572258561849594
4130,5552,lime,0.7482115142047405,0.39157840030060875,0.9102206230163574
4131,5479,lime,0.7390040238698323,0.7737779756387074,0.9652752876281738
4132,3894,lime,0.6470263178714297,0.35608434270728717,0.8844799995422363
4133,9430,lime,-0.1173038123441594,-0.4270736579916307,0.013654867187142372
4134,9766,lime,0.2790958086649577,0.7154345292420614,0.9629518985748291
4135,4355,lime,0.2660148906565848,-0.22075532376766205,0.5038201808929443
4136,2833,lime,0.11905014266570409,0.306098564217488,0.6843008995056152
4137,3328,lime,0.33504484097162884,0.6517399201790491,0.949097216129303
4138,8019,lime,-0.11554442979395389,-0.4751560228566329,0.03530601039528847
4139,3424,lime,0.3237782925367355,0.4536013424396515,0.9673694372177124
4140,4539,lime,0.7970608630114131,0.8775047444634967,0.997796893119812
4141,4921,lime,-0.220253538178361,0.0670891196831413,0.420066237449646
4142,3469,lime,0.24305283625920612,0.40303022861480714,0.9678383469581604
4143,5705,lime,0.774290073364973,0.9736953804828227,0.9994989633560181
4144,311,lime,0.594871845956032,0.6517051799366107,0.7733714580535889
4145,9045,lime,0.25258017437798636,0.299671498082933,0.7607484459877014
4146,2619,lime,0.10061233567780462,-0.027426710930363887,0.2811937630176544
4147,789,lime,0.8332868237048388,0.8359864950180054,0.9994664788246155
4148,2742,lime,0.05681849718093872,0.18530055433511733,0.6413431167602539
4149,5653,lime,0.7609009090811014,0.6378814354538918,0.9864535927772522
4150,483,lime,-0.3276168162172491,0.02324261719530279,0.2950841188430786
4151,8113,lime,-0.05172101044800223,-0.1887689901561272,0.13129007816314697
4152,8478,lime,0.7097654855426621,0.7541573345661163,0.8963323831558228
4153,1199,lime,0.5043115340746366,0.34314012833130664,0.9540375471115112
4154,5507,lime,-0.42482828013598917,-0.4886744201183319,0.0754658654332161
4155,3653,lime,0.7741092788545709,0.82859894084303,0.9979169964790344
4156,5065,lime,0.252025330767912,0.4243223973933388,0.9645865559577942
4157,1626,lime,0.7296382885426282,0.8016033165156842,0.94484543800354
4158,7661,lime,-0.15282647390114634,-0.07183233687752172,0.442690372467041
4159,6837,lime,0.8252727284055689,0.8738573212581484,0.99808669090271
4160,7655,lime,0.8289266551534334,0.8816111191279359,0.9999051094055176
4161,8538,lime,0.8317581612084594,0.8136550384972777,0.9930523633956909
4162,1775,lime,0.08093370461747759,0.18032532398189818,0.2665860652923584
4163,9643,lime,0.30872951075434685,0.6169772041030228,0.9525106549263
4164,8884,lime,0.8492370084408791,0.8700669270849997,0.9963610768318176
4165,6778,lime,0.9118622514264038,0.8105193112666408,0.9993769526481628
4166,2340,lime,0.8184505179524422,0.6993557326495647,0.9982617497444153
4167,7226,lime,-0.14919602388346737,-0.1411470320414413,0.01776505634188652
4168,1472,lime,0.5949317912260691,0.2883404663630894,0.9634662866592407
4169,8187,lime,0.7019923499061002,0.45573535478777355,0.9835251569747925
4170,6250,lime,0.6753203688483489,0.5842059254646301,0.981038510799408
4171,2335,lime,-0.35933130068911445,-0.21384834084245893,0.15440629422664642
4172,8981,lime,0.04527154351983752,-0.37463531430278507,0.2739567160606384
4173,8685,lime,0.6247879862785339,0.4849172455483469,0.9768679141998291
4174,251,lime,0.6419455641332794,0.36212025319828706,0.9841459393501282
4175,2732,lime,0.7420143239638385,0.521913517923916,0.9908655285835266
4176,4329,lime,0.025067177083757188,0.19103873686658013,0.6881905198097229
4177,9545,lime,0.8064805025027858,0.8447648820777734,0.9999630451202393
4178,2337,lime,0.5602197924421893,0.6822909076387683,0.7886442542076111
4179,8695,lime,0.3771723258879877,0.6505648092396797,0.9888496994972229
4180,2215,lime,0.039536837665807636,0.03243694312515713,0.17153742909431458
4181,5436,lime,0.8261983940998713,0.732318388564246,0.9990270137786865
4182,5058,lime,0.1758774393483212,0.3782752469966286,0.8502129316329956
4183,9548,lime,0.7760481562303461,0.8482102745253107,0.9972397089004517
4184,108,lime,0.6272955280211236,0.5271332859992981,0.992219865322113
4185,3019,lime,0.566841496154666,0.48422282189130783,0.9944136738777161
4186,487,lime,0.7705953392303653,0.7292800137980117,0.8923308849334717
4187,2436,lime,0.3875954160767217,0.6617280256844336,0.9759021401405334
4188,2417,lime,0.4329247407615185,0.5192372817546129,0.7580488324165344
4189,2684,lime,0.8250504401714905,0.8640300054103136,0.9983345866203308
4190,621,lime,0.35768960624933244,0.49925581201910973,0.5852698087692261
4191,3281,lime,0.26191778828700385,0.3139194559305906,0.3935876488685608
4192,8547,lime,0.3384339766842978,0.5476086863449642,0.9655312895774841
4193,3941,lime,0.8389472642115184,0.647064180545775,0.999041736125946
4194,2423,lime,0.06378585313047681,0.45576847557510647,0.7344033718109131
4195,7682,lime,0.5368479825556278,0.4708574883639812,0.9766225814819336
4196,4960,lime,0.2929591326152577,0.546546851449153,0.9545183777809143
4197,2766,lime,0.3562719530679963,0.7471036189659075,0.9641554951667786
4198,7662,lime,0.6050766663891929,0.5816331193560645,0.9493343830108643
4199,416,lime,0.7426101942272747,0.6237621675519383,0.9895657300949097
4200,3898,lime,-0.49290362569062335,-0.47833784179467903,0.04477410390973091
4201,7632,lime,0.7034110597201756,0.560009567510514,0.9277108311653137
4202,2328,lime,0.7035102106276012,0.46534007503872826,0.9876748323440552
4203,2754,lime,0.7329004236003932,0.6275930183337015,0.9425421357154846
4204,8234,lime,0.8149221843481064,0.8466397669911384,0.9998112320899963
4205,3101,lime,0.669815132021904,0.5925487291812896,0.978207528591156
4206,2108,lime,0.4458415383206947,0.49971896183810066,0.5767663717269897
4207,3100,lime,0.4425868023600843,0.45430958381405584,0.57489013671875
4208,5351,lime,0.7011134288003368,0.7242578854483943,0.9731556177139282
4209,3284,lime,0.752980962395668,0.9270667357041555,0.999789297580719
4210,4824,lime,-0.4827709600329399,-0.40782936811447146,0.11368794739246368
4211,6551,lime,0.7359872595540115,0.28808776778834205,0.8818588256835938
4212,7444,lime,0.17074924044187784,0.0353713679839583,0.25782865285873413
4213,304,lime,0.828010771600973,0.9282769340844381,0.9949650168418884
4214,6360,lime,0.24247161149978638,0.5727704107761383,0.9673136472702026
4215,4190,lime,0.3659264860408647,0.37507694498414085,0.5699300169944763
4216,6664,lime,0.6449963988529311,0.2757530411084493,0.9606970548629761
4217,1945,lime,0.8990981943594912,0.8446781553534998,0.9966555833816528
4218,5817,lime,-0.16491191291614718,0.003927262256974759,0.37664487957954407
4219,92,lime,0.5891591238975525,0.3554570388793945,0.8146926164627075
4220,119,lime,0.8155374574390325,0.8474761308594183,0.9989120960235596
4221,9591,lime,-0.0008179897611791438,0.15584640340371567,0.6436032056808472
4222,8421,lime,0.35494807683702173,0.2622982928978986,0.5145477652549744
4223,7945,lime,0.7416116860695183,0.4832585025578737,0.9813550114631653
4224,2487,lime,0.696095268363538,0.5394398557103198,0.981793999671936
4225,1245,lime,0.6409734506160021,0.4096494885161519,0.9603469967842102
4226,346,lime,0.5943148090419444,0.6257929541170597,0.7451899647712708
4227,9392,lime,0.55429867622645,0.5509885860526044,0.9193423986434937
4228,6604,lime,0.24664049326545662,0.2660633847117424,0.3916223645210266
4229,6338,lime,-0.3002656871491733,-0.2861544111782374,0.0007142872200347483
4230,8410,lime,0.12617680587266622,0.3131039362204702,0.7856822609901428
4231,4216,lime,0.22908467054367065,0.564784973859787,0.9847311973571777
4232,7436,lime,-0.39492702297866344,-0.07992703281342983,0.2272808998823166
4233,6666,lime,0.29110110076990997,0.3568538644097068,0.9586819410324097
4234,8051,lime,0.20274079058851516,0.3938501179218292,0.8715716004371643
4235,1593,lime,-0.009163135772242266,-0.07431225697783862,0.15043936669826508
4236,6951,lime,0.3231197205873636,0.3675811726313371,0.9345783591270447
4237,850,lime,0.7069053252538046,0.5872513332537243,0.9296643733978271
4238,5506,lime,0.7989449693662364,0.5965340101137394,0.9685686230659485
4239,8479,lime,0.27189141511917114,0.18871482461690903,0.6700364947319031
4240,7182,lime,0.8175136544224288,0.8730785780482822,0.9999536275863647
4241,2362,lime,0.7345657849218696,0.8344531629700214,0.9505352973937988
4242,2178,lime,0.7863762133887836,0.3045164287090302,0.9733298420906067
4243,1731,lime,-0.17782878417235154,0.12738157522219878,0.38484254479408264
4244,4185,lime,0.65852428325697,0.8749492905641857,0.9936004877090454
4245,673,lime,0.8125204660970232,0.8786245785329653,0.9984293580055237
4246,5212,lime,0.418960646096919,0.5220553693739144,0.6283679604530334
4247,4417,lime,0.8153831276365302,0.4742902686650103,0.9879036545753479
4248,1056,lime,0.5946062592168649,0.6731401590837373,0.7735608816146851
4249,9593,lime,-0.3649221330881119,-0.18871721252799034,0.243360698223114
4250,623,lime,-0.041048968122118994,-0.4236052433649699,0.14192570745944977
4251,6217,lime,0.08053645609240782,-0.4161809714216935,0.2582426369190216
4252,9597,lime,0.305368409074586,0.5726455573377938,0.94245845079422
4253,2955,lime,0.8270394116640091,0.8905919781327247,0.999518632888794
4254,88,lime,0.41464338120487,0.6357418886489339,0.9609821438789368
4255,3538,lime,-0.2056259622699336,0.00477882317806545,0.40691903233528137
4256,3643,lime,0.8337032924647685,0.8086528965720424,0.9848778247833252
4257,8313,lime,-0.11714427467555769,-0.33363599285122847,0.051715411245822906
4258,5649,lime,0.6857278433285261,0.5851752142372885,0.9766762852668762
4259,1355,lime,0.7251204370900437,0.7078996728415843,0.88857102394104
4260,7142,lime,0.3263962279473032,0.44735963589378763,0.6247670650482178
4261,1512,lime,0.8156552882865071,0.8265240166801959,0.9998650550842285
4262,7565,lime,0.23034937226254007,0.3919378629197245,0.8787069320678711
4263,733,lime,0.3352153265476227,0.671962884068489,0.9125187397003174
4264,8765,lime,0.2636462318546632,0.34270529010716605,0.8646788001060486
4265,9018,lime,0.21479267449606032,0.5276588471162886,0.8577378988265991
4266,6240,lime,0.2472076378762722,0.6460001775994897,0.9745098352432251
4267,590,lime,0.7727559049214635,0.7759407350704783,0.9846627712249756
4268,3745,lime,0.7235863783529827,0.5751014405063221,0.9794371724128723
4269,1919,lime,0.6416985108093782,0.3376094326376915,0.8799989819526672
4270,7799,lime,0.30669209258309726,0.4674749507986266,0.9782043695449829
4271,7684,lime,0.7292867756215855,0.7117813870310783,0.8755611777305603
4272,9486,lime,0.7495987332965198,0.8878281257654491,0.9996349811553955
4273,5027,lime,0.7559227113212857,0.860950260689216,0.9352264404296875
4274,8568,lime,0.7743951097751657,0.5966807672133049,0.9612317681312561
4275,5425,lime,0.6908109924197197,0.8524009999485952,0.9971936941146851
4276,2377,lime,0.5758385194672478,0.5278740624586741,0.9438385963439941
4277,6447,lime,0.6235966577574059,0.521814469937925,0.9587855935096741
4278,8029,lime,0.46127648508319485,0.21416903631045267,0.948946475982666
4279,3855,lime,-0.478668403057825,-0.0529737053882508,0.1962687075138092
4280,5221,lime,-0.42177786976099013,-0.20041614025831223,0.18781906366348267
4281,5792,lime,0.840101006332164,0.174809230864048,0.9906495213508606
4282,3006,lime,0.5407674233118693,0.3747850467761358,0.9978829026222229
4283,8706,lime,0.6009343386524253,0.5122195039358404,0.9663774967193604
4284,2943,lime,0.728066555898765,0.49101203718575936,0.9308606386184692
4285,2072,lime,0.007624295251122837,-0.031181166911947316,0.5698568224906921
4286,3873,lime,0.85295606503884,0.8583656688531239,0.9997352957725525
4287,9297,lime,-0.10350414762354415,-0.11066964041927586,0.023425154387950897
4288,9105,lime,0.3967794861931067,0.553116173698352,0.9175363183021545
4289,7635,lime,-0.05855367264964364,0.0059526891193606634,0.5086358189582825
4290,5313,lime,0.5774631537497044,0.6016057729721069,0.9687720537185669
4291,9675,lime,-0.5679287801568325,-0.22517673002603728,0.04756920784711838
4292,2075,lime,-0.5647547416388988,-0.5088993366807699,0.029840612784028053
4293,7144,lime,0.24916734718359435,0.26704215888793653,0.7779881358146667
4294,3928,lime,0.8292674858123064,0.9028236344456673,0.9944451451301575
4295,1393,lime,0.7963970938267616,0.8654395153101248,0.9559140801429749
4296,263,lime,0.3714172302380852,0.1860335780226666,0.5543873906135559
4297,970,lime,0.2545509147644043,0.6367089247703552,0.9830170273780823
4298,5821,lime,0.7112958229457339,0.42609989394744235,0.9705916047096252
4299,8593,lime,0.31527543609792535,0.5516479232094504,0.9902368187904358
4300,4553,lime,0.10290845949202776,-0.2337115022043387,0.25519683957099915
4301,1671,lime,0.18870590958330366,0.21492017433047295,0.36948418617248535
4302,3118,lime,0.2736795896833593,0.6396110572598197,0.9853379726409912
4303,4367,lime,0.7638197621064526,0.5227580400449889,0.9835205674171448
4304,1760,lime,0.6723438153664271,0.45417125357521904,0.953184962272644
4305,3412,lime,0.8462485779415477,0.850422930311073,0.9996806383132935
4306,6066,lime,0.5524736531078815,0.14554002549913195,0.7711567282676697
4307,3616,lime,0.7368405875475967,0.44697919838568745,0.9940558671951294
4308,5874,lime,0.4439947846389952,0.2981085557313192,0.665697455406189
4309,2189,lime,0.4794800845177277,0.5950878806736158,0.9733267426490784
4310,6071,lime,-0.2842797115445137,-0.030294897655646007,0.3445005416870117
4311,5148,lime,0.33463305585524616,0.5783629391123267,0.9919676184654236
4312,9064,lime,0.850075252354145,0.884925064113405,0.9951918125152588
4313,8381,lime,0.6894602552056313,0.4831833177142673,0.9911434650421143
4314,3352,lime,0.7711845990270376,0.764206709805876,0.9917272329330444
4315,799,lime,0.5785764088588101,0.7682539693612073,0.9007335305213928
4316,8656,lime,0.7577248847014025,0.5524964536491194,0.9716004729270935
4317,7305,lime,-0.14884504914283753,-0.09387798190116882,0.4172053039073944
4318,7948,lime,0.6920101849569215,0.4356001313361857,0.9854472875595093
4319,7233,lime,0.42375111850825226,0.018182473426515407,0.6311346888542175
4320,2392,lime,0.8291738178167078,0.900472737227877,0.9886122345924377
4321,3443,lime,0.6483720284369257,0.23291955557134417,0.8816978335380554
4322,8558,lime,0.31772807041803997,0.665596999724706,0.973223090171814
4323,5014,lime,-0.11592579539865255,-0.4379920734403034,0.07035710662603378
4324,4362,lime,0.32467154609529597,0.3992050635187249,0.9208598732948303
4325,8224,lime,0.34932971398035684,0.4352268844842911,0.8885605931282043
4326,6865,lime,0.6831676810979843,0.23162895039870188,0.8719384074211121
4327,7389,lime,0.619583242318847,0.3360283571210774,0.9629926681518555
4328,303,lime,-0.1614728368446231,-0.5589783399179578,0.014017949812114239
4329,8398,lime,-0.01917824149131775,-0.14657223385733528,0.19514413177967072
4330,2907,lime,0.499166088444846,0.12584646117119563,0.7638531923294067
4331,4619,lime,0.5459684878587723,0.2778130938609441,0.9858346581459045
4332,4765,lime,0.7004997871816159,0.8460657879710197,0.9990813732147217
4333,3320,lime,0.2442907191091968,0.4859976912698438,0.9103321433067322
4334,5298,lime,0.6414362736370253,0.22549918812254202,0.9235251545906067
4335,7927,lime,0.6720294747501612,0.6485024244757369,0.7891092300415039
4336,2348,lime,0.22700251851763045,0.4466357337577002,0.9576795101165771
4337,4267,lime,-0.4717158505628849,-0.21500375198906865,0.17377091944217682
4338,9648,lime,-0.22435941298802695,0.032609205693006516,0.4353678822517395
4339,3024,lime,0.8344617266207933,0.8779423601925374,0.9947077035903931
4340,1373,lime,0.8641515867784619,0.9118921041178206,0.9978209733963013
4341,7377,lime,0.8020328063284978,0.7392056931275874,0.9994086027145386
4342,9782,lime,0.06038033068180084,0.5810933813452721,0.739330530166626
4343,2771,lime,0.09466716729932362,0.23302797807587516,0.7439307570457458
4344,3,lime,0.39619908630847933,0.7215616267174483,0.9819961786270142
4345,2908,lime,0.17880828787640826,0.730259373874926,0.7847798466682434
4346,3852,lime,0.706093294644042,0.870841891749909,0.9862563014030457
4347,532,lime,0.21880119411568894,0.3553822228783055,0.9266643524169922
4348,7929,lime,0.7795582489308083,0.8485957264448657,0.9613776206970215
4349,9423,lime,0.28898384083401074,0.7355701909823851,0.9784471392631531
4350,290,lime,0.8231363117694854,0.8745246407389641,0.9896323680877686
4351,3014,lime,0.8281829420011491,0.8529811620246619,0.9996546506881714
4352,2874,lime,0.79951385212572,0.9228917936745443,0.9981462955474854
4353,5146,lime,0.6255767677600185,0.4528845225771268,0.847770094871521
4354,2221,lime,0.31502331495285035,0.6075177788734436,0.9947670698165894
4355,6958,lime,0.8056814023293555,0.834543842356652,0.9999463558197021
4356,2997,lime,0.7176246191774096,0.46140075070517406,0.9155088663101196
4357,6729,lime,0.7350634121894837,0.18571241140365602,0.9641355872154236
4358,9159,lime,0.3242209676434012,0.47242874038570065,0.9859901666641235
4359,6175,lime,0.23612557517157662,0.6402648946753254,0.8925741910934448
4360,568,lime,0.6033479982408984,0.4300533019263169,0.9454593658447266
4361,5284,lime,0.6257496940535169,0.2815985703884169,0.8300798535346985
4362,1107,lime,0.24604398996702262,0.2747826427221298,0.6682243347167969
4363,135,lime,0.30433515667915345,0.5325549173355103,0.9716272354125977
4364,7828,lime,0.45099905878305435,0.08076915650495461,0.6850035786628723
4365,8709,lime,-0.06320028708261602,-0.1540997343904832,0.12519556283950806
4366,7998,lime,0.6316008605062962,0.3844264264811169,0.8645012974739075
4367,1087,lime,0.17293252664453843,0.43883194204638987,0.775250256061554
4368,8291,lime,0.25539214585138403,0.3486676099507705,0.854321300983429
4369,2301,lime,0.6997135415673256,0.3028636175394058,0.95539391040802
4370,4339,lime,0.2596471330949238,0.6244377440639904,0.9137663245201111
4371,6851,lime,0.1188828084203932,0.2872295203032317,0.7973652482032776
4372,3047,lime,-0.07700589038431645,-0.3094568960368633,0.0979495421051979
4373,4130,lime,0.4600255489349365,0.41771699363986653,0.9384138584136963
4374,4521,lime,-0.013477433886792924,0.381735503880514,0.6010063886642456
4375,7538,lime,-0.40688761696219444,-0.13954334519803524,0.24221482872962952
4376,5473,lime,0.1999155291252666,-0.019339445564481948,0.5097333192825317
4377,388,lime,0.1345965977954237,0.23118497803807259,0.35248786211013794
4378,4217,lime,0.2377271754667163,0.08480583131313324,0.37010785937309265
4379,2122,lime,0.8421444984463354,0.8561199763789773,0.9940676689147949
4380,1310,lime,0.5470595144563251,0.301675859424803,0.9521945118904114
4381,647,lime,0.2522264063358307,0.5627490967512131,0.8441824316978455
4382,6510,lime,0.7500193613140207,0.5047861290605444,0.983997106552124
4383,8040,lime,0.8056371156126261,0.7705681066339215,0.9927237629890442
4384,1183,lime,0.5250150241578618,0.1889172887119154,0.7527951598167419
4385,2859,lime,0.10931418377619523,-0.11026497471791047,0.29044002294540405
4386,7769,lime,0.7095734659168456,0.6230215860737695,0.9893583059310913
4387,8403,lime,0.8508259474354631,0.8979805852560436,0.9993377327919006
4388,7110,lime,-0.15877394750714302,-0.33877485212596026,0.019069893285632133
4389,5798,lime,0.34173207357525826,0.6127087734639645,0.9720874428749084
4390,3128,lime,0.3824831291156657,-0.05773673338048598,0.5682955384254456
4391,7197,lime,-0.10017805002056636,-0.14312527135301095,0.022872185334563255
4392,3148,lime,0.8203144201636314,0.8600518339872361,0.9993751645088196
4393,510,lime,0.5130848244709127,0.6786762423375073,0.9432699084281921
4394,3059,lime,0.7738860182257162,0.7777075475702683,0.9986955523490906
4395,7940,lime,0.8178080794711907,0.6171389897664388,0.9874366521835327
4396,4049,lime,0.15211935937404633,0.577938063442707,0.8314626812934875
4397,5875,lime,0.7729286198382792,0.7235991423544677,0.9635235071182251
4398,3859,lime,0.15449726978937786,0.4375568896532059,0.8255603909492493
4399,6849,lime,0.34494228214025496,0.1293336644768715,0.574726402759552
4400,8149,lime,0.25194722643265355,0.5274057308068643,0.9366871118545532
4401,6260,lime,0.29750023717465607,0.5937717414420584,0.9929714798927307
4402,3312,lime,0.15422575646325162,0.41210792723454925,0.7778376936912537
4403,7866,lime,0.08021006331993984,0.1785045827810581,0.7098169922828674
4404,4201,lime,0.35686259699422257,0.4765416487704876,0.9487881660461426
4405,7652,lime,0.6878592778335918,0.5574811324477196,0.990079402923584
4406,4273,lime,0.8132848931532918,0.9288578162421331,0.99992835521698
4407,3181,lime,0.7878814806731848,0.8579388160545093,0.9997420907020569
4408,3817,lime,0.7806423040918815,0.7463641464710236,0.9993771910667419
4409,1880,lime,-0.08350995286471313,-0.11543681555324131,0.01568293571472168
4410,5350,lime,0.4211380629111891,0.42097939388907474,0.5608274340629578
4411,3615,lime,0.13874965422862284,0.40746049784325267,0.8107764720916748
4412,4058,lime,0.7555174818262458,0.7962720151990652,0.9419618248939514
4413,6915,lime,0.15580259760220846,-0.023316077060169645,0.3501001298427582
4414,321,lime,0.36149265699916416,0.49094115528795457,0.9939339756965637
4415,4722,lime,0.25641149917946143,0.3222329813767882,0.45989561080932617
4416,6422,lime,0.7629952663960664,0.8307531605596128,0.9896161556243896
4417,3295,lime,0.7105861781712841,0.6919671875589034,0.9100990891456604
4418,6421,lime,0.8245792835950851,0.8492564383675071,0.9998773336410522
4419,9330,lime,0.6708408673604329,0.23762379984060925,0.9636116027832031
4420,8138,lime,0.4981843400746584,0.7278085312573239,0.981547474861145
4421,3205,lime,0.6461658701300621,0.559853213528792,0.9054865837097168
4422,2522,lime,0.7533442032124315,0.9120823506798063,0.9771209955215454
4423,6998,lime,0.3902665657155654,0.7090905742610202,0.9932758808135986
4424,5556,lime,-0.04088334987560908,0.06263680188428788,0.13361269235610962
4425,5938,lime,0.3003928351402283,0.35280163526535036,0.9918566942214966
4426,500,lime,0.17229163646697998,0.4556431368821197,0.8852552771568298
4427,3000,lime,0.8421828913453379,0.8818789406826621,0.9999140501022339
4428,3555,lime,0.8141295250286075,0.8421528280219611,0.9982357025146484
4429,8612,lime,0.6325370464473963,0.3621058724820614,0.8514575362205505
4430,9249,lime,0.8151381344844898,0.8909595243632793,0.9964041709899902
4431,3032,lime,0.6156919370094935,0.6958329650262992,0.8539521098136902
4432,9705,lime,0.8322544511821535,0.8531513470742438,0.9889709949493408
4433,330,lime,0.18076028823852539,0.34814083129167556,0.8267892599105835
4434,3078,lime,0.0641240284723394,0.3602141992134206,0.6750901937484741
4435,2018,lime,0.6007735220094522,0.47016214082638424,0.8120930790901184
4436,3274,lime,0.8046844799071551,0.9126409448683261,0.9813236594200134
4437,3233,lime,0.7295000049329939,0.5165129211686906,0.9957135915756226
4438,3387,lime,0.6994479345157743,0.6350770629942417,0.9937663078308105
4439,144,lime,0.32865638423849036,0.41183773676554364,0.9010109305381775
4440,9742,lime,0.017666978968514338,0.18222547322511673,0.7020775079727173
4441,367,lime,0.7792162800518175,0.7827847835918268,0.9927334785461426
4442,8679,lime,0.6761455908417702,0.4769415453904205,0.9541473984718323
4443,4304,lime,-0.12478028530521053,-0.6921662611975556,0.03199302777647972
4444,7178,lime,-0.3125313938810275,-0.15439720222583184,0.20744583010673523
4445,333,lime,0.28920046790786413,0.5235996440700863,0.93973308801651
4446,518,lime,0.832167559231703,0.8006842020325936,0.9947517514228821
4447,7040,lime,-0.13177281245589256,-0.3429792234674096,0.05382367596030235
4448,4229,lime,0.6381773430854082,0.6439567193388939,0.8422279357910156
4449,3833,lime,0.358565304428339,0.20884319618344308,0.5758914947509766
4450,6058,lime,0.11578193131615133,0.31776246428489685,0.826604425907135
4451,576,lime,0.7763733443091897,0.5799357562380678,0.9669933319091797
4452,4215,lime,-0.5854197778297883,-0.3070313714836773,0.02259739488363266
4453,2758,lime,0.6739196972205088,0.5426175000193791,0.9120370149612427
4454,4756,lime,0.3131912454314854,0.5681774875392085,0.9957077503204346
4455,9000,lime,0.5797502934932709,0.32774765938520434,0.8207840323448181
4456,3813,lime,0.6625511172142896,0.6265023574233055,0.9945827126502991
4457,3045,lime,0.7378705191115539,0.9355545741816361,0.9991866946220398
4458,4047,lime,0.29561381112961543,0.48872692812056767,0.9573930501937866
4459,9094,lime,0.78731071902439,0.8769771475344896,0.9995237588882446
4460,8181,lime,0.7403893314301968,0.6272125966846943,0.9878594279289246
4461,6309,lime,0.5345798708774425,0.10807231178990116,0.7466253638267517
4462,1479,lime,0.427498422563076,0.35204205608793665,0.6603317260742188
4463,543,lime,0.8078651857915623,0.4444963952590679,0.9949223399162292
4464,1618,lime,-0.13418578162789344,-0.3555420722067356,0.06054547056555748
4465,9032,lime,0.8161897223555681,0.8791453513232145,0.9999555349349976
4466,7746,lime,0.47887983471155166,0.2157017782330513,0.7823534607887268
4467,6039,lime,0.7841835120184855,0.46265050904317334,0.9875119924545288
4468,7919,lime,0.20015063881874084,0.44207326864654367,0.8350353240966797
4469,7624,lime,0.8222872331738472,0.8245380704601606,0.9978998899459839
4470,9495,lime,0.17878573760390282,0.4425597246736288,0.8270493745803833
4471,8657,lime,0.7442560543616613,0.8791006228753498,0.998624324798584
4472,7160,lime,0.756207841138045,0.8394443747543153,0.9950231313705444
4473,2358,lime,0.7693833267459502,0.373886288358615,0.9747324585914612
4474,8250,lime,0.8391878295527853,0.8512854189814433,0.9995149374008179
4475,1655,lime,0.7866072621196508,0.9107246493920684,0.9999794960021973
4476,6911,lime,0.5939085234422237,0.5756740886718035,0.9800494909286499
4477,1746,lime,0.1922221839427948,0.4773999035358429,0.8988498449325562
4478,5794,lime,0.34276201311619053,-0.1738948062542946,0.6117662787437439
4479,14,lime,0.7738259331811042,0.806896288834867,0.9890376925468445
4480,1877,lime,0.6078340703248978,0.2734626477956772,0.9437482357025146
4481,7888,lime,-0.15022775584033557,-0.27519928397876875,0.03794756904244423
4482,8520,lime,0.44849116123955823,0.5083589636046311,0.9955009818077087
4483,6883,lime,0.8162430812870818,0.8993843976142151,0.9998689889907837
4484,3761,lime,-0.1405892280431894,0.07995638556969471,0.4492890536785126
4485,0,lime,0.1051004617302506,0.18449836527859723,0.6697250008583069
4486,6831,lime,0.34994510368064596,0.7063978871813527,0.9856772422790527
4487,7722,lime,0.8052688654391996,0.8530485019568474,0.9999464750289917
4488,9630,lime,0.8351043888678154,0.475544735789299,0.958454966545105
4489,7672,lime,0.6420418354017394,0.5630277916789055,0.9733251929283142
4490,6568,lime,0.03428820613771677,0.016174429761511937,0.17541421949863434
4491,655,lime,0.7940920405089855,0.8407137508038431,0.982920229434967
4492,9349,lime,0.6520506193240484,0.45378095739417607,0.9683236479759216
4493,4241,lime,0.5368634129946048,0.39395631964390093,0.7906460762023926
4494,3023,lime,0.7572385472686667,0.4019615634491569,0.9674339294433594
4495,1851,lime,0.3255385458469391,0.2750749838979621,0.8565259575843811
4496,349,lime,0.7840251033676082,0.822005575330093,0.9454079866409302
4497,6340,lime,0.22573382407426834,0.45200049690902233,0.9389975666999817
4498,1156,lime,0.7059288388665985,0.7038818854181206,0.861674964427948
4499,3017,lime,-0.05853497428553445,-0.2834786534309387,0.08765469491481781
4500,457,lime,0.3075827710006548,0.5685673304226088,0.9319348335266113
4501,2867,lime,-0.07561272856864062,0.10884661329063502,0.4899269640445709
4502,5033,lime,0.2850439273394071,0.45225627491107356,0.8742331266403198
4503,4622,lime,0.46425445053888403,0.5381070977967718,0.6582211256027222
4504,6329,lime,0.7069113165140152,0.5039735414087773,0.9279072284698486
4505,7081,lime,0.8073453803857168,0.7937479189907511,0.9927646517753601
4506,6786,lime,0.5980648239453633,0.3727725833654404,0.8435319662094116
4507,8458,lime,0.7860319185070693,0.3290196217596531,0.9516926407814026
4508,5206,lime,0.4739478993706587,0.6282325939434331,0.9392110109329224
4509,6053,lime,-0.07275412385833674,-0.30847079306840897,0.10309546440839767
4510,131,lime,0.5323211145069864,0.5958855157649076,0.7072423100471497
4511,3692,lime,0.7323944185461316,0.4799395746418408,0.9772415161132812
4512,6192,lime,-0.5957402317569807,-0.33579841456734216,0.048792410641908646
4513,9523,lime,0.38541719172059036,0.6111137886963239,0.961187481880188
4514,4587,lime,0.8636718892526848,0.7231907066371706,0.9995947480201721
4515,9818,lime,0.8623254711137098,0.8349563120042577,0.9995943903923035
4516,3235,lime,0.7987392100815972,0.8790202783420682,0.9989935755729675
4517,8641,lime,0.6794289025877204,0.5102690452975887,0.931536078453064
4518,4879,lime,0.7760398959120115,0.4706940665131524,0.9839438199996948
4519,6854,lime,0.5988500302391393,0.30893099323979445,0.7712569832801819
4520,8572,lime,0.7934540333226323,0.8095358924474567,0.962346076965332
4521,3639,lime,0.8381753106202398,0.7903458885848522,0.9996343851089478
4522,7358,lime,0.21162300479823146,0.33348465787953346,0.8803918957710266
4523,8826,lime,-0.08022504206746817,0.1445334975142032,0.21246188879013062
4524,2303,lime,0.584531468729819,0.5961690694093704,0.8479582071304321
4525,7315,lime,0.28365669643570635,0.31817471775515327,0.5223425626754761
4526,5308,lime,0.7942015239122239,0.5786844823848117,0.9625872373580933
4527,6808,lime,0.6583626611993231,0.5333638879759558,0.934439480304718
4528,9395,lime,0.6752675754519609,0.17668320410526717,0.9161144495010376
4529,265,lime,0.4559326042299685,0.2999843669974286,0.6683381795883179
4530,4763,lime,0.7676123831835058,0.4572877287864685,0.9798698425292969
4531,9111,lime,0.7066734420756499,0.5522237593928973,0.9889899492263794
4532,6789,lime,0.7835199572145939,0.934730463573942,0.9998348951339722
4533,4597,lime,0.35125512310436796,0.4623656038727079,0.9720914959907532
4534,2531,lime,0.6538999393009223,0.5429143511618559,0.866960883140564
4535,4862,lime,0.31136049239924457,-0.06338656535654356,0.4951181709766388
4536,7669,lime,0.3423690562577624,0.3977578560772695,0.48462367057800293
4537,316,lime,0.6558126540560472,0.6066799179503792,0.9735060334205627
4538,1897,lime,0.19373604133725167,0.3872126493602991,0.5507165193557739
4539,8860,lime,0.7267004072666168,0.8340651214122772,0.9987818598747253
4540,6407,lime,0.76594078540802,0.4901204076078203,0.9976840019226074
4541,8231,lime,0.11544056499705595,0.28128204275580015,0.7838780879974365
4542,8521,lime,0.7129800241440535,0.8406146690249443,0.9933564066886902
4543,6112,lime,0.4308667391952541,-0.08186643198132515,0.6008636355400085
4544,8128,lime,0.7743113404139876,0.7975356560200453,0.9714705348014832
4545,2039,lime,0.37481504844294655,0.7361856883184777,0.9522435069084167
4546,103,lime,0.7108157987778003,0.4472667735356551,0.9553327560424805
4547,3297,lime,0.7601458807475865,0.36619700118899345,0.9933587908744812
4548,794,lime,0.6340163579583168,0.2986556136608124,0.9724578261375427
4549,5967,lime,0.08189274644588723,0.15192253580864737,0.24620872735977173
4550,5332,lime,0.2033392261056339,0.48904207699439106,0.9183538556098938
4551,8586,lime,0.47816128009244013,0.7156010950474363,0.9849046468734741
4552,1658,lime,0.5551315867120311,0.4846351466008595,0.964491605758667
4553,3933,lime,0.50692121368466,0.5922941202580025,0.6898942589759827
4554,6968,lime,0.17936530792050892,-0.03201591678791576,0.4261864125728607
4555,9469,lime,0.8169761598110199,0.8834272699187631,0.9714051485061646
4556,7854,lime,0.8380850685967339,0.8934829748339124,0.9999302625656128
4557,3210,lime,0.36240970715880394,0.5888832621276379,0.9441894888877869
4558,7012,lime,0.004955499122540156,0.271807328487436,0.6113330125808716
4559,9808,lime,0.3337812507152557,-0.021327964067459106,0.5362054109573364
4560,2973,lime,0.7569499313831329,0.7919285242494783,0.9506114721298218
4561,932,lime,0.7895009592175484,0.8609159436821937,0.9650254249572754
4562,6163,lime,-0.5786242239471329,-0.3056248508295731,0.011425944976508617
4563,6432,lime,0.1773434765636921,0.1745016184449196,0.30730393528938293
4564,3497,lime,-0.08620594441890717,-0.1072515994310379,0.0659496858716011
4565,3202,lime,0.7308807583416209,0.6142784479786368,0.9847751259803772
4566,2611,lime,0.7657736405730248,0.8537652313709259,0.9785923361778259
4567,9631,lime,0.8506914156675339,0.8574317073822022,0.9988958835601807
4568,567,lime,0.8552840359765908,0.87897162344949,0.9992870688438416
4569,764,lime,0.7324335606712283,0.6495875856190017,0.9538270831108093
4570,4366,lime,0.796323529134194,0.8389923666914304,0.9802402853965759
4571,8367,lime,0.7347058316364008,0.7193459438927033,0.9094205498695374
4572,7360,lime,0.613889109964172,0.533559446533521,0.9023318886756897
4573,1441,lime,0.38798036267433095,0.21041650368886836,0.5641030669212341
4574,921,lime,0.11996101670795017,0.5227486820270618,0.7555339336395264
4575,8222,lime,0.056109100580215454,0.5275919692856925,0.7786136269569397
4576,1794,lime,0.7624074981680938,0.566434384988887,0.9630635380744934
4577,3838,lime,0.589812260431548,0.10211943338314693,0.7256994247436523
4578,3122,lime,0.22769860066473485,-0.17070233225822448,0.38232237100601196
4579,6127,lime,0.670840288584049,0.5688300556861438,0.9639993906021118
4580,6319,lime,0.6476130485534668,0.43946683332324027,0.9291279911994934
4581,2388,lime,0.8788716114358976,0.8172926874831319,0.981386125087738
4582,4466,lime,-0.055231832939645516,0.030820856923642365,0.6251521110534668
4583,4505,lime,0.26429771542549135,-0.16133651614189148,0.4783322513103485
4584,1606,lime,-0.07399850662635721,-0.35012250620385876,0.10731622576713562
4585,2147,lime,0.31995517244705785,0.6773394993864573,0.9957866072654724
4586,36,lime,0.13951644599437713,0.3036025673151016,0.7849873304367065
4587,9147,lime,0.8022579098386424,0.841275094520478,0.9876518249511719
4588,761,lime,0.8352426063755284,0.8778677589219549,0.9979817867279053
4589,5268,lime,0.6319150265771896,0.5670154509134591,0.8945633172988892
4590,3038,lime,0.7260344025811979,0.5105174492512431,0.9610539078712463
4591,5503,lime,0.4660966665698932,0.3064472818603882,0.6758103370666504
4592,5228,lime,0.36916902969623433,0.46473794623181736,0.5483237504959106
4593,1623,lime,0.3303447132525237,0.4773009179726891,0.9968398809432983
4594,577,lime,0.7809965029797133,0.7292656990535119,0.9675679206848145
4595,6426,lime,0.28161395623766144,0.4938252876544821,0.9619170427322388
4596,8087,lime,0.7593163063651637,0.5345732710863415,0.9846664667129517
4597,8536,lime,0.227137291431427,0.45035228729248045,0.9387348890304565
4598,9564,lime,0.07340818788442346,0.06566637464695507,0.4370931386947632
4599,2232,lime,-0.18063926980608985,-0.02143311394112451,0.3978745937347412
4600,2319,lime,0.8416407499462366,0.818240724503994,0.9942792654037476
4601,5707,lime,0.33240354314763493,0.6028608610021308,0.986215353012085
4602,9690,lime,0.22239841520786285,0.061887566162192306,0.45669791102409363
4603,5306,lime,0.15279199261414378,0.28993066047367294,0.8658899068832397
4604,7938,lime,0.45387161562317296,0.38592505572657837,0.6347065567970276
4605,2167,lime,0.3900142840363763,0.588987834751606,0.9489302635192871
4606,637,lime,0.23373775283495585,0.3366403679052989,0.8737105131149292
4607,8668,lime,0.7723107621073723,0.8344213354587555,0.9948306679725647
4608,5594,lime,0.09918984325070467,-0.23587467521429062,0.2454535961151123
4609,6555,lime,0.8620609127812915,0.7935475135842959,0.9992978572845459
4610,8098,lime,-0.5579720091074705,-0.23284944146871567,0.09618464857339859
4611,47,lime,-0.15099635588772156,-0.2843504854861428,0.07114753127098083
4612,5505,lime,0.7813132533005306,0.7258431169958341,0.9890602827072144
4613,9196,lime,0.10522128985478328,0.33241325387587917,0.7533429861068726
4614,8416,lime,0.7782473083246838,0.7625823305411772,0.9473087787628174
4615,4509,lime,0.7732571993023157,0.500809096544981,0.9788893461227417
4616,2638,lime,0.023391551831189322,0.314466374761918,0.638161838054657
4617,8708,lime,-0.007252433523535729,-0.161089026927948,0.13412760198116302
4618,8476,lime,0.8108888637613166,0.8717651702463627,0.9911621809005737
4619,3080,lime,0.7529710690180461,0.8636155923207601,0.9906973838806152
4620,2870,lime,-0.049622384598478675,-0.26137102651409805,0.12925128638744354
4621,2213,lime,0.7144616132273394,0.534316923140603,0.9881437420845032
4622,6043,lime,0.757846012711525,0.614337133616209,0.9816153645515442
4623,3798,lime,-0.40216827889283496,-0.02142864465713501,0.20547634363174438
4624,7972,lime,-0.007268172746989876,-0.2787354406900704,0.14674974977970123
4625,5739,lime,0.7819627653807402,0.8807422038167715,0.999695897102356
4626,4822,lime,0.7866354168337935,0.8709416915388668,0.9887875914573669
4627,9067,lime,0.7867164395283908,0.2629428901709616,0.9604967832565308
4628,5799,lime,0.7788205969457825,0.8392542246729136,0.9777346253395081
4629,7482,lime,0.7334740872184435,0.5271843979756038,0.9569826126098633
4630,2114,lime,-0.012199247628450394,0.18426878198981286,0.25311779975891113
4631,1112,lime,0.6544502536455791,0.1649340013662974,0.9014387726783752
4632,8178,lime,0.8051923118207766,0.9305296846381996,0.9973340034484863
4633,3717,lime,0.8104303813341892,0.8717714728731097,0.9932819604873657
4634,713,lime,0.11017606939588274,0.37743791192770004,0.7670185565948486
4635,872,lime,-0.09949739049706194,-0.013573976130121283,0.1304614543914795
4636,1149,lime,0.7550066272417705,0.8500143378973007,0.9999247789382935
4637,9299,lime,0.68535187125206,0.6254839336872101,0.9944186210632324
4638,5663,lime,0.3798551144344466,0.13327755566154206,0.5780981183052063
4639,8167,lime,0.2889575248672849,0.5930388087318057,0.990050733089447
4640,3315,lime,0.6434110301779583,0.7445700168609619,0.9063583016395569
4641,4588,lime,-0.18702328867382473,0.0678091303065971,0.4166889488697052
4642,5098,lime,-0.0010401040315628051,-0.15426754131913184,0.18433299660682678
4643,6077,lime,0.27028623335063456,-0.09926432147622108,0.4263576567173004
4644,7966,lime,0.7275780628551729,0.5843279105611145,0.93751460313797
4645,1020,lime,0.6783003453165293,0.5675669610500336,0.9254239201545715
4646,4102,lime,0.010482662710650214,0.4501106790427504,0.6971742510795593
4647,5368,lime,0.002775478821534377,0.28087335251844847,0.6465386748313904
4648,6543,lime,0.636159321357464,0.8250811048622789,0.9963527917861938
4649,958,lime,0.8193134459356467,0.8538351650039355,0.9975054860115051
4650,3846,lime,0.12294367286894056,0.3919692747294903,0.7814794778823853
4651,2748,lime,0.6262070010690128,0.4679575194330776,0.8782135248184204
4652,4710,lime,-0.03554163846586432,-0.10105325973459653,0.0542839951813221
4653,8279,lime,0.8308106881876787,0.37266585752367976,0.9584804177284241
4654,586,lime,0.23702392809920841,-0.07088706890741985,0.41410762071609497
4655,1817,lime,0.7756161303924662,0.8895876538008451,0.9875640273094177
4656,782,lime,0.8389866948127747,0.8353300988674164,0.9924305081367493
4657,8241,lime,0.4531029535062385,0.10723618192203117,0.6246086359024048
4658,335,lime,0.8728453641676385,0.9057065863972125,0.981814444065094
4659,3755,lime,0.8041973042894494,0.8790823952718214,0.9859071969985962
4660,2191,lime,0.799745578537969,0.7810473065165913,0.9978454113006592
4661,9214,lime,-0.0329852710877146,-0.19125683250881376,0.09337727725505829
4662,5205,lime,0.7099870108067989,0.5887317710409039,0.9603605270385742
4663,6073,lime,0.6885045120226485,0.4792734959295818,0.925030529499054
4664,23,lime,-0.454760794473045,-0.24542911657515695,0.10098614543676376
4665,4923,lime,0.809998239226201,0.7702596731045667,0.9938667416572571
4666,4556,lime,0.3114802969826592,0.48656021306912106,0.991468071937561
4667,2012,lime,0.7922321098068585,0.7524628756352916,0.9569336771965027
4668,381,lime,0.23263093531131745,0.04946085512638092,0.5377267599105835
4669,3127,lime,0.11166887753643095,0.04233870597090572,0.21086691319942474
4670,6398,lime,0.40656434812329034,0.6089058355851606,0.9335101246833801
4671,1981,lime,0.7199040491666112,0.35622168545212063,0.9862580299377441
4672,3095,lime,0.6860036293373388,0.4755614496329251,0.9904161691665649
4673,6758,lime,0.6609155244659632,0.5277767186053097,0.9293539524078369
4674,2025,lime,0.8198993116617203,0.8386108135183652,0.9757044315338135
4675,9398,lime,0.6279516439227497,0.43462666518547954,0.9971182346343994
4676,5100,lime,0.7028548056259751,0.4844591524451971,0.9863613843917847
4677,3526,lime,0.5384245672159724,0.2012508064508438,0.8099152445793152
4678,7532,lime,0.798358444301855,0.9056325171675,0.9993316531181335
4679,3007,lime,0.12820207044996065,0.5220997133131685,0.7327895760536194
4680,1084,lime,-0.1900477374301237,0.14942544260445764,0.3996957242488861
4681,9837,lime,-0.3723362176506608,-0.328864652801443,0.20937994122505188
4682,9258,lime,0.24492089237485612,0.5182364540440696,0.9353708624839783
4683,4503,lime,0.8098151828162372,0.8079201402142644,0.9947574138641357
4684,1575,lime,0.31801434606313705,0.5393987316638231,0.9550421833992004
4685,3091,lime,-0.34248398343722025,-0.07945468624432882,0.30640462040901184
4686,2484,lime,0.8119501048699022,0.36503233164548876,0.9769773483276367
4687,4489,lime,0.7907036624494053,0.6330014907178425,0.9988059997558594
4688,5070,lime,0.7382831610739231,0.4395228987559676,0.9848760366439819
4689,5669,lime,0.20656303978628582,0.1975189615730886,0.3669483959674835
4690,2138,lime,0.8452021289697808,0.8440716350856035,0.9810258746147156
4691,6580,lime,0.6846559645075884,0.5919394030102662,0.983851969242096
4692,2516,lime,-0.07041924409568309,-0.3081288389861584,0.09859773516654968
4693,9154,lime,0.003598661720752716,-0.497379909157753,0.15521340072155
4694,5456,lime,0.48903231961386545,0.21846142553147815,0.9861055016517639
4695,3433,lime,0.7949269683483768,0.7815954354414316,0.9945763349533081
4696,3989,lime,0.3846476748585701,0.2067883192665047,0.5870220065116882
4697,7422,lime,0.6645412237747855,0.8353550654390584,0.9376877546310425
4698,5009,lime,0.804291173301894,0.8822198507600817,0.9997223019599915
4699,1458,lime,0.8110643801589806,0.8501415339608988,0.9969890713691711
4700,952,lime,0.33043363013050775,0.12568608197298917,0.5464771389961243
4701,9718,lime,0.3625531627943641,0.4254188576811238,0.9384208917617798
4702,960,lime,0.31943961507395696,0.5768811000805152,0.9771338105201721
4703,7273,lime,0.2227018317207694,0.25822717091068625,0.39964550733566284
4704,765,lime,0.3085199734196067,0.4772245120257139,0.9818745851516724
4705,8316,lime,-0.22376782726496458,-0.163436992559582,0.39701390266418457
4706,3400,lime,0.6859985892143514,0.7555371094495058,0.9701642990112305
4707,2316,lime,-0.11047448302534493,-0.16172799552706155,0.03669475018978119
4708,9465,lime,0.43744633436203,0.6153776475787163,0.9988333582878113
4709,9346,lime,0.2615754966224943,0.41804290243557524,0.9275538921356201
4710,7835,lime,0.3780715920031071,0.481557896733284,0.9367042183876038
4711,4032,lime,0.14727499485015869,0.41886499524116516,0.851252555847168
4712,2029,lime,0.30420193005175816,0.4306234029077348,0.8864477872848511
4713,4718,lime,0.8282963004894555,0.8954328406834975,0.9998941421508789
4714,286,lime,-0.3622723865238103,-0.30848546732555737,0.20403718948364258
4715,908,lime,0.38419346073094535,0.49474437753943834,0.994857907295227
4716,1482,lime,-0.004097613760016181,-0.12235934693704952,0.08669696003198624
4717,9660,lime,0.2332493687669436,0.4417063556611538,0.9428256154060364
4718,4712,lime,0.1078571549483708,0.15146102082161678,0.270624041557312
4719,2133,lime,0.5961003705859185,0.3795489683747292,0.9553066492080688
4720,9608,lime,0.07905859351158143,0.19569463531176248,0.6756927371025085
4721,9774,lime,-0.24115416407585144,0.05245904065668583,0.39331111311912537
4722,9211,lime,0.6596809287865957,0.37514733473459877,0.9678144454956055
4723,563,lime,-0.024122040556824726,-0.4563643556574117,0.14442920684814453
4724,291,lime,0.22047135127442224,0.6372839286923409,0.8519404530525208
4725,1713,lime,0.6454297403494517,0.4023926647173034,0.9778411984443665
4726,4012,lime,0.753044939200793,0.5903508812189102,0.9601817727088928
4727,8922,lime,0.556575779337436,0.4603456584736705,0.7143899202346802
4728,169,lime,0.6221409080659642,0.6117311716079712,0.9849444031715393
4729,267,lime,0.8001475356744997,0.8243100507692858,0.9952079653739929
4730,9144,lime,0.623168583586812,0.43860870947440467,0.9903740882873535
4731,3172,lime,0.34562991311152774,0.4723512915273507,0.9904276132583618
4732,2286,lime,0.4671260599385608,0.6285678432746367,0.9918660521507263
4733,315,lime,0.8193009669582049,0.8890508101100013,0.9974621534347534
4734,8046,lime,0.7158486731350422,0.707452941685915,0.9726502895355225
4735,8822,lime,0.8285552713681351,0.8870709321715615,0.9985995888710022
4736,245,lime,0.8042581922685107,0.8248422496641675,0.9870147705078125
4737,5186,lime,0.30668850988149643,0.6379875782877207,0.964245080947876
4738,5421,lime,0.04402165156271723,0.003488448482972604,0.1725240796804428
4739,6065,lime,0.8155649553822435,0.8871453234358974,0.9992849230766296
4740,50,lime,0.8048731058835983,0.8753130406141281,0.9963449835777283
4741,3021,lime,0.8476949237287045,0.7543582995732625,0.999884843826294
4742,7028,lime,0.274748788939582,0.5714482946528329,0.9467214345932007
4743,1372,lime,0.21706805445931174,0.45417142371562397,0.9093149900436401
4744,4176,lime,0.8484417403116822,0.7750000704079867,0.9995517134666443
4745,2470,lime,0.7461873601589885,0.4361628347209522,0.9739258885383606
4746,8000,lime,-0.028347325325012208,0.02148685952027639,0.6186632513999939
4747,6156,lime,0.6225940166041255,0.5078770238906145,0.986234188079834
4748,1498,lime,0.32912327625133375,0.4886507734104439,0.9896008372306824
4749,5868,lime,0.6837179006801711,0.6755843824810452,0.9864418506622314
4750,1963,lime,0.38731348514556885,0.7063007861375808,0.9039415121078491
4751,248,lime,0.7984627723693848,0.8646335862576962,0.9746379256248474
4752,4771,lime,0.46905504663785297,0.6615670882165432,0.976798415184021
4753,1277,lime,-0.1927815079689026,0.09870753042838153,0.45159438252449036
4754,4905,lime,0.23913988265497932,0.3827369100060956,0.7849739193916321
4755,8025,lime,0.7813583287809577,0.8204286456817672,0.9910145401954651
4756,2110,lime,0.2089817225933075,0.30236075818538666,0.8962140083312988
4757,9776,lime,0.31240482291867655,0.6137453673347351,0.9779263138771057
4758,2945,lime,0.05279310544331869,0.49196715777119,0.7681790590286255
4759,6249,lime,0.7814904980753598,0.7128117004115331,0.9979444146156311
4760,7023,lime,0.7851033891024797,0.6066255342701207,0.9734395146369934
4761,795,lime,0.2667697900906205,0.4879848873242736,0.5981930494308472
4762,9717,lime,0.07064095238844553,0.37534203082323075,0.6705142259597778
4763,7908,lime,0.8318155548934426,0.8429252779377359,0.9845788478851318
4764,5371,lime,0.6788502778444025,0.37331000260180897,0.920927107334137
4765,9655,lime,0.8434927067296072,0.9379290046001022,0.9998300075531006
4766,447,lime,0.7721337578419981,0.6109770880690937,0.9858595728874207
4767,2968,lime,0.7178985547078284,0.43693021331962784,0.948364794254303
4768,2152,lime,0.8101434866371362,0.8880953497212866,0.9996750354766846
4769,7838,lime,0.49606166261693707,0.3528078425189723,0.9967185854911804
4770,4852,lime,0.8525011086215576,0.8183423901597658,0.999956488609314
4771,5157,lime,0.3186467908046864,0.5456821841222269,0.9914587736129761
4772,683,lime,-0.45848276138305666,-0.17541319370269776,0.21639196574687958
4773,8118,lime,0.6906620654113153,0.4246506620855892,0.9902215003967285
4774,6681,lime,0.2531082034111023,0.5950682351986567,0.9824116826057434
4775,5741,lime,0.0975963178401192,0.21859236418580016,0.3019848167896271
4776,1488,lime,0.24069046346764816,0.03560010226149308,0.437333881855011
4777,3077,lime,0.13565642482811405,-0.21937425867203744,0.3149726390838623
4778,3905,lime,0.6903915879566495,0.40124761912880874,0.972572386264801
4779,8594,lime,0.3841907192360271,0.6606312543153763,0.9640664458274841
4780,318,lime,0.6632906866650428,0.6077440967482906,0.9885116815567017
4781,856,lime,0.024696462725599607,0.06358029221494993,0.18446047604084015
4782,7743,lime,-0.08107295349754136,-0.22787299443935527,0.08176906406879425
4783,2770,lime,0.6958445344652449,0.5572276179279599,0.8949626088142395
4784,3566,lime,0.6048984571414835,0.49700547009706497,0.9915398955345154
4785,376,lime,0.26762800557272776,0.6687348144395011,0.9263660907745361
4786,410,lime,0.6389421713021066,0.7270643417206075,0.8114980459213257
4787,2405,lime,0.3066920191049576,0.49370377212762834,0.9817533493041992
4788,3776,lime,0.686313104412208,0.559920017917951,0.9933556318283081
4789,3946,lime,0.8453987646434042,0.8360273184047805,0.9996417760848999
4790,1111,lime,0.8505590922598328,0.8215435652860573,0.9956684112548828
4791,7660,lime,0.10361784849411403,0.19667956615105653,0.7204117774963379
4792,8001,lime,0.8187719599476883,0.8149151370993682,0.997925877571106
4793,2288,lime,0.5004751810005733,0.34015921290431705,0.754895806312561
4794,2127,lime,0.653665680276311,0.7890355729538462,0.8519651293754578
4795,5581,lime,0.6951516952652198,0.5204430778439229,0.9685426354408264
4796,8256,lime,-0.16338866719832787,0.14274431822391656,0.5436399579048157
4797,6751,lime,0.6385181089242299,0.4123156080643336,0.9856175780296326
4798,9399,lime,0.2374850305227133,0.541889509329429,0.8868210315704346
4799,2233,lime,0.7449684944646112,0.2684253253813448,0.9889618754386902
4800,5550,lime,0.6563531695865095,0.33002989599481225,0.8548498153686523
4801,274,lime,0.411908732010768,0.6719479171129373,0.9979081153869629
4802,2344,lime,0.7344147299726804,0.5523073717951774,0.9465230703353882
4803,1568,lime,0.5453305312472841,0.6202893198832221,0.7097077369689941
4804,3133,lime,0.47431780713977234,0.4337467072588025,0.979721188545227
4805,6178,lime,0.7679359334356645,0.7282841941889595,0.8688144087791443
4806,7955,lime,0.6032747132703662,0.3426428362727165,0.8337618708610535
4807,7820,lime,0.7166016972064972,0.6227805817127228,0.982063889503479
4808,9415,lime,0.8279249067935679,0.7795134906967481,0.9954937696456909
4809,2574,lime,0.12186993543918316,0.3558451258219205,0.7883406281471252
4810,965,lime,0.3174778733934675,0.6649314276874065,0.9786699414253235
4811,2291,lime,0.6382725702909132,0.8261981705824534,0.90224289894104
4812,5375,lime,-0.10484071324268977,0.02302450438340505,0.5908000469207764
4813,6670,lime,0.3158334635552906,0.6351613895524115,0.968881368637085
4814,8955,lime,0.6300924325154887,0.6148431596380693,0.8037341833114624
4815,8059,lime,0.7463512230315246,0.6208631535992026,0.9912788271903992
4816,2755,lime,0.6444884017109871,0.5319951929979854,0.9032981395721436
4817,4474,lime,0.25503894925117493,0.42537793397903445,0.7953056693077087
4818,3910,lime,0.5786432501460824,0.567977559353624,0.9378650188446045
4819,2002,lime,0.2115908484248554,0.29645896133254557,0.8289540410041809
4820,4794,lime,0.6950565597840718,0.563506638719922,0.9119209051132202
4821,8644,lime,0.34272322864145843,0.4270957515046403,0.9339882731437683
4822,6394,lime,0.24565100263465534,0.5139536220919002,0.8722755908966064
4823,5339,lime,0.641085851451625,0.7095893308844256,0.8894105553627014
4824,1730,lime,0.7772397651284371,0.4534905616123721,0.9917603135108948
4825,2360,lime,0.010070386258038607,0.17074506323445926,0.3293505012989044
4826,9379,lime,0.765115522380386,0.8732054912086044,0.9933706521987915
4827,9058,lime,0.7585212836662928,0.897342077559895,0.9902167320251465
4828,9028,lime,-0.2186408800383409,0.01817065229018529,0.4510492980480194
4829,7579,lime,0.8047974167222326,0.8764636899259958,0.9961950778961182
4830,6428,lime,0.2694057728114881,0.5668140022378219,0.971828043460846
4831,1068,lime,0.7662141619152144,0.9062348092465025,0.9780769348144531
4832,5337,lime,-0.32519186355850915,-0.05849303982474587,0.3020440936088562
4833,1071,lime,0.8116243671004971,0.8642608157048622,0.9981143474578857
4834,9456,lime,0.8223003048139313,0.9114911149566373,0.9953528642654419
4835,5020,lime,0.2634194362908602,0.6218576789833605,0.9738432765007019
4836,2115,lime,0.35355602701505023,-0.0034488914189515292,0.6062835454940796
4837,5910,lime,0.371055107924246,0.4882180988788605,0.9968950748443604
4838,8448,lime,0.04058505594730377,-0.19830733622823443,0.2818126976490021
4839,3132,lime,0.7147874354288496,0.49434219403513546,0.923084020614624
4840,7703,lime,-0.0240539229091476,-0.08503488232107724,0.15116360783576965
4841,474,lime,0.36361499778602435,0.5271787617517554,0.9717239141464233
4842,8441,lime,-0.0852416359952518,-0.37809982895851135,0.024857155978679657
4843,7584,lime,0.6390725452648965,0.3387583282433058,0.921665608882904
4844,3085,lime,0.32132126050798787,0.3991517602749493,0.5184956789016724
4845,8856,lime,-0.14534399339130946,0.13513343390964327,0.4781254529953003
4846,5936,lime,0.8217476984858513,0.8386882355809212,0.973821759223938
4847,3397,lime,0.7888617787975818,0.5965222455561161,0.9769428968429565
4848,4309,lime,0.6388057009095237,0.3479569419508889,0.8095138072967529
4849,6169,lime,0.8093256153399124,0.3955332897603512,0.994187593460083
4850,3693,lime,0.3627830525239309,0.32024600108464557,0.9256685972213745
4851,1691,lime,-0.49435046665808735,-0.3292287965031231,0.14902356266975403
4852,4333,lime,0.6502614105836704,0.444906622171402,0.909866213798523
4853,9574,lime,0.6559168174862862,0.7874752799669902,0.945906937122345
4854,8619,lime,0.6823659640337739,0.4521919036550181,0.9517980217933655
4855,6832,lime,0.03231679851358587,0.22716581279581244,0.7045003175735474
4856,3795,lime,-0.5360480515580428,-0.3308722670925291,0.05419795960187912
4857,4649,lime,0.760005242058209,0.8927148222158264,0.9837080836296082
4858,9226,lime,0.524034035909507,0.5313078347179625,0.6735894083976746
4859,7372,lime,0.42047299547442074,0.4248517237860581,0.5677493810653687
4860,4929,lime,0.4908409961744359,0.21069765875214025,0.7012296915054321
4861,4233,lime,0.04611158768335978,0.4658378000060717,0.6646116971969604
4862,1145,lime,0.8315405696630478,0.8857443840908152,0.9983382225036621
4863,3111,lime,0.34466862240258384,-0.02330095452420852,0.5777385234832764
4864,8737,lime,0.29578626297769095,0.4734753767649333,0.8522177934646606
4865,2592,lime,0.3253395216805594,0.22380873507687024,0.4835042357444763
4866,9142,lime,0.8042371878400445,0.8643750762566924,0.9996252059936523
4867,624,lime,-0.6462704669684172,-0.4184304602444172,0.02195855602622032
4868,9043,lime,0.646178634151032,0.4724610824333994,0.9102703928947449
4869,3283,lime,0.6402718909084797,0.22287996278868782,0.8493446707725525
4870,6341,lime,0.4302658965190252,0.33691006700197856,0.8738074898719788
4871,7522,lime,0.6807797304109523,0.47691890989479263,0.9682899713516235
4872,9585,lime,0.2719729924201965,0.2994590401649475,0.9512042999267578
4873,7440,lime,0.16588753461837769,0.502926885508574,0.8528537154197693
4874,668,lime,0.37033968482698715,0.4636528066226414,0.9840117692947388
4875,6750,lime,0.41725769135005336,0.4434689932009753,0.5618546009063721
4876,5165,lime,0.245036516052026,0.42705803651076096,0.7988958954811096
4877,5279,lime,0.31642408456121174,0.2002974557025092,0.521725594997406
4878,582,lime,0.27089422361718285,0.46689290470547146,0.883767306804657
4879,3945,lime,0.31928615603182053,0.5360479454199473,0.894789457321167
4880,7688,lime,0.2945000784737723,0.7238924744583312,0.8483998775482178
4881,7614,lime,0.7834871585170428,0.8122963557640711,0.9850884079933167
4882,1208,lime,0.7681610429659486,0.4730185277760029,0.9708318114280701
4883,7944,lime,0.6254133395850658,0.7015540592838079,0.8658108711242676
4884,5030,lime,0.45506697869859636,0.035638696514070034,0.7373180389404297
4885,76,lime,0.5620556040243669,0.5693715194409544,0.9731489419937134
4886,6693,lime,0.639821361969499,0.4170796993900748,0.9583650827407837
4887,9478,lime,0.8155763491988182,0.8767453081905842,0.9984384179115295
4888,9464,lime,0.8064633573715886,0.8791408076261481,0.9988177418708801
4889,1175,lime,0.832345520013145,0.8496847445411342,0.9964763522148132
4890,592,lime,0.7419265558322271,0.5269948989152908,0.9891987442970276
4891,3774,lime,0.16243938627568158,0.12123730169101195,0.37255358695983887
4892,5676,lime,0.8117457809192794,0.8450832489345755,0.982049286365509
4893,7362,lime,-0.19204310907257927,-0.15747645166185167,0.36417362093925476
4894,1470,lime,0.7005771672725678,0.5595946288108826,0.9493246674537659
4895,705,lime,0.7751804878314336,0.7303667237361272,0.9831666350364685
4896,1688,lime,0.2908484601392979,0.398037776714418,0.9499217867851257
4897,4828,lime,-0.45204712256141333,-0.3113948683375898,0.1867298036813736
4898,5386,lime,0.8547120795119554,0.8294354793615639,0.9955139756202698
4899,4564,lime,0.6251550346220794,0.6434222051971837,0.8107433915138245
4900,7450,lime,0.09163434909922737,0.20483257621526718,0.7011708617210388
4901,9324,lime,0.6004927423265245,0.48466808873194234,0.7953957915306091
4902,4747,lime,0.8197293105094057,0.8132373439638239,0.9911973476409912
4903,4303,lime,0.8139505268585298,0.8790919689401504,0.9996230602264404
4904,6460,lime,0.6013594070339904,0.32682523306678324,0.7936564087867737
4905,6239,lime,0.7296145575888017,0.5445796040927663,0.9641647338867188
4906,7766,lime,0.758385012547175,0.7595862595157491,0.9988692402839661
4907,6739,lime,0.41152496906844055,0.5339614054696127,0.9684213399887085
4908,8336,lime,0.7737882531114987,0.3478171367730413,0.9708681106567383
4909,3464,lime,0.6912083245813847,0.261213122587651,0.9286491870880127
4910,1509,lime,0.8281409405171871,0.8889416724443435,0.9998621940612793
4911,4978,lime,0.7939419139537119,0.7382223077358738,0.9986442923545837
4912,6008,lime,0.754154186281893,0.829165714206519,0.987065315246582
4913,5730,lime,0.7623876487570149,0.9385541653526681,0.9983402490615845
4914,8334,lime,0.39506111604472,0.12399912087453736,0.5701493620872498
4915,4883,lime,0.7005951847881079,0.24992227256298066,0.9513612389564514
4916,9740,lime,0.03461679758933874,-0.17223846855071875,0.2310066819190979
4917,3299,lime,0.7381754151235024,0.336192491153876,0.9154351949691772
4918,594,lime,-0.17857203991324813,0.20138908729509072,0.49561581015586853
4919,5521,lime,0.2962356085578601,0.1234885888795058,0.5253437161445618
4920,6867,lime,0.3066237550793272,0.3846820123267896,0.8798378109931946
4921,7999,lime,0.679031375618208,0.6581841253098988,0.9797606468200684
4922,7073,lime,0.7270120448536344,0.847220864560869,0.9726623892784119
4923,2876,lime,0.7351932922378183,0.4422983516007662,0.9130256175994873
4924,5595,lime,0.6512229284988,0.6029270721169618,0.7676864266395569
4925,8508,lime,0.8391777447291783,0.8532185773586943,0.9972662925720215
4926,9525,lime,0.7477613095496152,0.8419091121570484,0.9630944728851318
4927,4335,lime,0.19521459478598374,0.33718307889424837,0.8478489518165588
4928,4540,lime,0.4020257823997074,0.17846076466419078,0.6004884243011475
4929,10,lime,0.4580080067669904,0.2626831123122462,0.6812614798545837
4930,8757,lime,0.5246759178963575,0.4076763405041261,0.7786079049110413
4931,1217,lime,0.20144771536191305,0.5467063511411349,0.9339421987533569
4932,1224,lime,0.6894300748472628,0.6729504351058732,0.9364364743232727
4933,3206,lime,0.7363460105843842,0.7248207102529705,0.8921815752983093
4934,93,lime,-0.3347512185573578,-0.20862645688264267,0.2665877938270569
4935,8057,lime,0.027012045042855398,0.35929795716490065,0.6329444646835327
4936,2455,lime,0.8571347135373137,0.8466531959446993,0.9824633598327637
4937,1247,lime,0.18505541527190725,0.23288766355127902,0.3819084167480469
4938,2251,lime,0.5093876901600096,0.20311509403917524,0.7610036134719849
4939,6380,lime,-0.15577575351510728,0.009618240807737623,0.37548884749412537
4940,4708,lime,-0.14093170642595867,-0.08930704248105657,0.022129839286208153
4941,7864,lime,0.31119642895646393,0.27795815269928426,0.42131784558296204
4942,3916,lime,0.6522846423527774,0.39184029312694774,0.9908962845802307
4943,3105,lime,-0.3281542931993802,-0.061348324020703636,0.30328264832496643
4944,292,lime,0.7612224715175452,0.8374800886268969,0.9373753666877747
4945,7616,lime,0.8578223603821936,0.8642908554701578,0.9996926784515381
4946,2083,lime,-0.04177822491952351,-0.1733455686696938,0.08841691166162491
4947,4381,lime,0.3863558890298009,0.3921684368203084,0.5731322765350342
4948,4291,lime,0.733461587689817,0.5236457455903292,0.999386191368103
4949,5404,lime,0.055655207633972165,0.3419905245304108,0.6997650265693665
4950,6637,lime,-0.1392894991869597,-0.13450836936796182,0.006928769405931234
4951,1090,lime,0.7057840631288641,0.5640808948699165,0.9400683641433716
4952,8570,lime,0.7488448703661561,0.5256920210085809,0.9879988431930542
4953,6206,lime,0.09049167999854454,0.29223307508688706,0.7637869715690613
4954,6843,lime,0.2530576613816348,0.5775492096489127,0.9432370662689209
4955,1078,lime,0.7866267358117244,0.8576238926719216,0.9937500357627869
4956,1188,lime,-0.24221193194389343,0.22205828957259655,0.371249794960022
4957,3984,lime,0.6513628611962,0.6676771966395555,0.8270280361175537
4958,1369,lime,0.8217565341090615,0.8798773075369272,0.9996086955070496
4959,8348,lime,0.7023683844932488,0.8625018703086036,0.9983540773391724
4960,5987,lime,0.11296842694282531,0.06470748454332352,0.3073987364768982
4961,1599,lime,-0.2750489336829032,0.16359195065113805,0.4253289997577667
4962,4573,lime,0.7550125635512497,0.8770082429375338,0.9986382126808167
4963,5173,lime,0.7333756960355319,0.6344796774479059,0.9896814227104187
4964,6459,lime,0.25712822212113273,0.34361718263891006,0.7572941780090332
4965,4404,lime,0.7898501303046942,0.728195085003972,0.9096974730491638
4966,7585,lime,0.234283576409022,0.5496155255370669,0.8842015266418457
4967,8225,lime,0.7957937086396145,0.8548184886123195,0.9761107563972473
4968,4209,lime,-0.06576712066307663,-0.2944586329162121,0.07258966565132141
4969,1418,lime,0.7649760685468975,0.46238792491586583,0.985499918460846
4970,3309,lime,0.3909563422203064,0.7505385668150016,0.9695686101913452
4971,9362,lime,-0.01133043993087042,0.13204014868963332,0.5845239758491516
4972,6492,lime,0.2317234840657976,0.45540211101373035,0.947441041469574
4973,7841,lime,0.9166099453965822,0.7653250843286514,0.9986454844474792
4974,3037,lime,0.002698937287697425,-0.23343037126156,0.1764560043811798
4975,1825,lime,0.5650693903366725,0.425029082596302,0.8055851459503174
4976,3842,lime,0.7111270688474178,0.6562482373168071,0.8965687155723572
4977,4522,lime,-0.1418034421124806,-0.4963424140587449,0.014913300983607769
4978,1569,lime,-0.5733350925147533,-0.2775712807973226,0.08346115052700043
4979,1261,lime,0.26185575127601624,0.5874454397708178,0.9461262822151184
4980,4918,lime,0.7342622402039441,0.627619777890769,0.9837623238563538
4981,5273,lime,0.6605400099898829,0.31358069136287225,0.9627588987350464
4982,2478,lime,0.6988939831131383,0.5046268964284345,0.9757039546966553
4983,5795,lime,0.2933494945367177,0.42476153559982777,0.9648255109786987
4984,6864,lime,0.2728830552101135,0.4764598894119263,0.9505975246429443
4985,1616,lime,0.06012075841426849,0.4437494387229284,0.625809907913208
4986,6913,lime,0.7839035794138909,0.8601255965232849,0.9678993225097656
4987,2236,lime,0.7240746115212855,0.4851592221985693,0.9798816442489624
4988,7618,lime,0.6969663798809052,0.6550029373782522,0.9788611531257629
4989,5447,lime,0.6034812809756169,0.3016636148095131,0.986072301864624
4990,5554,lime,0.2165267116883222,0.45600657910108566,0.7767083644866943
4991,7212,lime,0.5847248825288954,0.6666706945924532,0.8002116680145264
4992,7352,lime,0.644366101026535,0.5793792033195495,0.9880971908569336
4993,2533,lime,0.5811161573340253,0.33158428530867506,0.8414990901947021
4994,5950,lime,-0.09457292207158528,-0.1120885407122282,0.03144804388284683
4995,7947,lime,0.27558694779872894,0.6751856066286563,0.9980719089508057
4996,2689,lime,0.16702943212456173,0.27838730480935836,0.6280073523521423
4997,3110,lime,0.44765940537819493,0.5695423976733134,0.9935632944107056
4998,4397,lime,0.1850379204750061,0.6977229889482259,0.8630474209785461
4999,2935,lime,0.35511276374260586,0.6806448676312963,0.9213789701461792
5000,9632,kernelshap,-0.10597282648086548,0.008514725244962253,0.5868351459503174
5001,9282,kernelshap,0.8488987276428624,0.6423989169691738,0.9996920824050903
5002,106,kernelshap,-0.573093980550766,-0.4267652918013834,0.05082850903272629
5003,1446,kernelshap,0.49213621745238434,0.5801841719327746,0.9366569519042969
5004,1513,kernelshap,0.5335748204413582,0.6078185075346161,0.8197557330131531
5005,6498,kernelshap,-0.07546237895363256,-0.04493910074234009,0.4965934753417969
5006,6973,kernelshap,0.6381533454571452,0.7782012379861304,0.9767543077468872
5007,4952,kernelshap,0.625560081817887,0.6277816471728411,0.9817962050437927
5008,8552,kernelshap,0.7402116732502525,0.45084181089292874,0.872232973575592
5009,3027,kernelshap,-0.6445071063445587,-0.40367753445906074,0.013155492953956127
5010,2760,kernelshap,0.6198060855269432,0.3831646300852299,0.9036301970481873
5011,3060,kernelshap,0.6815441084759576,0.6278292894363403,0.9830917716026306
5012,33,kernelshap,0.6377390601179179,0.35183557342080507,0.9096025228500366
5013,1349,kernelshap,0.29674405232071877,0.3848368884064257,0.8528456687927246
5014,4934,kernelshap,0.5039204329252243,0.8164091024547815,0.9373475313186646
5015,2680,kernelshap,0.727573091464658,0.5555818138584014,0.9424630403518677
5016,9074,kernelshap,0.7012124376164542,0.5851299266020457,0.9839212894439697
5017,5414,kernelshap,0.6622279764790284,0.7075203821847313,0.9929293990135193
5018,6663,kernelshap,0.536034191196615,0.8570038894699379,0.999101996421814
5019,5286,kernelshap,0.5011042067064688,0.519239947772943,0.980504035949707
5020,3782,kernelshap,0.7512402487918735,0.5092717045918107,0.8612732887268066
5021,4516,kernelshap,0.34470733324997127,0.12276844307780266,0.5729129910469055
5022,4554,kernelshap,0.5008700572602127,0.21327305034450864,0.6359938383102417
5023,1595,kernelshap,0.519118899336228,0.6728626455251987,0.9860119223594666
5024,3857,kernelshap,0.3675524580587701,0.6076771642376737,0.8257390856742859
5025,3337,kernelshap,0.63573668553279,0.4818581729554213,0.9874890446662903
5026,9255,kernelshap,0.8532146919585232,0.4872746020555496,0.9287757873535156
5027,1383,kernelshap,0.5788770428170329,0.4085884444091631,0.9670538306236267
5028,4860,kernelshap,0.7364042741911752,0.7114505923929668,0.9902095794677734
5029,7275,kernelshap,0.597517851902091,0.47905759675347287,0.9986231327056885
5030,8740,kernelshap,0.47756291553378105,0.32696956768631935,0.8915581107139587
5031,1155,kernelshap,0.6293202052297799,0.5612823352541613,0.7966771721839905
5032,6725,kernelshap,0.37519419760931105,0.6357493496366909,0.907792866230011
5033,1076,kernelshap,0.4923129475542477,0.4908359380705016,0.932974100112915
5034,3058,kernelshap,0.5526425961012903,0.38940336045465973,0.9431897401809692
5035,4586,kernelshap,0.44067163119713465,0.2098270242412885,0.80568927526474
5036,1791,kernelshap,0.22601073177961203,0.4022751599550247,0.7876419425010681
5037,6325,kernelshap,0.8664911687374115,0.8026331221063931,0.9873836636543274
5038,7506,kernelshap,0.7994862107766999,0.767555531528261,0.9960224628448486
5039,6495,kernelshap,0.5033153550405252,0.8303359643016991,0.9991976618766785
5040,9542,kernelshap,0.6963982124763884,0.20850350354847155,0.781927764415741
5041,4694,kernelshap,0.6447532104869043,0.8477237625347991,0.9919273853302002
5042,8369,kernelshap,-0.09052518837981754,-0.27696624977721107,0.07666584104299545
5043,7093,kernelshap,0.3328886722976511,0.37264863130721176,0.5145242214202881
5044,2794,kernelshap,0.7328631385512974,0.6421745736961779,0.9767383337020874
5045,39,kernelshap,0.7483614173627668,0.45670908497225854,0.9872057437896729
5046,7478,kernelshap,-0.21576855989063487,-0.07230122650370878,0.44425079226493835
5047,1253,kernelshap,0.6113886904148829,0.5791208843390147,0.9360433220863342
5048,360,kernelshap,0.47561323429856983,0.4047611355781555,0.8569230437278748
5049,9638,kernelshap,0.36443144402333666,0.5054153443447181,0.919952392578125
5050,1726,kernelshap,0.5604619427638895,0.42069776969797473,0.9702189564704895
5051,439,kernelshap,-0.060451962392438545,-0.45484577593478287,0.12333211302757263
5052,5267,kernelshap,-0.08770689696950071,-0.23183276022181792,0.11205608397722244
5053,4337,kernelshap,0.7512038226425648,0.6156215447187424,0.9803929924964905
5054,7724,kernelshap,0.678850972881684,0.5709003674296232,0.948736310005188
5055,7676,kernelshap,0.42070752183596294,0.42426552176475524,0.9285060167312622
5056,8913,kernelshap,0.6812748530736337,0.44854620557564956,0.9838032722473145
5057,2492,kernelshap,0.3030318433046341,0.2937855356931686,0.7457177042961121
5058,7462,kernelshap,0.4943204515359618,0.4408516077832742,0.8199244737625122
5059,7430,kernelshap,0.7959995083510876,0.7050114502198994,0.9743328094482422
5060,6620,kernelshap,0.7510702703148127,0.6877817965578288,0.894646167755127
5061,6221,kernelshap,0.7503501524527868,0.5452618706557486,0.9907359480857849
5062,8844,kernelshap,0.4264649667523124,0.3804045922376893,0.7745300531387329
5063,4518,kernelshap,0.4433119257291158,0.40689254899819693,0.8635720014572144
5064,1684,kernelshap,0.32656986940474736,0.500930164541517,0.9824582934379578
5065,29,kernelshap,0.72399967453546,0.5749833788722754,0.998471200466156
5066,6475,kernelshap,0.09820461840856642,0.3413296987613042,0.8085962533950806
5067,6691,kernelshap,0.6916899407102216,0.6039850346503719,0.9483029246330261
5068,1747,kernelshap,0.44391962289810183,0.42423802733421323,0.8665693402290344
5069,5559,kernelshap,0.5756680380020823,0.7488360149519784,0.999813973903656
5070,3325,kernelshap,0.21663872599601747,0.4677654504776001,0.9612475037574768
5071,4525,kernelshap,0.6333508957177401,0.6877439009646574,0.8384320139884949
5072,5434,kernelshap,0.7388109125507375,0.6362240395198265,0.9657297730445862
5073,2129,kernelshap,0.44767117583089405,0.4973534908559587,0.9874588251113892
5074,5441,kernelshap,0.6785801258441564,0.4003850108868367,0.8794229626655579
5075,9420,kernelshap,0.5627885750111412,0.6758011588278938,0.9823731184005737
5076,1330,kernelshap,0.7347775865346193,0.7876897066831589,0.9996353387832642
5077,7369,kernelshap,-0.11010706750676036,-0.47904662787914276,0.06873950362205505
5078,2275,kernelshap,0.9186588744906818,0.3955417380613439,0.9997089505195618
5079,1765,kernelshap,0.7834625749484353,0.7086220699534549,0.997431218624115
5080,9131,kernelshap,0.633971666082226,0.8354831844054419,0.9638827443122864
5081,6095,kernelshap,0.39304003896920575,0.603103279662521,0.8998324871063232
5082,1263,kernelshap,0.2004824678103129,0.3676462608079116,0.8352441191673279
5083,1142,kernelshap,0.43728099807220344,0.8234223653288448,0.941268265247345
5084,7797,kernelshap,0.8577254960934321,0.3502054110997253,0.999929666519165
5085,4989,kernelshap,0.24400410344523768,0.28623597415524626,0.6512267589569092
5086,4395,kernelshap,0.30863126841458405,0.4822906383567236,0.8682177662849426
5087,5333,kernelshap,0.6383315771818161,0.33893460246988316,0.8102253079414368
5088,8163,kernelshap,0.7465856102379885,0.8607429474253546,0.9964901804924011
5089,8995,kernelshap,0.6755688199225593,0.5057079073260812,0.9415493607521057
5090,9568,kernelshap,0.7171602050463358,0.6424194251497587,0.9859545826911926
5091,6098,kernelshap,0.2856614099672207,0.27670892815177256,0.6807425618171692
5092,7278,kernelshap,0.45785794307788213,0.30691177646319073,0.6199057698249817
5093,1516,kernelshap,0.5357962923124433,0.4808555170893669,0.9512353539466858
5094,3501,kernelshap,0.5768985003232956,0.4422228740794318,0.8539535999298096
5095,4371,kernelshap,0.303062716498971,0.326112462207675,0.8741796612739563
5096,7736,kernelshap,0.723659756714883,0.9149318554479143,0.9949358701705933
5097,1683,kernelshap,0.6427605200558901,0.5414603188633919,0.8886668682098389
5098,1631,kernelshap,0.3453434941669305,0.569624355683724,0.8749146461486816
5099,4601,kernelshap,0.08132703950808894,0.05635909856327118,0.24468864500522614
5100,6956,kernelshap,0.6142046743631363,0.39204361438751223,0.9943296909332275
5101,8482,kernelshap,-0.20399129846825814,-0.36121347890450406,0.014122575521469116
5102,9095,kernelshap,0.49065081775188446,0.6449595938126246,0.9781303405761719
5103,7344,kernelshap,0.7350373535796448,0.7812421537107892,0.9935281872749329
5104,1732,kernelshap,0.3896671934769704,0.5406692945040189,0.8986511826515198
5105,4373,kernelshap,0.6332407472655177,0.6900219165466048,0.9841285943984985
5106,971,kernelshap,0.40966147370636463,0.6593868809286505,0.9162517189979553
5107,6578,kernelshap,0.4555593695905473,0.48341887030336594,0.9421021938323975
5108,1453,kernelshap,0.6409253129049352,0.8814978443674351,0.9991248250007629
5109,80,kernelshap,0.06336535872625453,0.09565829592091697,0.25069528818130493
5110,8908,kernelshap,0.5652850138790467,0.7160301094546038,0.9834333658218384
5111,96,kernelshap,0.8719954010099172,0.7645164042711258,0.9987819790840149
5112,4376,kernelshap,0.5328006446361542,0.6496526885491151,0.966674268245697
5113,3207,kernelshap,0.3338427052778356,0.46475569728542776,0.8136265277862549
5114,6462,kernelshap,0.6031365973107955,0.7498419986051672,0.9778786897659302
5115,6220,kernelshap,0.5429035131302145,0.3748913850221369,0.7519335746765137
5116,3279,kernelshap,0.6982181819954089,0.7446288254910282,0.9997448325157166
5117,8741,kernelshap,0.4216098029385595,0.28997525704257626,0.5602492094039917
5118,8758,kernelshap,0.4081808433813207,0.6630379728534642,0.9525967836380005
5119,5396,kernelshap,0.5675648355058261,0.34171136504127864,0.98838871717453
5120,2855,kernelshap,0.3960927406946818,0.29889904260635375,0.8815556168556213
5121,1862,kernelshap,0.7682515613991638,0.49826555467885114,0.9610991477966309
5122,7659,kernelshap,0.2943442375273318,0.3751877389244131,0.8467274308204651
5123,8446,kernelshap,0.7376432330347598,0.6171348737552762,0.9988710284233093
5124,5152,kernelshap,0.34273471545290063,0.5352347294489542,0.9940819144248962
5125,2903,kernelshap,-0.02977561194796202,-0.17071759146313334,0.1892295479774475
5126,7581,kernelshap,0.25431012362241745,0.8707156896591186,0.9940722584724426
5127,9431,kernelshap,0.8044690244338092,0.522345300325576,0.9677446484565735
5128,8948,kernelshap,0.7384725138545036,0.4891720292243091,0.9481334686279297
5129,2486,kernelshap,-0.5482295102306775,-0.2884865344635078,0.02572258561849594
5130,5552,kernelshap,0.6456460743728611,0.31665845298104817,0.9102206230163574
5131,5479,kernelshap,0.7101382305224736,0.7376632337768873,0.9652752876281738
5132,3894,kernelshap,0.6334808279167522,0.5976618155837059,0.8844799995422363
5133,9430,kernelshap,-0.3769312556833029,-0.21715004183351994,0.013654867187142372
5134,9766,kernelshap,0.5409188444415728,0.4284723883583432,0.9629518985748291
5135,4355,kernelshap,0.30630453516330036,-0.205069233973821,0.5038201808929443
5136,2833,kernelshap,0.13844016939401627,0.2835976475228866,0.6843008995056152
5137,3328,kernelshap,0.5724488798942831,0.5633568267027537,0.949097216129303
5138,8019,kernelshap,-0.21459335374335448,-0.43425267909963927,0.03530601039528847
5139,3424,kernelshap,0.4212754100561142,0.5983421973884105,0.9673694372177124
5140,4539,kernelshap,0.5716883004815491,0.7332113630793713,0.997796893119812
5141,4921,kernelshap,-0.14639951742213705,0.17006672335707623,0.420066237449646
5142,3469,kernelshap,0.4436349421739578,0.3196390986442566,0.9678383469581604
5143,5705,kernelshap,0.8519849328696728,0.385858815908432,0.9994989633560181
5144,311,kernelshap,0.5186978028370783,0.4544631973482095,0.7733714580535889
5145,9045,kernelshap,0.36677528137252446,0.48249999682108563,0.7607484459877014
5146,2619,kernelshap,0.1270303150703167,-0.004106459689551386,0.2811937630176544
5147,789,kernelshap,0.9037121448976299,0.6562145184725523,0.9994664788246155
5148,2742,kernelshap,0.12161113023757934,0.15992659702897072,0.6413431167602539
5149,5653,kernelshap,0.7156611010432243,0.7945506237447262,0.9864535927772522
5150,483,kernelshap,-0.2391101135448976,-0.1148800773715431,0.2950841188430786
5151,8113,kernelshap,-0.011497115034882615,-0.19005547427549596,0.13129007816314697
5152,8478,kernelshap,0.650578527327846,0.6892736569485244,0.8963323831558228
5153,1199,kernelshap,0.3756272819561836,0.5521885825273318,0.9540375471115112
5154,5507,kernelshap,-0.3609331470914185,-0.4111426301300526,0.0754658654332161
5155,3653,kernelshap,0.7517327393748259,0.840742590003892,0.9979169964790344
5156,5065,kernelshap,0.43787798548445983,0.35473578905358033,0.9645865559577942
5157,1626,kernelshap,0.7468119025230407,0.7428251147270203,0.94484543800354
5158,7661,kernelshap,-0.23102802351901405,0.06997608354217127,0.442690372467041
5159,6837,kernelshap,0.8774750148472579,0.4103346920531729,0.99808669090271
5160,7655,kernelshap,0.7609179574582312,0.5124123146136602,0.9999051094055176
5161,8538,kernelshap,0.8858482199055808,0.34645213027085575,0.9930523633956909
5162,1775,kernelshap,0.011626799191747392,-0.036386448002996896,0.2665860652923584
5163,9643,kernelshap,0.636292255949229,0.47596305841580033,0.9525106549263
5164,8884,kernelshap,0.8831626364300328,0.7620594030426394,0.9963610768318176
5165,6778,kernelshap,0.8886200059981396,0.30404694595684606,0.9993769526481628
5166,2340,kernelshap,0.7991539106837341,0.5902606051947389,0.9982617497444153
5167,7226,kernelshap,-0.23921192589808593,-0.12017457119443199,0.01776505634188652
5168,1472,kernelshap,0.7140886159170241,0.6635841805310476,0.9634662866592407
5169,8187,kernelshap,0.7314184955321252,0.6464275895721383,0.9835251569747925
5170,6250,kernelshap,0.6255437794484591,0.5339678972959518,0.981038510799408
5171,2335,kernelshap,-0.35512960619396633,-0.47519797997342217,0.15440629422664642
5172,8981,kernelshap,0.07186506262847356,-0.40436606854200363,0.2739567160606384
5173,8685,kernelshap,0.7078213676296431,0.6184681664253103,0.9768679141998291
5174,251,kernelshap,0.7147108474198509,0.5612550018464818,0.9841459393501282
5175,2732,kernelshap,0.618078879573766,0.6014005594393786,0.9908655285835266
5176,4329,kernelshap,0.011382298337088691,0.19750911411311892,0.6881905198097229
5177,9545,kernelshap,0.8599339947104454,0.606498014802734,0.9999630451202393
5178,2337,kernelshap,0.3242983267797778,0.6797900412024723,0.7886442542076111
5179,8695,kernelshap,0.6373232288226005,0.5121466853926259,0.9888496994972229
5180,2215,kernelshap,0.0016478821635246277,-0.27738803199359346,0.17153742909431458
5181,5436,kernelshap,0.7740150193373362,0.6842507968346278,0.9990270137786865
5182,5058,kernelshap,0.3843369483947754,0.28294116572329875,0.8502129316329956
5183,9548,kernelshap,0.8552009430916413,0.4659136468949525,0.9972397089004517
5184,108,kernelshap,0.7604744053549237,0.4621909898188379,0.992219865322113
5185,3019,kernelshap,0.7827188652008772,0.693531651981175,0.9944136738777161
5186,487,kernelshap,0.43523602974083686,0.8205500698337952,0.8923308849334717
5187,2436,kernelshap,0.5827952409463544,0.490064965140435,0.9759021401405334
5188,2417,kernelshap,0.6417955478653312,0.48408549576997756,0.7580488324165344
5189,2684,kernelshap,0.7452631524723509,0.7950834115238293,0.9983345866203308
5190,621,kernelshap,0.4732210014760494,0.1417435836046934,0.5852698087692261
5191,3281,kernelshap,0.3193758255491654,0.07459435512622198,0.3935876488685608
5192,8547,kernelshap,0.5569934238280568,0.3583367190190724,0.9655312895774841
5193,3941,kernelshap,0.8998187540897301,0.5333131242743028,0.999041736125946
5194,2423,kernelshap,0.3924788332411221,0.22350636390703066,0.7344033718109131
5195,7682,kernelshap,0.5376574754714966,0.6961029704660178,0.9766225814819336
5196,4960,kernelshap,0.6701683454653796,0.3840681033975938,0.9545183777809143
5197,2766,kernelshap,0.5155051987279545,0.581917560913346,0.9641554951667786
5198,7662,kernelshap,0.783680088285889,0.5796611273572558,0.9493343830108643
5199,416,kernelshap,0.715811022940804,0.7137803040883121,0.9895657300949097
5200,3898,kernelshap,-0.531915700945415,-0.44467985884923683,0.04477410390973091
5201,7632,kernelshap,0.5274946505115146,0.473676506962095,0.9277108311653137
5202,2328,kernelshap,0.5961550247101557,0.4705424557129542,0.9876748323440552
5203,2754,kernelshap,0.5537791076828452,0.5229608442853478,0.9425421357154846
5204,8234,kernelshap,0.24551672220230103,0.8200299507379532,0.9998112320899963
5205,3101,kernelshap,0.7837359669804573,0.5224865996837615,0.978207528591156
5206,2108,kernelshap,0.17955844370382174,0.3772082906216383,0.5767663717269897
5207,3100,kernelshap,0.34251906998731474,0.3473419701611554,0.57489013671875
5208,5351,kernelshap,0.8297368285636748,0.5329492039257481,0.9731556177139282
5209,3284,kernelshap,0.8941523239893072,0.7743738153401543,0.999789297580719
5210,4824,kernelshap,-0.3906559728085995,-0.09687266126275063,0.11368794739246368
5211,6551,kernelshap,0.6700995981693267,0.44962516725063323,0.8818588256835938
5212,7444,kernelshap,-0.0717160907738349,0.09187961808022331,0.25782865285873413
5213,304,kernelshap,0.5208829357510522,0.8625423159627688,0.9949650168418884
5214,6360,kernelshap,0.2385246753692627,0.5446734964847565,0.9673136472702026
5215,4190,kernelshap,0.43785739530410084,0.22390422721703848,0.5699300169944763
5216,6664,kernelshap,0.656607233815723,0.5762619707319472,0.9606970548629761
5217,1945,kernelshap,0.47295536369913155,0.8525738389127784,0.9966555833816528
5218,5817,kernelshap,-0.21745167875095553,0.15451106380509294,0.37664487957954407
5219,92,kernelshap,0.6709712006151676,0.43649544775485993,0.8146926164627075
5220,119,kernelshap,0.8441715057600628,0.7857890339060263,0.9989120960235596
5221,9591,kernelshap,0.02160960300402208,0.2131667909297076,0.6436032056808472
5222,8421,kernelshap,0.3360655962907035,0.1915277106494739,0.5145477652549744
5223,7945,kernelshap,0.7511061006225646,0.5394934506621212,0.9813550114631653
5224,2487,kernelshap,0.7156581135223741,0.4215815844743148,0.981793999671936
5225,1245,kernelshap,0.6137311505153775,0.6002686563879251,0.9603469967842102
5226,346,kernelshap,0.5769800018857826,0.4656774327158928,0.7451899647712708
5227,9392,kernelshap,0.6050938601079194,0.5136894635532213,0.9193423986434937
5228,6604,kernelshap,0.19608871473206413,0.12176303648286396,0.3916223645210266
5229,6338,kernelshap,-0.11770643946171427,-0.3937176307003635,0.0007142872200347483
5230,8410,kernelshap,0.23262304695029007,0.32245739529791634,0.7856822609901428
5231,4216,kernelshap,0.6373983898333141,0.3394645707947867,0.9847311973571777
5232,7436,kernelshap,-0.23089627549052238,-0.15483619645237923,0.2272808998823166
5233,6666,kernelshap,0.41274847225709393,0.3754751822262099,0.9586819410324097
5234,8051,kernelshap,0.32790392317942213,0.34513160586357117,0.8715716004371643
5235,1593,kernelshap,-0.13820845896706863,-0.2443078471457257,0.15043936669826508
5236,6951,kernelshap,0.2668858835330376,0.4076291620731354,0.9345783591270447
5237,850,kernelshap,0.6731269787997007,0.5161136835813522,0.9296643733978271
5238,5506,kernelshap,0.717105133958706,0.7128197638908538,0.9685686230659485
5239,8479,kernelshap,0.22139812793050492,0.1502327514546258,0.6700364947319031
5240,7182,kernelshap,0.7695706305094063,0.7580672092735767,0.9999536275863647
5241,2362,kernelshap,0.5642917200457305,0.8013876252807677,0.9505352973937988
5242,2178,kernelshap,0.7798667620335307,0.6561793985111373,0.9733298420906067
5243,1731,kernelshap,-0.14882351601353058,0.035138777242257044,0.38484254479408264
5244,4185,kernelshap,0.8845794847921321,0.6882843022283754,0.9936004877090454
5245,673,kernelshap,0.6868698616390643,0.8718908681817676,0.9984293580055237
5246,5212,kernelshap,0.4298988565601207,0.4874780907018765,0.6283679604530334
5247,4417,kernelshap,0.5146561339497566,0.6122528612613678,0.9879036545753479
5248,1056,kernelshap,0.48575926075379056,0.6714858957048919,0.7735608816146851
5249,9593,kernelshap,-0.2717373684048653,-0.0764796843752265,0.243360698223114
5250,623,kernelshap,-0.02592596553620838,-0.23041217809631712,0.14192570745944977
5251,6217,kernelshap,0.022191695476833143,-0.10858347855116192,0.2582426369190216
5252,9597,kernelshap,0.44250010416425506,0.6492511612074129,0.94245845079422
5253,2955,kernelshap,0.7767722311615944,0.7823890028893947,0.999518632888794
5254,88,kernelshap,0.6459343903180625,0.4357471987605095,0.9609821438789368
5255,3538,kernelshap,0.01656257008251391,-0.014564960410720423,0.40691903233528137
5256,3643,kernelshap,0.7719709398569884,0.7904107718280068,0.9848778247833252
5257,8313,kernelshap,-0.10967753310838053,-0.2779628320807411,0.051715411245822906
5258,5649,kernelshap,0.699797555019981,0.6905633713069715,0.9766762852668762
5259,1355,kernelshap,0.659457924189391,0.3405953685718554,0.88857102394104
5260,7142,kernelshap,0.41335889643856455,0.3278885954724891,0.6247670650482178
5261,1512,kernelshap,0.7147730449214578,0.7430516742169857,0.9998650550842285
5262,7565,kernelshap,0.4987196190201718,0.46482560200535733,0.8787069320678711
5263,733,kernelshap,0.5494485521316528,0.3907538199424744,0.9125187397003174
5264,8765,kernelshap,0.20063973700298982,0.2756969963803011,0.8646788001060486
5265,9018,kernelshap,0.5188929921104795,0.23033334527696883,0.8577378988265991
5266,6240,kernelshap,0.5262512881308794,0.35182834789156914,0.9745098352432251
5267,590,kernelshap,0.7602274456904048,0.8818138325143428,0.9846627712249756
5268,3745,kernelshap,0.7299458767686572,0.6184156835079193,0.9794371724128723
5269,1919,kernelshap,0.5820590227165006,0.48570622029629623,0.8799989819526672
5270,7799,kernelshap,0.556928820651153,0.6295518109510685,0.9782043695449829
5271,7684,kernelshap,0.7518132527125999,0.4205204214900732,0.8755611777305603
5272,9486,kernelshap,0.7947723108686899,0.8729270735853597,0.9996349811553955
5273,5027,kernelshap,0.7384214008759175,0.8512563327593463,0.9352264404296875
5274,8568,kernelshap,0.7863192035195729,0.6675752116910493,0.9612317681312561
5275,5425,kernelshap,0.8517194522917271,0.6974952865990144,0.9971936941146851
5276,2377,kernelshap,0.6282198197311826,0.6882247858577304,0.9438385963439941
5277,6447,kernelshap,0.6877448282859944,0.6447339985105727,0.9587855935096741
5278,8029,kernelshap,0.6141816566769893,0.5806212110015062,0.948946475982666
5279,3855,kernelshap,-0.3776047754855383,-0.10648161474437941,0.1962687075138092
5280,5221,kernelshap,-0.390239292383194,-0.221944597363472,0.18781906366348267
5281,5792,kernelshap,0.6662779358526071,0.5815648014346758,0.9906495213508606
5282,3006,kernelshap,0.6277270376682281,0.36978051960468294,0.9978829026222229
5283,8706,kernelshap,0.5744979418814182,0.5890111118141148,0.9663774967193604
5284,2943,kernelshap,0.6825656621106739,0.42280309724396675,0.9308606386184692
5285,2072,kernelshap,0.008074610397733491,0.0516476137884732,0.5698568224906921
5286,3873,kernelshap,0.687599492073059,0.7120039994517963,0.9997352957725525
5287,9297,kernelshap,-0.11089606988041298,-0.31635929968046106,0.023425154387950897
5288,9105,kernelshap,0.4200524607530007,0.37786844028876376,0.9175363183021545
5289,7635,kernelshap,0.055078834972598335,-0.01641199534589594,0.5086358189582825
5290,5313,kernelshap,0.7215981498360634,0.6061901867389679,0.9687720537185669
5291,9675,kernelshap,-0.4356929874764039,-0.15470191502036193,0.04756920784711838
5292,2075,kernelshap,-0.5155476372689008,-0.42137147914618256,0.029840612784028053
5293,7144,kernelshap,0.2991140427497717,0.33545783391365636,0.7779881358146667
5294,3928,kernelshap,0.4730449549853802,0.871521869674325,0.9944451451301575
5295,1393,kernelshap,0.7932710312306881,0.6326028882310941,0.9559140801429749
5296,263,kernelshap,0.3642285194085992,0.19389895171574925,0.5543873906135559
5297,970,kernelshap,0.48485194563865663,0.25085184812545774,0.9830170273780823
5298,5821,kernelshap,0.665348862297833,0.5240520257502794,0.9705916047096252
5299,8593,kernelshap,0.5236988487568769,0.4473743760873648,0.9902368187904358
5300,4553,kernelshap,0.08391231422622998,-0.2075592434654633,0.25519683957099915
5301,1671,kernelshap,0.24090160098340777,0.055432114750146866,0.36948418617248535
5302,3118,kernelshap,0.5055975439873609,0.4483579878102649,0.9853379726409912
5303,4367,kernelshap,0.6967685619103057,0.6643697619438171,0.9835205674171448
5304,1760,kernelshap,0.607836526301172,0.6605228119426303,0.953184962272644
5305,3412,kernelshap,0.7720222164961424,0.7198138148947195,0.9996806383132935
5306,6066,kernelshap,0.47651199251413345,0.24524578507299777,0.7711567282676697
5307,3616,kernelshap,0.6458284092300078,0.706033253494431,0.9940558671951294
5308,5874,kernelshap,0.44853572689351584,0.3193416311627343,0.665697455406189
5309,2189,kernelshap,0.748123890031939,0.6335748751526293,0.9733267426490784
5310,6071,kernelshap,-0.26170265922943753,-0.1208296741048495,0.3445005416870117
5311,5148,kernelshap,0.39772003275506634,0.4950048681348562,0.9919676184654236
5312,9064,kernelshap,0.8473499905731943,0.49268121603462434,0.9951918125152588
5313,8381,kernelshap,0.7787822162111601,0.633224181830883,0.9911434650421143
5314,3352,kernelshap,0.938462667632848,0.6665962375700474,0.9917272329330444
5315,799,kernelshap,0.6262900182711226,0.8166932237467596,0.9007335305213928
5316,8656,kernelshap,0.7461756381549334,0.6674435389669318,0.9716004729270935
5317,7305,kernelshap,-0.19298673391342164,-0.02317489981651306,0.4172053039073944
5318,7948,kernelshap,0.6857747568024529,0.5091511590613259,0.9854472875595093
5319,7233,kernelshap,0.4070960469543934,0.2485931387001818,0.6311346888542175
5320,2392,kernelshap,0.8412362082550923,0.8648353401157591,0.9886122345924377
5321,3443,kernelshap,0.6527141075995233,0.5766651423441039,0.8816978335380554
5322,8558,kernelshap,0.3697961022456487,0.6614941452940305,0.973223090171814
5323,5014,kernelshap,-0.17242714452246824,-0.28054829376439255,0.07035710662603378
5324,4362,kernelshap,0.354087244523199,0.5181547713122869,0.9208598732948303
5325,8224,kernelshap,0.31809346477190653,0.631495600938797,0.8885605931282043
5326,6865,kernelshap,0.6424538498887649,0.24960003048181534,0.8719384074211121
5327,7389,kernelshap,0.47602840106595645,0.3878356496041471,0.9629926681518555
5328,303,kernelshap,-0.17932715091854334,-0.3487066310271621,0.014017949812114239
5329,8398,kernelshap,-0.08282953641704612,-0.19927573204040527,0.19514413177967072
5330,2907,kernelshap,0.5130463994684673,0.06296926311084203,0.7638531923294067
5331,4619,kernelshap,0.607979832092921,0.28419857919216157,0.9858346581459045
5332,4765,kernelshap,0.42275772541761397,0.871177789568901,0.9990813732147217
5333,3320,kernelshap,0.6724824032956555,0.41573370656659525,0.9103321433067322
5334,5298,kernelshap,0.7062955880942552,0.4139798908777859,0.9235251545906067
5335,7927,kernelshap,0.5786558304292461,0.6592352110892534,0.7891092300415039
5336,2348,kernelshap,0.444190114736557,0.3701174237898418,0.9576795101165771
5337,4267,kernelshap,-0.3680372901003936,-0.25127146007685824,0.17377091944217682
5338,9648,kernelshap,0.0817776011923949,0.08553379277388255,0.4353678822517395
5339,3024,kernelshap,0.8335711313295178,0.7830160714685916,0.9947077035903931
5340,1373,kernelshap,0.5354928172503909,0.8427348140006264,0.9978209733963013
5341,7377,kernelshap,0.33224610099568963,0.7762636933475733,0.9994086027145386
5342,9782,kernelshap,0.2671937644481659,0.30624673292040827,0.739330530166626
5343,2771,kernelshap,0.14935581551657784,0.4212477983285983,0.7439307570457458
5344,3,kernelshap,0.5260654039680958,0.47983379662036896,0.9819961786270142
5345,2908,kernelshap,0.2676997729917852,0.541607275150898,0.7847798466682434
5346,3852,kernelshap,0.6795337801112941,0.6949514987829485,0.9862563014030457
5347,532,kernelshap,0.5594314317169943,0.33331012098412766,0.9266643524169922
5348,7929,kernelshap,0.5181357332251288,0.8259572896993521,0.9613776206970215
5349,9423,kernelshap,0.4250477728518573,0.7008487812497399,0.9784471392631531
5350,290,kernelshap,0.8049532419443131,0.4398596021533012,0.9896323680877686
5351,3014,kernelshap,0.8360502973664552,0.5208060806617141,0.9996546506881714
5352,2874,kernelshap,0.7155225712217783,0.8134406761903512,0.9981462955474854
5353,5146,kernelshap,0.6704959034298857,0.5121854869648814,0.847770094871521
5354,2221,kernelshap,0.4609526857733727,0.45932125151157377,0.9947670698165894
5355,6958,kernelshap,0.8410131720205148,0.695073677226901,0.9999463558197021
5356,2997,kernelshap,0.7123766090188708,0.5389017552137375,0.9155088663101196
5357,6729,kernelshap,0.672700754404068,0.42962200701236725,0.9641355872154236
5358,9159,kernelshap,0.48204053237157707,0.5289066092056387,0.9859901666641235
5359,6175,kernelshap,0.6384527103768455,0.3005791770087348,0.8925741910934448
5360,568,kernelshap,0.621367569627433,0.4292860149309553,0.9454593658447266
5361,5284,kernelshap,0.4843234081947526,0.36463162614855654,0.8300798535346985
5362,1107,kernelshap,0.008306060252445084,0.25668132092271534,0.6682243347167969
5363,135,kernelshap,0.4222671341896057,0.46795526415109634,0.9716272354125977
5364,7828,kernelshap,0.443170859345368,0.255651072998132,0.6850035786628723
5365,8709,kernelshap,0.03131146970040658,-0.2816614403444178,0.12519556283950806
5366,7998,kernelshap,0.7136171664195982,0.5094741664149545,0.8645012974739075
5367,1087,kernelshap,0.20679179403711767,0.4270915950045866,0.775250256061554
5368,8291,kernelshap,0.2833536798539369,0.4119828207337338,0.854321300983429
5369,2301,kernelshap,0.6524121856689453,0.5136902922391892,0.95539391040802
5370,4339,kernelshap,0.4419142987046923,0.5742794908583164,0.9137663245201111
5371,6851,kernelshap,0.32080119958630315,0.3883379162461669,0.7973652482032776
5372,3047,kernelshap,-0.10309530049562454,-0.26905393823981283,0.0979495421051979
5373,4130,kernelshap,0.3752622803052266,0.4234538910289605,0.9384138584136963
5374,4521,kernelshap,0.09283054402718942,0.4175334259764188,0.6010063886642456
5375,7538,kernelshap,-0.1812727606544892,-0.09631715901196003,0.24221482872962952
5376,5473,kernelshap,0.25948788556787705,0.14015420112344953,0.5097333192825317
5377,388,kernelshap,0.1738252212342463,0.14732707899652028,0.35248786211013794
5378,4217,kernelshap,0.22295757662504911,-0.15187264513224363,0.37010785937309265
5379,2122,kernelshap,0.8135983500008782,0.6494792406447232,0.9940676689147949
5380,1310,kernelshap,0.6793579243951373,0.6230318173766136,0.9521945118904114
5381,647,kernelshap,0.4304290682077408,0.18946266174316406,0.8441824316978455
5382,6510,kernelshap,0.6196078125779566,0.7124276106294832,0.983997106552124
5383,8040,kernelshap,0.853592574596405,0.3663831039642294,0.9927237629890442
5384,1183,kernelshap,0.5351115937034289,0.23861721732343236,0.7527951598167419
5385,2859,kernelshap,0.071174894961027,-0.01762952311680867,0.29044002294540405
5386,7769,kernelshap,0.5144985516866049,0.6086430239180723,0.9893583059310913
5387,8403,kernelshap,0.421638517311829,0.8946447502821684,0.9993377327919006
5388,7110,kernelshap,-0.2010402448256226,-0.25421459764680443,0.019069893285632133
5389,5798,kernelshap,0.4641168713569641,0.33946215733885765,0.9720874428749084
5390,3128,kernelshap,0.2749660207944758,-0.01808990625774159,0.5682955384254456
5391,7197,kernelshap,-0.13810710021509573,-0.08336009443379365,0.022872185334563255
5392,3148,kernelshap,0.4558664661645889,0.8667957086861133,0.9993751645088196
5393,510,kernelshap,0.6957770419471404,0.6746148567865876,0.9432699084281921
5394,3059,kernelshap,0.09057468755377664,0.7450667354795668,0.9986955523490906
5395,7940,kernelshap,0.7403027396649122,0.5930364216367404,0.9874366521835327
5396,4049,kernelshap,0.2803265767171979,0.4243902683258057,0.8314626812934875
5397,5875,kernelshap,0.7327593230925824,0.843037372050078,0.9635235071182251
5398,3859,kernelshap,0.3702128360668818,0.1626292904218038,0.8255603909492493
5399,6849,kernelshap,0.21138097941875458,0.22608219385147094,0.574726402759552
5400,8149,kernelshap,0.4158711734299476,0.3236275819631723,0.9366871118545532
5401,6260,kernelshap,0.49042136578456214,0.337141171745632,0.9929714798927307
5402,3312,kernelshap,0.3971926530725078,0.3498181085053243,0.7778376936912537
5403,7866,kernelshap,0.22231310090193382,0.3202385879479922,0.7098169922828674
5404,4201,kernelshap,0.4552080672840739,0.5715993461740572,0.9487881660461426
5405,7652,kernelshap,0.5631491440263662,0.7278152819384228,0.990079402923584
5406,4273,kernelshap,0.6066929140325749,0.8680077896199443,0.99992835521698
5407,3181,kernelshap,0.662487225033916,0.7327981134160206,0.9997420907020569
5408,3817,kernelshap,0.6135892524169042,0.7024887164051716,0.9993771910667419
5409,1880,kernelshap,-0.11554718400455183,-0.32952170881132287,0.01568293571472168
5410,5350,kernelshap,0.373040936563326,0.38475984367339505,0.5608274340629578
5411,3615,kernelshap,0.34736221867638667,0.4657621839763345,0.8107764720916748
5412,4058,kernelshap,0.5938367828493938,0.8300256857182831,0.9419618248939514
5413,6915,kernelshap,0.15358156131373513,-0.12724749247233072,0.3501001298427582
5414,321,kernelshap,0.391196404894193,0.6480851189957725,0.9939339756965637
5415,4722,kernelshap,0.3145165535456994,0.26743706008967233,0.45989561080932617
5416,6422,kernelshap,0.21239984262248743,0.8341456007050432,0.9896161556243896
5417,3295,kernelshap,0.36571716122767506,0.650255994323422,0.9100990891456604
5418,6421,kernelshap,0.7691071040325743,0.6145352878991295,0.9998773336410522
5419,9330,kernelshap,0.6149280493458112,0.33344044784704846,0.9636116027832031
5420,8138,kernelshap,0.6256034633843228,0.47826672717928886,0.981547474861145
5421,3205,kernelshap,0.7009942432244619,0.5360559271648526,0.9054865837097168
5422,2522,kernelshap,0.7126527100801467,0.6542322367429734,0.9771209955215454
5423,6998,kernelshap,0.5018517826409901,0.44939745436696443,0.9932758808135986
5424,5556,kernelshap,-0.1856394400820136,0.020277736797219233,0.13361269235610962
5425,5938,kernelshap,0.5030911576747894,0.5063711346685886,0.9918566942214966
5426,500,kernelshap,0.370740681886673,0.39150426122877335,0.8852552771568298
5427,3000,kernelshap,0.8389203226880023,0.6482204436569622,0.9999140501022339
5428,3555,kernelshap,0.7762772804673981,0.7456274427035275,0.9982357025146484
5429,8612,kernelshap,0.6369986886469027,0.491777657220761,0.8514575362205505
5430,9249,kernelshap,0.615164910753568,0.8792933526138464,0.9964041709899902
5431,3032,kernelshap,0.7377712175250053,0.6691242273896932,0.8539521098136902
5432,9705,kernelshap,0.5375341901348697,0.8016402108801736,0.9889709949493408
5433,330,kernelshap,0.2675981119275093,0.325462806224823,0.8267892599105835
5434,3078,kernelshap,0.2589271563817473,0.3602685240261695,0.6750901937484741
5435,2018,kernelshap,0.6061500000456969,0.45443232647246784,0.8120930790901184
5436,3274,kernelshap,0.8686828577890993,0.47415139377117155,0.9813236594200134
5437,3233,kernelshap,0.5004377460905484,0.47014654818035306,0.9957135915756226
5438,3387,kernelshap,0.6879654610529542,0.36636079102754593,0.9937663078308105
5439,144,kernelshap,0.3512845282201414,0.488951806668882,0.9010109305381775
5440,9742,kernelshap,0.0285582873556349,0.24421165138483047,0.7020775079727173
5441,367,kernelshap,0.47164253890514374,0.8576936408256491,0.9927334785461426
5442,8679,kernelshap,0.6505385078360431,0.37378203889562023,0.9541473984718323
5443,4304,kernelshap,-0.027455231618313564,-0.3681454517479454,0.03199302777647972
5444,7178,kernelshap,-0.3271131051274446,-0.17923475687320417,0.20744583010673523
5445,333,kernelshap,0.3659049400492855,0.5523044764995575,0.93973308801651
5446,518,kernelshap,0.6827489596146804,0.9036181930166024,0.9947517514228821
5447,7040,kernelshap,-0.12559701316058636,-0.29609672259539366,0.05382367596030235
5448,4229,kernelshap,0.6550025455653667,0.4239002838730812,0.8422279357910156
5449,3833,kernelshap,0.3688366003334522,0.21449844017624856,0.5758914947509766
5450,6058,kernelshap,0.24211732429616592,0.3319004579063724,0.826604425907135
5451,576,kernelshap,0.6310675065307056,0.5179972466738785,0.9669933319091797
5452,4215,kernelshap,-0.3380514575462592,-0.5051889301914918,0.02259739488363266
5453,2758,kernelshap,0.6859927756043199,0.5790414773882964,0.9120370149612427
5454,4756,kernelshap,0.43176090199014416,0.6091396828060565,0.9957077503204346
5455,9000,kernelshap,0.6566592392822107,0.43324480454126996,0.8207840323448181
5456,3813,kernelshap,0.5350598139180378,0.7092673243446783,0.9945827126502991
5457,3045,kernelshap,0.7351538235942523,0.8575122435887654,0.9991866946220398
5458,4047,kernelshap,0.5029245650484448,0.5363079621678307,0.9573930501937866
5459,9094,kernelshap,0.6601896453648806,0.8688266483368352,0.9995237588882446
5460,8181,kernelshap,0.6677476763725281,0.7582253433763981,0.9878594279289246
5461,6309,kernelshap,0.48487763658717825,0.34739785337889634,0.7466253638267517
5462,1479,kernelshap,0.4478127094667538,0.3190918192267418,0.6603317260742188
5463,543,kernelshap,0.678040059861438,0.7156272923638081,0.9949223399162292
5464,1618,kernelshap,-0.12467952564358711,-0.40505595460534094,0.06054547056555748
5465,9032,kernelshap,0.3179935140140129,0.8470458058696805,0.9999555349349976
5466,7746,kernelshap,0.2935326561331749,0.2048791989684105,0.7823534607887268
5467,6039,kernelshap,0.6556658538227732,0.7330369177189741,0.9875119924545288
5468,7919,kernelshap,0.34357925030318176,0.3445147926157171,0.8350353240966797
5469,7624,kernelshap,0.8961455057064692,0.6148299644390742,0.9978998899459839
5470,9495,kernelshap,0.6040419265627861,0.14663324132561684,0.8270493745803833
5471,8657,kernelshap,0.7918342256120273,0.6923558587829272,0.998624324798584
5472,7160,kernelshap,0.8364483919881639,0.2790934521527517,0.9950231313705444
5473,2358,kernelshap,0.6821479281553855,0.6261022549409133,0.9747324585914612
5474,8250,kernelshap,0.8060032446747241,0.8729920702298051,0.9995149374008179
5475,1655,kernelshap,0.5343898463994264,0.8514539755880832,0.9999794960021973
5476,6911,kernelshap,0.6577312797307968,0.503907322883606,0.9800494909286499
5477,1746,kernelshap,0.33818998038768766,0.4811619929969311,0.8988498449325562
5478,5794,kernelshap,0.24795257372240867,-0.013584353270069245,0.6117662787437439
5479,14,kernelshap,0.6712979475657145,0.6454663202166557,0.9890376925468445
5480,1877,kernelshap,0.5366883204877376,0.43478533752262594,0.9437482357025146
5481,7888,kernelshap,-0.18681272562770618,-0.20342839331853957,0.03794756904244423
5482,8520,kernelshap,0.6037505407785547,0.5370402551930527,0.9955009818077087
5483,6883,kernelshap,0.6947562283437166,0.7018538102108453,0.9998689889907837
5484,3761,kernelshap,-0.08892497114646129,0.1993047969463544,0.4492890536785126
5485,0,kernelshap,0.1512036500153718,0.06240170311044763,0.6697250008583069
5486,6831,kernelshap,0.41635064477169953,0.4445387445114277,0.9856772422790527
5487,7722,kernelshap,0.7590947386718565,0.8815832300291907,0.9999464750289917
5488,9630,kernelshap,0.7792081743478775,0.6167016230523586,0.958454966545105
5489,7672,kernelshap,0.6037436010582107,0.6746013090014458,0.9733251929283142
5490,6568,kernelshap,0.02322693887565817,-0.095344374488507,0.17541421949863434
5491,655,kernelshap,0.8797268333534399,0.7133562484135231,0.982920229434967
5492,9349,kernelshap,0.5959825962781906,0.4892627265718248,0.9683236479759216
5493,4241,kernelshap,0.49838916384256804,0.2898412679250424,0.7906460762023926
5494,3023,kernelshap,0.7422129807895735,0.40560150930756017,0.9674339294433594
5495,1851,kernelshap,0.21633706281059667,0.3016493100869028,0.8565259575843811
5496,349,kernelshap,0.7100209475591265,0.5342171513314905,0.9454079866409302
5497,6340,kernelshap,0.49041173281148076,0.32778750732541084,0.9389975666999817
5498,1156,kernelshap,0.382609000100809,0.7601767427781049,0.861674964427948
5499,3017,kernelshap,-0.06372300194842474,-0.21519674913558576,0.08765469491481781
5500,457,kernelshap,0.5016932390306307,0.5090994912645092,0.9319348335266113
5501,2867,kernelshap,-0.019245430234480988,0.1303129575469277,0.4899269640445709
5502,5033,kernelshap,0.2337860923547011,0.41896975384308743,0.8742331266403198
5503,4622,kernelshap,0.48183005367932114,0.4666206344314244,0.6582211256027222
5504,6329,kernelshap,0.6560757175087929,0.6300514154136181,0.9279072284698486
5505,7081,kernelshap,0.3250349381317695,0.7650303281843662,0.9927646517753601
5506,6786,kernelshap,0.4958938519159953,0.3899648646513621,0.8435319662094116
5507,8458,kernelshap,0.6647738479077816,0.5568059157580137,0.9516926407814026
5508,5206,kernelshap,0.6729247818087659,0.594373729352544,0.9392110109329224
5509,6053,kernelshap,-0.08278947631860602,-0.30818103587832946,0.10309546440839767
5510,131,kernelshap,0.4733242364945235,0.24883096637549224,0.7072423100471497
5511,3692,kernelshap,0.5688775234988758,0.36975522126470295,0.9772415161132812
5512,6192,kernelshap,-0.3760329594907279,-0.2965210329454679,0.048792410641908646
5513,9523,kernelshap,0.47178608615223955,0.6528994487371387,0.961187481880188
5514,4587,kernelshap,0.7484161757208683,0.6922187523709403,0.9995947480201721
5515,9818,kernelshap,0.3531785889473908,0.7854990549385548,0.9995943903923035
5516,3235,kernelshap,0.5620735591898361,0.7772052284951011,0.9989935755729675
5517,8641,kernelshap,0.5458469422800201,0.6902207412890026,0.931536078453064
5518,4879,kernelshap,0.7559051740737188,0.5652049457033476,0.9839438199996948
5519,6854,kernelshap,0.6315197901001999,0.3834239073097706,0.7712569832801819
5520,8572,kernelshap,0.7403386323712766,0.7864313598256558,0.962346076965332
5521,3639,kernelshap,0.6441493021058184,0.8338261510112456,0.9996343851089478
5522,7358,kernelshap,0.2245287956862614,0.38900955586597835,0.8803918957710266
5523,8826,kernelshap,0.0964083750732243,0.04649549664463848,0.21246188879013062
5524,2303,kernelshap,0.557149596752659,0.33692206033775884,0.8479582071304321
5525,7315,kernelshap,0.2967891165151678,0.3743918075643737,0.5223425626754761
5526,5308,kernelshap,0.5995792360468344,0.6867069988088175,0.9625872373580933
5527,6808,kernelshap,0.7045626332019937,0.6099005012676634,0.934439480304718
5528,9395,kernelshap,0.6921116976210704,0.38555039350803083,0.9161144495010376
5529,265,kernelshap,0.38680414401966595,0.3729451817014943,0.6683381795883179
5530,4763,kernelshap,0.7606872843785418,0.6326509763797125,0.9798698425292969
5531,9111,kernelshap,0.6999772762258848,0.633602121224006,0.9889899492263794
5532,6789,kernelshap,0.32585610693786293,0.9204037222662009,0.9998348951339722
5533,4597,kernelshap,0.4762882079396929,0.47038192727736067,0.9720914959907532
5534,2531,kernelshap,0.4466947072591537,0.6544819455116223,0.866960883140564
5535,4862,kernelshap,0.3073097596114332,0.14972633315306721,0.4951181709766388
5536,7669,kernelshap,0.24555368172494987,0.3507421538233757,0.48462367057800293
5537,316,kernelshap,0.6720129296575722,0.5398924570334586,0.9735060334205627
5538,1897,kernelshap,0.3670034592971206,0.38032798990607264,0.5507165193557739
5539,8860,kernelshap,0.5086775588802993,0.8667684635147452,0.9987818598747253
5540,6407,kernelshap,0.5470063305563397,0.8421034920546744,0.9976840019226074
5541,8231,kernelshap,0.28399104493505817,0.3038789524751551,0.7838780879974365
5542,8521,kernelshap,0.6215045392513275,0.7131989978253841,0.9933564066886902
5543,6112,kernelshap,0.371957973887523,0.20506419696741635,0.6008636355400085
5544,8128,kernelshap,0.6652551158331335,0.8242244147695601,0.9714705348014832
5545,2039,kernelshap,0.5410110967026817,0.310487541059653,0.9522435069084167
5546,103,kernelshap,0.6533369293961769,0.4302279412364348,0.9553327560424805
5547,3297,kernelshap,0.6638998603448272,0.5011948850005865,0.9933587908744812
5548,794,kernelshap,0.6922045385837555,0.4339789664745331,0.9724578261375427
5549,5967,kernelshap,0.07307787984609604,0.1552105848403538,0.24620872735977173
5550,5332,kernelshap,0.5021479690776152,0.27439313425737266,0.9183538556098938
5551,8586,kernelshap,0.5619754571663705,0.5118873891861815,0.9849046468734741
5552,1658,kernelshap,0.47110134079342797,0.2974495447817303,0.964491605758667
5553,3933,kernelshap,0.5112233943108356,-0.035812537778507576,0.6898942589759827
5554,6968,kernelshap,0.1504953611228201,0.04771730055411657,0.4261864125728607
5555,9469,kernelshap,0.730843524084143,0.8626746145765418,0.9714051485061646
5556,7854,kernelshap,0.6672545944650968,0.6854865873853365,0.9999302625656128
5557,3210,kernelshap,0.6213463113332788,0.5162635607024034,0.9441894888877869
5558,7012,kernelshap,0.18406222574412823,0.05823703855276108,0.6113330125808716
5559,9808,kernelshap,0.3109946510195732,-0.06262054800987243,0.5362054109573364
5560,2973,kernelshap,0.6863987877180702,0.5970728530695564,0.9506114721298218
5561,932,kernelshap,0.8394824124127627,0.6419253379106522,0.9650254249572754
5562,6163,kernelshap,-0.595121068732911,-0.46420250004647595,0.011425944976508617
5563,6432,kernelshap,0.0853876680135727,0.13826860189437867,0.30730393528938293
5564,3497,kernelshap,-0.06072469515105088,-0.4614830181002617,0.0659496858716011
5565,3202,kernelshap,0.8067696120809106,0.6216467846842373,0.9847751259803772
5566,2611,kernelshap,0.8631195498009523,0.7399359022577604,0.9785923361778259
5567,9631,kernelshap,0.36982579743489624,0.8769106064736844,0.9988958835601807
5568,567,kernelshap,0.19573254626372766,0.8368537482516519,0.9992870688438416
5569,764,kernelshap,0.7535796181270571,0.6580135957761244,0.9538270831108093
5570,4366,kernelshap,0.4310497020681699,0.7460494813819726,0.9802402853965759
5571,8367,kernelshap,0.17495625246973598,0.6329190336606082,0.9094205498695374
5572,7360,kernelshap,0.6124036395922303,0.6642359041919311,0.9023318886756897
5573,1441,kernelshap,0.4887355129398844,0.22880652853671243,0.5641030669212341
5574,921,kernelshap,0.26875661147965324,0.4721213715771834,0.7555339336395264
5575,8222,kernelshap,0.39135430646794184,0.1957490167447499,0.7786136269569397
5576,1794,kernelshap,0.7235358245670795,0.5263915048646075,0.9630635380744934
5577,3838,kernelshap,0.36813572018096846,0.45170165970921516,0.7256994247436523
5578,3122,kernelshap,0.22072063535451888,-0.03466453105211258,0.38232237100601196
5579,6127,kernelshap,0.7119108048769144,0.5502802053323159,0.9639993906021118
5580,6319,kernelshap,0.643776497989893,0.549527058005333,0.9291279911994934
5581,2388,kernelshap,0.8755202899919823,0.6019183490425348,0.981386125087738
5582,4466,kernelshap,-0.03487317717593649,0.025901055854299793,0.6251521110534668
5583,4505,kernelshap,0.31480023086071013,0.039642229080200195,0.4783322513103485
5584,1606,kernelshap,-0.05813903021423713,-0.3355379392919333,0.10731622576713562
5585,2147,kernelshap,0.2844321017081921,0.54621039216335,0.9957866072654724
5586,36,kernelshap,0.3125016078352928,0.3770255967974663,0.7849873304367065
5587,9147,kernelshap,0.6473163235045615,0.8657923097766581,0.9876518249511719
5588,761,kernelshap,0.7777674829830294,0.8202909513012223,0.9979817867279053
5589,5268,kernelshap,0.6616366715170443,0.344806149834767,0.8945633172988892
5590,3038,kernelshap,0.6597423856811864,0.6649067977975521,0.9610539078712463
5591,5503,kernelshap,0.3927113287723981,0.33879667491866994,0.6758103370666504
5592,5228,kernelshap,0.20178044683717447,0.37395368818322133,0.5483237504959106
5593,1623,kernelshap,0.4795436651810356,0.3625521821820218,0.9968398809432983
5594,577,kernelshap,0.762387432048426,0.76050764234627,0.9675679206848145
5595,6426,kernelshap,0.3065321075505224,0.5714642097210062,0.9619170427322388
5596,8087,kernelshap,0.6967383458426124,0.6341314511863809,0.9846664667129517
5597,8536,kernelshap,0.46424823850393293,0.5482848007231951,0.9387348890304565
5598,9564,kernelshap,0.07656872024138768,0.28126116428110337,0.4370931386947632
5599,2232,kernelshap,-0.06257990996042888,0.091770748652163,0.3978745937347412
5600,2319,kernelshap,0.7918732490390539,0.7819737210869789,0.9942792654037476
5601,5707,kernelshap,0.5835683748443076,0.508433036030607,0.986215353012085
5602,9690,kernelshap,0.21766616533631863,0.06180881935617198,0.45669791102409363
5603,5306,kernelshap,0.45479485392570496,0.3140118326011457,0.8658899068832397
5604,7938,kernelshap,0.4474600459399976,0.3493658986530806,0.6347065567970276
5605,2167,kernelshap,0.38893375071612274,0.4288248785517432,0.9489302635192871
5606,637,kernelshap,0.34381940166155495,0.25371456642945606,0.8737105131149292
5607,8668,kernelshap,0.610955765992403,0.8721171146631241,0.9948306679725647
5608,5594,kernelshap,0.048433219880930016,-0.2314152323773929,0.2454535961151123
5609,6555,kernelshap,0.5431632027029991,0.7449470885718862,0.9992978572845459
5610,8098,kernelshap,-0.5150515601038933,-0.29419596008956433,0.09618464857339859
5611,47,kernelshap,-0.2757210350211929,-0.07589057876783259,0.07114753127098083
5612,5505,kernelshap,0.7796074671759492,0.6292776493799119,0.9890602827072144
5613,9196,kernelshap,0.2382241842838434,0.3375201626465871,0.7533429861068726
5614,8416,kernelshap,0.8264228569513018,0.720284737307917,0.9473087787628174
5615,4509,kernelshap,0.6576394706964492,0.7497253313660621,0.9788893461227417
5616,2638,kernelshap,0.14497683504048517,0.12728973697213566,0.638161838054657
5617,8708,kernelshap,-0.002007267624139786,-0.14239485338330268,0.13412760198116302
5618,8476,kernelshap,0.5871156740256331,0.7797421317716892,0.9911621809005737
5619,3080,kernelshap,0.8892409687240919,0.6134462093313535,0.9906973838806152
5620,2870,kernelshap,-0.02539842389523983,-0.19095250871032476,0.12925128638744354
5621,2213,kernelshap,0.7991042252191726,0.5656402847346138,0.9881437420845032
5622,6043,kernelshap,0.6642123676836491,0.7985507436096668,0.9816153645515442
5623,3798,kernelshap,-0.31520304332176846,0.01853663877894481,0.20547634363174438
5624,7972,kernelshap,0.056140835309633985,-0.23014305206015706,0.14674974977970123
5625,5739,kernelshap,0.6395935263484717,0.8807422038167715,0.999695897102356
5626,4822,kernelshap,0.4706149938351968,0.6712193278705373,0.9887875914573669
5627,9067,kernelshap,0.6679632242303342,0.5088225770741701,0.9604967832565308
5628,5799,kernelshap,0.8011742097636064,0.5838505843033394,0.9777346253395081
5629,7482,kernelshap,0.6996672928333283,0.6114117195208867,0.9569826126098633
5630,2114,kernelshap,0.08534150257706642,0.024278171062469482,0.25311779975891113
5631,1112,kernelshap,0.6743595952788989,0.32269050081570944,0.9014387726783752
5632,8178,kernelshap,0.7910084785974544,0.8681561522509741,0.9973340034484863
5633,3717,kernelshap,0.8006021827459335,0.5309605323004,0.9932819604873657
5634,713,kernelshap,0.22974042807306563,0.08390284010342189,0.7670185565948486
5635,872,kernelshap,-0.10486497460967964,-0.25584809068176484,0.1304614543914795
5636,1149,kernelshap,0.2979423572619756,0.8881938112278779,0.9999247789382935
5637,9299,kernelshap,0.6482048696279525,0.6383326649665833,0.9944186210632324
5638,5663,kernelshap,0.36818039204393116,0.11071949771472386,0.5780981183052063
5639,8167,kernelshap,0.46713305087316603,0.39648752269290743,0.990050733089447
5640,3315,kernelshap,0.5193520377235422,0.7665467232000083,0.9063583016395569
5641,4588,kernelshap,-0.02740995420349969,0.06339145700136821,0.4166889488697052
5642,5098,kernelshap,-0.03220302611589432,-0.17834725826978684,0.18433299660682678
5643,6077,kernelshap,0.23170219603925943,-0.012789814919233321,0.4263576567173004
5644,7966,kernelshap,0.556884306948632,0.658057639375329,0.93751460313797
5645,1020,kernelshap,0.6733229197561741,0.5225375713780522,0.9254239201545715
5646,4102,kernelshap,0.1605454775793799,0.1902587819716026,0.6971742510795593
5647,5368,kernelshap,0.028758408931585457,0.16057783136001,0.6465386748313904
5648,6543,kernelshap,0.4798652786633064,0.8280111245554069,0.9963527917861938
5649,958,kernelshap,0.8455491065979004,0.8443040480216344,0.9975054860115051
5650,3846,kernelshap,0.2637940123677254,0.29719608691003585,0.7814794778823853
5651,2748,kernelshap,0.5972177561591653,0.5415145110558061,0.8782135248184204
5652,4710,kernelshap,-0.02774343914019742,-0.2557352068168776,0.0542839951813221
5653,8279,kernelshap,0.6787421218740444,0.6300020943085353,0.9584804177284241
5654,586,kernelshap,0.2403490650984976,-0.18523681494924757,0.41410762071609497
5655,1817,kernelshap,0.7342068606189319,0.8769136012664863,0.9875640273094177
5656,782,kernelshap,0.7302231995595826,0.5879123964243465,0.9924305081367493
5657,8241,kernelshap,0.41348368945446884,0.03266788251472242,0.6246086359024048
5658,335,kernelshap,0.8619829567716174,0.5895273756721745,0.981814444065094
5659,3755,kernelshap,0.7158501618330113,0.6105591634457762,0.9859071969985962
5660,2191,kernelshap,0.7707777058376986,0.6120859130340464,0.9978454113006592
5661,9214,kernelshap,-0.06557793808834893,-0.23061387950465792,0.09337727725505829
5662,5205,kernelshap,0.7580312463136292,0.5242168254366046,0.9603605270385742
5663,6073,kernelshap,0.3365416226110288,0.7312487542097058,0.925030529499054
5664,23,kernelshap,-0.5648672168745714,-0.3538319928681149,0.10098614543676376
5665,4923,kernelshap,0.7409615727031932,0.5557329163831823,0.9938667416572571
5666,4556,kernelshap,0.4098956733942032,0.5595587839682897,0.991468071937561
5667,2012,kernelshap,0.9033555800739962,0.1960387292962808,0.9569336771965027
5668,381,kernelshap,0.12570802370707193,0.03562761942545573,0.5377267599105835
5669,3127,kernelshap,0.030731194652616978,-0.12689180206507444,0.21086691319942474
5670,6398,kernelshap,0.4298873015425422,0.44075710394165735,0.9335101246833801
5671,1981,kernelshap,0.6190323936087745,0.45047611743211746,0.9862580299377441
5672,3095,kernelshap,0.8017986241508933,0.5341473028940313,0.9904161691665649
5673,6758,kernelshap,0.6038308548741043,0.628206672379747,0.9293539524078369
5674,2025,kernelshap,0.5542441378037135,0.8449711754918099,0.9757044315338135
5675,9398,kernelshap,0.7094761387390249,0.5665349671069313,0.9971182346343994
5676,5100,kernelshap,0.6485992018133402,0.7604194339364767,0.9863613843917847
5677,3526,kernelshap,0.49249163766702014,0.36576691932148403,0.8099152445793152
5678,7532,kernelshap,0.40835818009717123,0.8282437959597224,0.9993316531181335
5679,3007,kernelshap,0.40791640559147146,0.34841419589416733,0.7327895760536194
5680,1084,kernelshap,-0.049153344157864064,0.13541867594946833,0.3996957242488861
5681,9837,kernelshap,-0.3749472502256847,-0.347740000044858,0.20937994122505188
5682,9258,kernelshap,0.45798443044934956,0.4545821433975583,0.9353708624839783
5683,4503,kernelshap,0.8459160951897502,0.4371360270306468,0.9947574138641357
5684,1575,kernelshap,0.4393210895359516,0.47617316246032715,0.9550421833992004
5685,3091,kernelshap,-0.04995152155558268,0.0674361730615298,0.30640462040901184
5686,2484,kernelshap,0.5712688647210598,0.6755786657333374,0.9769773483276367
5687,4489,kernelshap,0.49744162229554995,0.805810540559746,0.9988059997558594
5688,5070,kernelshap,0.6700467774644494,0.7462141602300107,0.9848760366439819
5689,5669,kernelshap,0.20520046298150663,0.11102891382243898,0.3669483959674835
5690,2138,kernelshap,0.8065498620271683,0.839716379409251,0.9810258746147156
5691,6580,kernelshap,0.7384188558374133,0.5434711213622775,0.983851969242096
5692,2516,kernelshap,-0.02592870397493243,-0.2531756699085236,0.09859773516654968
5693,9154,kernelshap,-0.039078883826732635,-0.32363489776849746,0.15521340072155
5694,5456,kernelshap,0.4170262295575369,0.602908213933309,0.9861055016517639
5695,3433,kernelshap,0.5134093965969834,0.87664521558612,0.9945763349533081
5696,3989,kernelshap,0.41105538399683106,0.20134301483631134,0.5870220065116882
5697,7422,kernelshap,0.35716803047967993,0.748261340610359,0.9376877546310425
5698,5009,kernelshap,0.6955157544078499,0.8744664336072987,0.9997223019599915
5699,1458,kernelshap,0.3731956720352173,0.8371926058083773,0.9969890713691711
5700,952,kernelshap,0.30016920512372797,0.06204118562692946,0.5464771389961243
5701,9718,kernelshap,0.4859199237666632,0.507427432035145,0.9384208917617798
5702,960,kernelshap,0.49942626725686223,0.43910415862735946,0.9771338105201721
5703,7273,kernelshap,0.27318204706534743,-0.15801379410549998,0.39964550733566284
5704,765,kernelshap,0.4635226740501821,0.23676030710339546,0.9818745851516724
5705,8316,kernelshap,-0.25660926941782236,-0.0485062119551003,0.39701390266418457
5706,3400,kernelshap,0.728014355732335,0.8532959202097522,0.9701642990112305
5707,2316,kernelshap,-0.1195996937087991,-0.04676832529631528,0.03669475018978119
5708,9465,kernelshap,0.7215598329901696,0.4182362401485443,0.9988333582878113
5709,9346,kernelshap,0.35432638440813335,0.3626761981951339,0.9275538921356201
5710,7835,kernelshap,0.4994454443454742,0.3607902690768242,0.9367042183876038
5711,4032,kernelshap,0.5691131909688314,0.29724178711573285,0.851252555847168
5712,2029,kernelshap,0.39064901783352807,0.4984322280756065,0.8864477872848511
5713,4718,kernelshap,0.4172293758019805,0.8515603649429977,0.9998941421508789
5714,286,kernelshap,-0.4056624492461031,-0.2393630011515184,0.20403718948364258
5715,908,kernelshap,0.5384597654509193,0.6227561800795443,0.994857907295227
5716,1482,kernelshap,0.004650002853436904,-0.03654675321145491,0.08669696003198624
5717,9660,kernelshap,0.5368711262320479,0.2618926738699277,0.9428256154060364
5718,4712,kernelshap,0.14982956434999192,0.055008286521548315,0.270624041557312
5719,2133,kernelshap,0.5486043438315391,0.6100801661610603,0.9553066492080688
5720,9608,kernelshap,0.1879493236541748,0.3047525264322758,0.6756927371025085
5721,9774,kernelshap,-0.19197481870651245,-0.017058848589658736,0.39331111311912537
5722,9211,kernelshap,0.5766580402851105,0.6583504537741344,0.9678144454956055
5723,563,kernelshap,-0.14616924297550452,-0.2770006420171779,0.14442920684814453
5724,291,kernelshap,0.31900507850306375,0.33694578281470705,0.8519404530525208
5725,1713,kernelshap,0.7137602013018396,0.5184280806117587,0.9778411984443665
5726,4012,kernelshap,0.531983452716044,0.6133927404880524,0.9601817727088928
5727,8922,kernelshap,0.44943106127902865,0.5764693124219775,0.7143899202346802
5728,169,kernelshap,0.5854335243211073,0.7259991773787666,0.9849444031715393
5729,267,kernelshap,0.44985001093961974,0.8480975018306212,0.9952079653739929
5730,9144,kernelshap,0.6978619992733002,0.5801984945933024,0.9903740882873535
5731,3172,kernelshap,0.45766315360864,0.3129461482167244,0.9904276132583618
5732,2286,kernelshap,0.4124893248081207,0.6812010099264708,0.9918660521507263
5733,315,kernelshap,0.8382970286267144,0.5458536719282469,0.9974621534347534
5734,8046,kernelshap,0.7157338770727316,0.6010486396650473,0.9726502895355225
5735,8822,kernelshap,0.6715263758193363,0.8776760000566189,0.9985995888710022
5736,245,kernelshap,0.47249829955399036,0.5950296701242527,0.9870147705078125
5737,5186,kernelshap,0.28446726128458977,0.5816561141982675,0.964245080947876
5738,5421,kernelshap,-0.07929705911212498,-0.45537030752058383,0.1725240796804428
5739,6065,kernelshap,0.8322389372017073,0.7721606786160365,0.9992849230766296
5740,50,kernelshap,0.8662662921207291,0.6052873181445259,0.9963449835777283
5741,3021,kernelshap,0.8270972083012263,0.3067356139421463,0.999884843826294
5742,7028,kernelshap,0.43010285938227616,0.4694796414287002,0.9467214345932007
5743,1372,kernelshap,0.30498105558482086,0.606900995427912,0.9093149900436401
5744,4176,kernelshap,0.7208094317466021,0.7210226017981768,0.9995517134666443
5745,2470,kernelshap,0.6487193384340831,0.6405963812555585,0.9739258885383606
5746,8000,kernelshap,-0.0057326674461364744,0.03471332887808482,0.6186632513999939
5747,6156,kernelshap,0.6135371495038271,0.705860298126936,0.986234188079834
5748,1498,kernelshap,0.38458901754132024,0.5806213041974438,0.9896008372306824
5749,5868,kernelshap,0.627445107118951,0.760562952193949,0.9864418506622314
5750,1963,kernelshap,0.3621927255764604,0.3794340848922729,0.9039415121078491
5751,248,kernelshap,0.8606428481638432,0.704400270525366,0.9746379256248474
5752,4771,kernelshap,0.4428980833008176,0.6206479783923853,0.976798415184021
5753,1277,kernelshap,-0.14872873180052815,0.15267177276751576,0.45159438252449036
5754,4905,kernelshap,0.2854395195327956,0.2979952420653968,0.7849739193916321
5755,8025,kernelshap,0.5303930427346911,0.7754340054733413,0.9910145401954651
5756,2110,kernelshap,0.38613836094737053,0.507672443985939,0.8962140083312988
5757,9776,kernelshap,0.5820556636298856,0.4221018370120756,0.9779263138771057
5758,2945,kernelshap,0.32311702364434797,0.22788050025701523,0.7681790590286255
5759,6249,kernelshap,0.7319477635778879,0.750732283843191,0.9979444146156311
5760,7023,kernelshap,0.7402379532223162,0.3553676067487053,0.9734395146369934
5761,795,kernelshap,0.18420344001303116,0.4296301007270813,0.5981930494308472
5762,9717,kernelshap,0.3202602982521057,0.15706080198287964,0.6705142259597778
5763,7908,kernelshap,0.8186686680253062,0.6929268813026803,0.9845788478851318
5764,5371,kernelshap,0.7044188355406126,0.5898009159912666,0.920927107334137
5765,9655,kernelshap,0.3408872640945695,0.8527979713610627,0.9998300075531006
5766,447,kernelshap,0.7147877262584095,0.606068786875955,0.9858595728874207
5767,2968,kernelshap,0.7551452446925012,0.5458205079561785,0.948364794254303
5768,2152,kernelshap,0.5845682397484779,0.8527765675731327,0.9996750354766846
5769,7838,kernelshap,0.4800246869740279,0.43847940538240515,0.9967185854911804
5770,4852,kernelshap,0.809918467576305,0.9157371500817438,0.999956488609314
5771,5157,kernelshap,0.4307888951842432,0.5294217632876502,0.9914587736129761
5772,683,kernelshap,-0.2300606083869934,0.07394291922450065,0.21639196574687958
5773,8118,kernelshap,0.7513627611538943,0.5302694214179235,0.9902215003967285
5774,6681,kernelshap,0.5194739997386932,0.31612307926019034,0.9824116826057434
5775,5741,kernelshap,0.08427723838637273,0.2094346994223694,0.3019848167896271
5776,1488,kernelshap,0.16788426904301895,0.05114644805067464,0.437333881855011
5777,3077,kernelshap,0.08510441212884841,-0.19803337031795132,0.3149726390838623
5778,3905,kernelshap,0.698483658568343,0.5489766724952837,0.972572386264801
5779,8594,kernelshap,0.6193908033045855,0.44752821495587175,0.9640664458274841
5780,318,kernelshap,0.7310441612235962,0.5769145262818183,0.9885116815567017
5781,856,kernelshap,-0.010905515154202778,0.02541074020167192,0.18446047604084015
5782,7743,kernelshap,-0.010723281394818733,-0.21808947340167803,0.08176906406879425
5783,2770,kernelshap,0.6077762075832912,0.6384270012378692,0.8949626088142395
5784,3566,kernelshap,0.7536979865501908,0.4412010702140191,0.9915398955345154
5785,376,kernelshap,0.5097109372062343,0.29187835646527155,0.9263660907745361
5786,410,kernelshap,0.6972507776485549,0.3726737824165159,0.8114980459213257
5787,2405,kernelshap,0.5292296718806029,0.5905848711729049,0.9817533493041992
5788,3776,kernelshap,0.6808536996444067,0.7551323751608531,0.9933556318283081
5789,3946,kernelshap,0.751224837369389,0.5744504363586506,0.9996417760848999
5790,1111,kernelshap,0.8438651199851718,0.93166234344244,0.9956684112548828
5791,7660,kernelshap,0.12300424163158123,0.25794747127936435,0.7204117774963379
5792,8001,kernelshap,0.8547947582389627,0.5373939917023692,0.997925877571106
5793,2288,kernelshap,0.5141080287950379,0.4306689713682447,0.754895806312561
5794,2127,kernelshap,0.7042373062475867,0.6101614800484284,0.8519651293754578
5795,5581,kernelshap,0.6679388880729675,0.7083853213832929,0.9685426354408264
5796,8256,kernelshap,-0.07434868354063767,0.08735011317409001,0.5436399579048157
5797,6751,kernelshap,0.5603171929717063,0.5213816066582998,0.9856175780296326
5798,9399,kernelshap,0.4298447003731361,0.3376341760158539,0.8868210315704346
5799,2233,kernelshap,0.6806655176754656,0.6131244121954359,0.9889618754386902
5800,5550,kernelshap,0.519133199006319,0.5544092240743339,0.8548498153686523
5801,274,kernelshap,0.3956756224999061,0.5984770965117675,0.9979081153869629
5802,2344,kernelshap,0.6120483686526617,0.6805620461702346,0.9465230703353882
5803,1568,kernelshap,0.3452921156650004,0.6264187476557234,0.7097077369689941
5804,3133,kernelshap,0.33322408163186273,0.6505955417047847,0.979721188545227
5805,6178,kernelshap,0.45725998457740336,0.7081052336622687,0.8688144087791443
5806,7955,kernelshap,0.5989889837801456,0.29897666722536087,0.8337618708610535
5807,7820,kernelshap,0.6619034731388092,0.749745119214058,0.982063889503479
5808,9415,kernelshap,0.903850284025625,0.4395413017935223,0.9954937696456909
5809,2574,kernelshap,0.14486642296497637,0.32291765396411604,0.7883406281471252
5810,965,kernelshap,0.4220243607248579,0.5382122354848045,0.9786699414253235
5811,2291,kernelshap,0.7092719717572132,0.798139451459671,0.90224289894104
5812,5375,kernelshap,0.11106466144944231,0.2814601462644835,0.5908000469207764
5813,6670,kernelshap,0.4539887039434342,0.611846384193216,0.968881368637085
5814,8955,kernelshap,0.4058567126867948,0.6184283479772232,0.8037341833114624
5815,8059,kernelshap,0.5646128139924258,0.6823683751281351,0.9912788271903992
5816,2755,kernelshap,0.670743065368798,0.5319951929979854,0.9032981395721436
5817,4474,kernelshap,0.2613416785001755,0.41123103857040405,0.7953056693077087
5818,3910,kernelshap,0.5013327566640717,0.6833556177360671,0.9378650188446045
5819,2002,kernelshap,0.2616230687674354,0.34038496674860225,0.8289540410041809
5820,4794,kernelshap,0.6683514941306341,0.5239064576370376,0.9119209051132202
5821,8644,kernelshap,0.36546154279966614,0.5975601133462545,0.9339882731437683
5822,6394,kernelshap,0.17557874592867764,0.39034835587848316,0.8722755908966064
5823,5339,kernelshap,0.7528845305028169,0.6995056883796401,0.8894105553627014
5824,1730,kernelshap,0.6998493599020085,0.7759021451731898,0.9917603135108948
5825,2360,kernelshap,0.1855169487270442,0.18611142665825106,0.3293505012989044
5826,9379,kernelshap,0.7603399088340146,0.8160199594816991,0.9933706521987915
5827,9058,kernelshap,0.6684709665262036,0.9060908559088906,0.9902167320251465
5828,9028,kernelshap,-0.20815894876917204,-0.0210628608862559,0.4510492980480194
5829,7579,kernelshap,0.6896142935888334,0.7776593532074582,0.9961950778961182
5830,6428,kernelshap,0.6066667500295138,0.40073761500810323,0.971828043460846
5831,1068,kernelshap,0.7740042584114953,0.8479853614576554,0.9780769348144531
5832,5337,kernelshap,-0.2356082173911008,-0.009096007116816261,0.3020440936088562
5833,1071,kernelshap,0.8286080413187543,0.8178564527382454,0.9981143474578857
5834,9456,kernelshap,0.6863318952576568,0.8319380925192187,0.9953528642654419
5835,5020,kernelshap,0.560513362288475,0.2801005132496357,0.9738432765007019
5836,2115,kernelshap,0.38924175611248724,0.12285901412919716,0.6062835454940796
5837,5910,kernelshap,0.5060384292756358,0.4517209587558623,0.9968950748443604
5838,8448,kernelshap,0.014465684124401638,-0.22706211124147688,0.2818126976490021
5839,3132,kernelshap,0.6299861045233135,0.41673787246490346,0.923084020614624
5840,7703,kernelshap,0.021821756135014928,-0.09644587600932401,0.15116360783576965
5841,474,kernelshap,0.5411272735699363,0.3534645483545635,0.9717239141464233
5842,8441,kernelshap,-0.18832024240068027,-0.3728881904057094,0.024857155978679657
5843,7584,kernelshap,0.554257817174259,0.3356886270799135,0.921665608882904
5844,3085,kernelshap,0.3272850555570229,0.15428588830906412,0.5184956789016724
5845,8856,kernelshap,-0.18944335409573146,0.01426060568718683,0.4781254529953003
5846,5936,kernelshap,0.5972987747192383,0.7066377498209476,0.973821759223938
5847,3397,kernelshap,0.7026531361043453,0.6883565572400888,0.9769428968429565
5848,4309,kernelshap,0.5963591323012397,0.41749572611990426,0.8095138072967529
5849,6169,kernelshap,0.7169201789423824,0.6466746814548969,0.994187593460083
5850,3693,kernelshap,0.46110893885294596,0.24708678126335143,0.9256685972213745
5851,1691,kernelshap,-0.4157946328906452,-0.372990822967361,0.14902356266975403
5852,4333,kernelshap,0.7299465625905074,0.5216673698562843,0.909866213798523
5853,9574,kernelshap,0.8087572428087394,0.7853574628631274,0.945906937122345
5854,8619,kernelshap,0.6443516856857708,0.5357683955558709,0.9517980217933655
5855,6832,kernelshap,0.2192657928575169,0.4072626246647401,0.7045003175735474
5856,3795,kernelshap,-0.5690833843852344,-0.3549531490394944,0.05419795960187912
5857,4649,kernelshap,0.546470253595284,0.8590690493583679,0.9837080836296082
5858,9226,kernelshap,0.4715234488248825,0.4302631641427676,0.6735894083976746
5859,7372,kernelshap,0.20430368185043335,0.38297598886078804,0.5677493810653687
5860,4929,kernelshap,0.5164675281236046,0.3548654764890671,0.7012296915054321
5861,4233,kernelshap,0.020504653453826904,0.269843028485775,0.6646116971969604
5862,1145,kernelshap,0.8773619470053485,0.6875777261198631,0.9983382225036621
5863,3111,kernelshap,0.31139115463284883,0.06665112604113187,0.5777385234832764
5864,8737,kernelshap,0.5132507092895962,0.45648911382470814,0.8522177934646606
5865,2592,kernelshap,0.36019007043380824,0.1500467069979225,0.4835042357444763
5866,9142,kernelshap,0.7306084595620632,0.838061991147697,0.9996252059936523
5867,624,kernelshap,-0.47319403421133754,-0.40301026329398154,0.02195855602622032
5868,9043,kernelshap,0.6846357457903459,0.42502522311712565,0.9102703928947449
5869,3283,kernelshap,0.7387497696197696,0.3371092180411021,0.8493446707725525
5870,6341,kernelshap,0.6183138072490693,0.46727799077828724,0.8738074898719788
5871,7522,kernelshap,0.6774652525782585,0.5110744402596825,0.9682899713516235
5872,9585,kernelshap,0.38947611808776855,0.42259821176528933,0.9512042999267578
5873,7440,kernelshap,0.26982989792640394,0.3196041492315439,0.8528537154197693
5874,668,kernelshap,0.3817337759903499,0.5346309568200792,0.9840117692947388
5875,6750,kernelshap,0.38229134941802306,0.4581083692610264,0.5618546009063721
5876,5165,kernelshap,0.14395393775059626,0.31573920739957917,0.7988958954811096
5877,5279,kernelshap,0.3086616027922857,0.169619287053744,0.521725594997406
5878,582,kernelshap,0.5233765981263585,0.4753288726011912,0.883767306804657
5879,3945,kernelshap,0.23625963429609934,0.5402564907239543,0.894789457321167
5880,7688,kernelshap,0.4912202807054633,0.4633438218207586,0.8483998775482178
5881,7614,kernelshap,0.6588398280243078,0.7460684217512608,0.9850884079933167
5882,1208,kernelshap,0.7614510528743267,0.6176838804036379,0.9708318114280701
5883,7944,kernelshap,0.6570876948535442,0.33627145551145077,0.8658108711242676
5884,5030,kernelshap,0.46032881044084206,0.06683817971497774,0.7373180389404297
5885,76,kernelshap,0.6637297259135679,0.6488435695117171,0.9731489419937134
5886,6693,kernelshap,0.6297572167480693,0.6195876948973712,0.9583650827407837
5887,9478,kernelshap,0.7280394606292248,0.8956597477197648,0.9984384179115295
5888,9464,kernelshap,0.5981266517192125,0.8410278102383018,0.9988177418708801
5889,1175,kernelshap,0.5115805747253555,0.8143551461398602,0.9964763522148132
5890,592,kernelshap,0.5573534200588862,0.727272946635882,0.9891987442970276
5891,3774,kernelshap,0.22630419006401842,0.09354554997249083,0.37255358695983887
5892,5676,kernelshap,0.7786819861669626,0.5176863585199628,0.982049286365509
5893,7362,kernelshap,-0.2669597748253081,-0.13837070597542656,0.36417362093925476
5894,1470,kernelshap,0.6574224515259266,0.5203859420120716,0.9493246674537659
5895,705,kernelshap,0.3005840077996254,0.8657530595858892,0.9831666350364685
5896,1688,kernelshap,0.443533462722127,0.6269988933714424,0.9499217867851257
5897,4828,kernelshap,-0.25197696459034213,-0.20837057543837506,0.1867298036813736
5898,5386,kernelshap,0.5677357848035172,0.8584815156646073,0.9955139756202698
5899,4564,kernelshap,0.5478706806898117,0.19510173719180257,0.8107433915138245
5900,7450,kernelshap,0.2598224342135446,0.14047730820519583,0.7011708617210388
5901,9324,kernelshap,0.48308129277494216,0.11910512767456195,0.7953957915306091
5902,4747,kernelshap,0.7048571043108639,0.8115448798788222,0.9911973476409912
5903,4303,kernelshap,0.6705840945904774,0.8264924387537664,0.9996230602264404
5904,6460,kernelshap,0.6113510758561247,0.28011953830718994,0.7936564087867737
5905,6239,kernelshap,0.687434014152078,0.6208345872514388,0.9641647338867188
5906,7766,kernelshap,0.795133782343732,0.8937500069538752,0.9988692402839661
5907,6739,kernelshap,0.5213791700926694,0.3474002101204612,0.9684213399887085
5908,8336,kernelshap,0.6699300357805831,0.41539575159549713,0.9708681106567383
5909,3464,kernelshap,0.6575463443994523,0.20854723677039147,0.9286491870880127
5910,1509,kernelshap,0.7915829601883888,0.7620840737223625,0.9998621940612793
5911,4978,kernelshap,0.8134541477887861,0.6880579554746228,0.9986442923545837
5912,6008,kernelshap,0.7432604387954429,0.720775118580571,0.987065315246582
5913,5730,kernelshap,0.6006931961580578,0.8788179867634816,0.9983402490615845
5914,8334,kernelshap,0.4225831793414222,0.12423327027095689,0.5701493620872498
5915,4883,kernelshap,0.5982208747416735,0.3207700468599796,0.9513612389564514
5916,9740,kernelshap,0.10678563338632767,-0.16950246290518686,0.2310066819190979
5917,3299,kernelshap,0.6516241735468308,0.342414232591788,0.9154351949691772
5918,594,kernelshap,-0.09619518134880949,0.13124174762655189,0.49561581015586853
5919,5521,kernelshap,0.34357708009580773,0.23651616896192232,0.5253437161445618
5920,6867,kernelshap,0.5006463139346151,0.32360673853845306,0.8798378109931946
5921,7999,kernelshap,0.6825545003548974,0.573896855914167,0.9797606468200684
5922,7073,kernelshap,0.44204654861931447,0.789574786192841,0.9726623892784119
5923,2876,kernelshap,0.6904709273949265,0.46073304787278174,0.9130256175994873
5924,5595,kernelshap,0.6328322782825965,0.6392070423238553,0.7676864266395569
5925,8508,kernelshap,0.6917258249152274,0.8561162203550339,0.9972662925720215
5926,9525,kernelshap,0.5999833945486996,0.6136163791289201,0.9630944728851318
5927,4335,kernelshap,0.43562964636545914,0.2916344748093532,0.8478489518165588
5928,4540,kernelshap,0.4194797213982653,0.14637479627573932,0.6004884243011475
5929,10,kernelshap,0.3744457568283434,0.31162558992703754,0.6812614798545837
5930,8757,kernelshap,0.5719603476199236,0.4693971253705747,0.7786079049110413
5931,1217,kernelshap,0.4018564389811622,0.3748114589187834,0.9339421987533569
5932,1224,kernelshap,0.43143300323382666,0.6501980151819147,0.9364364743232727
5933,3206,kernelshap,0.6713852808461525,0.5322933550924063,0.8921815752983093
5934,93,kernelshap,-0.31243662989657855,-0.04040909137414849,0.2665877938270569
5935,8057,kernelshap,0.21443568127495902,0.013496328251702445,0.6329444646835327
5936,2455,kernelshap,0.5419768677516417,0.861277467825196,0.9824633598327637
5937,1247,kernelshap,0.1992769428604358,0.1052636085329829,0.3819084167480469
5938,2251,kernelshap,0.5128773202498754,0.09582664403650495,0.7610036134719849
5939,6380,kernelshap,-0.2200485404048647,-0.12154748796352319,0.37548884749412537
5940,4708,kernelshap,-0.10762360518605545,-0.3049613541184828,0.022129839286208153
5941,7864,kernelshap,0.2983485965523869,0.2346231397241354,0.42131784558296204
5942,3916,kernelshap,0.6721802476574393,0.7596883019980263,0.9908962845802307
5943,3105,kernelshap,-0.14406500042726597,-0.14732541562989354,0.30328264832496643
5944,292,kernelshap,0.5929245921196761,0.7829254669723688,0.9373753666877747
5945,7616,kernelshap,0.7037789147524607,0.8946805429600534,0.9996926784515381
5946,2083,kernelshap,-0.14682738844837462,-0.24109970065099853,0.08841691166162491
5947,4381,kernelshap,0.3938314241046707,0.40661179926246405,0.5731322765350342
5948,4291,kernelshap,0.6902867825701833,0.6922498159110546,0.999386191368103
5949,5404,kernelshap,0.27624465465545656,0.3559365633130074,0.6997650265693665
5950,6637,kernelshap,-0.14967856053753117,-0.3652947244822587,0.006928769405931234
5951,1090,kernelshap,0.7234006846214042,0.5687960272326189,0.9400683641433716
5952,8570,kernelshap,0.7906058235093951,0.6601411160081625,0.9879988431930542
5953,6206,kernelshap,0.2639688505576207,0.25272690332852876,0.7637869715690613
5954,6843,kernelshap,0.5634909458458424,0.5035434832627123,0.9432370662689209
5955,1078,kernelshap,0.7711735034690184,0.8919838205911219,0.9937500357627869
5956,1188,kernelshap,-0.08156800985336304,0.13451465129852294,0.371249794960022
5957,3984,kernelshap,0.6354428281386694,0.6562673405364707,0.8270280361175537
5958,1369,kernelshap,0.6806743639436635,0.7717020003633066,0.9996086955070496
5959,8348,kernelshap,0.4424896650016308,0.7358070843453918,0.9983540773391724
5960,5987,kernelshap,0.12419618129730224,-0.11901576101779937,0.3073987364768982
5961,1599,kernelshap,-0.08626687334429833,-0.02337545060342358,0.4253289997577667
5962,4573,kernelshap,0.3289935488415801,0.5692117120260778,0.9986382126808167
5963,5173,kernelshap,0.5748251286836771,0.7386651543470529,0.9896814227104187
5964,6459,kernelshap,0.16096800400151146,0.35203423102696735,0.7572941780090332
5965,4404,kernelshap,0.4451647691428661,0.7058105021715164,0.9096974730491638
5966,7585,kernelshap,0.4836292589704196,0.4411919001075957,0.8842015266418457
5967,8225,kernelshap,0.7543684702479478,0.7735897852390101,0.9761107563972473
5968,4209,kernelshap,-0.13265942074358464,-0.2943593107163906,0.07258966565132141
5969,1418,kernelshap,0.4971603617856377,0.7489010930845612,0.985499918460846
5970,3309,kernelshap,0.40333701031548636,0.48065843912107603,0.9695686101913452
5971,9362,kernelshap,-0.014369467894236246,0.21762461818399884,0.5845239758491516
5972,6492,kernelshap,0.43583714548084473,0.3210965262518989,0.947441041469574
5973,7841,kernelshap,0.6103807712594668,0.6943683102726936,0.9986454844474792
5974,3037,kernelshap,0.001910987954873305,-0.13201489700720861,0.1764560043811798
5975,1825,kernelshap,0.5108500808477402,0.478039691845576,0.8055851459503174
5976,3842,kernelshap,0.5861945897340775,0.6846409849822521,0.8965687155723572
5977,4522,kernelshap,-0.15449136612005532,-0.34701090957969427,0.014913300983607769
5978,1569,kernelshap,-0.3695788209637006,-0.23432657370964685,0.08346115052700043
5979,1261,kernelshap,0.5414319881238043,0.4592445055022836,0.9461262822151184
5980,4918,kernelshap,0.7390612246130001,0.6316531612114473,0.9837623238563538
5981,5273,kernelshap,0.8072211634029042,0.5737154447671139,0.9627588987350464
5982,2478,kernelshap,0.7999748512122192,0.5894172324946052,0.9757039546966553
5983,5795,kernelshap,0.414819966070354,0.4410349739094575,0.9648255109786987
5984,6864,kernelshap,0.4881259572505951,0.509924239218235,0.9505975246429443
5985,1616,kernelshap,0.161066630979379,0.2766237031668425,0.625809907913208
5986,6913,kernelshap,0.41451781392097475,0.7546183112263679,0.9678993225097656
5987,2236,kernelshap,0.6981510319139647,0.6632791757583618,0.9798816442489624
5988,7618,kernelshap,0.7149106483249104,0.5933490421842126,0.9788611531257629
5989,5447,kernelshap,0.5627955232675259,0.7398637581903201,0.986072301864624
5990,5554,kernelshap,0.06918277109370512,0.4504451664055095,0.7767083644866943
5991,7212,kernelshap,0.6270941990826812,0.6837929175013587,0.8002116680145264
5992,7352,kernelshap,0.6292077606916427,0.466079141497612,0.9880971908569336
5993,2533,kernelshap,0.6878964508452067,0.5381372996219774,0.8414990901947021
5994,5950,kernelshap,-0.5088795251571215,-0.07088582665444566,0.03144804388284683
5995,7947,kernelshap,0.5270140051841736,0.263025113940239,0.9980719089508057
5996,2689,kernelshap,0.34732499718666077,-0.051205946339501276,0.6280073523521423
5997,3110,kernelshap,0.7176140793240987,0.47820634796069217,0.9935632944107056
5998,4397,kernelshap,0.5961034637689591,0.4129268932342529,0.8630474209785461
5999,2935,kernelshap,0.536734273036321,0.45426603717108566,0.9213789701461792
6000,9632,occlusion_1,0.061064293751349814,-0.08003966338359393,0.5868351459503174
6001,9282,occlusion_1,0.837231910248336,0.8530872407320299,0.9996920824050903
6002,106,occlusion_1,-0.44058436035148557,-0.5055111675493179,0.05082850903272629
6003,1446,occlusion_1,0.4889870914253029,0.24928012409725706,0.9366569519042969
6004,1513,occlusion_1,0.580100644927691,0.585881691206904,0.8197557330131531
6005,6498,occlusion_1,0.08222888017955579,-0.1961550336135061,0.4965934753417969
6006,6973,occlusion_1,0.8595178977453283,0.8192676880529949,0.9767543077468872
6007,4952,occlusion_1,0.6373224461620505,0.5801498686725443,0.9817962050437927
6008,8552,occlusion_1,0.7105464691465552,0.48471384461630473,0.872232973575592
6009,3027,occlusion_1,-0.5509817211545611,-0.33842917722894955,0.013155492953956127
6010,2760,occlusion_1,0.5497168166795745,0.32739547193050383,0.9036301970481873
6011,3060,occlusion_1,0.6410937370998518,0.712820394550051,0.9830917716026306
6012,33,occlusion_1,0.6363160189460305,0.6066873879993663,0.9096025228500366
6013,1349,occlusion_1,0.388694079592824,0.18339144190152487,0.8528456687927246
6014,4934,occlusion_1,0.8348210446536541,0.3250843398272991,0.9373475313186646
6015,2680,occlusion_1,0.8416923615901221,0.7132687672011314,0.9424630403518677
6016,9074,occlusion_1,0.6869066523181068,0.7268322929739952,0.9839212894439697
6017,5414,occlusion_1,0.5453530079440067,0.7350607177144602,0.9929293990135193
6018,6663,occlusion_1,0.9034890623085878,0.8167307898402214,0.999101996421814
6019,5286,occlusion_1,0.7099095227984855,0.7604519145993086,0.980504035949707
6020,3782,occlusion_1,0.5869456136133522,0.5861767642199993,0.8612732887268066
6021,4516,occlusion_1,0.22558486182242632,0.3326631309464574,0.5729129910469055
6022,4554,occlusion_1,0.24658211029094199,0.43169402817021246,0.6359938383102417
6023,1595,occlusion_1,0.7086418461627685,0.626661917911126,0.9860119223594666
6024,3857,occlusion_1,0.4639676071521712,0.17238326188994618,0.8257390856742859
6025,3337,occlusion_1,0.5366360089526727,0.28947030351712155,0.9874890446662903
6026,9255,occlusion_1,0.6510635435581207,0.7093269403491701,0.9287757873535156
6027,1383,occlusion_1,0.5821343155010886,0.26628999347272125,0.9670538306236267
6028,4860,occlusion_1,0.734202154690311,0.7763779816173372,0.9902095794677734
6029,7275,occlusion_1,0.5605555409970491,0.30667183451030566,0.9986231327056885
6030,8740,occlusion_1,0.5048557878471911,0.14686451107263565,0.8915581107139587
6031,1155,occlusion_1,0.649419366179601,0.5943910824539869,0.7966771721839905
6032,6725,occlusion_1,0.631774766104562,0.23442982208161128,0.907792866230011
6033,1076,occlusion_1,0.5049996727279255,0.6795635500124523,0.932974100112915
6034,3058,occlusion_1,0.6227513798757603,0.23063771661959195,0.9431897401809692
6035,4586,occlusion_1,0.6304103234161933,0.43353467583656313,0.80568927526474
6036,1791,occlusion_1,0.4523324929177761,0.09830783651425289,0.7876419425010681
6037,6325,occlusion_1,0.8966970490291715,0.6942753871281941,0.9873836636543274
6038,7506,occlusion_1,0.8826143333895339,0.8233586334519916,0.9960224628448486
6039,6495,occlusion_1,0.9006016764201616,0.8459930447371382,0.9991976618766785
6040,9542,occlusion_1,0.6948141074543329,0.643564158756482,0.781927764415741
6041,4694,occlusion_1,0.8894216281872603,0.7923643993994882,0.9919273853302002
6042,8369,occlusion_1,-0.38011791225936675,-0.09096287025345696,0.07666584104299545
6043,7093,occlusion_1,0.407309017567472,0.31363002955913544,0.5145242214202881
6044,2794,occlusion_1,0.6686563870829084,0.7362875160963639,0.9767383337020874
6045,39,occlusion_1,0.7133431612483917,0.7646184520375344,0.9872057437896729
6046,7478,occlusion_1,-0.12457444387323716,-0.2456697471001569,0.44425079226493835
6047,1253,occlusion_1,0.5907576034466425,0.7261412732657933,0.9360433220863342
6048,360,occlusion_1,0.5680528786920366,0.5607650904428392,0.8569230437278748
6049,9638,occlusion_1,0.5392490103840828,0.22930201249463217,0.919952392578125
6050,1726,occlusion_1,0.48257338014595647,0.3875029683113098,0.9702189564704895
6051,439,occlusion_1,-0.22626695085161622,-0.024253658950328827,0.12333211302757263
6052,5267,occlusion_1,-0.41582702100276947,-0.005202434957027435,0.11205608397722244
6053,4337,occlusion_1,0.6623562018573285,0.7419150215387345,0.9803929924964905
6054,7724,occlusion_1,0.615332441834303,0.7018917902157857,0.948736310005188
6055,7676,occlusion_1,0.4461992847422759,0.31351510938256977,0.9285060167312622
6056,8913,occlusion_1,0.6742789848492696,0.7380592490618045,0.9838032722473145
6057,2492,occlusion_1,0.3534832388162613,0.20627625942230224,0.7457177042961121
6058,7462,occlusion_1,0.599212337623943,0.5746754245324568,0.8199244737625122
6059,7430,occlusion_1,0.7619903887389228,0.7454574918374419,0.9743328094482422
6060,6620,occlusion_1,0.7582053164951503,0.7674004056025296,0.894646167755127
6061,6221,occlusion_1,0.619965437385771,0.7505763330393367,0.9907359480857849
6062,8844,occlusion_1,0.4513088325885209,0.5373935787515207,0.7745300531387329
6063,4518,occlusion_1,0.47600033283233645,0.12252825895945231,0.8635720014572144
6064,1684,occlusion_1,0.46995221433185397,0.2546328959010896,0.9824582934379578
6065,29,occlusion_1,0.9124347389572196,0.8273331734041373,0.998471200466156
6066,6475,occlusion_1,0.4274537595255034,0.0773687447820391,0.8085962533950806
6067,6691,occlusion_1,0.8001467996547299,0.5807829838125936,0.9483029246330261
6068,1747,occlusion_1,0.45791385531425477,0.2093018436431885,0.8665693402290344
6069,5559,occlusion_1,0.8999324729666114,0.7312562388500997,0.999813973903656
6070,3325,occlusion_1,0.5151844099164009,0.24085452556610107,0.9612475037574768
6071,4525,occlusion_1,0.6956318589703491,0.5993864823443195,0.8384320139884949
6072,5434,occlusion_1,0.8562555434958389,0.737689568195492,0.9657297730445862
6073,2129,occlusion_1,0.5552528732352786,0.2589419550365872,0.9874588251113892
6074,5441,occlusion_1,0.5687290160237132,0.5747830380459089,0.8794229626655579
6075,9420,occlusion_1,0.6688691500355216,0.6542790497050566,0.9823731184005737
6076,1330,occlusion_1,0.9110831147059798,0.6657447926700115,0.9996353387832642
6077,7369,occlusion_1,-0.08828779379837215,-0.21147581050172448,0.06873950362205505
6078,2275,occlusion_1,0.9026216513970319,0.8432798815124175,0.9997089505195618
6079,1765,occlusion_1,0.897714146511609,0.8298419108209403,0.997431218624115
6080,9131,occlusion_1,0.848755789149938,0.7905812181275467,0.9638827443122864
6081,6095,occlusion_1,0.4109888584960414,0.2882770993139433,0.8998324871063232
6082,1263,occlusion_1,0.536188930273056,0.14217331012090048,0.8352441191673279
6083,1142,occlusion_1,0.8598197059815421,0.8238583505153656,0.941268265247345
6084,7797,occlusion_1,0.9072020407766104,0.8402379935400354,0.999929666519165
6085,4989,occlusion_1,0.43623476559596674,0.053521435106954264,0.6512267589569092
6086,4395,occlusion_1,0.5223873289809986,0.21466636928645047,0.8682177662849426
6087,5333,occlusion_1,0.6544418654432802,0.5803637831951632,0.8102253079414368
6088,8163,occlusion_1,0.7869690507650375,0.7784073325720701,0.9964901804924011
6089,8995,occlusion_1,0.6459100640871945,0.6115525505122017,0.9415493607521057
6090,9568,occlusion_1,0.6910160437226296,0.7606875345110893,0.9859545826911926
6091,6098,occlusion_1,0.3983413465321064,-0.016751479644041795,0.6807425618171692
6092,7278,occlusion_1,0.4784156337380409,0.4999219156801701,0.6199057698249817
6093,1516,occlusion_1,0.5722611910663545,0.27435296326875686,0.9512353539466858
6094,3501,occlusion_1,0.48558150764022556,0.5990872968520436,0.8539535999298096
6095,4371,occlusion_1,0.4459852706640959,0.35560667514801025,0.8741796612739563
6096,7736,occlusion_1,0.9002028263133505,0.8490153774619102,0.9949358701705933
6097,1683,occlusion_1,0.5598542273044587,0.6571713618934154,0.8886668682098389
6098,1631,occlusion_1,0.5504733013610045,0.2515379303977603,0.8749146461486816
6099,4601,occlusion_1,0.13518514195757528,-0.10833890880307843,0.24468864500522614
6100,6956,occlusion_1,0.6404054045677186,0.2779784607887268,0.9943296909332275
6101,8482,occlusion_1,-0.5294608511985877,-0.18785010925374734,0.014122575521469116
6102,9095,occlusion_1,0.5645516753196717,0.7344113826751709,0.9781303405761719
6103,7344,occlusion_1,0.8757494587313246,0.8254487234409209,0.9935281872749329
6104,1732,occlusion_1,0.4996406275492448,0.21326505679350632,0.8986511826515198
6105,4373,occlusion_1,0.5678562349216505,0.768757280300964,0.9841285943984985
6106,971,occlusion_1,0.7902636813232675,0.6078315179329365,0.9162517189979553
6107,6578,occlusion_1,0.5123063259654574,0.20647714204258388,0.9421021938323975
6108,1453,occlusion_1,0.9224593625649026,0.8442243718002972,0.9991248250007629
6109,80,occlusion_1,0.1451013218112556,-0.058386954345873425,0.25069528818130493
6110,8908,occlusion_1,0.5543432849294999,0.7537356948151308,0.9834333658218384
6111,96,occlusion_1,0.8898347791284322,0.8259971760213375,0.9987819790840149
6112,4376,occlusion_1,0.600709488758674,0.7111382988783029,0.966674268245697
6113,3207,occlusion_1,0.34831324044395895,0.1564278812969432,0.8136265277862549
6114,6462,occlusion_1,0.634396856322008,0.7332850396633148,0.9778786897659302
6115,6220,occlusion_1,0.3958166229228179,0.5385719757113192,0.7519335746765137
6116,3279,occlusion_1,0.8695866301921862,0.7295781786420515,0.9997448325157166
6117,8741,occlusion_1,0.47091291286051273,0.42604608001077876,0.5602492094039917
6118,8758,occlusion_1,0.5551278561572818,0.27270203828811646,0.9525967836380005
6119,5396,occlusion_1,0.5704424934727805,0.23905244327726818,0.98838871717453
6120,2855,occlusion_1,0.4060264627138774,0.23635937571525573,0.8815556168556213
6121,1862,occlusion_1,0.6202854555228661,0.7315882346753416,0.9610991477966309
6122,7659,occlusion_1,0.4478290459594211,0.39335347973817103,0.8467274308204651
6123,8446,occlusion_1,0.8829550908412784,0.7303073820658028,0.9988710284233093
6124,5152,occlusion_1,0.614046001875842,0.3159938366324813,0.9940819144248962
6125,2903,occlusion_1,0.0469090866336469,-0.03568364523871,0.1892295479774475
6126,7581,occlusion_1,0.8387744940817357,0.7195750005543232,0.9940722584724426
6127,9431,occlusion_1,0.7004865337820614,0.6928981834036463,0.9677446484565735
6128,8948,occlusion_1,0.6308450288223949,0.7362796610051935,0.9481334686279297
6129,2486,occlusion_1,-0.5419655559318406,-0.606300045669611,0.02572258561849594
6130,5552,occlusion_1,0.5670678499672148,0.6229158780641026,0.9102206230163574
6131,5479,occlusion_1,0.7648545424143474,0.8044886484742164,0.9652752876281738
6132,3894,occlusion_1,0.5603506907143376,0.6632154685529795,0.8844799995422363
6133,9430,occlusion_1,-0.38308852149971895,-0.16896076814404556,0.013654867187142372
6134,9766,occlusion_1,0.557754112851052,0.23377767347154163,0.9629518985748291
6135,4355,occlusion_1,0.2144634159547942,0.27793364297775996,0.5038201808929443
6136,2833,occlusion_1,0.301679365336895,0.22805151157081127,0.6843008995056152
6137,3328,occlusion_1,0.5578532852232456,0.214940521452162,0.949097216129303
6138,8019,occlusion_1,-0.5437140174210071,-0.08928146486481031,0.03530601039528847
6139,3424,occlusion_1,0.5287265062332154,0.2738759547472,0.9673694372177124
6140,4539,occlusion_1,0.8851499046992373,0.8383445276154412,0.997796893119812
6141,4921,occlusion_1,0.09033960395533105,-0.2314096352328425,0.420066237449646
6142,3469,occlusion_1,0.45329221387704216,0.2037081797917684,0.9678383469581604
6143,5705,occlusion_1,0.9062782561592758,0.7601455570757389,0.9994989633560181
6144,311,occlusion_1,0.6632843794874274,0.5443729596355786,0.7733714580535889
6145,9045,occlusion_1,0.4139594070258595,0.16734173610096886,0.7607484459877014
6146,2619,occlusion_1,-0.0948767975486558,0.10596521173057885,0.2811937630176544
6147,789,occlusion_1,0.8782034576870501,0.7724332455545664,0.9994664788246155
6148,2742,occlusion_1,0.1697695016860962,0.07105196602642536,0.6413431167602539
6149,5653,occlusion_1,0.6364091696838537,0.7575874254107475,0.9864535927772522
6150,483,occlusion_1,-0.07261838560754602,-0.21582983298735184,0.2950841188430786
6151,8113,occlusion_1,-0.22248755213690968,-0.036832325523946344,0.13129007816314697
6152,8478,occlusion_1,0.8106647740830394,0.71514612085679,0.8963323831558228
6153,1199,occlusion_1,0.4401895827971972,0.2767978692666078,0.9540375471115112
6154,5507,occlusion_1,-0.5907863512635231,-0.47937685427023097,0.0754658654332161
6155,3653,occlusion_1,0.9182197311402935,0.8043556483952623,0.9979169964790344
6156,5065,occlusion_1,0.40939129450741935,0.24382934850804946,0.9645865559577942
6157,1626,occlusion_1,0.8461720444262028,0.7391312852501869,0.94484543800354
6158,7661,occlusion_1,-0.08078458591511375,-0.033904851267212315,0.442690372467041
6159,6837,occlusion_1,0.8731494639878687,0.5535164996981621,0.99808669090271
6160,7655,occlusion_1,0.9017535353651355,0.8213757270326217,0.9999051094055176
6161,8538,occlusion_1,0.8763350237693105,0.7748498671821186,0.9930523633956909
6162,1775,occlusion_1,0.14814445917450247,0.08389787943590254,0.2665860652923584
6163,9643,occlusion_1,0.6046802694909275,0.31867697462439537,0.9525106549263
6164,8884,occlusion_1,0.903608521867183,0.8238580014196134,0.9963610768318176
6165,6778,occlusion_1,0.9174762297576914,0.07750833282868068,0.9993769526481628
6166,2340,occlusion_1,0.902546085117917,0.8416232360260827,0.9982617497444153
6167,7226,occlusion_1,-0.2811810086396607,-0.13713820625773884,0.01776505634188652
6168,1472,occlusion_1,0.6649883268844514,0.7121104747056961,0.9634662866592407
6169,8187,occlusion_1,0.7215936882421374,0.7602419037785795,0.9835251569747925
6170,6250,occlusion_1,0.6371324905439427,0.7243959425311339,0.981038510799408
6171,2335,occlusion_1,-0.47306863880819744,-0.4189509799083074,0.15440629422664642
6172,8981,occlusion_1,-0.495229426239218,0.0397640551839556,0.2739567160606384
6173,8685,occlusion_1,0.6649376778253193,0.7424090345358026,0.9768679141998291
6174,251,occlusion_1,0.6547351220951361,0.7087644540211734,0.9841459393501282
6175,2732,occlusion_1,0.6404457846108604,0.7364668407860924,0.9908655285835266
6176,4329,occlusion_1,0.21084881159994337,-0.02389132645395067,0.6881905198097229
6177,9545,occlusion_1,0.8732470901062092,0.20892888224787182,0.9999630451202393
6178,2337,occlusion_1,0.654501015967172,0.5047796184404029,0.7886442542076111
6179,8695,occlusion_1,0.5439661712415756,0.32881857214435456,0.9888496994972229
6180,2215,occlusion_1,0.08847091376360151,-0.09905899990172613,0.17153742909431458
6181,5436,occlusion_1,0.8683147159005914,0.8230591332983404,0.9990270137786865
6182,5058,occlusion_1,0.41438823859942586,0.18707976058909767,0.8502129316329956
6183,9548,occlusion_1,0.8923601644194644,0.8537303768098354,0.9972397089004517
6184,108,occlusion_1,0.6788164923588434,0.7116465651326709,0.992219865322113
6185,3019,occlusion_1,0.645994137506932,0.749025677330792,0.9944136738777161
6186,487,occlusion_1,0.7891617738124397,0.31850213764442337,0.8923308849334717
6187,2436,occlusion_1,0.4674247964735954,0.27345435850081906,0.9759021401405334
6188,2417,occlusion_1,0.5842492680996656,0.5196884939447045,0.7580488324165344
6189,2684,occlusion_1,0.8975806894671657,0.8044184676331022,0.9983345866203308
6190,621,occlusion_1,0.4866612459719181,0.46419928580522535,0.5852698087692261
6191,3281,occlusion_1,0.30856774263083936,0.15390279591083528,0.3935876488685608
6192,8547,occlusion_1,0.47825387945132597,0.2495082425219672,0.9655312895774841
6193,3941,occlusion_1,0.9044584640235241,0.842650232570512,0.999041736125946
6194,2423,occlusion_1,0.2919945056949343,0.015892956938062395,0.7344033718109131
6195,7682,occlusion_1,0.5267373405396938,0.7446119077503681,0.9766225814819336
6196,4960,occlusion_1,0.5101904229206198,0.23082229144432964,0.9545183777809143
6197,2766,occlusion_1,0.5836444791745056,0.3561956557360562,0.9641554951667786
6198,7662,occlusion_1,0.6964908785053662,0.6909987380107244,0.9493343830108643
6199,416,occlusion_1,0.6414772907600683,0.7551086667705985,0.9895657300949097
6200,3898,occlusion_1,-0.4672921897941514,-0.4360048659145832,0.04477410390973091
6201,7632,occlusion_1,0.6039246117607469,0.7006315290927887,0.9277108311653137
6202,2328,occlusion_1,0.7069192736276558,0.6145851299876258,0.9876748323440552
6203,2754,occlusion_1,0.6724372823887012,0.7170051178511452,0.9425421357154846
6204,8234,occlusion_1,0.8916525889188052,0.7878461061418056,0.9998112320899963
6205,3101,occlusion_1,0.6707024643197655,0.7708010011911393,0.978207528591156
6206,2108,occlusion_1,0.47020450896317406,0.3666317090392113,0.5767663717269897
6207,3100,occlusion_1,0.47376554983633534,0.380507231724483,0.57489013671875
6208,5351,occlusion_1,0.8148131672773631,0.7937012882001938,0.9731556177139282
6209,3284,occlusion_1,0.8809128412429024,0.7033520389129134,0.999789297580719
6210,4824,occlusion_1,-0.29827505722641945,-0.22602593973279,0.11368794739246368
6211,6551,occlusion_1,0.5722679112638746,0.6246908255985805,0.8818588256835938
6212,7444,occlusion_1,0.11623942597276148,0.13574145296040704,0.25782865285873413
6213,304,occlusion_1,0.8944684137545881,0.8337458813829082,0.9949650168418884
6214,6360,occlusion_1,0.5576097786426544,0.24043296178181967,0.9673136472702026
6215,4190,occlusion_1,0.4661444255283901,0.3967531614360355,0.5699300169944763
6216,6664,occlusion_1,0.5943603350056542,0.6032815352082253,0.9606970548629761
6217,1945,occlusion_1,0.9253675523084692,0.30463935600386727,0.9966555833816528
6218,5817,occlusion_1,-0.10880435096180957,0.2403284163902635,0.37664487957954407
6219,92,occlusion_1,0.48104474544525144,0.5993161368370056,0.8146926164627075
6220,119,occlusion_1,0.9205671389671889,0.6892050606283274,0.9989120960235596
6221,9591,occlusion_1,0.22956147959286516,-0.014803146774118597,0.6436032056808472
6222,8421,occlusion_1,0.40878311833687897,0.10763532694043784,0.5145477652549744
6223,7945,occlusion_1,0.6757324810605496,0.7539316606707871,0.9813550114631653
6224,2487,occlusion_1,0.6868205873862557,0.7563359711481177,0.981793999671936
6225,1245,occlusion_1,0.5384867787361145,0.6974599957466125,0.9603469967842102
6226,346,occlusion_1,0.655464755879207,0.5697165683589198,0.7451899647712708
6227,9392,occlusion_1,0.5893758179053016,0.6792712548504705,0.9193423986434937
6228,6604,occlusion_1,0.23625307540512747,0.23328904021117422,0.3916223645210266
6229,6338,occlusion_1,-0.14690233810882394,-0.0771630365983583,0.0007142872200347483
6230,8410,occlusion_1,0.38476341453037766,0.054804092959353796,0.7856822609901428
6231,4216,occlusion_1,0.6469152622989246,0.35977618183408466,0.9847311973571777
6232,7436,occlusion_1,-0.397055147215724,-0.2707095891237259,0.2272808998823166
6233,6666,occlusion_1,0.49545998284311005,0.2540690176414721,0.9586819410324097
6234,8051,occlusion_1,0.35897716879844666,0.19701701934848512,0.8715716004371643
6235,1593,occlusion_1,-0.21608720281544855,-0.08945664588142843,0.15043936669826508
6236,6951,occlusion_1,0.47465971341499913,0.21631442125026995,0.9345783591270447
6237,850,occlusion_1,0.621256621820586,0.6786487414723351,0.9296643733978271
6238,5506,occlusion_1,0.6872480541649388,0.7645400075650797,0.9685686230659485
6239,8479,occlusion_1,0.03971513892923083,0.19379843132836477,0.6700364947319031
6240,7182,occlusion_1,0.8869084987737652,0.8382810768153932,0.9999536275863647
6241,2362,occlusion_1,0.8426927330438048,0.789349630009383,0.9505352973937988
6242,2178,occlusion_1,0.6439653903245925,0.7449880280664989,0.9733298420906067
6243,1731,occlusion_1,-0.25051013781474185,0.09126356874520962,0.38484254479408264
6244,4185,occlusion_1,0.8932189531624317,0.8493630629228918,0.9936004877090454
6245,673,occlusion_1,0.8879798989257087,0.7737327292561531,0.9984293580055237
6246,5212,occlusion_1,0.4923983152351669,0.4359814482363495,0.6283679604530334
6247,4417,occlusion_1,0.6920572062107649,0.7705038393085654,0.9879036545753479
6248,1056,occlusion_1,0.6788749703102641,0.5456643508816207,0.7735608816146851
6249,9593,occlusion_1,-0.12370893508195877,-0.4383871257305145,0.243360698223114
6250,623,occlusion_1,-0.38523238329660325,-0.03294647449538821,0.14192570745944977
6251,6217,occlusion_1,-0.3016194128676465,0.057760532749326604,0.2582426369190216
6252,9597,occlusion_1,0.6197214028958616,0.26736375997806416,0.94245845079422
6253,2955,occlusion_1,0.9116791582107544,0.8243973210453988,0.999518632888794
6254,88,occlusion_1,0.6677491072979238,0.29361559119489455,0.9609821438789368
6255,3538,occlusion_1,0.12022680906873,-0.22481436635318555,0.40691903233528137
6256,3643,occlusion_1,0.837106294102139,0.7813743733697467,0.9848778247833252
6257,8313,occlusion_1,-0.4030702145349595,-0.09778649864658233,0.051715411245822906
6258,5649,occlusion_1,0.756656871422341,0.7570627896409285,0.9766762852668762
6259,1355,occlusion_1,0.7232765933429753,0.7013804156471182,0.88857102394104
6260,7142,occlusion_1,0.42194889911583494,0.43253581332308905,0.6247670650482178
6261,1512,occlusion_1,0.8745596127409954,0.8532617043238133,0.9998650550842285
6262,7565,occlusion_1,0.5976245383853498,0.19591719689576523,0.8787069320678711
6263,733,occlusion_1,0.47910477936267853,0.2871843165159225,0.9125187397003174
6264,8765,occlusion_1,0.3146861896795385,0.267769018516821,0.8646788001060486
6265,9018,occlusion_1,0.49987331884247915,0.1304605659984407,0.8577378988265991
6266,6240,occlusion_1,0.6048771478235722,0.28453902527689934,0.9745098352432251
6267,590,occlusion_1,0.8648298499839646,0.8325020183055174,0.9846627712249756
6268,3745,occlusion_1,0.6571015178092888,0.7335362615329879,0.9794371724128723
6269,1919,occlusion_1,0.44433854723518545,0.6334954439239069,0.8799989819526672
6270,7799,occlusion_1,0.5890000354627083,0.3204592404694393,0.9782043695449829
6271,7684,occlusion_1,0.8085352728143335,0.07638898491859436,0.8755611777305603
6272,9486,occlusion_1,0.8993584737181664,0.8012775776809767,0.9996349811553955
6273,5027,occlusion_1,0.8580379186730299,0.765345416164824,0.9352264404296875
6274,8568,occlusion_1,0.7181413446790733,0.7526679507767161,0.9612317681312561
6275,5425,occlusion_1,0.9110914358056016,0.7751201550662518,0.9971936941146851
6276,2377,occlusion_1,0.6135896220803261,0.7168332445952628,0.9438385963439941
6277,6447,occlusion_1,0.6428342218752261,0.7240303153241122,0.9587855935096741
6278,8029,occlusion_1,0.6453159286712224,0.6806823296042589,0.948946475982666
6279,3855,occlusion_1,-0.2885608375072479,-0.33019483231362845,0.1962687075138092
6280,5221,occlusion_1,-0.21507920026779176,-0.36367280582586925,0.18781906366348267
6281,5792,occlusion_1,0.7346529866258303,0.7929366017381351,0.9906495213508606
6282,3006,occlusion_1,0.5793458978335063,0.24264710346857707,0.9978829026222229
6283,8706,occlusion_1,0.6532184262242582,0.7316359836194251,0.9663774967193604
6284,2943,occlusion_1,0.708495402002129,0.7132238992329302,0.9308606386184692
6285,2072,occlusion_1,0.015058343780451807,-0.11290132382820392,0.5698568224906921
6286,3873,occlusion_1,0.9148096852004528,0.4418171584606171,0.9997352957725525
6287,9297,occlusion_1,-0.2431753556365552,-0.15537661305912162,0.023425154387950897
6288,9105,occlusion_1,0.5177685624131789,0.3097079854745131,0.9175363183021545
6289,7635,occlusion_1,0.0563996515490792,0.022514061494307083,0.5086358189582825
6290,5313,occlusion_1,0.6434900656342506,0.7023070961236954,0.9687720537185669
6291,9675,occlusion_1,-0.45440409714594865,-0.49310572187487894,0.04756920784711838
6292,2075,occlusion_1,-0.4826726999133825,-0.48958876528777184,0.029840612784028053
6293,7144,occlusion_1,0.4398282909622559,0.16753682035666245,0.7779881358146667
6294,3928,occlusion_1,0.888637226447463,0.7805640172213316,0.9944451451301575
6295,1393,occlusion_1,0.7909883988591341,0.6965141347967662,0.9559140801429749
6296,263,occlusion_1,0.3060776750030725,0.3701533989413925,0.5543873906135559
6297,970,occlusion_1,0.5587373077869415,0.30202077388763426,0.9830170273780823
6298,5821,occlusion_1,0.6255740340178212,0.750896900271376,0.9705916047096252
6299,8593,occlusion_1,0.5597653795372356,0.24330841953104193,0.9902368187904358
6300,4553,occlusion_1,-0.1516662510111928,0.034339082116882004,0.25519683957099915
6301,1671,occlusion_1,0.25783740961924195,0.2305724173784256,0.36948418617248535
6302,3118,occlusion_1,0.5600419356064363,0.3181850402192636,0.9853379726409912
6303,4367,occlusion_1,0.6779251343437603,0.7667969577014446,0.9835205674171448
6304,1760,occlusion_1,0.6428804455531968,0.6144052545229594,0.953184962272644
6305,3412,occlusion_1,0.8720758933235299,0.826765239238739,0.9996806383132935
6306,6066,occlusion_1,0.42396462901874826,0.5292715551676573,0.7711567282676697
6307,3616,occlusion_1,0.6837080173632678,0.7494202019537196,0.9940558671951294
6308,5874,occlusion_1,0.37819326172272366,0.4437703029030845,0.665697455406189
6309,2189,occlusion_1,0.6616815762675327,0.7288943924333738,0.9733267426490784
6310,6071,occlusion_1,-0.08642630837857723,-0.22118818014860153,0.3445005416870117
6311,5148,occlusion_1,0.5907940545721966,0.3820841470185448,0.9919676184654236
6312,9064,occlusion_1,0.8887959039873548,0.8221158037583033,0.9951918125152588
6313,8381,occlusion_1,0.6310744765732024,0.7607129307256805,0.9911434650421143
6314,3352,occlusion_1,0.8839057724302014,0.7769188663611809,0.9917272329330444
6315,799,occlusion_1,0.7633929992360728,0.7509089279919863,0.9007335305213928
6316,8656,occlusion_1,0.6203274240619258,0.7260559036543495,0.9716004729270935
6317,7305,occlusion_1,-0.10283229827880859,-0.19995895624160767,0.4172053039073944
6318,7948,occlusion_1,0.668644187764989,0.7534549112121264,0.9854472875595093
6319,7233,occlusion_1,0.3246949735012921,0.3637041808529334,0.6311346888542175
6320,2392,occlusion_1,0.9093336602543585,0.2376014706161287,0.9886122345924377
6321,3443,occlusion_1,0.4512966987159517,0.6199080819884936,0.8816978335380554
6322,8558,occlusion_1,0.5635252286990483,0.28598212798436484,0.973223090171814
6323,5014,occlusion_1,-0.48167089310785133,-0.09942018240690231,0.07035710662603378
6324,4362,occlusion_1,0.4063371639502676,0.25952656331815216,0.9208598732948303
6325,8224,occlusion_1,0.5203619033098221,0.1369642694791158,0.8885605931282043
6326,6865,occlusion_1,0.6244769680958527,0.3965953995402043,0.8719384074211121
6327,7389,occlusion_1,0.6190225593745708,0.6643593636426058,0.9629926681518555
6328,303,occlusion_1,-0.5202631847932935,-0.16383682426065208,0.014017949812114239
6329,8398,occlusion_1,0.077045715446287,-0.25050593711234426,0.19514413177967072
6330,2907,occlusion_1,0.46133666166237425,0.5072769423325857,0.7638531923294067
6331,4619,occlusion_1,0.644497753183047,0.7433918615182241,0.9858346581459045
6332,4765,occlusion_1,0.3401295930147171,0.6031830698251724,0.9990813732147217
6333,3320,occlusion_1,0.46280427325156426,0.22043448302053636,0.9103321433067322
6334,5298,occlusion_1,0.604981070627337,0.6671997451263926,0.9235251545906067
6335,7927,occlusion_1,0.7156547118211165,0.6284906640648842,0.7891092300415039
6336,2348,occlusion_1,0.5656020992568561,0.19632349695478166,0.9576795101165771
6337,4267,occlusion_1,-0.32063772010713304,-0.454769989539837,0.17377091944217682
6338,9648,occlusion_1,0.05460356424252192,-0.04601068546374639,0.4353678822517395
6339,3024,occlusion_1,0.9004682922968641,0.8118437184020877,0.9947077035903931
6340,1373,occlusion_1,0.8625884293578565,0.8432026348697642,0.9978209733963013
6341,7377,occlusion_1,0.8925542931738164,0.7378503897925839,0.9994086027145386
6342,9782,occlusion_1,0.5611972406506538,0.04309988915920258,0.739330530166626
6343,2771,occlusion_1,0.2324879558549987,0.18916835387547812,0.7439307570457458
6344,3,occlusion_1,0.5925856314599514,0.25749883353710173,0.9819961786270142
6345,2908,occlusion_1,0.4183619861922613,0.15921277534670947,0.7847798466682434
6346,3852,occlusion_1,0.86329379069962,0.8019411330552477,0.9862563014030457
6347,532,occlusion_1,0.48931224095193965,0.2206430544978694,0.9266643524169922
6348,7929,occlusion_1,0.831375403611949,0.8162082403220914,0.9613776206970215
6349,9423,occlusion_1,0.5599589307199825,0.29055871949954465,0.9784471392631531
6350,290,occlusion_1,0.867489914894104,0.7595300030708313,0.9896323680877686
6351,3014,occlusion_1,0.8941045748069882,0.8147673642961308,0.9996546506881714
6352,2874,occlusion_1,0.8931556251880369,0.7965279519557953,0.9981462955474854
6353,5146,occlusion_1,0.47139815613627434,0.6409649948279063,0.847770094871521
6354,2221,occlusion_1,0.516610150039196,0.2939301565289497,0.9947670698165894
6355,6958,occlusion_1,0.8642409422124425,0.8458251170814037,0.9999463558197021
6356,2997,occlusion_1,0.6373442339045661,0.6939257591962814,0.9155088663101196
6357,6729,occlusion_1,0.6168308711051941,0.6843350875377655,0.9641355872154236
6358,9159,occlusion_1,0.5073285891729242,0.32987529214690714,0.9859901666641235
6359,6175,occlusion_1,0.5252527489706322,0.22696525851885477,0.8925741910934448
6360,568,occlusion_1,0.6804786405429758,0.7335149661220354,0.9454593658447266
6361,5284,occlusion_1,0.46431527442710346,0.639738105237484,0.8300798535346985
6362,1107,occlusion_1,0.3279888355838401,0.2403656393289566,0.6682243347167969
6363,135,occlusion_1,0.5353812456130982,0.26328479290008544,0.9716272354125977
6364,7828,occlusion_1,0.34768122314874617,0.4493360035121441,0.6850035786628723
6365,8709,occlusion_1,-0.46418820321559906,-0.06983614055549398,0.12519556283950806
6366,7998,occlusion_1,0.5927664356475527,0.6119913499463688,0.8645012974739075
6367,1087,occlusion_1,0.2838187730487655,0.1081073547110838,0.775250256061554
6368,8291,occlusion_1,0.4432784519765688,0.10119430396867835,0.854321300983429
6369,2301,occlusion_1,0.8156855089962483,0.4548338520526886,0.95539391040802
6370,4339,occlusion_1,0.52252375547375,0.1930627269404275,0.9137663245201111
6371,6851,occlusion_1,0.3248933200482969,0.17723292553866352,0.7973652482032776
6372,3047,occlusion_1,-0.5177233889698982,-0.07518126834183932,0.0979495421051979
6373,4130,occlusion_1,0.4098789518078168,0.2264577200015386,0.9384138584136963
6374,4521,occlusion_1,0.2559302360233333,0.09884638608329827,0.6010063886642456
6375,7538,occlusion_1,-0.10116014381249745,-0.4056425827244918,0.24221482872962952
6376,5473,occlusion_1,0.1222886045773824,0.27304566982719636,0.5097333192825317
6377,388,occlusion_1,0.25052453577518463,0.1505833376002939,0.35248786211013794
6378,4217,occlusion_1,0.22114400006830692,0.16891424311324954,0.37010785937309265
6379,2122,occlusion_1,0.8775285314768553,0.8703526807948947,0.9940676689147949
6380,1310,occlusion_1,0.5921487742000155,0.6862412906355329,0.9521945118904114
6381,647,occlusion_1,0.46827748641371725,0.11450690925121307,0.8441824316978455
6382,6510,occlusion_1,0.6544713001502188,0.7599725197804602,0.983997106552124
6383,8040,occlusion_1,0.8760993018125495,0.7357838985820612,0.9927237629890442
6384,1183,occlusion_1,0.38051052500183385,0.5494177791600426,0.7527951598167419
6385,2859,occlusion_1,-0.08558820732511006,0.1284199646459176,0.29044002294540405
6386,7769,occlusion_1,0.6550013505750232,0.7418011418647237,0.9893583059310913
6387,8403,occlusion_1,0.903702200664317,0.615448583574856,0.9993377327919006
6388,7110,occlusion_1,-0.4458103557939039,-0.0679082511102452,0.019069893285632133
6389,5798,occlusion_1,0.5375184547156096,0.3045362923294306,0.9720874428749084
6390,3128,occlusion_1,0.19126297445858226,0.26956023188198314,0.5682955384254456
6391,7197,occlusion_1,-0.2188230290149267,-0.12845083326101303,0.022872185334563255
6392,3148,occlusion_1,0.9044708244502544,0.7723705668747425,0.9993751645088196
6393,510,occlusion_1,0.6129480512703166,0.6736081856138566,0.9432699084281921
6394,3059,occlusion_1,0.8537194136944082,0.823091027016441,0.9986955523490906
6395,7940,occlusion_1,0.6779032845050097,0.7750129232803981,0.9874366521835327
6396,4049,occlusion_1,0.444027291238308,0.10186450481414795,0.8314626812934875
6397,5875,occlusion_1,0.8662742547306191,0.7974633713779242,0.9635235071182251
6398,3859,occlusion_1,0.3312741200129191,0.1244080662727356,0.8255603909492493
6399,6849,occlusion_1,0.18749407827854156,0.26776424050331116,0.574726402759552
6400,8149,occlusion_1,0.46029809976999575,0.24668599321291998,0.9366871118545532
6401,6260,occlusion_1,0.5796111757340638,0.2941166266151097,0.9929714798927307
6402,3312,occlusion_1,0.3780699113481923,0.11282077431678772,0.7778376936912537
6403,7866,occlusion_1,0.3090154468440093,0.3758124445493405,0.7098169922828674
6404,4201,occlusion_1,0.5266502925822901,0.27613468641458555,0.9487881660461426
6405,7652,occlusion_1,0.6390371810306202,0.7642462361942638,0.990079402923584
6406,4273,occlusion_1,0.9111384730503866,0.7970991789391546,0.99992835521698
6407,3181,occlusion_1,0.8998576800267284,0.5600265943660185,0.9997420907020569
6408,3817,occlusion_1,0.8520760636490124,0.8003861751311865,0.9993771910667419
6409,1880,occlusion_1,-0.10488586790031856,-0.1327477153390646,0.01568293571472168
6410,5350,occlusion_1,0.3771271546897681,0.4041509929558505,0.5608274340629578
6411,3615,occlusion_1,0.4110472298957206,0.16241148678032127,0.8107764720916748
6412,4058,occlusion_1,0.8347562985727564,0.43986226012930274,0.9419618248939514
6413,6915,occlusion_1,-0.13800805972682106,0.16541077941656113,0.3501001298427582
6414,321,occlusion_1,0.47941938042640686,0.28292281097835964,0.9939339756965637
6415,4722,occlusion_1,0.3281788172967294,0.34773578845402775,0.45989561080932617
6416,6422,occlusion_1,0.8642145419169379,0.8217972377720086,0.9896161556243896
6417,3295,occlusion_1,0.7254702904645134,0.7328896410763264,0.9100990891456604
6418,6421,occlusion_1,0.8870304330690381,0.8266017274821506,0.9998773336410522
6419,9330,occlusion_1,0.6269671281178792,0.7312282751003901,0.9636116027832031
6420,8138,occlusion_1,0.5733165082056075,0.26273340731859207,0.981547474861145
6421,3205,occlusion_1,0.5777084256211916,0.5994388908147812,0.9054865837097168
6422,2522,occlusion_1,0.8464694472295897,0.7166795907276017,0.9771209955215454
6423,6998,occlusion_1,0.5646542056518442,0.3698965416235082,0.9932758808135986
6424,5556,occlusion_1,0.06492065829003141,-0.03206539118573779,0.13361269235610962
6425,5938,occlusion_1,0.4939424514770508,0.30514687180519107,0.9918566942214966
6426,500,occlusion_1,0.4814983817438285,0.1780560380882687,0.8852552771568298
6427,3000,occlusion_1,0.900358430256969,0.8263042359367797,0.9999140501022339
6428,3555,occlusion_1,0.8801715558066088,0.8342970752102488,0.9982357025146484
6429,8612,occlusion_1,0.597125034003208,0.5620321438958248,0.8514575362205505
6430,9249,occlusion_1,0.8879193514585495,0.06646065910657246,0.9964041709899902
6431,3032,occlusion_1,0.7606265721221764,0.7180950914820036,0.8539521098136902
6432,9705,occlusion_1,0.9084532883846097,0.8352416153583262,0.9889709949493408
6433,330,occlusion_1,0.3243163630366325,0.13342275321483613,0.8267892599105835
6434,3078,occlusion_1,0.38020773363464017,0.07017784784821902,0.6750901937484741
6435,2018,occlusion_1,0.4954151256630818,0.598748456272814,0.8120930790901184
6436,3274,occlusion_1,0.8982911246828735,0.796272962167859,0.9813236594200134
6437,3233,occlusion_1,0.6480076497509366,0.276070929708935,0.9957135915756226
6438,3387,occlusion_1,0.6946594212204218,0.7098211692646146,0.9937663078308105
6439,144,occlusion_1,0.42486659189065296,0.24414390877441125,0.9010109305381775
6440,9742,occlusion_1,0.2718690095676316,0.02200335595342848,0.7020775079727173
6441,367,occlusion_1,0.8704717410728335,0.8112670201808214,0.9927334785461426
6442,8679,occlusion_1,0.66517285835774,0.7514840848743916,0.9541473984718323
6443,4304,occlusion_1,-0.4893417310501848,-0.13656585503901755,0.03199302777647972
6444,7178,occlusion_1,-0.2889494334275906,-0.2525792162005718,0.20744583010673523
6445,333,occlusion_1,0.5217135678166929,0.6759044968563578,0.93973308801651
6446,518,occlusion_1,0.892466409275165,0.8040147539801322,0.9947517514228821
6447,7040,occlusion_1,-0.4992083040997386,-0.13771044043824077,0.05382367596030235
6448,4229,occlusion_1,0.6669293612241745,0.23866609781980513,0.8422279357910156
6449,3833,occlusion_1,0.22523050382733345,0.34443132355809214,0.5758914947509766
6450,6058,occlusion_1,0.35686495198922996,0.15125311472836664,0.826604425907135
6451,576,occlusion_1,0.5978608631035861,0.7713237141861635,0.9669933319091797
6452,4215,occlusion_1,-0.513075511314367,-0.64434519983632,0.02259739488363266
6453,2758,occlusion_1,0.6040447833828437,0.7081786575607765,0.9120370149612427
6454,4756,occlusion_1,0.5363103397514509,0.27819789751716284,0.9957077503204346
6455,9000,occlusion_1,0.534958565235138,0.583141112079223,0.8207840323448181
6456,3813,occlusion_1,0.6950369666923176,0.7694379734722051,0.9945827126502991
6457,3045,occlusion_1,0.9175323822846015,0.8262379626433055,0.9991866946220398
6458,4047,occlusion_1,0.6217413395643234,0.3002192491576785,0.9573930501937866
6459,9094,occlusion_1,0.9042556062340736,0.8321659066714346,0.9995237588882446
6460,8181,occlusion_1,0.645361491292715,0.7585007570683956,0.9878594279289246
6461,6309,occlusion_1,0.40179014371501076,0.49192833458935775,0.7466253638267517
6462,1479,occlusion_1,0.47032439701225875,0.45162538226161686,0.6603317260742188
6463,543,occlusion_1,0.7780991088727425,0.7844065201693567,0.9949223399162292
6464,1618,occlusion_1,-0.10894623041152954,-0.19778129264712332,0.06054547056555748
6465,9032,occlusion_1,0.8915684182394409,0.727178125106024,0.9999555349349976
6466,7746,occlusion_1,0.42548746317625047,0.5229578495025635,0.7823534607887268
6467,6039,occlusion_1,0.51885855875232,0.7627290141853419,0.9875119924545288
6468,7919,occlusion_1,0.42889577082612296,0.2860344269058921,0.8350353240966797
6469,7624,occlusion_1,0.899014004568259,0.7809081226587296,0.9978998899459839
6470,9495,occlusion_1,0.48563029151409864,0.07229109108448029,0.8270493745803833
6471,8657,occlusion_1,0.8666351423377082,0.8551670245471454,0.998624324798584
6472,7160,occlusion_1,0.8685467839241028,0.7592962503078438,0.9950231313705444
6473,2358,occlusion_1,0.6797042526304722,0.46621197118208957,0.9747324585914612
6474,8250,occlusion_1,0.9085211616723591,0.8625653517311034,0.9995149374008179
6475,1655,occlusion_1,0.8943375904113054,0.8484030472114682,0.9999794960021973
6476,6911,occlusion_1,0.6562180006876588,0.7369000380858779,0.9800494909286499
6477,1746,occlusion_1,0.5092702239751816,0.17560869753360747,0.8988498449325562
6478,5794,occlusion_1,0.36702364154400363,0.3503656709386456,0.6117662787437439
6479,14,occlusion_1,0.8948740322320234,0.7528182182993207,0.9890376925468445
6480,1877,occlusion_1,0.7117666344344616,0.73403883934021,0.9437482357025146
6481,7888,occlusion_1,-0.23467531711572692,-0.03838496486700717,0.03794756904244423
6482,8520,occlusion_1,0.6595326908703508,0.27691166154269514,0.9955009818077087
6483,6883,occlusion_1,0.9028096423218293,0.8409348148852587,0.9998689889907837
6484,3761,occlusion_1,0.11921206441445228,-0.16212851802508035,0.4492890536785126
6485,0,occlusion_1,0.19044775819336926,0.326871612281711,0.6697250008583069
6486,6831,occlusion_1,0.5576931050530186,0.3519729971885681,0.9856772422790527
6487,7722,occlusion_1,0.9143269555342775,0.8368701470955726,0.9999464750289917
6488,9630,occlusion_1,0.5681915372610092,0.5755656187733015,0.958454966545105
6489,7672,occlusion_1,0.6542175853891032,0.7268683282392365,0.9733251929283142
6490,6568,occlusion_1,0.01642999187710562,0.020184427233678953,0.17541421949863434
6491,655,occlusion_1,0.8114316928501163,0.7860651991019646,0.982920229434967
6492,9349,occlusion_1,0.6063796960645251,0.6711016992727915,0.9683236479759216
6493,4241,occlusion_1,0.42519405828072476,0.33926995671712434,0.7906460762023926
6494,3023,occlusion_1,0.6118824646661156,0.699411004781723,0.9674339294433594
6495,1851,occlusion_1,0.3824609659220043,0.149399785619033,0.8565259575843811
6496,349,occlusion_1,0.8091734121071881,0.655866614575016,0.9454079866409302
6497,6340,occlusion_1,0.4791305009275675,0.20425621420145035,0.9389975666999817
6498,1156,occlusion_1,0.7881903222707265,0.7220006326542181,0.861674964427948
6499,3017,occlusion_1,-0.2540015809237957,-0.07741996433053698,0.08765469491481781
6500,457,occlusion_1,0.5564796935119058,0.20532871329266092,0.9319348335266113
6501,2867,occlusion_1,0.2328278019346974,-0.04149255021051927,0.4899269640445709
6502,5033,occlusion_1,0.4044161782814906,0.1663950773385855,0.8742331266403198
6503,4622,occlusion_1,0.50156380203755,0.41629037212418474,0.6582211256027222
6504,6329,occlusion_1,0.5673461832106114,0.6917948491871357,0.9279072284698486
6505,7081,occlusion_1,0.23230379012723765,0.6756602594008049,0.9927646517753601
6506,6786,occlusion_1,0.5114857097466786,0.6204173843065898,0.8435319662094116
6507,8458,occlusion_1,0.7690073385834694,0.404520246386528,0.9516926407814026
6508,5206,occlusion_1,0.5771435912607646,0.3608854667442601,0.9392110109329224
6509,6053,occlusion_1,-0.5055563128713904,-0.10017461226931934,0.10309546440839767
6510,131,occlusion_1,0.619909422127185,0.4846087058109266,0.7072423100471497
6511,3692,occlusion_1,0.6842315196990967,0.516421743801662,0.9772415161132812
6512,6192,occlusion_1,-0.5328542535694746,-0.5771854992669362,0.048792410641908646
6513,9523,occlusion_1,0.6184421803166227,0.3209496489385279,0.961187481880188
6514,4587,occlusion_1,0.8823518150796493,0.6023656135355985,0.9995947480201721
6515,9818,occlusion_1,0.8708253581186428,0.8242791816592216,0.9995943903923035
6516,3235,occlusion_1,0.8794648294957975,0.8299164607500037,0.9989935755729675
6517,8641,occlusion_1,0.5147662035056523,0.6926008388400078,0.931536078453064
6518,4879,occlusion_1,0.6660654301799479,0.7619215377739498,0.9839438199996948
6519,6854,occlusion_1,0.44781091692192215,0.5907039020742689,0.7712569832801819
6520,8572,occlusion_1,0.8076657601632178,0.7984079418238252,0.962346076965332
6521,3639,occlusion_1,0.8964668815689427,0.7311086590800967,0.9996343851089478
6522,7358,occlusion_1,0.41063172858336877,0.2381715902994419,0.8803918957710266
6523,8826,occlusion_1,0.14489858876913786,0.027445797808468342,0.21246188879013062
6524,2303,occlusion_1,0.6828606113070442,0.5943356899003829,0.8479582071304321
6525,7315,occlusion_1,0.38696387474393024,0.15059934530792565,0.5223425626754761
6526,5308,occlusion_1,0.6409771606664766,0.7146796814420007,0.9625872373580933
6527,6808,occlusion_1,0.6219670073739414,0.6951106051946508,0.934439480304718
6528,9395,occlusion_1,0.6346540075655167,0.7015205713418814,0.9161144495010376
6529,265,occlusion_1,0.374940388471536,0.45331864253334375,0.6683381795883179
6530,4763,occlusion_1,0.6841835760407977,0.30411867631806266,0.9798698425292969
6531,9111,occlusion_1,0.6850549454490343,0.6598195967574915,0.9889899492263794
6532,6789,occlusion_1,0.9034141837619245,0.8196077714674175,0.9998348951339722
6533,4597,occlusion_1,0.5603438299149275,0.2584575116634369,0.9720914959907532
6534,2531,occlusion_1,0.7516664388374641,0.6583619504593886,0.866960883140564
6535,4862,occlusion_1,-0.1207191345818115,0.2994013995383725,0.4951181709766388
6536,7669,occlusion_1,0.38696224409106533,0.3237659488069384,0.48462367057800293
6537,316,occlusion_1,0.6736286211954919,0.7166522647205152,0.9735060334205627
6538,1897,occlusion_1,0.4153814047574997,0.025339142978191377,0.5507165193557739
6539,8860,occlusion_1,0.8637592555885931,0.7880074808374047,0.9987818598747253
6540,6407,occlusion_1,0.644455224275589,0.765447032948335,0.9976840019226074
6541,8231,occlusion_1,0.40592636672012944,0.2561028117642683,0.7838780879974365
6542,8521,occlusion_1,0.8608567304909229,0.851238651201129,0.9933564066886902
6543,6112,occlusion_1,0.17800735475288498,0.4171763076964352,0.6008636355400085
6544,8128,occlusion_1,0.8437065393663943,0.8136888013686985,0.9714705348014832
6545,2039,occlusion_1,0.5703792700337039,0.29166141897439957,0.9522435069084167
6546,103,occlusion_1,0.6836100807174658,0.6883928764324921,0.9553327560424805
6547,3297,occlusion_1,0.7032217000087257,0.6065213438123465,0.9933587908744812
6548,794,occlusion_1,0.6217775130271912,0.6836262685060501,0.9724578261375427
6549,5967,occlusion_1,0.14391258950619137,-0.0916640713591786,0.24620872735977173
6550,5332,occlusion_1,0.4684489798896453,0.19600842630161958,0.9183538556098938
6551,8586,occlusion_1,0.5822212194141588,0.26112275374563115,0.9849046468734741
6552,1658,occlusion_1,0.5541841554499808,0.19649227744057066,0.964491605758667
6553,3933,occlusion_1,0.6079614134717055,0.5030189127181516,0.6898942589759827
6554,6968,occlusion_1,0.07470837483803432,0.13745929466353524,0.4261864125728607
6555,9469,occlusion_1,0.8750043080552764,0.7312081661885199,0.9714051485061646
6556,7854,occlusion_1,0.8911136343247361,0.6320742699835036,0.9999302625656128
6557,3210,occlusion_1,0.5667780029277006,0.2572936825454235,0.9441894888877869
6558,7012,occlusion_1,0.20240454624096552,0.03172672167420387,0.6113330125808716
6559,9808,occlusion_1,0.15249546900391578,0.331940371543169,0.5362054109573364
6560,2973,occlusion_1,0.8229285382518643,0.6795480494436464,0.9506114721298218
6561,932,occlusion_1,0.8468350624665618,0.7789051039516925,0.9650254249572754
6562,6163,occlusion_1,-0.46518407874789675,-0.6121523503312155,0.011425944976508617
6563,6432,occlusion_1,0.2088548246026039,-0.12674442023038865,0.30730393528938293
6564,3497,occlusion_1,-0.09095894868175189,-0.13088143492738405,0.0659496858716011
6565,3202,occlusion_1,0.7073430149432491,0.6662462406298694,0.9847751259803772
6566,2611,occlusion_1,0.8915656174222628,0.815152375648419,0.9785923361778259
6567,9631,occlusion_1,0.9271775049902499,0.6657215729355812,0.9988958835601807
6568,567,occlusion_1,0.915990476962179,0.7118970773600298,0.9992870688438416
6569,764,occlusion_1,0.6665570519187234,0.6556185483932495,0.9538270831108093
6570,4366,occlusion_1,0.8727789401387175,0.8170444913208484,0.9802402853965759
6571,8367,occlusion_1,0.17611627105404348,0.5113906457143671,0.9094205498695374
6572,7360,occlusion_1,0.546670742953817,0.6705696129550537,0.9023318886756897
6573,1441,occlusion_1,0.2956399527542731,0.338738372658982,0.5641030669212341
6574,921,occlusion_1,0.30411919951438904,0.1288258135318756,0.7555339336395264
6575,8222,occlusion_1,0.4321541647825922,0.06082390035901751,0.7786136269569397
6576,1794,occlusion_1,0.6479283325108034,0.6835674217769078,0.9630635380744934
6577,3838,occlusion_1,0.33453430483738583,0.5215800826748213,0.7256994247436523
6578,3122,occlusion_1,0.12720010690391065,-0.010889863222837448,0.38232237100601196
6579,6127,occlusion_1,0.7005946722168189,0.712819136106051,0.9639993906021118
6580,6319,occlusion_1,0.5896646223962307,0.7064751215279103,0.9291279911994934
6581,2388,occlusion_1,0.9130974821746349,0.08933338057249784,0.981386125087738
6582,4466,occlusion_1,0.13185835921246072,0.1626754866346069,0.6251521110534668
6583,4505,occlusion_1,0.28188578933477404,0.22812428534030915,0.4783322513103485
6584,1606,occlusion_1,-0.2527304512003194,-0.06844339940858923,0.10731622576713562
6585,2147,occlusion_1,0.5920824431456052,0.29308228538586545,0.9957866072654724
6586,36,occlusion_1,0.3247827649116516,0.11061496138572693,0.7849873304367065
6587,9147,occlusion_1,0.8932340929195994,0.8382058496631327,0.9876518249511719
6588,761,occlusion_1,0.8901116543287493,0.5683959560549777,0.9979817867279053
6589,5268,occlusion_1,0.769865402195137,0.6580546007025987,0.8945633172988892
6590,3038,occlusion_1,0.6492297129173364,0.7311735552336488,0.9610539078712463
6591,5503,occlusion_1,0.32750559282990604,0.47578886781747526,0.6758103370666504
6592,5228,occlusion_1,0.4385881452933596,0.3823650345720094,0.5483237504959106
6593,1623,occlusion_1,0.542692183152489,0.28331033820691315,0.9968398809432983
6594,577,occlusion_1,0.8019569776952267,0.39346070489024415,0.9675679206848145
6595,6426,occlusion_1,0.5378093493395838,0.22672522684623456,0.9619170427322388
6596,8087,occlusion_1,0.6422225890779182,0.7550175017432162,0.9846664667129517
6597,8536,occlusion_1,0.493611241877079,0.23072743713855742,0.9387348890304565
6598,9564,occlusion_1,0.12751388073795372,0.21748923717273605,0.4370931386947632
6599,2232,occlusion_1,0.06282316095062665,-0.2647062483287993,0.3978745937347412
6600,2319,occlusion_1,0.8560245873406529,0.77965582087636,0.9942792654037476
6601,5707,occlusion_1,0.613191768527031,0.35193723186533504,0.986215353012085
6602,9690,occlusion_1,-0.16159096554569577,0.24776415170534796,0.45669791102409363
6603,5306,occlusion_1,0.41669685589639766,0.17689469613526998,0.8658899068832397
6604,7938,occlusion_1,0.43811076016802536,0.2979638329462001,0.6347065567970276
6605,2167,occlusion_1,0.5158210762522437,0.22428274154663086,0.9489302635192871
6606,637,occlusion_1,0.532639707873265,0.18033529917399088,0.8737105131149292
6607,8668,occlusion_1,0.8589549170434475,0.6999547204375267,0.9948306679725647
6608,5594,occlusion_1,0.012941885207380568,-0.11698830021279198,0.2454535961151123
6609,6555,occlusion_1,0.8718819407125314,0.7851299202690522,0.9992978572845459
6610,8098,occlusion_1,-0.43382049947977064,-0.5826502811163664,0.09618464857339859
6611,47,occlusion_1,-0.36973288830588846,-0.043842891121611875,0.07114753127098083
6612,5505,occlusion_1,0.8665270076266357,0.8061803847196556,0.9890602827072144
6613,9196,occlusion_1,0.3105751264553804,0.05452616398151104,0.7533429861068726
6614,8416,occlusion_1,0.7340878222603351,0.6665596614845775,0.9473087787628174
6615,4509,occlusion_1,0.6494610764086246,0.7425542019307614,0.9788893461227417
6616,2638,occlusion_1,0.2520422234254725,-0.044134648407206815,0.638161838054657
6617,8708,occlusion_1,0.025873267091810703,-0.04127920847386122,0.13412760198116302
6618,8476,occlusion_1,0.8916418219662525,0.8391151126812805,0.9911621809005737
6619,3080,occlusion_1,0.8188654998938243,0.8424629139403502,0.9906973838806152
6620,2870,occlusion_1,-0.19762910157442093,-0.08932769484817982,0.12925128638744354
6621,2213,occlusion_1,0.737290984896176,0.7422346946071176,0.9881437420845032
6622,6043,occlusion_1,0.6531974060460926,0.7528109222650528,0.9816153645515442
6623,3798,occlusion_1,-0.25349898015459377,-0.33353305980563164,0.20547634363174438
6624,7972,occlusion_1,-0.2458089841529727,0.012006561388261616,0.14674974977970123
6625,5739,occlusion_1,0.9107460657134652,0.8125813454389572,0.999695897102356
6626,4822,occlusion_1,0.8737672523540609,0.6739011196529164,0.9887875914573669
6627,9067,occlusion_1,0.6226820759475231,0.6624217173084617,0.9604967832565308
6628,5799,occlusion_1,0.7948664349193374,0.11368813303609689,0.9777346253395081
6629,7482,occlusion_1,0.7122682680686315,0.7141420970360438,0.9569826126098633
6630,2114,occlusion_1,0.15302336484193801,-0.008988242447376251,0.25311779975891113
6631,1112,occlusion_1,0.5217038969198863,0.6359316746393839,0.9014387726783752
6632,8178,occlusion_1,0.8960344736342845,0.8425672072107377,0.9973340034484863
6633,3717,occlusion_1,0.8787979553594734,0.7774328484453938,0.9932819604873657
6634,713,occlusion_1,0.3474265571151461,0.024666483913149153,0.7670185565948486
6635,872,occlusion_1,-0.2733563304775291,-0.028687186539173126,0.1304614543914795
6636,1149,occlusion_1,0.9112868160009384,0.7827614669998487,0.9999247789382935
6637,9299,occlusion_1,0.5943210041522979,0.7750649845600128,0.9944186210632324
6638,5663,occlusion_1,0.25850640929171015,0.0709116565329688,0.5780981183052063
6639,8167,occlusion_1,0.536547743848392,0.2720799417722793,0.990050733089447
6640,3315,occlusion_1,0.8039439405005295,0.7289565635146573,0.9063583016395569
6641,4588,occlusion_1,0.041496737135781184,-0.09433724372475236,0.4166889488697052
6642,5098,occlusion_1,-0.5875923931598663,-0.0051657423377037045,0.18433299660682678
6643,6077,occlusion_1,0.131650210916996,0.18125847801566125,0.4263576567173004
6644,7966,occlusion_1,0.613504096865654,0.6329166833311319,0.93751460313797
6645,1020,occlusion_1,0.5907028559595346,0.7024700585752726,0.9254239201545715
6646,4102,occlusion_1,0.37691412609199,0.1972235019864707,0.6971742510795593
6647,5368,occlusion_1,0.1780213209298941,-0.0015893853627718412,0.6465386748313904
6648,6543,occlusion_1,0.8746441209624554,0.8131520035194939,0.9963527917861938
6649,958,occlusion_1,0.8547196743388971,0.8583486969272296,0.9975054860115051
6650,3846,occlusion_1,0.3619077164265845,0.4992092487712701,0.7814794778823853
6651,2748,occlusion_1,0.5324766489074511,0.607078851584126,0.8782135248184204
6652,4710,occlusion_1,-0.08247210409691823,-0.08735341631940433,0.0542839951813221
6653,8279,occlusion_1,0.6942071275164684,0.7470059177527825,0.9584804177284241
6654,586,occlusion_1,-0.05995491581658522,0.1899775229394436,0.41410762071609497
6655,1817,occlusion_1,0.8704702944960445,0.7528574482670852,0.9875640273094177
6656,782,occlusion_1,0.871083243491335,0.7709856389297379,0.9924305081367493
6657,8241,occlusion_1,0.4606860094901287,0.20648468579306747,0.6246086359024048
6658,335,occlusion_1,0.919693172423412,0.5100212745044542,0.981814444065094
6659,3755,occlusion_1,0.8795055215331641,0.6153438009999015,0.9859071969985962
6660,2191,occlusion_1,0.4521770056556253,0.5148409504224273,0.9978454113006592
6661,9214,occlusion_1,-0.25945026072717847,-0.15460155123756045,0.09337727725505829
6662,5205,occlusion_1,0.6227274080248255,0.7479927828045267,0.9603605270385742
6663,6073,occlusion_1,0.5833501033484936,0.6786264814436436,0.925030529499054
6664,23,occlusion_1,-0.48543404437163296,-0.3904198515502846,0.10098614543676376
6665,4923,occlusion_1,0.8432454672806403,0.7932245836538427,0.9938667416572571
6666,4556,occlusion_1,0.5123323781622781,0.2454958955446879,0.991468071937561
6667,2012,occlusion_1,0.8579516317516279,0.6958245506080297,0.9569336771965027
6668,381,occlusion_1,0.27078072329362235,0.2546152859926224,0.5377267599105835
6669,3127,occlusion_1,0.12835892592556775,-0.02511110110208392,0.21086691319942474
6670,6398,occlusion_1,0.4742231883785941,0.2613151181827892,0.9335101246833801
6671,1981,occlusion_1,0.6201879286340305,0.4144673975450652,0.9862580299377441
6672,3095,occlusion_1,0.6777976080775261,0.758511005079045,0.9904161691665649
6673,6758,occlusion_1,0.6318335151299834,0.6914732581935823,0.9293539524078369
6674,2025,occlusion_1,0.8915393710136413,0.7190701430042584,0.9757044315338135
6675,9398,occlusion_1,0.6445553705972784,0.7527366420801949,0.9971182346343994
6676,5100,occlusion_1,0.583091561216861,0.707958254031837,0.9863613843917847
6677,3526,occlusion_1,0.45628934850295383,0.5054510798719194,0.8099152445793152
6678,7532,occlusion_1,0.8808353273641496,0.8731518297323159,0.9993316531181335
6679,3007,occlusion_1,0.38289401551772806,0.07034688674170396,0.7327895760536194
6680,1084,occlusion_1,0.22887826053535237,-0.11534237335709964,0.3996957242488861
6681,9837,occlusion_1,-0.40221549073855084,-0.43857948537226077,0.20937994122505188
6682,9258,occlusion_1,0.5390523963031315,0.23234201329095022,0.9353708624839783
6683,4503,occlusion_1,0.8617163570597768,0.8009530073031783,0.9947574138641357
6684,1575,occlusion_1,0.4550721328705549,0.2216373197734356,0.9550421833992004
6685,3091,occlusion_1,-0.09999476373195648,-0.19157235622406005,0.30640462040901184
6686,2484,occlusion_1,0.7215540140867234,0.558122269064188,0.9769773483276367
6687,4489,occlusion_1,0.8554258444124744,0.6940834100934721,0.9988059997558594
6688,5070,occlusion_1,0.7112009883858263,0.7727320552803576,0.9848760366439819
6689,5669,occlusion_1,0.25172594162049117,0.13378491666581896,0.3669483959674835
6690,2138,occlusion_1,0.8767685695834782,0.7579785669627397,0.9810258746147156
6691,6580,occlusion_1,0.649099027471883,0.7377951485770089,0.983851969242096
6692,2516,occlusion_1,-0.30883641839027404,-0.07798161320388317,0.09859773516654968
6693,9154,occlusion_1,-0.3195395016670227,-0.04706460118293762,0.15521340072155
6694,5456,occlusion_1,0.6366546480428605,0.7574646309727714,0.9861055016517639
6695,3433,occlusion_1,0.8811684696453825,0.5317569149329382,0.9945763349533081
6696,3989,occlusion_1,0.2608930708633529,0.34763120032019085,0.5870220065116882
6697,7422,occlusion_1,0.8177453389634257,0.7822359563863795,0.9376877546310425
6698,5009,occlusion_1,0.890032577617415,0.8112996135806215,0.9997223019599915
6699,1458,occlusion_1,0.8588626051632067,0.7011460267007351,0.9969890713691711
6700,952,occlusion_1,0.1064711335030469,0.46678875043818896,0.5464771389961243
6701,9718,occlusion_1,0.45946825962317617,0.21899197603526868,0.9384208917617798
6702,960,occlusion_1,0.574959543974776,0.3153305492903057,0.9771338105201721
6703,7273,occlusion_1,0.29034828196745366,0.15104681067168713,0.39964550733566284
6704,765,occlusion_1,0.520926933735609,0.2561792954802513,0.9818745851516724
6705,8316,occlusion_1,0.09317028010264039,-0.2524368902668357,0.39701390266418457
6706,3400,occlusion_1,0.8668088300619274,0.674509323719475,0.9701642990112305
6707,2316,occlusion_1,-0.17647231370210648,-0.08764668520201337,0.03669475018978119
6708,9465,occlusion_1,0.6128683673590422,0.23585334300994873,0.9988333582878113
6709,9346,occlusion_1,0.37935996268476757,0.22176792791911534,0.9275538921356201
6710,7835,occlusion_1,0.5341777972877025,0.27535251528024673,0.9367042183876038
6711,4032,occlusion_1,0.35765345493952433,0.14361135959625243,0.851252555847168
6712,2029,occlusion_1,0.5350244044370595,0.21727693506649562,0.8864477872848511
6713,4718,occlusion_1,0.912506525462959,0.799217308871448,0.9998941421508789
6714,286,occlusion_1,-0.330490532246503,-0.27717974849722604,0.20403718948364258
6715,908,occlusion_1,0.5398519383195568,0.3122141694321352,0.994857907295227
6716,1482,occlusion_1,-0.19696990942413156,-0.034028031609275124,0.08669696003198624
6717,9660,occlusion_1,0.5652063695403436,0.20627912133932114,0.9428256154060364
6718,4712,occlusion_1,0.04216206765600613,0.11638121023064568,0.270624041557312
6719,2133,occlusion_1,0.5920646771788597,0.6831741765141487,0.9553066492080688
6720,9608,occlusion_1,0.17249565720558166,0.13516510725021363,0.6756927371025085
6721,9774,occlusion_1,0.004409250989556313,-0.07890372052788734,0.39331111311912537
6722,9211,occlusion_1,0.5783112386862437,0.648080027103424,0.9678144454956055
6723,563,occlusion_1,-0.33876254571520764,-0.010579489495443262,0.14442920684814453
6724,291,occlusion_1,0.5075145065784454,0.18347047588654927,0.8519404530525208
6725,1713,occlusion_1,0.6002838537096977,0.7540469732549455,0.9778411984443665
6726,4012,occlusion_1,0.6105568110942841,0.7435488067567348,0.9601817727088928
6727,8922,occlusion_1,0.5466870084637776,0.49178377306088805,0.7143899202346802
6728,169,occlusion_1,0.629641040283091,0.7539389755795983,0.9849444031715393
6729,267,occlusion_1,0.8785966740864696,0.713242729279128,0.9952079653739929
6730,9144,occlusion_1,0.670714553197225,0.7389504472414653,0.9903740882873535
6731,3172,occlusion_1,0.555718794465065,0.3051401227712631,0.9904276132583618
6732,2286,occlusion_1,0.5866249203681946,0.33629436655478046,0.9918660521507263
6733,315,occlusion_1,0.8923700043842906,0.848875064935003,0.9974621534347534
6734,8046,occlusion_1,0.6049076654016972,0.7050553423662981,0.9726502895355225
6735,8822,occlusion_1,0.6092038075016304,0.48295991630716756,0.9985995888710022
6736,245,occlusion_1,0.8998909034424022,0.6962515261645118,0.9870147705078125
6737,5186,occlusion_1,0.46333640627563,0.23733871057629585,0.964245080947876
6738,5421,occlusion_1,-0.04810515128903919,-0.4663229987577156,0.1725240796804428
6739,6065,occlusion_1,0.9013270518702009,0.8141765539412913,0.9992849230766296
6740,50,occlusion_1,0.8933981407433749,0.8059750471796309,0.9963449835777283
6741,3021,occlusion_1,0.8824712683757147,0.8514189866681894,0.999884843826294
6742,7028,occlusion_1,0.49073271950085956,0.23097807389718514,0.9467214345932007
6743,1372,occlusion_1,0.49517328139733185,0.22668384151025253,0.9093149900436401
6744,4176,occlusion_1,0.847034664824605,0.8334304181858897,0.9995517134666443
6745,2470,occlusion_1,0.6983697366501603,0.5110573066132409,0.9739258885383606
6746,8000,occlusion_1,0.1055400421222051,0.13412038485209146,0.6186632513999939
6747,6156,occlusion_1,0.6551083521917462,0.7389397835358977,0.986234188079834
6748,1498,occlusion_1,0.6149201183407395,0.27284019302438806,0.9896008372306824
6749,5868,occlusion_1,0.6165357374896606,0.7495208610263135,0.9864418506622314
6750,1963,occlusion_1,0.5889420881867409,0.19752949476242065,0.9039415121078491
6751,248,occlusion_1,0.8813415538519621,0.8171111138537526,0.9746379256248474
6752,4771,occlusion_1,0.6951681370181697,0.2639095414252508,0.976798415184021
6753,1277,occlusion_1,0.008772245224784403,-0.22742075955166535,0.45159438252449036
6754,4905,occlusion_1,0.37206404887396716,0.14394955182897634,0.7849739193916321
6755,8025,occlusion_1,0.8810228959080719,0.7584118216875053,0.9910145401954651
6756,2110,occlusion_1,0.4949256666004658,0.18564114222923914,0.8962140083312988
6757,9776,occlusion_1,0.5507482261426987,0.28104774990389425,0.9779263138771057
6758,2945,occlusion_1,0.3912534046297272,0.06311757365862529,0.7681790590286255
6759,6249,occlusion_1,0.8824942488419382,0.8077941752578083,0.9979444146156311
6760,7023,occlusion_1,0.6236165606457255,0.6995469953702844,0.9734395146369934
6761,795,occlusion_1,0.4833708169559638,0.47156721198310453,0.5981930494308472
6762,9717,occlusion_1,0.3528937923411528,0.055353931585947674,0.6705142259597778
6763,7908,occlusion_1,0.8677406279104096,0.8043919478410057,0.9845788478851318
6764,5371,occlusion_1,0.6188043815394243,0.6969967923230596,0.920927107334137
6765,9655,occlusion_1,0.9101883384229784,0.7673099772496657,0.9998300075531006
6766,447,occlusion_1,0.6801885530866426,0.7190729261472307,0.9858595728874207
6767,2968,occlusion_1,0.6352250476024652,0.699625446608192,0.948364794254303
6768,2152,occlusion_1,0.8794764601018118,0.8661751235308854,0.9996750354766846
6769,7838,occlusion_1,0.5849654817062876,0.2774406671524048,0.9967185854911804
6770,4852,occlusion_1,0.8775966361475488,0.6678603117664655,0.999956488609314
6771,5157,occlusion_1,0.5282046749360032,0.28657168370706065,0.9914587736129761
6772,683,occlusion_1,-0.18682780399918555,-0.23142317771911622,0.21639196574687958
6773,8118,occlusion_1,0.858705982018043,0.39338857373770547,0.9902215003967285
6774,6681,occlusion_1,0.580933024485906,0.23230756521224977,0.9824116826057434
6775,5741,occlusion_1,0.21346642697850862,0.11067917384207249,0.3019848167896271
6776,1488,occlusion_1,0.17251345240756086,0.16680319685685008,0.437333881855011
6777,3077,occlusion_1,-0.08393930769976109,0.13321329677297222,0.3149726390838623
6778,3905,occlusion_1,0.6385670140749071,0.7669584140544985,0.972572386264801
6779,8594,occlusion_1,0.5891936164010655,0.2724558115005493,0.9640664458274841
6780,318,occlusion_1,0.6258927588501284,0.7567528712172662,0.9885116815567017
6781,856,occlusion_1,0.07463420828183492,-0.05133618873854478,0.18446047604084015
6782,7743,occlusion_1,-0.2474816790942488,-0.06277384018075877,0.08176906406879425
6783,2770,occlusion_1,0.6600650429725647,0.6949097620589393,0.8949626088142395
6784,3566,occlusion_1,0.6125778008033248,0.3514663892633775,0.9915398955345154
6785,376,occlusion_1,0.5106894836894104,0.2767224812081882,0.9263660907745361
6786,410,occlusion_1,0.6900207182495959,0.6428384002712038,0.8114980459213257
6787,2405,occlusion_1,0.5413550537079572,0.26250455975532533,0.9817533493041992
6788,3776,occlusion_1,0.6954504579305649,0.7477263321479162,0.9933556318283081
6789,3946,occlusion_1,0.8513707841436068,0.8335821643057797,0.9996417760848999
6790,1111,occlusion_1,0.8628799762310726,0.7624453370060239,0.9956684112548828
6791,7660,occlusion_1,0.2955117668860998,0.09505545634489793,0.7204117774963379
6792,8001,occlusion_1,0.9151098817986038,0.6955417958753449,0.997925877571106
6793,2288,occlusion_1,0.40242157583790167,0.48986158041017397,0.754895806312561
6794,2127,occlusion_1,0.756580279298562,0.6586473870860494,0.8519651293754578
6795,5581,occlusion_1,0.6472430985707504,0.6979618697212293,0.9685426354408264
6796,8256,occlusion_1,0.05517811156236208,-0.13776704668998718,0.5436399579048157
6797,6751,occlusion_1,0.5901500026384989,0.6373377571503321,0.9856175780296326
6798,9399,occlusion_1,0.436653593984934,0.21103331332023328,0.8868210315704346
6799,2233,occlusion_1,0.661050039632567,0.7848848448745136,0.9889618754386902
6800,5550,occlusion_1,0.5565473483875394,0.559855573810637,0.8548498153686523
6801,274,occlusion_1,0.5662332761746186,0.3156738097851093,0.9979081153869629
6802,2344,occlusion_1,0.7173257641494274,0.3898792391022046,0.9465230703353882
6803,1568,occlusion_1,0.08833221637684366,0.4511822737429453,0.7097077369689941
6804,3133,occlusion_1,0.6140136930978659,0.30518868836489593,0.979721188545227
6805,6178,occlusion_1,0.7645072595161551,0.17352364519063165,0.8688144087791443
6806,7955,occlusion_1,0.47145533561706543,0.5991281494498253,0.8337618708610535
6807,7820,occlusion_1,0.6572964477539063,0.7198840159177781,0.982063889503479
6808,9415,occlusion_1,0.9074292413338467,0.4339589799443881,0.9954937696456909
6809,2574,occlusion_1,0.38899619533465457,0.11216764152050018,0.7883406281471252
6810,965,occlusion_1,0.4652110827820642,0.27679588965007235,0.9786699414253235
6811,2291,occlusion_1,0.8181053284788504,0.6831879794287185,0.90224289894104
6812,5375,occlusion_1,0.19912130509813628,0.011756024012962977,0.5908000469207764
6813,6670,occlusion_1,0.5601742340340501,0.31490132886739003,0.968881368637085
6814,8955,occlusion_1,0.7090258918426655,0.6049059198962318,0.8037341833114624
6815,8059,occlusion_1,0.6971657716203481,0.7621062495745718,0.9912788271903992
6816,2755,occlusion_1,0.6139566756060554,0.7042297091748979,0.9032981395721436
6817,4474,occlusion_1,0.4166828644275665,0.12900060415267944,0.7953056693077087
6818,3910,occlusion_1,0.5772705514516149,0.588945137070758,0.9378650188446045
6819,2002,occlusion_1,0.4048614550162764,0.23070203819695642,0.8289540410041809
6820,4794,occlusion_1,0.6028516860235305,0.6370785179592314,0.9119209051132202
6821,8644,occlusion_1,0.48161792755126953,0.24607305268983584,0.9339882731437683
6822,6394,occlusion_1,0.4796342446722768,0.21396157145500183,0.8722755908966064
6823,5339,occlusion_1,0.778292083976102,0.713250957429409,0.8894105553627014
6824,1730,occlusion_1,0.8056641512040822,0.7875048193447994,0.9917603135108948
6825,2360,occlusion_1,-0.008443138308145783,0.11408593979748813,0.3293505012989044
6826,9379,occlusion_1,0.8934713993221521,0.8352325176820159,0.9933706521987915
6827,9058,occlusion_1,0.870195523214837,0.7768710261831681,0.9902167320251465
6828,9028,occlusion_1,0.18762479970852533,-0.02103763756652673,0.4510492980480194
6829,7579,occlusion_1,0.8979405638846484,0.8410824574530125,0.9961950778961182
6830,6428,occlusion_1,0.6518557981440896,0.27329085061424657,0.971828043460846
6831,1068,occlusion_1,0.8977919507183527,0.8011322274411979,0.9780769348144531
6832,5337,occlusion_1,-0.17198746312748303,-0.16614621809937738,0.3020440936088562
6833,1071,occlusion_1,0.887650198613604,0.6924958381180962,0.9981143474578857
6834,9456,occlusion_1,0.9162612736981828,0.8473186370295783,0.9953528642654419
6835,5020,occlusion_1,0.5600023809820414,0.24328811466693878,0.9738432765007019
6836,2115,occlusion_1,0.027514734753855952,0.38756008446216583,0.6062835454940796
6837,5910,occlusion_1,0.6724363733683864,0.31976093207636186,0.9968950748443604
6838,8448,occlusion_1,-0.3511206247976848,0.0393625340291432,0.2818126976490021
6839,3132,occlusion_1,0.6439864810170799,0.7172023982837282,0.923084020614624
6840,7703,occlusion_1,-0.31791478395462036,-0.03172825276851654,0.15116360783576965
6841,474,occlusion_1,0.5546991360252318,0.30024784025938617,0.9717239141464233
6842,8441,occlusion_1,-0.40014928738985744,-0.22044168785214424,0.024857155978679657
6843,7584,occlusion_1,0.5418319694305721,0.6570376494997426,0.921665608882904
6844,3085,occlusion_1,0.4089513131133888,0.3684226593569569,0.5184956789016724
6845,8856,occlusion_1,0.13813402787560508,-0.037143559682936894,0.4781254529953003
6846,5936,occlusion_1,0.8762780520319938,0.7114318087697029,0.973821759223938
6847,3397,occlusion_1,0.694444983266294,0.720782358199358,0.9769428968429565
6848,4309,occlusion_1,0.4914201370307377,0.5909968784877232,0.8095138072967529
6849,6169,occlusion_1,0.6912355130538345,0.744145704805851,0.994187593460083
6850,3693,occlusion_1,0.4567071040471395,0.24936639070510863,0.9256685972213745
6851,1691,occlusion_1,-0.29213008722838235,-0.2221287602887434,0.14902356266975403
6852,4333,occlusion_1,0.6378180532035633,0.6987953919630784,0.909866213798523
6853,9574,occlusion_1,0.8308634271760866,0.7121506402889888,0.945906937122345
6854,8619,occlusion_1,0.5989948298249926,0.7178053025688443,0.9517980217933655
6855,6832,occlusion_1,0.3388539579781619,0.11032586206089366,0.7045003175735474
6856,3795,occlusion_1,-0.5511344306563076,-0.49495603732372584,0.05419795960187912
6857,4649,occlusion_1,0.4546596429177693,0.7754235693386623,0.9837080836296082
6858,9226,occlusion_1,0.5829360985921489,0.3850150153868728,0.6735894083976746
6859,7372,occlusion_1,0.46609031539390283,0.3111640872626469,0.5677493810653687
6860,4929,occlusion_1,0.5113187411701993,0.31429304104102285,0.7012296915054321
6861,4233,occlusion_1,0.4335720852017403,0.03937517404556275,0.6646116971969604
6862,1145,occlusion_1,0.9053469481212753,0.8558895691697087,0.9983382225036621
6863,3111,occlusion_1,0.2671018041232053,0.3524835293783861,0.5777385234832764
6864,8737,occlusion_1,0.4473509969455855,0.14145820197604952,0.8522177934646606
6865,2592,occlusion_1,0.23187408123963646,0.28136870371443884,0.4835042357444763
6866,9142,occlusion_1,0.8977949187392369,0.7610953478142619,0.9996252059936523
6867,624,occlusion_1,-0.5134275384247303,-0.5669489108026028,0.02195855602622032
6868,9043,occlusion_1,0.6111778439463753,0.6844456007606105,0.9102703928947449
6869,3283,occlusion_1,0.483302294380135,0.5541703609956635,0.8493446707725525
6870,6341,occlusion_1,0.513008518020312,0.6031806925932567,0.8738074898719788
6871,7522,occlusion_1,0.6178977787494659,0.6926250042099702,0.9682899713516235
6872,9585,occlusion_1,0.523067564368248,0.23971598625183105,0.9512042999267578
6873,7440,occlusion_1,0.3909326671407773,0.22051135221352944,0.8528537154197693
6874,668,occlusion_1,0.5453364789485932,0.3284632069723947,0.9840117692947388
6875,6750,occlusion_1,0.4783915161867352,0.4241972460466273,0.5618546009063721
6876,5165,occlusion_1,0.4050377799341312,0.2214674697472499,0.7988958954811096
6877,5279,occlusion_1,0.17903828904742286,0.4250586534894648,0.521725594997406
6878,582,occlusion_1,0.5123199187219143,0.2651674581898583,0.883767306804657
6879,3945,occlusion_1,0.49108591344621444,0.13386481338077122,0.894789457321167
6880,7688,occlusion_1,0.581425318937926,0.16947147675922938,0.8483998775482178
6881,7614,occlusion_1,0.7621733906368414,0.5971537989874681,0.9850884079933167
6882,1208,occlusion_1,0.6045020408928394,0.7123550157994032,0.9708318114280701
6883,7944,occlusion_1,0.7678385555191198,0.6820013569667935,0.8658108711242676
6884,5030,occlusion_1,0.3876523619983345,0.438637625426054,0.7373180389404297
6885,76,occlusion_1,0.651988326233219,0.6982507265426896,0.9731489419937134
6886,6693,occlusion_1,0.5586807499913609,0.6766506389659994,0.9583650827407837
6887,9478,occlusion_1,0.890358054637909,0.7844928119331598,0.9984384179115295
6888,9464,occlusion_1,0.8919789398399492,0.7751300058638056,0.9988177418708801
6889,1175,occlusion_1,0.910591752268374,0.8127427524221795,0.9964763522148132
6890,592,occlusion_1,0.6373097687959671,0.7432282149791718,0.9891987442970276
6891,3774,occlusion_1,0.27016585085287015,-0.041138204661282624,0.37255358695983887
6892,5676,occlusion_1,0.8968903377119984,0.7156344713377101,0.982049286365509
6893,7362,occlusion_1,-0.0545888634191619,-0.16684874229960972,0.36417362093925476
6894,1470,occlusion_1,0.6297220122814179,0.728213649392128,0.9493246674537659
6895,705,occlusion_1,0.8702731363475322,0.8247556040684382,0.9831666350364685
6896,1688,occlusion_1,0.5613189103399835,0.26290780741993974,0.9499217867851257
6897,4828,occlusion_1,-0.1622655151978783,-0.19336903224820676,0.1867298036813736
6898,5386,occlusion_1,0.8576666504086461,0.6922005699016154,0.9955139756202698
6899,4564,occlusion_1,0.5979745709582379,0.5456579282487694,0.8107433915138245
6900,7450,occlusion_1,0.34300280788115095,0.07549300576959338,0.7011708617210388
6901,9324,occlusion_1,0.12212956338017075,0.30025816294882035,0.7953957915306091
6902,4747,occlusion_1,0.8257308142553819,0.7036689688500605,0.9911973476409912
6903,4303,occlusion_1,0.9007669454177601,0.797840184261722,0.9996230602264404
6904,6460,occlusion_1,0.7245821764363962,0.1811840516679427,0.7936564087867737
6905,6239,occlusion_1,0.6260387636721134,0.7254866668406654,0.9641647338867188
6906,7766,occlusion_1,0.8876832715339131,0.848769497540262,0.9988692402839661
6907,6739,occlusion_1,0.5486593778160486,0.27330205115405,0.9684213399887085
6908,8336,occlusion_1,0.6573827538107123,0.7165751356099334,0.9708681106567383
6909,3464,occlusion_1,0.619416540954262,0.5791569016873837,0.9286491870880127
6910,1509,occlusion_1,0.891690482031554,0.8058322465419769,0.9998621940612793
6911,4978,occlusion_1,0.8773331964208234,0.4060116407852019,0.9986442923545837
6912,6008,occlusion_1,0.8130254517826769,0.7828881897860103,0.987065315246582
6913,5730,occlusion_1,0.9230965160365615,0.8114217632849302,0.9983402490615845
6914,8334,occlusion_1,0.5134224343475782,0.2526276616586579,0.5701493620872498
6915,4883,occlusion_1,0.6267116576433182,0.7328817553818225,0.9513612389564514
6916,9740,occlusion_1,-0.04305282292457727,0.019927538358248197,0.2310066819190979
6917,3299,occlusion_1,0.5554366633296013,0.6196768817802271,0.9154351949691772
6918,594,occlusion_1,0.17910013237485178,0.211061905655596,0.49561581015586853
6919,5521,occlusion_1,0.20511607453227043,0.31256006968518096,0.5253437161445618
6920,6867,occlusion_1,0.421919223485571,0.24901212616400284,0.8798378109931946
6921,7999,occlusion_1,0.6922543847135135,0.7212214796316057,0.9797606468200684
6922,7073,occlusion_1,0.8564629578204067,0.8310648721677286,0.9726623892784119
6923,2876,occlusion_1,0.6270210225135088,0.7083197198808193,0.9130256175994873
6924,5595,occlusion_1,0.7040760835202841,0.6349334659484717,0.7676864266395569
6925,8508,occlusion_1,0.872918525267215,0.7533176479240259,0.9972662925720215
6926,9525,occlusion_1,0.8506223074619885,0.7882200600327672,0.9630944728851318
6927,4335,occlusion_1,0.47000543715862125,0.18894410133361816,0.8478489518165588
6928,4540,occlusion_1,0.059940590902611064,0.407626383834415,0.6004884243011475
6929,10,occlusion_1,0.40169633980150576,0.4228260997268889,0.6812614798545837
6930,8757,occlusion_1,0.3564233337387894,0.5493334233760834,0.7786079049110413
6931,1217,occlusion_1,0.49859921137491864,0.24487258990605673,0.9339421987533569
6932,1224,occlusion_1,0.7998054798530496,0.6356342609809793,0.9364364743232727
6933,3206,occlusion_1,0.7989473484340124,0.7272969400510192,0.8921815752983093
6934,93,occlusion_1,-0.04030634527621062,-0.10724699481025986,0.2665877938270569
6935,8057,occlusion_1,0.1982009266104017,0.00551981840814863,0.6329444646835327
6936,2455,occlusion_1,0.8887016822329976,0.5150176300243898,0.9824633598327637
6937,1247,occlusion_1,0.29095467994291635,0.17522182527023392,0.3819084167480469
6938,2251,occlusion_1,0.40318600502279067,0.5200541656878259,0.7610036134719849
6939,6380,occlusion_1,-0.013012086706502097,-0.31028616428375244,0.37548884749412537
6940,4708,occlusion_1,-0.15688066679085122,-0.0992845637916491,0.022129839286208153
6941,7864,occlusion_1,0.3178001676569693,0.24427815712988377,0.42131784558296204
6942,3916,occlusion_1,0.6936371659531313,0.6700134461416918,0.9908962845802307
6943,3105,occlusion_1,-0.0015200874768197536,-0.3552529290318489,0.30328264832496643
6944,292,occlusion_1,0.8189869736390257,0.6794931682999488,0.9373753666877747
6945,7616,occlusion_1,0.8998596116545654,0.8069350942969322,0.9996926784515381
6946,2083,occlusion_1,-0.37638350491012845,-0.003502345085144043,0.08841691166162491
6947,4381,occlusion_1,0.4170446985711654,0.3462363587071498,0.5731322765350342
6948,4291,occlusion_1,0.6423668684437871,0.7570745721459389,0.999386191368103
6949,5404,occlusion_1,0.33206744968891144,0.020119936466217042,0.6997650265693665
6950,6637,occlusion_1,-0.19648862686498383,-0.1020957876339947,0.006928769405931234
6951,1090,occlusion_1,0.6101801027269924,0.7162303810610491,0.9400683641433716
6952,8570,occlusion_1,0.6128165312111378,0.7456132993102074,0.9879988431930542
6953,6206,occlusion_1,0.35748977729907405,0.1679725509423476,0.7637869715690613
6954,6843,occlusion_1,0.5273164050145582,0.22835604981942612,0.9432370662689209
6955,1078,occlusion_1,0.5382937964271096,0.6102363234933685,0.9937500357627869
6956,1188,occlusion_1,-0.08578230679035187,-0.3101873791217804,0.371249794960022
6957,3984,occlusion_1,0.6759133534850897,0.6199002561193926,0.8270280361175537
6958,1369,occlusion_1,0.8797069334171035,0.8109273163771088,0.9996086955070496
6959,8348,occlusion_1,0.8900838542197432,0.815642689753856,0.9983540773391724
6960,5987,occlusion_1,0.18525901257991792,0.02262999027967453,0.3073987364768982
6961,1599,occlusion_1,0.095412899409571,-0.18492311239242554,0.4253289997577667
6962,4573,occlusion_1,0.8814358324946269,0.7346213098777377,0.9986382126808167
6963,5173,occlusion_1,0.6897706458201776,0.6963306436171899,0.9896814227104187
6964,6459,occlusion_1,0.45728446543216705,0.22955314483907488,0.7572941780090332
6965,4404,occlusion_1,0.7699051240459085,0.7359186790883541,0.9096974730491638
6966,7585,occlusion_1,0.46730538374847835,0.18426608045895895,0.8842015266418457
6967,8225,occlusion_1,0.8623438467356291,0.7788653532889757,0.9761107563972473
6968,4209,occlusion_1,-0.45200894922018053,-0.10054690279066562,0.07258966565132141
6969,1418,occlusion_1,0.6313636953893461,0.7492379608907198,0.985499918460846
6970,3309,occlusion_1,0.5639407091907093,0.23953016102313995,0.9695686101913452
6971,9362,occlusion_1,0.0046869175774710515,0.0013442436854044597,0.5845239758491516
6972,6492,occlusion_1,0.4678758192393515,0.2594347463713752,0.947441041469574
6973,7841,occlusion_1,0.9243604429066181,0.7633599365750948,0.9986454844474792
6974,3037,occlusion_1,-0.34778564824507785,0.06567581950758512,0.1764560043811798
6975,1825,occlusion_1,0.5344300528367361,0.5592049360275269,0.8055851459503174
6976,3842,occlusion_1,0.7466308715908477,0.4699783306568861,0.8965687155723572
6977,4522,occlusion_1,-0.5529867829754949,-0.1277999881810198,0.014913300983607769
6978,1569,occlusion_1,-0.35541299544274807,-0.10820968573292096,0.08346115052700043
6979,1261,occlusion_1,0.5832816739566624,0.23433919250965118,0.9461262822151184
6980,4918,occlusion_1,0.6951355298303745,0.7586810751394792,0.9837623238563538
6981,5273,occlusion_1,0.6558464210141789,0.7420655899878704,0.9627588987350464
6982,2478,occlusion_1,0.7415084952586576,0.7551808067058262,0.9757039546966553
6983,5795,occlusion_1,0.5118810883723199,0.29131148631374043,0.9648255109786987
6984,6864,occlusion_1,0.5323493587970733,0.2451392436027527,0.9505975246429443
6985,1616,occlusion_1,0.19436466246843337,0.04476341952880224,0.625809907913208
6986,6913,occlusion_1,0.8630752348899842,0.7948266631364822,0.9678993225097656
6987,2236,occlusion_1,0.620618994469228,0.6639754733313685,0.9798816442489624
6988,7618,occlusion_1,0.6520752731491538,0.7468509218272041,0.9788611531257629
6989,5447,occlusion_1,0.7405803737302239,0.6314959864203746,0.986072301864624
6990,5554,occlusion_1,0.25359026298803444,0.10099814218633316,0.7767083644866943
6991,7212,occlusion_1,0.6917640428457942,0.5902366964589982,0.8002116680145264
6992,7352,occlusion_1,0.6771736093610525,0.7511887019872665,0.9880971908569336
6993,2533,occlusion_1,0.6295615928020419,0.6542673452598292,0.8414990901947021
6994,5950,occlusion_1,-0.37944189000588197,-0.04886997534105411,0.03144804388284683
6995,7947,occlusion_1,0.5763404004275798,0.2644628435373306,0.9980719089508057
6996,2689,occlusion_1,0.22135047117869058,-0.054827287793159485,0.6280073523521423
6997,3110,occlusion_1,0.6132132915350107,0.25840925253354585,0.9935632944107056
6998,4397,occlusion_1,0.4393130213022232,0.21853394746780397,0.8630474209785461
6999,2935,occlusion_1,0.5365403772642215,0.16047153373559317,0.9213789701461792
