,id,explanation_method,comprehensiveness,sufficiency,prob
0,9632,attention,0.7134288391814783,0.1647354570718912,0.9681628346443176
1,9282,attention,0.4435138671021712,0.11078800182593496,0.9990247488021851
2,106,attention,0.018499955775276307,-0.1949042764402205,0.15904000401496887
3,1446,attention,0.5662562734371906,0.22534900259327245,0.957824170589447
4,1513,attention,0.27934061253772063,0.5182616620817605,0.8942596316337585
5,6498,attention,0.17130020731373838,-0.24769360925021924,0.35145363211631775
6,6973,attention,0.6425741149910859,0.12496478855609894,0.9980524778366089
7,4952,attention,0.29364965991540387,0.40246575528925116,0.9622885584831238
8,8552,attention,0.6338335824283686,0.42264568737962027,0.9872360825538635
9,3027,attention,-0.11038112444312949,-0.3226759241599786,0.053609464317560196
10,2760,attention,0.48900689808651804,0.04648869782686234,0.7212817668914795
11,3060,attention,0.44117875950677055,0.46693325468472074,0.9723584055900574
12,33,attention,0.5948777667739812,0.42916493205463185,0.9623281955718994
13,1349,attention,0.6204643989913166,0.30099395227928954,0.8265097141265869
14,4934,attention,0.6802722009830177,0.09918690174818039,0.9679321050643921
15,2680,attention,0.46641125169492537,0.11049258612817334,0.9950430393218994
16,9074,attention,0.2809376335806317,0.6418186981851856,0.9623054265975952
17,5414,attention,0.32442845325720937,0.5890187294173398,0.9898973703384399
18,6663,attention,0.8178090984848413,0.697192572247745,0.9978005290031433
19,5286,attention,0.4081873446702957,0.5381456480289881,0.9718378782272339
20,3782,attention,0.25460831820964813,0.4953955511737149,0.9555014371871948
21,4516,attention,-0.3398337699472904,0.04550085426308215,0.26527026295661926
22,4554,attention,-0.03517134681991909,0.23607962157415308,0.5958682894706726
23,1595,attention,0.31083217377846056,0.5113425931105247,0.9713711738586426
24,3857,attention,0.6255847192028674,0.2811611523715461,0.9562403559684753
25,3337,attention,0.8612069514794991,0.14829960809304163,0.9958930015563965
26,9255,attention,0.36680833995342255,0.5351168815911348,0.9361338019371033
27,1383,attention,0.43718246986036713,0.22560196661430856,0.756279468536377
28,4860,attention,0.324390138898577,0.4364250733384064,0.9939751029014587
29,7275,attention,0.5850215463534646,0.20303136563819388,0.9952195286750793
30,8740,attention,0.7273172989953309,0.5786143913865089,0.9622189998626709
31,1155,attention,0.4767373819714007,0.23581351275029389,0.9724428653717041
32,6725,attention,0.6489553692794982,0.19829258251757848,0.8771812319755554
33,1076,attention,0.20816937940461294,0.2189555668405124,0.8524025678634644
34,3058,attention,0.6961673400119731,0.22421587768353915,0.9388748407363892
35,4586,attention,0.29647462169329325,0.39307580639918643,0.842685341835022
36,1791,attention,0.6769741015652051,0.36040060508709687,0.8261635899543762
37,6325,attention,0.6353542072077593,0.17821463743845622,0.9986565113067627
38,7506,attention,0.5420049064689212,0.25084884961446124,0.9964942336082458
39,6495,attention,0.5019010250505648,0.19498279377033836,0.9987700581550598
40,9542,attention,0.7375201598594063,0.2826636276747051,0.9656192660331726
41,4694,attention,0.6916796151668795,0.2514953132598631,0.9920693635940552
42,8369,attention,-0.3681983287549681,-0.07163522123462623,0.01818203367292881
43,7093,attention,0.1007257318406394,-0.020489942169550694,0.379228413105011
44,2794,attention,0.46386977447115857,0.4011729027590026,0.9661273956298828
45,39,attention,0.3070578892384806,0.4206250793931465,0.9776915311813354
46,7478,attention,-0.09086246492669862,-0.07788685194271452,0.03629209101200104
47,1253,attention,0.3909982967944372,0.3264263158752805,0.9669159650802612
48,360,attention,0.1917911186104729,0.41777737012931276,0.8149926066398621
49,9638,attention,0.5750822512699025,0.5363891986863953,0.8515133261680603
50,1726,attention,0.6889216728946742,0.41840726926046257,0.9851669669151306
51,439,attention,-0.22667370296337389,-0.45528773218393326,0.032697852700948715
52,5267,attention,-0.10588258329559774,0.03475094630437739,0.36365991830825806
53,4337,attention,0.3724681377410889,0.8597195153310895,0.9380333423614502
54,7724,attention,0.29680466651916504,0.38256092770741534,0.9108648300170898
55,7676,attention,0.5222806816299757,0.2888568510611852,0.9552843570709229
56,8913,attention,0.4297718061850621,0.4875683652666899,0.9871233701705933
57,2492,attention,0.7017150244861842,0.5105999386310578,0.8015820980072021
58,7462,attention,0.32042139768600464,0.444949885322289,0.9383172988891602
59,7430,attention,0.24719818588346243,0.2217230419628322,0.8598186373710632
60,6620,attention,0.41888304241001606,0.10615604184567928,0.962418794631958
61,6221,attention,0.39820576707522076,0.46210117762287456,0.9842601418495178
62,8844,attention,0.10763529484922235,0.3022261551919986,0.6842954158782959
63,4518,attention,0.5625573302308718,0.177055557568868,0.7940210103988647
64,1684,attention,0.7795974458789542,0.10914314360845656,0.989425539970398
65,29,attention,0.4664270381132762,0.29995155996746486,0.9986901879310608
66,6475,attention,0.585313910529727,0.057031692493529546,0.7889692783355713
67,6691,attention,-0.03930165498487411,-0.06546279788017273,0.5658720135688782
68,1747,attention,0.7342985180020333,0.09189953207969666,0.9513521194458008
69,5559,attention,0.32076164867196766,0.1322297900915146,0.9991921782493591
70,3325,attention,0.709499626327306,0.35147726386785505,0.8735811710357666
71,4525,attention,0.5599766994516054,0.28952280183633167,0.9951671361923218
72,5434,attention,0.7012455672762977,0.30791099555790424,0.9970090985298157
73,2129,attention,0.6786661259829998,0.18027183579074013,0.9861270189285278
74,5441,attention,0.3320698311200013,0.482085465478736,0.9363431930541992
75,9420,attention,-0.3908709655789768,0.03226648468305083,0.25969892740249634
76,1330,attention,0.7103408710099757,0.11540863960981369,0.9988986253738403
77,7369,attention,-0.6017230153083801,-0.05329676205292344,0.06309627741575241
78,2275,attention,0.5940964406027514,0.21036390171331518,0.9988258481025696
79,1765,attention,0.4150831116282422,0.29229967360911163,0.9983768463134766
80,9131,attention,0.6531830070347622,0.16692656484143487,0.991392970085144
81,6095,attention,0.4927026140301124,0.2841169672167819,0.7672213315963745
82,1263,attention,0.7324762856587768,0.21532146632671356,0.9291120767593384
83,1142,attention,0.6528593932881075,0.08413017847958733,0.9987917542457581
84,7797,attention,0.5640754070546892,0.1013484646876653,0.9992775321006775
85,4989,attention,0.11879382667041594,0.03753846835705542,0.35265183448791504
86,4395,attention,0.679294825616208,0.4530262169004841,0.9159936904907227
87,5333,attention,0.6723893429575996,0.09758070562825058,0.985869288444519
88,8163,attention,0.8286109267818657,0.07449385659261183,0.996148943901062
89,8995,attention,0.3798998673172558,0.510453503798036,0.8720892071723938
90,9568,attention,0.4440785656372706,0.637518669400985,0.9862967729568481
91,6098,attention,0.408267968119337,0.16067469779115456,0.7101991772651672
92,7278,attention,0.6509165356556574,0.3455662151177724,0.9797466993331909
93,1516,attention,0.672706501930952,0.31591399759054184,0.936162531375885
94,3501,attention,0.28782706814152853,0.5125448182225227,0.9401589035987854
95,4371,attention,0.38345134630799294,0.1929298397153616,0.5645428895950317
96,7736,attention,0.7703978678454524,0.5924949547194917,0.9857485890388489
97,1683,attention,-0.09924887418746949,0.2557743493467569,0.6186842322349548
98,1631,attention,0.7733552243028369,0.5804216578114956,0.9548134207725525
99,4601,attention,-0.04876861745311368,-0.1214089855071037,0.23664434254169464
100,6956,attention,0.6823821991682053,0.45737311005592346,0.9766616225242615
101,8482,attention,-0.378047634775822,0.03563217379343815,0.14265330135822296
102,9095,attention,0.2771783550580343,0.2952890872955322,0.9724326133728027
103,7344,attention,0.4419794303399545,0.17306672864490086,0.9950860142707825
104,1732,attention,0.6594065359005561,0.17228267055291396,0.8685068488121033
105,4373,attention,0.3452039090069858,0.492529968815771,0.9838618636131287
106,971,attention,0.3702538488432765,0.005589044652879238,0.8528238534927368
107,6578,attention,0.5540754728847079,0.514957448001951,0.8421292901039124
108,1453,attention,0.6405615861478605,0.15920195454045347,0.9988403916358948
109,80,attention,-0.21752913497454887,-0.21181244060530194,0.009197588078677654
110,8908,attention,0.6021865974454319,0.6143607227679562,0.9895087480545044
111,96,attention,0.5037530422210693,0.33113153725862504,0.9992652535438538
112,4376,attention,0.42094042667975795,0.2820183107486138,0.9677006602287292
113,3207,attention,0.5317268406643587,0.6473889293916085,0.943618893623352
114,6462,attention,0.31938380178283243,0.44719040218521566,0.9625318050384521
115,6220,attention,0.21860397110382715,0.505185885147916,0.8176868557929993
116,3279,attention,0.6185374329132693,0.25346075956310543,0.9982277750968933
117,8741,attention,0.8148042063283569,0.4480189152938478,0.9531933665275574
118,8758,attention,0.7496279197580674,0.23261547351584716,0.9484697580337524
119,5396,attention,0.527008484516825,0.3937075712851116,0.9956110119819641
120,2855,attention,0.7219745909174283,0.278295436501503,0.9624814391136169
121,1862,attention,0.25093830042871934,0.7418490431496295,0.9382230043411255
122,7659,attention,0.41655297073963526,0.3356129204904711,0.6496463418006897
123,8446,attention,0.5429754741489887,0.10888672806322575,0.999000608921051
124,5152,attention,0.8066739462040089,0.35505659767874964,0.9934417009353638
125,2903,attention,-0.24127335985039555,0.0063031285914570785,0.09596315026283264
126,7581,attention,0.7297801141937573,0.5652897335588932,0.9800508618354797
127,9431,attention,0.33061425300205455,0.7977061468443614,0.9518901109695435
128,8948,attention,0.38210687786340714,0.3592963778752495,0.9274129867553711
129,2486,attention,0.18608481011220387,-0.11090590325849396,0.3828200697898865
130,5552,attention,0.09252458479669359,0.4539540428150859,0.704188883304596
131,5479,attention,0.526687058309714,0.10339439312616984,0.9940979480743408
132,3894,attention,0.27398536557501013,0.5410169280049476,0.9003875255584717
133,9430,attention,-0.6286663352378777,-0.10471718478947878,0.009144823998212814
134,9766,attention,0.6488188093616849,0.2203908690384456,0.9533199071884155
135,4355,attention,-0.10089610871814546,0.2949588382173152,0.5043207406997681
136,2833,attention,0.7706581503152847,0.44383670079211396,0.9334944486618042
137,3328,attention,0.5526207627521621,0.279575119415919,0.9440211653709412
138,8019,attention,-0.5571392446756362,-0.12144229236291722,0.06508404016494751
139,3424,attention,0.70542693734169,0.30646028071641923,0.9666966795921326
140,4539,attention,0.5990005902670048,0.22619723280270895,0.9976791739463806
141,4921,attention,0.6006087699662084,0.1615323709404987,0.8028798699378967
142,3469,attention,0.8137041673064231,0.432729276518027,0.9772527813911438
143,5705,attention,0.6844890367984772,0.08870692253112793,0.9992376565933228
144,311,attention,0.43046741818006223,0.12411465438512656,0.8606887459754944
145,9045,attention,0.6363707438466095,0.2397765578879487,0.8220238089561462
146,2619,attention,-0.4362974828430291,-0.10255650482301054,0.051463108509778976
147,789,attention,0.3925316433111827,0.3917752703030904,0.9990278482437134
148,2742,attention,0.6062720514833927,0.29784681349992753,0.7575263977050781
149,5653,attention,0.34029362599054974,0.6395401718715826,0.9503976702690125
150,483,attention,-0.07846858623352918,-0.17297008557414467,0.06002400815486908
151,8113,attention,-0.3543983189071097,-0.03563443803024001,0.09422348439693451
152,8478,attention,0.6555193763445405,0.5365579587352627,0.9410490393638611
153,1199,attention,0.6861254495496933,0.1637659760621878,0.9228596687316895
154,5507,attention,-0.13558794539421798,-0.5845860930159688,0.009515474550426006
155,3653,attention,0.6407287575696644,0.14078878572112635,0.9983776807785034
156,5065,attention,0.7068936798502418,0.5505388028481427,0.9639037847518921
157,1626,attention,0.5400710046291352,0.3290131509304047,0.9438416361808777
158,7661,attention,0.7152875895170789,0.29694978186958715,0.8957914710044861
159,6837,attention,0.6454155445098877,0.07740600471911223,0.9946617484092712
160,7655,attention,0.5924537852406502,0.10343108574549358,0.999207079410553
161,8538,attention,0.6355117107076305,0.28738733913217274,0.9960850477218628
162,1775,attention,0.28226208686828613,0.045905548901784984,0.5390658974647522
163,9643,attention,0.8358053618576378,0.29937400855123997,0.9645392894744873
164,8884,attention,0.7200339686486029,0.09360276979784812,0.9989134073257446
165,6778,attention,0.5559704812864462,0.12360790868600209,0.9992440938949585
166,2340,attention,0.4024587231022971,0.13399904753480638,0.9991305470466614
167,7226,attention,-0.24274477375332604,-0.04180345434526151,0.00604955805465579
168,1472,attention,0.5180882698013669,0.37553499780950095,0.9698266983032227
169,8187,attention,0.3630402286847432,0.4134954690105385,0.9685565233230591
170,6250,attention,0.40486027692493637,0.7201140869997049,0.9656291604042053
171,2335,attention,0.26623092260625625,-0.16165820426411098,0.5073877573013306
172,8981,attention,-0.2070639580488205,-0.02682363667658397,0.4453115165233612
173,8685,attention,0.25719231367111206,0.7446432732174109,0.9569483399391174
174,251,attention,0.35045743514509764,0.34210417901768403,0.9886131286621094
175,2732,attention,0.4269552669104408,0.2868412207154667,0.9872681498527527
176,4329,attention,0.38558298018243575,0.16697626478142208,0.5334991216659546
177,9545,attention,0.732745205776559,0.6731908063197302,0.9947755336761475
178,2337,attention,0.6714222304936912,0.26967216697004104,0.9955561757087708
179,8695,attention,0.6771848009478662,0.16356009244918823,0.9932746887207031
180,2215,attention,0.5412985160503359,0.32679912589845206,0.8041255474090576
181,5436,attention,0.3891223172346751,0.21119056713013423,0.9989970326423645
182,5058,attention,0.7184319537329046,0.20249613727393903,0.8731930255889893
183,9548,attention,0.6605856820293095,0.3067253575376842,0.997448205947876
184,108,attention,0.4496179355515374,0.28730059083965087,0.9916799664497375
185,3019,attention,0.3335229381918907,0.26841005496680737,0.9842510223388672
186,487,attention,0.3454902271429698,0.0010401209195454915,0.7389118075370789
187,2436,attention,0.6926920995596917,0.18652024865150452,0.9545406103134155
188,2417,attention,0.6318775366991758,0.08533470779657364,0.981460452079773
189,2684,attention,0.6143717701020448,0.22468488890191782,0.9987525939941406
190,621,attention,0.3544856303930283,0.13060922026634217,0.7547726631164551
191,3281,attention,-0.11719326873620352,-0.08311129088203112,0.18668235838413239
192,8547,attention,0.4790432298822062,0.4668531801019396,0.9267884492874146
193,3941,attention,0.6705542174833161,0.3997103976351874,0.9906874299049377
194,2423,attention,0.593621090054512,0.37842161527701784,0.9757973551750183
195,7682,attention,0.5272035524249077,0.23358241468667984,0.9696162939071655
196,4960,attention,0.6415956896894118,0.27059630961979136,0.9889083504676819
197,2766,attention,0.7382945852692832,0.14902259748090396,0.9588587284088135
198,7662,attention,0.3389440831683931,0.7909741337366757,0.961168646812439
199,416,attention,0.3704658781780916,0.6364317203269285,0.9832690954208374
200,3898,attention,-0.027220188983176883,-0.3454995202390771,0.07769396901130676
201,7632,attention,0.4429631375131153,0.5515137641202836,0.9160280823707581
202,2328,attention,0.2826478850273859,0.42213043783392223,0.9879507422447205
203,2754,attention,0.524677161784733,0.3440229664830601,0.9427654147148132
204,8234,attention,0.49215084075927734,0.08789010763168335,0.9990573525428772
205,3101,attention,0.36211430430412295,0.37139675825834273,0.9242600202560425
206,2108,attention,0.6383595503866673,0.18288770637341908,0.964028537273407
207,3100,attention,0.5572946965694427,0.10929587373027096,0.9019454717636108
208,5351,attention,0.5805110354577342,0.23168894744688465,0.995079755783081
209,3284,attention,0.6787882990696851,0.11374526339418747,0.9976966977119446
210,4824,attention,-0.005169569607824087,-0.1724631859920919,0.13088178634643555
211,6551,attention,0.40019204616546633,0.5985030029501234,0.9311828017234802
212,7444,attention,-0.2218675804324448,-0.3752754034255357,0.03573227301239967
213,304,attention,0.6436268928505126,0.41049561826955705,0.9971446394920349
214,6360,attention,0.6358977727591991,0.19738413393497467,0.8318968415260315
215,4190,attention,0.3948756254145077,0.37436159132491975,0.6799197793006897
216,6664,attention,0.35986462897724575,0.24925455947717032,0.9751580357551575
217,1945,attention,0.6353582025816044,0.06859216425153944,0.9930548071861267
218,5817,attention,0.510624022020594,0.2794167107861975,0.6252697110176086
219,92,attention,0.4087608242034912,0.6018326216191053,0.8895635008811951
220,119,attention,0.7113897719166495,0.09041158719496294,0.9980521202087402
221,9591,attention,0.8429133008149537,0.5587190802801739,0.9726136326789856
222,8421,attention,0.1869152210138995,0.1575378922039065,0.4128471314907074
223,7945,attention,0.3249368304386735,0.7550679099513218,0.9642028212547302
224,2487,attention,0.4190303605535756,0.22663104210210883,0.9868432879447937
225,1245,attention,0.5701826997101307,0.47613550047390163,0.9586703181266785
226,346,attention,0.7160123075273904,0.1486673802137375,0.9685521721839905
227,9392,attention,0.30635135070137354,0.4815843208976414,0.9378693103790283
228,6604,attention,0.3594088926911354,-0.10279878973960876,0.6204450130462646
229,6338,attention,-0.3500523647487474,-0.11247073078993708,0.000834527425467968
230,8410,attention,0.2341543604668818,-0.07890027290896366,0.5320336818695068
231,4216,attention,0.8094936771584409,0.14016745665243693,0.9906545281410217
232,7436,attention,0.05362832546234131,0.08468383550643921,0.3005826771259308
233,6666,attention,0.7315360304306854,0.2250269524978869,0.9798297882080078
234,8051,attention,0.641507217261408,0.3903170334441321,0.8861161470413208
235,1593,attention,-0.177367462831385,0.2423342825461398,0.42213955521583557
236,6951,attention,0.656556363002612,0.2303898655451261,0.9741309881210327
237,850,attention,0.32897755929401945,0.45363702447641463,0.9226844906806946
238,5506,attention,0.49155900899956867,0.694214863475503,0.9605305194854736
239,8479,attention,0.05243449125971113,0.0448817993913378,0.6882908344268799
240,7182,attention,0.5596142477459378,0.16137258377340105,0.9990254640579224
241,2362,attention,0.678674639435485,0.25814365199767053,0.9605552554130554
242,2178,attention,0.40415953184877124,0.43589936877999985,0.9713332653045654
243,1731,attention,0.46418450421725327,0.2786664277888261,0.6578450798988342
244,4185,attention,0.656639672423664,0.17566846389519541,0.9985074400901794
245,673,attention,0.487746009360189,0.16888011927190033,0.9983320832252502
246,5212,attention,-0.2565403839422239,-0.2790422585566302,0.03828458860516548
247,4417,attention,0.5098470246249979,0.8148586191236973,0.988991379737854
248,1056,attention,0.36749507045304336,0.33830967435130366,0.7681291699409485
249,9593,attention,0.2821179797872901,0.01747928224503994,0.5345463156700134
250,623,attention,-0.5704426510658648,-0.048720014259396566,0.00636622728779912
251,6217,attention,-0.44334986100071355,0.06690313523684285,0.17396663129329681
252,9597,attention,0.7845635349894392,0.153998581499889,0.9595625400543213
253,2955,attention,0.5992008024454116,0.16177040994167327,0.9993189573287964
254,88,attention,0.758302645654314,0.4412941587054067,0.991609513759613
255,3538,attention,0.27926179354912356,0.11090013776954852,0.3988606333732605
256,3643,attention,0.6923397767047087,0.1585412323474884,0.9903565049171448
257,8313,attention,-0.3290696714313761,-0.028338527384837487,0.011754504404962063
258,5649,attention,0.5709896597423052,0.23244538275819077,0.979526698589325
259,1355,attention,0.5572783588259308,0.17334766078878333,0.9946436882019043
260,7142,attention,0.8256666648334691,0.08738716159548078,0.9791266918182373
261,1512,attention,0.4299776665866375,0.2230946160852909,0.9992332458496094
262,7565,attention,0.6993101712154306,0.2770646642083707,0.8191790580749512
263,733,attention,0.5703590315580368,0.21228568971157075,0.8700928092002869
264,8765,attention,0.5019221936955172,0.012596502900123596,0.6951959133148193
265,9018,attention,0.8367631752930936,0.2997979876540956,0.9558220505714417
266,6240,attention,0.7365886471234262,0.18596836738288403,0.9776548147201538
267,590,attention,0.6820473576940241,0.07348131991568066,0.9920754432678223
268,3745,attention,0.39063872396945953,0.633857498144997,0.9819258451461792
269,1919,attention,0.3230495737357573,0.5676906911486929,0.9540902972221375
270,7799,attention,0.7757510142079715,0.2564357642469735,0.9871602058410645
271,7684,attention,0.1976969838142395,0.01600906252861023,0.49804967641830444
272,9486,attention,0.5901066930474419,0.15168228274897524,0.9992591738700867
273,5027,attention,0.055940598249435425,0.1386621921722378,0.4381735622882843
274,8568,attention,0.4576349159081777,0.4896478179143742,0.9810352921485901
275,5425,attention,0.5959522318840027,0.1542428433895111,0.9990612864494324
276,2377,attention,0.3117779228422377,0.1766465405623118,0.9601444005966187
277,6447,attention,0.5836837545589164,0.36953181580260946,0.9751091003417969
278,8029,attention,0.44551500792686755,0.20317643193098214,0.985582709312439
279,3855,attention,0.031228144963582356,-0.10310779245836395,0.11994379758834839
280,5221,attention,-0.09202618470105033,-0.13481964884946743,0.029164791107177734
281,5792,attention,0.4604900240898132,0.19102242092291513,0.991037130355835
282,3006,attention,0.8348542235791683,0.07543161114056905,0.9922159314155579
283,8706,attention,0.3867114749219682,0.5216928608715534,0.9415528774261475
284,2943,attention,0.45656307093028364,0.12300091056988158,0.9687211513519287
285,2072,attention,0.6791079005804556,0.2670974859903599,0.7970373034477234
286,3873,attention,0.7839175075292587,0.08537307977676392,0.9970198273658752
287,9297,attention,-0.30499797589752986,-0.10855004871669023,0.03296465799212456
288,9105,attention,0.7304820326658396,0.24260474856083208,0.9780876636505127
289,7635,attention,0.0020833887498487125,-0.09722269394180992,0.10758447647094727
290,5313,attention,0.41043739318847655,0.39172425754368306,0.9668880105018616
291,9675,attention,-0.15296156593383506,-0.21671175637927192,0.004974109586328268
292,2075,attention,-0.1086862831376493,-0.16407511811703443,0.053853970021009445
293,7144,attention,0.655163457760444,0.41788966724505794,0.9015594720840454
294,3928,attention,0.6098148494958877,0.15360059589147568,0.9981290698051453
295,1393,attention,0.6885062267179959,0.7026326381601393,0.9817909002304077
296,263,attention,-0.15000398910563925,0.09968045904584553,0.2898430824279785
297,970,attention,0.7212993732094765,0.13710120797157288,0.973334550857544
298,5821,attention,0.243376853565375,0.17849320297439894,0.8942013382911682
299,8593,attention,0.823603384535421,0.5398384628986771,0.9818098545074463
300,4553,attention,-0.27596572041511536,0.03679511292527119,0.32829201221466064
301,1671,attention,0.2758473969168133,0.14036481082439423,0.5629804730415344
302,3118,attention,0.7427976256744429,0.11415990780700337,0.9909118413925171
303,4367,attention,0.46537129155227114,0.7192053687592436,0.9808807373046875
304,1760,attention,0.27350469761424595,0.5132337311903635,0.9690166711807251
305,3412,attention,0.5006206164305861,0.1977669285102324,0.9991717338562012
306,6066,attention,0.1232694564042268,0.23272147057233034,0.7794869542121887
307,3616,attention,0.43933339154019074,0.7517620807184893,0.9936226010322571
308,5874,attention,0.35810001265434993,0.48234442266679944,0.9226388931274414
309,2189,attention,0.3958667646283689,0.6539594859451704,0.9746144413948059
310,6071,attention,0.6739007541909814,0.41056662510770064,0.867075502872467
311,5148,attention,0.7383397182120996,0.14562270658857682,0.9643544554710388
312,9064,attention,0.500944751004378,0.18251249856419033,0.997458279132843
313,8381,attention,0.28740159670511883,0.4974367626839214,0.9868038296699524
314,3352,attention,0.5248204891880354,0.7580965682864189,0.9986382126808167
315,799,attention,0.5837900329913411,0.06306410900184087,0.9461302161216736
316,8656,attention,0.46063088743310227,0.4792714616970012,0.9732416272163391
317,7305,attention,-0.11781034275889396,-0.37928352892398837,0.07638421654701233
318,7948,attention,0.3932133846812778,0.605598240159452,0.9842782616615295
319,7233,attention,0.10882871530272743,0.3594865716401149,0.6324408054351807
320,2392,attention,0.6444166702114873,0.7153646664486991,0.9936150312423706
321,3443,attention,0.3366051945421431,0.5350238316588931,0.9385005831718445
322,8558,attention,0.6047207857171695,0.5144058360407749,0.9839380383491516
323,5014,attention,-0.5461111900707086,-0.10698365272643666,0.17258937656879425
324,4362,attention,0.7266294022924021,0.3695365706164586,0.9708105325698853
325,8224,attention,0.6930648843447368,0.19692609012126921,0.9616954922676086
326,6865,attention,0.16862906630222613,0.3641718396773705,0.8717062473297119
327,7389,attention,0.3325522392988205,0.4447629864073612,0.936269223690033
328,303,attention,-0.41327222507679834,-0.06280461685499177,0.0007012131973169744
329,8398,attention,-0.06044886623685424,-0.156810238554671,0.28007954359054565
330,2907,attention,0.24783321363585337,0.4746316674919355,0.8069512844085693
331,4619,attention,0.2706243356068929,0.5030896544456482,0.9885609745979309
332,4765,attention,0.5521632745862007,0.2770573742687702,0.998802661895752
333,3320,attention,0.692699728593711,0.16665077978564846,0.8899001479148865
334,5298,attention,0.592285095349602,0.18017082305058188,0.9332249760627747
335,7927,attention,0.4781940554579099,0.28288935373226803,0.8545619249343872
336,2348,attention,0.7807827259280852,0.13166956177779607,0.9644157886505127
337,4267,attention,0.44660316471909656,0.4885487764559943,0.6212199926376343
338,9648,attention,0.7923900157523652,0.38874134855965775,0.9317938089370728
339,3024,attention,0.6858657289296388,0.10855019241571426,0.9987342953681946
340,1373,attention,0.5320053103690346,0.15422454352180162,0.998836100101471
341,7377,attention,0.6859201407060027,0.17449795454740524,0.9990803003311157
342,9782,attention,0.5318234030157327,0.16527024954557418,0.8678382039070129
343,2771,attention,0.6597383974326981,0.16329751494858,0.7824496030807495
344,3,attention,0.813135108537972,0.2469869375228882,0.9241669774055481
345,2908,attention,0.4877733657272851,0.12891459137928196,0.8135327696800232
346,3852,attention,0.586370822857134,0.4279573573975971,0.9910813570022583
347,532,attention,0.8155405107689532,0.2551727232180144,0.962285578250885
348,7929,attention,0.5803622928532687,0.09789830988103693,0.8912799954414368
349,9423,attention,0.8624433621086858,0.23689654334024948,0.9863002896308899
350,290,attention,0.5456551730632782,0.37619534492492673,0.9981344938278198
351,3014,attention,0.5769632528536022,0.11677531711757183,0.9992541670799255
352,2874,attention,0.48389770953278793,0.2361353839698591,0.9986442923545837
353,5146,attention,0.3732032297799985,0.5989383438330455,0.8436117768287659
354,2221,attention,0.7552450180053711,0.3791882205754519,0.9822390079498291
355,6958,attention,0.47371124227841693,0.13180682683984438,0.9993009567260742
356,2997,attention,0.41672560572624207,0.5755826863460243,0.961304247379303
357,6729,attention,0.5615368694067001,0.4498911282420158,0.96462082862854
358,9159,attention,0.8136489589643829,0.12804140676470363,0.995731770992279
359,6175,attention,0.5948114858733283,0.5470550639761819,0.9681376814842224
360,568,attention,0.2657096899788955,0.38748956600139883,0.9270312786102295
361,5284,attention,0.48700701428014176,0.17699068576790566,0.976405680179596
362,1107,attention,0.6806711716843503,0.34754909787859234,0.7932037711143494
363,135,attention,0.44363770306110384,0.38437748670578004,0.9368587732315063
364,7828,attention,-0.16884056052991323,-0.05560947156378201,0.3658970296382904
365,8709,attention,-0.4967543413753019,-0.16421876047902248,0.02544507198035717
366,7998,attention,0.22793598540804602,0.6057153914695267,0.7665109038352966
367,1087,attention,0.5435853837167516,0.1639714017510414,0.8537840843200684
368,8291,attention,0.7995562064258949,0.46875732165315875,0.9410193562507629
369,2301,attention,0.2735563707351685,0.22441154956817627,0.9671322107315063
370,4339,attention,0.6489776823935764,0.46493349064673695,0.8522483706474304
371,6851,attention,0.4866794499534148,0.15608410813190318,0.6938560009002686
372,3047,attention,-0.4079726442694664,-0.0025970572605729103,0.10545691847801208
373,4130,attention,0.7897538971155882,0.13848835229873657,0.9443525075912476
374,4521,attention,-0.04779635721610652,-0.1341615981525845,0.09096166491508484
375,7538,attention,0.2095598503947258,0.10865085463350017,0.3638705015182495
376,5473,attention,0.24391081266933018,0.14338982105255127,0.8120206594467163
377,388,attention,0.4670305571665889,0.1461963014383065,0.8015188574790955
378,4217,attention,0.29948241729289293,0.21931521780788898,0.5779595971107483
379,2122,attention,0.6850201974157244,0.27263591066002846,0.9977005124092102
380,1310,attention,0.2313582781288359,0.43521679006516933,0.9692909121513367
381,647,attention,0.6023972049355507,0.24579094611108304,0.9488439559936523
382,6510,attention,0.4480855919812855,0.7442792265823013,0.9833945035934448
383,8040,attention,0.7424230898420016,0.3033159635961056,0.9975296854972839
384,1183,attention,-0.15137377878030142,0.21726423013024032,0.44328320026397705
385,2859,attention,-0.2421268640945737,-0.033269633897222005,0.0708840936422348
386,7769,attention,0.3335735383960936,0.6556240013904042,0.9863786697387695
387,8403,attention,0.6856284474625307,0.13102444831062765,0.9990056157112122
388,7110,attention,-0.6088396753458416,-0.01657533652477843,0.06591426581144333
389,5798,attention,0.6014315588399768,0.2682778462767601,0.9707988500595093
390,3128,attention,0.03244794116300695,0.3062446226968485,0.6084095239639282
391,7197,attention,-0.2017520213356385,-0.102765474969951,0.019350392743945122
392,3148,attention,0.6117934244871139,0.15625651240348815,0.9991171956062317
393,510,attention,0.2931942361242631,0.6388671547174454,0.9090822339057922
394,3059,attention,0.4794568253888024,0.12984327144092983,0.9989257454872131
395,7940,attention,0.31647425989309946,0.5484001412987709,0.9725682139396667
396,4049,attention,0.6339580498635768,0.4950498912949115,0.8885692954063416
397,5875,attention,0.4767194273679153,0.16169703006744385,0.9928449988365173
398,3859,attention,0.5405877605080605,0.4484381650884946,0.7833877801895142
399,6849,attention,0.32581827193498614,0.6179922185838223,0.8347878456115723
400,8149,attention,0.49950125297674763,0.06886351796296927,0.9014089107513428
401,6260,attention,0.7536805861670038,0.17317069354264633,0.9929719567298889
402,3312,attention,0.28938218235577406,0.2095015425431101,0.5335983037948608
403,7866,attention,0.4750615209341049,0.07056083129002498,0.6442232131958008
404,4201,attention,0.7394543626280718,0.5679624387777822,0.9830516576766968
405,7652,attention,0.284798645160415,0.6148590135642074,0.9819926023483276
406,4273,attention,0.4645732180638747,0.133325943441102,0.9991675615310669
407,3181,attention,0.4659575086373549,0.06943580164359166,0.9992551207542419
408,3817,attention,0.5169519705650134,0.11667433610329261,0.9986269474029541
409,1880,attention,-0.31151440273970366,-0.5853023324161768,0.022221459075808525
410,5350,attention,0.5392914765069018,0.5642329324846682,0.9632857441902161
411,3615,attention,0.4802047717007431,0.3168963153620024,0.7157031893730164
412,4058,attention,0.6610561679117382,0.14247905928641558,0.9907994866371155
413,6915,attention,-0.005559734172291226,0.3538382350363665,0.5923469066619873
414,321,attention,0.7757298371030225,0.12797145379914177,0.9952256679534912
415,4722,attention,0.49704381472924175,0.3914214057080886,0.9503648281097412
416,6422,attention,0.4467833832554195,0.2831194465575011,0.997572124004364
417,3295,attention,0.5863051914116916,0.4549635530394666,0.8687331676483154
418,6421,attention,0.6315702103516635,0.28340328966870026,0.998999297618866
419,9330,attention,0.4251729110876719,0.35358032981554666,0.954147458076477
420,8138,attention,0.6628488870337605,0.1886787749826908,0.9920458793640137
421,3205,attention,0.42137891923387844,0.7701582831796259,0.9521381258964539
422,2522,attention,0.697699581139854,0.31563841700553896,0.9922160506248474
423,6998,attention,0.7339836413807729,0.3735332817715757,0.9886783957481384
424,5556,attention,-0.10794001001687277,-0.12147407641723043,0.06423544883728027
425,5938,attention,0.6623271131515502,0.5642706418037414,0.9907616972923279
426,500,attention,0.4443743916021453,0.09887979096836513,0.6530604958534241
427,3000,attention,0.46366143226623535,0.12199229943124872,0.9990554451942444
428,3555,attention,0.5785989388823509,0.10633658486254075,0.9978803396224976
429,8612,attention,0.17062550162275633,0.425032373983413,0.828925609588623
430,9249,attention,0.557083543545256,0.09574055075645446,0.9946476817131042
431,3032,attention,0.5628600733044247,0.2444340283672015,0.7743358016014099
432,9705,attention,0.633000422683027,0.07270679374535878,0.9940424561500549
433,330,attention,0.42880303133279085,0.14070283621549606,0.600763201713562
434,3078,attention,0.3804389277801794,0.17215164926122217,0.5354819893836975
435,2018,attention,0.3619454354047775,0.5300751107861288,0.9089534878730774
436,3274,attention,0.5718657849356532,0.6834975179284811,0.995722770690918
437,3233,attention,0.8593491326485362,0.06957631877490453,0.9940409064292908
438,3387,attention,0.4366187173873186,0.19000235944986343,0.9725990891456604
439,144,attention,0.7850894003554627,0.584173556279253,0.9869341850280762
440,9742,attention,0.6694242345790068,0.2709437823957867,0.818504273891449
441,367,attention,0.5932302884757519,0.08952531839410464,0.998177170753479
442,8679,attention,0.4844924600587951,0.45159439742565155,0.976711094379425
443,4304,attention,-0.33305784013299716,-0.06634339594858743,0.018913188949227333
444,7178,attention,0.5970548826914567,0.49610914633824277,0.8497866988182068
445,333,attention,0.7179454487303029,0.09964585433835568,0.8701139092445374
446,518,attention,0.6922973231054269,0.16710682671803695,0.9952192902565002
447,7040,attention,-0.5304364431649446,0.07240562797960592,0.14968620240688324
448,4229,attention,0.5085391901433468,0.5494690988212824,0.9969261288642883
449,3833,attention,0.11864114701747894,0.5341829779092222,0.7476546764373779
450,6058,attention,0.40303324732710333,0.15123362488606396,0.6018276214599609
451,576,attention,0.3028981466503704,0.08463253869729884,0.9637328386306763
452,4215,attention,0.07529671009826033,-0.35130080031721217,0.260951429605484
453,2758,attention,0.2789475413469168,0.2414249430100123,0.8286831378936768
454,4756,attention,0.7761529949696168,0.19860088177349255,0.9935852885246277
455,9000,attention,-0.2738086889187495,0.019672354931632677,0.12003961205482483
456,3813,attention,0.36089373041283,0.5071467399300839,0.9870816469192505
457,3045,attention,0.5572680885593096,0.3216309905052185,0.9988301396369934
458,4047,attention,0.6110253007639022,0.419672633210818,0.8596615195274353
459,9094,attention,0.5817904882133007,0.0761254783719778,0.9986509680747986
460,8181,attention,0.34710402935743334,0.6152404718101024,0.9784512519836426
461,6309,attention,-0.02529443524501942,0.4730683204004351,0.6036069393157959
462,1479,attention,0.668107199948281,0.7583235876767763,0.9603115916252136
463,543,attention,0.7797659386174175,0.15747028075415512,0.9940100908279419
464,1618,attention,-0.49173131823539734,-0.03267601691186428,0.14190685749053955
465,9032,attention,0.5743107086781299,0.1457279505151691,0.9992054104804993
466,7746,attention,0.41324404776096346,0.3388582617044449,0.9548157453536987
467,6039,attention,0.3983807123520158,0.5743376542390748,0.9764971733093262
468,7919,attention,0.7083438094705343,0.46234756301749835,0.9028574228286743
469,7624,attention,0.745681936511149,0.21091957887013754,0.9990122318267822
470,9495,attention,0.7100220050197095,0.16019873693585396,0.834303081035614
471,8657,attention,0.5106130526179359,0.1953148174853552,0.9993705153465271
472,7160,attention,0.47735927289440516,0.2025806861264365,0.9981908202171326
473,2358,attention,0.3335645955342513,0.49078997332029617,0.9835274815559387
474,8250,attention,0.6817608134942534,0.06452369689941406,0.998700737953186
475,1655,attention,0.49443123713135717,0.3315718561410904,0.9992042183876038
476,6911,attention,0.27168128080666065,0.3970364255364984,0.98585444688797
477,1746,attention,0.6443117644637824,0.04712404906749725,0.8453182578086853
478,5794,attention,-0.01866858140114815,0.09727332765056242,0.5763975381851196
479,14,attention,0.5819648851950964,0.18966601718039738,0.9254668951034546
480,1877,attention,0.3464957571029663,0.18623653292655945,0.9283985495567322
481,7888,attention,0.35591626832527773,0.5095558332368022,0.6209816932678223
482,8520,attention,0.5675818940688824,0.3361687521482336,0.9945182204246521
483,6883,attention,0.6593571308601115,0.06789163287196841,0.9991248250007629
484,3761,attention,0.5708161263893812,0.12689192936970636,0.8248681426048279
485,0,attention,-0.1313423195646869,-0.28951840268241036,0.0986374020576477
486,6831,attention,0.7066364649821211,0.2869152415681768,0.9891304969787598
487,7722,attention,0.40743328678992485,0.18755227904165944,0.9989509582519531
488,9630,attention,0.2863809605439504,0.565750855455796,0.9376663565635681
489,7672,attention,0.2697345571858542,0.25882664003542494,0.9001717567443848
490,6568,attention,-0.22770723366660864,-0.07486417144536972,0.007909066043794155
491,655,attention,0.67563059196497,0.048439159989356995,0.8710845708847046
492,9349,attention,0.2990174955791897,0.5939758767684301,0.9814972877502441
493,4241,attention,0.35451151487919,0.40329606372576493,0.7871843576431274
494,3023,attention,0.21542213621892428,0.6206976262558448,0.919459342956543
495,1851,attention,0.680710608433736,0.1505381151249534,0.8787786960601807
496,349,attention,0.6207911310524776,0.1258246405371304,0.9561300277709961
497,6340,attention,0.6683365472126752,0.5766420487780124,0.9189292192459106
498,1156,attention,0.5991594835239298,0.10811738056295059,0.9633340835571289
499,3017,attention,-0.14112977002348218,0.27644547701015004,0.3839060366153717
500,457,attention,0.7323408330912176,0.4670929552420326,0.962230920791626
501,2867,attention,0.6819881978021427,0.229457978497852,0.8307356834411621
502,5033,attention,0.5789117410492438,0.5518418256766521,0.7622251510620117
503,4622,attention,0.7724178618872943,0.3290643348642018,0.968241810798645
504,6329,attention,0.3612543836236,0.6609325561090372,0.9385843276977539
505,7081,attention,0.6357461754232645,0.3490367780129115,0.9942031502723694
506,6786,attention,0.24607674678166708,0.3922164728244146,0.9111940264701843
507,8458,attention,0.40342065766453744,0.5213566577993334,0.8931017518043518
508,5206,attention,0.7911358471142083,0.6727484881696177,0.9789188504219055
509,6053,attention,-0.0533402798504665,0.34289126022686733,0.49445515871047974
510,131,attention,0.2672557020904841,0.08386738212020309,0.6107523441314697
511,3692,attention,0.510634360568864,0.2616406146969114,0.9715312719345093
512,6192,attention,-0.10074792992180356,-0.11310447996052411,0.07993277907371521
513,9523,attention,0.6298427002095595,0.34166690888928203,0.9081476330757141
514,4587,attention,0.5069985809149565,0.07021269643748249,0.998994767665863
515,9818,attention,0.7113786939093295,0.08165142115424662,0.9988577365875244
516,3235,attention,0.8206973221773902,0.17560267945130667,0.9929218888282776
517,8641,attention,0.48060225376061033,0.6683944673942668,0.9664108753204346
518,4879,attention,0.33150409233002437,0.6772411628848031,0.9776156544685364
519,6854,attention,0.3596588513680867,0.69324746224364,0.9529315829277039
520,8572,attention,0.48467412078753114,0.24141530878841877,0.9932454228401184
521,3639,attention,0.5402082444301674,0.09012335113116673,0.9987615346908569
522,7358,attention,0.36644216138741065,0.13366327820153073,0.7783646583557129
523,8826,attention,0.1337486917618662,0.1425323123112321,0.4840882122516632
524,2303,attention,0.6636722977122953,0.17822318500088108,0.9956327080726624
525,7315,attention,0.19122608699675264,0.1001887228982202,0.6106830835342407
526,5308,attention,0.40641056407581677,0.6609454967758872,0.9126634001731873
527,6808,attention,0.18351883518284764,0.6308058347103411,0.8489876985549927
528,9395,attention,0.13536283603081337,0.6986348732215657,0.7789750099182129
529,265,attention,0.4695789512732755,0.39343455304270203,0.8708841800689697
530,4763,attention,0.3936346256070667,0.7823744996243881,0.9855599403381348
531,9111,attention,0.37403183927138645,0.3529164915283521,0.9691193699836731
532,6789,attention,0.48027176037430763,0.08056862838566303,0.9992507100105286
533,4597,attention,0.7125435394368002,0.18039187363215856,0.9785223603248596
534,2531,attention,0.26381450929702854,0.24852939523183382,0.9853041768074036
535,4862,attention,0.3573386258248127,0.09071538394147699,0.8738942742347717
536,7669,attention,0.6059226189789019,0.23075933205453972,0.97765052318573
537,316,attention,0.3679719677096919,0.6457209547883586,0.9799106121063232
538,1897,attention,0.6120715014636516,0.36695722341537473,0.9737160801887512
539,8860,attention,0.5911922222003341,0.26134377494454386,0.9691268801689148
540,6407,attention,0.43667198717594147,0.13646303448412153,0.9932839870452881
541,8231,attention,0.7176687967251328,0.3502521777854246,0.9410664439201355
542,8521,attention,0.6524791891686619,0.08937908560037613,0.9947197437286377
543,6112,attention,-0.21067705419328478,0.3256362741554363,0.4355413317680359
544,8128,attention,0.6737421741709113,0.13565395772457123,0.9890751838684082
545,2039,attention,0.7130793391002549,0.30303309071395135,0.9600508809089661
546,103,attention,0.48133577559238827,0.17712983106955504,0.9631112217903137
547,3297,attention,0.36562907323241234,0.5725924978032708,0.9856247901916504
548,794,attention,0.27605320811271666,0.26786609411239626,0.9443362951278687
549,5967,attention,0.36790893818525705,0.3862357849583906,0.8289457559585571
550,5332,attention,0.608026548562681,0.1583932462860556,0.8382739424705505
551,8586,attention,0.8766057081520557,0.7025057535226408,0.9921369552612305
552,1658,attention,0.48159885725804735,0.30685401672408696,0.9818339943885803
553,3933,attention,0.273462751372294,0.0624121143059297,0.5291715264320374
554,6968,attention,0.09064913458294338,0.26460158493783736,0.6199992895126343
555,9469,attention,0.6572799915852754,0.2381385098332944,0.9769855737686157
556,7854,attention,0.5995995841092534,0.07708681457572514,0.999139666557312
557,3210,attention,0.8255469144011537,0.20886854082345963,0.9756098985671997
558,7012,attention,0.0915099885314703,0.09294258430600166,0.264143705368042
559,9808,attention,0.14378613710403443,0.3587662437558174,0.7872603535652161
560,2973,attention,0.6219378964681375,0.2521056846568459,0.9840971231460571
561,932,attention,0.5473630249500274,0.21799660086631775,0.9866427183151245
562,6163,attention,-0.0991611103282163,-0.13189572615450934,0.026402827352285385
563,6432,attention,-0.33420279711484907,-0.253817175924778,0.031631968915462494
564,3497,attention,0.48399528957282506,0.33495889281233154,0.7145542502403259
565,3202,attention,0.30839062438291664,0.6287446129409706,0.9831774830818176
566,2611,attention,0.380512938896815,-0.09900970458984375,0.7181421518325806
567,9631,attention,0.5447345373034477,0.38182714581489563,0.9975438714027405
568,567,attention,0.7475325218562422,0.06669474264671063,0.9992727637290955
569,764,attention,0.35524874022512726,0.359999624617172,0.9581872224807739
570,4366,attention,0.6606934057626253,0.21318865368763606,0.8819878697395325
571,8367,attention,0.4820232268641977,0.11199669101658989,0.996088981628418
572,7360,attention,0.27772749960422516,0.5900111872081956,0.950849175453186
573,1441,attention,0.01908875037642086,0.2988511282567154,0.5225072503089905
574,921,attention,0.5454338178452518,0.316364804489745,0.721268892288208
575,8222,attention,0.5188199124698128,0.20798895508050919,0.7036123275756836
576,1794,attention,0.38436691037246157,0.3966530146343367,0.984599232673645
577,3838,attention,-0.027241752793391544,0.312241046068569,0.5447940230369568
578,3122,attention,-0.12547967657446862,0.012981868535280227,0.3252335488796234
579,6127,attention,0.5099611649146447,0.5899774151352736,0.9894648790359497
580,6319,attention,0.31193042546510696,0.599835366057232,0.9655657410621643
581,2388,attention,0.5297148209065199,0.10473296418786049,0.9973189234733582
582,4466,attention,0.42620103449925134,0.5291447678337926,0.7624629735946655
583,4505,attention,-0.3152197861671448,0.10628810416907072,0.30798232555389404
584,1606,attention,-0.5533279800868552,-0.09123848500135152,0.026440080255270004
585,2147,attention,0.8176435060226,0.5451523498273813,0.9894049167633057
586,36,attention,0.09899973049759865,-0.17990371733903884,0.2623435854911804
587,9147,attention,0.48505121895245146,0.09357818961143494,0.9971705079078674
588,761,attention,0.49126829919607745,0.21214152937350067,0.9777165055274963
589,5268,attention,0.5854399411473423,0.10411718767136335,0.9004117846488953
590,3038,attention,0.2775157445243427,0.46666293325168745,0.9652833938598633
591,5503,attention,-0.38208854313080126,-0.15068857543743575,0.32839009165763855
592,5228,attention,0.551121189162649,0.6781894723274584,0.9517662525177002
593,1623,attention,0.8076536222968412,0.17153331766957822,0.9970663189888
594,577,attention,0.7617105079595657,0.10503687928704654,0.9916029572486877
595,6426,attention,0.6012889036330683,0.6222918318777249,0.9478297829627991
596,8087,attention,0.38777349810851247,0.7477603186730688,0.9382505416870117
597,8536,attention,0.8361041871830821,0.3707738883793354,0.9801725745201111
598,9564,attention,0.10710476007726458,0.3511325791478157,0.6779492497444153
599,2232,attention,0.2796423644537017,0.2161142529831046,0.4855306148529053
600,2319,attention,0.41417154520750044,0.4867085017263889,0.9985079169273376
601,5707,attention,0.8107587775572184,0.11337404618871973,0.9824575781822205
602,9690,attention,0.32609380328136944,0.707568145883472,0.9526093006134033
603,5306,attention,0.7386976437349069,0.09598174063782942,0.917029082775116
604,7938,attention,0.4381879528886394,0.13496520487885727,0.7688800096511841
605,2167,attention,0.6563471670855175,0.264199516989968,0.9630782604217529
606,637,attention,0.7723474739740293,0.5087138765801986,0.9274817705154419
607,8668,attention,0.8286405215598642,0.7282116588950157,0.9877392649650574
608,5594,attention,-0.08300354863916125,-0.02497135741370065,0.5761840343475342
609,6555,attention,0.452868499689632,0.14435301886664498,0.9992969036102295
610,8098,attention,0.101450340077281,-0.002315923199057579,0.24117931723594666
611,47,attention,-0.05374454728820745,-0.06365316142054166,0.20352104306221008
612,5505,attention,0.4435125000420071,0.18133894531499772,0.98012375831604
613,9196,attention,0.4404718500490372,-0.008188981276292067,0.6094520092010498
614,8416,attention,0.651962523475628,0.026679373600266197,0.9042535424232483
615,4509,attention,0.36824468374252317,0.4739725135266781,0.9717438817024231
616,2638,attention,0.5113959117409062,0.058374419808387756,0.7614095211029053
617,8708,attention,-0.09505526572465897,0.01146414950489998,0.30860814452171326
618,8476,attention,0.6692496321418069,0.10020307519219139,0.9976323843002319
619,3080,attention,0.41369317571322123,0.35510523319244386,0.9966145157814026
620,2870,attention,0.4018313307315111,0.7297827277216129,0.9444919228553772
621,2213,attention,0.41034188691307516,0.24043985061785755,0.9873278737068176
622,6043,attention,0.33464248925447465,0.5136883415281772,0.9749992489814758
623,3798,attention,0.6709886028741797,0.18107769141594568,0.8376720547676086
624,7972,attention,-0.4679745798930526,-0.24344565844512545,0.04180767759680748
625,5739,attention,0.5544377692043782,0.13531582206487655,0.9992349147796631
626,4822,attention,0.5804664431249394,0.30179236566319184,0.9987514019012451
627,9067,attention,0.3154092412441969,0.6208225802984089,0.9764629006385803
628,5799,attention,0.23790081093708673,0.123931718369325,0.9974138736724854
629,7482,attention,0.30679023265838623,0.48545440236727394,0.9863818883895874
630,2114,attention,-0.03878452718257904,-0.15261738061904906,0.3841591775417328
631,1112,attention,0.39859509269396465,0.460827699303627,0.9246504306793213
632,8178,attention,0.7199671440150427,0.06670664315638335,0.9987326264381409
633,3717,attention,0.5261610398689905,0.6745523200793699,0.9978812336921692
634,713,attention,0.5302307408835206,0.2758595666715077,0.6787249445915222
635,872,attention,-0.24282514826498097,-0.651820423003907,0.006751407403498888
636,1149,attention,0.3757753908634186,0.10394612948099773,0.9992714524269104
637,9299,attention,0.48467480540275576,0.3826906409859657,0.9897764921188354
638,5663,attention,0.20883351138659886,0.47066540929621886,0.8241956233978271
639,8167,attention,0.7398802677080745,0.13619162071318852,0.9927402138710022
640,3315,attention,0.5092645352706313,0.246121259406209,0.9959801435470581
641,4588,attention,0.05463045759609452,-0.03892266308819806,0.24657361209392548
642,5098,attention,0.4054426968097687,0.09903533160686492,0.8380978107452393
643,6077,attention,0.28150293976068497,0.4319326959550381,0.9428192377090454
644,7966,attention,0.3142445236444473,0.5466823009774089,0.9727963805198669
645,1020,attention,0.41903804801404476,0.20119076408445835,0.9453994631767273
646,4102,attention,0.6588774469905886,0.3780259402661488,0.920638918876648
647,5368,attention,0.517572387193258,0.1759974962243667,0.7161983847618103
648,6543,attention,0.5597863351476604,0.12747588034333854,0.9991393089294434
649,958,attention,0.5001255710919698,0.12921215097109476,0.9986810088157654
650,3846,attention,0.4167969744238589,0.12120902786652248,0.7620038986206055
651,2748,attention,0.3407294697621289,0.21848025216775782,0.9026685357093811
652,4710,attention,-0.23292638790527626,-0.04605426213571003,0.01703186146914959
653,8279,attention,0.389107978840669,0.5814781230563919,0.9681678414344788
654,586,attention,-0.015875736872355144,0.06780120068126255,0.5279684662818909
655,1817,attention,0.5344984552689961,0.19185119707669532,0.9860901832580566
656,782,attention,0.574715744290087,0.12368004686302608,0.9673630595207214
657,8241,attention,0.3170997283675454,-0.1323902281847867,0.5858674049377441
658,335,attention,0.7554415645806686,0.29663078908039175,0.9956756234169006
659,3755,attention,0.6225100295110182,0.18628311970017172,0.9958266615867615
660,2191,attention,0.6571311188094756,0.3361039919888272,0.9968668818473816
661,9214,attention,-0.22688050976111776,-0.5234770611638114,0.0821123942732811
662,5205,attention,0.3029378534931886,0.7973747818951348,0.9564659595489502
663,6073,attention,0.32906976501856533,0.5669689191854559,0.909386157989502
664,23,attention,-0.0277799896293265,-0.178635472760481,0.10498066991567612
665,4923,attention,0.5511957266751457,0.3050869229961844,0.9979714751243591
666,4556,attention,0.7523254065050019,0.310901767677731,0.994708776473999
667,2012,attention,0.6015769661619113,0.12651752737852243,0.9872057437896729
668,381,attention,0.03469874262809754,0.5504085127264261,0.7154651880264282
669,3127,attention,0.09606478409841657,-0.19664118066430092,0.4122379422187805
670,6398,attention,0.5974955538457091,0.6828175677325238,0.8674048185348511
671,1981,attention,0.26025497700486866,0.3809787205287388,0.9807500243186951
672,3095,attention,0.4117264852804296,0.6085094807340818,0.9803153872489929
673,6758,attention,0.33977438416332006,0.3617679688613862,0.8814901113510132
674,2025,attention,0.5167059406638146,0.20251484115918478,0.9958272576332092
675,9398,attention,0.34910428173401775,0.19902383054003997,0.991011381149292
676,5100,attention,0.23301516845822334,0.5076764645054936,0.9824408888816833
677,3526,attention,0.28026213745276135,0.5906662574658791,0.9539617300033569
678,7532,attention,0.5378117305891854,0.25374724254721687,0.9970130920410156
679,3007,attention,0.24756040244266905,-0.0004510930899916024,0.45401743054389954
680,1084,attention,0.03648686847266029,-0.012187621227520354,0.1513485461473465
681,9837,attention,0.424933739144493,0.2695901918190497,0.596534788608551
682,9258,attention,0.7221400345719996,0.4394561215525582,0.9841108322143555
683,4503,attention,0.47597420401871204,0.13880724646151066,0.9987071752548218
684,1575,attention,0.8383583456743509,0.6633306634612381,0.9715851545333862
685,3091,attention,0.6211145289242268,0.2573305696249008,0.7357624173164368
686,2484,attention,0.320565302670002,0.7545018042204902,0.8485127091407776
687,4489,attention,0.5114923825576192,0.07954202166625432,0.9980345368385315
688,5070,attention,0.40410404559224844,0.44540319265797734,0.9909849166870117
689,5669,attention,-0.12195398796487737,-0.15785737170113456,0.21017926931381226
690,2138,attention,0.6049696051556132,0.2386727371941442,0.9894649982452393
691,6580,attention,0.39874705991574694,0.49139726907014847,0.9711307287216187
692,2516,attention,-0.37534918151795865,-0.034766748826950786,0.11042720824480057
693,9154,attention,-0.3256338679790497,0.0805954625015147,0.274978905916214
694,5456,attention,0.2311719116710481,0.07462006097748167,0.9836918115615845
695,3433,attention,0.3969808144896638,0.26234861624007133,0.9903010129928589
696,3989,attention,0.1311960385905372,0.3879725252174669,0.8037751913070679
697,7422,attention,0.5452400533401448,0.15080736253572546,0.9796881079673767
698,5009,attention,0.5583703440838846,0.14213486786546378,0.9990262985229492
699,1458,attention,0.6281284441550573,0.08512854476769766,0.9993515610694885
700,952,attention,0.14194729924201965,0.6212291223081675,0.8431436419487
701,9718,attention,0.7819012585831316,0.2663528503556001,0.9942337870597839
702,960,attention,0.7350266097407592,0.5259706447097031,0.9644613265991211
703,7273,attention,0.730228363070637,0.1408732570707798,0.9376223683357239
704,765,attention,0.6544109410024248,0.3999688462354243,0.9362645149230957
705,8316,attention,0.03453479672316462,0.02470349590294063,0.19361093640327454
706,3400,attention,0.6534585324116051,0.722866338574224,0.9845474362373352
707,2316,attention,-0.2526718165556138,-0.0957771226001734,0.018750006332993507
708,9465,attention,0.7799721729755401,0.4350643330812454,0.996713399887085
709,9346,attention,0.36824732965656687,0.2145416880292552,0.8224518895149231
710,7835,attention,0.719183518178761,0.3158401057124138,0.9734372496604919
711,4032,attention,0.72799183751146,0.30260472893714907,0.8466341495513916
712,2029,attention,0.6497878021604958,0.1993455177261716,0.9097992181777954
713,4718,attention,0.6025072569027543,0.15263250656425953,0.9970710277557373
714,286,attention,-0.11585845188661055,-0.08410855145616965,0.0738685205578804
715,908,attention,0.623353286920225,0.38173023918095755,0.9955659508705139
716,1482,attention,-0.4765941886739297,-0.016532527282834053,0.08761922270059586
717,9660,attention,0.5392731788257757,0.4313042291129629,0.8790326118469238
718,4712,attention,0.673014701477119,0.7773139132630258,0.9654451608657837
719,2133,attention,0.5567742675542832,0.3162457525730133,0.9697254300117493
720,9608,attention,0.4881721630692482,0.2602052927017212,0.637782096862793
721,9774,attention,-0.16367261512205006,-0.07254066588357092,0.01769173890352249
722,9211,attention,0.39624043703079226,0.5738530347744624,0.9672306776046753
723,563,attention,-0.3293601164351339,-0.018196112233335556,0.138298898935318
724,291,attention,0.6423826109884041,0.2723084092140198,0.815509557723999
725,1713,attention,0.3158530874384774,0.47789087312089074,0.9630559086799622
726,4012,attention,0.33161389934165136,0.24986581185034343,0.9413648843765259
727,8922,attention,0.31201438792049885,0.6302357879467309,0.9472754597663879
728,169,attention,0.41866469733855305,0.15022175802904017,0.9820221662521362
729,267,attention,0.6520466375531573,0.3383730713165168,0.994928240776062
730,9144,attention,0.46865690549214684,0.661030292759339,0.9856160879135132
731,3172,attention,0.8485013411069909,0.11912504211068153,0.988938570022583
732,2286,attention,0.7930373566394503,0.4997345372526483,0.9943828582763672
733,315,attention,0.5102225655601138,0.13831331048692977,0.9978176355361938
734,8046,attention,0.4622840906182925,0.6514823654045662,0.973440408706665
735,8822,attention,0.27868661826307123,0.7538661567324941,0.9864823818206787
736,245,attention,0.47235162804524106,0.21290119489034018,0.9705380797386169
737,5186,attention,0.7572019409853965,0.2543172035366297,0.9728085398674011
738,5421,attention,0.12346481835400616,-3.8771165741814504e-05,0.49813905358314514
739,6065,attention,0.6639701529689457,0.13334302280260169,0.9990763664245605
740,50,attention,0.5782487860747746,0.2519953463758741,0.9972941279411316
741,3021,attention,0.7698461950601388,0.07023933927218119,0.9982195496559143
742,7028,attention,0.7673625275492668,0.1754067622952991,0.965724766254425
743,1372,attention,0.7109224545684728,0.2784956382079558,0.8506693840026855
744,4176,attention,0.671418584883213,0.12267247289419174,0.9990923404693604
745,2470,attention,0.28124356269836426,0.8208668960724026,0.9309874176979065
746,8000,attention,0.2694129377603531,0.24100402692953746,0.5475607514381409
747,6156,attention,0.3540971502661705,0.2728840410709381,0.982367753982544
748,1498,attention,0.6058398216134973,0.27134685549471116,0.990665853023529
749,5868,attention,0.27624905274973977,0.4857628487257494,0.9312623143196106
750,1963,attention,0.6838195379823446,0.6384282178711146,0.8469609022140503
751,248,attention,0.5203159756958484,0.2807424619793892,0.9986500144004822
752,4771,attention,0.6735610976105645,0.5105130283960274,0.9852730631828308
753,1277,attention,0.14086313786752083,-0.14898047815350926,0.27102163434028625
754,4905,attention,0.44679853808263253,0.40205102259742803,0.6508350968360901
755,8025,attention,0.5037616172007152,0.18108313282330832,0.9985993504524231
756,2110,attention,-0.07105639188860853,-0.37455681959788006,0.07043793052434921
757,9776,attention,0.6345021650195122,0.24784497099538003,0.8635206818580627
758,2945,attention,0.5247285515069962,0.5594370812177658,0.7980458736419678
759,6249,attention,0.7516413379068437,0.4666916130012588,0.9974186420440674
760,7023,attention,0.3471879376017529,0.3853676578272944,0.95558762550354
761,795,attention,0.3164911876277377,0.16884397404889265,0.5690170526504517
762,9717,attention,0.5810320391009252,0.2953813684483369,0.7203463315963745
763,7908,attention,0.5414293717060771,0.12385061702557973,0.9495376944541931
764,5371,attention,0.30737198640902835,0.5081965281731553,0.9123121500015259
765,9655,attention,0.7293477099050175,0.040292796763506805,0.9989718198776245
766,447,attention,0.4854382158353411,0.5404035577486301,0.9808345437049866
767,2968,attention,0.2738464537419771,0.6022208944747323,0.8864446878433228
768,2152,attention,0.5494879043620565,0.08908923812534499,0.999284565448761
769,7838,attention,0.5227600575789161,0.16525972278221793,0.9899728298187256
770,4852,attention,0.6279269512742758,0.08480249842007954,0.9991657733917236
771,5157,attention,0.6606852951701041,0.37810121862976637,0.7988744378089905
772,683,attention,0.3681807949207723,0.019829010367393495,0.5268323421478271
773,8118,attention,0.2520829859901877,0.4364774985348477,0.9499585628509521
774,6681,attention,0.8243284422904253,0.08284684618314107,0.9875630140304565
775,5741,attention,0.03232546026508013,0.07299696716169517,0.33924996852874756
776,1488,attention,-0.2350875614701133,-0.13809559415829809,0.08262816816568375
777,3077,attention,-0.1801288954673275,0.04389161015710523,0.20518173277378082
778,3905,attention,0.3802824681851922,0.29483578408636696,0.9559391736984253
779,8594,attention,0.7768980847163633,0.14912874454801733,0.9868687987327576
780,318,attention,0.2789416601580958,0.6066092221036313,0.9699850082397461
781,856,attention,-0.2339646485944589,-0.3708548416694005,0.04885304719209671
782,7743,attention,-0.4263526738203805,-0.3279499260002169,0.03411832079291344
783,2770,attention,0.5133786729403904,0.531390996490206,0.9804602265357971
784,3566,attention,0.7596137445858296,0.1980047988540986,0.9877973198890686
785,376,attention,0.20511546079069376,0.23532736567514284,0.5327397584915161
786,410,attention,0.2560023276342286,0.1321000133951505,0.6046259999275208
787,2405,attention,0.7327442437410354,0.6354768133722246,0.9856457114219666
788,3776,attention,0.467691969871521,0.4346709236502647,0.9879159927368164
789,3946,attention,0.6045509179433187,0.099612091978391,0.9991087317466736
790,1111,attention,0.6972753786082778,0.3360866457223892,0.9971776008605957
791,7660,attention,0.34546650191530204,0.17160737590912062,0.5468052625656128
792,8001,attention,0.6704513675400189,0.14359630857195174,0.998878538608551
793,2288,attention,0.334417815719332,0.22144395325865066,0.9621639251708984
794,2127,attention,0.39233916026094684,0.37138733786085376,0.9625570774078369
795,5581,attention,0.49559887727865803,0.17373937597641578,0.9748525619506836
796,8256,attention,0.32451689802110195,0.20442318400511375,0.4714375436306
797,6751,attention,0.3713626702626546,0.3215241173903147,0.9884673953056335
798,9399,attention,0.6218147289294463,0.47797737471186197,0.9919646978378296
799,2233,attention,0.3189641894965336,0.2032893330886446,0.988274335861206
800,5550,attention,0.3565577119588852,0.5591259282082319,0.8808023929595947
801,274,attention,0.8132509242456692,0.6017313155417259,0.993844747543335
802,2344,attention,0.25883381962776186,0.7828374636049072,0.91654372215271
803,1568,attention,0.4121165525006211,0.1686495354642039,0.7773013114929199
804,3133,attention,0.695792616994092,0.21973991439198004,0.9874024391174316
805,6178,attention,0.6682191778193501,0.5211628938422483,0.9938210844993591
806,7955,attention,0.1602063924074173,0.46977474400773644,0.6239811778068542
807,7820,attention,0.28119113206863405,0.6531788025796413,0.9777663946151733
808,9415,attention,0.6329121821456485,0.15993868200867264,0.9970239996910095
809,2574,attention,0.6241926409017581,0.46068658636739623,0.7810603976249695
810,965,attention,0.7042969087404864,0.21398972400597163,0.9737648367881775
811,2291,attention,0.7422014673550924,0.09987033903598785,0.9576125144958496
812,5375,attention,0.41589981674527127,0.3456156868099545,0.5831182599067688
813,6670,attention,0.7359840818459079,0.2593434751033783,0.9569225311279297
814,8955,attention,0.5217344730540558,0.3408733564946387,0.8580571413040161
815,8059,attention,0.44668610487133265,0.704227272013668,0.9817341566085815
816,2755,attention,0.29419725719425416,0.14682600564426845,0.8748940825462341
817,4474,attention,0.5875050615519285,-0.0428238844871521,0.7025526762008667
818,3910,attention,0.1811544554574149,0.5351117781829089,0.8572461605072021
819,2002,attention,0.3712340323802303,0.27451469551991015,0.557475745677948
820,4794,attention,0.35275782573790776,0.7431102190222147,0.958869218826294
821,8644,attention,0.7553861982919075,0.32874435589120193,0.9397147297859192
822,6394,attention,0.629463875327598,0.17312316528775476,0.8152373433113098
823,5339,attention,0.5433550379846407,0.19770162131475366,0.9555580615997314
824,1730,attention,0.3289972594324148,0.30848668361047527,0.9871309399604797
825,2360,attention,0.380814790725708,0.23702320591969925,0.8205083012580872
826,9379,attention,0.6177017207124403,0.242679697062288,0.9982419013977051
827,9058,attention,0.7627922892570496,0.415456338889069,0.9928626418113708
828,9028,attention,0.5572623467693726,0.20835938987632593,0.743569552898407
829,7579,attention,0.5144335295666348,0.282575477253307,0.9975056052207947
830,6428,attention,0.7441248023196271,0.30351792824895757,0.9844633340835571
831,1068,attention,0.6820576963456053,0.17956409015153585,0.9936570525169373
832,5337,attention,0.2722260598093271,0.05138473483649167,0.4448939561843872
833,1071,attention,0.4860165286809206,0.283663559705019,0.9988334774971008
834,9456,attention,0.535719048542281,0.267900666842858,0.9985318183898926
835,5020,attention,0.8447507604723796,0.17996548116207123,0.9806566834449768
836,2115,attention,0.41224201851420933,0.40643409981081885,0.8506048321723938
837,5910,attention,0.8117628190065583,0.4254705564629647,0.9961621761322021
838,8448,attention,0.12843718443598065,0.38479904447283064,0.701435387134552
839,3132,attention,0.11153833979162676,0.031124969494753872,0.4868643879890442
840,7703,attention,-0.1270730232491213,-0.3865039480083129,0.223622128367424
841,474,attention,0.6314501610139142,0.4136517248723818,0.994484007358551
842,8441,attention,-0.11963742332799095,-0.26477733147995813,0.23817136883735657
843,7584,attention,0.19448184025915047,0.30396172404289246,0.9492752552032471
844,3085,attention,0.008395681886569313,-0.5167977136114369,0.23385700583457947
845,8856,attention,0.1884158661677724,0.017311135218256994,0.31132039427757263
846,5936,attention,0.5864455091953278,0.1682874882221222,0.9920076131820679
847,3397,attention,0.38959160695473355,0.4459851570427418,0.9834859371185303
848,4309,attention,0.28595836815379916,0.556297870973746,0.8724483847618103
849,6169,attention,0.3513781979680061,0.7823049818049185,0.9829633235931396
850,3693,attention,0.6366837725043297,0.16690031290054322,0.909570038318634
851,1691,attention,0.613227540955824,0.6045931770521051,0.8415865898132324
852,4333,attention,0.4785819030725039,0.2201130871589367,0.9487396478652954
853,9574,attention,0.3580783595641454,0.3670368356009324,0.6648756861686707
854,8619,attention,0.23323578706809453,0.5356752348930708,0.9243751168251038
855,6832,attention,0.13910270228304647,-0.1634797342121601,0.2816162705421448
856,3795,attention,-0.0792433741061311,-0.315887508031569,0.0901736244559288
857,4649,attention,0.6876696784581456,0.5175101011991501,0.9974777102470398
858,9226,attention,0.6503823540276952,0.21018900639481014,0.9909680485725403
859,7372,attention,0.42560008990353554,0.5106687530361372,0.8311757445335388
860,4929,attention,0.13018925017432162,0.17422992069470256,0.5342320203781128
861,4233,attention,0.13561239105959733,-0.13500642254948617,0.3242146372795105
862,1145,attention,0.5182093041283744,0.1577289870807103,0.9932345747947693
863,3111,attention,-0.13906795925953808,0.0836469975354917,0.2920514643192291
864,8737,attention,0.2487433354059855,-0.10776525877770923,0.46964770555496216
865,2592,attention,0.5394817026598113,0.28961537778377533,0.9651551246643066
866,9142,attention,0.5450237914919853,0.4859260022640228,0.9984855055809021
867,624,attention,-0.1430010784883052,-0.25433957516215744,0.0037006644997745752
868,9043,attention,0.08108738849037572,0.2570970380789061,0.6180819272994995
869,3283,attention,0.22640105254120296,0.1371806309454971,0.7244116067886353
870,6341,attention,0.22534796794255574,0.30340338697036107,0.9341745376586914
871,7522,attention,0.17670657132801257,0.3970714750650682,0.8751927018165588
872,9585,attention,0.6778403273224831,0.7643402110040188,0.9637162089347839
873,7440,attention,0.6272480712773708,0.3186471020946136,0.9106724262237549
874,668,attention,0.7111409572618348,0.24269533242498126,0.9771119952201843
875,6750,attention,0.48380428289665894,0.12334905477131114,0.7939133048057556
876,5165,attention,0.5432551953081901,0.2956840166678795,0.9004144072532654
877,5279,attention,0.06564570608593169,0.19037690925012743,0.6311140060424805
878,582,attention,0.7521302299574018,0.5670730167378982,0.9404832124710083
879,3945,attention,0.4243156272504065,0.2611670245726903,0.9854174256324768
880,7688,attention,0.7578486874699593,0.22897542942137944,0.9589623212814331
881,7614,attention,0.5141640479365984,0.5814796114961306,0.9821305871009827
882,1208,attention,0.35999437123537065,0.6774021717021241,0.9626829028129578
883,7944,attention,0.5873447942431085,0.21439096331596375,0.7860307097434998
884,5030,attention,-0.43418474961072206,-0.20334093365818262,0.236908957362175
885,76,attention,0.3132809779860757,0.5279130358248949,0.9433724284172058
886,6693,attention,0.3066781706669751,0.27966020212453957,0.9601569175720215
887,9478,attention,0.45883338451385497,0.3987686291337013,0.9977123737335205
888,9464,attention,0.7812765745135645,0.5488828988357758,0.9984645843505859
889,1175,attention,0.6916537167770522,0.1666375015463148,0.9976218342781067
890,592,attention,0.5280109683672587,0.2555346190929413,0.9835613369941711
891,3774,attention,0.19081329825249585,0.027408387511968613,0.6491615772247314
892,5676,attention,0.6806084738179509,0.449066946549075,0.9932020306587219
893,7362,attention,-0.15446959932645163,-0.13871030809564722,0.021230775862932205
894,1470,attention,0.4849322634935379,0.7302483738586306,0.9004700779914856
895,705,attention,0.5886668890714646,0.17865874767303466,0.9899735450744629
896,1688,attention,0.7254935424865746,0.26302022323375795,0.9569684267044067
897,4828,attention,-0.01567655607410099,-0.18231029743733612,0.11255019903182983
898,5386,attention,0.7190835055662319,0.7161540447850712,0.9906601309776306
899,4564,attention,0.6777634621891928,0.21644256460039238,0.977460503578186
900,7450,attention,0.6126383984727519,0.13960629382303782,0.8191325068473816
901,9324,attention,0.5302008671893014,0.1952340238624149,0.9094321131706238
902,4747,attention,0.6240336306785282,0.19736865319703756,0.9961383938789368
903,4303,attention,0.5714272154915717,0.09557733804948869,0.9986164569854736
904,6460,attention,0.19819436879719005,0.5257205145488328,0.7737427353858948
905,6239,attention,0.32055000347249646,0.527000987683149,0.9465147256851196
906,7766,attention,0.49347519212298924,0.3498166716761059,0.9988646507263184
907,6739,attention,0.5860605145042593,0.5273624514652924,0.9799646139144897
908,8336,attention,0.2869229274136679,0.41706656105816364,0.9781419634819031
909,3464,attention,0.28451074212789534,0.5619322154670954,0.8936687707901001
910,1509,attention,0.4689211708307266,0.11449537515640258,0.9985836744308472
911,4978,attention,0.5784027754299103,0.12227043509483337,0.9946236610412598
912,6008,attention,0.4491004960404502,0.23514749827208342,0.9419310092926025
913,5730,attention,0.6012872045061418,0.32472697645425797,0.9976480603218079
914,8334,attention,0.49939656712942654,0.6050826594130032,0.9408236742019653
915,4883,attention,0.3045816749334335,0.7622503011487425,0.9746667742729187
916,9740,attention,-0.232933042714229,0.07074447964819577,0.27459877729415894
917,3299,attention,0.4792989268898964,0.24349966024359068,0.8792740106582642
918,594,attention,0.6326932886753369,0.3811875432729721,0.8034461736679077
919,5521,attention,-0.44390170897046727,-0.19299248730142912,0.07526755332946777
920,6867,attention,0.7675349653670283,0.30400448766621674,0.9303038120269775
921,7999,attention,0.4390159022240412,0.4490689993614242,0.9823766946792603
922,7073,attention,0.3658970003878629,0.15100770305704186,0.995196521282196
923,2876,attention,0.146676504611969,0.692211663229682,0.8164443969726562
924,5595,attention,0.7080919799896387,0.2378062353684352,0.9568975567817688
925,8508,attention,0.6444026153712046,0.16234889768418811,0.998704195022583
926,9525,attention,0.5848831357182683,0.12124236693253389,0.9983298182487488
927,4335,attention,0.6215222689967889,0.09643085530171028,0.7484444379806519
928,4540,attention,-0.054357305721000386,0.31820332659063516,0.662774384021759
929,10,attention,0.08996757864952087,0.2454617691260797,0.676043689250946
930,8757,attention,0.24218561071338077,0.23127425981290411,0.8583734035491943
931,1217,attention,0.2904902547597885,-0.06471765372488233,0.4207135736942291
932,1224,attention,0.36240133254424384,0.09926995894183284,0.8717190027236938
933,3206,attention,0.543896441347897,0.6128675200161524,0.9135860204696655
934,93,attention,0.26033217557098554,0.24096912161811537,0.47734296321868896
935,8057,attention,0.0890083481158529,-0.25384619235992434,0.34241586923599243
936,2455,attention,0.6007129594006322,0.2836677066304467,0.9918931722640991
937,1247,attention,-0.0010493744064021754,0.032564596751251736,0.26139381527900696
938,2251,attention,0.23577800724241468,0.307115837931633,0.730139434337616
939,6380,attention,-0.03453943878412247,-0.15946050201143538,0.14159831404685974
940,4708,attention,-0.1702555926067048,-0.24689920246601105,0.012500850483775139
941,7864,attention,-0.14565577544271946,-0.28450339287519455,0.1561078131198883
942,3916,attention,0.4620617540443645,0.4356668607934433,0.9844939112663269
943,3105,attention,0.6340230119725069,0.0943677860001723,0.879534900188446
944,292,attention,0.6651222220173588,0.3242696026961009,0.9789100289344788
945,7616,attention,0.48549604132061913,0.38410256448246183,0.9918926954269409
946,2083,attention,-0.49378424073968613,-0.0462787994316646,0.12507806718349457
947,4381,attention,-0.2782216090708971,-0.3334458265453577,0.24327923357486725
948,4291,attention,0.31108153238892555,0.16112001240253448,0.9728783965110779
949,5404,attention,0.05816651552915573,-0.20055981874465942,0.23106242716312408
950,6637,attention,-0.3312721185288147,-0.05783121640744962,0.006541180424392223
951,1090,attention,0.29136810057303486,0.708533597726594,0.9117666482925415
952,8570,attention,0.454607967287302,0.8578460700809956,0.9812398552894592
953,6206,attention,0.5965828723632373,0.4168975536639874,0.7228499054908752
954,6843,attention,0.6460980915210464,0.6978859535672448,0.9947540760040283
955,1078,attention,0.48729510692989125,0.2661245958331753,0.9969197511672974
956,1188,attention,-0.009941450878977775,-0.18908624917268754,0.13437055051326752
957,3984,attention,0.6994286991517853,0.07417354539588646,0.9324776530265808
958,1369,attention,0.6846305429935455,0.1373270587487654,0.9991320967674255
959,8348,attention,0.45196292230061125,0.3121026594723974,0.998160183429718
960,5987,attention,0.21478818118572235,-0.08443096041679382,0.4486486613750458
961,1599,attention,0.30398745113803494,0.002181502599870005,0.5613055229187012
962,4573,attention,0.6231561634365631,0.139395024465478,0.9985387325286865
963,5173,attention,0.35336842903724086,0.20495392267520612,0.9868719577789307
964,6459,attention,0.5513643233312501,0.1776180085208681,0.7583831548690796
965,4404,attention,0.0025302421301603316,0.11927790530025958,0.26380324363708496
966,7585,attention,0.22386139921016163,0.18301361799240112,0.5379230976104736
967,8225,attention,0.5818376672087293,0.10310085704832365,0.9788225293159485
968,4209,attention,0.06587327271699905,0.3873869622591883,0.6795138716697693
969,1418,attention,0.41587964327711807,0.30819262172046463,0.9834221005439758
970,3309,attention,0.626540943980217,0.4196776364530836,0.935121476650238
971,9362,attention,0.5361092140277227,0.19104993414311183,0.7081358432769775
972,6492,attention,0.7155323947469393,0.2077545209063424,0.8727192282676697
973,7841,attention,0.5072309812530875,0.11441671848297119,0.9991457462310791
974,3037,attention,-0.5434354784396979,0.0028767223971394393,0.1370203197002411
975,1825,attention,0.48265062222878136,0.31086302995681764,0.9200100898742676
976,3842,attention,0.3602333115413785,0.06080587953329086,0.551689088344574
977,4522,attention,-0.5501048459360997,-0.08112232866308962,0.003012626664713025
978,1569,attention,-0.050412894847492375,-0.2844675326098998,0.09190179407596588
979,1261,attention,0.45044255442917347,0.2674378799274564,0.9530791640281677
980,4918,attention,0.33136107569391077,0.19988579777154056,0.9733685851097107
981,5273,attention,0.39721093394539575,0.4977438101036982,0.9524369835853577
982,2478,attention,0.6842741583915133,0.18279948281614403,0.9819694757461548
983,5795,attention,0.7321601695148274,0.12741833056012788,0.9339596629142761
984,6864,attention,0.5113210245966912,0.32942923784255984,0.9809978604316711
985,1616,attention,0.20816851494212946,0.05130321284135183,0.3876338303089142
986,6913,attention,0.48426231384277346,0.1494137704372406,0.9976267218589783
987,2236,attention,0.30247130860453064,0.6585778008903498,0.901846170425415
988,7618,attention,0.43887453394777637,0.8240853482309509,0.984653651714325
989,5447,attention,0.4076836143548672,0.5339502552166008,0.9519686698913574
990,5554,attention,0.5043685006744721,0.22747066266396465,0.7664573788642883
991,7212,attention,0.5902086276383627,0.3737976646849087,0.9923976063728333
992,7352,attention,0.4188463079929352,0.55026606336236,0.9823411703109741
993,2533,attention,0.4629115137021716,0.2822495938801184,0.9566816091537476
994,5950,attention,-0.14785120808161223,-0.14375261271085876,0.015209407545626163
995,7947,attention,0.5977005314081907,0.547312774695456,0.9940505623817444
996,2689,attention,0.6180519809325536,0.15189081016514036,0.7978682518005371
997,3110,attention,0.7728261506328216,0.40985110860604507,0.9963325262069702
998,4397,attention,0.10030064225196839,0.005845828652381897,0.31896790862083435
999,2935,attention,0.7193305362015963,0.19791765386859575,0.8999387621879578
1000,9632,gradient_x_input,0.7940857057961134,0.2293920241869413,0.9681628346443176
1001,9282,gradient_x_input,0.4346899327478911,0.1136302838200017,0.9990247488021851
1002,106,gradient_x_input,0.009927018515525325,-0.036952993081462,0.15904000401496887
1003,1446,gradient_x_input,0.4864850849718661,0.2431079326449214,0.957824170589447
1004,1513,gradient_x_input,0.28602007206748514,0.19303543690372915,0.8942596316337585
1005,6498,gradient_x_input,0.24577821124541133,0.06425899031915162,0.35145363211631775
1006,6973,gradient_x_input,0.480421995478017,0.07650964174951826,0.9980524778366089
1007,4952,gradient_x_input,0.27908350120891223,0.21990267796949906,0.9622885584831238
1008,8552,gradient_x_input,0.7325837849216028,0.1714543795043772,0.9872360825538635
1009,3027,gradient_x_input,-0.07141719719297007,-0.2013738477896703,0.053609464317560196
1010,2760,gradient_x_input,0.5241617805324494,0.1649012215435505,0.7212817668914795
1011,3060,gradient_x_input,0.35688323889459883,0.21225514624800002,0.9723584055900574
1012,33,gradient_x_input,0.414236117811764,0.32030268451746774,0.9623281955718994
1013,1349,gradient_x_input,0.5204112386951844,0.20310689291606346,0.8265097141265869
1014,4934,gradient_x_input,0.7701593047007919,0.10209381729364395,0.9679321050643921
1015,2680,gradient_x_input,0.7130344760033392,0.1314096373896445,0.9950430393218994
1016,9074,gradient_x_input,0.2388993518220054,0.27312663528654313,0.9623054265975952
1017,5414,gradient_x_input,0.31818162140093353,0.22551132817017405,0.9898973703384399
1018,6663,gradient_x_input,0.809306704650887,0.11625484309413216,0.9978005290031433
1019,5286,gradient_x_input,0.3438347578048706,0.16696913139178202,0.9718378782272339
1020,3782,gradient_x_input,0.20530830696225166,0.22870970703661442,0.9555014371871948
1021,4516,gradient_x_input,-0.2522712363861501,-0.1509680412709713,0.26527026295661926
1022,4554,gradient_x_input,0.012592135564140652,-0.024949458630188652,0.5958682894706726
1023,1595,gradient_x_input,0.3212621189080752,0.15929105419379014,0.9713711738586426
1024,3857,gradient_x_input,0.5519081141527106,0.295812527944402,0.9562403559684753
1025,3337,gradient_x_input,0.8406750876456499,0.18655669001432565,0.9958930015563965
1026,9255,gradient_x_input,0.3698089987039566,0.27692414820194244,0.9361338019371033
1027,1383,gradient_x_input,0.4451031937547352,0.2031493154556855,0.756279468536377
1028,4860,gradient_x_input,0.43370872026398066,0.17222408098833902,0.9939751029014587
1029,7275,gradient_x_input,0.5766459139792816,0.2217642146608104,0.9952195286750793
1030,8740,gradient_x_input,0.7473131262231618,0.25178977474570274,0.9622189998626709
1031,1155,gradient_x_input,0.5187429882909941,0.11169874538546024,0.9724428653717041
1032,6725,gradient_x_input,0.736972142897901,0.3234171154243605,0.8771812319755554
1033,1076,gradient_x_input,0.27710052898951937,0.1370747610926628,0.8524025678634644
1034,3058,gradient_x_input,0.7136612306103894,0.4765667379098503,0.9388748407363892
1035,4586,gradient_x_input,0.2665555497010549,0.15347613096237184,0.842685341835022
1036,1791,gradient_x_input,0.606248125147361,0.42986176893688166,0.8261635899543762
1037,6325,gradient_x_input,0.7106690987944603,0.08426342010498047,0.9986565113067627
1038,7506,gradient_x_input,0.514350006977717,0.1107134653462304,0.9964942336082458
1039,6495,gradient_x_input,0.5501656218578941,0.1066486380602184,0.9987700581550598
1040,9542,gradient_x_input,0.6370023724279905,0.1655979972136648,0.9656192660331726
1041,4694,gradient_x_input,0.561580051337519,0.2153025173371838,0.9920693635940552
1042,8369,gradient_x_input,-0.44131736163722557,-0.0898743188008666,0.01818203367292881
1043,7093,gradient_x_input,0.19281831394993898,0.013724005132010489,0.379228413105011
1044,2794,gradient_x_input,0.46477284606384195,0.1525605269100355,0.9661273956298828
1045,39,gradient_x_input,0.4181506768349678,0.13933347453994135,0.9776915311813354
1046,7478,gradient_x_input,-0.07477639703189626,-0.062328776892493755,0.03629209101200104
1047,1253,gradient_x_input,0.4439721001046045,0.1691646490778242,0.9669159650802612
1048,360,gradient_x_input,0.22559977713085355,0.1571623526868366,0.8149926066398621
1049,9638,gradient_x_input,0.6039491065644792,0.34278190934232305,0.8515133261680603
1050,1726,gradient_x_input,0.6817461957826334,0.3215080911622328,0.9851669669151306
1051,439,gradient_x_input,-0.1641560812396082,-0.13205244070426983,0.032697852700948715
1052,5267,gradient_x_input,-0.19319077274378607,-0.07431999944588717,0.36365991830825806
1053,4337,gradient_x_input,0.3749831587076187,0.27821897208690644,0.9380333423614502
1054,7724,gradient_x_input,0.27598638717944807,0.3242321298099481,0.9108648300170898
1055,7676,gradient_x_input,0.5276467462380727,0.2818552444378535,0.9552843570709229
1056,8913,gradient_x_input,0.39691966542830837,0.18112596640220055,0.9871233701705933
1057,2492,gradient_x_input,0.6569208559393883,0.32595875293016435,0.8015820980072021
1058,7462,gradient_x_input,0.4754455942999233,0.23458253456787628,0.9383172988891602
1059,7430,gradient_x_input,0.2816880811005831,0.11869483068585396,0.8598186373710632
1060,6620,gradient_x_input,0.5124306253856048,0.14969011954963207,0.962418794631958
1061,6221,gradient_x_input,0.4593706922605634,0.22618203692966038,0.9842601418495178
1062,8844,gradient_x_input,0.2886550142429769,0.08418728817592967,0.6842954158782959
1063,4518,gradient_x_input,0.4853666430960099,0.20429514249165853,0.7940210103988647
1064,1684,gradient_x_input,0.8350134790830669,0.1398707174119495,0.989425539970398
1065,29,gradient_x_input,0.6425169201360809,0.09667588273684184,0.9986901879310608
1066,6475,gradient_x_input,0.4872237247015749,0.067747006104106,0.7889692783355713
1067,6691,gradient_x_input,0.2516090619948603,-0.17065776067395363,0.5658720135688782
1068,1747,gradient_x_input,0.7925948983430863,0.27157933831214903,0.9513521194458008
1069,5559,gradient_x_input,0.45326307522399084,0.08105845110757011,0.9991921782493591
1070,3325,gradient_x_input,0.6413396883755922,0.25185794830322267,0.8735811710357666
1071,4525,gradient_x_input,0.6371773734378318,0.0940500261882941,0.9951671361923218
1072,5434,gradient_x_input,0.7501782858744264,0.10839984441796939,0.9970090985298157
1073,2129,gradient_x_input,0.7189496490690443,0.1477800408999125,0.9861270189285278
1074,5441,gradient_x_input,0.27964898541166977,0.35264124741425384,0.9363431930541992
1075,9420,gradient_x_input,-0.27910102268352227,-0.21668354465680964,0.25969892740249634
1076,1330,gradient_x_input,0.7985916097764857,0.06834927946329117,0.9988986253738403
1077,7369,gradient_x_input,-0.3110696510411799,-0.07121138891670853,0.06309627741575241
1078,2275,gradient_x_input,0.469617833109463,0.07851630799910601,0.9988258481025696
1079,1765,gradient_x_input,0.5898899623881215,0.09070022339406221,0.9983768463134766
1080,9131,gradient_x_input,0.6787527732808014,0.10125839813002224,0.991392970085144
1081,6095,gradient_x_input,0.6197417493676767,0.3761051841404127,0.7672213315963745
1082,1263,gradient_x_input,0.7028214241533229,0.24774963657061258,0.9291120767593384
1083,1142,gradient_x_input,0.6553045305259088,0.07894805950276992,0.9987917542457581
1084,7797,gradient_x_input,0.58550250199106,0.08605216443538666,0.9992775321006775
1085,4989,gradient_x_input,0.1496408413494787,0.08055314085175914,0.35265183448791504
1086,4395,gradient_x_input,0.5765527032993056,0.35868875055827876,0.9159936904907227
1087,5333,gradient_x_input,0.7477256311950359,0.10169586990818832,0.985869288444519
1088,8163,gradient_x_input,0.8186185433613983,0.079872265458107,0.996148943901062
1089,8995,gradient_x_input,0.3936341580222635,0.222622910843176,0.8720892071723938
1090,9568,gradient_x_input,0.4619742800792058,0.14084675212701162,0.9862967729568481
1091,6098,gradient_x_input,0.3070140839196168,0.2702528236863705,0.7101991772651672
1092,7278,gradient_x_input,0.7068004035701354,0.1460114041964213,0.9797466993331909
1093,1516,gradient_x_input,0.5663017980754376,0.309445333853364,0.936162531375885
1094,3501,gradient_x_input,0.36443869343825747,0.3010789943592889,0.9401589035987854
1095,4371,gradient_x_input,0.43037654971703887,0.13715113047510386,0.5645428895950317
1096,7736,gradient_x_input,0.8026023582028954,0.10227151020713475,0.9857485890388489
1097,1683,gradient_x_input,-0.11337354481220245,0.17500068098306656,0.6186842322349548
1098,1631,gradient_x_input,0.6839434685451644,0.35829768720127286,0.9548134207725525
1099,4601,gradient_x_input,-0.053151050492400126,-0.046227016035587556,0.23664434254169464
1100,6956,gradient_x_input,0.517086704671383,0.24905105769634248,0.9766616225242615
1101,8482,gradient_x_input,-0.30460766631250197,-0.3561099649239809,0.14265330135822296
1102,9095,gradient_x_input,0.3982297480106354,0.1749247392018636,0.9724326133728027
1103,7344,gradient_x_input,0.6676148543203319,0.08129511056122957,0.9950860142707825
1104,1732,gradient_x_input,0.615581280623491,0.19696939679292533,0.8685068488121033
1105,4373,gradient_x_input,0.3421667529778047,0.2732672789557414,0.9838618636131287
1106,971,gradient_x_input,0.533584042917937,0.02923539374023676,0.8528238534927368
1107,6578,gradient_x_input,0.6447642437285848,0.2664635272489654,0.8421292901039124
1108,1453,gradient_x_input,0.5244069036684538,0.10939473854868036,0.9988403916358948
1109,80,gradient_x_input,-0.193016732959742,-0.12523056673152105,0.009197588078677654
1110,8908,gradient_x_input,0.47585136487203483,0.2461958431145724,0.9895087480545044
1111,96,gradient_x_input,0.748341241106391,0.08496912568807602,0.9992652535438538
1112,4376,gradient_x_input,0.3420841648028447,0.2213263866993097,0.9677006602287292
1113,3207,gradient_x_input,0.7000808983164675,0.3424103400286506,0.943618893623352
1114,6462,gradient_x_input,0.2899426239378312,0.2676606230876025,0.9625318050384521
1115,6220,gradient_x_input,0.1681993239455753,0.19543593542443383,0.8176868557929993
1116,3279,gradient_x_input,0.7328224953796182,0.07609103513615471,0.9982277750968933
1117,8741,gradient_x_input,0.6036650687456131,0.07449159201453714,0.9531933665275574
1118,8758,gradient_x_input,0.7244837959023083,0.21419269284781287,0.9484697580337524
1119,5396,gradient_x_input,0.5002398884722165,0.32129348246824174,0.9956110119819641
1120,2855,gradient_x_input,0.8307150977353255,0.21562496225039166,0.9624814391136169
1121,1862,gradient_x_input,0.36925094292081634,0.23744817746096644,0.9382230043411255
1122,7659,gradient_x_input,0.4868880402598832,0.1503793850943849,0.6496463418006897
1123,8446,gradient_x_input,0.553184874355793,0.08557930402457714,0.999000608921051
1124,5152,gradient_x_input,0.7446435975531737,0.1421524363535422,0.9934417009353638
1125,2903,gradient_x_input,-0.25028451878664104,-0.1732883947186692,0.09596315026283264
1126,7581,gradient_x_input,0.5333857109149297,0.21743135750293732,0.9800508618354797
1127,9431,gradient_x_input,0.29641063837334514,0.29143626210005846,0.9518901109695435
1128,8948,gradient_x_input,0.21736463497985492,0.3287661103531718,0.9274129867553711
1129,2486,gradient_x_input,0.1642818840752755,0.11939859709569386,0.3828200697898865
1130,5552,gradient_x_input,0.3851464707404375,0.05327460169792175,0.704188883304596
1131,5479,gradient_x_input,0.4824519435564677,0.09305060704549153,0.9940979480743408
1132,3894,gradient_x_input,0.2644208927046169,0.2888297093185512,0.9003875255584717
1133,9430,gradient_x_input,-0.5751803294888564,-0.20456202352153405,0.009144823998212814
1134,9766,gradient_x_input,0.6530632688885644,0.2592008787961233,0.9533199071884155
1135,4355,gradient_x_input,-0.10540920141197387,0.02930783373968942,0.5043207406997681
1136,2833,gradient_x_input,0.7579426082472006,0.3608038065334161,0.9334944486618042
1137,3328,gradient_x_input,0.6843442428443167,0.24225805617041057,0.9440211653709412
1138,8019,gradient_x_input,-0.38805605412150423,-0.37459105253219604,0.06508404016494751
1139,3424,gradient_x_input,0.7210524503141642,0.2077368214726448,0.9666966795921326
1140,4539,gradient_x_input,0.5985209216122274,0.14005171811139142,0.9976791739463806
1141,4921,gradient_x_input,0.6133840740860804,0.18836506893453392,0.8028798699378967
1142,3469,gradient_x_input,0.8518127697209518,0.44419556657473247,0.9772527813911438
1143,5705,gradient_x_input,0.6840515130758286,0.06156057000160217,0.9992376565933228
1144,311,gradient_x_input,0.43648002640559125,0.061439077441508956,0.8606887459754944
1145,9045,gradient_x_input,0.6467109920368308,0.15150757204918636,0.8220238089561462
1146,2619,gradient_x_input,-0.2769816665556924,-0.15509301462563976,0.051463108509778976
1147,789,gradient_x_input,0.428060844540596,0.18219828108946481,0.9990278482437134
1148,2742,gradient_x_input,0.6556136596947908,0.3377076793462038,0.7575263977050781
1149,5653,gradient_x_input,0.2595968656241894,0.27645372102657956,0.9503976702690125
1150,483,gradient_x_input,-0.05355271680111235,-0.08950522575866092,0.06002400815486908
1151,8113,gradient_x_input,-0.24643528706780293,-0.11433065882543238,0.09422348439693451
1152,8478,gradient_x_input,0.5647435744895655,0.08697141619289622,0.9410490393638611
1153,1199,gradient_x_input,0.7175644184343326,0.26153453649618685,0.9228596687316895
1154,5507,gradient_x_input,-0.18606966603547334,-0.05356401596218348,0.009515474550426006
1155,3653,gradient_x_input,0.7519528069778493,0.09375981437532525,0.9983776807785034
1156,5065,gradient_x_input,0.6984726357109406,0.4066275104003794,0.9639037847518921
1157,1626,gradient_x_input,0.6027959376573563,0.17621626406908036,0.9438416361808777
1158,7661,gradient_x_input,0.7410604393011645,0.4597893961166081,0.8957914710044861
1159,6837,gradient_x_input,0.6242560135281604,0.0507316485695217,0.9946617484092712
1160,7655,gradient_x_input,0.5883745559387736,0.08624049690034655,0.999207079410553
1161,8538,gradient_x_input,0.7909306112144675,0.17070241698196956,0.9960850477218628
1162,1775,gradient_x_input,0.30856087515574127,0.1286573168777284,0.5390658974647522
1163,9643,gradient_x_input,0.8182850492885336,0.3153015593998134,0.9645392894744873
1164,8884,gradient_x_input,0.6018634952845112,0.10143659095610341,0.9989134073257446
1165,6778,gradient_x_input,0.713019066179792,0.06604173282782237,0.9992440938949585
1166,2340,gradient_x_input,0.7362809351512364,0.13486445801598684,0.9991305470466614
1167,7226,gradient_x_input,-0.18809611777859656,-0.05604676631363956,0.00604955805465579
1168,1472,gradient_x_input,0.4019866983095805,0.13369575923397428,0.9698266983032227
1169,8187,gradient_x_input,0.44822725984785294,0.18467647582292557,0.9685565233230591
1170,6250,gradient_x_input,0.22408522743927806,0.31103476725126566,0.9656291604042053
1171,2335,gradient_x_input,0.13962047609190145,0.27003058832552695,0.5073877573013306
1172,8981,gradient_x_input,-0.03638001212051937,-0.24229767067091806,0.4453115165233612
1173,8685,gradient_x_input,0.2638671953102638,0.2859910274374074,0.9569483399391174
1174,251,gradient_x_input,0.37234582510941167,0.16017713266260483,0.9886131286621094
1175,2732,gradient_x_input,0.4546576913665323,0.1422126468490152,0.9872681498527527
1176,4329,gradient_x_input,0.3464992025660144,0.16810029413965014,0.5334991216659546
1177,9545,gradient_x_input,0.6649085059762001,0.09191442198223537,0.9947755336761475
1178,2337,gradient_x_input,0.5530753913852904,0.20398705369896358,0.9955561757087708
1179,8695,gradient_x_input,0.6699712396629395,0.20163266793374093,0.9932746887207031
1180,2215,gradient_x_input,0.5982798004434222,0.3628338880482174,0.8041255474090576
1181,5436,gradient_x_input,0.506133762143907,0.07316103151866368,0.9989970326423645
1182,5058,gradient_x_input,0.6769366785883904,0.23868109834821602,0.8731930255889893
1183,9548,gradient_x_input,0.7419472586201585,0.10092840246532274,0.997448205947876
1184,108,gradient_x_input,0.45943138665623134,0.18048213091161516,0.9916799664497375
1185,3019,gradient_x_input,0.3672936074435711,0.1198678370565176,0.9842510223388672
1186,487,gradient_x_input,0.44061380107369685,-0.03756152755684323,0.7389118075370789
1187,2436,gradient_x_input,0.6194253724909597,0.1664136359768529,0.9545406103134155
1188,2417,gradient_x_input,0.7629272455349565,0.055314408242702486,0.981460452079773
1189,2684,gradient_x_input,0.639093904391579,0.06855135637780894,0.9987525939941406
1190,621,gradient_x_input,0.20960288286209106,0.06451783418655395,0.7547726631164551
1191,3281,gradient_x_input,-0.15865869658688705,-0.08034022649129231,0.18668235838413239
1192,8547,gradient_x_input,0.6049750284957034,0.35003130457230974,0.9267884492874146
1193,3941,gradient_x_input,0.5211427137255669,0.2721745031220572,0.9906874299049377
1194,2423,gradient_x_input,0.7275999547647578,0.27501189708709717,0.9757973551750183
1195,7682,gradient_x_input,0.3107783854007721,0.23015918135643004,0.9696162939071655
1196,4960,gradient_x_input,0.674066284123589,0.27447129873668447,0.9889083504676819
1197,2766,gradient_x_input,0.7531091979789463,0.17030129852620038,0.9588587284088135
1198,7662,gradient_x_input,0.5858660802450253,0.14086610646474929,0.961168646812439
1199,416,gradient_x_input,0.2995639864136191,0.2955686292227577,0.9832690954208374
1200,3898,gradient_x_input,-0.08370276815012882,-0.08894708831059306,0.07769396901130676
1201,7632,gradient_x_input,0.3732739956606002,0.38562538669932456,0.9160280823707581
1202,2328,gradient_x_input,0.25758820630255197,0.17488280364445277,0.9879507422447205
1203,2754,gradient_x_input,0.2784366563839071,0.36225932661224813,0.9427654147148132
1204,8234,gradient_x_input,0.6051110333204269,0.061048998832702636,0.9990573525428772
1205,3101,gradient_x_input,0.3316264259815216,0.2729498887062073,0.9242600202560425
1206,2108,gradient_x_input,0.6147920425449099,0.27454814527715954,0.964028537273407
1207,3100,gradient_x_input,0.6108059380893354,0.11845536916344254,0.9019454717636108
1208,5351,gradient_x_input,0.49585854141942914,0.08720979959734025,0.995079755783081
1209,3284,gradient_x_input,0.517414052696789,0.07280828496989082,0.9976966977119446
1210,4824,gradient_x_input,-0.009084505308419467,-0.08088164813816548,0.13088178634643555
1211,6551,gradient_x_input,0.33243415015084404,0.24114663856370108,0.9311828017234802
1212,7444,gradient_x_input,-0.1605899676968179,-0.15730022354161038,0.03573227301239967
1213,304,gradient_x_input,0.5779861949739002,0.08706905018715631,0.9971446394920349
1214,6360,gradient_x_input,0.663066656390826,0.22948384086290996,0.8318968415260315
1215,4190,gradient_x_input,0.3393429748359181,0.3667063443433671,0.6799197793006897
1216,6664,gradient_x_input,0.32650279336505467,0.21334415674209595,0.9751580357551575
1217,1945,gradient_x_input,0.6659817124535847,0.04665275911490122,0.9930548071861267
1218,5817,gradient_x_input,0.4858762089001096,0.26365082484224567,0.6252697110176086
1219,92,gradient_x_input,0.3648474130034447,0.4933132062852383,0.8895635008811951
1220,119,gradient_x_input,0.7232665233314037,0.10472799973054366,0.9980521202087402
1221,9591,gradient_x_input,0.8428159156306223,0.4403991861776872,0.9726136326789856
1222,8421,gradient_x_input,0.14041756440339417,0.024606459099670935,0.4128471314907074
1223,7945,gradient_x_input,0.33136148378252983,0.3219583253376186,0.9642028212547302
1224,2487,gradient_x_input,0.36724580241286237,0.2198871024276899,0.9868432879447937
1225,1245,gradient_x_input,0.4717788677662611,0.2889536019647494,0.9586703181266785
1226,346,gradient_x_input,0.6124302966689522,0.08851310068910773,0.9685521721839905
1227,9392,gradient_x_input,0.32248213239338086,0.2533839649480322,0.9378693103790283
1228,6604,gradient_x_input,0.3009660542011261,-0.10192460815111797,0.6204450130462646
1229,6338,gradient_x_input,-0.34699245960218833,-0.08177903245280807,0.000834527425467968
1230,8410,gradient_x_input,0.15561691671609879,-0.047028298440732454,0.5320336818695068
1231,4216,gradient_x_input,0.8512720939304147,0.1315923652478627,0.9906545281410217
1232,7436,gradient_x_input,0.0481698727235198,0.07454838789999485,0.3005826771259308
1233,6666,gradient_x_input,0.7488748641176657,0.19688938919341925,0.9798297882080078
1234,8051,gradient_x_input,0.7801078621830259,0.27760863091264454,0.8861161470413208
1235,1593,gradient_x_input,-0.19742890052935658,-0.11822356458972483,0.42213955521583557
1236,6951,gradient_x_input,0.546983356659229,0.2859862217536339,0.9741309881210327
1237,850,gradient_x_input,0.39092958931412014,0.1989062683922904,0.9226844906806946
1238,5506,gradient_x_input,0.36990841278215736,0.20675337532671487,0.9605305194854736
1239,8479,gradient_x_input,0.18644391106707708,0.22414674503462656,0.6882908344268799
1240,7182,gradient_x_input,0.6099957542286979,0.1132721785042021,0.9990254640579224
1241,2362,gradient_x_input,0.6291877692565322,0.08262214995920658,0.9605552554130554
1242,2178,gradient_x_input,0.32998235736574444,0.15121173688343592,0.9713332653045654
1243,1731,gradient_x_input,0.4933403597141688,0.2908516829976669,0.6578450798988342
1244,4185,gradient_x_input,0.7160235102239408,0.08644378655835201,0.9985074400901794
1245,673,gradient_x_input,0.7201037656353868,0.137155716833861,0.9983320832252502
1246,5212,gradient_x_input,-0.170528262526401,-0.305979040627544,0.03828458860516548
1247,4417,gradient_x_input,0.3515526354312897,0.2859088832681829,0.988991379737854
1248,1056,gradient_x_input,0.5205019293008027,0.11052944042064526,0.7681291699409485
1249,9593,gradient_x_input,0.37711840961128473,0.21339550390839576,0.5345463156700134
1250,623,gradient_x_input,-0.4449741202406585,-0.04694927530363202,0.00636622728779912
1251,6217,gradient_x_input,-0.35074083507061005,-0.04514418267890027,0.17396663129329681
1252,9597,gradient_x_input,0.7957583605472384,0.13276505161975993,0.9595625400543213
1253,2955,gradient_x_input,0.7147425201535225,0.05845134735107422,0.9993189573287964
1254,88,gradient_x_input,0.8137035429891613,0.3237591455173161,0.991609513759613
1255,3538,gradient_x_input,0.30327325784846354,0.14722927542109238,0.3988606333732605
1256,3643,gradient_x_input,0.7697523689518372,0.15936617387665641,0.9903565049171448
1257,8313,gradient_x_input,-0.3467710791155696,-0.008044952083559286,0.011754504404962063
1258,5649,gradient_x_input,0.4135766358752,0.2473696752598411,0.979526698589325
1259,1355,gradient_x_input,0.7055948405630059,0.09430432871535972,0.9946436882019043
1260,7142,gradient_x_input,0.4496094286441803,0.270333000591823,0.9791266918182373
1261,1512,gradient_x_input,0.33548649959266186,0.10806559585034847,0.9992332458496094
1262,7565,gradient_x_input,0.6596348782110474,0.3022967265999835,0.8191790580749512
1263,733,gradient_x_input,0.6624162456393242,0.4512751883268356,0.8700928092002869
1264,8765,gradient_x_input,0.5781238389146679,0.10760537403471329,0.6951959133148193
1265,9018,gradient_x_input,0.8179248429480053,0.30267221728960675,0.9558220505714417
1266,6240,gradient_x_input,0.6343139875680208,0.3292085900902748,0.9776548147201538
1267,590,gradient_x_input,0.6025912506239754,0.0845970440478552,0.9920754432678223
1268,3745,gradient_x_input,0.38330703122275217,0.3453746001635279,0.9819258451461792
1269,1919,gradient_x_input,0.44996837255629624,0.23048973896286704,0.9540902972221375
1270,7799,gradient_x_input,0.6387051228305389,0.24897794476870833,0.9871602058410645
1271,7684,gradient_x_input,0.35860084611922505,-0.13558182269334793,0.49804967641830444
1272,9486,gradient_x_input,0.5912858581807661,0.12400285193794652,0.9992591738700867
1273,5027,gradient_x_input,-0.0017012091619627817,0.13670308994395391,0.4381735622882843
1274,8568,gradient_x_input,0.4845981178805232,0.19159192219376564,0.9810352921485901
1275,5425,gradient_x_input,0.5814305561780929,0.11341129779815674,0.9990612864494324
1276,2377,gradient_x_input,0.32091502845287323,0.1507168693674935,0.9601444005966187
1277,6447,gradient_x_input,0.5245763771235943,0.12335897485415141,0.9751091003417969
1278,8029,gradient_x_input,0.4034501749735612,0.20575369779880232,0.985582709312439
1279,3855,gradient_x_input,-0.0022874087804839725,-0.038597638940527326,0.11994379758834839
1280,5221,gradient_x_input,-0.0958937755630662,-0.1034757765630881,0.029164791107177734
1281,5792,gradient_x_input,0.44684507747491203,0.11147399445374807,0.991037130355835
1282,3006,gradient_x_input,0.7846487787862618,0.13364968895912172,0.9922159314155579
1283,8706,gradient_x_input,0.4256106869628032,0.16241789112488428,0.9415528774261475
1284,2943,gradient_x_input,0.4770966786248931,0.15614126776826792,0.9687211513519287
1285,2072,gradient_x_input,0.6853062469383766,0.3085192169608741,0.7970373034477234
1286,3873,gradient_x_input,0.7637405946850777,0.06732389529546103,0.9970198273658752
1287,9297,gradient_x_input,-0.1886421365906363,-0.02101940078579861,0.03296465799212456
1288,9105,gradient_x_input,0.7815421670675278,0.3557408953515383,0.9780876636505127
1289,7635,gradient_x_input,-0.022870387881994247,-0.0749162222174081,0.10758447647094727
1290,5313,gradient_x_input,0.39550185203552246,0.2535910025238991,0.9668880105018616
1291,9675,gradient_x_input,-0.14775783562650666,-0.15363461988715407,0.004974109586328268
1292,2075,gradient_x_input,-0.15758157670497894,-0.04557312056422234,0.053853970021009445
1293,7144,gradient_x_input,0.7640465082457433,0.3631297006056859,0.9015594720840454
1294,3928,gradient_x_input,0.5961815055459738,0.06314421147108078,0.9981290698051453
1295,1393,gradient_x_input,0.8526281826556302,0.16717553711854494,0.9817909002304077
1296,263,gradient_x_input,-0.20647022646406424,-0.025723878213244934,0.2898430824279785
1297,970,gradient_x_input,0.6389870804548263,0.21276192009449005,0.973334550857544
1298,5821,gradient_x_input,0.3330026678740978,0.2330456761022409,0.8942013382911682
1299,8593,gradient_x_input,0.5946011189371347,0.34116516584022477,0.9818098545074463
1300,4553,gradient_x_input,-0.33149787442137796,-0.14791936303178468,0.32829201221466064
1301,1671,gradient_x_input,0.30403872496551937,0.12771851652198368,0.5629804730415344
1302,3118,gradient_x_input,0.6607209051197226,0.18415699357336218,0.9909118413925171
1303,4367,gradient_x_input,0.33286876870053156,0.25038180287395206,0.9808807373046875
1304,1760,gradient_x_input,0.2906302544805739,0.3057089149951935,0.9690166711807251
1305,3412,gradient_x_input,0.6440265781500123,0.09809099273248152,0.9991717338562012
1306,6066,gradient_x_input,0.15648161150791026,0.063347061475118,0.7794869542121887
1307,3616,gradient_x_input,0.3164664857527789,0.2038522292585934,0.9936226010322571
1308,5874,gradient_x_input,0.3618410403529803,0.25351003947712125,0.9226388931274414
1309,2189,gradient_x_input,0.31280523797740106,0.27818252988483594,0.9746144413948059
1310,6071,gradient_x_input,0.55835059688737,0.32259325310587883,0.867075502872467
1311,5148,gradient_x_input,0.6761977199245902,0.1303898622007931,0.9643544554710388
1312,9064,gradient_x_input,0.592296241886086,0.11019217140144771,0.997458279132843
1313,8381,gradient_x_input,0.3414657794766956,0.18739763730102116,0.9868038296699524
1314,3352,gradient_x_input,0.5347372628748417,0.1113567054271698,0.9986382126808167
1315,799,gradient_x_input,0.5721715012831348,0.10162628974233355,0.9461302161216736
1316,8656,gradient_x_input,0.5559943569333929,0.3045153398262827,0.9732416272163391
1317,7305,gradient_x_input,-0.05379536643624306,-0.1929168900847435,0.07638421654701233
1318,7948,gradient_x_input,0.3503944973150889,0.3767229527648952,0.9842782616615295
1319,7233,gradient_x_input,0.0754810825667598,0.201048653234135,0.6324408054351807
1320,2392,gradient_x_input,0.6459362747975521,0.09974267747667101,0.9936150312423706
1321,3443,gradient_x_input,0.44140856381919646,0.3586170892748568,0.9385005831718445
1322,8558,gradient_x_input,0.5664445300896962,0.2722386360168457,0.9839380383491516
1323,5014,gradient_x_input,-0.44716329375902814,-0.16172250794867674,0.17258937656879425
1324,4362,gradient_x_input,0.590147281555753,0.39059966057538986,0.9708105325698853
1325,8224,gradient_x_input,0.6218814801424741,0.21748635768890381,0.9616954922676086
1326,6865,gradient_x_input,0.1628392579463812,0.07951495166008289,0.8717062473297119
1327,7389,gradient_x_input,0.215883194045587,0.18530283732847733,0.936269223690033
1328,303,gradient_x_input,-0.3622719181911089,-0.053112842440605164,0.0007012131973169744
1329,8398,gradient_x_input,-0.025630820894966256,-0.22131640685571208,0.28007954359054565
1330,2907,gradient_x_input,0.27467410479273113,0.203560043658529,0.8069512844085693
1331,4619,gradient_x_input,0.4533737043539683,0.23219061891237894,0.9885609745979309
1332,4765,gradient_x_input,0.5118395194411278,0.14335376322269439,0.998802661895752
1333,3320,gradient_x_input,0.7475913835148658,0.305966729117978,0.8899001479148865
1334,5298,gradient_x_input,0.40960561970005865,0.18050959965457086,0.9332249760627747
1335,7927,gradient_x_input,0.5179165064667662,0.08195428053538005,0.8545619249343872
1336,2348,gradient_x_input,0.778861038919006,0.16274965022291457,0.9644157886505127
1337,4267,gradient_x_input,0.4511538603953246,0.3708669517574639,0.6212199926376343
1338,9648,gradient_x_input,0.7798055046393225,0.29264165212710697,0.9317938089370728
1339,3024,gradient_x_input,0.5950788525864482,0.09383525848388671,0.9987342953681946
1340,1373,gradient_x_input,0.47771895055969554,0.0942326510945956,0.998836100101471
1341,7377,gradient_x_input,0.7209280913230032,0.10357486642897129,0.9990803003311157
1342,9782,gradient_x_input,0.39506703689694406,0.2959825310856104,0.8678382039070129
1343,2771,gradient_x_input,0.645219225436449,0.17155666483773124,0.7824496030807495
1344,3,gradient_x_input,0.7738650802522897,0.32211086004972456,0.9241669774055481
1345,2908,gradient_x_input,0.4734425086800645,0.3016115267102311,0.8135327696800232
1346,3852,gradient_x_input,0.6797929601682546,0.10910123978790484,0.9910813570022583
1347,532,gradient_x_input,0.8566126082288591,0.21303613719187284,0.962285578250885
1348,7929,gradient_x_input,0.5609626824205572,0.06769723964459969,0.8912799954414368
1349,9423,gradient_x_input,0.8490532223473896,0.28381566432389344,0.9863002896308899
1350,290,gradient_x_input,0.43667882442474365,0.10753479838371277,0.9981344938278198
1351,3014,gradient_x_input,0.7016616670880467,0.09172646515071392,0.9992541670799255
1352,2874,gradient_x_input,0.5104491294998872,0.10281903492776971,0.9986442923545837
1353,5146,gradient_x_input,0.2520356973012288,0.25552122356990975,0.8436117768287659
1354,2221,gradient_x_input,0.5595683556050062,0.5046785062178969,0.9822390079498291
1355,6958,gradient_x_input,0.7044840843106309,0.07795936614274979,0.9993009567260742
1356,2997,gradient_x_input,0.4172524128641401,0.1693323512162481,0.961304247379303
1357,6729,gradient_x_input,0.4134142805635929,0.1943477988243103,0.96462082862854
1358,9159,gradient_x_input,0.8448498401900425,0.10518438062247108,0.995731770992279
1359,6175,gradient_x_input,0.5173314119930621,0.3371945473330992,0.9681376814842224
1360,568,gradient_x_input,0.3004443820180564,0.19873342329058155,0.9270312786102295
1361,5284,gradient_x_input,0.5240617333803066,0.15265065916748935,0.976405680179596
1362,1107,gradient_x_input,0.6745551249810627,0.4716888018218534,0.7932037711143494
1363,135,gradient_x_input,0.3292379027605057,0.338189582824707,0.9368587732315063
1364,7828,gradient_x_input,-0.07506925825561796,-0.03237857882465635,0.3658970296382904
1365,8709,gradient_x_input,-0.6888487269992337,-0.14910359987441232,0.02544507198035717
1366,7998,gradient_x_input,0.10375867513093082,0.2589401408013972,0.7665109038352966
1367,1087,gradient_x_input,0.5470977966838023,0.13950204673935385,0.8537840843200684
1368,8291,gradient_x_input,0.8608314253227867,0.4070469996203547,0.9410193562507629
1369,2301,gradient_x_input,0.2800490021705627,0.1537650179862976,0.9671322107315063
1370,4339,gradient_x_input,0.6133968264662794,0.4070976802946201,0.8522483706474304
1371,6851,gradient_x_input,0.5219802743306866,0.19919321879192634,0.6938560009002686
1372,3047,gradient_x_input,-0.5101297751069069,-0.12194067090749741,0.10545691847801208
1373,4130,gradient_x_input,0.8517868435010314,0.1981432611743609,0.9443525075912476
1374,4521,gradient_x_input,-0.055448223578019276,-0.06986138027989203,0.09096166491508484
1375,7538,gradient_x_input,0.1763734215249618,0.13918802716458836,0.3638705015182495
1376,5473,gradient_x_input,0.1476188881529702,0.22478982309500375,0.8120206594467163
1377,388,gradient_x_input,0.45507251079145233,0.15965519061214045,0.8015188574790955
1378,4217,gradient_x_input,0.2142889192327857,0.03196188621222973,0.5779595971107483
1379,2122,gradient_x_input,0.6296057493115464,0.11596914008259773,0.9977005124092102
1380,1310,gradient_x_input,0.204967823293474,0.20283778508504233,0.9692909121513367
1381,647,gradient_x_input,0.4033070355653763,0.4647157400846481,0.9488439559936523
1382,6510,gradient_x_input,0.44942315334552213,0.13655454234073036,0.9833945035934448
1383,8040,gradient_x_input,0.6340671782381833,0.06778111557165782,0.9975296854972839
1384,1183,gradient_x_input,-0.2882381354769071,-0.07383773103356361,0.44328320026397705
1385,2859,gradient_x_input,-0.34305450320243835,-0.051676205144478723,0.0708840936422348
1386,7769,gradient_x_input,0.3650362955199348,0.3205205636719863,0.9863786697387695
1387,8403,gradient_x_input,0.653683231157415,0.08982393671484555,0.9990056157112122
1388,7110,gradient_x_input,-0.393874346771661,-0.31547021734363895,0.06591426581144333
1389,5798,gradient_x_input,0.4293809188529849,0.3713873908855021,0.9707988500595093
1390,3128,gradient_x_input,0.1002089451341068,0.20295029177385218,0.6084095239639282
1391,7197,gradient_x_input,-0.16254771267995238,-0.09105705219106032,0.019350392743945122
1392,3148,gradient_x_input,0.7102781122922898,0.08580084443092346,0.9991171956062317
1393,510,gradient_x_input,0.15843513432671041,0.38043877723462444,0.9090822339057922
1394,3059,gradient_x_input,0.5369147066440847,0.1044672934545411,0.9989257454872131
1395,7940,gradient_x_input,0.35870300928751625,0.1999074642856916,0.9725682139396667
1396,4049,gradient_x_input,0.48866576203145085,0.5254405896179378,0.8885692954063416
1397,5875,gradient_x_input,0.6428664605254713,0.16215727251508963,0.9928449988365173
1398,3859,gradient_x_input,0.599850540359815,0.3359822452068329,0.7833877801895142
1399,6849,gradient_x_input,0.31257480587810277,0.2795273751020432,0.8347878456115723
1400,8149,gradient_x_input,0.43787622852967334,0.15927860255424792,0.9014089107513428
1401,6260,gradient_x_input,0.7387555986642838,0.24033879715463388,0.9929719567298889
1402,3312,gradient_x_input,0.3181179366809757,0.10715772878182561,0.5335983037948608
1403,7866,gradient_x_input,0.5185912194160315,0.10611983904471764,0.6442232131958008
1404,4201,gradient_x_input,0.7714351350658162,0.3042165127604507,0.9830516576766968
1405,7652,gradient_x_input,0.41907602413134143,0.26263009147210553,0.9819926023483276
1406,4273,gradient_x_input,0.5491326281970198,0.07396244370576108,0.9991675615310669
1407,3181,gradient_x_input,0.6183656368118066,0.0729326273386295,0.9992551207542419
1408,3817,gradient_x_input,0.6268808440520213,0.10298691804592426,0.9986269474029541
1409,1880,gradient_x_input,-0.2585438657552004,-0.2273798245522711,0.022221459075808525
1410,5350,gradient_x_input,0.4806958149470713,0.10538264202034991,0.9632857441902161
1411,3615,gradient_x_input,0.47476159630192294,0.19695476462712158,0.7157031893730164
1412,4058,gradient_x_input,0.7104521170258522,0.0839619878679514,0.9907994866371155
1413,6915,gradient_x_input,0.06271036465962727,0.16958718695160416,0.5923469066619873
1414,321,gradient_x_input,0.6610028938286834,0.1367766625351376,0.9952256679534912
1415,4722,gradient_x_input,0.5008215965593562,0.10908768808140475,0.9503648281097412
1416,6422,gradient_x_input,0.6969043764731159,0.10251151219658229,0.997572124004364
1417,3295,gradient_x_input,0.6733479755108848,0.15596826462184682,0.8687331676483154
1418,6421,gradient_x_input,0.6291936031159233,0.10318179691539091,0.998999297618866
1419,9330,gradient_x_input,0.42466514706611636,0.26563875476519266,0.954147458076477
1420,8138,gradient_x_input,0.5215151142328978,0.224598144646734,0.9920458793640137
1421,3205,gradient_x_input,0.3389415144920349,0.2985071154932181,0.9521381258964539
1422,2522,gradient_x_input,0.6565557497952665,0.11161561352866037,0.9922160506248474
1423,6998,gradient_x_input,0.7898874874500668,0.1258443409905714,0.9886783957481384
1424,5556,gradient_x_input,-0.23703653720163165,-0.10622641213593029,0.06423544883728027
1425,5938,gradient_x_input,0.7260170677304267,0.29068453431129454,0.9907616972923279
1426,500,gradient_x_input,0.4049572841160827,0.2071504199670421,0.6530604958534241
1427,3000,gradient_x_input,0.5276995607112583,0.07175749069765995,0.9990554451942444
1428,3555,gradient_x_input,0.631702865309575,0.07880198429612552,0.9978803396224976
1429,8612,gradient_x_input,0.2511843840281169,0.11863292753696442,0.828925609588623
1430,9249,gradient_x_input,0.7097549497770766,0.06994624137878418,0.9946476817131042
1431,3032,gradient_x_input,0.5308197560409705,-0.028437755505243936,0.7743358016014099
1432,9705,gradient_x_input,0.5406955960724089,0.08914193676577674,0.9940424561500549
1433,330,gradient_x_input,0.4157930795103312,-0.0029148489236831667,0.600763201713562
1434,3078,gradient_x_input,0.37286486542400193,0.15476659531979,0.5354819893836975
1435,2018,gradient_x_input,0.34724293111099136,0.25040674747692215,0.9089534878730774
1436,3274,gradient_x_input,0.7646092420443893,0.11778455823659897,0.995722770690918
1437,3233,gradient_x_input,0.8830780094223363,0.13566598296165466,0.9940409064292908
1438,3387,gradient_x_input,0.35567890852689743,0.18109766766428947,0.9725990891456604
1439,144,gradient_x_input,0.7457654948035876,0.36974388305787687,0.9869341850280762
1440,9742,gradient_x_input,0.6964721849395169,0.26386407514413196,0.818504273891449
1441,367,gradient_x_input,0.7338591983231405,0.13389290993412337,0.998177170753479
1442,8679,gradient_x_input,0.3496173446377118,0.17831737796465555,0.976711094379425
1443,4304,gradient_x_input,-0.25094675911324366,-0.08264649965401206,0.018913188949227333
1444,7178,gradient_x_input,0.6672540771273466,0.2936576387056938,0.8497866988182068
1445,333,gradient_x_input,0.6974579703224741,0.1543463805447454,0.8701139092445374
1446,518,gradient_x_input,0.5538376291783956,0.11417852342128754,0.9952192902565002
1447,7040,gradient_x_input,-0.4757949635386467,-0.06834325735690072,0.14968620240688324
1448,4229,gradient_x_input,0.584843261539936,0.20119819641113282,0.9969261288642883
1449,3833,gradient_x_input,0.12513168156147003,0.18783074393868446,0.7476546764373779
1450,6058,gradient_x_input,0.43904826965402155,0.13134843111038208,0.6018276214599609
1451,576,gradient_x_input,0.34578803970533256,0.07684739898232852,0.9637328386306763
1452,4215,gradient_x_input,0.10787062092046988,0.06259252385873544,0.260951429605484
1453,2758,gradient_x_input,0.43035391508004606,0.14219443461833856,0.8286831378936768
1454,4756,gradient_x_input,0.7293431376633437,0.15983180377794348,0.9935852885246277
1455,9000,gradient_x_input,-0.217522431910038,-0.004675865545868874,0.12003961205482483
1456,3813,gradient_x_input,0.4389376220378009,0.15500736033374612,0.9870816469192505
1457,3045,gradient_x_input,0.6135330945253372,0.12626203894615173,0.9988301396369934
1458,4047,gradient_x_input,0.6649536529467219,0.368281989580109,0.8596615195274353
1459,9094,gradient_x_input,0.5913640568032861,0.09473505057394505,0.9986509680747986
1460,8181,gradient_x_input,0.3487582117319107,0.23820956349372863,0.9784512519836426
1461,6309,gradient_x_input,-0.06348452247955182,0.20603509399074096,0.6036069393157959
1462,1479,gradient_x_input,0.5609708242118359,0.18422886356711388,0.9603115916252136
1463,543,gradient_x_input,0.5399948543515699,0.07534861461869602,0.9940100908279419
1464,1618,gradient_x_input,-0.3111698430776596,-0.13787938356399537,0.14190685749053955
1465,9032,gradient_x_input,0.6317841284202806,0.07279731288100734,0.9992054104804993
1466,7746,gradient_x_input,0.27624551951885223,0.27898046374320984,0.9548157453536987
1467,6039,gradient_x_input,0.31890294497663324,0.2771502733230591,0.9764971733093262
1468,7919,gradient_x_input,0.5311530574478887,0.4763294856318019,0.9028574228286743
1469,7624,gradient_x_input,0.7428719585140546,0.1814183274904887,0.9990122318267822
1470,9495,gradient_x_input,0.754695707000792,0.20509305596351624,0.834303081035614
1471,8657,gradient_x_input,0.6149763046276002,0.08790482367788043,0.9993705153465271
1472,7160,gradient_x_input,0.4097555691287631,0.14491155034019834,0.9981908202171326
1473,2358,gradient_x_input,0.4633520987744515,0.18714702473236963,0.9835274815559387
1474,8250,gradient_x_input,0.6586035289194273,0.06607900624689848,0.998700737953186
1475,1655,gradient_x_input,0.666495629772544,0.10465987175703048,0.9992042183876038
1476,6911,gradient_x_input,0.2815928142517805,0.31360932951793075,0.98585444688797
1477,1746,gradient_x_input,0.3411436233669519,0.1892480120062828,0.8453182578086853
1478,5794,gradient_x_input,0.06005276595392535,0.029749850111622966,0.5763975381851196
1479,14,gradient_x_input,0.6732316304530416,0.15156306539263045,0.9254668951034546
1480,1877,gradient_x_input,0.24774482369422912,0.21227064609527588,0.9283985495567322
1481,7888,gradient_x_input,0.43478224603902726,0.33204376484666553,0.6209816932678223
1482,8520,gradient_x_input,0.5204943211684967,0.20624509967606644,0.9945182204246521
1483,6883,gradient_x_input,0.7431194120020207,0.09244516704763685,0.9991248250007629
1484,3761,gradient_x_input,0.5899324021660365,0.14925811153191787,0.8248681426048279
1485,0,gradient_x_input,-0.06715245282760372,-0.011645445703632303,0.0986374020576477
1486,6831,gradient_x_input,0.7525001226199998,0.12159607145521376,0.9891304969787598
1487,7722,gradient_x_input,0.6087472873830027,0.10491885196778082,0.9989509582519531
1488,9630,gradient_x_input,0.2916705985864004,0.20679797232151031,0.9376663565635681
1489,7672,gradient_x_input,0.2028627097606659,0.3271776927368982,0.9001717567443848
1490,6568,gradient_x_input,-0.1534371257501854,-0.08517228653987072,0.007909066043794155
1491,655,gradient_x_input,0.538210126105696,0.20190730194250742,0.8710845708847046
1492,9349,gradient_x_input,0.40022792749934727,0.466453418135643,0.9814972877502441
1493,4241,gradient_x_input,0.27374285688767064,0.13350282036341155,0.7871843576431274
1494,3023,gradient_x_input,0.3720352277159691,0.1670074462890625,0.919459342956543
1495,1851,gradient_x_input,0.5917735089989085,0.16863024234771729,0.8787786960601807
1496,349,gradient_x_input,0.7044981096325249,0.13606727637093644,0.9561300277709961
1497,6340,gradient_x_input,0.5932362976018339,0.3447037385776639,0.9189292192459106
1498,1156,gradient_x_input,0.6196578846258276,0.09833246820113238,0.9633340835571289
1499,3017,gradient_x_input,-0.1118770417358194,0.0034565078360693797,0.3839060366153717
1500,457,gradient_x_input,0.8487572092562914,0.5059405061132882,0.962230920791626
1501,2867,gradient_x_input,0.6895721028982238,0.22824901782653548,0.8307356834411621
1502,5033,gradient_x_input,0.6354954795768628,0.21040774767215437,0.7622251510620117
1503,4622,gradient_x_input,0.67720919167218,0.04832944662674614,0.968241810798645
1504,6329,gradient_x_input,0.3041025034384802,0.28516009598970415,0.9385843276977539
1505,7081,gradient_x_input,0.43094605952501297,0.26992631889879704,0.9942031502723694
1506,6786,gradient_x_input,0.27645800908406576,0.28496269981066386,0.9111940264701843
1507,8458,gradient_x_input,0.4734313815832138,0.4288049407303333,0.8931017518043518
1508,5206,gradient_x_input,0.8252794737132584,0.3515757027922607,0.9789188504219055
1509,6053,gradient_x_input,-0.16821942195810122,0.011648925727811354,0.49445515871047974
1510,131,gradient_x_input,0.39344342425465584,0.03169307443830702,0.6107523441314697
1511,3692,gradient_x_input,0.5475560309631484,0.19728618008749826,0.9715312719345093
1512,6192,gradient_x_input,-0.04688322816330653,-0.052925029053137854,0.07993277907371521
1513,9523,gradient_x_input,0.6136345713422066,0.4362161424828739,0.9081476330757141
1514,4587,gradient_x_input,0.614768397476938,0.08306148206746136,0.998994767665863
1515,9818,gradient_x_input,0.7140341026379782,0.06929423528559067,0.9988577365875244
1516,3235,gradient_x_input,0.7216792575394114,0.15405011425415674,0.9929218888282776
1517,8641,gradient_x_input,0.46654331258365084,0.25879241180207047,0.9664108753204346
1518,4879,gradient_x_input,0.20539097558884395,0.2756135409609193,0.9776156544685364
1519,6854,gradient_x_input,0.3454121857881546,0.3130877000944955,0.9529315829277039
1520,8572,gradient_x_input,0.7353978764731437,0.1310152318328619,0.9932454228401184
1521,3639,gradient_x_input,0.648270213178226,0.07211947653974805,0.9987615346908569
1522,7358,gradient_x_input,0.5243089841357593,0.2674221843481064,0.7783646583557129
1523,8826,gradient_x_input,0.2933475577738136,-0.0006515830755233765,0.4840882122516632
1524,2303,gradient_x_input,0.7216593454922399,0.09096442114922308,0.9956327080726624
1525,7315,gradient_x_input,0.2798838209489296,-0.033884722097166656,0.6106830835342407
1526,5308,gradient_x_input,0.32724096558310767,0.27389080822467804,0.9126634001731873
1527,6808,gradient_x_input,0.2208288805238132,0.14446254331490088,0.8489876985549927
1528,9395,gradient_x_input,0.17383130123982063,0.12267496035649227,0.7789750099182129
1529,265,gradient_x_input,0.4973073089900224,0.22280403582946115,0.8708841800689697
1530,4763,gradient_x_input,0.6215076940004818,0.16924864053726196,0.9855599403381348
1531,9111,gradient_x_input,0.31118501474459964,0.2315900002916654,0.9691193699836731
1532,6789,gradient_x_input,0.5987808555364609,0.06289390940219164,0.9992507100105286
1533,4597,gradient_x_input,0.7431085319923503,0.277291864156723,0.9785223603248596
1534,2531,gradient_x_input,0.6153625643406159,0.08017255404056647,0.9853041768074036
1535,4862,gradient_x_input,0.372942926870151,0.10178103952696829,0.8738942742347717
1536,7669,gradient_x_input,0.7220915716729666,0.08186120735971551,0.97765052318573
1537,316,gradient_x_input,0.357288962916324,0.22570516482779854,0.9799106121063232
1538,1897,gradient_x_input,0.6421026645228267,0.29556371867656706,0.9737160801887512
1539,8860,gradient_x_input,0.6636117153801024,0.19460395351052284,0.9691268801689148
1540,6407,gradient_x_input,0.3251747538646062,0.28322532069351936,0.9932839870452881
1541,8231,gradient_x_input,0.8162774422808605,0.3750199465190663,0.9410664439201355
1542,8521,gradient_x_input,0.7308115117251873,0.07007543295621872,0.9947197437286377
1543,6112,gradient_x_input,-0.1620588873823484,0.029593830307324726,0.4355413317680359
1544,8128,gradient_x_input,0.6928583206608891,0.10354943946003914,0.9890751838684082
1545,2039,gradient_x_input,0.6046268689549632,0.2774178584416707,0.9600508809089661
1546,103,gradient_x_input,0.34433843462895125,0.23597319768025324,0.9631112217903137
1547,3297,gradient_x_input,0.4673616364598274,0.3292433610185981,0.9856247901916504
1548,794,gradient_x_input,0.3563998579978943,0.1865823185443878,0.9443362951278687
1549,5967,gradient_x_input,0.5940358840367373,0.08662169426679611,0.8289457559585571
1550,5332,gradient_x_input,0.4547999717076035,0.3437744624474469,0.8382739424705505
1551,8586,gradient_x_input,0.9216238002439863,0.45261202517308685,0.9921369552612305
1552,1658,gradient_x_input,0.32152407793771653,0.33760385641029905,0.9818339943885803
1553,3933,gradient_x_input,0.35824155101947713,0.16074113005941565,0.5291715264320374
1554,6968,gradient_x_input,0.029221997492843203,0.314682442901863,0.6199992895126343
1555,9469,gradient_x_input,0.5603361664258916,0.09975922755573106,0.9769855737686157
1556,7854,gradient_x_input,0.6378132286998961,0.062319866485065885,0.999139666557312
1557,3210,gradient_x_input,0.8156287696522971,0.25848421019812423,0.9756098985671997
1558,7012,gradient_x_input,0.10637630436879893,0.06621668208390474,0.264143705368042
1559,9808,gradient_x_input,0.10416463375091553,0.2446181046962738,0.7872603535652161
1560,2973,gradient_x_input,0.611762103281523,0.08987255159177278,0.9840971231460571
1561,932,gradient_x_input,0.5571877592802048,0.17461204886436463,0.9866427183151245
1562,6163,gradient_x_input,-0.08578096506626982,-0.09954786447710112,0.026402827352285385
1563,6432,gradient_x_input,-0.359443918466568,-0.23780845806002618,0.031631968915462494
1564,3497,gradient_x_input,0.3795977391768247,0.05784642299016317,0.7145542502403259
1565,3202,gradient_x_input,0.30664632250280943,0.3063402500222711,0.9831774830818176
1566,2611,gradient_x_input,0.3522202913959821,0.07062142988046011,0.7181421518325806
1567,9631,gradient_x_input,0.7319366937875748,0.0681509554386139,0.9975438714027405
1568,567,gradient_x_input,0.7789676469461672,0.07118498251355927,0.9992727637290955
1569,764,gradient_x_input,0.4838551671215982,0.23883900317278775,0.9581872224807739
1570,4366,gradient_x_input,0.7240857045321415,0.18778385321299235,0.8819878697395325
1571,8367,gradient_x_input,0.5707340713809518,0.10976696890943191,0.996088981628418
1572,7360,gradient_x_input,0.342159944276015,0.1847467174132665,0.950849175453186
1573,1441,gradient_x_input,0.005831931443775401,0.13111020449329824,0.5225072503089905
1574,921,gradient_x_input,0.6317199597963028,0.27130117681291366,0.721268892288208
1575,8222,gradient_x_input,0.43851765537900583,0.1686947239296777,0.7036123275756836
1576,1794,gradient_x_input,0.3581108110291617,0.16798475704022817,0.984599232673645
1577,3838,gradient_x_input,-0.004681382328271866,-0.04492065372566382,0.5447940230369568
1578,3122,gradient_x_input,-0.025117443595081567,-0.08041646778583526,0.3252335488796234
1579,6127,gradient_x_input,0.4124916081245129,0.3683607979462697,0.9894648790359497
1580,6319,gradient_x_input,0.33333204239606856,0.3424550320953131,0.9655657410621643
1581,2388,gradient_x_input,0.5220904592424631,0.09608114697039127,0.9973189234733582
1582,4466,gradient_x_input,0.4624458223014422,0.27717670863089355,0.7624629735946655
1583,4505,gradient_x_input,-0.12681880086660385,-0.11210031807422638,0.30798232555389404
1584,1606,gradient_x_input,-0.4844256255613721,-0.12297187211072963,0.026440080255270004
1585,2147,gradient_x_input,0.7926528760446951,0.20404903705303484,0.9894049167633057
1586,36,gradient_x_input,0.006486017629504204,-0.01920749768614769,0.2623435854911804
1587,9147,gradient_x_input,0.5192304338727679,0.05245756393387204,0.9971705079078674
1588,761,gradient_x_input,0.5049356766369032,0.1856737953165303,0.9777165055274963
1589,5268,gradient_x_input,0.6953624006710015,0.10772687196731567,0.9004117846488953
1590,3038,gradient_x_input,0.2505996035678046,0.16645096561738423,0.9652833938598633
1591,5503,gradient_x_input,-0.41595686742892635,-0.1356159242299887,0.32839009165763855
1592,5228,gradient_x_input,0.599736265324313,0.2983982634955439,0.9517662525177002
1593,1623,gradient_x_input,0.722034014923417,0.16036522777184195,0.9970663189888
1594,577,gradient_x_input,0.807008810533101,0.08336209900238935,0.9916029572486877
1595,6426,gradient_x_input,0.687872114623415,0.28111893760746925,0.9478297829627991
1596,8087,gradient_x_input,0.3229720938252285,0.242781926142542,0.9382505416870117
1597,8536,gradient_x_input,0.8153240827843546,0.3277730256319046,0.9801725745201111
1598,9564,gradient_x_input,0.035785982178317174,0.025589437120490603,0.6779492497444153
1599,2232,gradient_x_input,0.22480900585651398,0.16700721379103406,0.4855306148529053
1600,2319,gradient_x_input,0.5230654951184988,0.11087768077850342,0.9985079169273376
1601,5707,gradient_x_input,0.8418615297117131,0.10646065942784573,0.9824575781822205
1602,9690,gradient_x_input,0.4351857800198638,0.2065682378800019,0.9526093006134033
1603,5306,gradient_x_input,0.6780067092101825,0.24144764009274935,0.917029082775116
1604,7938,gradient_x_input,0.5171302829035803,0.14428366014831945,0.7688800096511841
1605,2167,gradient_x_input,0.76424504308538,0.262636891820214,0.9630782604217529
1606,637,gradient_x_input,0.7275466562559207,0.38745926866928737,0.9274817705154419
1607,8668,gradient_x_input,0.7831030507571995,0.12447616100311279,0.9877392649650574
1608,5594,gradient_x_input,0.14374424942902156,0.13322110686983382,0.5761840343475342
1609,6555,gradient_x_input,0.4962867887483703,0.0852647903892729,0.9992969036102295
1610,8098,gradient_x_input,0.08258345276117325,0.04140665121376515,0.24117931723594666
1611,47,gradient_x_input,-0.07454891700078459,-0.038364866200615376,0.20352104306221008
1612,5505,gradient_x_input,0.5135224528965496,0.14117555675052462,0.98012375831604
1613,9196,gradient_x_input,0.4007158361088771,0.16252752450796273,0.6094520092010498
1614,8416,gradient_x_input,0.671306494390592,0.046141704375093635,0.9042535424232483
1615,4509,gradient_x_input,0.33788156807422637,0.2092824712395668,0.9717438817024231
1616,2638,gradient_x_input,0.3682352939949316,0.20915554200901704,0.7614095211029053
1617,8708,gradient_x_input,-0.10229478627443314,-0.035371380299329756,0.30860814452171326
1618,8476,gradient_x_input,0.5773825259371237,0.08292394605549899,0.9976323843002319
1619,3080,gradient_x_input,0.7068696056803068,0.08000587821006774,0.9966145157814026
1620,2870,gradient_x_input,0.3776380904018879,0.28338709205854684,0.9444919228553772
1621,2213,gradient_x_input,0.3376993326579823,0.1878504192127901,0.9873278737068176
1622,6043,gradient_x_input,0.29773316234350206,0.22550007998943328,0.9749992489814758
1623,3798,gradient_x_input,0.7008672535109023,0.2752610643704732,0.8376720547676086
1624,7972,gradient_x_input,-0.5978346336632967,-0.03612900778534822,0.04180767759680748
1625,5739,gradient_x_input,0.5082464158535004,0.0742522969841957,0.9992349147796631
1626,4822,gradient_x_input,0.7000133254948784,0.12906881290323594,0.9987514019012451
1627,9067,gradient_x_input,0.18924183957278728,0.34285211842507124,0.9764629006385803
1628,5799,gradient_x_input,0.6321718587229649,0.07059754927953084,0.9974138736724854
1629,7482,gradient_x_input,0.3823088566462199,0.2392214596271515,0.9863818883895874
1630,2114,gradient_x_input,0.13836463779211045,-0.03300952613353729,0.3841591775417328
1631,1112,gradient_x_input,0.38213883638381957,0.43685130334148803,0.9246504306793213
1632,8178,gradient_x_input,0.7367053271635718,0.05018994989602462,0.9987326264381409
1633,3717,gradient_x_input,0.7211440895881617,0.12275622739936366,0.9978812336921692
1634,713,gradient_x_input,0.38382398390344213,0.2233457522732871,0.6787249445915222
1635,872,gradient_x_input,-0.3198245399010678,-0.1801660927788665,0.006751407403498888
1636,1149,gradient_x_input,0.41909912824630735,0.12748945156733196,0.9992714524269104
1637,9299,gradient_x_input,0.3568925166130066,0.2670620733499527,0.9897764921188354
1638,5663,gradient_x_input,0.2086552232503891,0.26099418848752975,0.8241956233978271
1639,8167,gradient_x_input,0.7292579096697626,0.15142348266783215,0.9927402138710022
1640,3315,gradient_x_input,0.6189850319642574,0.10506371036171913,0.9959801435470581
1641,4588,gradient_x_input,0.026612154932485685,-0.033424693125265616,0.24657361209392548
1642,5098,gradient_x_input,0.3380304992198944,0.20291157960891723,0.8380978107452393
1643,6077,gradient_x_input,0.19392187297344207,0.28432133346796035,0.9428192377090454
1644,7966,gradient_x_input,0.4709623474627733,0.15685229189693928,0.9727963805198669
1645,1020,gradient_x_input,0.5145888142287731,0.24367678724229336,0.9453994631767273
1646,4102,gradient_x_input,0.7281030347121173,0.30290534270220787,0.920638918876648
1647,5368,gradient_x_input,0.46091627057355183,0.23367252888587806,0.7161983847618103
1648,6543,gradient_x_input,0.6231224994207251,0.0689960163215111,0.9991393089294434
1649,958,gradient_x_input,0.4100317478179932,0.09229155580202739,0.9986810088157654
1650,3846,gradient_x_input,0.3624299392104149,0.1913998437424501,0.7620038986206055
1651,2748,gradient_x_input,0.21031381978708155,0.21665948717033162,0.9026685357093811
1652,4710,gradient_x_input,-0.23886266207721615,-0.07444373837539128,0.01703186146914959
1653,8279,gradient_x_input,0.3409432907899221,0.272678675254186,0.9681678414344788
1654,586,gradient_x_input,-0.028192313181029424,0.06253788703017765,0.5279684662818909
1655,1817,gradient_x_input,0.7092775971229587,0.10691639142377037,0.9860901832580566
1656,782,gradient_x_input,0.6715118839508958,0.10282601747247908,0.9673630595207214
1657,8241,gradient_x_input,0.23362499340014023,-0.020233993277405247,0.5858674049377441
1658,335,gradient_x_input,0.6414670808159787,0.1429548600445623,0.9956756234169006
1659,3755,gradient_x_input,0.756777738982981,0.0996140485460108,0.9958266615867615
1660,2191,gradient_x_input,0.7852379039806479,0.082454313250149,0.9968668818473816
1661,9214,gradient_x_input,-0.14742894275557428,-0.14002272025460288,0.0821123942732811
1662,5205,gradient_x_input,0.39979272781822245,0.29742591867321416,0.9564659595489502
1663,6073,gradient_x_input,0.41251513361930847,0.28671019630772726,0.909386157989502
1664,23,gradient_x_input,-0.038483525105916405,0.014732245355844498,0.10498066991567612
1665,4923,gradient_x_input,0.5426449880880468,0.18458513301961563,0.9979714751243591
1666,4556,gradient_x_input,0.7500035102582641,0.20764284001456368,0.994708776473999
1667,2012,gradient_x_input,0.678822941504992,0.09025542667278877,0.9872057437896729
1668,381,gradient_x_input,0.3302838057279587,0.28524389266967776,0.7154651880264282
1669,3127,gradient_x_input,0.13970672787399963,-0.22991612367331982,0.4122379422187805
1670,6398,gradient_x_input,0.5637887831438672,0.2522529722614722,0.8674048185348511
1671,1981,gradient_x_input,0.4334091639944485,0.23346068390778132,0.9807500243186951
1672,3095,gradient_x_input,0.3866487706408781,0.26347412344287424,0.9803153872489929
1673,6758,gradient_x_input,0.3288495265878737,0.1558541813865304,0.8814901113510132
1674,2025,gradient_x_input,0.6938239167133967,0.09374676942825318,0.9958272576332092
1675,9398,gradient_x_input,0.4827141937087564,0.15069184759083917,0.991011381149292
1676,5100,gradient_x_input,0.2648798655718565,0.25856277346611023,0.9824408888816833
1677,3526,gradient_x_input,0.35090145468711853,0.2813265075286229,0.9539617300033569
1678,7532,gradient_x_input,0.5044919337545123,0.11763241319429307,0.9970130920410156
1679,3007,gradient_x_input,0.19086441089367046,0.10412645898759365,0.45401743054389954
1680,1084,gradient_x_input,0.015675672932582742,-2.86924050134771e-05,0.1513485461473465
1681,9837,gradient_x_input,0.45247310938106644,0.2750818997069641,0.596534788608551
1682,9258,gradient_x_input,0.7532467361362207,0.21040485018775576,0.9841108322143555
1683,4503,gradient_x_input,0.43614278733730316,0.08973035961389542,0.9987071752548218
1684,1575,gradient_x_input,0.7872580513358116,0.507075612898916,0.9715851545333862
1685,3091,gradient_x_input,0.6096646984418234,0.32711831778287886,0.7357624173164368
1686,2484,gradient_x_input,0.19362608194351197,0.20152490586042404,0.8485127091407776
1687,4489,gradient_x_input,0.6120357534715107,0.0556196357522692,0.9980345368385315
1688,5070,gradient_x_input,0.4361632214859128,0.16069098096340895,0.9909849166870117
1689,5669,gradient_x_input,-0.1501430896697221,-0.14840369202472545,0.21017926931381226
1690,2138,gradient_x_input,0.5299817220024441,0.16055028853209122,0.9894649982452393
1691,6580,gradient_x_input,0.31942242809704374,0.44358801575643675,0.9711307287216187
1692,2516,gradient_x_input,-0.38740679966285824,-0.09388636499643326,0.11042720824480057
1693,9154,gradient_x_input,-0.2548839890956879,-0.01876976601779461,0.274978905916214
1694,5456,gradient_x_input,0.2906367594287509,0.07089865917251223,0.9836918115615845
1695,3433,gradient_x_input,0.605367195372488,0.06780900499399971,0.9903010129928589
1696,3989,gradient_x_input,0.21748377051618364,0.09214779569043054,0.8037751913070679
1697,7422,gradient_x_input,0.6585126101322796,0.1247162559758062,0.9796881079673767
1698,5009,gradient_x_input,0.6958516111661648,0.09437065905538099,0.9990262985229492
1699,1458,gradient_x_input,0.7455892004072666,0.06224553883075714,0.9993515610694885
1700,952,gradient_x_input,0.2820567380298268,0.19727490571412173,0.8431436419487
1701,9718,gradient_x_input,0.8001625949614927,0.23923201702143015,0.9942337870597839
1702,960,gradient_x_input,0.6358591796536195,0.35010682830685064,0.9644613265991211
1703,7273,gradient_x_input,0.6983094410970807,0.15266329422593117,0.9376223683357239
1704,765,gradient_x_input,0.5951020122738555,0.19913759920746088,0.9362645149230957
1705,8316,gradient_x_input,0.018990729935467243,0.08197484532138333,0.19361093640327454
1706,3400,gradient_x_input,0.7609612477180134,0.1566248337427775,0.9845474362373352
1707,2316,gradient_x_input,-0.2136546237055551,-0.20794261467050423,0.018750006332993507
1708,9465,gradient_x_input,0.7334528062492609,0.21995947122573853,0.996713399887085
1709,9346,gradient_x_input,0.2866575728569712,0.2090834698506764,0.8224518895149231
1710,7835,gradient_x_input,0.7034302275627852,0.21410343945026397,0.9734372496604919
1711,4032,gradient_x_input,0.7220303565263748,0.31110916336377464,0.8466341495513916
1712,2029,gradient_x_input,0.5836639979942924,0.2198261157387779,0.9097992181777954
1713,4718,gradient_x_input,0.608397888019681,0.09681548178195953,0.9970710277557373
1714,286,gradient_x_input,-0.059455819089304314,-0.08645262992517515,0.0738685205578804
1715,908,gradient_x_input,0.787568421157844,0.337064414339907,0.9955659508705139
1716,1482,gradient_x_input,-0.2142341583967209,-0.15516034175049176,0.08761922270059586
1717,9660,gradient_x_input,0.40294660193224746,0.18230629339814186,0.8790326118469238
1718,4712,gradient_x_input,0.5716486452590852,0.3671878987834567,0.9654451608657837
1719,2133,gradient_x_input,0.42188148349523547,0.24829703569412231,0.9697254300117493
1720,9608,gradient_x_input,0.5180510769287745,0.3328614537914594,0.637782096862793
1721,9774,gradient_x_input,-0.12533514618407934,-0.07604289525188505,0.01769173890352249
1722,9211,gradient_x_input,0.40599581400553386,0.24767297108968098,0.9672306776046753
1723,563,gradient_x_input,-0.37282151178173395,-0.1250031784824703,0.138298898935318
1724,291,gradient_x_input,0.5518183790679488,0.2023542576602527,0.815509557723999
1725,1713,gradient_x_input,0.37609337601396775,0.20818381177054512,0.9630559086799622
1726,4012,gradient_x_input,0.3459843695163727,0.18256048645292008,0.9413648843765259
1727,8922,gradient_x_input,0.6077024205587804,0.21878841519355774,0.9472754597663879
1728,169,gradient_x_input,0.3879658351926243,0.15216496236184063,0.9820221662521362
1729,267,gradient_x_input,0.7049382820048116,0.13675054636868564,0.994928240776062
1730,9144,gradient_x_input,0.31661028861999513,0.25227986872196195,0.9856160879135132
1731,3172,gradient_x_input,0.8439075673619906,0.18180035427212715,0.988938570022583
1732,2286,gradient_x_input,0.7376086014238271,0.2762989496642893,0.9943828582763672
1733,315,gradient_x_input,0.7043906684432711,0.10073980121385484,0.9978176355361938
1734,8046,gradient_x_input,0.5465901444355646,0.28698547184467316,0.973440408706665
1735,8822,gradient_x_input,0.6212925430048596,0.16381830247965726,0.9864823818206787
1736,245,gradient_x_input,0.6941481381654739,0.0922317976752917,0.9705380797386169
1737,5186,gradient_x_input,0.8293659354094416,0.2624909281730652,0.9728085398674011
1738,5421,gradient_x_input,0.048081290942651254,0.12267112676744107,0.49813905358314514
1739,6065,gradient_x_input,0.701328787304785,0.09223499375840892,0.9990763664245605
1740,50,gradient_x_input,0.6665758135063308,0.09298017280442374,0.9972941279411316
1741,3021,gradient_x_input,0.7618446130460749,0.08015169103940328,0.9982195496559143
1742,7028,gradient_x_input,0.7766714965303739,0.20805731194990654,0.965724766254425
1743,1372,gradient_x_input,0.6699302958493883,0.4024467578327114,0.8506693840026855
1744,4176,gradient_x_input,0.509934289008379,0.10319333374500275,0.9990923404693604
1745,2470,gradient_x_input,0.256826251745224,0.4636493870722396,0.9309874176979065
1746,8000,gradient_x_input,0.4018735649685065,-0.03451747496922811,0.5475607514381409
1747,6156,gradient_x_input,0.32929447665810585,0.3142485599964857,0.982367753982544
1748,1498,gradient_x_input,0.6871045543639748,0.17919339957060637,0.990665853023529
1749,5868,gradient_x_input,0.267941926088598,0.2198971634109815,0.9312623143196106
1750,1963,gradient_x_input,0.707543994486332,0.5407203223556281,0.8469609022140503
1751,248,gradient_x_input,0.5179429769515991,0.12486115247011184,0.9986500144004822
1752,4771,gradient_x_input,0.7171792249594416,0.32749952446846736,0.9852730631828308
1753,1277,gradient_x_input,0.15187732765779777,0.013259673819822423,0.27102163434028625
1754,4905,gradient_x_input,0.5029730275273323,0.24971873287496896,0.6508350968360901
1755,8025,gradient_x_input,0.7414169025917848,0.09065308741160802,0.9985993504524231
1756,2110,gradient_x_input,-0.09401256001243989,-0.12418122279147308,0.07043793052434921
1757,9776,gradient_x_input,0.5780904670396159,0.27939907773848505,0.8635206818580627
1758,2945,gradient_x_input,0.613848101037244,0.4268505151073138,0.7980458736419678
1759,6249,gradient_x_input,0.796547731335618,0.09487382832326387,0.9974186420440674
1760,7023,gradient_x_input,0.28459212831828906,0.18781067107034766,0.95558762550354
1761,795,gradient_x_input,0.2567559303715825,0.06571130206187566,0.5690170526504517
1762,9717,gradient_x_input,0.5755408282702168,0.24603737120827038,0.7203463315963745
1763,7908,gradient_x_input,0.5731590470033032,0.10166121274232864,0.9495376944541931
1764,5371,gradient_x_input,0.2901210809747378,0.1353932089275784,0.9123121500015259
1765,9655,gradient_x_input,0.63896433128552,0.03984023766084151,0.9989718198776245
1766,447,gradient_x_input,0.28655220208496884,0.2599111340683082,0.9808345437049866
1767,2968,gradient_x_input,0.33543766446803747,0.1791385569070515,0.8864446878433228
1768,2152,gradient_x_input,0.5845110409933588,0.08080002795095029,0.999284565448761
1769,7838,gradient_x_input,0.5752528015038242,0.17475782140441562,0.9899728298187256
1770,4852,gradient_x_input,0.5883917237321535,0.07614251971244812,0.9991657733917236
1771,5157,gradient_x_input,0.6748950720109321,0.4216642330090205,0.7988744378089905
1772,683,gradient_x_input,0.3349552542716265,0.2281614935398102,0.5268323421478271
1773,8118,gradient_x_input,0.4084553648443783,0.1592585339265711,0.9499585628509521
1774,6681,gradient_x_input,0.8212922126054764,0.14805522958437603,0.9875630140304565
1775,5741,gradient_x_input,-0.04443197945753733,-0.09432369718949,0.33924996852874756
1776,1488,gradient_x_input,-0.357636826995172,-0.05766623957376731,0.08262816816568375
1777,3077,gradient_x_input,-0.3897295147180557,-0.08799273400537429,0.20518173277378082
1778,3905,gradient_x_input,0.3013421151696182,0.2194072945815761,0.9559391736984253
1779,8594,gradient_x_input,0.6544755107977174,0.29295600341124967,0.9868687987327576
1780,318,gradient_x_input,0.40927268372428033,0.24581164890719998,0.9699850082397461
1781,856,gradient_x_input,-0.19628545151402552,-0.25179627786080044,0.04885304719209671
1782,7743,gradient_x_input,-0.6445113961938126,-0.2172381727602975,0.03411832079291344
1783,2770,gradient_x_input,0.3401875334126609,0.36403601254735674,0.9804602265357971
1784,3566,gradient_x_input,0.7258585426299011,0.1881786584854126,0.9877973198890686
1785,376,gradient_x_input,0.3541645749605128,0.15510096374366963,0.5327397584915161
1786,410,gradient_x_input,0.1316530340247684,0.10336828231811523,0.6046259999275208
1787,2405,gradient_x_input,0.7507287196815013,0.3383935671299696,0.9856457114219666
1788,3776,gradient_x_input,0.48458983898162844,0.2205808142820994,0.9879159927368164
1789,3946,gradient_x_input,0.6350522836049398,0.0869076367881563,0.9991087317466736
1790,1111,gradient_x_input,0.6989253876464707,0.10109816065856389,0.9971776008605957
1791,7660,gradient_x_input,0.4177543945037402,0.1926376938055723,0.5468052625656128
1792,8001,gradient_x_input,0.7538315116294793,0.06731396913528442,0.998878538608551
1793,2288,gradient_x_input,0.2645868563226291,0.13938740215131215,0.9621639251708984
1794,2127,gradient_x_input,0.6113254874944687,0.05111403828081877,0.9625570774078369
1795,5581,gradient_x_input,0.351360274048952,0.10578910433329068,0.9748525619506836
1796,8256,gradient_x_input,0.38324023539630264,-0.022792033851146698,0.4714375436306
1797,6751,gradient_x_input,0.4481499840815862,0.22519513964653015,0.9884673953056335
1798,9399,gradient_x_input,0.6926169471385387,0.4177775342877095,0.9919646978378296
1799,2233,gradient_x_input,0.3557245597757142,0.183808918656974,0.988274335861206
1800,5550,gradient_x_input,0.28893610276281834,0.2360849641263485,0.8808023929595947
1801,274,gradient_x_input,0.780389138425772,0.15132747132044572,0.993844747543335
1802,2344,gradient_x_input,0.2974717035889626,0.23961356778939566,0.91654372215271
1803,1568,gradient_x_input,0.4739436232282416,0.07095548640126767,0.7773013114929199
1804,3133,gradient_x_input,0.7346051993469397,0.1626611523555987,0.9874024391174316
1805,6178,gradient_x_input,0.6300041710629183,0.10891595482826233,0.9938210844993591
1806,7955,gradient_x_input,0.18032967345789075,0.23690048162825406,0.6239811778068542
1807,7820,gradient_x_input,0.2315393054485321,0.22205179691314697,0.9777663946151733
1808,9415,gradient_x_input,0.6980040139622159,0.056030628857789214,0.9970239996910095
1809,2574,gradient_x_input,0.5872172451076599,0.2593932512861032,0.7810603976249695
1810,965,gradient_x_input,0.6827828104474715,0.16177943029573985,0.9737648367881775
1811,2291,gradient_x_input,0.6940465024672449,0.0786827231446902,0.9576125144958496
1812,5375,gradient_x_input,0.4333244498508672,0.40743515896610916,0.5831182599067688
1813,6670,gradient_x_input,0.7750789852192005,0.303168508268538,0.9569225311279297
1814,8955,gradient_x_input,0.664620281421338,0.05930098780879268,0.8580571413040161
1815,8059,gradient_x_input,0.3945724908262491,0.27486504102125764,0.9817341566085815
1816,2755,gradient_x_input,0.4023811337020662,0.13581202924251556,0.8748940825462341
1817,4474,gradient_x_input,0.583423503935337,0.0904257333278656,0.7025526762008667
1818,3910,gradient_x_input,0.13842555348362243,0.27530061905937536,0.8572461605072021
1819,2002,gradient_x_input,0.3289548696621376,0.20702702069983764,0.557475745677948
1820,4794,gradient_x_input,0.19818273186683655,0.36663915039527983,0.958869218826294
1821,8644,gradient_x_input,0.682658447909194,0.28747766525358764,0.9397147297859192
1822,6394,gradient_x_input,0.5252369306981564,0.22401031309908087,0.8152373433113098
1823,5339,gradient_x_input,0.6200256362233473,0.07180227922356647,0.9555580615997314
1824,1730,gradient_x_input,0.30470879685203983,0.13130799329505777,0.9871309399604797
1825,2360,gradient_x_input,0.4414750757542523,0.287735486572439,0.8205083012580872
1826,9379,gradient_x_input,0.5552204892571483,0.0882982930966786,0.9982419013977051
1827,9058,gradient_x_input,0.7176640236543285,0.10859721733464135,0.9928626418113708
1828,9028,gradient_x_input,0.5638819864640633,0.11543007443348567,0.743569552898407
1829,7579,gradient_x_input,0.6080239174718206,0.14918884499506516,0.9975056052207947
1830,6428,gradient_x_input,0.8220934424745409,0.30037094574225576,0.9844633340835571
1831,1068,gradient_x_input,0.672401919176704,0.08673111388557836,0.9936570525169373
1832,5337,gradient_x_input,0.170521157709035,0.18958070552484554,0.4448939561843872
1833,1071,gradient_x_input,0.6640674180040756,0.07284586876630783,0.9988334774971008
1834,9456,gradient_x_input,0.6788505815590421,0.0959487147629261,0.9985318183898926
1835,5020,gradient_x_input,0.8511262817773968,0.21324376482516527,0.9806566834449768
1836,2115,gradient_x_input,0.14190543360180324,0.31372567017873126,0.8506048321723938
1837,5910,gradient_x_input,0.7883668265515759,0.11981014186336149,0.9961621761322021
1838,8448,gradient_x_input,0.15142902731895447,0.17150781410081045,0.701435387134552
1839,3132,gradient_x_input,0.023371783309969408,-0.06370656551985905,0.4868643879890442
1840,7703,gradient_x_input,-0.0647613537388251,-0.3662076241829816,0.223622128367424
1841,474,gradient_x_input,0.7014665882224622,0.29034795676884445,0.994484007358551
1842,8441,gradient_x_input,-0.2339008091283696,-0.2263088630778449,0.23817136883735657
1843,7584,gradient_x_input,0.17871436162998802,0.27416175133303594,0.9492752552032471
1844,3085,gradient_x_input,0.09120150040025296,-0.12482848763465881,0.23385700583457947
1845,8856,gradient_x_input,0.21427156031131744,-0.02996998315765744,0.31132039427757263
1846,5936,gradient_x_input,0.5966203719377517,0.12116941809654236,0.9920076131820679
1847,3397,gradient_x_input,0.4200030292073886,0.4203339492281278,0.9834859371185303
1848,4309,gradient_x_input,0.16653038348470414,0.11373103232610793,0.8724483847618103
1849,6169,gradient_x_input,0.2766559779644012,0.4737520404160023,0.9829633235931396
1850,3693,gradient_x_input,0.5944345504045486,0.34268405139446256,0.909570038318634
1851,1691,gradient_x_input,0.6063087315243834,0.5620467106209082,0.8415865898132324
1852,4333,gradient_x_input,0.23483645342863524,0.2725701549878487,0.9487396478652954
1853,9574,gradient_x_input,0.3647706593076388,-0.07064780294895172,0.6648756861686707
1854,8619,gradient_x_input,0.17635392504079,0.23415602051786014,0.9243751168251038
1855,6832,gradient_x_input,0.1676566774364222,0.01650114560669119,0.2816162705421448
1856,3795,gradient_x_input,-0.09660394842687406,-0.09271181217933956,0.0901736244559288
1857,4649,gradient_x_input,0.6401178783604077,0.17812611162662506,0.9974777102470398
1858,9226,gradient_x_input,0.6321769547131326,0.13238787485493553,0.9909680485725403
1859,7372,gradient_x_input,0.4993923229390177,0.17275653522590112,0.8311757445335388
1860,4929,gradient_x_input,0.023387288576678225,0.04370835188188051,0.5342320203781128
1861,4233,gradient_x_input,0.11990475642184416,-0.01763405203819275,0.3242146372795105
1862,1145,gradient_x_input,0.6171876575265612,0.13851224311760493,0.9932345747947693
1863,3111,gradient_x_input,-0.26958455068661885,-0.2525122130618376,0.2920514643192291
1864,8737,gradient_x_input,0.2710664641289484,-0.08938155145872206,0.46964770555496216
1865,2592,gradient_x_input,0.5967105286461967,0.15215198057038443,0.9651551246643066
1866,9142,gradient_x_input,0.6418067291378975,0.12726782262325287,0.9984855055809021
1867,624,gradient_x_input,-0.20249026636593043,-0.0261787949653808,0.0037006644997745752
1868,9043,gradient_x_input,0.14481408682063615,0.08657338431006983,0.6180819272994995
1869,3283,gradient_x_input,0.39270765106711125,0.06392476624912685,0.7244116067886353
1870,6341,gradient_x_input,0.5339035486181577,0.19087434808413187,0.9341745376586914
1871,7522,gradient_x_input,0.2771436211309935,0.3630256966540688,0.8751927018165588
1872,9585,gradient_x_input,0.6595740056037903,0.2493163079023361,0.9637162089347839
1873,7440,gradient_x_input,0.420013449799556,0.4633652118679423,0.9106724262237549
1874,668,gradient_x_input,0.6365952947310038,0.28754298985004423,0.9771119952201843
1875,6750,gradient_x_input,0.4056645936387427,-0.005106052931617288,0.7939133048057556
1876,5165,gradient_x_input,0.49605659682017106,0.30429137956637603,0.9004144072532654
1877,5279,gradient_x_input,0.06927712048803057,-0.03137187872614179,0.6311140060424805
1878,582,gradient_x_input,0.7367190825235512,0.24170361790392134,0.9404832124710083
1879,3945,gradient_x_input,0.43398111396365696,0.2897092120514976,0.9854174256324768
1880,7688,gradient_x_input,0.6547907147379148,0.4171505683944339,0.9589623212814331
1881,7614,gradient_x_input,0.48034198954701424,0.2916685938835144,0.9821305871009827
1882,1208,gradient_x_input,0.21253665387630463,0.2684996945783496,0.9626829028129578
1883,7944,gradient_x_input,0.577605954837054,0.19787615910172462,0.7860307097434998
1884,5030,gradient_x_input,-0.34201276395469904,-0.4218240878544748,0.236908957362175
1885,76,gradient_x_input,0.3099801650545983,0.177857520905408,0.9433724284172058
1886,6693,gradient_x_input,0.27069589670966654,0.2177242619149825,0.9601569175720215
1887,9478,gradient_x_input,0.4355115532875061,0.27013604044914247,0.9977123737335205
1888,9464,gradient_x_input,0.6152240863690773,0.11078636844952901,0.9984645843505859
1889,1175,gradient_x_input,0.5750940654958997,0.07788343514714922,0.9976218342781067
1890,592,gradient_x_input,0.3760785977045695,0.1298965593179067,0.9835613369941711
1891,3774,gradient_x_input,0.33514322543686087,0.09294736046682704,0.6491615772247314
1892,5676,gradient_x_input,0.7645115910563618,0.10832655429840088,0.9932020306587219
1893,7362,gradient_x_input,-0.1676311194896698,-0.09270213896201716,0.021230775862932205
1894,1470,gradient_x_input,0.2512897539138794,0.2671292746067047,0.9004700779914856
1895,705,gradient_x_input,0.424370147784551,0.24842844804128011,0.9899735450744629
1896,1688,gradient_x_input,0.7503058130784732,0.25040369571709054,0.9569684267044067
1897,4828,gradient_x_input,-0.007174208679276964,-0.09581078588962555,0.11255019903182983
1898,5386,gradient_x_input,0.7633461761288345,0.12791271694004536,0.9906601309776306
1899,4564,gradient_x_input,0.7113298620097339,0.09253130931603282,0.977460503578186
1900,7450,gradient_x_input,0.6071559833362699,0.20014155868973052,0.8191325068473816
1901,9324,gradient_x_input,0.533484462234709,0.09529421616483617,0.9094321131706238
1902,4747,gradient_x_input,0.6321774658403898,0.06962291347353082,0.9961383938789368
1903,4303,gradient_x_input,0.5956698606211331,0.07931356180098749,0.9986164569854736
1904,6460,gradient_x_input,0.13627789473599372,0.15978293383822723,0.7737427353858948
1905,6239,gradient_x_input,0.35373664121417436,0.3355642863932778,0.9465147256851196
1906,7766,gradient_x_input,0.4723096672031615,0.166768256160948,0.9988646507263184
1907,6739,gradient_x_input,0.5965601405636831,0.19118740206415002,0.9799646139144897
1908,8336,gradient_x_input,0.26011185880218235,0.22276814920561655,0.9781419634819031
1909,3464,gradient_x_input,0.21712377518415452,0.41777097154408693,0.8936687707901001
1910,1509,gradient_x_input,0.5905190461874008,0.08295331239700317,0.9985836744308472
1911,4978,gradient_x_input,0.6890257827697261,0.05516490340232849,0.9946236610412598
1912,6008,gradient_x_input,0.3680451081858741,0.19068802506835372,0.9419310092926025
1913,5730,gradient_x_input,0.7808129815384746,0.07643076990331922,0.9976480603218079
1914,8334,gradient_x_input,0.4305582468708356,0.275800212389893,0.9408236742019653
1915,4883,gradient_x_input,0.3422051817178726,0.22754601538181304,0.9746667742729187
1916,9740,gradient_x_input,-0.1326745545419936,0.03018958465411113,0.27459877729415894
1917,3299,gradient_x_input,0.3881107537696759,0.3460273959984382,0.8792740106582642
1918,594,gradient_x_input,0.6764881070703268,0.3486274530490239,0.8034461736679077
1919,5521,gradient_x_input,-0.2919681730369727,-0.28310879692435265,0.07526755332946777
1920,6867,gradient_x_input,0.753040739532673,0.2956872889489839,0.9303038120269775
1921,7999,gradient_x_input,0.41054663345927284,0.20020896444718042,0.9823766946792603
1922,7073,gradient_x_input,0.46097572092656736,0.07299544745021397,0.995196521282196
1923,2876,gradient_x_input,0.18513919711112975,0.26938204690814016,0.8164443969726562
1924,5595,gradient_x_input,0.641355044566668,0.2073003351688385,0.9568975567817688
1925,8508,gradient_x_input,0.6541012525558472,0.08707167704900105,0.998704195022583
1926,9525,gradient_x_input,0.5946763254500724,0.10117725343317599,0.9983298182487488
1927,4335,gradient_x_input,0.6307696149899409,0.32247375804357803,0.7484444379806519
1928,4540,gradient_x_input,-0.04155484476575145,0.04333996938334571,0.662774384021759
1929,10,gradient_x_input,0.06262398428387111,0.19819358984629312,0.676043689250946
1930,8757,gradient_x_input,0.3714818340359312,0.064976894494259,0.8583734035491943
1931,1217,gradient_x_input,0.2826453654302491,0.12442049880822499,0.4207135736942291
1932,1224,gradient_x_input,0.44294992720951204,0.04151794832685719,0.8717190027236938
1933,3206,gradient_x_input,0.5955828032456338,0.18783696368336678,0.9135860204696655
1934,93,gradient_x_input,0.1758009457717771,0.24466214912093204,0.47734296321868896
1935,8057,gradient_x_input,-0.01770036348274776,-0.11588747841971261,0.34241586923599243
1936,2455,gradient_x_input,0.4961990239945325,0.1574423069303686,0.9918931722640991
1937,1247,gradient_x_input,0.05218385867271069,-0.15979178853937098,0.26139381527900696
1938,2251,gradient_x_input,0.13376159303718144,0.2768510298596488,0.730139434337616
1939,6380,gradient_x_input,-0.029544976140771593,-0.21612489542790822,0.14159831404685974
1940,4708,gradient_x_input,-0.18788423652535882,-0.23788615300095287,0.012500850483775139
1941,7864,gradient_x_input,-0.25571034848690033,-0.2612942857667804,0.1561078131198883
1942,3916,gradient_x_input,0.4131219597423778,0.24613026485723608,0.9844939112663269
1943,3105,gradient_x_input,0.5878235738103589,0.34705117469032604,0.879534900188446
1944,292,gradient_x_input,0.740843256590543,0.053597838790328416,0.9789100289344788
1945,7616,gradient_x_input,0.6621103613149553,0.13844505236262367,0.9918926954269409
1946,2083,gradient_x_input,-0.3550323922719274,-0.27233336865901947,0.12507806718349457
1947,4381,gradient_x_input,-0.0281209380676349,-0.4173624863227208,0.24327923357486725
1948,4291,gradient_x_input,0.321706285700202,0.1828583439346403,0.9728783965110779
1949,5404,gradient_x_input,-0.14385157942771912,0.043859670013189314,0.23106242716312408
1950,6637,gradient_x_input,-0.41265083021043164,-0.0959147632881803,0.006541180424392223
1951,1090,gradient_x_input,0.24384703180369208,0.2378388722153271,0.9117666482925415
1952,8570,gradient_x_input,0.24917491152882576,0.36081651598215103,0.9812398552894592
1953,6206,gradient_x_input,0.6002321498325238,0.23887638403819159,0.7228499054908752
1954,6843,gradient_x_input,0.6840782419524409,0.3495582850141959,0.9947540760040283
1955,1078,gradient_x_input,0.5961124125648948,0.155858073164435,0.9969197511672974
1956,1188,gradient_x_input,-0.029526300206780435,-0.046289961338043216,0.13437055051326752
1957,3984,gradient_x_input,0.7558976262117978,0.04137262260472333,0.9324776530265808
1958,1369,gradient_x_input,0.5486379299651493,0.12933557819236408,0.9991320967674255
1959,8348,gradient_x_input,0.5922514689820153,0.075784689613751,0.998160183429718
1960,5987,gradient_x_input,0.24856069207191467,-0.04388386487960815,0.4486486613750458
1961,1599,gradient_x_input,0.20860803583937307,0.0697783070706552,0.5613055229187012
1962,4573,gradient_x_input,0.7028989301913459,0.10016014200189839,0.9985387325286865
1963,5173,gradient_x_input,0.25407346853843105,0.23105437938983625,0.9868719577789307
1964,6459,gradient_x_input,0.5668913001815478,0.2143353654278649,0.7583831548690796
1965,4404,gradient_x_input,-0.06725265011191368,-0.0709680289030075,0.26380324363708496
1966,7585,gradient_x_input,0.3370199124846194,0.08976706365744273,0.5379230976104736
1967,8225,gradient_x_input,0.616818671876734,0.11106016057910341,0.9788225293159485
1968,4209,gradient_x_input,0.20250448931474238,-0.09649440497159958,0.6795138716697693
1969,1418,gradient_x_input,0.32321841622653763,0.22454641445686943,0.9834221005439758
1970,3309,gradient_x_input,0.6005327395562615,0.2689104112131255,0.935121476650238
1971,9362,gradient_x_input,0.5301955601289159,0.22996879954423224,0.7081358432769775
1972,6492,gradient_x_input,0.5207845779756705,0.4169209467040168,0.8727192282676697
1973,7841,gradient_x_input,0.6420325522000591,0.07556734482447307,0.9991457462310791
1974,3037,gradient_x_input,-0.3476646376343874,-0.14561606485110062,0.1370203197002411
1975,1825,gradient_x_input,0.5087868556380272,0.13125586708386738,0.9200100898742676
1976,3842,gradient_x_input,0.3309406489133835,-0.11940605690081914,0.551689088344574
1977,4522,gradient_x_input,-0.6238639960841587,-0.04789359635712268,0.003012626664713025
1978,1569,gradient_x_input,-0.0005221940421809753,-0.06685800959045689,0.09190179407596588
1979,1261,gradient_x_input,0.43508398765698075,0.3351931646466255,0.9530791640281677
1980,4918,gradient_x_input,0.4227936471050436,0.116777472875335,0.9733685851097107
1981,5273,gradient_x_input,0.3645588665297537,0.1278339344443697,0.9524369835853577
1982,2478,gradient_x_input,0.5163083907804991,0.11029980135591406,0.9819694757461548
1983,5795,gradient_x_input,0.7212772398100545,0.19348310120403767,0.9339596629142761
1984,6864,gradient_x_input,0.5596607002615929,0.2725791281461716,0.9809978604316711
1985,1616,gradient_x_input,0.1756460224588712,0.00406567504008611,0.3876338303089142
1986,6913,gradient_x_input,0.7388729697465897,0.06018775343894958,0.9976267218589783
1987,2236,gradient_x_input,0.3732756447532903,0.1942714971044789,0.901846170425415
1988,7618,gradient_x_input,0.3736588393940645,0.33032060370725747,0.984653651714325
1989,5447,gradient_x_input,0.3977803232578131,0.2324244282566584,0.9519686698913574
1990,5554,gradient_x_input,0.5884394956862226,0.28425264621482177,0.7664573788642883
1991,7212,gradient_x_input,0.4911629862728573,0.15460755285762606,0.9923976063728333
1992,7352,gradient_x_input,0.3708546960353851,0.25380356431007384,0.9823411703109741
1993,2533,gradient_x_input,0.39750132328126486,0.15886641711723515,0.9566816091537476
1994,5950,gradient_x_input,-0.15880811837716743,-0.18878801338947737,0.015209407545626163
1995,7947,gradient_x_input,0.6649760717526079,0.22387474849820138,0.9940505623817444
1996,2689,gradient_x_input,0.6018959753629234,0.2581975840859943,0.7978682518005371
1997,3110,gradient_x_input,0.8380754558512797,0.19165018430122963,0.9963325262069702
1998,4397,gradient_x_input,0.05872649073600769,0.04512517988681793,0.31896790862083435
1999,2935,gradient_x_input,0.627065097913146,0.3297619316726923,0.8999387621879578
2000,9632,deeplift,0.7800294990436389,0.2482303254879438,0.9681628346443176
2001,9282,deeplift,0.43040198558255244,0.11362680479099876,0.9990247488021851
2002,106,deeplift,0.006793919229699719,-0.03692431026889432,0.15904000401496887
2003,1446,deeplift,0.4961684342171695,0.24439270915211858,0.957824170589447
2004,1513,deeplift,0.31300948560237885,0.18024335188024185,0.8942596316337585
2005,6498,deeplift,0.22749910229130796,0.06736738117117631,0.35145363211631775
2006,6973,deeplift,0.497781902551651,0.07531983298914773,0.9980524778366089
2007,4952,deeplift,0.43029777299274097,0.2048864256251942,0.9622885584831238
2008,8552,deeplift,0.7171354334462773,0.17331471361897208,0.9872360825538635
2009,3027,deeplift,-0.061041136027166716,-0.208511031771961,0.053609464317560196
2010,2760,deeplift,0.529562259465456,0.18668253980576993,0.7212817668914795
2011,3060,deeplift,0.47592945311750684,0.19747688685144696,0.9723584055900574
2012,33,deeplift,0.4391113221645355,0.3278767992468441,0.9623281955718994
2013,1349,deeplift,0.5247060647234321,0.20148057180146375,0.8265097141265869
2014,4934,deeplift,0.762916904501617,0.09884620755910874,0.9679321050643921
2015,2680,deeplift,0.6997761462003954,0.15060024396065744,0.9950430393218994
2016,9074,deeplift,0.23192546599441105,0.24141751064194572,0.9623054265975952
2017,5414,deeplift,0.31817751181753057,0.21948809686459994,0.9898973703384399
2018,6663,deeplift,0.8102719763039865,0.11641607636755164,0.9978005290031433
2019,5286,deeplift,0.38481827538747054,0.1736462889955594,0.9718378782272339
2020,3782,deeplift,0.28107710648328066,0.22673949506133795,0.9555014371871948
2021,4516,deeplift,-0.20667154854163527,-0.19005371630191803,0.26527026295661926
2022,4554,deeplift,-0.01564082373743472,-0.023002364065336144,0.5958682894706726
2023,1595,deeplift,0.3586923386901617,0.15345321481044477,0.9713711738586426
2024,3857,deeplift,0.5574181503275546,0.28783110729077965,0.9562403559684753
2025,3337,deeplift,0.8493564058668338,0.19137351788007295,0.9958930015563965
2026,9255,deeplift,0.38104551562241146,0.20523049916539873,0.9361338019371033
2027,1383,deeplift,0.44511500940374704,0.20643336552640665,0.756279468536377
2028,4860,deeplift,0.44414687085719334,0.18030627497604915,0.9939751029014587
2029,7275,deeplift,0.5882243196601453,0.21629289570062057,0.9952195286750793
2030,8740,deeplift,0.7498448134865612,0.2490697056055069,0.9622189998626709
2031,1155,deeplift,0.5182009844676309,0.11097400214361108,0.9724428653717041
2032,6725,deeplift,0.737836765391486,0.32096125930547714,0.8771812319755554
2033,1076,deeplift,0.31451321499688284,0.12496446711676461,0.8524025678634644
2034,3058,deeplift,0.6863065992334956,0.43514115799610553,0.9388748407363892
2035,4586,deeplift,0.2766503353913625,0.11804279685020447,0.842685341835022
2036,1791,deeplift,0.6112171147878354,0.42699405235739857,0.8261635899543762
2037,6325,deeplift,0.6818298175930977,0.0808013637860616,0.9986565113067627
2038,7506,deeplift,0.4898458454344008,0.11222070124414232,0.9964942336082458
2039,6495,deeplift,0.5525920940072913,0.11482969553847062,0.9987700581550598
2040,9542,deeplift,0.6246642109594847,0.18246236914082578,0.9656192660331726
2041,4694,deeplift,0.5310565786015603,0.22012389955982084,0.9920693635940552
2042,8369,deeplift,-0.4431915104828982,-0.08978786267754105,0.01818203367292881
2043,7093,deeplift,0.18892525407400998,0.006593364206227389,0.379228413105011
2044,2794,deeplift,0.44249033765948337,0.15775821519934613,0.9661273956298828
2045,39,deeplift,0.40901435382904544,0.14519917724593992,0.9776915311813354
2046,7478,deeplift,-0.06800997870809891,-0.06579815596342087,0.03629209101200104
2047,1253,deeplift,0.44634505751587095,0.16877267758051553,0.9669159650802612
2048,360,deeplift,0.24795086468969071,0.15911719770658583,0.8149926066398621
2049,9638,deeplift,0.6231683943686741,0.3453230928363545,0.8515133261680603
2050,1726,deeplift,0.6916578107458704,0.33305844401612,0.9851669669151306
2051,439,deeplift,-0.19497209474105726,-0.1422909606586803,0.032697852700948715
2052,5267,deeplift,-0.1938701701514861,-0.09122192026937709,0.36365991830825806
2053,4337,deeplift,0.3703192585706711,0.2926062047481537,0.9380333423614502
2054,7724,deeplift,0.2635820290217033,0.2986307175686726,0.9108648300170898
2055,7676,deeplift,0.5452809073030949,0.2866434544324875,0.9552843570709229
2056,8913,deeplift,0.3341738421183366,0.18468329998163077,0.9871233701705933
2057,2492,deeplift,0.6569099332392215,0.32447569996118547,0.8015820980072021
2058,7462,deeplift,0.46065093035047705,0.286686163734306,0.9383172988891602
2059,7430,deeplift,0.2991843381896615,0.13093204610049725,0.8598186373710632
2060,6620,deeplift,0.5096618219977245,0.131215026602149,0.962418794631958
2061,6221,deeplift,0.45905760975761545,0.2311028672589196,0.9842601418495178
2062,8844,deeplift,0.2993955402370458,0.12551366131414066,0.6842954158782959
2063,4518,deeplift,0.4855064574629068,0.20403223435084025,0.7940210103988647
2064,1684,deeplift,0.8579564954908121,0.14015490951992216,0.989425539970398
2065,29,deeplift,0.6700792892111672,0.09961182872454326,0.9986901879310608
2066,6475,deeplift,0.4875538739420119,0.08701200499421075,0.7889692783355713
2067,6691,deeplift,0.22199514412110852,-0.1584097195056177,0.5658720135688782
2068,1747,deeplift,0.7917495261132718,0.2862681573629379,0.9513521194458008
2069,5559,deeplift,0.45548019983938764,0.08077329822949,0.9991921782493591
2070,3325,deeplift,0.6407309241592885,0.25072835087776185,0.8735811710357666
2071,4525,deeplift,0.6268828121634821,0.09520957246422768,0.9951671361923218
2072,5434,deeplift,0.7388598665905496,0.1109075757364432,0.9970090985298157
2073,2129,deeplift,0.7020460002952151,0.1559423953294754,0.9861270189285278
2074,5441,deeplift,0.23384778644587542,0.343181830000233,0.9363431930541992
2075,9420,deeplift,-0.2830394556855454,-0.2323224044897977,0.25969892740249634
2076,1330,deeplift,0.799569514032919,0.0686107948422432,0.9988986253738403
2077,7369,deeplift,-0.3427790687419474,-0.07284907286521047,0.06309627741575241
2078,2275,deeplift,0.4941411421579473,0.07861813376931583,0.9988258481025696
2079,1765,deeplift,0.5807864892741909,0.09181389212608337,0.9983768463134766
2080,9131,deeplift,0.6603537782512862,0.10094355817498832,0.991392970085144
2081,6095,deeplift,0.630719119946108,0.3691132003846376,0.7672213315963745
2082,1263,deeplift,0.6162147011297444,0.29770679337282974,0.9291120767593384
2083,1142,deeplift,0.6455814470263088,0.07908403873443604,0.9987917542457581
2084,7797,deeplift,0.5480739689535565,0.09189921120802562,0.9992775321006775
2085,4989,deeplift,0.14158943872297963,0.07929011266077718,0.35265183448791504
2086,4395,deeplift,0.5436542826620016,0.3630465699190443,0.9159936904907227
2087,5333,deeplift,0.7469884149278655,0.08966199556986491,0.985869288444519
2088,8163,deeplift,0.8302362540906126,0.08244229582223025,0.996148943901062
2089,8995,deeplift,0.41637952910626636,0.14398563258788166,0.8720892071723938
2090,9568,deeplift,0.45617303947607674,0.12467868626117706,0.9862967729568481
2091,6098,deeplift,0.353196104701895,0.22655519642508948,0.7101991772651672
2092,7278,deeplift,0.7233556893343727,0.15130877892176312,0.9797466993331909
2093,1516,deeplift,0.5690691091120244,0.3232867192476988,0.936162531375885
2094,3501,deeplift,0.3939645545823233,0.31947035448891775,0.9401589035987854
2095,4371,deeplift,0.4075680389069021,0.1286765318363905,0.5645428895950317
2096,7736,deeplift,0.8042884985308932,0.1025781916535419,0.9857485890388489
2097,1683,deeplift,-0.11579629778862,0.18457734882831572,0.6186842322349548
2098,1631,deeplift,0.6915247078452792,0.41146279658590046,0.9548134207725525
2099,4601,deeplift,-0.06384197307089644,-0.04213884761256556,0.23664434254169464
2100,6956,deeplift,0.5184970432519913,0.24799621522426604,0.9766616225242615
2101,8482,deeplift,-0.2929367932180564,-0.3646839494124437,0.14265330135822296
2102,9095,deeplift,0.39691681663195294,0.17503374417622883,0.9724326133728027
2103,7344,deeplift,0.6455603520627375,0.08199074754008541,0.9950860142707825
2104,1732,deeplift,0.6166414079757837,0.1955804584118036,0.8685068488121033
2105,4373,deeplift,0.33209701017899945,0.3078516593033617,0.9838618636131287
2106,971,deeplift,0.526381270494312,0.025630435906350613,0.8528238534927368
2107,6578,deeplift,0.6446833146942986,0.2660117803348435,0.8421292901039124
2108,1453,deeplift,0.5042373475275541,0.1096744694207844,0.9988403916358948
2109,80,deeplift,-0.17732550967152097,-0.11831429530866444,0.009197588078677654
2110,8908,deeplift,0.5475253839703167,0.24289298495825598,0.9895087480545044
2111,96,deeplift,0.7200816839933395,0.06457009166479111,0.9992652535438538
2112,4376,deeplift,0.4171974865289835,0.22717114824515122,0.9677006602287292
2113,3207,deeplift,0.7411409767673296,0.3702111298985341,0.943618893623352
2114,6462,deeplift,0.32112226153121276,0.2118609319714939,0.9625318050384521
2115,6220,deeplift,0.22538705087370342,0.2577712568971846,0.8176868557929993
2116,3279,deeplift,0.7302170624690396,0.0749838235122817,0.9982277750968933
2117,8741,deeplift,0.6151521354913712,0.07517687713398653,0.9531933665275574
2118,8758,deeplift,0.7383928997989964,0.2256007400505683,0.9484697580337524
2119,5396,deeplift,0.47088112043482916,0.34911387804008664,0.9956110119819641
2120,2855,deeplift,0.8261978812515736,0.20246837735176088,0.9624814391136169
2121,1862,deeplift,0.41781807870700444,0.21153339743614197,0.9382230043411255
2122,7659,deeplift,0.4778070055149697,0.15463602140143112,0.6496463418006897
2123,8446,deeplift,0.5421288339421153,0.10226249136030674,0.999000608921051
2124,5152,deeplift,0.7561792498109517,0.142421191489255,0.9934417009353638
2125,2903,deeplift,-0.22370385612512744,-0.19820510985892872,0.09596315026283264
2126,7581,deeplift,0.5282872478167217,0.225186887383461,0.9800508618354797
2127,9431,deeplift,0.2744295376982978,0.2945227064192295,0.9518901109695435
2128,8948,deeplift,0.2611562799323689,0.276642805473371,0.9274129867553711
2129,2486,deeplift,0.1670849665201136,0.12523603652204787,0.3828200697898865
2130,5552,deeplift,0.4032601738969485,0.04104683796564738,0.704188883304596
2131,5479,deeplift,0.4743109385172526,0.09286384185155233,0.9940979480743408
2132,3894,deeplift,0.2632103074680675,0.3198587427085096,0.9003875255584717
2133,9430,deeplift,-0.5781612718743937,-0.2100745623133012,0.009144823998212814
2134,9766,deeplift,0.6509174003842331,0.2575132584288007,0.9533199071884155
2135,4355,deeplift,-0.13432631215878896,0.010963728030522665,0.5043207406997681
2136,2833,deeplift,0.7637943075969815,0.3856038848559062,0.9334944486618042
2137,3328,deeplift,0.6938589662313461,0.24697559823592505,0.9440211653709412
2138,8019,deeplift,-0.37045911913737656,-0.38233513608574865,0.06508404016494751
2139,3424,deeplift,0.7164230173453688,0.2107468530535698,0.9666966795921326
2140,4539,deeplift,0.5639029713692488,0.13401490449905396,0.9976791739463806
2141,4921,deeplift,0.6137005210570667,0.2091048227056213,0.8028798699378967
2142,3469,deeplift,0.855917942772309,0.44571370681126915,0.9772527813911438
2143,5705,deeplift,0.689033969938755,0.061471327543258666,0.9992376565933228
2144,311,deeplift,0.44264991409503496,0.06364704210024613,0.8606887459754944
2145,9045,deeplift,0.6182392060401893,0.15885143620627268,0.8220238089561462
2146,2619,deeplift,-0.2629917727719093,-0.15349360028731412,0.051463108509778976
2147,789,deeplift,0.42954619725545246,0.18185274302959442,0.9990278482437134
2148,2742,deeplift,0.6566872486844659,0.3443997476249933,0.7575263977050781
2149,5653,deeplift,0.2634466501573722,0.27684281145532924,0.9503976702690125
2150,483,deeplift,-0.051548236134377395,-0.09146286276253787,0.06002400815486908
2151,8113,deeplift,-0.24417797512397532,-0.13854906199181952,0.09422348439693451
2152,8478,deeplift,0.5508136928958052,0.06553734400693108,0.9410490393638611
2153,1199,deeplift,0.7346119711605402,0.25790868623134416,0.9228596687316895
2154,5507,deeplift,-0.20991192776709794,-0.040529407933354376,0.009515474550426006
2155,3653,deeplift,0.732058470970706,0.09202295384908978,0.9983776807785034
2156,5065,deeplift,0.7460185499752269,0.43562885636792464,0.9639037847518921
2157,1626,deeplift,0.5897412598133087,0.1576195940375328,0.9438416361808777
2158,7661,deeplift,0.7734820589815316,0.42665462666436244,0.8957914710044861
2159,6837,deeplift,0.6099797675143117,0.05183668240256931,0.9946617484092712
2160,7655,deeplift,0.5622633066442277,0.09790051645702785,0.999207079410553
2161,8538,deeplift,0.7490086986550263,0.16972487100533076,0.9960850477218628
2162,1775,deeplift,0.28746257895337685,0.1402506281932195,0.5390658974647522
2163,9643,deeplift,0.8322288679191843,0.29523814795538783,0.9645392894744873
2164,8884,deeplift,0.5963683551357638,0.10152759763502306,0.9989134073257446
2165,6778,deeplift,0.7032213366279999,0.06602826714515686,0.9992440938949585
2166,2340,deeplift,0.7094975709915161,0.13485158767018998,0.9991305470466614
2167,7226,deeplift,-0.21337269978936424,-0.05383814221502028,0.00604955805465579
2168,1472,deeplift,0.3566169029190427,0.1316289199250085,0.9698266983032227
2169,8187,deeplift,0.4113335849510299,0.1917660203244951,0.9685565233230591
2170,6250,deeplift,0.2784693028385702,0.2708440579866108,0.9656291604042053
2171,2335,deeplift,0.13308928492996427,0.25649008341133595,0.5073877573013306
2172,8981,deeplift,-0.03411098463194711,-0.25055178574153353,0.4453115165233612
2173,8685,deeplift,0.32366612553596497,0.2684786514989261,0.9569483399391174
2174,251,deeplift,0.3822770773926202,0.16037660486557903,0.9886131286621094
2175,2732,deeplift,0.5011998485116398,0.14407353892045863,0.9872681498527527
2176,4329,deeplift,0.35048578762345844,0.1659929421212938,0.5334991216659546
2177,9545,deeplift,0.6392978363566928,0.09102780289120144,0.9947755336761475
2178,2337,deeplift,0.5471046484178967,0.23044337332248688,0.9955561757087708
2179,8695,deeplift,0.6877952564147211,0.20149829503028624,0.9932746887207031
2180,2215,deeplift,0.6062831509680975,0.39904223524388815,0.8041255474090576
2181,5436,deeplift,0.47455216518470217,0.07002880175908406,0.9989970326423645
2182,5058,deeplift,0.6788627442560697,0.23223009862397848,0.8731930255889893
2183,9548,deeplift,0.7261879278913789,0.1013542802437492,0.997448205947876
2184,108,deeplift,0.5356019602881538,0.16832401851812998,0.9916799664497375
2185,3019,deeplift,0.41467222198843956,0.1429918371140957,0.9842510223388672
2186,487,deeplift,0.4348971286995543,-0.043656423687934875,0.7389118075370789
2187,2436,deeplift,0.6062415198933694,0.17031033000638407,0.9545406103134155
2188,2417,deeplift,0.6925196044147015,0.0779457375407219,0.981460452079773
2189,2684,deeplift,0.6212717994399692,0.06879937648773193,0.9987525939941406
2190,621,deeplift,0.20003536105155945,0.0670304250717163,0.7547726631164551
2191,3281,deeplift,-0.1477361548691988,-0.0633695940176646,0.18668235838413239
2192,8547,deeplift,0.5971968224538224,0.34955604480845587,0.9267884492874146
2193,3941,deeplift,0.48806324281862806,0.27577334748847143,0.9906874299049377
2194,2423,deeplift,0.6927551073687417,0.29394164362124037,0.9757973551750183
2195,7682,deeplift,0.29369541108608244,0.23899499252438544,0.9696162939071655
2196,4960,deeplift,0.6699105615124983,0.2651134852100821,0.9889083504676819
2197,2766,deeplift,0.7648029814220287,0.16837058554996143,0.9588587284088135
2198,7662,deeplift,0.5958307846671059,0.15976335463069735,0.961168646812439
2199,416,deeplift,0.30778487114345326,0.2727422223371618,0.9832690954208374
2200,3898,deeplift,-0.07992078363895416,-0.0867413523557939,0.07769396901130676
2201,7632,deeplift,0.2931118579137893,0.3653710335493088,0.9160280823707581
2202,2328,deeplift,0.273342836470831,0.14745178676786877,0.9879507422447205
2203,2754,deeplift,0.2639254296527189,0.327065564253751,0.9427654147148132
2204,8234,deeplift,0.5916142117977142,0.06119256973266601,0.9990573525428772
2205,3101,deeplift,0.33255236864089965,0.32447388887405393,0.9242600202560425
2206,2108,deeplift,0.6235350295901299,0.2641999125480652,0.964028537273407
2207,3100,deeplift,0.6172196600172255,0.12157623083503158,0.9019454717636108
2208,5351,deeplift,0.4786178613862684,0.09292730400639196,0.995079755783081
2209,3284,deeplift,0.5145872086286545,0.07405754222589381,0.9976966977119446
2210,4824,deeplift,0.0012930339202284814,-0.05943209957331419,0.13088178634643555
2211,6551,deeplift,0.36234402103083474,0.2704099587031773,0.9311828017234802
2212,7444,deeplift,-0.18144719489603578,-0.1579376991619082,0.03573227301239967
2213,304,deeplift,0.5776914485863277,0.08726669918923151,0.9971446394920349
2214,6360,deeplift,0.6337745661536852,0.23721978465716045,0.8318968415260315
2215,4190,deeplift,0.35612705669232775,0.36983012727328707,0.6799197793006897
2216,6664,deeplift,0.31687746445337933,0.2728368871741825,0.9751580357551575
2217,1945,deeplift,0.684606100135069,0.04739026725292206,0.9930548071861267
2218,5817,deeplift,0.4822345462668201,0.25586652561374335,0.6252697110176086
2219,92,deeplift,0.354377509355545,0.5049463592469692,0.8895635008811951
2220,119,deeplift,0.7375072758983482,0.10452938079833984,0.9980521202087402
2221,9591,deeplift,0.838102288798175,0.4567418619990349,0.9726136326789856
2222,8421,deeplift,0.095133936546486,0.04574640403533804,0.4128471314907074
2223,7945,deeplift,0.32835920061916113,0.28149252105504274,0.9642028212547302
2224,2487,deeplift,0.36656668393508246,0.1996340855308201,0.9868432879447937
2225,1245,deeplift,0.5146992644295096,0.31687802099622786,0.9586703181266785
2226,346,deeplift,0.6337396629493345,0.08993074568835172,0.9685521721839905
2227,9392,deeplift,0.3014578482379084,0.17366883936135666,0.9378693103790283
2228,6604,deeplift,0.27204649564292693,-0.0629609723885854,0.6204450130462646
2229,6338,deeplift,-0.37509242366456114,-0.08047637343794728,0.000834527425467968
2230,8410,deeplift,0.14832176621022977,-0.049457590830953496,0.5320336818695068
2231,4216,deeplift,0.869793503944363,0.13173298111983708,0.9906545281410217
2232,7436,deeplift,0.056883554905653,0.07040868140757084,0.3005826771259308
2233,6666,deeplift,0.7389058519267675,0.22986300199320822,0.9798297882080078
2234,8051,deeplift,0.7815659600310028,0.2763473428785801,0.8861161470413208
2235,1593,deeplift,-0.20416578628561077,-0.13365243024685802,0.42213955521583557
2236,6951,deeplift,0.5475489577421775,0.28561295912815976,0.9741309881210327
2237,850,deeplift,0.38318820758944466,0.2173053693203699,0.9226844906806946
2238,5506,deeplift,0.3613311263119302,0.2066350034097346,0.9605305194854736
2239,8479,deeplift,0.18938890099525452,0.20998474529811315,0.6882908344268799
2240,7182,deeplift,0.5967875288592445,0.11964134209685856,0.9990254640579224
2241,2362,deeplift,0.6266530458815396,0.0800677165389061,0.9605552554130554
2242,2178,deeplift,0.3411467892783029,0.16506859149251665,0.9713332653045654
2243,1731,deeplift,0.492469818617862,0.2771352119743824,0.6578450798988342
2244,4185,deeplift,0.7092638094174234,0.08627748018816898,0.9985074400901794
2245,673,deeplift,0.687681092840174,0.13952817087588104,0.9983320832252502
2246,5212,deeplift,-0.1416413182443058,-0.2897478369240825,0.03828458860516548
2247,4417,deeplift,0.3410740291530436,0.30770047076723794,0.988991379737854
2248,1056,deeplift,0.521986932390266,0.11392468876308864,0.7681291699409485
2249,9593,deeplift,0.38383574355393646,0.21866211518645287,0.5345463156700134
2250,623,deeplift,-0.4305060804555459,-0.047767489505488245,0.00636622728779912
2251,6217,deeplift,-0.3949372062557622,-0.02578584340057875,0.17396663129329681
2252,9597,deeplift,0.7955430588074799,0.13605632966962353,0.9595625400543213
2253,2955,deeplift,0.7015691286325455,0.05894009113311768,0.9993189573287964
2254,88,deeplift,0.8148748805332515,0.3210534119150705,0.991609513759613
2255,3538,deeplift,0.30349626343109104,0.17267250622573652,0.3988606333732605
2256,3643,deeplift,0.7540772855971698,0.16762558729560287,0.9903565049171448
2257,8313,deeplift,-0.341603237444595,-0.00844535218822139,0.011754504404962063
2258,5649,deeplift,0.4123264425679257,0.24460335467991076,0.979526698589325
2259,1355,deeplift,0.715777077746612,0.08643713372725027,0.9946436882019043
2260,7142,deeplift,0.46089207913194385,0.20979987723486765,0.9791266918182373
2261,1512,deeplift,0.3233925849199295,0.11008654348552227,0.9992332458496094
2262,7565,deeplift,0.651454078114551,0.30105970475984656,0.8191790580749512
2263,733,deeplift,0.5894712227582931,0.4825358760356903,0.8700928092002869
2264,8765,deeplift,0.5673410645412171,0.12962966456132777,0.6951959133148193
2265,9018,deeplift,0.8172264194914273,0.29670796791712445,0.9558220505714417
2266,6240,deeplift,0.639224348589778,0.31306674145162106,0.9776548147201538
2267,590,deeplift,0.611548649413245,0.08474847106706529,0.9920754432678223
2268,3745,deeplift,0.3087363817862102,0.3498636856675148,0.9819258451461792
2269,1919,deeplift,0.5124400176785209,0.24819030138579282,0.9540902972221375
2270,7799,deeplift,0.6453336389928028,0.25005142236578054,0.9871602058410645
2271,7684,deeplift,0.366090795584023,-0.12126218229532242,0.49804967641830444
2272,9486,deeplift,0.6272996135399138,0.12396727737627532,0.9992591738700867
2273,5027,deeplift,-0.02145127100603921,0.12022338701145989,0.4381735622882843
2274,8568,deeplift,0.47697537144025165,0.1950030094012618,0.9810352921485901
2275,5425,deeplift,0.5792920351028442,0.11320339918136596,0.9990612864494324
2276,2377,deeplift,0.3167196462551753,0.15027658310201433,0.9601444005966187
2277,6447,deeplift,0.5102069996021412,0.14681162547182153,0.9751091003417969
2278,8029,deeplift,0.4418072299315379,0.17562959744380072,0.985582709312439
2279,3855,deeplift,0.007414171206099647,-0.04338430524581954,0.11994379758834839
2280,5221,deeplift,-0.09358080142798524,-0.10686224605888128,0.029164791107177734
2281,5792,deeplift,0.44437817533810936,0.11119645337263744,0.991037130355835
2282,3006,deeplift,0.7460144805411498,0.1397314727306366,0.9922159314155579
2283,8706,deeplift,0.3953629541728232,0.19423542502853605,0.9415528774261475
2284,2943,deeplift,0.4891208793068754,0.15679016709327698,0.9687211513519287
2285,2072,deeplift,0.6862790727152907,0.2943482506891777,0.7970373034477234
2286,3873,deeplift,0.73252777804931,0.06661722660064698,0.9970198273658752
2287,9297,deeplift,-0.18497602188068887,-0.026558993789164917,0.03296465799212456
2288,9105,deeplift,0.7312886906931033,0.37680054284059084,0.9780876636505127
2289,7635,deeplift,-0.018334804272109814,-0.07764447243376212,0.10758447647094727
2290,5313,deeplift,0.37926460728049277,0.2956066891551018,0.9668880105018616
2291,9675,deeplift,-0.2011283710001944,-0.1505479590418056,0.004974109586328268
2292,2075,deeplift,-0.10668646674603224,-0.044770650751888755,0.053853970021009445
2293,7144,deeplift,0.6846671256308372,0.38613710265893203,0.9015594720840454
2294,3928,deeplift,0.5929436750710011,0.06700227707624436,0.9981290698051453
2295,1393,deeplift,0.784519664835758,0.15937166145214668,0.9817909002304077
2296,263,deeplift,-0.194670416738676,-0.04924819237836029,0.2898430824279785
2297,970,deeplift,0.6684649485349655,0.19925636827945709,0.973334550857544
2298,5821,deeplift,0.3636020248134931,0.2275977892180284,0.8942013382911682
2299,8593,deeplift,0.5581884377382018,0.38957771828228777,0.9818098545074463
2300,4553,deeplift,-0.31355667517830926,-0.13348745492597422,0.32829201221466064
2301,1671,deeplift,0.28178757843044067,0.15422344124979442,0.5629804730415344
2302,3118,deeplift,0.6637293130836703,0.18337698551741513,0.9909118413925171
2303,4367,deeplift,0.3005497551390103,0.18754885558571135,0.9808807373046875
2304,1760,deeplift,0.3266042404704624,0.22340205974049038,0.9690166711807251
2305,3412,deeplift,0.6384210843931545,0.0982992025938901,0.9991717338562012
2306,6066,deeplift,0.13977150563840512,0.05771287061549999,0.7794869542121887
2307,3616,deeplift,0.322035047937842,0.1881838230525746,0.9936226010322571
2308,5874,deeplift,0.33285529840560185,0.23132976038115366,0.9226388931274414
2309,2189,deeplift,0.2939846424952797,0.2676736479220183,0.9746144413948059
2310,6071,deeplift,0.5791558440153798,0.3003232888877392,0.867075502872467
2311,5148,deeplift,0.6789286375484046,0.12723761796951294,0.9643544554710388
2312,9064,deeplift,0.5487220775749948,0.11151323384708828,0.997458279132843
2313,8381,deeplift,0.3343210270007451,0.19076456129550934,0.9868038296699524
2314,3352,deeplift,0.4699731009701888,0.11286253233750661,0.9986382126808167
2315,799,deeplift,0.5595344081521034,0.116348677447864,0.9461302161216736
2316,8656,deeplift,0.5773887838187971,0.3393437015382867,0.9732416272163391
2317,7305,deeplift,-0.0552355994284153,-0.1991249902546406,0.07638421654701233
2318,7948,deeplift,0.37834445304340786,0.42069357074797153,0.9842782616615295
2319,7233,deeplift,0.08336899158629504,0.20990592444484885,0.6324408054351807
2320,2392,deeplift,0.6661623576655984,0.0974255038632287,0.9936150312423706
2321,3443,deeplift,0.44372859183284974,0.36453282708923024,0.9385005831718445
2322,8558,deeplift,0.548445529739062,0.27981582333644234,0.9839380383491516
2323,5014,deeplift,-0.4633440052469571,-0.1557757668197155,0.17258937656879425
2324,4362,deeplift,0.6035275073035767,0.4275441401098904,0.9708105325698853
2325,8224,deeplift,0.63533722050488,0.1989298144976298,0.9616954922676086
2326,6865,deeplift,0.20319655079108018,0.09009068172711593,0.8717062473297119
2327,7389,deeplift,0.2150553586808118,0.24754721264947543,0.936269223690033
2328,303,deeplift,-0.35218704341212287,-0.05521416692296043,0.0007012131973169744
2329,8398,deeplift,-0.035858815586244736,-0.2103731366428169,0.28007954359054565
2330,2907,deeplift,0.21183785583291734,0.188052651428041,0.8069512844085693
2331,4619,deeplift,0.47094262937704723,0.22151409983634948,0.9885609745979309
2332,4765,deeplift,0.46665035635232927,0.14265767633914947,0.998802661895752
2333,3320,deeplift,0.7271666675806046,0.31256081500361044,0.8899001479148865
2334,5298,deeplift,0.4235447910816773,0.15019412403521332,0.9332249760627747
2335,7927,deeplift,0.5362093358611068,0.09496376911799113,0.8545619249343872
2336,2348,deeplift,0.7761574914412839,0.17917428059237345,0.9644157886505127
2337,4267,deeplift,0.4197262531981386,0.3857362154742767,0.6212199926376343
2338,9648,deeplift,0.7732300253895422,0.30669747355083626,0.9317938089370728
2339,3024,deeplift,0.5696412529796362,0.09321221113204955,0.9987342953681946
2340,1373,deeplift,0.5382148272668322,0.08936420579751332,0.998836100101471
2341,7377,deeplift,0.7195926106069237,0.10176932252943516,0.9990803003311157
2342,9782,deeplift,0.41198387667536734,0.3067248810082674,0.8678382039070129
2343,2771,deeplift,0.645422720660766,0.1568683327900039,0.7824496030807495
2344,3,deeplift,0.7674256652593613,0.3178870022296906,0.9241669774055481
2345,2908,deeplift,0.4672865320633097,0.3041221399496241,0.8135327696800232
2346,3852,deeplift,0.6527708783978596,0.10917292692159351,0.9910813570022583
2347,532,deeplift,0.8607981463796214,0.22840701278887296,0.962285578250885
2348,7929,deeplift,0.5252143447146271,0.08405006473714655,0.8912799954414368
2349,9423,deeplift,0.8542822905900803,0.2782781462777745,0.9863002896308899
2350,290,deeplift,0.4265726101398468,0.10756178259849548,0.9981344938278198
2351,3014,deeplift,0.6924532621633261,0.0946263549849391,0.9992541670799255
2352,2874,deeplift,0.48784593688814265,0.10285497966565584,0.9986442923545837
2353,5146,deeplift,0.2783755312363307,0.2896725395694375,0.8436117768287659
2354,2221,deeplift,0.5350446827709675,0.474691448174417,0.9822390079498291
2355,6958,deeplift,0.7046336950734258,0.0824194351832072,0.9993009567260742
2356,2997,deeplift,0.4094314013208662,0.18149400097983223,0.961304247379303
2357,6729,deeplift,0.41607835367321966,0.21048986196517944,0.96462082862854
2358,9159,deeplift,0.8498885183978606,0.09280821943984312,0.995731770992279
2359,6175,deeplift,0.5504101012591962,0.33668290906482273,0.9681376814842224
2360,568,deeplift,0.293467882378348,0.19498697334322437,0.9270312786102295
2361,5284,deeplift,0.4991135909113773,0.15599016325418338,0.976405680179596
2362,1107,deeplift,0.674830431916884,0.45305057069552795,0.7932037711143494
2363,135,deeplift,0.3460967922210693,0.34117815643548965,0.9368587732315063
2364,7828,deeplift,-0.06594646136675562,-0.012911779007741384,0.3658970296382904
2365,8709,deeplift,-0.6934699171825367,-0.1426189405953183,0.02544507198035717
2366,7998,deeplift,0.11215421557426453,0.25716858966784045,0.7665109038352966
2367,1087,deeplift,0.5302709086852915,0.1432156098239562,0.8537840843200684
2368,8291,deeplift,0.7485337750581296,0.42414358452610346,0.9410193562507629
2369,2301,deeplift,0.2928615927696228,0.15869883179664612,0.9671322107315063
2370,4339,deeplift,0.6055237485894135,0.385123480776591,0.8522483706474304
2371,6851,deeplift,0.5268835273605806,0.20511815890117926,0.6938560009002686
2372,3047,deeplift,-0.5224863097071648,-0.12319870032370091,0.10545691847801208
2373,4130,deeplift,0.8517868435010314,0.1981432611743609,0.9443525075912476
2374,4521,deeplift,-0.04315512415228619,-0.0702132603360547,0.09096166491508484
2375,7538,deeplift,0.18048794412364563,0.11430489566798012,0.3638705015182495
2376,5473,deeplift,0.21311096350351968,0.22492243515120613,0.8120206594467163
2377,388,deeplift,0.43355345824047137,0.17553167201970754,0.8015188574790955
2378,4217,deeplift,0.21151147782802582,0.015547819435596466,0.5779595971107483
2379,2122,deeplift,0.6267796298488975,0.12272115672628085,0.9977005124092102
2380,1310,deeplift,0.24083873464001548,0.23832230435477364,0.9692909121513367
2381,647,deeplift,0.3973788656294346,0.46110358014702796,0.9488439559936523
2382,6510,deeplift,0.5387246443056747,0.1508153912268187,0.9833945035934448
2383,8040,deeplift,0.6565241216061016,0.06860507031281789,0.9975296854972839
2384,1183,deeplift,-0.2524830202261607,-0.07644543920954068,0.44328320026397705
2385,2859,deeplift,-0.3537468863292955,-0.06306559119660121,0.0708840936422348
2386,7769,deeplift,0.34986809889475506,0.2717116036348873,0.9863786697387695
2387,8403,deeplift,0.6524761038668015,0.08988720529219683,0.9990056157112122
2388,7110,deeplift,-0.38818736220983896,-0.3343357404365259,0.06591426581144333
2389,5798,deeplift,0.4227909501641989,0.36955710547044873,0.9707988500595093
2390,3128,deeplift,0.11048160230412203,0.20414007586591384,0.6084095239639282
2391,7197,deeplift,-0.16848461526947525,-0.09292327526670235,0.019350392743945122
2392,3148,deeplift,0.691633733510971,0.0863482654094696,0.9991171956062317
2393,510,deeplift,0.15947054238880382,0.3696593743036775,0.9090822339057922
2394,3059,deeplift,0.5686200699872441,0.10398010164499283,0.9989257454872131
2395,7940,deeplift,0.31663829684257505,0.1888277605175972,0.9725682139396667
2396,4049,deeplift,0.4592416344676167,0.5701202986296267,0.8885692954063416
2397,5875,deeplift,0.6328528691893038,0.16206032426460928,0.9928449988365173
2398,3859,deeplift,0.59936658218503,0.3483096162478129,0.7833877801895142
2399,6849,deeplift,0.3237445970997214,0.2971505969762802,0.8347878456115723
2400,8149,deeplift,0.4018586478554286,0.175253492135268,0.9014089107513428
2401,6260,deeplift,0.7559273278583651,0.24066451580628104,0.9929719567298889
2402,3312,deeplift,0.3195223804367216,0.11899675075945101,0.5335983037948608
2403,7866,deeplift,0.5240699221881536,0.10210704230345212,0.6442232131958008
2404,4201,deeplift,0.7681509299680244,0.31863975975402564,0.9830516576766968
2405,7652,deeplift,0.41568748449737375,0.17065877399661325,0.9819926023483276
2406,4273,deeplift,0.5581608581723589,0.07397753451809738,0.9991675615310669
2407,3181,deeplift,0.6221577995098554,0.07295285623807174,0.9992551207542419
2408,3817,deeplift,0.5985332830594137,0.10561473094500028,0.9986269474029541
2409,1880,deeplift,-0.22690086998045444,-0.23897275090631512,0.022221459075808525
2410,5350,deeplift,0.5421327602361208,0.11132767148639845,0.9632857441902161
2411,3615,deeplift,0.4932089333195944,0.18025782180799022,0.7157031893730164
2412,4058,deeplift,0.693947923835367,0.0880751721560955,0.9907994866371155
2413,6915,deeplift,0.055689887868033514,0.1138713729257385,0.5923469066619873
2414,321,deeplift,0.6655724996493922,0.1368092265393999,0.9952256679534912
2415,4722,deeplift,0.5076633227222106,0.12661913913839004,0.9503648281097412
2416,6422,deeplift,0.6441324631805005,0.11199801512386488,0.997572124004364
2417,3295,deeplift,0.6627783250501927,0.1844865784925573,0.8687331676483154
2418,6421,deeplift,0.6230833942399305,0.10326492085176356,0.998999297618866
2419,9330,deeplift,0.38409822384516396,0.26388726035753884,0.954147458076477
2420,8138,deeplift,0.546723025618121,0.2166790384799242,0.9920458793640137
2421,3205,deeplift,0.36678513387839,0.3174611839155356,0.9521381258964539
2422,2522,deeplift,0.6801105568451541,0.11017975807189942,0.9922160506248474
2423,6998,deeplift,0.785453110056765,0.12934929921346552,0.9886783957481384
2424,5556,deeplift,-0.2676266408747151,-0.1028457268008164,0.06423544883728027
2425,5938,deeplift,0.7058221869170666,0.2791557067632675,0.9907616972923279
2426,500,deeplift,0.3978966838783688,0.23322524171736506,0.6530604958534241
2427,3000,deeplift,0.48528867489413213,0.07983519058478505,0.9990554451942444
2428,3555,deeplift,0.5831548383130747,0.08503828153890722,0.9978803396224976
2429,8612,deeplift,0.2707672136214872,0.11135031034549077,0.828925609588623
2430,9249,deeplift,0.6578210208564996,0.0714393417040507,0.9946476817131042
2431,3032,deeplift,0.5265028310318788,-0.028542397419611613,0.7743358016014099
2432,9705,deeplift,0.5159156554275088,0.08900110092427996,0.9940424561500549
2433,330,deeplift,0.43599549513310193,-0.008920189738273621,0.600763201713562
2434,3078,deeplift,0.37825192028985305,0.13790862284162464,0.5354819893836975
2435,2018,deeplift,0.3049728348851204,0.26920495678981143,0.9089534878730774
2436,3274,deeplift,0.7622518951073289,0.11795681565999985,0.995722770690918
2437,3233,deeplift,0.8781242038877237,0.1431674375420525,0.9940409064292908
2438,3387,deeplift,0.38017178885638714,0.1824711300432682,0.9725990891456604
2439,144,deeplift,0.763727837552627,0.39030135781676684,0.9869341850280762
2440,9742,deeplift,0.7035680378062857,0.2515188819832272,0.818504273891449
2441,367,deeplift,0.7273463782233497,0.13551917547980943,0.998177170753479
2442,8679,deeplift,0.37190572751892936,0.16647681759463417,0.976711094379425
2443,4304,deeplift,-0.25416649053139345,-0.08032857945987157,0.018913188949227333
2444,7178,deeplift,0.6648064464187393,0.2841239754970257,0.8497866988182068
2445,333,deeplift,0.703154906468547,0.17538139353627744,0.8701139092445374
2446,518,deeplift,0.4902880535675929,0.110178326184933,0.9952192902565002
2447,7040,deeplift,-0.4699465110898018,-0.08658411691430956,0.14968620240688324
2448,4229,deeplift,0.6156026627868414,0.22072821855545044,0.9969261288642883
2449,3833,deeplift,0.12878110408782958,0.10715310201048851,0.7476546764373779
2450,6058,deeplift,0.40919996556990285,0.1704290360212326,0.6018276214599609
2451,576,deeplift,0.3505941611879012,0.08366547261967379,0.9637328386306763
2452,4215,deeplift,0.10206987895071507,0.0756717718353397,0.260951429605484
2453,2758,deeplift,0.434964245901658,0.17899009317923814,0.8286831378936768
2454,4756,deeplift,0.7320512392274712,0.15824807726818582,0.9935852885246277
2455,9000,deeplift,-0.22672101706266404,-0.0029226770003636677,0.12003961205482483
2456,3813,deeplift,0.43456468934362585,0.15554725378751755,0.9870816469192505
2457,3045,deeplift,0.6093706985314687,0.1274709423383077,0.9988301396369934
2458,4047,deeplift,0.672833019069263,0.3196907483396076,0.8596615195274353
2459,9094,deeplift,0.5912557849660516,0.06545978970825672,0.9986509680747986
2460,8181,deeplift,0.32605746388435364,0.2511093199253082,0.9784512519836426
2461,6309,deeplift,-0.03691975900006515,0.017659528387917414,0.6036069393157959
2462,1479,deeplift,0.569509390508756,0.18452489695378713,0.9603115916252136
2463,543,deeplift,0.5361748366006489,0.07569449626166246,0.9940100908279419
2464,1618,deeplift,-0.34000754058361055,-0.11818477869033814,0.14190685749053955
2465,9032,deeplift,0.6240326773488161,0.07298003904747241,0.9992054104804993
2466,7746,deeplift,0.31167459189891816,0.2831350177526474,0.9548157453536987
2467,6039,deeplift,0.25091010467572644,0.2934948070482774,0.9764971733093262
2468,7919,deeplift,0.5520949187603864,0.47288912653245707,0.9028574228286743
2469,7624,deeplift,0.7138308001061281,0.19071606000264485,0.9990122318267822
2470,9495,deeplift,0.7571049123071134,0.2067382987588644,0.834303081035614
2471,8657,deeplift,0.6172797027088347,0.07442572996729896,0.9993705153465271
2472,7160,deeplift,0.3898332289287022,0.1505142322608403,0.9981908202171326
2473,2358,deeplift,0.4240714621085387,0.15724027844575736,0.9835274815559387
2474,8250,deeplift,0.6577704257291296,0.06702793810678565,0.998700737953186
2475,1655,deeplift,0.6579891476780176,0.10462404042482376,0.9992042183876038
2476,6911,deeplift,0.2871373239904642,0.40934991696849465,0.98585444688797
2477,1746,deeplift,0.33058748096227647,0.19694363623857497,0.8453182578086853
2478,5794,deeplift,0.06741890118968102,0.023284402585798693,0.5763975381851196
2479,14,deeplift,0.6674968376755714,0.14738303139096215,0.9254668951034546
2480,1877,deeplift,0.24127835392951966,0.21680697441101074,0.9283985495567322
2481,7888,deeplift,0.3994860938262372,0.3214721154598963,0.6209816932678223
2482,8520,deeplift,0.512619194285623,0.23916861723209248,0.9945182204246521
2483,6883,deeplift,0.7273768471620444,0.0950487128325871,0.9991248250007629
2484,3761,deeplift,0.5948467655823781,0.1404638206347441,0.8248681426048279
2485,0,deeplift,-0.046829495716978004,-0.012962159838665414,0.0986374020576477
2486,6831,deeplift,0.7539884958554197,0.12395215917516637,0.9891304969787598
2487,7722,deeplift,0.6097112391744891,0.10584727121937659,0.9989509582519531
2488,9630,deeplift,0.29440242747465767,0.1828519990046819,0.9376663565635681
2489,7672,deeplift,0.1956176268202918,0.3381007271153586,0.9001717567443848
2490,6568,deeplift,-0.14799679854435713,-0.09094883458289717,0.007909066043794155
2491,655,deeplift,0.538210126105696,0.20190730194250742,0.8710845708847046
2492,9349,deeplift,0.3479451603359646,0.2563944227165646,0.9814972877502441
2493,4241,deeplift,0.3045498041006235,0.16413879853028518,0.7871843576431274
2494,3023,deeplift,0.4526589081598152,0.2194211241838179,0.919459342956543
2495,1851,deeplift,0.5954251410929781,0.16830417356993022,0.8787786960601807
2496,349,deeplift,0.7234496426736486,0.1331048104269751,0.9561300277709961
2497,6340,deeplift,0.5957290180958807,0.3393531898036599,0.9189292192459106
2498,1156,deeplift,0.6031204190324334,0.10467338562011719,0.9633340835571289
2499,3017,deeplift,-0.10239624817456518,-0.0038982659578323366,0.3839060366153717
2500,457,deeplift,0.7514314982716156,0.5093259031924865,0.962230920791626
2501,2867,deeplift,0.6917627420784398,0.26808507469567383,0.8307356834411621
2502,5033,deeplift,0.6540905936406209,0.18811975534145647,0.7622251510620117
2503,4622,deeplift,0.6621513919013998,0.05537277200947637,0.968241810798645
2504,6329,deeplift,0.3248481645481661,0.2312936782836914,0.9385843276977539
2505,7081,deeplift,0.4382500872015953,0.27138774531582993,0.9942031502723694
2506,6786,deeplift,0.2784850001335144,0.32434318761030834,0.9111940264701843
2507,8458,deeplift,0.5018833614885807,0.3344822064042091,0.8931017518043518
2508,5206,deeplift,0.7731610465703941,0.3291344784381913,0.9789188504219055
2509,6053,deeplift,-0.17116018307620082,0.02543986151958334,0.49445515871047974
2510,131,deeplift,0.3960222957862748,0.02830321921242608,0.6107523441314697
2511,3692,deeplift,0.49657150890145985,0.2071104986327035,0.9715312719345093
2512,6192,deeplift,-0.04479766672906967,-0.05351081848717653,0.07993277907371521
2513,9523,deeplift,0.5853653743681384,0.454183429479599,0.9081476330757141
2514,4587,deeplift,0.6229259250340639,0.08305833185160602,0.998994767665863
2515,9818,deeplift,0.7027063783915604,0.06930187169243307,0.9988577365875244
2516,3235,deeplift,0.699966641763846,0.1534546489516894,0.9929218888282776
2517,8641,deeplift,0.46654331258365084,0.25879241180207047,0.9664108753204346
2518,4879,deeplift,0.23580618841307505,0.24790306823949018,0.9776156544685364
2519,6854,deeplift,0.4040489367608513,0.33220342099666594,0.9529315829277039
2520,8572,deeplift,0.7142282167915255,0.13131763227283955,0.9932454228401184
2521,3639,deeplift,0.6310608083648341,0.07208704735551562,0.9987615346908569
2522,7358,deeplift,0.5016926647774105,0.26606584931242055,0.7783646583557129
2523,8826,deeplift,0.29302570153959095,0.005467535927891731,0.4840882122516632
2524,2303,deeplift,0.7094986318580566,0.08702358699614002,0.9956327080726624
2525,7315,deeplift,0.2490597118077607,-0.04103892168094372,0.6106830835342407
2526,5308,deeplift,0.33204022591764276,0.2562043775211681,0.9126634001731873
2527,6808,deeplift,0.22941367379550276,0.1967959332055059,0.8489876985549927
2528,9395,deeplift,0.1621209360086001,0.08876054218182197,0.7789750099182129
2529,265,deeplift,0.4938251589951308,0.2188908250435539,0.8708841800689697
2530,4763,deeplift,0.5663854308917912,0.1674656867980957,0.9855599403381348
2531,9111,deeplift,0.36733217537403107,0.2031849945584933,0.9691193699836731
2532,6789,deeplift,0.6041329000145197,0.06406612601131201,0.9992507100105286
2533,4597,deeplift,0.7447651257472379,0.2984438639666353,0.9785223603248596
2534,2531,deeplift,0.610738529990881,0.08372239424632145,0.9853041768074036
2535,4862,deeplift,0.37117315207918483,0.10170116027196248,0.8738942742347717
2536,7669,deeplift,0.7233445683592244,0.08476409472917255,0.97765052318573
2537,316,deeplift,0.373204463406613,0.22615772564160197,0.9799106121063232
2538,1897,deeplift,0.6183492137119174,0.29471420869231224,0.9737160801887512
2539,8860,deeplift,0.6568422992713749,0.19734693840146064,0.9691268801689148
2540,6407,deeplift,0.33323923250039417,0.252296236033241,0.9932839870452881
2541,8231,deeplift,0.821038327563335,0.3747291827903074,0.9410664439201355
2542,8521,deeplift,0.6872207012027503,0.07220589369535446,0.9947197437286377
2543,6112,deeplift,-0.17379452950424618,0.03796353687842687,0.4355413317680359
2544,8128,deeplift,0.6899652746506035,0.10410678386688232,0.9890751838684082
2545,2039,deeplift,0.5279675852507353,0.3091508224606514,0.9600508809089661
2546,103,deeplift,0.3508592263246194,0.23349860769051772,0.9631112217903137
2547,3297,deeplift,0.46911024674773216,0.3385591572150588,0.9856247901916504
2548,794,deeplift,0.34327656507492066,0.19064825415611267,0.9443362951278687
2549,5967,deeplift,0.5831630698898259,0.065596923670348,0.8289457559585571
2550,5332,deeplift,0.43570512314053145,0.3753715613309075,0.8382739424705505
2551,8586,deeplift,0.9231089186903677,0.3583502902796394,0.9921369552612305
2552,1658,deeplift,0.31279945550929933,0.32855555698985145,0.9818339943885803
2553,3933,deeplift,0.3829468656331301,0.16063865838628827,0.5291715264320374
2554,6968,deeplift,0.019149707423316106,0.2986812374244134,0.6199992895126343
2555,9469,deeplift,0.5616634293742802,0.104176367106645,0.9769855737686157
2556,7854,deeplift,0.5774193563395076,0.06244054933389028,0.999139666557312
2557,3210,deeplift,0.8264932214903334,0.25577020707229775,0.9756098985671997
2558,7012,deeplift,0.10707284370437264,0.06723381237437327,0.264143705368042
2559,9808,deeplift,0.10335251450538635,0.23610704988241196,0.7872603535652161
2560,2973,deeplift,0.5943394052354913,0.09994626986353021,0.9840971231460571
2561,932,deeplift,0.5529788446426391,0.17424692034721376,0.9866427183151245
2562,6163,deeplift,-0.08882878642333181,-0.07568126916885376,0.026402827352285385
2563,6432,deeplift,-0.37442654848098755,-0.2363808811455965,0.031631968915462494
2564,3497,deeplift,0.3960092440713197,0.011981962124506633,0.7145542502403259
2565,3202,deeplift,0.34446365693036246,0.31262848833028006,0.9831774830818176
2566,2611,deeplift,0.3591095084945361,0.09500840405623118,0.7181421518325806
2567,9631,deeplift,0.7257585662603379,0.07422116160392761,0.9975438714027405
2568,567,deeplift,0.7793778756569172,0.07096170762489581,0.9992727637290955
2569,764,deeplift,0.4783278943011255,0.2045553493680376,0.9581872224807739
2570,4366,deeplift,0.724399835705602,0.16613833904266356,0.8819878697395325
2571,8367,deeplift,0.5656244789852816,0.10965378319515902,0.996088981628418
2572,7360,deeplift,0.33655063062906265,0.16711660102009773,0.950849175453186
2573,1441,deeplift,0.07764045417527943,0.18102025941890829,0.5225072503089905
2574,921,deeplift,0.6318628220922418,0.25333094514078563,0.721268892288208
2575,8222,deeplift,0.4396923016756773,0.15935792880398886,0.7036123275756836
2576,1794,deeplift,0.41026749089360237,0.17066298105887004,0.984599232673645
2577,3838,deeplift,-0.019727721577510238,-0.03632090985774994,0.5447940230369568
2578,3122,deeplift,-0.016661407332867383,-0.07887283116579055,0.3252335488796234
2579,6127,deeplift,0.4203230830339285,0.33124474722605485,0.9894648790359497
2580,6319,deeplift,0.3495059311389923,0.2774815898388624,0.9655657410621643
2581,2388,deeplift,0.48435180075466633,0.09649653546512127,0.9973189234733582
2582,4466,deeplift,0.4843875270174897,0.2724351228579231,0.7624629735946655
2583,4505,deeplift,-0.07813885629177093,-0.12872667670249938,0.30798232555389404
2584,1606,deeplift,-0.48916642222067586,-0.12198511251936787,0.026440080255270004
2585,2147,deeplift,0.8176247030496597,0.1928137976389665,0.9894049167633057
2586,36,deeplift,-0.015803863853216173,-0.02677069902420044,0.2623435854911804
2587,9147,deeplift,0.5339505197036833,0.05261348116965521,0.9971705079078674
2588,761,deeplift,0.5111971866825352,0.18446825509485992,0.9777165055274963
2589,5268,deeplift,0.7002762815100141,0.11308220960199833,0.9004117846488953
2590,3038,deeplift,0.26844259457928793,0.1591760590672493,0.9652833938598633
2591,5503,deeplift,-0.4286955709640796,-0.17898049377478087,0.32839009165763855
2592,5228,deeplift,0.5848045968290033,0.25636337748889265,0.9517662525177002
2593,1623,deeplift,0.731131742991831,0.1541365164777507,0.9970663189888
2594,577,deeplift,0.7955094343325233,0.08817904836991254,0.9916029572486877
2595,6426,deeplift,0.6911128805629139,0.28155092535347775,0.9478297829627991
2596,8087,deeplift,0.35250135949249134,0.23823731980825724,0.9382505416870117
2597,8536,deeplift,0.8172874027863145,0.30773123502731325,0.9801725745201111
2598,9564,deeplift,0.05390378004974789,0.02268486635552512,0.6779492497444153
2599,2232,deeplift,0.2257294530669848,0.1383289960878236,0.4855306148529053
2600,2319,deeplift,0.5187936063855887,0.1094798982143402,0.9985079169273376
2601,5707,deeplift,0.8431354076304334,0.10523192996674395,0.9824575781822205
2602,9690,deeplift,0.43220501522655075,0.19985237393690192,0.9526093006134033
2603,5306,deeplift,0.7030709585861156,0.24584126158764488,0.917029082775116
2604,7938,deeplift,0.5285755518921896,0.11483765746417798,0.7688800096511841
2605,2167,deeplift,0.7451813220977783,0.27043621377511456,0.9630782604217529
2606,637,deeplift,0.7330307180682818,0.3142868767182032,0.9274817705154419
2607,8668,deeplift,0.7768332351930439,0.122798011302948,0.9877392649650574
2608,5594,deeplift,0.09092847577163152,0.13895371769155776,0.5761840343475342
2609,6555,deeplift,0.4853869809044732,0.08532555070188311,0.9992969036102295
2610,8098,deeplift,0.07919916734099389,0.04149062223732471,0.24117931723594666
2611,47,deeplift,-0.09998075116206617,-0.034611744915737826,0.20352104306221008
2612,5505,deeplift,0.4863795020750591,0.13458559768540518,0.98012375831604
2613,9196,deeplift,0.4093798854603217,0.17014011969933143,0.6094520092010498
2614,8416,deeplift,0.6896647908089851,0.0585501261732795,0.9042535424232483
2615,4509,deeplift,0.3226357638835907,0.16930987685918808,0.9717438817024231
2616,2638,deeplift,0.36845915852224126,0.17720533819759593,0.7614095211029053
2617,8708,deeplift,-0.1286706142127514,-0.0419819138944149,0.30860814452171326
2618,8476,deeplift,0.5706508918242021,0.07543122226541693,0.9976323843002319
2619,3080,deeplift,0.7100180253386498,0.07983098228772481,0.9966145157814026
2620,2870,deeplift,0.3881466779857874,0.32110204186756164,0.9444919228553772
2621,2213,deeplift,0.32300761342048645,0.16252784518634572,0.9873278737068176
2622,6043,deeplift,0.3588482066988945,0.2120220333337784,0.9749992489814758
2623,3798,deeplift,0.6999497797029713,0.2968624885349224,0.8376720547676086
2624,7972,deeplift,-0.611627010628581,-0.028975909459404647,0.04180767759680748
2625,5739,deeplift,0.5142145752906799,0.07394636422395706,0.9992349147796631
2626,4822,deeplift,0.6911460568799692,0.10582763131927042,0.9987514019012451
2627,9067,deeplift,0.2005784371867776,0.39363508159294724,0.9764629006385803
2628,5799,deeplift,0.611832327209413,0.0739949643611908,0.9974138736724854
2629,7482,deeplift,0.3610987365245819,0.2132322480281194,0.9863818883895874
2630,2114,deeplift,0.1079302954673767,-0.0530546909570694,0.3841591775417328
2631,1112,deeplift,0.3549108544985453,0.33266426182041564,0.9246504306793213
2632,8178,deeplift,0.7492676578138185,0.050096907045530235,0.9987326264381409
2633,3717,deeplift,0.7034822206266902,0.1132472681276726,0.9978812336921692
2634,713,deeplift,0.3938496011708464,0.23145208614213125,0.6787249445915222
2635,872,deeplift,-0.2822386456343035,-0.1869307817477319,0.006751407403498888
2636,1149,deeplift,0.40034202138582864,0.12030757268269857,0.9992714524269104
2637,9299,deeplift,0.3580980694293976,0.21052762389183044,0.9897764921188354
2638,5663,deeplift,0.18582132032939366,0.1925852107150214,0.8241956233978271
2639,8167,deeplift,0.7192812262191659,0.1458280852862767,0.9927402138710022
2640,3315,deeplift,0.6217697500251234,0.1055260319262743,0.9959801435470581
2641,4588,deeplift,0.029465487778738694,-0.028819782314477144,0.24657361209392548
2642,5098,deeplift,0.33581497967243196,0.19090217351913452,0.8380978107452393
2643,6077,deeplift,0.18591458052396775,0.2525239482522011,0.9428192377090454
2644,7966,deeplift,0.48716809041798115,0.1582981888204813,0.9727963805198669
2645,1020,deeplift,0.5093253385275602,0.22212370671331882,0.9453994631767273
2646,4102,deeplift,0.6960452733368709,0.30954537386524267,0.920638918876648
2647,5368,deeplift,0.4695171365657678,0.22539723320649221,0.7161983847618103
2648,6543,deeplift,0.593573204916099,0.06913204028688628,0.9991393089294434
2649,958,deeplift,0.42529662847518923,0.09217514793078105,0.9986810088157654
2650,3846,deeplift,0.386113981405894,0.18972575416167578,0.7620038986206055
2651,2748,deeplift,0.21690253475133112,0.2277444294270347,0.9026685357093811
2652,4710,deeplift,-0.2503562321154667,-0.07622119830921292,0.01703186146914959
2653,8279,deeplift,0.34261731803417206,0.2666839748620987,0.9681678414344788
2654,586,deeplift,-0.032347319854630366,0.06540692183706495,0.5279684662818909
2655,1817,deeplift,0.720482438536627,0.11630937137774058,0.9860901832580566
2656,782,deeplift,0.6098917946219444,0.14005187816090053,0.9673630595207214
2657,8241,deeplift,0.19801829032825702,-0.04161560625740976,0.5858674049377441
2658,335,deeplift,0.6219072899092799,0.13979487574618796,0.9956756234169006
2659,3755,deeplift,0.7302421131594614,0.10235137831081044,0.9958266615867615
2660,2191,deeplift,0.7939155263935819,0.06700845676309922,0.9968668818473816
2661,9214,deeplift,-0.1479058139735744,-0.15040684917143413,0.0821123942732811
2662,5205,deeplift,0.5439914080167287,0.29642506845687566,0.9564659595489502
2663,6073,deeplift,0.4146546795964241,0.29592542350292206,0.909386157989502
2664,23,deeplift,-0.031152172424994847,0.009799931307925898,0.10498066991567612
2665,4923,deeplift,0.5333706280764412,0.1824340680066277,0.9979714751243591
2666,4556,deeplift,0.7541404043634733,0.18531000945303175,0.994708776473999
2667,2012,deeplift,0.666008873627736,0.09091629546422225,0.9872057437896729
2668,381,deeplift,0.3809877703587214,0.289163068930308,0.7154651880264282
2669,3127,deeplift,0.16837601439328864,-0.18131247349083424,0.4122379422187805
2670,6398,deeplift,0.6105566614053466,0.2350524589419365,0.8674048185348511
2671,1981,deeplift,0.42450727203062605,0.23508052102157048,0.9807500243186951
2672,3095,deeplift,0.4271616155610365,0.2483286918962703,0.9803153872489929
2673,6758,deeplift,0.33602702245116234,0.17114552715793252,0.8814901113510132
2674,2025,deeplift,0.704161478082339,0.09306067228317261,0.9958272576332092
2675,9398,deeplift,0.4996281967443578,0.14494311809539795,0.991011381149292
2676,5100,deeplift,0.3265690114349127,0.24898264184594154,0.9824408888816833
2677,3526,deeplift,0.4224044676456187,0.2791121171580421,0.9539617300033569
2678,7532,deeplift,0.5214031877971831,0.12638220900580996,0.9970130920410156
2679,3007,deeplift,0.17339804781408147,0.1141139446147557,0.45401743054389954
2680,1084,deeplift,0.02336381814059089,0.002834826926974689,0.1513485461473465
2681,9837,deeplift,0.4625474755410795,0.30427583362217303,0.596534788608551
2682,9258,deeplift,0.7643141762486526,0.21526608012971424,0.9841108322143555
2683,4503,deeplift,0.4476638101041317,0.08966405689716339,0.9987071752548218
2684,1575,deeplift,0.7981435679830611,0.5289854537695646,0.9715851545333862
2685,3091,deeplift,0.6074604074160258,0.3252680425842603,0.7357624173164368
2686,2484,deeplift,0.2564058773219585,0.17912799268960952,0.8485127091407776
2687,4489,deeplift,0.6175199179422288,0.05417120740527198,0.9980345368385315
2688,5070,deeplift,0.4513888347428292,0.1578565053641796,0.9909849166870117
2689,5669,deeplift,-0.1623860443079913,-0.14994597710944987,0.21017926931381226
2690,2138,deeplift,0.5447289995525194,0.16322706315828406,0.9894649982452393
2691,6580,deeplift,0.36078616763864246,0.3971714111311095,0.9711307287216187
2692,2516,deeplift,-0.3648620625026524,-0.09062357097864152,0.11042720824480057
2693,9154,deeplift,-0.23947472453117372,0.0016669882088899612,0.274978905916214
2694,5456,deeplift,0.2807695425692059,0.08643285859198797,0.9836918115615845
2695,3433,deeplift,0.5923699120096132,0.06968096366115645,0.9903010129928589
2696,3989,deeplift,0.2520405501127243,0.09189981718858083,0.8037751913070679
2697,7422,deeplift,0.6742571258674497,0.12798716710961383,0.9796881079673767
2698,5009,deeplift,0.6811359761090114,0.10315250117203285,0.9990262985229492
2699,1458,deeplift,0.7487252004444599,0.062251914540926614,0.9993515610694885
2700,952,deeplift,0.28093585913831537,0.13881712339141153,0.8431436419487
2701,9718,deeplift,0.7879726622057589,0.2347357186831926,0.9942337870597839
2702,960,deeplift,0.6476626705966497,0.3546400736821325,0.9644613265991211
2703,7273,deeplift,0.6541945366188884,0.1972496621310711,0.9376223683357239
2704,765,deeplift,0.6037192158401012,0.2114722579717636,0.9362645149230957
2705,8316,deeplift,0.01723628561012447,0.08034894650336355,0.19361093640327454
2706,3400,deeplift,0.7356638695281517,0.21877749098671806,0.9845474362373352
2707,2316,deeplift,-0.24645848004994067,-0.18455508025363088,0.018750006332993507
2708,9465,deeplift,0.8039550587534905,0.23204885244369508,0.996713399887085
2709,9346,deeplift,0.30548653485519545,0.2089752842273031,0.8224518895149231
2710,7835,deeplift,0.7046635810285806,0.20623081624507905,0.9734372496604919
2711,4032,deeplift,0.7552763956288496,0.3079531689484914,0.8466341495513916
2712,2029,deeplift,0.5874827293945211,0.21923223705518813,0.9097992181777954
2713,4718,deeplift,0.6093551572412252,0.09674744680523872,0.9970710277557373
2714,286,deeplift,-0.04353425025262616,-0.08465113592418758,0.0738685205578804
2715,908,deeplift,0.7987234453287195,0.30545213906204,0.9955659508705139
2716,1482,deeplift,-0.22068536958911203,-0.1889133941043507,0.08761922270059586
2717,9660,deeplift,0.41231022992481786,0.14998350913325945,0.8790326118469238
2718,4712,deeplift,0.6047165007108734,0.3723923074347632,0.9654451608657837
2719,2133,deeplift,0.4650896489620209,0.2991621792316437,0.9697254300117493
2720,9608,deeplift,0.5174729138612747,0.2826185981432597,0.637782096862793
2721,9774,deeplift,-0.13188062915578486,-0.07656735721975565,0.01769173890352249
2722,9211,deeplift,0.4369470755259196,0.250349215666453,0.9672306776046753
2723,563,deeplift,-0.34726268830506696,-0.12510073638480643,0.138298898935318
2724,291,deeplift,0.5544174962810108,0.18542610428162984,0.815509557723999
2725,1713,deeplift,0.421846952703264,0.20849424600601196,0.9630559086799622
2726,4012,deeplift,0.3339778536132404,0.15721991977521352,0.9413648843765259
2727,8922,deeplift,0.6174382190220058,0.21923334896564484,0.9472754597663879
2728,169,deeplift,0.40439407965716195,0.1547415133784799,0.9820221662521362
2729,267,deeplift,0.6870162205939944,0.1415545813965075,0.994928240776062
2730,9144,deeplift,0.3401003102461497,0.2584184636672338,0.9856160879135132
2731,3172,deeplift,0.8475457611493766,0.1866565483311812,0.988938570022583
2732,2286,deeplift,0.7472647553817793,0.2757484005256133,0.9943828582763672
2733,315,deeplift,0.6967565743696122,0.10352389159656707,0.9978176355361938
2734,8046,deeplift,0.5364165939390659,0.29411567250887555,0.973440408706665
2735,8822,deeplift,0.6507647491314195,0.14937633005055515,0.9864823818206787
2736,245,deeplift,0.705710934009403,0.10365422815084457,0.9705380797386169
2737,5186,deeplift,0.8316698481794447,0.2695169448852539,0.9728085398674011
2738,5421,deeplift,0.08248712839903655,0.121707108285692,0.49813905358314514
2739,6065,deeplift,0.6805815636787725,0.0923248335071232,0.9990763664245605
2740,50,deeplift,0.6191467374563218,0.09367744667189462,0.9972941279411316
2741,3021,deeplift,0.7338281237985939,0.08059656023979186,0.9982195496559143
2742,7028,deeplift,0.7750061129530271,0.2024662638152087,0.965724766254425
2743,1372,deeplift,0.674536850980737,0.40793728371235455,0.8506693840026855
2744,4176,deeplift,0.5022102557122707,0.10322486758232116,0.9990923404693604
2745,2470,deeplift,0.3094592477594103,0.37378673175615923,0.9309874176979065
2746,8000,deeplift,0.407148685057958,-0.047640053431193034,0.5475607514381409
2747,6156,deeplift,0.3365295436233282,0.32915368489921093,0.982367753982544
2748,1498,deeplift,0.7153481618949661,0.17560149122167518,0.990665853023529
2749,5868,deeplift,0.2958243116736412,0.23333945870399475,0.9312623143196106
2750,1963,deeplift,0.7061205362901092,0.5725779730826617,0.8469609022140503
2751,248,deeplift,0.5092242375016213,0.1252909317612648,0.9986500144004822
2752,4771,deeplift,0.707343886650744,0.32810631678217933,0.9852730631828308
2753,1277,deeplift,0.15157780883943334,0.023241575149928823,0.27102163434028625
2754,4905,deeplift,0.518289517097432,0.25137099623680115,0.6508350968360901
2755,8025,deeplift,0.7588987071954069,0.09080997535160609,0.9985993504524231
2756,2110,deeplift,-0.10748166621973117,-0.12322331281999747,0.07043793052434921
2757,9776,deeplift,0.5729378293598851,0.2905066618996282,0.8635206818580627
2758,2945,deeplift,0.6169656310230494,0.48247629900773364,0.7980458736419678
2759,6249,deeplift,0.8135162004220643,0.09494952308504205,0.9974186420440674
2760,7023,deeplift,0.27343269534732983,0.1831724403992943,0.95558762550354
2761,795,deeplift,0.262570411277314,0.06866271172960599,0.5690170526504517
2762,9717,deeplift,0.575837888320287,0.2332187143464883,0.7203463315963745
2763,7908,deeplift,0.572067634335586,0.10558725254876274,0.9495376944541931
2764,5371,deeplift,0.2837737848361333,0.1333940608633889,0.9123121500015259
2765,9655,deeplift,0.6676372398029674,0.03985599225217646,0.9989718198776245
2766,447,deeplift,0.3063353618671154,0.24231320927883016,0.9808345437049866
2767,2968,deeplift,0.3432361714934048,0.16780245931524979,0.8864446878433228
2768,2152,deeplift,0.5744675352521564,0.08042555788288945,0.999284565448761
2769,7838,deeplift,0.5550803289465283,0.18630270724711212,0.9899728298187256
2770,4852,deeplift,0.5501834234843651,0.08084847033023834,0.9991657733917236
2771,5157,deeplift,0.6827240946392218,0.44446901701114794,0.7988744378089905
2772,683,deeplift,0.3158083559572697,0.23366268813610078,0.5268323421478271
2773,8118,deeplift,0.4079106239711537,0.20269146912238178,0.9499585628509521
2774,6681,deeplift,0.8259548100332419,0.14185062845547994,0.9875630140304565
2775,5741,deeplift,-0.009408326198657354,-0.0904209694514672,0.33924996852874756
2776,1488,deeplift,-0.360800139605999,-0.056545746365660114,0.08262816816568375
2777,3077,deeplift,-0.36077601534705006,-0.06917066511607939,0.20518173277378082
2778,3905,deeplift,0.3015388061360615,0.20934852957725525,0.9559391736984253
2779,8594,deeplift,0.6271338964050467,0.2989317320964553,0.9868687987327576
2780,318,deeplift,0.3883995961758398,0.1867806238512839,0.9699850082397461
2781,856,deeplift,-0.16477699136982363,-0.26107147745788095,0.04885304719209671
2782,7743,deeplift,-0.6485234886279394,-0.22524819060646253,0.03411832079291344
2783,2770,deeplift,0.3298776056085314,0.36567437393324714,0.9804602265357971
2784,3566,deeplift,0.7297477884327664,0.18884066974415498,0.9877973198890686
2785,376,deeplift,0.345456622940089,0.13815960687186038,0.5327397584915161
2786,410,deeplift,0.11591282072994444,0.05371532837549845,0.6046259999275208
2787,2405,deeplift,0.7631277104839682,0.3301634069532156,0.9856457114219666
2788,3776,deeplift,0.49075391292572024,0.22584587534268696,0.9879159927368164
2789,3946,deeplift,0.6407887099517716,0.0894227342473136,0.9991087317466736
2790,1111,deeplift,0.657124471451555,0.10033524249281202,0.9971776008605957
2791,7660,deeplift,0.42045414858521557,0.20160290484245008,0.5468052625656128
2792,8001,deeplift,0.8024848300431456,0.06741025618144444,0.998878538608551
2793,2288,deeplift,0.25263804516621996,0.1319472747189658,0.9621639251708984
2794,2127,deeplift,0.5967980163252872,0.05371769614841627,0.9625570774078369
2795,5581,deeplift,0.3782285073628792,0.11427137484917274,0.9748525619506836
2796,8256,deeplift,0.3931482143413562,0.07463027364932574,0.4714375436306
2797,6751,deeplift,0.4278188367684682,0.23035348057746888,0.9884673953056335
2798,9399,deeplift,0.7163113348472577,0.37500035418913913,0.9919646978378296
2799,2233,deeplift,0.3340500069075617,0.17977420831548757,0.988274335861206
2800,5550,deeplift,0.2869257163256407,0.2527167019434273,0.8808023929595947
2801,274,deeplift,0.7639279417120494,0.16340132630788362,0.993844747543335
2802,2344,deeplift,0.4436868065968156,0.21926943560441334,0.91654372215271
2803,1568,deeplift,0.4286682118216287,0.0854753702878952,0.7773013114929199
2804,3133,deeplift,0.7411746203222058,0.15915024190238028,0.9874024391174316
2805,6178,deeplift,0.6115738521603977,0.10918422130977407,0.9938210844993591
2806,7955,deeplift,0.17994002299383283,0.2377776086796075,0.6239811778068542
2807,7820,deeplift,0.20839270949363708,0.21819339513778688,0.9777663946151733
2808,9415,deeplift,0.6926595513467435,0.05586865875456068,0.9970239996910095
2809,2574,deeplift,0.5902629732512511,0.2524916334794118,0.7810603976249695
2810,965,deeplift,0.7003666290215084,0.16119338146277837,0.9737648367881775
2811,2291,deeplift,0.689046389888972,0.08031365275382996,0.9576125144958496
2812,5375,deeplift,0.44689073677485186,0.38472480326890945,0.5831182599067688
2813,6670,deeplift,0.7719506027975253,0.32873171674353735,0.9569225311279297
2814,8955,deeplift,0.6591074947371252,0.07119934205655698,0.8580571413040161
2815,8059,deeplift,0.37873650435358286,0.2581278635188937,0.9817341566085815
2816,2755,deeplift,0.44459897831418654,0.14469542602698007,0.8748940825462341
2817,4474,deeplift,0.5951106801629067,0.09204237103462219,0.7025526762008667
2818,3910,deeplift,0.1577679408448083,0.2810957868184362,0.8572461605072021
2819,2002,deeplift,0.3532492518424988,0.21473963690154693,0.557475745677948
2820,4794,deeplift,0.19583368727139064,0.34554704065833775,0.958869218826294
2821,8644,deeplift,0.6831130914994188,0.3016458600759506,0.9397147297859192
2822,6394,deeplift,0.5258784246715632,0.21828418157317422,0.8152373433113098
2823,5339,deeplift,0.5738768605110438,0.0596988382546798,0.9555580615997314
2824,1730,deeplift,0.3022956921244567,0.12280506851538173,0.9871309399604797
2825,2360,deeplift,0.42381989278576593,0.2894749946214936,0.8205083012580872
2826,9379,deeplift,0.5507511179894209,0.08866176009178162,0.9982419013977051
2827,9058,deeplift,0.7247570192234384,0.11891912089453803,0.9928626418113708
2828,9028,deeplift,0.5611636138831576,0.12438468759258588,0.743569552898407
2829,7579,deeplift,0.6020559997043826,0.14915100688284094,0.9975056052207947
2830,6428,deeplift,0.7924884300875036,0.28969429825481613,0.9844633340835571
2831,1068,deeplift,0.6661105853946585,0.08821267830698114,0.9936570525169373
2832,5337,deeplift,0.1695706465027549,0.16284707408737054,0.4448939561843872
2833,1071,deeplift,0.599974033733209,0.07512014359235764,0.9988334774971008
2834,9456,deeplift,0.6506781028583646,0.09843556458751361,0.9985318183898926
2835,5020,deeplift,0.854172358289361,0.21579470951110125,0.9806566834449768
2836,2115,deeplift,0.12972351577546862,0.3074058735812152,0.8506048321723938
2837,5910,deeplift,0.7944372515043905,0.12195839324305134,0.9961621761322021
2838,8448,deeplift,0.14741500275475639,0.19155780502728054,0.701435387134552
2839,3132,deeplift,0.022012264050286393,-0.03944427186045153,0.4868643879890442
2840,7703,deeplift,-0.06603850070934962,-0.3550051012459923,0.223622128367424
2841,474,deeplift,0.6592904138176338,0.3002655995280846,0.994484007358551
2842,8441,deeplift,-0.2595034893602133,-0.2310247698000499,0.23817136883735657
2843,7584,deeplift,0.2198659636472401,0.24228286586309733,0.9492752552032471
2844,3085,deeplift,0.09276407795107883,-0.13573755421068356,0.23385700583457947
2845,8856,deeplift,0.21001780387901126,-0.04633014684631711,0.31132039427757263
2846,5936,deeplift,0.6130637806653977,0.1272299110889435,0.9920076131820679
2847,3397,deeplift,0.4002889096736908,0.3901725461085637,0.9834859371185303
2848,4309,deeplift,0.16563313489868528,0.15335714107468015,0.8724483847618103
2849,6169,deeplift,0.3316476300358772,0.3784993693232536,0.9829633235931396
2850,3693,deeplift,0.5968416318297386,0.34325222074985506,0.909570038318634
2851,1691,deeplift,0.5298654546632486,0.5494388622396132,0.8415865898132324
2852,4333,deeplift,0.2499599468249541,0.34011750840223753,0.9487396478652954
2853,9574,deeplift,0.365188896159331,-0.07459376553694406,0.6648756861686707
2854,8619,deeplift,0.18934666578258788,0.19396740411009109,0.9243751168251038
2855,6832,deeplift,0.16558342435481874,0.013200514018535614,0.2816162705421448
2856,3795,deeplift,-0.046720893563408604,-0.10840114755065818,0.0901736244559288
2857,4649,deeplift,0.6383777697171483,0.17996875090258463,0.9974777102470398
2858,9226,deeplift,0.6694832729796568,0.16004159881008995,0.9909680485725403
2859,7372,deeplift,0.505909665905196,0.17205273899538764,0.8311757445335388
2860,4929,deeplift,0.044555327609965674,-0.0003537684679031372,0.5342320203781128
2861,4233,deeplift,0.11244701308508714,0.0016286070148150125,0.3242146372795105
2862,1145,deeplift,0.6149073668888637,0.1373041080577033,0.9932345747947693
2863,3111,deeplift,-0.27467740644865174,-0.23907913705881903,0.2920514643192291
2864,8737,deeplift,0.25373508781194687,-0.09167438461667016,0.46964770555496216
2865,2592,deeplift,0.5728092236178262,0.1535522426877703,0.9651551246643066
2866,9142,deeplift,0.6141530312597752,0.12749799713492393,0.9984855055809021
2867,624,deeplift,-0.23124529453925788,-0.025770035764435307,0.0037006644997745752
2868,9043,deeplift,0.18028178206939055,0.11990041795529817,0.6180819272994995
2869,3283,deeplift,0.3416305989440944,0.08275401923391554,0.7244116067886353
2870,6341,deeplift,0.5372903153300286,0.18473894596099855,0.9341745376586914
2871,7522,deeplift,0.21563400563440824,0.3163927856244539,0.8751927018165588
2872,9585,deeplift,0.6553219796717167,0.25434256613254547,0.9637162089347839
2873,7440,deeplift,0.4215887870926123,0.4653850376892548,0.9106724262237549
2874,668,deeplift,0.6826559957649027,0.24761342406272888,0.9771119952201843
2875,6750,deeplift,0.34070759376182275,-0.014600603019489962,0.7939133048057556
2876,5165,deeplift,0.5114368959688224,0.30969829570788604,0.9004144072532654
2877,5279,deeplift,0.08990478089877538,-0.035477395568575175,0.6311140060424805
2878,582,deeplift,0.7475810689437721,0.26076160702440476,0.9404832124710083
2879,3945,deeplift,0.4254134272535642,0.30802274826500153,0.9854174256324768
2880,7688,deeplift,0.6556553468108177,0.4179875950018565,0.9589623212814331
2881,7614,deeplift,0.4955679265161355,0.30847984179854393,0.9821305871009827
2882,1208,deeplift,0.21443124413490294,0.3212504061870277,0.9626829028129578
2883,7944,deeplift,0.5889546925900504,0.203929184935987,0.7860307097434998
2884,5030,deeplift,-0.39062387123703957,-0.3815364805050194,0.236908957362175
2885,76,deeplift,0.3334933922372081,0.18771917847069827,0.9433724284172058
2886,6693,deeplift,0.27440676969640393,0.24371239017037785,0.9601569175720215
2887,9478,deeplift,0.3542445361614227,0.2536248594522476,0.9977123737335205
2888,9464,deeplift,0.6213191132992506,0.11830361187458038,0.9984645843505859
2889,1175,deeplift,0.5526851351772036,0.07735799891608101,0.9976218342781067
2890,592,deeplift,0.40348828832308453,0.13194541335105897,0.9835613369941711
2891,3774,deeplift,0.332854492674497,0.06485630233179439,0.6491615772247314
2892,5676,deeplift,0.77333452815323,0.10787845935140337,0.9932020306587219
2893,7362,deeplift,-0.16427460478411782,-0.1011156847493516,0.021230775862932205
2894,1470,deeplift,0.2617545651271939,0.2663175046443939,0.9004700779914856
2895,705,deeplift,0.43341964681943257,0.23781996965408325,0.9899735450744629
2896,1688,deeplift,0.7641705565336274,0.2566079802629424,0.9569684267044067
2897,4828,deeplift,-0.01050146110355854,-0.09867592803809953,0.11255019903182983
2898,5386,deeplift,0.742507781367749,0.12871654145419598,0.9906601309776306
2899,4564,deeplift,0.6328313463661623,0.10984921298528973,0.977460503578186
2900,7450,deeplift,0.61052506656519,0.20641252824238368,0.8191325068473816
2901,9324,deeplift,0.5152089446783066,0.09416476995856674,0.9094321131706238
2902,4747,deeplift,0.595738443889116,0.07000560038968136,0.9961383938789368
2903,4303,deeplift,0.5998585962600285,0.07932091047686915,0.9986164569854736
2904,6460,deeplift,0.12022583797464476,0.16489382526453802,0.7737427353858948
2905,6239,deeplift,0.40098606312976165,0.3728595016633763,0.9465147256851196
2906,7766,deeplift,0.5081434034638934,0.1668045851919386,0.9988646507263184
2907,6739,deeplift,0.5651528527113524,0.19490174407308752,0.9799646139144897
2908,8336,deeplift,0.24760711299521582,0.23354561307600566,0.9781419634819031
2909,3464,deeplift,0.1743037685751915,0.3561339730396867,0.8936687707901001
2910,1509,deeplift,0.5716592264175415,0.07806755423545837,0.9985836744308472
2911,4978,deeplift,0.720472946282356,0.05563298636867154,0.9946236610412598
2912,6008,deeplift,0.35502564575937057,0.21988170787140174,0.9419310092926025
2913,5730,deeplift,0.7796392659656703,0.07663464333329882,0.9976480603218079
2914,8334,deeplift,0.45210701185796,0.3144773178630405,0.9408236742019653
2915,4883,deeplift,0.4270163279026747,0.2616220206022263,0.9746667742729187
2916,9740,deeplift,-0.12683723813209397,0.011571729412445655,0.27459877729415894
2917,3299,deeplift,0.3881107537696759,0.3460273959984382,0.8792740106582642
2918,594,deeplift,0.6840419333980039,0.36387945932370647,0.8034461736679077
2919,5521,deeplift,-0.27924995000163716,-0.2528419643640518,0.07526755332946777
2920,6867,deeplift,0.7518233726873542,0.2824459513931563,0.9303038120269775
2921,7999,deeplift,0.3818621592862265,0.24176244473173505,0.9823766946792603
2922,7073,deeplift,0.48551265950556155,0.07695091764132182,0.995196521282196
2923,2876,deeplift,0.16976829692721368,0.27912221718579533,0.8164443969726562
2924,5595,deeplift,0.6608251998057733,0.20288660205327547,0.9568975567817688
2925,8508,deeplift,0.66262744083291,0.08750873236429124,0.998704195022583
2926,9525,deeplift,0.5844161260772396,0.10192967508290265,0.9983298182487488
2927,4335,deeplift,0.6349447619599792,0.3189274570546471,0.7484444379806519
2928,4540,deeplift,0.026311238330823404,0.05182892967153479,0.662774384021759
2929,10,deeplift,0.08186600826404712,0.2163664753790255,0.676043689250946
2930,8757,deeplift,0.3808871272838477,0.06392942594759392,0.8583734035491943
2931,1217,deeplift,0.2595579657289717,0.10596097922987407,0.4207135736942291
2932,1224,deeplift,0.4661922919685426,0.027568815842918728,0.8717190027236938
2933,3206,deeplift,0.6144529585726559,0.22110369615256786,0.9135860204696655
2934,93,deeplift,0.16823420220095178,0.24562301430041375,0.47734296321868896
2935,8057,deeplift,-0.02729354330471584,-0.08960342918123518,0.34241586923599243
2936,2455,deeplift,0.5053491802378134,0.15651350129734387,0.9918931722640991
2937,1247,deeplift,0.055817290964360174,-0.13758471567888517,0.26139381527900696
2938,2251,deeplift,0.1674039794339074,0.2815508180194431,0.730139434337616
2939,6380,deeplift,-0.028754152357578278,-0.17959376530987875,0.14159831404685974
2940,4708,deeplift,-0.20380562205060287,-0.16708155313570952,0.012500850483775139
2941,7864,deeplift,-0.2743801809847355,-0.247389723546803,0.1561078131198883
2942,3916,deeplift,0.41447269565918865,0.23913460794617147,0.9844939112663269
2943,3105,deeplift,0.5451172618195415,0.3305755481123924,0.879534900188446
2944,292,deeplift,0.7266353523289716,0.06334321366416083,0.9789100289344788
2945,7616,deeplift,0.6553251991669337,0.1398056759720757,0.9918926954269409
2946,2083,deeplift,-0.34295852375882013,-0.27008792502539497,0.12507806718349457
2947,4381,deeplift,-0.028907303232699633,-0.4149128844340642,0.24327923357486725
2948,4291,deeplift,0.32070465572178364,0.22529704845510423,0.9728783965110779
2949,5404,deeplift,-0.15264270663261414,0.055555386990308764,0.23106242716312408
2950,6637,deeplift,-0.43043469319022015,-0.10349633977258284,0.006541180424392223
2951,1090,deeplift,0.32410042667213607,0.2106297699844136,0.9117666482925415
2952,8570,deeplift,0.22983862273395061,0.2666119998320937,0.9812398552894592
2953,6206,deeplift,0.6079890296722834,0.2734235250032865,0.7228499054908752
2954,6843,deeplift,0.6888625570996241,0.31650966879996384,0.9947540760040283
2955,1078,deeplift,0.5938006358988145,0.14163600872544682,0.9969197511672974
2956,1188,deeplift,-0.03255566120147705,-0.04210194587707519,0.13437055051326752
2957,3984,deeplift,0.7613112489796348,0.040209969988575685,0.9324776530265808
2958,1369,deeplift,0.5628864196213809,0.14930214258757504,0.9991320967674255
2959,8348,deeplift,0.5871411604540688,0.07630939994539533,0.998160183429718
2960,5987,deeplift,0.16391605168581008,-0.05671427607536316,0.4486486613750458
2961,1599,deeplift,0.22340804194250413,0.07296323656074462,0.5613055229187012
2962,4573,deeplift,0.692844979222054,0.10388076240601747,0.9985387325286865
2963,5173,deeplift,0.21540860717113203,0.26608739449427676,0.9868719577789307
2964,6459,deeplift,0.5900674197408888,0.19692698038286632,0.7583831548690796
2965,4404,deeplift,-0.06228902637958526,-0.047621279023587704,0.26380324363708496
2966,7585,deeplift,0.3340229561759366,0.11607390145460765,0.5379230976104736
2967,8225,deeplift,0.6398567074176037,0.11717055331576955,0.9788225293159485
2968,4209,deeplift,0.2601281044189818,-0.08986105918884277,0.6795138716697693
2969,1418,deeplift,0.3903289766688096,0.2358535088990864,0.9834221005439758
2970,3309,deeplift,0.6088446064719132,0.27782887113945826,0.935121476650238
2971,9362,deeplift,0.5246329013080824,0.22459069745881216,0.7081358432769775
2972,6492,deeplift,0.5207845779756705,0.4169209467040168,0.8727192282676697
2973,7841,deeplift,0.6481002156312267,0.07561155656973521,0.9991457462310791
2974,3037,deeplift,-0.3417803536240871,-0.1817319868848874,0.1370203197002411
2975,1825,deeplift,0.4809694488843282,0.12718172669410704,0.9200100898742676
2976,3842,deeplift,0.38524376414716244,-0.12675762424866358,0.551689088344574
2977,4522,deeplift,-0.5766058127240589,-0.04737108636375827,0.003012626664713025
2978,1569,deeplift,-3.131005602578322e-05,-0.06256663550933202,0.09190179407596588
2979,1261,deeplift,0.40007864590734243,0.35345967253670096,0.9530791640281677
2980,4918,deeplift,0.4326921660791744,0.114527627825737,0.9733685851097107
2981,5273,deeplift,0.3807777753382018,0.12382289225404913,0.9524369835853577
2982,2478,deeplift,0.5135646450676417,0.11908063370930522,0.9819694757461548
2983,5795,deeplift,0.7162011160204808,0.21627372006575266,0.9339596629142761
2984,6864,deeplift,0.576169899404049,0.265749506354332,0.9809978604316711
2985,1616,deeplift,0.17852133537332218,0.010985461374123892,0.3876338303089142
2986,6913,deeplift,0.7205224549770355,0.059854482412338254,0.9976267218589783
2987,2236,deeplift,0.3375887196996938,0.21041898494181427,0.901846170425415
2988,7618,deeplift,0.41419074465246764,0.29952141291954937,0.984653651714325
2989,5447,deeplift,0.38695133190888625,0.18688459407824737,0.9519686698913574
2990,5554,deeplift,0.5896084812634131,0.3029356397250119,0.7664573788642883
2991,7212,deeplift,0.49940257980709984,0.15535866504623777,0.9923976063728333
2992,7352,deeplift,0.3865212613344193,0.2562571775913238,0.9823411703109741
2993,2533,deeplift,0.3953804315590277,0.17912101672916877,0.9566816091537476
2994,5950,deeplift,-0.16656092540002787,-0.18496668546532208,0.015209407545626163
2995,7947,deeplift,0.6624910347163677,0.2247513450682163,0.9940505623817444
2996,2689,deeplift,0.6230101570900943,0.25174084388547474,0.7978682518005371
2997,3110,deeplift,0.854057503434328,0.19124448757905227,0.9963325262069702
2998,4397,deeplift,0.0578319638967514,0.04658212006092072,0.31896790862083435
2999,2935,deeplift,0.6174865023543438,0.35954668434957665,0.8999387621879578
3000,9632,integrated_gradient,0.7801654962106392,0.15113781851071578,0.9681628346443176
3001,9282,integrated_gradient,0.42470703313225194,0.1219871765688846,0.9990247488021851
3002,106,integrated_gradient,-0.02243629386348109,-0.019334073028256817,0.15904000401496887
3003,1446,integrated_gradient,0.6278572362419721,0.21681933950733495,0.957824170589447
3004,1513,integrated_gradient,0.431238722823122,0.163510403212379,0.8942596316337585
3005,6498,integrated_gradient,0.12464804104284237,0.06229451926130997,0.35145363211631775
3006,6973,integrated_gradient,0.6125939557594913,0.06731441829885755,0.9980524778366089
3007,4952,integrated_gradient,0.4864357059652155,0.24890034848993475,0.9622885584831238
3008,8552,integrated_gradient,0.7352125143462961,0.16532932763749902,0.9872360825538635
3009,3027,integrated_gradient,-0.10119003331974934,-0.039949080171553714,0.053609464317560196
3010,2760,integrated_gradient,0.5863526299595833,0.1563695464283228,0.7212817668914795
3011,3060,integrated_gradient,0.5709837162068911,0.19166108965873718,0.9723584055900574
3012,33,integrated_gradient,0.4548383249956019,0.3092743842040791,0.9623281955718994
3013,1349,integrated_gradient,0.5848384809990724,0.1430190255244573,0.8265097141265869
3014,4934,integrated_gradient,0.6909006221219898,0.09960174411535264,0.9679321050643921
3015,2680,integrated_gradient,0.6286692268425419,0.14170155313707167,0.9950430393218994
3016,9074,integrated_gradient,0.3550732582807541,0.1714062425825331,0.9623054265975952
3017,5414,integrated_gradient,0.3598888390697539,0.19482501556998805,0.9898973703384399
3018,6663,integrated_gradient,0.6944084926085039,0.1911505420099605,0.9978005290031433
3019,5286,integrated_gradient,0.36230807242771756,0.147758349776268,0.9718378782272339
3020,3782,integrated_gradient,0.3413509000092745,0.2106666136533022,0.9555014371871948
3021,4516,integrated_gradient,-0.28348702378571033,-0.2094853688031435,0.26527026295661926
3022,4554,integrated_gradient,-0.03602701555127683,-0.03594349389490874,0.5958682894706726
3023,1595,integrated_gradient,0.45185745604192984,0.23523209072076356,0.9713711738586426
3024,3857,integrated_gradient,0.7035798080628966,0.186509651381795,0.9562403559684753
3025,3337,integrated_gradient,0.8453156207329952,0.09700536040159372,0.9958930015563965
3026,9255,integrated_gradient,0.37803429556910745,0.1461953742163522,0.9361338019371033
3027,1383,integrated_gradient,0.5644549844057664,0.17140919682772263,0.756279468536377
3028,4860,integrated_gradient,0.5732430550491526,0.1521020858060746,0.9939751029014587
3029,7275,integrated_gradient,0.6603849306702614,0.1537939050923223,0.9952195286750793
3030,8740,integrated_gradient,0.7658995700767264,0.27112885005772114,0.9622189998626709
3031,1155,integrated_gradient,0.5421678929225259,0.09636749780696371,0.9724428653717041
3032,6725,integrated_gradient,0.7318017048140367,0.31592359642187756,0.8771812319755554
3033,1076,integrated_gradient,0.3822948879429272,0.13439124183995382,0.8524025678634644
3034,3058,integrated_gradient,0.7719674866254392,0.2800413052502431,0.9388748407363892
3035,4586,integrated_gradient,0.3017129977544149,0.11783158580462137,0.842685341835022
3036,1791,integrated_gradient,0.6518210394737812,0.4045587886984532,0.8261635899543762
3037,6325,integrated_gradient,0.6602101648847262,0.08477728764216105,0.9986565113067627
3038,7506,integrated_gradient,0.5043484767278036,0.09844619201289283,0.9964942336082458
3039,6495,integrated_gradient,0.4607098855470356,0.07457469639025237,0.9987700581550598
3040,9542,integrated_gradient,0.617644696643478,0.195008259070547,0.9656192660331726
3041,4694,integrated_gradient,0.5329093990787384,0.16392303955170415,0.9920693635940552
3042,8369,integrated_gradient,-0.44358962391399676,-0.06326319618771474,0.01818203367292881
3043,7093,integrated_gradient,0.14769833252737016,-0.0372820311423504,0.379228413105011
3044,2794,integrated_gradient,0.4948686727768053,0.15995024727738422,0.9661273956298828
3045,39,integrated_gradient,0.48865994070506386,0.1370436558800359,0.9776915311813354
3046,7478,integrated_gradient,-0.057812793509048575,-0.0935803615652463,0.03629209101200104
3047,1253,integrated_gradient,0.52561468737466,0.19501365082604544,0.9669159650802612
3048,360,integrated_gradient,0.2262468281246367,0.1753208339214325,0.8149926066398621
3049,9638,integrated_gradient,0.6218186026172978,0.26843944511243273,0.8515133261680603
3050,1726,integrated_gradient,0.6915980283828342,0.33018947962452383,0.9851669669151306
3051,439,integrated_gradient,-0.1704571181061593,-0.15342469852079044,0.032697852700948715
3052,5267,integrated_gradient,-0.16397852439652472,-0.08722217030384961,0.36365991830825806
3053,4337,integrated_gradient,0.5669691740348936,0.17990440845489503,0.9380333423614502
3054,7724,integrated_gradient,0.36869011933986956,0.17513662003553832,0.9108648300170898
3055,7676,integrated_gradient,0.5900968295832475,0.22793113092581432,0.9552843570709229
3056,8913,integrated_gradient,0.40632630999271685,0.19915191943828875,0.9871233701705933
3057,2492,integrated_gradient,0.6572671759128571,0.3222244828939438,0.8015820980072021
3058,7462,integrated_gradient,0.5445343747904355,0.17233470353213223,0.9383172988891602
3059,7430,integrated_gradient,0.41464758245274425,0.05725187435746193,0.8598186373710632
3060,6620,integrated_gradient,0.2829859626945108,0.1625795941799879,0.962418794631958
3061,6221,integrated_gradient,0.3821156808278627,0.21337181826432547,0.9842601418495178
3062,8844,integrated_gradient,0.33769705618562346,0.04653458432717757,0.6842954158782959
3063,4518,integrated_gradient,0.6223029697934787,0.08239676356315613,0.7940210103988647
3064,1684,integrated_gradient,0.7903026840871289,0.14017327342714583,0.989425539970398
3065,29,integrated_gradient,0.6333038111527761,0.103293110926946,0.9986901879310608
3066,6475,integrated_gradient,0.5990323952975727,0.11112988562810988,0.7889692783355713
3067,6691,integrated_gradient,0.09849271370518592,-0.12126485282374967,0.5658720135688782
3068,1747,integrated_gradient,0.796179638504982,0.20360520124435424,0.9513521194458008
3069,5559,integrated_gradient,0.556354225746223,0.08174169063568115,0.9991921782493591
3070,3325,integrated_gradient,0.6605205003172159,0.21237162202596666,0.8735811710357666
3071,4525,integrated_gradient,0.5679618410455683,0.09476789211233456,0.9951671361923218
3072,5434,integrated_gradient,0.7427833671875609,0.12540137767791748,0.9970090985298157
3073,2129,integrated_gradient,0.740932919912868,0.13102299140559304,0.9861270189285278
3074,5441,integrated_gradient,0.40074009105965896,0.17294384096119855,0.9363431930541992
3075,9420,integrated_gradient,-0.3209625079351313,-0.2247035108944949,0.25969892740249634
3076,1330,integrated_gradient,0.7940723756677471,0.06478822976350784,0.9988986253738403
3077,7369,integrated_gradient,-0.4820974301546812,-0.06358371867099777,0.06309627741575241
3078,2275,integrated_gradient,0.4663071229177363,0.07964838953579173,0.9988258481025696
3079,1765,integrated_gradient,0.5610477963219518,0.09415473886158156,0.9983768463134766
3080,9131,integrated_gradient,0.6434788991665018,0.07981586661832087,0.991392970085144
3081,6095,integrated_gradient,0.5818420269567034,0.4404889209114987,0.7672213315963745
3082,1263,integrated_gradient,0.6921721532319983,0.2647484006981055,0.9291120767593384
3083,1142,integrated_gradient,0.6204766613595626,0.07867750350166769,0.9987917542457581
3084,7797,integrated_gradient,0.6239167642262247,0.08728753195868598,0.9992775321006775
3085,4989,integrated_gradient,0.14630867973450692,0.07752533064734551,0.35265183448791504
3086,4395,integrated_gradient,0.6513026360930367,0.23477347161282192,0.9159936904907227
3087,5333,integrated_gradient,0.742855446526047,0.08832798130584485,0.985869288444519
3088,8163,integrated_gradient,0.7737304093739525,0.08312505890022624,0.996148943901062
3089,8995,integrated_gradient,0.5426943863139433,0.15945153376635382,0.8720892071723938
3090,9568,integrated_gradient,0.487685565619419,0.1476040114959081,0.9862967729568481
3091,6098,integrated_gradient,0.459998323295552,0.2643987981315989,0.7101991772651672
3092,7278,integrated_gradient,0.6566771326586605,0.23322235743204753,0.9797466993331909
3093,1516,integrated_gradient,0.6592540704179555,0.24390537068247795,0.936162531375885
3094,3501,integrated_gradient,0.4096093497106007,0.17836094754082815,0.9401589035987854
3095,4371,integrated_gradient,0.40782687347382307,0.13626530766487122,0.5645428895950317
3096,7736,integrated_gradient,0.710080411852054,0.08837712070216304,0.9857485890388489
3097,1683,integrated_gradient,-0.03747965395450592,0.047286977991461754,0.6186842322349548
3098,1631,integrated_gradient,0.7162925664867673,0.36381868663288297,0.9548134207725525
3099,4601,integrated_gradient,-0.08213339505657073,-0.04792491082222231,0.23664434254169464
3100,6956,integrated_gradient,0.737508345246315,0.21495914459228516,0.9766616225242615
3101,8482,integrated_gradient,-0.3867109294694204,-0.36477498614635223,0.14265330135822296
3102,9095,integrated_gradient,0.5352036168177923,0.16542368332544963,0.9724326133728027
3103,7344,integrated_gradient,0.6016408870065654,0.0800349756523415,0.9950860142707825
3104,1732,integrated_gradient,0.6791930253115984,0.15877659962727472,0.8685068488121033
3105,4373,integrated_gradient,0.42892377213998273,0.1771505353125659,0.9838618636131287
3106,971,integrated_gradient,0.48637973982840776,0.02028366830199957,0.8528238534927368
3107,6578,integrated_gradient,0.7074005372123793,0.19926090786854425,0.8421292901039124
3108,1453,integrated_gradient,0.5305388224752325,0.11248800001646343,0.9988403916358948
3109,80,integrated_gradient,-0.26433287587549004,-0.1171308084490842,0.009197588078677654
3110,8908,integrated_gradient,0.5340010366019081,0.23144324036205516,0.9895087480545044
3111,96,integrated_gradient,0.743716760724783,0.08505123108625412,0.9992652535438538
3112,4376,integrated_gradient,0.33023830560537487,0.2100335772220905,0.9677006602287292
3113,3207,integrated_gradient,0.7256787596818279,0.31542743216542635,0.943618893623352
3114,6462,integrated_gradient,0.4591757313293569,0.19261668184224298,0.9625318050384521
3115,6220,integrated_gradient,0.18724999411238563,0.19862053212192324,0.8176868557929993
3116,3279,integrated_gradient,0.6223218994481223,0.05509441239493234,0.9982277750968933
3117,8741,integrated_gradient,0.5395005393554183,0.08233709195080925,0.9531933665275574
3118,8758,integrated_gradient,0.7736555651268539,0.22506727628848133,0.9484697580337524
3119,5396,integrated_gradient,0.6569867939466522,0.19629169361931936,0.9956110119819641
3120,2855,integrated_gradient,0.8147911578416824,0.1991649329662323,0.9624814391136169
3121,1862,integrated_gradient,0.4659103984976637,0.28381948224429426,0.9382230043411255
3122,7659,integrated_gradient,0.4955081239946791,0.16976939504211014,0.6496463418006897
3123,8446,integrated_gradient,0.5562473712489009,0.10127902589738369,0.999000608921051
3124,5152,integrated_gradient,0.7881412744798042,0.14363788233862984,0.9934417009353638
3125,2903,integrated_gradient,-0.34834064725180003,-0.1967541519119296,0.09596315026283264
3126,7581,integrated_gradient,0.6396443131069343,0.20936278700828553,0.9800508618354797
3127,9431,integrated_gradient,0.4197546604829019,0.18427079565384807,0.9518901109695435
3128,8948,integrated_gradient,0.5671717437322844,0.199167170307853,0.9274129867553711
3129,2486,integrated_gradient,0.2217012446656424,0.1098578649439982,0.3828200697898865
3130,5552,integrated_gradient,0.39824528454078567,0.03466034597820706,0.704188883304596
3131,5479,integrated_gradient,0.49599056243896483,0.09093875885009765,0.9940979480743408
3132,3894,integrated_gradient,0.2731425768949769,0.1760116395625201,0.9003875255584717
3133,9430,integrated_gradient,-0.4716960150216307,-0.26602761149406434,0.009144823998212814
3134,9766,integrated_gradient,0.7378576883957499,0.17106518007460095,0.9533199071884155
3135,4355,integrated_gradient,-0.05115348433277437,0.006283605382556007,0.5043207406997681
3136,2833,integrated_gradient,0.7781008610812327,0.3821634029348691,0.9334944486618042
3137,3328,integrated_gradient,0.6993604687352976,0.25277833971712327,0.9440211653709412
3138,8019,integrated_gradient,-0.32730878245395917,-0.39391137237350143,0.06508404016494751
3139,3424,integrated_gradient,0.7727587271481753,0.20367238149046898,0.9666966795921326
3140,4539,integrated_gradient,0.7868042844865057,0.14129604785530656,0.9976791739463806
3141,4921,integrated_gradient,0.6136363846776278,0.15223613122235174,0.8028798699378967
3142,3469,integrated_gradient,0.8717696006099384,0.44952794710795085,0.9772527813911438
3143,5705,integrated_gradient,0.6253875467181206,0.06637808918952942,0.9992376565933228
3144,311,integrated_gradient,0.4819511198080503,0.05111119724237002,0.8606887459754944
3145,9045,integrated_gradient,0.6463284451691877,0.10016972536132449,0.8220238089561462
3146,2619,integrated_gradient,-0.3110008050912413,-0.10209958383749271,0.051463108509778976
3147,789,integrated_gradient,0.4068383251627286,0.20386232187350592,0.9990278482437134
3148,2742,integrated_gradient,0.6533927680924535,0.33568286914378404,0.7575263977050781
3149,5653,integrated_gradient,0.38601308440168697,0.21386439353227615,0.9503976702690125
3150,483,integrated_gradient,-0.0918765069747513,-0.11684053696014664,0.06002400815486908
3151,8113,integrated_gradient,-0.2904844701108409,-0.12131108198224044,0.09422348439693451
3152,8478,integrated_gradient,0.53251182638547,0.15399807691574097,0.9410490393638611
3153,1199,integrated_gradient,0.7690206129008379,0.246385769202159,0.9228596687316895
3154,5507,integrated_gradient,-0.14945160765200854,-0.055944024678319694,0.009515474550426006
3155,3653,integrated_gradient,0.7233688909756509,0.09170186362768475,0.9983776807785034
3156,5065,integrated_gradient,0.8303667177610538,0.42379964296432104,0.9639037847518921
3157,1626,integrated_gradient,0.6492552991956473,0.13836513608694076,0.9438416361808777
3158,7661,integrated_gradient,0.7586841706774736,0.48874021360748693,0.8957914710044861
3159,6837,integrated_gradient,0.5036639143591342,0.053425159143364945,0.9946617484092712
3160,7655,integrated_gradient,0.5510149217314191,0.10631690422693889,0.999207079410553
3161,8538,integrated_gradient,0.7085530289581844,0.15973260785852159,0.9960850477218628
3162,1775,integrated_gradient,0.29851889251066105,0.14056083347116197,0.5390658974647522
3163,9643,integrated_gradient,0.8253305631224066,0.28455103747546673,0.9645392894744873
3164,8884,integrated_gradient,0.673002038751879,0.10012832091700646,0.9989134073257446
3165,6778,integrated_gradient,0.752260860055685,0.06864836315313975,0.9992440938949585
3166,2340,integrated_gradient,0.47747756274683134,0.0962247656924384,0.9991305470466614
3167,7226,integrated_gradient,-0.22608561987395992,-0.05944402259774506,0.00604955805465579
3168,1472,integrated_gradient,0.5180404299781436,0.14501600180353438,0.9698266983032227
3169,8187,integrated_gradient,0.45763788786199355,0.15944625933965048,0.9685565233230591
3170,6250,integrated_gradient,0.40350787018082646,0.23060758490311473,0.9656291604042053
3171,2335,integrated_gradient,0.15905240385068786,0.25787479704659844,0.5073877573013306
3172,8981,integrated_gradient,-0.022713565600237677,-0.25085324687617166,0.4453115165233612
3173,8685,integrated_gradient,0.4369758630235647,0.24958825316922417,0.9569483399391174
3174,251,integrated_gradient,0.4112689619993462,0.11490507686839384,0.9886131286621094
3175,2732,integrated_gradient,0.5510198193437913,0.16482111986945658,0.9872681498527527
3176,4329,integrated_gradient,0.37878718889421886,0.17911076876852247,0.5334991216659546
3177,9545,integrated_gradient,0.6551085255212254,0.08389570481247371,0.9947755336761475
3178,2337,integrated_gradient,0.5443276928530799,0.2412028925286399,0.9955561757087708
3179,8695,integrated_gradient,0.7174132773953099,0.17378353976434277,0.9932746887207031
3180,2215,integrated_gradient,0.5668737624904939,0.4620602558411303,0.8041255474090576
3181,5436,integrated_gradient,0.5657478386447543,0.0841652098156157,0.9989970326423645
3182,5058,integrated_gradient,0.7136493591885817,0.22800168865605405,0.8731930255889893
3183,9548,integrated_gradient,0.7015161281856506,0.11878513771554698,0.997448205947876
3184,108,integrated_gradient,0.6572825833120279,0.14914529356691572,0.9916799664497375
3185,3019,integrated_gradient,0.487428470980376,0.08946033008396626,0.9842510223388672
3186,487,integrated_gradient,0.4178013319356574,-0.04252840247419146,0.7389118075370789
3187,2436,integrated_gradient,0.7106184993059405,0.15323029698864107,0.9545406103134155
3188,2417,integrated_gradient,0.6391584925353527,0.05509772449731827,0.981460452079773
3189,2684,integrated_gradient,0.5875450709591741,0.07062908100045245,0.9987525939941406
3190,621,integrated_gradient,0.21504191160202027,0.04088137984275818,0.7547726631164551
3191,3281,integrated_gradient,-0.12442996141811212,-0.0401208092768987,0.18668235838413239
3192,8547,integrated_gradient,0.79429645676698,0.24971250551087515,0.9267884492874146
3193,3941,integrated_gradient,0.6808897240885666,0.2998330869844982,0.9906874299049377
3194,2423,integrated_gradient,0.7355634588748217,0.30001406584467205,0.9757973551750183
3195,7682,integrated_gradient,0.2928795263171196,0.2046414166688919,0.9696162939071655
3196,4960,integrated_gradient,0.7455482333898544,0.20356935262680054,0.9889083504676819
3197,2766,integrated_gradient,0.759520002048124,0.16858145797794516,0.9588587284088135
3198,7662,integrated_gradient,0.5595756287581198,0.16066375516709827,0.961168646812439
3199,416,integrated_gradient,0.49696920373860526,0.17250675313612995,0.9832690954208374
3200,3898,integrated_gradient,-0.03186447879201487,-0.137730331405213,0.07769396901130676
3201,7632,integrated_gradient,0.3686191269329616,0.19632002711296082,0.9160280823707581
3202,2328,integrated_gradient,0.3747542230855851,0.1496123799255916,0.9879507422447205
3203,2754,integrated_gradient,0.5387143797295935,0.16986565204227672,0.9427654147148132
3204,8234,integrated_gradient,0.6013453066349029,0.06077187061309815,0.9990573525428772
3205,3101,integrated_gradient,0.42763171017169954,0.1925652301311493,0.9242600202560425
3206,2108,integrated_gradient,0.5987638575690133,0.32019967692238943,0.964028537273407
3207,3100,integrated_gradient,0.5184614260991415,0.14070673176535853,0.9019454717636108
3208,5351,integrated_gradient,0.5359636838397672,0.11954918407624768,0.995079755783081
3209,3284,integrated_gradient,0.6235820887719884,0.07347261379746829,0.9976966977119446
3210,4824,integrated_gradient,0.034734844649210575,-0.07260905019938946,0.13088178634643555
3211,6551,integrated_gradient,0.3774469118033137,0.22600100040435792,0.9311828017234802
3212,7444,integrated_gradient,-0.25200460829279003,-0.1104164662606576,0.03573227301239967
3213,304,integrated_gradient,0.5827564441022419,0.09450370215234302,0.9971446394920349
3214,6360,integrated_gradient,0.6464076653122902,0.22960710326830547,0.8318968415260315
3215,4190,integrated_gradient,0.39254307906542507,0.3573071424450193,0.6799197793006897
3216,6664,integrated_gradient,0.378663150800599,0.22700698673725128,0.9751580357551575
3217,1945,integrated_gradient,0.6575638945861202,0.046386210454834834,0.9930548071861267
3218,5817,integrated_gradient,0.49326289028091275,0.21554256327774213,0.6252697110176086
3219,92,integrated_gradient,0.4232980114221573,0.43226315200328824,0.8895635008811951
3220,119,integrated_gradient,0.6361962526359342,0.10352077809247104,0.9980521202087402
3221,9591,integrated_gradient,0.8496764276854016,0.4621491980823604,0.9726136326789856
3222,8421,integrated_gradient,0.03472173522258627,0.04842801443461714,0.4128471314907074
3223,7945,integrated_gradient,0.502087167231366,0.2681558318436146,0.9642028212547302
3224,2487,integrated_gradient,0.47470231224661286,0.15860632709834888,0.9868432879447937
3225,1245,integrated_gradient,0.5438687717542052,0.24472919292747974,0.9586703181266785
3226,346,integrated_gradient,0.5421004991301082,0.124460369348526,0.9685521721839905
3227,9392,integrated_gradient,0.38315798795741535,0.1697499648384426,0.9378693103790283
3228,6604,integrated_gradient,0.2351091429591179,-0.05289598057667414,0.6204450130462646
3229,6338,integrated_gradient,-0.4210998298600316,-0.06364020000134284,0.000834527425467968
3230,8410,integrated_gradient,0.33906918626866844,-0.08850851811860737,0.5320336818695068
3231,4216,integrated_gradient,0.86642965142216,0.10328885061400277,0.9906545281410217
3232,7436,integrated_gradient,0.09800682729110122,0.0733363819308579,0.3005826771259308
3233,6666,integrated_gradient,0.7933615067917289,0.18049387498335404,0.9798297882080078
3234,8051,integrated_gradient,0.7712042610427099,0.2514481374195644,0.8861161470413208
3235,1593,integrated_gradient,-0.1194956907454659,-0.059714464580311495,0.42213955521583557
3236,6951,integrated_gradient,0.6539898580656602,0.23825867588703448,0.9741309881210327
3237,850,integrated_gradient,0.40446678336177555,0.17318554009710038,0.9226844906806946
3238,5506,integrated_gradient,0.48267159679132265,0.16419887906167566,0.9605305194854736
3239,8479,integrated_gradient,0.18311065222535813,0.2740522250533104,0.6882908344268799
3240,7182,integrated_gradient,0.5310970751775635,0.11145035922527313,0.9990254640579224
3241,2362,integrated_gradient,0.6532931583933532,0.08945497218519449,0.9605552554130554
3242,2178,integrated_gradient,0.374192431143352,0.11879365273884364,0.9713332653045654
3243,1731,integrated_gradient,0.5045068435944043,0.3091135506446545,0.6578450798988342
3244,4185,integrated_gradient,0.7203951078025919,0.08718039016974599,0.9985074400901794
3245,673,integrated_gradient,0.6506907434567161,0.140034890693167,0.9983320832252502
3246,5212,integrated_gradient,-0.2168604948784451,-0.2617344291427651,0.03828458860516548
3247,4417,integrated_gradient,0.4665943934497508,0.14487109671939502,0.988991379737854
3248,1056,integrated_gradient,0.49354411716814395,0.2543974187639024,0.7681291699409485
3249,9593,integrated_gradient,0.3749657949432731,0.1299021489918232,0.5345463156700134
3250,623,integrated_gradient,-0.49359823840980727,-0.042756400315002316,0.00636622728779912
3251,6217,integrated_gradient,-0.22995528337349624,-0.09488140674013841,0.17396663129329681
3252,9597,integrated_gradient,0.7884886020730282,0.13323611534875016,0.9595625400543213
3253,2955,integrated_gradient,0.6638704693317413,0.05998337745666504,0.9993189573287964
3254,88,integrated_gradient,0.8225813585126566,0.2803913383848137,0.991609513759613
3255,3538,integrated_gradient,0.29858453463959067,0.1493661270329827,0.3988606333732605
3256,3643,integrated_gradient,0.680067905811248,0.13543888484990155,0.9903565049171448
3257,8313,integrated_gradient,-0.34730412880139006,-0.010564941161822888,0.011754504404962063
3258,5649,integrated_gradient,0.4647919206242812,0.18955601830231517,0.979526698589325
3259,1355,integrated_gradient,0.5695449042099493,0.11684732635815938,0.9946436882019043
3260,7142,integrated_gradient,0.5325482478365302,0.15399966495377676,0.9791266918182373
3261,1512,integrated_gradient,0.43040864914655685,0.1069971863180399,0.9992332458496094
3262,7565,integrated_gradient,0.6684956720665746,0.283784168569938,0.8191790580749512
3263,733,integrated_gradient,0.6000861187279224,0.49900798618793485,0.8700928092002869
3264,8765,integrated_gradient,0.5738886421655908,0.13725470620043137,0.6951959133148193
3265,9018,integrated_gradient,0.8054910447625887,0.2525457860458465,0.9558220505714417
3266,6240,integrated_gradient,0.8084987621987239,0.1830032765865326,0.9776548147201538
3267,590,integrated_gradient,0.592178595562776,0.07822745328857786,0.9920754432678223
3268,3745,integrated_gradient,0.4063357657619885,0.21036319860390254,0.9819258451461792
3269,1919,integrated_gradient,0.40394934199073096,0.20560250769961963,0.9540902972221375
3270,7799,integrated_gradient,0.7221312427829052,0.1945429901624548,0.9871602058410645
3271,7684,integrated_gradient,0.30239447485655546,-0.06974581182003022,0.49804967641830444
3272,9486,integrated_gradient,0.6572766190296725,0.19101786927173012,0.9992591738700867
3273,5027,integrated_gradient,-0.09797516678060804,0.15159319873367036,0.4381735622882843
3274,8568,integrated_gradient,0.5178697641240433,0.2791653002301852,0.9810352921485901
3275,5425,integrated_gradient,0.5801280409097671,0.1199931001663208,0.9990612864494324
3276,2377,integrated_gradient,0.32516727844874066,0.0995240526066886,0.9601444005966187
3277,6447,integrated_gradient,0.5193887805497205,0.13395339029806633,0.9751091003417969
3278,8029,integrated_gradient,0.5349598933870976,0.09864673706201407,0.985582709312439
3279,3855,integrated_gradient,-0.02994195655697868,-0.03933099976607731,0.11994379758834839
3280,5221,integrated_gradient,-0.08710752244417866,-0.127592756288747,0.029164791107177734
3281,5792,integrated_gradient,0.4543107864757379,0.10278968711694082,0.991037130355835
3282,3006,integrated_gradient,0.8633575414617857,0.07654944856961568,0.9922159314155579
3283,8706,integrated_gradient,0.44549013138101956,0.14335182309150696,0.9415528774261475
3284,2943,integrated_gradient,0.5375562579981212,0.16648420691490173,0.9687211513519287
3285,2072,integrated_gradient,0.6766768650248133,0.3185643409860545,0.7970373034477234
3286,3873,integrated_gradient,0.640743425488472,0.07487017711003621,0.9970198273658752
3287,9297,integrated_gradient,-0.24905931074982104,-0.020622019615510235,0.03296465799212456
3288,9105,integrated_gradient,0.7664674080621737,0.27889487290611636,0.9780876636505127
3289,7635,integrated_gradient,-0.035258191553029145,-0.08428693884475665,0.10758447647094727
3290,5313,integrated_gradient,0.48516883999109267,0.17574383765459062,0.9668880105018616
3291,9675,integrated_gradient,-0.0858039249283954,-0.2130175301900659,0.004974109586328268
3292,2075,integrated_gradient,-0.10693492051213979,-0.05851353136822581,0.053853970021009445
3293,7144,integrated_gradient,0.7645473881409719,0.3649310607176561,0.9015594720840454
3294,3928,integrated_gradient,0.6031724281609059,0.08861385434865951,0.9981290698051453
3295,1393,integrated_gradient,0.7825722684367344,0.14218244071190173,0.9817909002304077
3296,263,integrated_gradient,-0.18834259846936102,-0.0026521433306776958,0.2898430824279785
3297,970,integrated_gradient,0.7641523003578186,0.11172967910766601,0.973334550857544
3298,5821,integrated_gradient,0.3671012722576658,0.12929324929912886,0.8942013382911682
3299,8593,integrated_gradient,0.7499744075943123,0.2096565982157534,0.9818098545074463
3300,4553,integrated_gradient,-0.2446146309375763,-0.17444705218076706,0.32829201221466064
3301,1671,integrated_gradient,0.22119160741567612,0.19547847989532682,0.5629804730415344
3302,3118,integrated_gradient,0.732242505828088,0.08937950974160974,0.9909118413925171
3303,4367,integrated_gradient,0.36734952005956856,0.21332068209137237,0.9808807373046875
3304,1760,integrated_gradient,0.39247290624512565,0.23950058221817017,0.9690166711807251
3305,3412,integrated_gradient,0.7363606413657015,0.10599013485691765,0.9991717338562012
3306,6066,integrated_gradient,0.2525638881035977,0.029728339778052434,0.7794869542121887
3307,3616,integrated_gradient,0.5198620599146713,0.15103063337943134,0.9936226010322571
3308,5874,integrated_gradient,0.30078997782298494,0.2467367961293175,0.9226388931274414
3309,2189,integrated_gradient,0.3328334174078444,0.17826039117315542,0.9746144413948059
3310,6071,integrated_gradient,0.6841127673784891,0.2431583752234777,0.867075502872467
3311,5148,integrated_gradient,0.731541384011507,0.11650400214335498,0.9643544554710388
3312,9064,integrated_gradient,0.5063943391044935,0.11216398080190022,0.997458279132843
3313,8381,integrated_gradient,0.49387730409701663,0.1731934365299013,0.9868038296699524
3314,3352,integrated_gradient,0.5545732316871484,0.10999551912148793,0.9986382126808167
3315,799,integrated_gradient,0.534979236977441,0.09266594052314758,0.9461302161216736
3316,8656,integrated_gradient,0.6149513121498259,0.20659385386266207,0.9732416272163391
3317,7305,integrated_gradient,-0.035205051600933075,-0.30253868222236635,0.07638421654701233
3318,7948,integrated_gradient,0.580500869701306,0.15892653498384687,0.9842782616615295
3319,7233,integrated_gradient,0.09592548808590932,0.12584083459594034,0.6324408054351807
3320,2392,integrated_gradient,0.6772819250408146,0.08843931886884901,0.9936150312423706
3321,3443,integrated_gradient,0.4784579211845994,0.20771271487077078,0.9385005831718445
3322,8558,integrated_gradient,0.6879697186251481,0.2016113599141439,0.9839380383491516
3323,5014,integrated_gradient,-0.4680682457983494,-0.21120932574073473,0.17258937656879425
3324,4362,integrated_gradient,0.7045373402928051,0.3627362831642753,0.9708105325698853
3325,8224,integrated_gradient,0.7078148581087589,0.16776921947797138,0.9616954922676086
3326,6865,integrated_gradient,0.1571094966851748,0.19310493480700713,0.8717062473297119
3327,7389,integrated_gradient,0.29058574086097494,0.1607193865559318,0.936269223690033
3328,303,integrated_gradient,-0.3909717115596868,-0.06354575510136783,0.0007012131973169744
3329,8398,integrated_gradient,-0.010499716056762514,-0.18864220300236265,0.28007954359054565
3330,2907,integrated_gradient,0.23504830471106938,0.22302620325769698,0.8069512844085693
3331,4619,integrated_gradient,0.5392165780067444,0.2060569922129313,0.9885609745979309
3332,4765,integrated_gradient,0.5505065858364105,0.10442237854003907,0.998802661895752
3333,3320,integrated_gradient,0.637234024943844,0.3026970716253404,0.8899001479148865
3334,5298,integrated_gradient,0.4324698014103848,0.17297298234442007,0.9332249760627747
3335,7927,integrated_gradient,0.5419035066540042,0.07960277795791626,0.8545619249343872
3336,2348,integrated_gradient,0.8016417412353414,0.13610314684254782,0.9644157886505127
3337,4267,integrated_gradient,0.5278158222549948,0.36090881441687717,0.6212199926376343
3338,9648,integrated_gradient,0.8131725796653578,0.36459810969730216,0.9317938089370728
3339,3024,integrated_gradient,0.5332990132272244,0.09314381927251816,0.9987342953681946
3340,1373,integrated_gradient,0.5754133012766639,0.10226745903491974,0.998836100101471
3341,7377,integrated_gradient,0.6060598243493587,0.06965178344398737,0.9990803003311157
3342,9782,integrated_gradient,0.500673045963049,0.21899615675210954,0.8678382039070129
3343,2771,integrated_gradient,0.6626813769754436,0.1613770681950781,0.7824496030807495
3344,3,integrated_gradient,0.7859679855406284,0.28051336854696274,0.9241669774055481
3345,2908,integrated_gradient,0.5615363931510506,0.2507680371040251,0.8135327696800232
3346,3852,integrated_gradient,0.7312905857596841,0.1428102843071285,0.9910813570022583
3347,532,integrated_gradient,0.8415782555545631,0.20079857267831502,0.962285578250885
3348,7929,integrated_gradient,0.49100305997964105,0.0588368529623205,0.8912799954414368
3349,9423,integrated_gradient,0.8527004739100282,0.34556098180738365,0.9863002896308899
3350,290,integrated_gradient,0.5177097368240356,0.10722996592521668,0.9981344938278198
3351,3014,integrated_gradient,0.6028577568940818,0.08908569160848856,0.9992541670799255
3352,2874,integrated_gradient,0.5877170303934499,0.09274604602863915,0.9986442923545837
3353,5146,integrated_gradient,0.34660519248185057,0.18373495464523634,0.8436117768287659
3354,2221,integrated_gradient,0.6233986087143422,0.5115953098982573,0.9822390079498291
3355,6958,integrated_gradient,0.6876575093095502,0.08477179581920306,0.9993009567260742
3356,2997,integrated_gradient,0.4491971242973315,0.13883291057177952,0.961304247379303
3357,6729,integrated_gradient,0.4719316877424717,0.13707756519317627,0.96462082862854
3358,9159,integrated_gradient,0.8348972444039058,0.11396247586783241,0.995731770992279
3359,6175,integrated_gradient,0.647593977826613,0.29839009708828396,0.9681376814842224
3360,568,integrated_gradient,0.308083130367871,0.15573037698351103,0.9270312786102295
3361,5284,integrated_gradient,0.5158018038369888,0.1506909825081049,0.976405680179596
3362,1107,integrated_gradient,0.6855379327067307,0.40518291015177965,0.7932037711143494
3363,135,integrated_gradient,0.5542210661619902,0.2614119291305542,0.9368587732315063
3364,7828,integrated_gradient,-0.1467098178608077,-0.06123600367988859,0.3658970296382904
3365,8709,integrated_gradient,-0.5962499679230592,-0.12911308863583734,0.02544507198035717
3366,7998,integrated_gradient,0.327570957666136,0.24287126077847046,0.7665109038352966
3367,1087,integrated_gradient,0.6056199082556892,0.08055972351747401,0.8537840843200684
3368,8291,integrated_gradient,0.8237253692325043,0.3405272733906041,0.9410193562507629
3369,2301,integrated_gradient,0.29725361585617066,0.15025185704231261,0.9671322107315063
3370,4339,integrated_gradient,0.6796927405521274,0.33842115024370806,0.8522483706474304
3371,6851,integrated_gradient,0.5461275069801895,0.2107136337845414,0.6938560009002686
3372,3047,integrated_gradient,-0.39721896797418593,-0.1069633912295103,0.10545691847801208
3373,4130,integrated_gradient,0.8392229015007615,0.15212682137886682,0.9443525075912476
3374,4521,integrated_gradient,-0.03721158941172891,-0.0826338655832741,0.09096166491508484
3375,7538,integrated_gradient,0.19833224763472876,0.09982439565161864,0.3638705015182495
3376,5473,integrated_gradient,0.2036290185319053,0.22305641406112248,0.8120206594467163
3377,388,integrated_gradient,0.5228383856776514,0.20047742598935178,0.8015188574790955
3378,4217,integrated_gradient,0.2156900567933917,-0.0019283313304185867,0.5779595971107483
3379,2122,integrated_gradient,0.6556066610695174,0.1286334184308847,0.9977005124092102
3380,1310,integrated_gradient,0.35800063278939986,0.15910188522603777,0.9692909121513367
3381,647,integrated_gradient,0.6512123305350542,0.30859459191560745,0.9488439559936523
3382,6510,integrated_gradient,0.5330382954133185,0.279672738752867,0.9833945035934448
3383,8040,integrated_gradient,0.6551767083195349,0.07300592586398125,0.9975296854972839
3384,1183,integrated_gradient,-0.17021025096376738,-0.03684186997512976,0.44328320026397705
3385,2859,integrated_gradient,-0.3341642774354953,-0.07195125018747953,0.0708840936422348
3386,7769,integrated_gradient,0.44445916679170394,0.1866674539115694,0.9863786697387695
3387,8403,integrated_gradient,0.6011046653284746,0.08977313252056346,0.9990056157112122
3388,7110,integrated_gradient,-0.2429133770740865,-0.4200282684143852,0.06591426581144333
3389,5798,integrated_gradient,0.5622178488411009,0.27225969661958516,0.9707988500595093
3390,3128,integrated_gradient,0.2761129263569327,0.17259092015378616,0.6084095239639282
3391,7197,integrated_gradient,-0.26809685634305847,-0.07871625364686434,0.019350392743945122
3392,3148,integrated_gradient,0.7753163873404264,0.086681090593338,0.9991171956062317
3393,510,integrated_gradient,0.3356050266062512,0.2246165047673618,0.9090822339057922
3394,3059,integrated_gradient,0.600346404231257,0.10936805523104137,0.9989257454872131
3395,7940,integrated_gradient,0.4228340367320925,0.18914884726206463,0.9725682139396667
3396,4049,integrated_gradient,0.5544124430511147,0.4431341513060033,0.8885692954063416
3397,5875,integrated_gradient,0.6681422040514324,0.1535210492818252,0.9928449988365173
3398,3859,integrated_gradient,0.6217647604644299,0.35776454508304595,0.7833877801895142
3399,6849,integrated_gradient,0.42200450170785186,0.24885730892419816,0.8347878456115723
3400,8149,integrated_gradient,0.5166538062577064,0.1314490265571154,0.9014089107513428
3401,6260,integrated_gradient,0.8271525196083214,0.16696512439976569,0.9929719567298889
3402,3312,integrated_gradient,0.3393838968324034,0.06617427774165806,0.5335983037948608
3403,7866,integrated_gradient,0.517584405051401,0.1087249402816479,0.6442232131958008
3404,4201,integrated_gradient,0.7846950426004654,0.37147212738907615,0.9830516576766968
3405,7652,integrated_gradient,0.4432899179783734,0.194556633179838,0.9819926023483276
3406,4273,integrated_gradient,0.6248215703350125,0.0765212665904652,0.9991675615310669
3407,3181,integrated_gradient,0.5557809615364442,0.07272634483300723,0.9992551207542419
3408,3817,integrated_gradient,0.6131321352261764,0.11124659043091994,0.9986269474029541
3409,1880,integrated_gradient,-0.3084516949537728,-0.20229359209123585,0.022221459075808525
3410,5350,integrated_gradient,0.638521198588221,0.11382310027661531,0.9632857441902161
3411,3615,integrated_gradient,0.5289621113522632,0.24892105766244838,0.7157031893730164
3412,4058,integrated_gradient,0.7084360071457922,0.08655070513486862,0.9907994866371155
3413,6915,integrated_gradient,0.06280873550309075,0.07689652084890339,0.5923469066619873
3414,321,integrated_gradient,0.7239797301590443,0.12658847868442535,0.9952256679534912
3415,4722,integrated_gradient,0.5102020239128786,0.1293056747492622,0.9503648281097412
3416,6422,integrated_gradient,0.6517836594063303,0.11091486396996872,0.997572124004364
3417,3295,integrated_gradient,0.5800544073914781,0.22694761612836054,0.8687331676483154
3418,6421,integrated_gradient,0.6522399379926569,0.08232978862874649,0.998999297618866
3419,9330,integrated_gradient,0.41298643747965497,0.22408639391263327,0.954147458076477
3420,8138,integrated_gradient,0.689364752266556,0.12655445002019405,0.9920458793640137
3421,3205,integrated_gradient,0.46773870444546145,0.26190078755219776,0.9521381258964539
3422,2522,integrated_gradient,0.6542579670037542,0.1260581510407584,0.9922160506248474
3423,6998,integrated_gradient,0.7887091330964776,0.10855931920163772,0.9886783957481384
3424,5556,integrated_gradient,-0.33130205050110817,-0.07889158101308913,0.06423544883728027
3425,5938,integrated_gradient,0.7548640925809741,0.23427113234996796,0.9907616972923279
3426,500,integrated_gradient,0.4064038048187892,0.11268302135997349,0.6530604958534241
3427,3000,integrated_gradient,0.6009695531898424,0.07896834141329716,0.9990554451942444
3428,3555,integrated_gradient,0.44315298865823183,0.09008468775188222,0.9978803396224976
3429,8612,integrated_gradient,0.2730315551161766,0.1001143790781498,0.828925609588623
3430,9249,integrated_gradient,0.6040775809747477,0.0721281886100769,0.9946476817131042
3431,3032,integrated_gradient,0.4816904971996943,-0.060732611020406085,0.7743358016014099
3432,9705,integrated_gradient,0.5659684621625476,0.07105621198813121,0.9940424561500549
3433,330,integrated_gradient,0.41734905540943146,-0.019658921658992766,0.600763201713562
3434,3078,integrated_gradient,0.4012288204120362,0.12257126017528422,0.5354819893836975
3435,2018,integrated_gradient,0.31191842754681903,0.27586119373639423,0.9089534878730774
3436,3274,integrated_gradient,0.7841537633910776,0.11301279515028,0.995722770690918
3437,3233,integrated_gradient,0.8625619010556311,0.06891884548323494,0.9940409064292908
3438,3387,integrated_gradient,0.3915863521397114,0.17239008098840714,0.9725990891456604
3439,144,integrated_gradient,0.733592566654638,0.3776433622395551,0.9869341850280762
3440,9742,integrated_gradient,0.6773373670876026,0.280207226673762,0.818504273891449
3441,367,integrated_gradient,0.7232276517897844,0.13054109613100687,0.998177170753479
3442,8679,integrated_gradient,0.4755424636241514,0.15051563498046663,0.976711094379425
3443,4304,integrated_gradient,-0.25307800718361423,-0.07917378629956927,0.018913188949227333
3444,7178,integrated_gradient,0.6613601260603621,0.2932073284800236,0.8497866988182068
3445,333,integrated_gradient,0.7291505706051121,0.10646546275719353,0.8701139092445374
3446,518,integrated_gradient,0.5674912147223949,0.11605461858786069,0.9952192902565002
3447,7040,integrated_gradient,-0.342297519557178,-0.1325449626892805,0.14968620240688324
3448,4229,integrated_gradient,0.6241955902427435,0.18203648775815964,0.9969261288642883
3449,3833,integrated_gradient,0.18856029435992241,0.07622948810458183,0.7476546764373779
3450,6058,integrated_gradient,0.45860583948738437,0.09609583370825824,0.6018276214599609
3451,576,integrated_gradient,0.2966372177881353,0.09910345252822428,0.9637328386306763
3452,4215,integrated_gradient,0.12247716821730137,-0.024311516237886327,0.260951429605484
3453,2758,integrated_gradient,0.45520341735428727,0.14445017010737687,0.8286831378936768
3454,4756,integrated_gradient,0.7964193318849024,0.14671773107155509,0.9935852885246277
3455,9000,integrated_gradient,-0.24903096506992975,-0.017710237701733907,0.12003961205482483
3456,3813,integrated_gradient,0.5220295504973778,0.13000022552230142,0.9870816469192505
3457,3045,integrated_gradient,0.7165829338133335,0.12357372939586639,0.9988301396369934
3458,4047,integrated_gradient,0.6993478699809029,0.259621547801154,0.8596615195274353
3459,9094,integrated_gradient,0.5586605174466968,0.07884950749576092,0.9986509680747986
3460,8181,integrated_gradient,0.4056931480765343,0.19960995465517045,0.9784512519836426
3461,6309,integrated_gradient,0.09344674414886092,-0.031027313735749986,0.6036069393157959
3462,1479,integrated_gradient,0.5561362384219787,0.1786199031131608,0.9603115916252136
3463,543,integrated_gradient,0.548059638332704,0.10692269740433528,0.9940100908279419
3464,1618,integrated_gradient,-0.3129983061552048,-0.1814284810423851,0.14190685749053955
3465,9032,integrated_gradient,0.581979673017155,0.07512809020100218,0.9992054104804993
3466,7746,integrated_gradient,0.3545478850603104,0.21649473905563354,0.9548157453536987
3467,6039,integrated_gradient,0.4801346250725063,0.1704678237438202,0.9764971733093262
3468,7919,integrated_gradient,0.6541898975318129,0.38171919367530127,0.9028574228286743
3469,7624,integrated_gradient,0.8047918300765257,0.16814807256062825,0.9990122318267822
3470,9495,integrated_gradient,0.7516750009963289,0.14676538296043873,0.834303081035614
3471,8657,integrated_gradient,0.599309728259132,0.08301377154531933,0.9993705153465271
3472,7160,integrated_gradient,0.5608921675455003,0.12714773274603344,0.9981908202171326
3473,2358,integrated_gradient,0.4925352607208949,0.1617459414096979,0.9835274815559387
3474,8250,integrated_gradient,0.7168670173572458,0.06517148665759874,0.998700737953186
3475,1655,integrated_gradient,0.7247703347355128,0.1191243976354599,0.9992042183876038
3476,6911,integrated_gradient,0.34776295721530914,0.13039005361497402,0.98585444688797
3477,1746,integrated_gradient,0.619666257686913,0.0750532791018486,0.8453182578086853
3478,5794,integrated_gradient,0.04726528160033688,0.07444096380664457,0.5763975381851196
3479,14,integrated_gradient,0.5923166739798728,0.15681019567307972,0.9254668951034546
3480,1877,integrated_gradient,0.3564491617679596,0.1853070342540741,0.9283985495567322
3481,7888,integrated_gradient,0.34361921605609713,0.3351155728811309,0.6209816932678223
3482,8520,integrated_gradient,0.6159610271068483,0.1436056443329515,0.9945182204246521
3483,6883,integrated_gradient,0.7386447902037097,0.0797614072050367,0.9991248250007629
3484,3761,integrated_gradient,0.6795810262600963,0.11066684050437732,0.8248681426048279
3485,0,integrated_gradient,-0.04420698779048743,-0.01846561332543691,0.0986374020576477
3486,6831,integrated_gradient,0.7587962197484793,0.11014067464404637,0.9891304969787598
3487,7722,integrated_gradient,0.6416672888782716,0.09680926319091551,0.9989509582519531
3488,9630,integrated_gradient,0.40635738571484886,0.16919590731461842,0.9376663565635681
3489,7672,integrated_gradient,0.2699894628354481,0.18758574766772135,0.9001717567443848
3490,6568,integrated_gradient,-0.2309431383120162,-0.08618016951783959,0.007909066043794155
3491,655,integrated_gradient,0.5267992216783265,0.12245383858680725,0.8710845708847046
3492,9349,integrated_gradient,0.46424895856115556,0.20120878020922342,0.9814972877502441
3493,4241,integrated_gradient,0.2911391372864063,0.12554756036171547,0.7871843576431274
3494,3023,integrated_gradient,0.5451432877514315,0.22654352846898532,0.919459342956543
3495,1851,integrated_gradient,0.6880158734949011,0.1277708473958467,0.8787786960601807
3496,349,integrated_gradient,0.6826540155272032,0.12728567267286367,0.9561300277709961
3497,6340,integrated_gradient,0.7060966028366238,0.3814752734033391,0.9189292192459106
3498,1156,integrated_gradient,0.5333346733275581,0.1010129872490378,0.9633340835571289
3499,3017,integrated_gradient,0.021535999261374984,-0.0876503667661122,0.3839060366153717
3500,457,integrated_gradient,0.8211260970843874,0.4148515028798062,0.962230920791626
3501,2867,integrated_gradient,0.6638715775175528,0.3094197372821244,0.8307356834411621
3502,5033,integrated_gradient,0.6582927878659505,0.2263633178976866,0.7622251510620117
3503,4622,integrated_gradient,0.6234881079391293,0.060966994451439896,0.968241810798645
3504,6329,integrated_gradient,0.46182435312657616,0.3055580869317055,0.9385843276977539
3505,7081,integrated_gradient,0.4642542873819669,0.3465822655707598,0.9942031502723694
3506,6786,integrated_gradient,0.41119093795617423,0.1655815601348877,0.9111940264701843
3507,8458,integrated_gradient,0.5428556254133582,0.23468375205993652,0.8931017518043518
3508,5206,integrated_gradient,0.8695006956141896,0.3544820169123208,0.9789188504219055
3509,6053,integrated_gradient,-0.13598746780691476,0.08719008146175022,0.49445515871047974
3510,131,integrated_gradient,0.37752752199217127,-0.02335371353008129,0.6107523441314697
3511,3692,integrated_gradient,0.5936475066202027,0.23687939665147237,0.9715312719345093
3512,6192,integrated_gradient,-0.050154612912312865,-0.04107777129572172,0.07993277907371521
3513,9523,integrated_gradient,0.6831758548392028,0.323369215901305,0.9081476330757141
3514,4587,integrated_gradient,0.6469942883208946,0.08094505800141229,0.998994767665863
3515,9818,integrated_gradient,0.6697791922180092,0.06920554708032046,0.9988577365875244
3516,3235,integrated_gradient,0.7161368651626011,0.1407026263574759,0.9929218888282776
3517,8641,integrated_gradient,0.6115686696554933,0.19047569217426435,0.9664108753204346
3518,4879,integrated_gradient,0.34395852826890494,0.19117660039947146,0.9776156544685364
3519,6854,integrated_gradient,0.4326572724751064,0.31385925837925505,0.9529315829277039
3520,8572,integrated_gradient,0.6250362041755579,0.10633758082985878,0.9932454228401184
3521,3639,integrated_gradient,0.6168990720595632,0.0714976681130273,0.9987615346908569
3522,7358,integrated_gradient,0.49596425171556147,0.25043613437948553,0.7783646583557129
3523,8826,integrated_gradient,0.2765024187974632,-0.017557372339069843,0.4840882122516632
3524,2303,integrated_gradient,0.6165138468627007,0.11841451544915477,0.9956327080726624
3525,7315,integrated_gradient,0.2505947893549656,0.009795078943515646,0.6106830835342407
3526,5308,integrated_gradient,0.3070837435397235,0.21969777074727145,0.9126634001731873
3527,6808,integrated_gradient,0.3590723479102398,0.20389050399434977,0.8489876985549927
3528,9395,integrated_gradient,0.20557335746259645,0.15550725627690554,0.7789750099182129
3529,265,integrated_gradient,0.40807215156762494,0.20048144459724426,0.8708841800689697
3530,4763,integrated_gradient,0.584275867880529,0.16754449738396537,0.9855599403381348
3531,9111,integrated_gradient,0.5057029103239378,0.19320408006509146,0.9691193699836731
3532,6789,integrated_gradient,0.5789436558261514,0.06423799321055412,0.9992507100105286
3533,4597,integrated_gradient,0.7397322819701263,0.28174967371991705,0.9785223603248596
3534,2531,integrated_gradient,0.6012794451835828,0.0859189109924512,0.9853041768074036
3535,4862,integrated_gradient,0.3716736974363977,0.07473187374346184,0.8738942742347717
3536,7669,integrated_gradient,0.7313330040166253,0.08333989820982281,0.97765052318573
3537,316,integrated_gradient,0.39246177987048503,0.1903244586367356,0.9799106121063232
3538,1897,integrated_gradient,0.6180323839187623,0.2618353679776192,0.9737160801887512
3539,8860,integrated_gradient,0.5929851013235747,0.1694192633032799,0.9691268801689148
3540,6407,integrated_gradient,0.40104243179990184,0.18138867451084983,0.9932839870452881
3541,8231,integrated_gradient,0.8308448085890097,0.39138014001004834,0.9410664439201355
3542,8521,integrated_gradient,0.6186398818157613,0.08138370662927627,0.9947197437286377
3543,6112,integrated_gradient,-0.09862085349029964,-0.0691976389951176,0.4355413317680359
3544,8128,integrated_gradient,0.5410343864932656,0.10322666727006435,0.9890751838684082
3545,2039,integrated_gradient,0.7259463311897384,0.2460134509536955,0.9600508809089661
3546,103,integrated_gradient,0.3802819257745376,0.19926620828799713,0.9631112217903137
3547,3297,integrated_gradient,0.5916733806952834,0.21330180764198303,0.9856247901916504
3548,794,integrated_gradient,0.4081363487243652,0.18244382619857788,0.9443362951278687
3549,5967,integrated_gradient,0.5612374757800032,0.09371948768110837,0.8289457559585571
3550,5332,integrated_gradient,0.5498293096966603,0.2708372088039623,0.8382739424705505
3551,8586,integrated_gradient,0.8842830550121633,0.2767032973076168,0.9921369552612305
3552,1658,integrated_gradient,0.402548947149799,0.30020596867515925,0.9818339943885803
3553,3933,integrated_gradient,0.3302850436249917,0.1022576807123242,0.5291715264320374
3554,6968,integrated_gradient,0.032156753871175975,0.308987438885702,0.6199992895126343
3555,9469,integrated_gradient,0.7006482336184253,0.10191031253856161,0.9769855737686157
3556,7854,integrated_gradient,0.6723835054371092,0.062275497449768916,0.999139666557312
3557,3210,integrated_gradient,0.817491670527185,0.21968371917804083,0.9756098985671997
3558,7012,integrated_gradient,0.08909748587757349,0.013947335382302603,0.264143705368042
3559,9808,integrated_gradient,0.10905000805854798,0.19528031408786772,0.7872603535652161
3560,2973,integrated_gradient,0.5237012701599222,0.09115313228807952,0.9840971231460571
3561,932,integrated_gradient,0.548747478723526,0.1382184600830078,0.9866427183151245
3562,6163,integrated_gradient,-0.0691580223409753,-0.08030944072494381,0.026402827352285385
3563,6432,integrated_gradient,-0.3240998089313507,-0.20263869918882846,0.031631968915462494
3564,3497,integrated_gradient,0.4326389549144854,0.07407315174738566,0.7145542502403259
3565,3202,integrated_gradient,0.45712513958706574,0.21156265279825995,0.9831774830818176
3566,2611,integrated_gradient,0.3351700231432915,0.08294130464394887,0.7181421518325806
3567,9631,integrated_gradient,0.6359920054674149,0.08167433142662048,0.9975438714027405
3568,567,integrated_gradient,0.7567496032550417,0.06358952974450999,0.9992727637290955
3569,764,integrated_gradient,0.5304565578699112,0.16178232250791608,0.9581872224807739
3570,4366,integrated_gradient,0.6400498193029004,0.28463046451409657,0.8819878697395325
3571,8367,integrated_gradient,0.5427746509804445,0.10983140153043411,0.996088981628418
3572,7360,integrated_gradient,0.3926133004327615,0.21480399370193481,0.950849175453186
3573,1441,integrated_gradient,0.1888723299729035,0.11892195308909696,0.5225072503089905
3574,921,integrated_gradient,0.6297421947949462,0.21181534065140617,0.721268892288208
3575,8222,integrated_gradient,0.5427345857024193,0.14535345243556158,0.7036123275756836
3576,1794,integrated_gradient,0.4702885869358267,0.15203837198870523,0.984599232673645
3577,3838,integrated_gradient,0.07835636027933408,-0.06510084867477417,0.5447940230369568
3578,3122,integrated_gradient,-0.03706904398277402,-0.07208935469388962,0.3252335488796234
3579,6127,integrated_gradient,0.5633803067299036,0.21203216222616342,0.9894648790359497
3580,6319,integrated_gradient,0.5613395631313324,0.15207816511392594,0.9655657410621643
3581,2388,integrated_gradient,0.6335954805836082,0.09854401089251041,0.9973189234733582
3582,4466,integrated_gradient,0.501171528969122,0.2550159323474635,0.7624629735946655
3583,4505,integrated_gradient,-0.08149247631430626,-0.19034638166427612,0.30798232555389404
3584,1606,integrated_gradient,-0.4980078130636526,-0.11596381858639095,0.026440080255270004
3585,2147,integrated_gradient,0.8297115893891225,0.17979318820513213,0.9894049167633057
3586,36,integrated_gradient,0.06322166859172285,-0.09261047467589378,0.2623435854911804
3587,9147,integrated_gradient,0.6036337394089926,0.0521827240784963,0.9971705079078674
3588,761,integrated_gradient,0.5263409413721251,0.16218404795812524,0.9777165055274963
3589,5268,integrated_gradient,0.6512322947382927,0.14945336431264877,0.9004117846488953
3590,3038,integrated_gradient,0.4688092102961881,0.1464433435882841,0.9652833938598633
3591,5503,integrated_gradient,-0.13942538803586593,-0.25724499271466184,0.32839009165763855
3592,5228,integrated_gradient,0.632770741165712,0.2835503076684886,0.9517662525177002
3593,1623,integrated_gradient,0.8615394189305927,0.10654773919478706,0.9970663189888
3594,577,integrated_gradient,0.7857515940935734,0.09108138435027179,0.9916029572486877
3595,6426,integrated_gradient,0.6645097863571398,0.2677066696101221,0.9478297829627991
3596,8087,integrated_gradient,0.4250186007947808,0.13905487876189382,0.9382505416870117
3597,8536,integrated_gradient,0.8180226687341928,0.32958839610219004,0.9801725745201111
3598,9564,integrated_gradient,0.3052081934486826,-0.009593610134389665,0.6779492497444153
3599,2232,integrated_gradient,0.30088801948087557,0.11948481521436147,0.4855306148529053
3600,2319,integrated_gradient,0.538562997803092,0.10279404222965241,0.9985079169273376
3601,5707,integrated_gradient,0.8405937208060889,0.11662058373715015,0.9824575781822205
3602,9690,integrated_gradient,0.6031611966293143,0.2350515658440797,0.9526093006134033
3603,5306,integrated_gradient,0.7494209530322176,0.17810990622169093,0.917029082775116
3604,7938,integrated_gradient,0.48720843864506796,0.1675730598600287,0.7688800096511841
3605,2167,integrated_gradient,0.7673940465531566,0.24054054915905,0.9630782604217529
3606,637,integrated_gradient,0.7610611396531264,0.28244079034775493,0.9274817705154419
3607,8668,integrated_gradient,0.6221637108549476,0.17820671319961548,0.9877392649650574
3608,5594,integrated_gradient,0.17508482234552503,0.10905467186655317,0.5761840343475342
3609,6555,integrated_gradient,0.6139184584220251,0.08576316469245487,0.9992969036102295
3610,8098,integrated_gradient,0.10355321131646633,0.03224635869264603,0.24117931723594666
3611,47,integrated_gradient,-0.14481701438917832,-0.0021566117511076085,0.20352104306221008
3612,5505,integrated_gradient,0.5112568182604653,0.1850743911096028,0.98012375831604
3613,9196,integrated_gradient,0.4763422078238084,0.008941847544450026,0.6094520092010498
3614,8416,integrated_gradient,0.521135909398171,0.08637565103444186,0.9042535424232483
3615,4509,integrated_gradient,0.47536062365397813,0.18888241797685623,0.9717438817024231
3616,2638,integrated_gradient,0.48650002304245443,0.09941352640881258,0.7614095211029053
3617,8708,integrated_gradient,-0.16394426822662353,-0.008557981252670288,0.30860814452171326
3618,8476,integrated_gradient,0.5121432976289229,0.08558036251501604,0.9976323843002319
3619,3080,integrated_gradient,0.7145721132556597,0.09786410729090372,0.9966145157814026
3620,2870,integrated_gradient,0.5228453119925689,0.21214283164590597,0.9444919228553772
3621,2213,integrated_gradient,0.4045078395044102,0.10325129593119901,0.9873278737068176
3622,6043,integrated_gradient,0.3363431990146637,0.15898114889860154,0.9749992489814758
3623,3798,integrated_gradient,0.7102099537538985,0.24634805601090193,0.8376720547676086
3624,7972,integrated_gradient,-0.5814066873863339,-0.012983357155462727,0.04180767759680748
3625,5739,integrated_gradient,0.5646485358476638,0.0735004261136055,0.9992349147796631
3626,4822,integrated_gradient,0.5993401408195496,0.11928219129057492,0.9987514019012451
3627,9067,integrated_gradient,0.3599697882309556,0.212233180180192,0.9764629006385803
3628,5799,integrated_gradient,0.5087387980893254,0.07524904360373814,0.9974138736724854
3629,7482,integrated_gradient,0.49891170461972556,0.17578838070233663,0.9863818883895874
3630,2114,integrated_gradient,0.038815996050834654,0.12173336803913117,0.3841591775417328
3631,1112,integrated_gradient,0.5194555810963114,0.2007152994473775,0.9246504306793213
3632,8178,integrated_gradient,0.6597963918162428,0.0567011561082757,0.9987326264381409
3633,3717,integrated_gradient,0.7092774526752306,0.11725094553196069,0.9978812336921692
3634,713,integrated_gradient,0.47205774512674126,0.23457285708614758,0.6787249445915222
3635,872,integrated_gradient,-0.36291494380889666,-0.12473598347666363,0.006751407403498888
3636,1149,integrated_gradient,0.38610811630884806,0.11340426603953044,0.9992714524269104
3637,9299,integrated_gradient,0.46328047692775726,0.18153911113739013,0.9897764921188354
3638,5663,integrated_gradient,0.44501673626447363,0.24634131576333726,0.8241956233978271
3639,8167,integrated_gradient,0.7742494930114064,0.12938553378695533,0.9927402138710022
3640,3315,integrated_gradient,0.5404330790042877,0.08633135631680489,0.9959801435470581
3641,4588,integrated_gradient,-0.024461036272071027,-0.019972126241083497,0.24657361209392548
3642,5098,integrated_gradient,0.3460675746202469,0.20223485827445983,0.8380978107452393
3643,6077,integrated_gradient,0.27466530352830887,0.21581551283597947,0.9428192377090454
3644,7966,integrated_gradient,0.659631282571354,0.1542775258421898,0.9727963805198669
3645,1020,integrated_gradient,0.49837754177860916,0.1956370808184147,0.9453994631767273
3646,4102,integrated_gradient,0.7753771277594155,0.3029754187526374,0.920638918876648
3647,5368,integrated_gradient,0.5717815951659129,0.2766918597313074,0.7161983847618103
3648,6543,integrated_gradient,0.5270520479514681,0.06835930203569346,0.9991393089294434
3649,958,integrated_gradient,0.48090088566144307,0.08569206198056539,0.9986810088157654
3650,3846,integrated_gradient,0.4149776980694797,0.17255965496102968,0.7620038986206055
3651,2748,integrated_gradient,0.2712138312704423,0.16459965705871582,0.9026685357093811
3652,4710,integrated_gradient,-0.29065112613274585,-0.06743714239980493,0.01703186146914959
3653,8279,integrated_gradient,0.3613867151240508,0.22151482502619427,0.9681678414344788
3654,586,integrated_gradient,-0.004479623503155178,0.09636459251244862,0.5279684662818909
3655,1817,integrated_gradient,0.5922373980283737,0.13261275632040842,0.9860901832580566
3656,782,integrated_gradient,0.6066335261695914,0.09232723547352685,0.9673630595207214
3657,8241,integrated_gradient,0.20205386253920468,0.03002190138354446,0.5858674049377441
3658,335,integrated_gradient,0.670296706583189,0.12132400533427364,0.9956756234169006
3659,3755,integrated_gradient,0.8105052776465361,0.09999651665037329,0.9958266615867615
3660,2191,integrated_gradient,0.7084421682007173,0.06906792696784525,0.9968668818473816
3661,9214,integrated_gradient,-0.23749192892795518,-0.09028544489826475,0.0821123942732811
3662,5205,integrated_gradient,0.5048653829205585,0.24582506873105703,0.9564659595489502
3663,6073,integrated_gradient,0.40328872736011234,0.19301876319306238,0.909386157989502
3664,23,integrated_gradient,-0.012999018736402778,-0.0005011023570071248,0.10498066991567612
3665,4923,integrated_gradient,0.49966580376905556,0.24950683818143957,0.9979714751243591
3666,4556,integrated_gradient,0.7892449264311128,0.17409178614616394,0.994708776473999
3667,2012,integrated_gradient,0.6084886932602296,0.11164594957461724,0.9872057437896729
3668,381,integrated_gradient,0.3352368806799253,0.22572218974431354,0.7154651880264282
3669,3127,integrated_gradient,0.03984009596752003,-0.05778338760137558,0.4122379422187805
3670,6398,integrated_gradient,0.6886482116850939,0.23169039596210828,0.8674048185348511
3671,1981,integrated_gradient,0.42699713685682844,0.21953774988651276,0.9807500243186951
3672,3095,integrated_gradient,0.545738131246146,0.19809117737938375,0.9803153872489929
3673,6758,integrated_gradient,0.33321795612573624,0.12639600038528442,0.8814901113510132
3674,2025,integrated_gradient,0.6563692575941483,0.11054716110229493,0.9958272576332092
3675,9398,integrated_gradient,0.47509198679643516,0.13542600063716664,0.991011381149292
3676,5100,integrated_gradient,0.3803984336555004,0.17554244957864285,0.9824408888816833
3677,3526,integrated_gradient,0.35958653026156956,0.17393705911106533,0.9539617300033569
3678,7532,integrated_gradient,0.5008055709657215,0.11595059860320318,0.9970130920410156
3679,3007,integrated_gradient,0.2564798548560718,0.07505491684223044,0.45401743054389954
3680,1084,integrated_gradient,0.03994641001062358,0.004311531343880822,0.1513485461473465
3681,9837,integrated_gradient,0.4599756239740937,0.28318934418537,0.596534788608551
3682,9258,integrated_gradient,0.7939096951768512,0.18941999617077054,0.9841108322143555
3683,4503,integrated_gradient,0.5038366243243217,0.08937114849686623,0.9987071752548218
3684,1575,integrated_gradient,0.7758272689534351,0.4759824485518038,0.9715851545333862
3685,3091,integrated_gradient,0.6103747660915056,0.31568959951400755,0.7357624173164368
3686,2484,integrated_gradient,0.36091892156982797,0.2013366237282753,0.8485127091407776
3687,4489,integrated_gradient,0.5813617961747306,0.06997032108761016,0.9980345368385315
3688,5070,integrated_gradient,0.484371307073161,0.15637973323464394,0.9909849166870117
3689,5669,integrated_gradient,-0.11088035669591692,-0.14037050582744456,0.21017926931381226
3690,2138,integrated_gradient,0.5368381476272708,0.13855962779210962,0.9894649982452393
3691,6580,integrated_gradient,0.4961221920592444,0.15020781755447388,0.9711307287216187
3692,2516,integrated_gradient,-0.432365433126688,-0.0969789583235979,0.11042720824480057
3693,9154,integrated_gradient,-0.22506773959845305,0.04410753086209297,0.274978905916214
3694,5456,integrated_gradient,0.31382417536917184,0.08770778491383507,0.9836918115615845
3695,3433,integrated_gradient,0.5615354399470722,0.0722485739810794,0.9903010129928589
3696,3989,integrated_gradient,0.2695298087265756,0.09820276995499928,0.8037751913070679
3697,7422,integrated_gradient,0.6058230380649152,0.11885167723116667,0.9796881079673767
3698,5009,integrated_gradient,0.6379078760229308,0.09298969342790801,0.9990262985229492
3699,1458,integrated_gradient,0.7172710900505384,0.061134849985440574,0.9993515610694885
3700,952,integrated_gradient,0.3279857202009721,0.18639860505407507,0.8431436419487
3701,9718,integrated_gradient,0.7050106162695509,0.3026306080190759,0.9942337870597839
3702,960,integrated_gradient,0.776932024249905,0.264168824020185,0.9644613265991211
3703,7273,integrated_gradient,0.6288216270040721,0.15955828875303268,0.9376223683357239
3704,765,integrated_gradient,0.6602770183235407,0.14145392458885908,0.9362645149230957
3705,8316,integrated_gradient,0.06464049051282927,0.020046642748638988,0.19361093640327454
3706,3400,integrated_gradient,0.6464364891160383,0.1648587319586012,0.9845474362373352
3707,2316,integrated_gradient,-0.26975902407006785,-0.14019703890450977,0.018750006332993507
3708,9465,integrated_gradient,0.8947162954136729,0.22726571202278137,0.996713399887085
3709,9346,integrated_gradient,0.34916998472596916,0.19909025515828813,0.8224518895149231
3710,7835,integrated_gradient,0.7593858797103167,0.21779794245958328,0.9734372496604919
3711,4032,integrated_gradient,0.6527106595536073,0.28822576204935707,0.8466341495513916
3712,2029,integrated_gradient,0.6460828082192511,0.22415296946253097,0.9097992181777954
3713,4718,integrated_gradient,0.6317051593214273,0.09659986197948456,0.9970710277557373
3714,286,integrated_gradient,-0.030304861508987167,-0.051683331755074585,0.0738685205578804
3715,908,integrated_gradient,0.7236909817027695,0.280702185104875,0.9955659508705139
3716,1482,integrated_gradient,-0.2015826410867951,-0.1360639144073833,0.08761922270059586
3717,9660,integrated_gradient,0.6244268113126358,0.1493343524634838,0.8790326118469238
3718,4712,integrated_gradient,0.6829116667310396,0.42199831917172387,0.9654451608657837
3719,2133,integrated_gradient,0.49347427636384966,0.240618759393692,0.9697254300117493
3720,9608,integrated_gradient,0.5039399762948354,0.3265276829401652,0.637782096862793
3721,9774,integrated_gradient,-0.11007760285865516,-0.08765368349850178,0.01769173890352249
3722,9211,integrated_gradient,0.4933497801423073,0.20160382986068726,0.9672306776046753
3723,563,integrated_gradient,-0.3294791015188979,-0.12510009725456653,0.138298898935318
3724,291,integrated_gradient,0.6160446421376297,0.238648955311094,0.815509557723999
3725,1713,integrated_gradient,0.4290042420228322,0.17423412203788757,0.9630559086799622
3726,4012,integrated_gradient,0.4619413491870676,0.10596389749220439,0.9413648843765259
3727,8922,integrated_gradient,0.6106198444031179,0.22756991162896156,0.9472754597663879
3728,169,integrated_gradient,0.438741757589228,0.13338543211712556,0.9820221662521362
3729,267,integrated_gradient,0.6464110813809164,0.11409458788958463,0.994928240776062
3730,9144,integrated_gradient,0.34725674192110695,0.15386318564414977,0.9856160879135132
3731,3172,integrated_gradient,0.8475668098156651,0.17355932792027792,0.988938570022583
3732,2286,integrated_gradient,0.7673177514225245,0.30544853532178834,0.9943828582763672
3733,315,integrated_gradient,0.624863191019921,0.10930117113249642,0.9978176355361938
3734,8046,integrated_gradient,0.5695223125318686,0.23628049592177072,0.973440408706665
3735,8822,integrated_gradient,0.5063661973584782,0.15195523473349484,0.9864823818206787
3736,245,integrated_gradient,0.6840321260193983,0.0921517660220464,0.9705380797386169
3737,5186,integrated_gradient,0.7805697794537991,0.24470300413668156,0.9728085398674011
3738,5421,integrated_gradient,0.057658095050741126,0.08093927855844851,0.49813905358314514
3739,6065,integrated_gradient,0.691006386247666,0.09584329309670822,0.9990763664245605
3740,50,integrated_gradient,0.5981594043118613,0.09974169560841152,0.9972941279411316
3741,3021,integrated_gradient,0.7852812517589579,0.07963539958000183,0.9982195496559143
3742,7028,integrated_gradient,0.8101490978841428,0.21498915001198096,0.965724766254425
3743,1372,integrated_gradient,0.7244530503045429,0.40363655103878543,0.8506693840026855
3744,4176,integrated_gradient,0.482160584628582,0.11292433887720107,0.9990923404693604
3745,2470,integrated_gradient,0.527615058102778,0.37631901100810083,0.9309874176979065
3746,8000,integrated_gradient,0.43997018337249755,0.03729460835456848,0.5475607514381409
3747,6156,integrated_gradient,0.477108889259398,0.1562978532165289,0.982367753982544
3748,1498,integrated_gradient,0.7317952843451941,0.17937244419698362,0.990665853023529
3749,5868,integrated_gradient,0.3200851794746187,0.21314594977431828,0.9312623143196106
3750,1963,integrated_gradient,0.733074845187366,0.5266833260655404,0.8469609022140503
3751,248,integrated_gradient,0.619007085263729,0.08782506287097931,0.9986500144004822
3752,4771,integrated_gradient,0.8628043103242471,0.2812786627383459,0.9852730631828308
3753,1277,integrated_gradient,0.1319312402868972,0.018687032601412606,0.27102163434028625
3754,4905,integrated_gradient,0.5220991242034682,0.12340759203351777,0.6508350968360901
3755,8025,integrated_gradient,0.6129682661876792,0.08963737033662342,0.9985993504524231
3756,2110,integrated_gradient,-0.07773612330978115,-0.14600366664429507,0.07043793052434921
3757,9776,integrated_gradient,0.5866574806071096,0.27255471387217123,0.8635206818580627
3758,2945,integrated_gradient,0.6475482524062196,0.573788688207666,0.7980458736419678
3759,6249,integrated_gradient,0.761166125388914,0.10267308668086403,0.9974186420440674
3760,7023,integrated_gradient,0.3510545258936675,0.0995081857494686,0.95558762550354
3761,795,integrated_gradient,0.186192961409688,0.023852215458949406,0.5690170526504517
3762,9717,integrated_gradient,0.5685818584014972,0.27350622912247974,0.7203463315963745
3763,7908,integrated_gradient,0.4388943814805576,0.08901886429105486,0.9495376944541931
3764,5371,integrated_gradient,0.3836335448755158,0.15036136656999588,0.9123121500015259
3765,9655,integrated_gradient,0.6644374304874376,0.04019189693711021,0.9989718198776245
3766,447,integrated_gradient,0.3173920316942807,0.24568050791477336,0.9808345437049866
3767,2968,integrated_gradient,0.44495811881987674,0.19445115014126427,0.8864446878433228
3768,2152,integrated_gradient,0.524244190234205,0.08083808940389882,0.999284565448761
3769,7838,integrated_gradient,0.6605521511772404,0.09970720954563307,0.9899728298187256
3770,4852,integrated_gradient,0.6222034618258476,0.07585244874159495,0.9991657733917236
3771,5157,integrated_gradient,0.6730337652067343,0.37433220722057203,0.7988744378089905
3772,683,integrated_gradient,0.37516372598707676,0.1926196187734604,0.5268323421478271
3773,8118,integrated_gradient,0.42624082810738506,0.19057327333618612,0.9499585628509521
3774,6681,integrated_gradient,0.8775886985162894,0.10831758379936218,0.9875630140304565
3775,5741,integrated_gradient,-0.05387443428238233,-0.0795445137967666,0.33924996852874756
3776,1488,integrated_gradient,-0.29366667725537954,-0.06719187823565383,0.08262816816568375
3777,3077,integrated_gradient,-0.339098617043947,-0.14914539828896523,0.20518173277378082
3778,3905,integrated_gradient,0.4219059209998061,0.2522687177832534,0.9559391736984253
3779,8594,integrated_gradient,0.7279631522568789,0.2474847435951233,0.9868687987327576
3780,318,integrated_gradient,0.3900677090690982,0.19070373042937247,0.9699850082397461
3781,856,integrated_gradient,-0.2544552220962942,-0.2852513941625754,0.04885304719209671
3782,7743,integrated_gradient,-0.5538800249582735,-0.22323547881738892,0.03411832079291344
3783,2770,integrated_gradient,0.4098921809877668,0.2954225122928619,0.9804602265357971
3784,3566,integrated_gradient,0.7386067858075395,0.15265498529462254,0.9877973198890686
3785,376,integrated_gradient,0.35878042091748547,0.10647852612393242,0.5327397584915161
3786,410,integrated_gradient,0.1420721353756057,0.011170739928881327,0.6046259999275208
3787,2405,integrated_gradient,0.7583848027512431,0.3198850154876709,0.9856457114219666
3788,3776,integrated_gradient,0.5744025692343712,0.16334443887074787,0.9879159927368164
3789,3946,integrated_gradient,0.544301751587126,0.09822434186935425,0.9991087317466736
3790,1111,integrated_gradient,0.7181395026189941,0.09528700155871254,0.9971776008605957
3791,7660,integrated_gradient,0.4185718037188053,0.19038082277163482,0.5468052625656128
3792,8001,integrated_gradient,0.7774191139531987,0.06725923929895673,0.998878538608551
3793,2288,integrated_gradient,0.3322480714746884,0.1142304145864078,0.9621639251708984
3794,2127,integrated_gradient,0.5344622316567794,0.05195859722469164,0.9625570774078369
3795,5581,integrated_gradient,0.4121047029128441,0.2105422432606037,0.9748525619506836
3796,8256,integrated_gradient,0.3943820163034476,0.09848719434096263,0.4714375436306
3797,6751,integrated_gradient,0.44684786796569825,0.22972618738810222,0.9884673953056335
3798,9399,integrated_gradient,0.7030841576365324,0.33542353487931764,0.9919646978378296
3799,2233,integrated_gradient,0.43773610054932793,0.14505663514137268,0.988274335861206
3800,5550,integrated_gradient,0.30993849225342274,0.20948256365954876,0.8808023929595947
3801,274,integrated_gradient,0.8154102363265477,0.14399442535180312,0.993844747543335
3802,2344,integrated_gradient,0.46818584656963746,0.22988609274228414,0.91654372215271
3803,1568,integrated_gradient,0.41102201378215913,0.08919074742690376,0.7773013114929199
3804,3133,integrated_gradient,0.8072552755475044,0.1199137017582402,0.9874024391174316
3805,6178,integrated_gradient,0.6172330811181489,0.13238300470744863,0.9938210844993591
3806,7955,integrated_gradient,0.2887677575927228,0.18775091553106904,0.6239811778068542
3807,7820,integrated_gradient,0.5679547772556544,0.20861255407333373,0.9777663946151733
3808,9415,integrated_gradient,0.6204307013087802,0.05717233816782633,0.9970239996910095
3809,2574,integrated_gradient,0.6322920861152502,0.21578941895411566,0.7810603976249695
3810,965,integrated_gradient,0.6974267681528415,0.13745100689785822,0.9737648367881775
3811,2291,integrated_gradient,0.6799644137111803,0.12475447729229927,0.9576125144958496
3812,5375,integrated_gradient,0.4557751511844496,0.39267514063976705,0.5831182599067688
3813,6670,integrated_gradient,0.7531714599047389,0.27628801479226067,0.9569225311279297
3814,8955,integrated_gradient,0.5532418232825067,0.11531881712101123,0.8580571413040161
3815,8059,integrated_gradient,0.4640189507044852,0.19972252193838358,0.9817341566085815
3816,2755,integrated_gradient,0.46920259131325615,0.09977496912082036,0.8748940825462341
3817,4474,integrated_gradient,0.5626369678974151,0.07178314447402954,0.7025526762008667
3818,3910,integrated_gradient,0.27348788934094564,0.13998190952198847,0.8572461605072021
3819,2002,integrated_gradient,0.43680860387051806,0.21042598652489045,0.557475745677948
3820,4794,integrated_gradient,0.354397399173606,0.25973511522724513,0.958869218826294
3821,8644,integrated_gradient,0.700082288803281,0.2789489191931647,0.9397147297859192
3822,6394,integrated_gradient,0.5900993260808967,0.23692088370973413,0.8152373433113098
3823,5339,integrated_gradient,0.5215276022968085,0.11539068040640457,0.9555580615997314
3824,1730,integrated_gradient,0.32986932936704383,0.11718336028872796,0.9871309399604797
3825,2360,integrated_gradient,0.4904997433451089,0.22585021501237695,0.8205083012580872
3826,9379,integrated_gradient,0.6015039179474115,0.08813469750540597,0.9982419013977051
3827,9058,integrated_gradient,0.6946199426634444,0.08883800605932872,0.9928626418113708
3828,9028,integrated_gradient,0.5778543182338277,0.11670080106705427,0.743569552898407
3829,7579,integrated_gradient,0.5128945958885279,0.1303940469568426,0.9975056052207947
3830,6428,integrated_gradient,0.8385434129128331,0.2975318463225114,0.9844633340835571
3831,1068,integrated_gradient,0.6496152117064125,0.08800402754231502,0.9936570525169373
3832,5337,integrated_gradient,0.28186749666929245,0.01426610824736682,0.4448939561843872
3833,1071,integrated_gradient,0.6795095807562271,0.07714221253991127,0.9988334774971008
3834,9456,integrated_gradient,0.7004115727419654,0.10991064831614494,0.9985318183898926
3835,5020,integrated_gradient,0.8836120420601219,0.21609471552073956,0.9806566834449768
3836,2115,integrated_gradient,0.25654871913569943,0.2000563641389211,0.8506048321723938
3837,5910,integrated_gradient,0.8575652770457729,0.09062912291096102,0.9961621761322021
3838,8448,integrated_gradient,0.14991981727736337,0.18897551553589956,0.701435387134552
3839,3132,integrated_gradient,0.03129206751954967,-0.07017143635914244,0.4868643879890442
3840,7703,integrated_gradient,-0.0779359864673632,-0.3899496977820116,0.223622128367424
3841,474,integrated_gradient,0.691023827732905,0.3080066442489624,0.994484007358551
3842,8441,integrated_gradient,-0.23986034015459673,-0.31459534806864603,0.23817136883735657
3843,7584,integrated_gradient,0.30419861172374923,0.2806286882413061,0.9492752552032471
3844,3085,integrated_gradient,0.016340520070946735,-0.18723093038019928,0.23385700583457947
3845,8856,integrated_gradient,0.18891463499693645,-0.03072437998794374,0.31132039427757263
3846,5936,integrated_gradient,0.6384727901220322,0.0960026204586029,0.9920076131820679
3847,3397,integrated_gradient,0.5749502678712209,0.16800329585870108,0.9834859371185303
3848,4309,integrated_gradient,0.41914371418811025,0.15064259653999693,0.8724483847618103
3849,6169,integrated_gradient,0.44572380278259516,0.2156718149781227,0.9829633235931396
3850,3693,integrated_gradient,0.7021726302802562,0.22048580646514893,0.909570038318634
3851,1691,integrated_gradient,0.6537862343384939,0.6066192660261603,0.8415865898132324
3852,4333,integrated_gradient,0.3375754001048895,0.1424133089872507,0.9487396478652954
3853,9574,integrated_gradient,0.41745466192563374,-0.07831231852372487,0.6648756861686707
3854,8619,integrated_gradient,0.39150007015892435,0.23507078098399298,0.9243751168251038
3855,6832,integrated_gradient,0.16351721325719898,0.0697917365892367,0.2816162705421448
3856,3795,integrated_gradient,-0.052526502232802544,-0.12816451097789563,0.0901736244559288
3857,4649,integrated_gradient,0.6832527033984661,0.18282526092869894,0.9974777102470398
3858,9226,integrated_gradient,0.7726221233606339,0.15354039437241024,0.9909680485725403
3859,7372,integrated_gradient,0.5837645967458857,0.14385040977905536,0.8311757445335388
3860,4929,integrated_gradient,0.1012292201171237,-0.008357618984423186,0.5342320203781128
3861,4233,integrated_gradient,0.14948658943176268,-0.03665138383706411,0.3242146372795105
3862,1145,integrated_gradient,0.602468301142965,0.1266398685319083,0.9932345747947693
3863,3111,integrated_gradient,-0.1839687994078678,-0.23366974381839528,0.2920514643192291
3864,8737,integrated_gradient,0.2706669270992279,-0.12291785648890904,0.46964770555496216
3865,2592,integrated_gradient,0.6040023256625447,0.1705754910196577,0.9651551246643066
3866,9142,integrated_gradient,0.5665928814560175,0.12022498063743114,0.9984855055809021
3867,624,integrated_gradient,-0.11424857866950333,-0.028588257223600522,0.0037006644997745752
3868,9043,integrated_gradient,0.12788431207943513,0.07588204192487817,0.6180819272994995
3869,3283,integrated_gradient,0.31838280397156876,0.09258079032103221,0.7244116067886353
3870,6341,integrated_gradient,0.5888578447202841,0.15641993880271912,0.9341745376586914
3871,7522,integrated_gradient,0.5154055288355601,0.22057602907481946,0.8751927018165588
3872,9585,integrated_gradient,0.7907627092301845,0.2877928584814072,0.9637162089347839
3873,7440,integrated_gradient,0.5372347745757836,0.4497121963649988,0.9106724262237549
3874,668,integrated_gradient,0.8053385476980891,0.20113726173128402,0.9771119952201843
3875,6750,integrated_gradient,0.26236962811911807,0.05605061965830186,0.7939133048057556
3876,5165,integrated_gradient,0.6234759304385918,0.22446633875370026,0.9004144072532654
3877,5279,integrated_gradient,0.15626661429026475,-0.02192852326801845,0.6311140060424805
3878,582,integrated_gradient,0.769013437959883,0.2534518250160747,0.9404832124710083
3879,3945,integrated_gradient,0.4648386761546135,0.27919930550787186,0.9854174256324768
3880,7688,integrated_gradient,0.8202586784249261,0.32891305145763217,0.9589623212814331
3881,7614,integrated_gradient,0.6168377374609312,0.27683579331884783,0.9821305871009827
3882,1208,integrated_gradient,0.4452293091453612,0.15941788926720618,0.9626829028129578
3883,7944,integrated_gradient,0.5019908184476662,0.25401247665286064,0.7860307097434998
3884,5030,integrated_gradient,-0.3622735822573304,-0.21389860031194985,0.236908957362175
3885,76,integrated_gradient,0.344439789832739,0.176525432955135,0.9433724284172058
3886,6693,integrated_gradient,0.33412017015849843,0.10617669540293076,0.9601569175720215
3887,9478,integrated_gradient,0.46536521315574647,0.24962210655212402,0.9977123737335205
3888,9464,integrated_gradient,0.56552696103851,0.19993573427200317,0.9984645843505859
3889,1175,integrated_gradient,0.5091598778963089,0.07655371512685503,0.9976218342781067
3890,592,integrated_gradient,0.3977618972460429,0.12998417019844055,0.9835613369941711
3891,3774,integrated_gradient,0.3689357634972442,0.041373740543018685,0.6491615772247314
3892,5676,integrated_gradient,0.7651411566018526,0.11385572382381984,0.9932020306587219
3893,7362,integrated_gradient,-0.15260570786065525,-0.11159060067600673,0.021230775862932205
3894,1470,integrated_gradient,0.4076455842331052,0.36324650287628174,0.9004700779914856
3895,705,integrated_gradient,0.42069365580876666,0.2165298024813334,0.9899735450744629
3896,1688,integrated_gradient,0.7798343654267672,0.26894961043101984,0.9569684267044067
3897,4828,integrated_gradient,-0.01974253720887329,-0.08842200429543205,0.11255019903182983
3898,5386,integrated_gradient,0.7212241840315983,0.17855589650571346,0.9906601309776306
3899,4564,integrated_gradient,0.6844000728114655,0.10436705068538063,0.977460503578186
3900,7450,integrated_gradient,0.6071571027860045,0.1804743611386844,0.8191325068473816
3901,9324,integrated_gradient,0.4876050364088129,0.10526917709244622,0.9094321131706238
3902,4747,integrated_gradient,0.7117552670993303,0.0684865320983686,0.9961383938789368
3903,4303,integrated_gradient,0.6234933376432427,0.07232750711902496,0.9986164569854736
3904,6460,integrated_gradient,0.20358503650983467,0.17332864508909337,0.7737427353858948
3905,6239,integrated_gradient,0.5672862850239172,0.1596726564800038,0.9465147256851196
3906,7766,integrated_gradient,0.431816041469574,0.13356519076559278,0.9988646507263184
3907,6739,integrated_gradient,0.7821445559913461,0.20974041724746878,0.9799646139144897
3908,8336,integrated_gradient,0.3445290254894644,0.16292818529265268,0.9781419634819031
3909,3464,integrated_gradient,0.3390016257762909,0.20899159014225005,0.8936687707901001
3910,1509,integrated_gradient,0.5610671156644821,0.07346598505973816,0.9985836744308472
3911,4978,integrated_gradient,0.6982429570728733,0.05444274506261272,0.9946236610412598
3912,6008,integrated_gradient,0.42753999100791085,0.17634514967600504,0.9419310092926025
3913,5730,integrated_gradient,0.6841322061206613,0.0670721126454217,0.9976480603218079
3914,8334,integrated_gradient,0.5198683417660909,0.2089631598856714,0.9408236742019653
3915,4883,integrated_gradient,0.44038967564702036,0.17792439013719558,0.9746667742729187
3916,9740,integrated_gradient,-0.1612139456332303,0.03225545069346061,0.27459877729415894
3917,3299,integrated_gradient,0.5371338731298844,0.14005601406097412,0.8792740106582642
3918,594,integrated_gradient,0.6479668927689394,0.34267365877275113,0.8034461736679077
3919,5521,integrated_gradient,-0.30037762597203255,-0.2941010855138302,0.07526755332946777
3920,6867,integrated_gradient,0.7812608653171496,0.2583145002524058,0.9303038120269775
3921,7999,integrated_gradient,0.43155038068514495,0.14946944089162917,0.9823766946792603
3922,7073,integrated_gradient,0.4911394781536526,0.07315219442049663,0.995196521282196
3923,2876,integrated_gradient,0.3495287877507508,0.18755448646843434,0.8164443969726562
3924,5595,integrated_gradient,0.6746966119569081,0.12950224830554083,0.9568975567817688
3925,8508,integrated_gradient,0.5828940839994521,0.0823570206051781,0.998704195022583
3926,9525,integrated_gradient,0.5450804833624814,0.10137342359568621,0.9983298182487488
3927,4335,integrated_gradient,0.6255523971496866,0.2873181580350949,0.7484444379806519
3928,4540,integrated_gradient,0.005252633933667783,0.07431986983175631,0.662774384021759
3929,10,integrated_gradient,0.09715210287659257,0.19330293381655658,0.676043689250946
3930,8757,integrated_gradient,0.26526422934098676,0.05695686647386262,0.8583734035491943
3931,1217,integrated_gradient,0.28907159343361855,0.1549830362200737,0.4207135736942291
3932,1224,integrated_gradient,0.4869249480897966,-0.01764519059139749,0.8717190027236938
3933,3206,integrated_gradient,0.6492330622859299,0.3415749967098236,0.9135860204696655
3934,93,integrated_gradient,0.3063360216986874,0.17032331195862396,0.47734296321868896
3935,8057,integrated_gradient,0.029851053655147553,-0.1278061091899872,0.34241586923599243
3936,2455,integrated_gradient,0.4822413860396905,0.19375381686470725,0.9918931722640991
3937,1247,integrated_gradient,0.016472964774112444,-0.04217291623353958,0.26139381527900696
3938,2251,integrated_gradient,0.21067889697021908,0.20877361628744337,0.730139434337616
3939,6380,integrated_gradient,-0.03648534071232591,-0.14800803735852242,0.14159831404685974
3940,4708,integrated_gradient,-0.21397941617359376,-0.10720945184986139,0.012500850483775139
3941,7864,integrated_gradient,-0.24109225161373615,-0.30390759371221066,0.1561078131198883
3942,3916,integrated_gradient,0.5975634836427429,0.22365207707180695,0.9844939112663269
3943,3105,integrated_gradient,0.6883218164245287,0.237335205078125,0.879534900188446
3944,292,integrated_gradient,0.7454518739272047,0.0504141957671554,0.9789100289344788
3945,7616,integrated_gradient,0.6214290147735959,0.11955657175609044,0.9918926954269409
3946,2083,integrated_gradient,-0.40694263173001155,-0.20738884508609773,0.12507806718349457
3947,4381,integrated_gradient,-0.06455316208302975,-0.35525647674997646,0.24327923357486725
3948,4291,integrated_gradient,0.3846386447548866,0.19466105825267732,0.9728783965110779
3949,5404,integrated_gradient,-0.017068653106689452,0.010703235492110252,0.23106242716312408
3950,6637,integrated_gradient,-0.3940627601879992,-0.09679755894467235,0.006541180424392223
3951,1090,integrated_gradient,0.27369361239321094,0.19417050130227032,0.9117666482925415
3952,8570,integrated_gradient,0.39589955704286695,0.24051259830594063,0.9812398552894592
3953,6206,integrated_gradient,0.6004153828208263,0.35065778287557453,0.7228499054908752
3954,6843,integrated_gradient,0.8113340677862818,0.32853026959029114,0.9947540760040283
3955,1078,integrated_gradient,0.6320654605241383,0.15760582334855022,0.9969197511672974
3956,1188,integrated_gradient,-0.009601395148783921,-0.04585195243358612,0.13437055051326752
3957,3984,integrated_gradient,0.626505529852929,0.050100252584174824,0.9324776530265808
3958,1369,integrated_gradient,0.657440879128196,0.11676623739979484,0.9991320967674255
3959,8348,integrated_gradient,0.5571115080799375,0.08208891536508288,0.998160183429718
3960,5987,integrated_gradient,0.1941562458872795,-0.03693723201751709,0.4486486613750458
3961,1599,integrated_gradient,0.2467723157136671,0.05078659422935978,0.5613055229187012
3962,4573,integrated_gradient,0.6263856316066306,0.08767441109470699,0.9985387325286865
3963,5173,integrated_gradient,0.515241611462373,0.22096661650217497,0.9868719577789307
3964,6459,integrated_gradient,0.6027259381694926,0.18554533272981644,0.7583831548690796
3965,4404,integrated_gradient,-0.03692196235060692,-0.033550161868333817,0.26380324363708496
3966,7585,integrated_gradient,0.3392798929578728,0.05315779149532318,0.5379230976104736
3967,8225,integrated_gradient,0.6940886775652567,0.09533180070645882,0.9788225293159485
3968,4209,integrated_gradient,0.2048656528117135,-0.07591746896505355,0.6795138716697693
3969,1418,integrated_gradient,0.4328124021228991,0.17494212483104907,0.9834221005439758
3970,3309,integrated_gradient,0.7078728665198598,0.25365994551352095,0.935121476650238
3971,9362,integrated_gradient,0.5521502203884578,0.12619570749146597,0.7081358432769775
3972,6492,integrated_gradient,0.6305522568937805,0.39300890763600665,0.8727192282676697
3973,7841,integrated_gradient,0.6345691434107721,0.08660763005415599,0.9991457462310791
3974,3037,integrated_gradient,-0.39711062151652116,-0.11583064381892864,0.1370203197002411
3975,1825,integrated_gradient,0.5639227608839671,0.11615811189015707,0.9200100898742676
3976,3842,integrated_gradient,0.2558190744991104,0.03237946083148321,0.551689088344574
3977,4522,integrated_gradient,-0.5526344125003865,-0.057433368861287214,0.003012626664713025
3978,1569,integrated_gradient,-0.029220456490293145,-0.062373719488581024,0.09190179407596588
3979,1261,integrated_gradient,0.6166156377876177,0.25526557955890894,0.9530791640281677
3980,4918,integrated_gradient,0.5362599519166079,0.07804286073554646,0.9733685851097107
3981,5273,integrated_gradient,0.4329878498207439,0.14676966360121063,0.9524369835853577
3982,2478,integrated_gradient,0.561363931157087,0.13961470362387204,0.9819694757461548
3983,5795,integrated_gradient,0.720091164422532,0.1983130145817995,0.9339596629142761
3984,6864,integrated_gradient,0.7486686472594738,0.240193709731102,0.9809978604316711
3985,1616,integrated_gradient,0.20056676715612412,-0.02833343893289566,0.3876338303089142
3986,6913,integrated_gradient,0.6161475867033005,0.060402787923812866,0.9976267218589783
3987,2236,integrated_gradient,0.372181312383517,0.2084561068078746,0.901846170425415
3988,7618,integrated_gradient,0.3561813162968439,0.2019069650593926,0.984653651714325
3989,5447,integrated_gradient,0.3457151291748652,0.16182447855289167,0.9519686698913574
3990,5554,integrated_gradient,0.6855742080027566,0.2325248683200163,0.7664573788642883
3991,7212,integrated_gradient,0.5182281945432935,0.15226981895310537,0.9923976063728333
3992,7352,integrated_gradient,0.4618792241811752,0.286550469994545,0.9823411703109741
3993,2533,integrated_gradient,0.390085377707714,0.22848034341160844,0.9566816091537476
3994,5950,integrated_gradient,-0.26003177600124705,-0.10107956196253116,0.015209407545626163
3995,7947,integrated_gradient,0.7572064129635692,0.1361544117331505,0.9940505623817444
3996,2689,integrated_gradient,0.6349227792686887,0.2719946164223883,0.7978682518005371
3997,3110,integrated_gradient,0.7835858573134129,0.18849950570326585,0.9963325262069702
3998,4397,integrated_gradient,0.08305320411920547,-0.01138350784778595,0.31896790862083435
3999,2935,integrated_gradient,0.6954513564705849,0.20184185604254404,0.8999387621879578
4000,9632,lime,0.8163573545618699,0.13181616824406844,0.9681628346443176
4001,9282,lime,0.3367898542630045,0.07312741561939842,0.9990247488021851
4002,106,lime,0.011823031450471571,-0.13592717916734756,0.15904000401496887
4003,1446,lime,0.6777007718243309,0.1932072905269829,0.957824170589447
4004,1513,lime,0.5332955238135422,0.1919268597574795,0.8942596316337585
4005,6498,lime,0.22453554543225387,-0.016784413864738064,0.35145363211631775
4006,6973,lime,0.6656212035034385,0.055852694170815606,0.9980524778366089
4007,4952,lime,0.41427211327986285,0.13783047686923633,0.9622885584831238
4008,8552,lime,0.7650767544453795,0.16911110552874478,0.9872360825538635
4009,3027,lime,-0.09052718117048866,-0.08982087456082043,0.053609464317560196
4010,2760,lime,0.5925593457184732,-0.020699939876794814,0.7212817668914795
4011,3060,lime,0.6370982648804784,0.4303691763963018,0.9723584055900574
4012,33,lime,0.7616824996383751,0.2318377898019903,0.9623281955718994
4013,1349,lime,0.6783765310732027,0.11506015434861183,0.8265097141265869
4014,4934,lime,0.579075337946415,0.11178728789091111,0.9679321050643921
4015,2680,lime,0.36261835117493907,0.15810789408222323,0.9950430393218994
4016,9074,lime,0.6660073180165555,0.29575884838898975,0.9623054265975952
4017,5414,lime,0.6375564379421504,0.20677615153162102,0.9898973703384399
4018,6663,lime,0.764696495438164,0.19637843424623663,0.9978005290031433
4019,5286,lime,0.8302346582596118,0.3030805839942052,0.9718378782272339
4020,3782,lime,0.3377323243767023,0.16341100819408894,0.9555014371871948
4021,4516,lime,-0.23327693226747215,-0.24147030897438526,0.26527026295661926
4022,4554,lime,0.17291270423194635,-0.13256606459617615,0.5958682894706726
4023,1595,lime,0.3559207684503725,0.15341309400705191,0.9713711738586426
4024,3857,lime,0.7065265215024715,0.18932262644535158,0.9562403559684753
4025,3337,lime,0.8893724280194595,0.08709164307667659,0.9958930015563965
4026,9255,lime,0.4660356431850232,0.15377151540347508,0.9361338019371033
4027,1383,lime,0.491877191092657,0.0880439333293749,0.756279468536377
4028,4860,lime,0.9368111918946462,0.32953434472992305,0.9939751029014587
4029,7275,lime,0.7314499684649965,0.13423149741214255,0.9952195286750793
4030,8740,lime,0.7056114098522812,0.23609090223908424,0.9622189998626709
4031,1155,lime,0.6123267755560253,0.13154192463211392,0.9724428653717041
4032,6725,lime,0.6645848712041265,0.12996667197772435,0.8771812319755554
4033,1076,lime,0.6264579916106803,0.2850848085113934,0.8524025678634644
4034,3058,lime,0.7665272314885729,0.16326488554477692,0.9388748407363892
4035,4586,lime,0.45420578146974244,0.1099335769812266,0.842685341835022
4036,1791,lime,0.6996273095361315,0.328028788503546,0.8261635899543762
4037,6325,lime,0.5501765236258507,0.08494316339492798,0.9986565113067627
4038,7506,lime,0.5624376518858804,0.09264507393042247,0.9964942336082458
4039,6495,lime,0.3478107671988638,0.07430299645976017,0.9987700581550598
4040,9542,lime,0.6305363789985055,0.26690549442642614,0.9656192660331726
4041,4694,lime,0.6751321496502045,0.15977270660861845,0.9920693635940552
4042,8369,lime,-0.4723999847968419,-0.06691119152431686,0.01818203367292881
4043,7093,lime,-0.17461857041626266,-0.12231518870050256,0.379228413105011
4044,2794,lime,0.6774256268273229,0.15032482017641483,0.9661273956298828
4045,39,lime,0.5644921942073251,0.11490002274513245,0.9776915311813354
4046,7478,lime,-0.08046533737112493,-0.16759657684494467,0.03629209101200104
4047,1253,lime,0.6596239379474095,0.14556512946174258,0.9669159650802612
4048,360,lime,0.2494701303186871,0.20739173179581052,0.8149926066398621
4049,9638,lime,0.6194941449378218,0.3315162621438503,0.8515133261680603
4050,1726,lime,0.7334694073480719,0.3351291067460004,0.9851669669151306
4051,439,lime,-0.1324273623018102,-0.1928732470524582,0.032697852700948715
4052,5267,lime,0.050945295349640006,-0.024843186140060425,0.36365991830825806
4053,4337,lime,0.5985322807729244,0.2041709053516388,0.9380333423614502
4054,7724,lime,0.5187622496428398,0.2078816478069012,0.9108648300170898
4055,7676,lime,0.6197507880628109,0.32880771656831104,0.9552843570709229
4056,8913,lime,0.6238878367898556,0.2955278983482948,0.9871233701705933
4057,2492,lime,0.6915914095938206,0.2088374215364456,0.8015820980072021
4058,7462,lime,0.622694238385355,0.28925838660110126,0.9383172988891602
4059,7430,lime,0.6510121875908226,0.4262748076580465,0.8598186373710632
4060,6620,lime,0.22744606318883598,0.11524559743702412,0.962418794631958
4061,6221,lime,0.7436284244629658,0.29934735265043044,0.9842601418495178
4062,8844,lime,0.32935428875498474,0.3625208506868644,0.6842954158782959
4063,4518,lime,0.612193280706803,0.07385154366493225,0.7940210103988647
4064,1684,lime,0.8511249444314412,0.17615184045973278,0.989425539970398
4065,29,lime,0.6236439438329803,0.07233277294370863,0.9986901879310608
4066,6475,lime,0.6605164411344698,0.012696119291441781,0.7889692783355713
4067,6691,lime,0.1492743299853417,-0.13769045087598986,0.5658720135688782
4068,1747,lime,0.8306130472570658,0.1361202847957611,0.9513521194458008
4069,5559,lime,0.6668799051216671,0.07875509347234454,0.9991921782493591
4070,3325,lime,0.6852673978544772,0.21460521519184111,0.8735811710357666
4071,4525,lime,0.5195105144133171,0.09501238539814949,0.9951671361923218
4072,5434,lime,0.7706895708688535,0.09974279999732971,0.9970090985298157
4073,2129,lime,0.8083357268737422,0.09904315074284871,0.9861270189285278
4074,5441,lime,0.3088760331675813,0.16302617578893094,0.9363431930541992
4075,9420,lime,-0.14728152927230387,-0.19264072793371537,0.25969892740249634
4076,1330,lime,0.663383501174394,0.0728048637509346,0.9988986253738403
4077,7369,lime,-0.29724748246371746,-0.057490644336212426,0.06309627741575241
4078,2275,lime,0.5093439957674812,0.07958218981237973,0.9988258481025696
4079,1765,lime,0.5778086075316304,0.08907483582911284,0.9983768463134766
4080,9131,lime,0.6056269386719013,0.09777229407737995,0.991392970085144
4081,6095,lime,0.6291344012336239,0.2375806508504826,0.7672213315963745
4082,1263,lime,0.7338075701457759,0.154795461644729,0.9291120767593384
4083,1142,lime,0.6645249733153511,0.07066765602897196,0.9987917542457581
4084,7797,lime,0.5802933474381765,0.08572829597526127,0.9992775321006775
4085,4989,lime,0.15683507943345654,0.04478232081859342,0.35265183448791504
4086,4395,lime,0.7624197343830019,0.17812774533575232,0.9159936904907227
4087,5333,lime,0.7033049255948175,0.11853257002252521,0.985869288444519
4088,8163,lime,0.79365942068398,0.07492358169772408,0.996148943901062
4089,8995,lime,0.628999669543084,0.14515132413190954,0.8720892071723938
4090,9568,lime,0.6086361850767086,0.24809578955173492,0.9862967729568481
4091,6098,lime,0.5143528629380923,0.13513411696140581,0.7101991772651672
4092,7278,lime,0.5596246312061945,0.32451507250467937,0.9797466993331909
4093,1516,lime,0.7100305132567882,0.1896715648472309,0.936162531375885
4094,3501,lime,0.4704982212611607,0.14298409010682786,0.9401589035987854
4095,4371,lime,0.4498214309569448,0.12404227256774902,0.5645428895950317
4096,7736,lime,0.6906880199828226,0.27783486376638,0.9857485890388489
4097,1683,lime,0.258684945339337,0.11296315044164658,0.6186842322349548
4098,1631,lime,0.7677799677919774,0.4038603880575725,0.9548134207725525
4099,4601,lime,-0.1910921537107037,-0.17913236312808528,0.23664434254169464
4100,6956,lime,0.7415549105405808,0.11550065279006957,0.9766616225242615
4101,8482,lime,-0.23757925113806358,-0.3622791812492487,0.14265330135822296
4102,9095,lime,0.4425596594810486,0.1656215210755666,0.9724326133728027
4103,7344,lime,0.6636692898141013,0.0778669935685617,0.9950860142707825
4104,1732,lime,0.676985767025214,0.09720875208194439,0.8685068488121033
4105,4373,lime,0.5403009265322577,0.15493964877995578,0.9838618636131287
4106,971,lime,0.4898823983967304,0.01982415746897459,0.8528238534927368
4107,6578,lime,0.7321314520021487,0.49632871326886946,0.8421292901039124
4108,1453,lime,0.5791955574562675,0.09942891723231266,0.9988403916358948
4109,80,lime,-0.29606674425303936,-0.11445587016974709,0.009197588078677654
4110,8908,lime,0.7221869453787804,0.27223772862378287,0.9895087480545044
4111,96,lime,0.6842001441866159,0.06528314501047135,0.9992652535438538
4112,4376,lime,0.4256172483930221,0.15184919879986689,0.9677006602287292
4113,3207,lime,0.5891753860256251,0.2947058160515392,0.943618893623352
4114,6462,lime,0.4803546894999111,0.17884828588541815,0.9625318050384521
4115,6220,lime,0.34097851605878937,0.06127995749314626,0.8176868557929993
4116,3279,lime,0.6930449501212154,0.07361242068665368,0.9982277750968933
4117,8741,lime,0.605420282767976,0.1287217946613536,0.9531933665275574
4118,8758,lime,0.7573760717230684,0.17141475747613347,0.9484697580337524
4119,5396,lime,0.653102700731584,0.20218671645436967,0.9956110119819641
4120,2855,lime,0.8653966747224331,0.36399955352147423,0.9624814391136169
4121,1862,lime,0.5429094297618702,0.2201087855059525,0.9382230043411255
4122,7659,lime,0.5226280836111589,0.22255570008545308,0.6496463418006897
4123,8446,lime,0.5425965050235391,0.07872366346418858,0.999000608921051
4124,5152,lime,0.894994159574034,0.2618579301569197,0.9934417009353638
4125,2903,lime,-0.399785122899122,-0.12360246011684108,0.09596315026283264
4126,7581,lime,0.6210569908221563,0.2966428061326345,0.9800508618354797
4127,9431,lime,0.7181714569999125,0.1944347611244987,0.9518901109695435
4128,8948,lime,0.7068258940496228,0.3831261223690076,0.9274129867553711
4129,2486,lime,0.307076438704306,-0.061133094131946564,0.3828200697898865
4130,5552,lime,0.5203205616627302,0.17173986302481759,0.704188883304596
4131,5479,lime,0.48776863316694896,0.09124629894892375,0.9940979480743408
4132,3894,lime,0.6365898431024768,0.2972160591320558,0.9003875255584717
4133,9430,lime,-0.26831359748529005,-0.3794577453285456,0.009144823998212814
4134,9766,lime,0.7551354691386223,0.15421891922042483,0.9533199071884155
4135,4355,lime,0.16421399567098843,0.02871893701099214,0.5043207406997681
4136,2833,lime,0.7965387568498651,0.23342192048827806,0.9334944486618042
4137,3328,lime,0.685594130307436,0.21539088752534655,0.9440211653709412
4138,8019,lime,-0.17497968760629495,-0.25113142654299736,0.06508404016494751
4139,3424,lime,0.798186969384551,0.22830085903406144,0.9666966795921326
4140,4539,lime,0.7419668201840034,0.13216082586182487,0.9976791739463806
4141,4921,lime,0.533172375806,0.04629057257071785,0.8028798699378967
4142,3469,lime,0.8495351709425449,0.2499317169189453,0.9772527813911438
4143,5705,lime,0.7535002405941487,0.060732451677322385,0.9992376565933228
4144,311,lime,0.39216901476566607,0.04529361197581658,0.8606887459754944
4145,9045,lime,0.654795361061891,0.18731550375620523,0.8220238089561462
4146,2619,lime,-0.2918182373175333,-0.1264091375572928,0.051463108509778976
4147,789,lime,0.46963151544332504,0.2077364350358645,0.9990278482437134
4148,2742,lime,0.6339734103530645,0.18330516219139098,0.7575263977050781
4149,5653,lime,0.6761564140518507,0.15548578649759293,0.9503976702690125
4150,483,lime,-0.05363891273736954,-0.0724414929070256,0.06002400815486908
4151,8113,lime,-0.366178790788825,-0.0376831772850781,0.09422348439693451
4152,8478,lime,0.4166238259743242,0.2891991085865918,0.9410490393638611
4153,1199,lime,0.7885412042721723,0.19123744888183397,0.9228596687316895
4154,5507,lime,-0.27352084759622813,-0.0688685470726341,0.009515474550426006
4155,3653,lime,0.41830962896347046,0.09686915341176484,0.9983776807785034
4156,5065,lime,0.8768981484805837,0.5310514052124584,0.9639037847518921
4157,1626,lime,0.5457499202340841,0.2906875997781754,0.9438416361808777
4158,7661,lime,0.718461031976499,0.23963738742627597,0.8957914710044861
4159,6837,lime,0.5867949902363445,0.06473291438558827,0.9946617484092712
4160,7655,lime,0.5099984655777613,0.10094729728168911,0.999207079410553
4161,8538,lime,0.6324398906103202,0.16237774278436387,0.9960850477218628
4162,1775,lime,0.2452453992196492,0.034041055611201694,0.5390658974647522
4163,9643,lime,0.8321359007386491,0.24655211437493563,0.9645392894744873
4164,8884,lime,0.7623721745706373,0.0913204098901441,0.9989134073257446
4165,6778,lime,0.6909855889777342,0.06979125738143921,0.9992440938949585
4166,2340,lime,0.6823043871138778,0.130994228380067,0.9991305470466614
4167,7226,lime,-0.38257709166712384,-0.056913069280033764,0.00604955805465579
4168,1472,lime,0.6225003245330992,0.1380349880173093,0.9698266983032227
4169,8187,lime,0.741873187944293,0.140860539343622,0.9685565233230591
4170,6250,lime,0.433451563806126,0.4912950129885423,0.9656291604042053
4171,2335,lime,0.2540096764763196,0.19862670389314493,0.5073877573013306
4172,8981,lime,0.23132537524881108,-0.12908886053732463,0.4453115165233612
4173,8685,lime,0.7323814842785741,0.31787191896603023,0.9569483399391174
4174,251,lime,0.7370118968846167,0.1770775037653306,0.9886131286621094
4175,2732,lime,0.6778919227859553,0.13583307055866017,0.9872681498527527
4176,4329,lime,0.3674492666290866,0.20314183748430675,0.5334991216659546
4177,9545,lime,0.6856917713044418,0.14559916655222574,0.9947755336761475
4178,2337,lime,0.47628487481011283,0.1011101934644911,0.9955561757087708
4179,8695,lime,0.7485413607810775,0.163539154875663,0.9932746887207031
4180,2215,lime,0.5193389338396844,0.46201174954573315,0.8041255474090576
4181,5436,lime,0.565831835780825,0.07125278030123029,0.9989970326423645
4182,5058,lime,0.736016751316033,0.1853677285344977,0.8731930255889893
4183,9548,lime,0.7577433123698701,0.09962834223457005,0.997448205947876
4184,108,lime,0.4888847472353114,0.1656690239906311,0.9916799664497375
4185,3019,lime,0.4475617315620184,0.10195488296449184,0.9842510223388672
4186,487,lime,0.4234191384166479,0.0010816074079937404,0.7389118075370789
4187,2436,lime,0.6916482225060463,0.14368632916481264,0.9545406103134155
4188,2417,lime,0.7016839100047946,0.04955600947141647,0.981460452079773
4189,2684,lime,0.6207987374585607,0.07117036114568295,0.9987525939941406
4190,621,lime,0.4109340536594391,0.04950022459030151,0.7547726631164551
4191,3281,lime,-0.34942278762658435,0.05764829143881798,0.18668235838413239
4192,8547,lime,0.7305157884423222,0.1960680271897997,0.9267884492874146
4193,3941,lime,0.48063128760882784,0.17132852332932608,0.9906874299049377
4194,2423,lime,0.7523522124226604,0.3480853204216276,0.9757973551750183
4195,7682,lime,0.32603994458913804,0.1789701759815216,0.9696162939071655
4196,4960,lime,0.7263819373705808,0.2072896641843459,0.9889083504676819
4197,2766,lime,0.7648695712401108,0.12727150456471878,0.9588587284088135
4198,7662,lime,0.693091772876436,0.14525236969902403,0.961168646812439
4199,416,lime,0.6804712590049294,0.23652716419276068,0.9832690954208374
4200,3898,lime,-0.034596780805211315,-0.06483899331406544,0.07769396901130676
4201,7632,lime,0.5791588305007844,0.22395682334899902,0.9160280823707581
4202,2328,lime,0.45874611891451333,0.16154404623167856,0.9879507422447205
4203,2754,lime,0.6298216306330526,0.11581304844687967,0.9427654147148132
4204,8234,lime,0.6118157249689102,0.0617328929901123,0.9990573525428772
4205,3101,lime,0.7139829680882395,0.22101637840270996,0.9242600202560425
4206,2108,lime,0.5076130128332547,0.30074927104370935,0.964028537273407
4207,3100,lime,0.2981652451886071,0.2283184892601437,0.9019454717636108
4208,5351,lime,0.5962228770217588,0.14236572000288195,0.995079755783081
4209,3284,lime,0.7423928748158848,0.0742621123790741,0.9976966977119446
4210,4824,lime,0.04062848878093064,-0.17968690991401673,0.13088178634643555
4211,6551,lime,0.6815351005111422,0.5361451390598502,0.9311828017234802
4212,7444,lime,-0.3812212394002606,-0.1975872156703297,0.03573227301239967
4213,304,lime,0.6020115500404721,0.10475891970452808,0.9971446394920349
4214,6360,lime,0.6768860059479872,0.10158999363581339,0.8318968415260315
4215,4190,lime,0.2973866615267027,0.36183264071033117,0.6799197793006897
4216,6664,lime,0.33714182509316337,0.35898205472363365,0.9751580357551575
4217,1945,lime,0.5708279974318834,0.045215803715917796,0.9930548071861267
4218,5817,lime,0.499790372731893,0.14379622106966766,0.6252697110176086
4219,92,lime,0.21511078059673308,0.48586509317159654,0.8895635008811951
4220,119,lime,0.5403125401247632,0.08666335994547064,0.9980521202087402
4221,9591,lime,0.8183968841013584,0.46240056543187663,0.9726136326789856
4222,8421,lime,0.042991487630482376,-0.004012064173303801,0.4128471314907074
4223,7945,lime,0.7917266240110621,0.31315221451222897,0.9642028212547302
4224,2487,lime,0.6691184490919113,0.20860622110574142,0.9868432879447937
4225,1245,lime,0.7681760894774925,0.3661594484001398,0.9586703181266785
4226,346,lime,0.7353259834291582,0.15989186411554163,0.9685521721839905
4227,9392,lime,0.5315203018810438,0.2384677062863889,0.9378693103790283
4228,6604,lime,0.3215806968510151,0.02185598264137904,0.6204450130462646
4229,6338,lime,-0.5348318280652166,-0.04546561277238652,0.000834527425467968
4230,8410,lime,0.34998927696755056,-0.21512230446464137,0.5320336818695068
4231,4216,lime,0.8964038410090974,0.11641564113753182,0.9906545281410217
4232,7436,lime,0.19606720516458154,-0.04165979893878102,0.3005826771259308
4233,6666,lime,0.8502743499155975,0.19345236908305774,0.9798297882080078
4234,8051,lime,0.7571842574647495,0.21933918872049876,0.8861161470413208
4235,1593,lime,-0.01455123207586653,-0.02138219861423268,0.42213955521583557
4236,6951,lime,0.653630175269567,0.18989452261191148,0.9741309881210327
4237,850,lime,0.3803127535751888,0.12720400094985962,0.9226844906806946
4238,5506,lime,0.5673250133943993,0.36341785185220765,0.9605305194854736
4239,8479,lime,0.10449870143617902,0.020314386912754605,0.6882908344268799
4240,7182,lime,0.6968643690148989,0.09226365056302813,0.9990254640579224
4241,2362,lime,0.3640021332539618,0.07320207823067904,0.9605552554130554
4242,2178,lime,0.7666911598827157,0.13285962087767464,0.9713332653045654
4243,1731,lime,0.4607834267931489,0.33507941004175407,0.6578450798988342
4244,4185,lime,0.598662679916934,0.08998013954413564,0.9985074400901794
4245,673,lime,0.6240242039379866,0.12347569802533025,0.9983320832252502
4246,5212,lime,-0.3500418924361568,-0.1571348497795092,0.03828458860516548
4247,4417,lime,0.49716751548376953,0.3216735083948482,0.988991379737854
4248,1056,lime,0.1985614134205712,0.3553484049108293,0.7681291699409485
4249,9593,lime,0.3149244226515293,-0.015846773982048035,0.5345463156700134
4250,623,lime,-0.4839354420657314,-0.06529099667178732,0.00636622728779912
4251,6217,lime,-0.21898789073058747,-0.10444122788153197,0.17396663129329681
4252,9597,lime,0.8241088461002399,0.10095251942503042,0.9595625400543213
4253,2955,lime,0.7498032838106156,0.0579865550994873,0.9993189573287964
4254,88,lime,0.854597193434731,0.22953726765182283,0.991609513759613
4255,3538,lime,0.3016605223283956,0.01782075668636121,0.3988606333732605
4256,3643,lime,0.5456888203129724,0.15757571988635594,0.9903565049171448
4257,8313,lime,-0.35527208252179043,-0.00729166348690107,0.011754504404962063
4258,5649,lime,0.5923862012201234,0.20355756972965441,0.979526698589325
4259,1355,lime,0.4809132003121906,0.0837143427795834,0.9946436882019043
4260,7142,lime,0.7378651241638831,0.1138234989983695,0.9791266918182373
4261,1512,lime,0.3476995239034295,0.1186378002166748,0.9992332458496094
4262,7565,lime,0.708191053536923,0.38777478168839996,0.8191790580749512
4263,733,lime,0.5108170826733113,0.23734796464443206,0.8700928092002869
4264,8765,lime,0.5529095420394751,0.11110509493771721,0.6951959133148193
4265,9018,lime,0.8834573502341906,0.40642401363168446,0.9558220505714417
4266,6240,lime,0.8334401457104832,0.18757439777255058,0.9776548147201538
4267,590,lime,0.44955540554864065,0.09721476833025615,0.9920754432678223
4268,3745,lime,0.8126858130895666,0.46781869551965166,0.9819258451461792
4269,1919,lime,0.3958920511332425,0.4968202408741821,0.9540902972221375
4270,7799,lime,0.7898533107905552,0.18156886203535672,0.9871602058410645
4271,7684,lime,0.34311841931194065,0.06451092660427094,0.49804967641830444
4272,9486,lime,0.4488343171971409,0.11313314971170928,0.9992591738700867
4273,5027,lime,-0.13543179631233215,-0.02080435412270682,0.4381735622882843
4274,8568,lime,0.8204761557499296,0.34185485386600095,0.9810352921485901
4275,5425,lime,0.4251060140132904,0.10271534204483032,0.9990612864494324
4276,2377,lime,0.4740774904688199,0.14346684681044686,0.9601444005966187
4277,6447,lime,0.5886560846120119,0.10137941108809577,0.9751091003417969
4278,8029,lime,0.5667642274728188,0.10922419337125924,0.985582709312439
4279,3855,lime,0.0004087074526718685,-0.06602536603098824,0.11994379758834839
4280,5221,lime,-0.08969805693874756,-0.139902130762736,0.029164791107177734
4281,5792,lime,0.782370633756121,0.19006815453370413,0.991037130355835
4282,3006,lime,0.8248634671171506,0.09245387514432271,0.9922159314155579
4283,8706,lime,0.681383511206756,0.3226822142799695,0.9415528774261475
4284,2943,lime,0.6347151383243758,0.22399112582206726,0.9687211513519287
4285,2072,lime,0.7041449973295475,0.3026777557257948,0.7970373034477234
4286,3873,lime,0.5437850594520569,0.07406866153081258,0.9970198273658752
4287,9297,lime,-0.18316298350691795,-0.01958493361978427,0.03296465799212456
4288,9105,lime,0.8207853680046705,0.20171239055120027,0.9780876636505127
4289,7635,lime,0.016702095385302197,-0.25800672241232614,0.10758447647094727
4290,5313,lime,0.8197605380788445,0.3475180618464947,0.9668880105018616
4291,9675,lime,-0.10376280923493397,-0.22592446770375738,0.004974109586328268
4292,2075,lime,-0.053401355445384976,-0.1131142808124423,0.053853970021009445
4293,7144,lime,0.7694271897467283,0.4083789564096011,0.9015594720840454
4294,3928,lime,0.4875664204359055,0.09681829512119293,0.9981290698051453
4295,1393,lime,0.5466005848004267,0.2940273671769179,0.9817909002304077
4296,263,lime,-0.07993138913551102,-0.1887935037198274,0.2898430824279785
4297,970,lime,0.8031894421577453,0.16134732604026794,0.973334550857544
4298,5821,lime,0.5987035877381762,0.11071278775731723,0.8942013382911682
4299,8593,lime,0.870470036699606,0.4964835455810482,0.9818098545074463
4300,4553,lime,0.009729474550113082,-0.1749245710670948,0.32829201221466064
4301,1671,lime,0.19928817947705588,0.2331785096062554,0.5629804730415344
4302,3118,lime,0.783626311543313,0.09356033124706963,0.9909118413925171
4303,4367,lime,0.5670120328930872,0.30226533114910126,0.9808807373046875
4304,1760,lime,0.4352605872684055,0.24672724141014946,0.9690166711807251
4305,3412,lime,0.6347979696636851,0.07964354618029161,0.9991717338562012
4306,6066,lime,0.5735267554237334,0.08373281359672546,0.7794869542121887
4307,3616,lime,0.7187123397803482,0.1876856491846197,0.9936226010322571
4308,5874,lime,0.5537722344909396,0.2782496142955053,0.9226388931274414
4309,2189,lime,0.7317201200386753,0.20750332656113998,0.9746144413948059
4310,6071,lime,0.7180142976188412,0.27426982671022415,0.867075502872467
4311,5148,lime,0.7763471767744597,0.14887159273904912,0.9643544554710388
4312,9064,lime,0.4857344544596142,0.10851783553759257,0.997458279132843
4313,8381,lime,0.593172951704926,0.22123597893449995,0.9868038296699524
4314,3352,lime,0.5063309992353121,0.11052396645148595,0.9986382126808167
4315,799,lime,0.6763370667717287,0.1304504360471453,0.9461302161216736
4316,8656,lime,0.7567692425249046,0.4041088835189217,0.9732416272163391
4317,7305,lime,-0.10081193029880524,-0.1524861913919449,0.07638421654701233
4318,7948,lime,0.7633457780919142,0.16300635702080196,0.9842782616615295
4319,7233,lime,0.37280942099592224,0.16607712547887454,0.6324408054351807
4320,2392,lime,0.5306247907380263,0.09356147050857544,0.9936150312423706
4321,3443,lime,0.5677217022619314,0.5494482210940785,0.9385005831718445
4322,8558,lime,0.6996946431696415,0.18766400814056397,0.9839380383491516
4323,5014,lime,-0.18874994044502577,-0.2750410766651233,0.17258937656879425
4324,4362,lime,0.778614223983727,0.36413761659672383,0.9708105325698853
4325,8224,lime,0.72854423734049,0.1652584453423818,0.9616954922676086
4326,6865,lime,0.10766523732588841,0.18595137962928185,0.8717062473297119
4327,7389,lime,0.3753231298839885,0.17153001508929513,0.936269223690033
4328,303,lime,-0.3797276636795141,-0.056862246689852326,0.0007012131973169744
4329,8398,lime,-0.14978748157217697,-0.08817853194636267,0.28007954359054565
4330,2907,lime,0.5909426742721171,0.5826839527913502,0.8069512844085693
4331,4619,lime,0.7181233162681262,0.2793052434921265,0.9885609745979309
4332,4765,lime,0.45826559215784074,0.08807635307312012,0.998802661895752
4333,3320,lime,0.7404040374582813,0.28639946445342035,0.8899001479148865
4334,5298,lime,0.48944694905177405,0.25548139214515686,0.9332249760627747
4335,7927,lime,0.5762984957545996,0.08152316510677338,0.8545619249343872
4336,2348,lime,0.8153697298839688,0.11573590763977595,0.9644157886505127
4337,4267,lime,0.5038106693276043,0.30547023333352186,0.6212199926376343
4338,9648,lime,0.8462346016895026,0.3462163855632146,0.9317938089370728
4339,3024,lime,0.8053052200935781,0.08333912044763565,0.9987342953681946
4340,1373,lime,0.6480601273166636,0.09091804176568985,0.998836100101471
4341,7377,lime,0.5647262206766754,0.08522590529173613,0.9990803003311157
4342,9782,lime,0.5420396734029055,0.20451782494783402,0.8678382039070129
4343,2771,lime,0.6793833586594297,0.19764769987927544,0.7824496030807495
4344,3,lime,0.7912297071889043,0.24884090721607208,0.9241669774055481
4345,2908,lime,0.5594480081302363,0.08686961488025945,0.8135327696800232
4346,3852,lime,0.6325565451621323,0.16720664658044515,0.9910813570022583
4347,532,lime,0.8989809551521352,0.20581308791511937,0.962285578250885
4348,7929,lime,0.40775691108270123,0.12243703278628262,0.8912799954414368
4349,9423,lime,0.8787570258771832,0.2565765949812802,0.9863002896308899
4350,290,lime,0.44829281091690065,0.10419679880142212,0.9981344938278198
4351,3014,lime,0.7375194928608835,0.08170677907764912,0.9992541670799255
4352,2874,lime,0.6375555196090749,0.0925970501021335,0.9986442923545837
4353,5146,lime,0.6553728398478901,0.5559319537132978,0.8436117768287659
4354,2221,lime,0.7197199124842882,0.3798836708068848,0.9822390079498291
4355,6958,lime,0.6161426740388075,0.0817280188202858,0.9993009567260742
4356,2997,lime,0.7520687141821587,0.17393784863608225,0.961304247379303
4357,6729,lime,0.45387693267315626,0.1495596933364868,0.96462082862854
4358,9159,lime,0.8816211410962483,0.10256786469150991,0.995731770992279
4359,6175,lime,0.757465413392142,0.20915251087259362,0.9681376814842224
4360,568,lime,0.4883436740472399,0.1390487078962655,0.9270312786102295
4361,5284,lime,0.7902782356669736,0.17516883722571439,0.976405680179596
4362,1107,lime,0.7252330387543354,0.18042836018971034,0.7932037711143494
4363,135,lime,0.669984462633729,0.25775006651878357,0.9368587732315063
4364,7828,lime,-0.08525862597993442,-0.28011639416217804,0.3658970296382904
4365,8709,lime,-0.5523255924310755,-0.12446639248553444,0.02544507198035717
4366,7998,lime,0.5055769963126461,0.13269591331481934,0.7665109038352966
4367,1087,lime,0.6770710603279226,0.07045605340424706,0.8537840843200684
4368,8291,lime,0.7049522942498975,0.35314124887404236,0.9410193562507629
4369,2301,lime,0.3656130063533783,0.17682491540908812,0.9671322107315063
4370,4339,lime,0.6739683261673365,0.21500595792063645,0.8522483706474304
4371,6851,lime,0.5687970260365142,0.0543916126092275,0.6938560009002686
4372,3047,lime,-0.39832241721451284,-0.31501696929335593,0.10545691847801208
4373,4130,lime,0.782279545130829,0.13883850226799646,0.9443525075912476
4374,4521,lime,-0.08553628985666567,-0.049318300663597055,0.09096166491508484
4375,7538,lime,0.15693218757708868,0.12836192175745964,0.3638705015182495
4376,5473,lime,0.28584441708193886,0.22224313682980007,0.8120206594467163
4377,388,lime,0.457048226343958,0.16777507882369191,0.8015188574790955
4378,4217,lime,0.04505558870732784,0.19599058013409376,0.5779595971107483
4379,2122,lime,0.3120169727286945,0.11612102761864662,0.9977005124092102
4380,1310,lime,0.47289838848842514,0.17230612536271414,0.9692909121513367
4381,647,lime,0.7541036951588467,0.20029875859618188,0.9488439559936523
4382,6510,lime,0.828594255506208,0.16635478797711825,0.9833945035934448
4383,8040,lime,0.5109039694070816,0.06474872926870982,0.9975296854972839
4384,1183,lime,-0.183251374711593,-0.10297882991532485,0.44328320026397705
4385,2859,lime,-0.2636793493651427,-0.0011335033206985546,0.0708840936422348
4386,7769,lime,0.7425738654306365,0.3323994096782472,0.9863786697387695
4387,8403,lime,0.5682191962704939,0.08681601987165563,0.9990056157112122
4388,7110,lime,-0.3003541054614984,-0.3565945647218648,0.06591426581144333
4389,5798,lime,0.6913918706413824,0.16915863659232855,0.9707988500595093
4390,3128,lime,0.26731470840818744,0.1866905119489221,0.6084095239639282
4391,7197,lime,-0.17851718687094176,-0.22355445803931126,0.019350392743945122
4392,3148,lime,0.7023612853884696,0.09110867738723755,0.9991171956062317
4393,510,lime,0.7138623051509699,0.2706167768029606,0.9090822339057922
4394,3059,lime,0.5105491748286618,0.11576953364743127,0.9989257454872131
4395,7940,lime,0.7136184770070637,0.4696997910737991,0.9725682139396667
4396,4049,lime,0.669746206421405,0.2484773024916649,0.8885692954063416
4397,5875,lime,0.35290032625198364,0.13254426225371982,0.9928449988365173
4398,3859,lime,0.6692634408672651,0.35021356691916783,0.7833877801895142
4399,6849,lime,0.3913253005594015,0.13856721371412278,0.8347878456115723
4400,8149,lime,0.4688454172932185,0.03176745199240171,0.9014089107513428
4401,6260,lime,0.8575261764066375,0.17146476584932077,0.9929719567298889
4402,3312,lime,0.3935657208295245,0.05347690378364764,0.5335983037948608
4403,7866,lime,0.5042759346990631,0.03868086636066437,0.6442232131958008
4404,4201,lime,0.8253179340688295,0.2920133315546568,0.9830516576766968
4405,7652,lime,0.6161230773749676,0.24401143531907687,0.9819926023483276
4406,4273,lime,0.723069911201795,0.07178121985811176,0.9991675615310669
4407,3181,lime,0.6490972328644532,0.07324220010867485,0.9992551207542419
4408,3817,lime,0.5481694929110699,0.08431650659976861,0.9986269474029541
4409,1880,lime,-0.6424057494021125,-0.244154860989915,0.022221459075808525
4410,5350,lime,0.5370820671238977,0.07813012988671013,0.9632857441902161
4411,3615,lime,0.5847791937758794,0.11683667511553378,0.7157031893730164
4412,4058,lime,0.6100233048200607,0.16714400798082352,0.9907994866371155
4413,6915,lime,-0.02496785753303104,0.16731918168564638,0.5923469066619873
4414,321,lime,0.7301188560409678,0.12234756184948815,0.9952256679534912
4415,4722,lime,0.545097538653542,0.1603281392770655,0.9503648281097412
4416,6422,lime,0.4858551070741985,0.09787123877069225,0.997572124004364
4417,3295,lime,0.48052639306029854,0.28174564943594094,0.8687331676483154
4418,6421,lime,0.6833913019474815,0.08097206845003016,0.998999297618866
4419,9330,lime,0.5128490646680196,0.22205732266108194,0.954147458076477
4420,8138,lime,0.7218479545554146,0.12661265395581722,0.9920458793640137
4421,3205,lime,0.6484123157182088,0.3332223854959011,0.9521381258964539
4422,2522,lime,0.6425770112446376,0.09935843774250576,0.9922160506248474
4423,6998,lime,0.8178170704666305,0.11920311696389142,0.9886783957481384
4424,5556,lime,-0.19456487113521212,-0.08203598271523203,0.06423544883728027
4425,5938,lime,0.8081837090849876,0.21913245260715486,0.9907616972923279
4426,500,lime,0.45516056650214726,0.023137973414527044,0.6530604958534241
4427,3000,lime,0.5993660123724687,0.07058927416801453,0.9990554451942444
4428,3555,lime,0.5452043659546796,0.06348450920161079,0.9978803396224976
4429,8612,lime,0.31006179191172123,0.03546084091067314,0.828925609588623
4430,9249,lime,0.6639231223923464,0.0849453588326772,0.9946476817131042
4431,3032,lime,0.5660967316478491,-0.04933006763458252,0.7743358016014099
4432,9705,lime,0.6041211841834916,0.06373532447550032,0.9940424561500549
4433,330,lime,0.4798491396009922,0.06561746224761009,0.600763201713562
4434,3078,lime,0.39479124787099223,0.1739792543299058,0.5354819893836975
4435,2018,lime,0.4840407744826128,0.32679705942670506,0.9089534878730774
4436,3274,lime,0.779700655862689,0.11942152082920074,0.995722770690918
4437,3233,lime,0.9094248557729381,0.06837394265901475,0.9940409064292908
4438,3387,lime,0.4097127541899681,0.15041759610176086,0.9725990891456604
4439,144,lime,0.7315481414121611,0.3668786789532061,0.9869341850280762
4440,9742,lime,0.7022104017022583,0.2532965424988005,0.818504273891449
4441,367,lime,0.8541020196862519,0.06059923768043518,0.998177170753479
4442,8679,lime,0.5588776006932474,0.1621279012825754,0.976711094379425
4443,4304,lime,-0.24162452969522702,-0.06168160999992064,0.018913188949227333
4444,7178,lime,0.7516650964300005,0.2844053925229953,0.8497866988182068
4445,333,lime,0.6745334612610547,0.1354944796665855,0.8701139092445374
4446,518,lime,0.723070598852176,0.15036614468464485,0.9952192902565002
4447,7040,lime,-0.3844433563644998,-0.08434148831292987,0.14968620240688324
4448,4229,lime,0.5264574330300092,0.17267705351114274,0.9969261288642883
4449,3833,lime,0.4888854846125469,0.12803882956504822,0.7476546764373779
4450,6058,lime,0.4598927791504299,0.14050942484070272,0.6018276214599609
4451,576,lime,0.3531004549825893,0.07006244624362272,0.9637328386306763
4452,4215,lime,0.08651139567557134,0.0008902294855368765,0.260951429605484
4453,2758,lime,0.47418847317114854,0.14229012834720123,0.8286831378936768
4454,4756,lime,0.8087286230014719,0.23280663464380347,0.9935852885246277
4455,9000,lime,-0.09942137524485588,0.00803292877972126,0.12003961205482483
4456,3813,lime,0.6948932855792175,0.14948578856208108,0.9870816469192505
4457,3045,lime,0.7357426812251409,0.12174664735794068,0.9988301396369934
4458,4047,lime,0.6943290989313807,0.24819538919698625,0.8596615195274353
4459,9094,lime,0.6833356032148004,0.07886282540857792,0.9986509680747986
4460,8181,lime,0.4132837477140129,0.16375344395637512,0.9784512519836426
4461,6309,lime,0.4127222266332764,0.04379547318374669,0.6036069393157959
4462,1479,lime,0.8450389799462366,0.24139830470085144,0.9603115916252136
4463,543,lime,0.8138207128143002,0.07986444748681167,0.9940100908279419
4464,1618,lime,-0.0837850870937109,-0.13794050574302674,0.14190685749053955
4465,9032,lime,0.6302135523521539,0.10679404392386928,0.9992054104804993
4466,7746,lime,0.3320187717676163,0.2815086364746094,0.9548157453536987
4467,6039,lime,0.5230106884952296,0.15962289138273758,0.9764971733093262
4468,7919,lime,0.8100899967618964,0.24314233525232834,0.9028574228286743
4469,7624,lime,0.6202901694613199,0.14380135933558147,0.9990122318267822
4470,9495,lime,0.7483639765996486,0.1969890408217907,0.834303081035614
4471,8657,lime,0.6312092560387793,0.09135263448669798,0.9993705153465271
4472,7160,lime,0.4771505133027122,0.10137828900700524,0.9981908202171326
4473,2358,lime,0.49314839536180866,0.1419848524607145,0.9835274815559387
4474,8250,lime,0.6117632907369862,0.06193101276522097,0.998700737953186
4475,1655,lime,0.6754095977172255,0.08593734055757522,0.9992042183876038
4476,6911,lime,0.3002232275903225,0.1582538690418005,0.98585444688797
4477,1746,lime,0.7062275325879455,0.08662067055702209,0.8453182578086853
4478,5794,lime,0.1141274316656974,0.04448493257645638,0.5763975381851196
4479,14,lime,0.33407819980666753,0.15372380046617418,0.9254668951034546
4480,1877,lime,0.4046016621589661,0.12199323773384094,0.9283985495567322
4481,7888,lime,0.35440739066827864,0.5299873498844958,0.6209816932678223
4482,8520,lime,0.6382765746836004,0.15419370449822525,0.9945182204246521
4483,6883,lime,0.7843246364832989,0.05434170365333557,0.9991248250007629
4484,3761,lime,0.7393466191820036,0.14372373123963675,0.8248681426048279
4485,0,lime,-0.034067096671572435,-0.018214133464627795,0.0986374020576477
4486,6831,lime,0.7546524141949636,0.13934088194811786,0.9891304969787598
4487,7722,lime,0.7821553644513891,0.09101653675879201,0.9989509582519531
4488,9630,lime,0.5105229660868644,0.1411558657884598,0.9376663565635681
4489,7672,lime,0.6283714973500797,0.21884469475064958,0.9001717567443848
4490,6568,lime,-0.24594225042632648,-0.08006194634695671,0.007909066043794155
4491,655,lime,0.47798166998351616,0.20345066984494528,0.8710845708847046
4492,9349,lime,0.48164745834138656,0.19964171449343363,0.9814972877502441
4493,4241,lime,0.44424269978816694,0.318914158986165,0.7871843576431274
4494,3023,lime,0.5808284421402373,0.3798594874771018,0.919459342956543
4495,1851,lime,0.6611423598308312,0.07681966298504879,0.8787786960601807
4496,349,lime,0.6740603678185364,0.16077595538106457,0.9561300277709961
4497,6340,lime,0.6624946999363601,0.4539466775022447,0.9189292192459106
4498,1156,lime,0.7169550797518562,0.08942744661779965,0.9633340835571289
4499,3017,lime,0.14249177517901573,0.16240064815751143,0.3839060366153717
4500,457,lime,0.7837883052618607,0.34843910890428914,0.962230920791626
4501,2867,lime,0.6885608041405,0.20491436564109541,0.8307356834411621
4502,5033,lime,0.6318361653158298,0.4481179121022041,0.7622251510620117
4503,4622,lime,0.5443904484905626,0.10975566376810489,0.968241810798645
4504,6329,lime,0.3055450588464737,0.4919120652601123,0.9385843276977539
4505,7081,lime,0.39877397504945594,0.15415997554858527,0.9942031502723694
4506,6786,lime,0.5206269964575767,0.1533870538075765,0.9111940264701843
4507,8458,lime,0.5360287621617317,0.22499103993177413,0.8931017518043518
4508,5206,lime,0.8668979530836024,0.3973066359758377,0.9789188504219055
4509,6053,lime,0.00849021457392594,0.31794317464890154,0.49445515871047974
4510,131,lime,0.3434149995446205,0.10466036862797207,0.6107523441314697
4511,3692,lime,0.4871098356587546,0.14359078236988612,0.9715312719345093
4512,6192,lime,-0.004238412487141501,-0.02136270171747758,0.07993277907371521
4513,9523,lime,0.7257722255137817,0.13781811842104283,0.9081476330757141
4514,4587,lime,0.7361336587755768,0.0586570953881299,0.998994767665863
4515,9818,lime,0.60569623134592,0.06938847022898056,0.9988577365875244
4516,3235,lime,0.7798349077347666,0.11964677398403485,0.9929218888282776
4517,8641,lime,0.584688020903351,0.18366879650524684,0.9664108753204346
4518,4879,lime,0.4353117857660566,0.2609559311753228,0.9776156544685364
4519,6854,lime,0.546844236765589,0.38802620151213235,0.9529315829277039
4520,8572,lime,0.720771661028266,0.13404590263962746,0.9932454228401184
4521,3639,lime,0.6923822749938283,0.07154777646064758,0.9987615346908569
4522,7358,lime,0.5044530501653408,0.11065740215367284,0.7783646583557129
4523,8826,lime,0.07694307249039412,0.24624049081467092,0.4840882122516632
4524,2303,lime,0.43710156409971174,0.08127143113843856,0.9956327080726624
4525,7315,lime,0.20900639377791305,0.04023820521502659,0.6106830835342407
4526,5308,lime,0.3253891786391085,0.22526601092381912,0.9126634001731873
4527,6808,lime,0.4059937757536255,0.30596668658585385,0.8489876985549927
4528,9395,lime,0.3060996328982023,0.10881288808125716,0.7789750099182129
4529,265,lime,0.41205223487771075,0.19410775277925574,0.8708841800689697
4530,4763,lime,0.6114974954915751,0.4319628443982866,0.9855599403381348
4531,9111,lime,0.6468732245266438,0.16992047925790152,0.9691193699836731
4532,6789,lime,0.6197757869958878,0.057310448959469795,0.9992507100105286
4533,4597,lime,0.7762734993760075,0.16869450147662843,0.9785223603248596
4534,2531,lime,0.4664004147052765,0.09733181580519065,0.9853041768074036
4535,4862,lime,0.6080476780506697,0.2083285893454696,0.8738942742347717
4536,7669,lime,0.6370861977338791,0.062130634721956755,0.97765052318573
4537,316,lime,0.6200562209675187,0.20062734265076487,0.9799106121063232
4538,1897,lime,0.7011713927611709,0.3247138813138008,0.9737160801887512
4539,8860,lime,0.3319036703556776,0.13713478967547416,0.9691268801689148
4540,6407,lime,0.3952173681722747,0.20313225189844766,0.9932839870452881
4541,8231,lime,0.8296863854150561,0.3324482633787043,0.9410664439201355
4542,8521,lime,0.42782438844442366,0.11745624095201493,0.9947197437286377
4543,6112,lime,-0.11848999849624103,0.03202884644269943,0.4355413317680359
4544,8128,lime,0.4838065505027771,0.1497044675052166,0.9890751838684082
4545,2039,lime,0.7930010405058662,0.22830148455169466,0.9600508809089661
4546,103,lime,0.6643306348854915,0.3661663891413273,0.9631112217903137
4547,3297,lime,0.613416837528348,0.20913119241595268,0.9856247901916504
4548,794,lime,0.6663886380195617,0.17982106208801268,0.9443362951278687
4549,5967,lime,0.3378918806419653,0.5913069295313429,0.8289457559585571
4550,5332,lime,0.6933008116834304,0.13629418962142048,0.8382739424705505
4551,8586,lime,0.8814953670493866,0.290592076747041,0.9921369552612305
4552,1658,lime,0.4421558685245968,0.18984157130831764,0.9818339943885803
4553,3933,lime,0.35321626103850023,0.051370642853505684,0.5291715264320374
4554,6968,lime,0.09727020561695099,0.35222374006277984,0.6199992895126343
4555,9469,lime,0.5625024797475856,0.0474927878898123,0.9769855737686157
4556,7854,lime,0.43337563673655194,0.06841488844818538,0.999139666557312
4557,3210,lime,0.8250006713593999,0.1638567919532458,0.9756098985671997
4558,7012,lime,0.12486976540337007,0.028801513835787773,0.264143705368042
4559,9808,lime,0.11067619681358337,0.13404371738433837,0.7872603535652161
4560,2973,lime,0.5743821490752069,0.12142951551236604,0.9840971231460571
4561,932,lime,0.5588941848278046,0.14014683842658995,0.9866427183151245
4562,6163,lime,-0.06992567301188644,-0.0851793151937033,0.026402827352285385
4563,6432,lime,-0.4957605057954788,-0.32799129873514177,0.031631968915462494
4564,3497,lime,0.46355184381827713,0.48279174566268923,0.7145542502403259
4565,3202,lime,0.5537541999536402,0.27662912098800435,0.9831774830818176
4566,2611,lime,0.3426403721173604,0.08457380334536234,0.7181421518325806
4567,9631,lime,0.5469284546375275,0.09612234473228455,0.9975438714027405
4568,567,lime,0.7824144532968258,0.060973243466739,0.9992727637290955
4569,764,lime,0.6892805361386501,0.1280466363285527,0.9581872224807739
4570,4366,lime,0.5274339921384429,0.08465381860733032,0.8819878697395325
4571,8367,lime,0.5967615229241988,0.08382750083418454,0.996088981628418
4572,7360,lime,0.494445588439703,0.11993558456500371,0.950849175453186
4573,1441,lime,0.303221483632703,0.3254983499646187,0.5225072503089905
4574,921,lime,0.6322641227808263,0.14119374172555077,0.721268892288208
4575,8222,lime,0.5630530754902533,0.0931994052869933,0.7036123275756836
4576,1794,lime,0.5264365231352193,0.12082196027040482,0.984599232673645
4577,3838,lime,0.2845289420608121,-0.15236572672923407,0.5447940230369568
4578,3122,lime,0.05531330108642578,-0.05780248790979385,0.3252335488796234
4579,6127,lime,0.5017893933332883,0.3739099995448039,0.9894648790359497
4580,6319,lime,0.7081643181852997,0.1710437998175621,0.9655657410621643
4581,2388,lime,0.621774350758642,0.09570310451090336,0.9973189234733582
4582,4466,lime,0.4988236339843791,0.20266210125840228,0.7624629735946655
4583,4505,lime,0.07330503523349761,-0.2123053228855133,0.30798232555389404
4584,1606,lime,-0.4046004678568114,-0.10212299090040766,0.026440080255270004
4585,2147,lime,0.8476340584456921,0.1636319767970305,0.9894049167633057
4586,36,lime,0.10953823067247867,-0.15108467005193232,0.2623435854911804
4587,9147,lime,0.5495067657459349,0.05644845536776951,0.9971705079078674
4588,761,lime,0.5474803791097973,0.27801897733107855,0.9777165055274963
4589,5268,lime,0.6066820895066485,0.12183075211942196,0.9004117846488953
4590,3038,lime,0.6873426521695885,0.2764663366334779,0.9652833938598633
4591,5503,lime,-0.2357501101035338,-0.3542316017242578,0.32839009165763855
4592,5228,lime,0.6726548322315874,0.4988803496134692,0.9517662525177002
4593,1623,lime,0.843539803572323,0.11133882792099663,0.9970663189888
4594,577,lime,0.695727761643117,0.0675080278340508,0.9916029572486877
4595,6426,lime,0.6565566308282572,0.5416446621048039,0.9478297829627991
4596,8087,lime,0.4023531989721385,0.17371151008104024,0.9382505416870117
4597,8536,lime,0.855894710123539,0.29715860560536383,0.9801725745201111
4598,9564,lime,0.3702079979961531,0.06820092846949895,0.6779492497444153
4599,2232,lime,0.31496191982712063,0.01276826707734948,0.4855306148529053
4600,2319,lime,0.5623952936381101,0.10456114709377289,0.9985079169273376
4601,5707,lime,0.878082792492623,0.16109344426621783,0.9824575781822205
4602,9690,lime,0.6959070889279246,0.23569169640541077,0.9526093006134033
4603,5306,lime,0.8011360420404297,0.2610653811379483,0.917029082775116
4604,7938,lime,0.44911197582749945,0.20004662087089137,0.7688800096511841
4605,2167,lime,0.7869335873560472,0.26320168375968933,0.9630782604217529
4606,637,lime,0.7891715232903759,0.20114718278249105,0.9274817705154419
4607,8668,lime,0.6641610682569444,0.23520065903663634,0.9877392649650574
4608,5594,lime,0.043262161780148745,-0.17714469134807587,0.5761840343475342
4609,6555,lime,0.602594643831253,0.08391321533256108,0.9992969036102295
4610,8098,lime,0.09349237903952598,0.06131420657038689,0.24117931723594666
4611,47,lime,-0.27257656700470867,-0.08125230494667501,0.20352104306221008
4612,5505,lime,0.20153556480294182,0.20117151950086867,0.98012375831604
4613,9196,lime,0.48516337974713397,0.012714862823486328,0.6094520092010498
4614,8416,lime,0.46008426674895664,0.10451934960755435,0.9042535424232483
4615,4509,lime,0.7332689790986479,0.17015200704336167,0.9717438817024231
4616,2638,lime,0.6051332220873412,0.2025655518450281,0.7614095211029053
4617,8708,lime,-0.08372326269745826,0.06181538701057434,0.30860814452171326
4618,8476,lime,0.733110919256102,0.07311063733967868,0.9976323843002319
4619,3080,lime,0.7115492209792137,0.09696931838989258,0.9966145157814026
4620,2870,lime,0.44259553839219734,0.2757385168224573,0.9444919228553772
4621,2213,lime,0.4905694466741646,0.10815769609282999,0.9873278737068176
4622,6043,lime,0.6032661281526088,0.21487693339586258,0.9749992489814758
4623,3798,lime,0.6158678218101462,0.1433389112353325,0.8376720547676086
4624,7972,lime,-0.4853048240765929,-0.0021928396163275465,0.04180767759680748
4625,5739,lime,0.6612214788794517,0.06392025500535965,0.9992349147796631
4626,4822,lime,0.5444325673229554,0.14055571661275976,0.9987514019012451
4627,9067,lime,0.6669576813292224,0.26938346587121487,0.9764629006385803
4628,5799,lime,0.44477455007533234,0.07670453935861588,0.9974138736724854
4629,7482,lime,0.5970517218112945,0.2838338096936544,0.9863818883895874
4630,2114,lime,-0.04356418550014496,0.05868820488452911,0.3841591775417328
4631,1112,lime,0.40141632182834047,0.42373326420783997,0.9246504306793213
4632,8178,lime,0.5973222952174104,0.055505111165668655,0.9987326264381409
4633,3717,lime,0.6966225627358212,0.10989116087104335,0.9978812336921692
4634,713,lime,0.5328098125755787,0.2380781971982547,0.6787249445915222
4635,872,lime,-0.7067471535152031,-0.336522588506341,0.006751407403498888
4636,1149,lime,0.3317723472913106,0.09644134044647217,0.9992714524269104
4637,9299,lime,0.4817640466243029,0.22154513001441956,0.9897764921188354
4638,5663,lime,0.6756482068116644,0.4050665327480861,0.8241956233978271
4639,8167,lime,0.8202506759691806,0.11406681509245009,0.9927402138710022
4640,3315,lime,0.4708989509381354,0.09030098561197519,0.9959801435470581
4641,4588,lime,0.04507114834807537,-0.14470084729018035,0.24657361209392548
4642,5098,lime,0.3927227407693863,0.0972433179616928,0.8380978107452393
4643,6077,lime,0.3329140946269035,0.13617847710847855,0.9428192377090454
4644,7966,lime,0.6303219772089506,0.19699867069721222,0.9727963805198669
4645,1020,lime,0.6484572185436264,0.337042648345232,0.9453994631767273
4646,4102,lime,0.8295732039701322,0.43589915232411747,0.920638918876648
4647,5368,lime,0.5199919835879252,0.15364709324561632,0.7161983847618103
4648,6543,lime,0.7061575967176207,0.07203978813927749,0.9991393089294434
4649,958,lime,0.41465542912483216,0.08329011797904969,0.9986810088157654
4650,3846,lime,0.4483885073827373,0.14442279686530432,0.7620038986206055
4651,2748,lime,0.2743883483550128,0.13434352944878972,0.9026685357093811
4652,4710,lime,-0.30405174252311035,-0.0657027082384697,0.01703186146914959
4653,8279,lime,0.5911487582450111,0.3264253323276838,0.9681678414344788
4654,586,lime,0.004979001151190864,0.10337362355656093,0.5279684662818909
4655,1817,lime,0.705744910186955,0.13990572201354162,0.9860901832580566
4656,782,lime,0.632835793412394,0.12200454043017493,0.9673630595207214
4657,8241,lime,0.06071070559097059,0.08101549789761052,0.5858674049377441
4658,335,lime,0.651453616178554,0.1692486275797305,0.9956756234169006
4659,3755,lime,0.7479505335742777,0.0705453252250498,0.9958266615867615
4660,2191,lime,0.7905667533769327,0.0637463085791644,0.9968668818473816
4661,9214,lime,-0.17646563177307448,-0.13698065529266992,0.0821123942732811
4662,5205,lime,0.579629076228134,0.23578181156986638,0.9564659595489502
4663,6073,lime,0.5251039836023536,0.6457950166825738,0.909386157989502
4664,23,lime,0.00555600064313587,0.0011660276145181235,0.10498066991567612
4665,4923,lime,0.5769685668980374,0.31744038883377523,0.9979714751243591
4666,4556,lime,0.8108490005963378,0.323608656724294,0.994708776473999
4667,2012,lime,0.5904747350857809,0.15256618651059958,0.9872057437896729
4668,381,lime,0.25140939354896547,0.43257386883099874,0.7154651880264282
4669,3127,lime,0.12266025232383981,-0.1487542912364006,0.4122379422187805
4670,6398,lime,0.6639334227551114,0.2686107090928338,0.8674048185348511
4671,1981,lime,0.6668450449194226,0.31973351325307575,0.9807500243186951
4672,3095,lime,0.8636750700500082,0.7351494058966637,0.9803153872489929
4673,6758,lime,0.5192910090554506,0.23527648579329252,0.8814901113510132
4674,2025,lime,0.7266272603223721,0.11946603457132975,0.9958272576332092
4675,9398,lime,0.3455439858576831,0.1330862308249754,0.991011381149292
4676,5100,lime,0.5444467421621084,0.249002855271101,0.9824408888816833
4677,3526,lime,0.36794432832135093,0.21894354621569315,0.9539617300033569
4678,7532,lime,0.5722813251472655,0.07559252778689067,0.9970130920410156
4679,3007,lime,0.2790684394281486,0.07403216382552838,0.45401743054389954
4680,1084,lime,0.06815967144554153,0.06741825210423592,0.1513485461473465
4681,9837,lime,0.46620171793081144,0.15332739938188483,0.596534788608551
4682,9258,lime,0.7376870512962341,0.19669626440320695,0.9841108322143555
4683,4503,lime,0.6874218173325062,0.10296550951898098,0.9987071752548218
4684,1575,lime,0.9015345474472269,0.4918643645942211,0.9715851545333862
4685,3091,lime,0.627520726621151,0.25576217969258624,0.7357624173164368
4686,2484,lime,0.5471086285077036,0.1864371508359909,0.8485127091407776
4687,4489,lime,0.5741172322914714,0.052622691506431216,0.9980345368385315
4688,5070,lime,0.7752759876020718,0.25611460767686367,0.9909849166870117
4689,5669,lime,-0.28462393085161847,-0.0015919997736259742,0.21017926931381226
4690,2138,lime,0.6664088906963235,0.17565720366395038,0.9894649982452393
4691,6580,lime,0.33611929629530224,0.19650181702205113,0.9711307287216187
4692,2516,lime,-0.3970115497708321,-0.023482113890349866,0.11042720824480057
4693,9154,lime,-0.216856240183115,0.0848020502179861,0.274978905916214
4694,5456,lime,0.393841069369089,0.05258364762578692,0.9836918115615845
4695,3433,lime,0.5315555100347481,0.07672545489142923,0.9903010129928589
4696,3989,lime,0.39161064558558994,0.125078151623408,0.8037751913070679
4697,7422,lime,0.6389209317124408,0.1189916017262832,0.9796881079673767
4698,5009,lime,0.5825463862254702,0.08097006534707957,0.9990262985229492
4699,1458,lime,0.7490165911614894,0.060987469553947446,0.9993515610694885
4700,952,lime,0.372677816586061,0.11805769530209628,0.8431436419487
4701,9718,lime,0.8530979760383305,0.23532903508136147,0.9942337870597839
4702,960,lime,0.7836289452879053,0.43129132295909683,0.9644613265991211
4703,7273,lime,0.36673188768327236,0.16558351181447506,0.9376223683357239
4704,765,lime,0.6139149437658489,0.10082477331161499,0.9362645149230957
4705,8316,lime,-0.035636657441500574,-0.01263164565898478,0.19361093640327454
4706,3400,lime,0.7935442108880832,0.14856902758280435,0.9845474362373352
4707,2316,lime,-0.37908462519672786,-0.07827601717277007,0.018750006332993507
4708,9465,lime,0.913942510522902,0.24136150598526002,0.996713399887085
4709,9346,lime,0.433859897511346,0.11858559719153813,0.8224518895149231
4710,7835,lime,0.7915455106645822,0.1773047477006912,0.9734372496604919
4711,4032,lime,0.7519751459360122,0.27639283140500387,0.8466341495513916
4712,2029,lime,0.7212739649805284,0.13848971185230075,0.9097992181777954
4713,4718,lime,0.697375962510705,0.08872486278414726,0.9970710277557373
4714,286,lime,-0.0732653092762286,-0.11694683947346428,0.0738685205578804
4715,908,lime,0.7375860300791615,0.2534613723264021,0.9955659508705139
4716,1482,lime,-0.12460487048056992,-0.33884687383066525,0.08761922270059586
4717,9660,lime,0.6044124197214842,0.08196208874384563,0.8790326118469238
4718,4712,lime,0.7226266229436511,0.6082119129243351,0.9654451608657837
4719,2133,lime,0.5064167760312557,0.1754451036453247,0.9697254300117493
4720,9608,lime,0.5105402290821075,0.2679656227429708,0.637782096862793
4721,9774,lime,-0.10401893267408013,-0.08666599779389798,0.01769173890352249
4722,9211,lime,0.47459877530733746,0.15557486613591512,0.9672306776046753
4723,563,lime,-0.33179339248201123,-0.10743250179549922,0.138298898935318
4724,291,lime,0.6424567042184728,0.23173135731901442,0.815509557723999
4725,1713,lime,0.48997351299557423,0.18572791583008236,0.9630559086799622
4726,4012,lime,0.6378867143232908,0.099652285022395,0.9413648843765259
4727,8922,lime,0.5312761785462499,0.3023627884685993,0.9472754597663879
4728,169,lime,0.493529316257028,0.109957977252848,0.9820221662521362
4729,267,lime,0.684642996977676,0.16607359503254746,0.994928240776062
4730,9144,lime,0.7334825485944748,0.26683175563812256,0.9856160879135132
4731,3172,lime,0.8971900549562027,0.2542237186183532,0.988938570022583
4732,2286,lime,0.8454123357818886,0.27989876202561637,0.9943828582763672
4733,315,lime,0.6546812163931983,0.07187426515987941,0.9978176355361938
4734,8046,lime,0.7032230142503977,0.20645772914091745,0.973440408706665
4735,8822,lime,0.544695145027204,0.12546020610765976,0.9864823818206787
4736,245,lime,0.6630573260287443,0.07941158364216487,0.9705380797386169
4737,5186,lime,0.8607447426766157,0.25562709011137486,0.9728085398674011
4738,5421,lime,-0.1674981658105497,0.14704937791382824,0.49813905358314514
4739,6065,lime,0.7691155498766381,0.10675409436225891,0.9990763664245605
4740,50,lime,0.559748307296208,0.1019809467451913,0.9972941279411316
4741,3021,lime,0.7476832822120438,0.06982048153877259,0.9982195496559143
4742,7028,lime,0.825895386437575,0.20619405530117177,0.965724766254425
4743,1372,lime,0.7195234221236949,0.39935580641031265,0.8506693840026855
4744,4176,lime,0.5666074551641941,0.0764608308672905,0.9990923404693604
4745,2470,lime,0.6472446395117524,0.4580943158694676,0.9309874176979065
4746,8000,lime,0.449338236451149,0.04412748316923777,0.5475607514381409
4747,6156,lime,0.5095746871083975,0.23063773103058338,0.982367753982544
4748,1498,lime,0.765814982354641,0.14258037673102486,0.990665853023529
4749,5868,lime,0.39393745942248237,0.17608501265446344,0.9312623143196106
4750,1963,lime,0.7313763620797544,0.5519667224027216,0.8469609022140503
4751,248,lime,0.6779910285025835,0.08203164935111999,0.9986500144004822
4752,4771,lime,0.869987712513345,0.2865803532657169,0.9852730631828308
4753,1277,lime,0.1382891075576053,-0.08645883465514463,0.27102163434028625
4754,4905,lime,0.531655463936,0.15740520584172216,0.6508350968360901
4755,8025,lime,0.6685166617057153,0.0816207386198498,0.9985993504524231
4756,2110,lime,-0.12811154996355376,-0.24760378866146007,0.07043793052434921
4757,9776,lime,0.6424923738644969,0.19398442487562856,0.8635206818580627
4758,2945,lime,0.6499374912430843,0.5011020246893167,0.7980458736419678
4759,6249,lime,0.5346342490887955,0.10041030927708275,0.9974186420440674
4760,7023,lime,0.32465603024415346,0.41638725688276085,0.95558762550354
4761,795,lime,0.33420383332607645,0.04605823755264282,0.5690170526504517
4762,9717,lime,0.5872211211671432,0.2973640640576681,0.7203463315963745
4763,7908,lime,0.4497912148279803,0.08617411234549113,0.9495376944541931
4764,5371,lime,0.4520222834414906,0.10828582362996207,0.9123121500015259
4765,9655,lime,0.7098150353201411,0.056878642602400345,0.9989718198776245
4766,447,lime,0.6313987736558092,0.37874465718351563,0.9808345437049866
4767,2968,lime,0.5967941837091195,0.3007212924329858,0.8864446878433228
4768,2152,lime,0.5212036876574807,0.08076235781545224,0.999284565448761
4769,7838,lime,0.6950155700678411,0.09991362820500913,0.9899728298187256
4770,4852,lime,0.6537372833117843,0.07528559863567352,0.9991657733917236
4771,5157,lime,0.6660704240202904,0.5590464911527104,0.7988744378089905
4772,683,lime,0.3955774459429085,0.046266554594039916,0.5268323421478271
4773,8118,lime,0.5342578743310535,0.22433227826567256,0.9499585628509521
4774,6681,lime,0.8564851927260558,0.10558312137921651,0.9875630140304565
4775,5741,lime,-0.05483794150253137,-0.08585185930132866,0.33924996852874756
4776,1488,lime,-0.2842256517002457,-0.08289193361997604,0.08262816816568375
4777,3077,lime,-0.3191207757880611,-0.17855884086701176,0.20518173277378082
4778,3905,lime,0.566219984758191,0.3074704037933815,0.9559391736984253
4779,8594,lime,0.7586729024452242,0.17620524357665668,0.9868687987327576
4780,318,lime,0.2638355233976918,0.13718874512180204,0.9699850082397461
4781,856,lime,-0.43141651848951973,-0.20856688109536967,0.04885304719209671
4782,7743,lime,-0.36528357195443123,-0.1395842481789918,0.03411832079291344
4783,2770,lime,0.7318784072995186,0.4129040709563664,0.9804602265357971
4784,3566,lime,0.7852624361129368,0.15522546540288365,0.9877973198890686
4785,376,lime,0.3824981540175421,0.11830453122300762,0.5327397584915161
4786,410,lime,-0.04045083622137705,0.21652698434061474,0.6046259999275208
4787,2405,lime,0.8863992368802428,0.31328174471855164,0.9856457114219666
4788,3776,lime,0.6361621839304765,0.22132046024004617,0.9879159927368164
4789,3946,lime,0.6111575274003876,0.09565891491042243,0.9991087317466736
4790,1111,lime,0.7234664687088558,0.10132729368550437,0.9971776008605957
4791,7660,lime,0.441046978179843,0.24854757770513877,0.5468052625656128
4792,8001,lime,0.8113139402121305,0.06783132893698555,0.998878538608551
4793,2288,lime,0.5139235332608223,0.11798073244946343,0.9621639251708984
4794,2127,lime,0.5011060276757116,0.0401977741199991,0.9625570774078369
4795,5581,lime,0.6353401931432577,0.13478065912540144,0.9748525619506836
4796,8256,lime,0.3809405036557179,0.10985891979474288,0.4714375436306
4797,6751,lime,0.5641703342398008,0.15874640941619872,0.9884673953056335
4798,9399,lime,0.6607979068962427,0.4279532151726576,0.9919646978378296
4799,2233,lime,0.591612026191734,0.1228113801314913,0.988274335861206
4800,5550,lime,0.5342174815014005,0.21292246412485838,0.8808023929595947
4801,274,lime,0.8572083165725837,0.19044554692048293,0.993844747543335
4802,2344,lime,0.4385909518847863,0.2562971254189809,0.91654372215271
4803,1568,lime,0.43754404402621416,0.13173734753028207,0.7773013114929199
4804,3133,lime,0.8523420111812425,0.10557211619434935,0.9874024391174316
4805,6178,lime,0.7206569090485573,0.1192749791285571,0.9938210844993591
4806,7955,lime,0.3693227127660066,0.1515437273774296,0.6239811778068542
4807,7820,lime,0.28309626698493956,0.22218400955200196,0.9777663946151733
4808,9415,lime,0.6397217915013984,0.059272046442385075,0.9970239996910095
4809,2574,lime,0.6218248711755643,0.12375600177508134,0.7810603976249695
4810,965,lime,0.7393941508073892,0.09561635979584285,0.9737648367881775
4811,2291,lime,0.5779856988228858,0.10007913907368977,0.9576125144958496
4812,5375,lime,0.46416358680774766,0.3338211104273796,0.5831182599067688
4813,6670,lime,0.8139931053987571,0.1985419885743232,0.9569225311279297
4814,8955,lime,0.5368048811883286,0.2322765345926638,0.8580571413040161
4815,8059,lime,0.7047959514893591,0.21882165130227804,0.9817341566085815
4816,2755,lime,0.5881542435122861,0.24223493287960687,0.8748940825462341
4817,4474,lime,0.5813952816277742,0.011145386695861816,0.7025526762008667
4818,3910,lime,0.3849452197817819,0.05975350844008582,0.8572461605072021
4819,2002,lime,0.4352291796137305,0.13646817382644205,0.557475745677948
4820,4794,lime,0.8344153718596014,0.5663840478907028,0.958869218826294
4821,8644,lime,0.7446197117301258,0.23136500249037872,0.9397147297859192
4822,6394,lime,0.6438737036660314,0.12479026412422006,0.8152373433113098
4823,5339,lime,0.6257285845020543,0.18362655199092368,0.9555580615997314
4824,1730,lime,0.3983011203554441,0.17980863238280675,0.9871309399604797
4825,2360,lime,0.38413305512883444,0.24145273796536706,0.8205083012580872
4826,9379,lime,0.6977139051471438,0.07973880746534892,0.9982419013977051
4827,9058,lime,0.6527117416262627,0.12727177639802298,0.9928626418113708
4828,9028,lime,0.5982886122850081,0.0447912390033404,0.743569552898407
4829,7579,lime,0.621161899106069,0.10260580886494029,0.9975056052207947
4830,6428,lime,0.8659019032983404,0.18472960591316223,0.9844633340835571
4831,1068,lime,0.762593423849658,0.13042889300145602,0.9936570525169373
4832,5337,lime,0.29459183756262064,-0.046322829174724495,0.4448939561843872
4833,1071,lime,0.6267351390173038,0.08381703620155652,0.9988334774971008
4834,9456,lime,0.6542541881402334,0.11573899040619533,0.9985318183898926
4835,5020,lime,0.9102065276820213,0.21310827881097794,0.9806566834449768
4836,2115,lime,0.4795435923324139,0.03460977585227401,0.8506048321723938
4837,5910,lime,0.8570547499243291,0.10089589991877156,0.9961621761322021
4838,8448,lime,0.2551297155874116,0.2989184068781989,0.701435387134552
4839,3132,lime,-0.0924248047943773,-0.06141411436015162,0.4868643879890442
4840,7703,lime,-0.1634475117932786,-0.4853471701636034,0.223622128367424
4841,474,lime,0.8311108380110691,0.3009193222159925,0.994484007358551
4842,8441,lime,-0.15219970366784505,-0.2984628954104015,0.23817136883735657
4843,7584,lime,0.5105696134269238,0.1754258416200939,0.9492752552032471
4844,3085,lime,-0.20162040157162625,-0.279952434256025,0.23385700583457947
4845,8856,lime,0.18408671287553652,-0.07638208851927802,0.31132039427757263
4846,5936,lime,0.6206587839126587,0.07965043902397156,0.9920076131820679
4847,3397,lime,0.8527042488567531,0.31393273919820786,0.9834859371185303
4848,4309,lime,0.5914944096335343,0.27740527334667386,0.8724483847618103
4849,6169,lime,0.5423231007996947,0.2581507205963135,0.9829633235931396
4850,3693,lime,0.7231025189161301,0.2384028911590576,0.909570038318634
4851,1691,lime,0.6775708479039809,0.47400055518921685,0.8415865898132324
4852,4333,lime,0.5929637144391353,0.1706095945376616,0.9487396478652954
4853,9574,lime,0.36665535643696784,-0.18859720130761465,0.6648756861686707
4854,8619,lime,0.45276665900434765,0.14147204692874635,0.9243751168251038
4855,6832,lime,0.177117987789891,-0.001973782073367726,0.2816162705421448
4856,3795,lime,-0.07351809896920856,-0.09199937433004379,0.0901736244559288
4857,4649,lime,0.5771335906216076,0.2021604882819312,0.9974777102470398
4858,9226,lime,0.47348026889893746,0.242471252878507,0.9909680485725403
4859,7372,lime,0.464881451093945,0.11575602868507648,0.8311757445335388
4860,4929,lime,0.3314288287962738,0.18386169719068626,0.5342320203781128
4861,4233,lime,0.1785175065199534,-0.10141085286935171,0.3242146372795105
4862,1145,lime,0.5070244648626873,0.11524650880268641,0.9932345747947693
4863,3111,lime,-0.05119212853777058,-0.16610829882762013,0.2920514643192291
4864,8737,lime,0.27915098340738387,-0.17565825581550598,0.46964770555496216
4865,2592,lime,0.6563086217003209,0.14388335602624075,0.9651551246643066
4866,9142,lime,0.5679883039556444,0.09549727849662304,0.9984855055809021
4867,624,lime,-0.152911556645995,-0.061466469551669435,0.0037006644997745752
4868,9043,lime,0.35915501350782025,0.18849948205445943,0.6180819272994995
4869,3283,lime,0.4263667942335208,0.06486166185802883,0.7244116067886353
4870,6341,lime,0.6576180979609489,0.24076748887697855,0.9341745376586914
4871,7522,lime,0.5027063685028177,0.26051794855218185,0.8751927018165588
4872,9585,lime,0.8542014487832784,0.25778770506381987,0.9637162089347839
4873,7440,lime,0.7157433970043292,0.22672246855038863,0.9106724262237549
4874,668,lime,0.7704143694468907,0.20066620026315962,0.9771119952201843
4875,6750,lime,0.3334949463605881,0.045474448624779194,0.7939133048057556
4876,5165,lime,0.6688385221820611,0.12287427828862117,0.9004144072532654
4877,5279,lime,0.532817143908081,0.32573055830739794,0.6311140060424805
4878,582,lime,0.8076825562554101,0.2634667410618729,0.9404832124710083
4879,3945,lime,0.5790153178903792,0.16717354456583658,0.9854174256324768
4880,7688,lime,0.8353448730139506,0.2698360965365455,0.9589623212814331
4881,7614,lime,0.6719403422127167,0.22505930066108704,0.9821305871009827
4882,1208,lime,0.7621712708845735,0.17640941888093947,0.9626829028129578
4883,7944,lime,0.18241487644263543,0.3755211462266743,0.7860307097434998
4884,5030,lime,-0.05725540313869715,-0.42879308946430683,0.236908957362175
4885,76,lime,0.41011381438213657,0.16865418715910477,0.9433724284172058
4886,6693,lime,0.5662784488762126,0.18897141077939203,0.9601569175720215
4887,9478,lime,0.4913087382912636,0.1784258097410202,0.9977123737335205
4888,9464,lime,0.5933935487022003,0.12255371113618214,0.9984645843505859
4889,1175,lime,0.5025854254407542,0.09910944104194641,0.9976218342781067
4890,592,lime,0.450196502606074,0.13311952948570252,0.9835613369941711
4891,3774,lime,0.16612243516878647,-0.06151598827405409,0.6491615772247314
4892,5676,lime,0.8085437339530992,0.16811482395444596,0.9932020306587219
4893,7362,lime,-0.10559491813182831,-0.1897525154054165,0.021230775862932205
4894,1470,lime,0.25652221668511627,0.2818261170387268,0.9004700779914856
4895,705,lime,0.49594411849975584,0.11271338661511739,0.9899735450744629
4896,1688,lime,0.80592412924076,0.26724428738035805,0.9569684267044067
4897,4828,lime,-0.057527730646340744,-0.1875479869220568,0.11255019903182983
4898,5386,lime,0.7037716117920354,0.14251368306577206,0.9906601309776306
4899,4564,lime,0.6784372831645765,0.07092010504321049,0.977460503578186
4900,7450,lime,0.6735942341121179,0.10092897074563163,0.8191325068473816
4901,9324,lime,0.33851804667048985,0.03830416997273763,0.9094321131706238
4902,4747,lime,0.6203602689661478,0.07634371048525761,0.9961383938789368
4903,4303,lime,0.572554345873575,0.08269944787025452,0.9986164569854736
4904,6460,lime,0.15524286732954137,0.23104371557779171,0.7737427353858948
4905,6239,lime,0.676396568031872,0.52012668944457,0.9465147256851196
4906,7766,lime,0.5581758750809563,0.13081122438112894,0.9988646507263184
4907,6739,lime,0.7230755984783173,0.20715212686495346,0.9799646139144897
4908,8336,lime,0.4690868052587445,0.34419159271887373,0.9781419634819031
4909,3464,lime,0.720112531632185,0.35064990296959875,0.8936687707901001
4910,1509,lime,0.606042034626007,0.09449626803398133,0.9985836744308472
4911,4978,lime,0.47533359642951717,0.04022152289267509,0.9946236610412598
4912,6008,lime,0.18865591397991888,0.048256242716753925,0.9419310092926025
4913,5730,lime,0.6703533791005611,0.0695911134992327,0.9976480603218079
4914,8334,lime,0.7584174762790402,0.24096578111251196,0.9408236742019653
4915,4883,lime,0.456339162774384,0.3263152793049812,0.9746667742729187
4916,9740,lime,-0.012926641511372648,0.021301422268152237,0.27459877729415894
4917,3299,lime,0.6154622508523365,0.25717397779226303,0.8792740106582642
4918,594,lime,0.46449465822014546,0.4595938589837816,0.8034461736679077
4919,5521,lime,-0.35471514984965324,-0.35389111439387005,0.07526755332946777
4920,6867,lime,0.8046843760618658,0.315596187656576,0.9303038120269775
4921,7999,lime,0.8367109414456146,0.27404172789482845,0.9823766946792603
4922,7073,lime,0.4769255060840536,0.061910402995568735,0.995196521282196
4923,2876,lime,0.4895131801255047,0.22253965809941292,0.8164443969726562
4924,5595,lime,0.7030323709432895,0.19456643095383278,0.9568975567817688
4925,8508,lime,0.7795089885947251,0.09326841433842976,0.998704195022583
4926,9525,lime,0.46107246344153946,0.09993106207332096,0.9983298182487488
4927,4335,lime,0.6546873536963875,0.23597790759343368,0.7484444379806519
4928,4540,lime,0.4449156215069471,0.06277468083081422,0.662774384021759
4929,10,lime,0.1913926899433136,0.18781176099070795,0.676043689250946
4930,8757,lime,0.2914582635417129,0.176617089546088,0.8583734035491943
4931,1217,lime,0.24388277075356907,0.20940890825457043,0.4207135736942291
4932,1224,lime,0.5350736949754797,-0.030529698599939762,0.8717190027236938
4933,3206,lime,0.3793563926592469,0.3129504695534706,0.9135860204696655
4934,93,lime,0.3447678711913202,-0.05504090047400931,0.47734296321868896
4935,8057,lime,0.1469176722424371,-0.25439857840538027,0.34241586923599243
4936,2455,lime,0.6276362971826033,0.11545501784844832,0.9918931722640991
4937,1247,lime,-0.21328046787026766,0.009636926489907343,0.26139381527900696
4938,2251,lime,0.3999197772807545,0.16131738159391615,0.730139434337616
4939,6380,lime,-0.0032285026141575406,-0.31443663580077036,0.14159831404685974
4940,4708,lime,-0.31202622817765024,-0.16476085990795802,0.012500850483775139
4941,7864,lime,-0.311771335080266,-0.4224536633118987,0.1561078131198883
4942,3916,lime,0.7024603780523381,0.2792140368153067,0.9844939112663269
4943,3105,lime,0.718941851441438,0.08262056236465772,0.879534900188446
4944,292,lime,0.7532068558589176,0.04646306346963953,0.9789100289344788
4945,7616,lime,0.1931580418632144,0.18412510695911588,0.9918926954269409
4946,2083,lime,-0.2798094750115914,-0.2720639339515141,0.12507806718349457
4947,4381,lime,-0.48421303803722066,-0.5083816523353258,0.24327923357486725
4948,4291,lime,0.4019920267164707,0.1113937720656395,0.9728783965110779
4949,5404,lime,0.03443019106984138,0.12608748137950898,0.23106242716312408
4950,6637,lime,-0.3494791235088518,-0.04343589530694053,0.006541180424392223
4951,1090,lime,0.34674130467807546,0.20661844137836904,0.9117666482925415
4952,8570,lime,0.7199285319074988,0.314817002043128,0.9812398552894592
4953,6206,lime,0.6176769719817318,0.20871422840998724,0.7228499054908752
4954,6843,lime,0.8275824322957884,0.38302153755318036,0.9947540760040283
4955,1078,lime,0.6313819416305598,0.1056001975255854,0.9969197511672974
4956,1188,lime,0.02872941246256232,-0.11736337900161743,0.13437055051326752
4957,3984,lime,0.3171372075599653,0.06684216305061623,0.9324776530265808
4958,1369,lime,0.5940570987083695,0.1142766299572858,0.9991320967674255
4959,8348,lime,0.37563456914254595,0.0950770622917584,0.998160183429718
4960,5987,lime,0.08176036030054093,-0.1147987973690033,0.4486486613750458
4961,1599,lime,0.36464547209682,-0.03276525678173188,0.5613055229187012
4962,4573,lime,0.660808137010621,0.08553877278514531,0.9985387325286865
4963,5173,lime,0.5040196833702234,0.2015169904782222,0.9868719577789307
4964,6459,lime,0.60035972793897,0.1263987289534675,0.7583831548690796
4965,4404,lime,0.002241753973066807,-0.04901651404798031,0.26380324363708496
4966,7585,lime,0.3425392384330432,0.04949866897530026,0.5379230976104736
4967,8225,lime,0.54963718354702,0.1414588445966894,0.9788225293159485
4968,4209,lime,0.41763614434748886,0.27204813808202744,0.6795138716697693
4969,1418,lime,0.5711273013761169,0.17932410616623728,0.9834221005439758
4970,3309,lime,0.71044032062803,0.20556093326636724,0.935121476650238
4971,9362,lime,0.5677807185621488,0.19757681020668574,0.7081358432769775
4972,6492,lime,0.7335261750138469,0.16528445978959402,0.8727192282676697
4973,7841,lime,0.7389962635934353,0.07659825185934703,0.9991457462310791
4974,3037,lime,-0.1677597240329935,-0.20366381739194578,0.1370203197002411
4975,1825,lime,0.6618909927705924,0.10456485350926717,0.9200100898742676
4976,3842,lime,0.20749781529108682,-0.04810506602128347,0.551689088344574
4977,4522,lime,-0.4279561552684754,-0.05207847045191253,0.003012626664713025
4978,1569,lime,-0.034612381753201284,-0.04480612681557735,0.09190179407596588
4979,1261,lime,0.6811690776376054,0.17498735804110765,0.9530791640281677
4980,4918,lime,0.48156855458563025,0.07675399698994377,0.9733685851097107
4981,5273,lime,0.36934708284609247,0.15146355737339368,0.9524369835853577
4982,2478,lime,0.5234985202550888,0.0920244220056032,0.9819694757461548
4983,5795,lime,0.8255738379666582,0.13365467824041843,0.9339596629142761
4984,6864,lime,0.7707436547428369,0.1996559989452362,0.9809978604316711
4985,1616,lime,0.24376012006153663,-0.13259830325841904,0.3876338303089142
4986,6913,lime,0.5171913146972656,0.059740625619888306,0.9976267218589783
4987,2236,lime,0.5364452679439083,0.1908372938632965,0.901846170425415
4988,7618,lime,0.7677744744783815,0.3519651127212188,0.984653651714325
4989,5447,lime,0.6229146450328139,0.2011063156219629,0.9519686698913574
4990,5554,lime,0.6615211183533949,0.33585765782524557,0.7664573788642883
4991,7212,lime,0.5256902703217098,0.10829185304187593,0.9923976063728333
4992,7352,lime,0.4740926033258438,0.3873665499687195,0.9823411703109741
4993,2533,lime,0.3843266466041891,0.1542512200227598,0.9566816091537476
4994,5950,lime,-0.18952125361045966,-0.06337273199684344,0.015209407545626163
4995,7947,lime,0.7893722219392657,0.16638043522834778,0.9940505623817444
4996,2689,lime,0.6479214239451621,0.1416011146373219,0.7978682518005371
4997,3110,lime,0.8229032766360503,0.30567580232253444,0.9963325262069702
4998,4397,lime,0.12227286547422409,0.001487557291984558,0.31896790862083435
4999,2935,lime,0.7567203386376301,0.20882154752810797,0.8999387621879578
5000,9632,kernelshap,0.8354544043540955,0.18346795382407996,0.9681628346443176
5001,9282,kernelshap,0.2815619440455186,0.07446161853639703,0.9990247488021851
5002,106,kernelshap,-0.022366299504233945,-0.09403451267750032,0.15904000401496887
5003,1446,kernelshap,0.4080945956143173,0.36061035177192174,0.957824170589447
5004,1513,kernelshap,0.6935496789896313,0.16723437169018915,0.8942596316337585
5005,6498,kernelshap,-0.08101265328495126,0.013687425538113243,0.35145363211631775
5006,6973,kernelshap,0.6435085593589714,0.07284525462559291,0.9980524778366089
5007,4952,kernelshap,0.3705805404619737,0.25548874790018256,0.9622885584831238
5008,8552,kernelshap,0.5843156135895036,0.30013697933066974,0.9872360825538635
5009,3027,kernelshap,-0.24212325070249407,-0.07339109715662505,0.053609464317560196
5010,2760,kernelshap,0.4905429191887379,0.11933353617787361,0.7212817668914795
5011,3060,kernelshap,0.4157958166939872,0.3219232133456639,0.9723584055900574
5012,33,kernelshap,0.6506791421595741,0.29658275667358847,0.9623281955718994
5013,1349,kernelshap,0.5298883567253748,0.11220212404926617,0.8265097141265869
5014,4934,kernelshap,0.5651172947138547,0.07235879749059677,0.9679321050643921
5015,2680,kernelshap,0.755777467643061,0.1419202031627778,0.9950430393218994
5016,9074,kernelshap,0.6617270906766256,0.5332610441578759,0.9623054265975952
5017,5414,kernelshap,0.4676058993086611,0.18035858712698283,0.9898973703384399
5018,6663,kernelshap,0.8036648850168355,0.17301768470894208,0.9978005290031433
5019,5286,kernelshap,0.8467751551920978,0.2967855552068123,0.9718378782272339
5020,3782,kernelshap,0.5538437409850303,0.26447368413209915,0.9555014371871948
5021,4516,kernelshap,-0.22132073412649333,-0.16406677849590778,0.26527026295661926
5022,4554,kernelshap,0.1392146131914595,-0.07031576270642488,0.5958682894706726
5023,1595,kernelshap,0.8300948438700289,0.18817876050105461,0.9713711738586426
5024,3857,kernelshap,0.49376585897875996,0.30773328935227745,0.9562403559684753
5025,3337,kernelshap,0.8628836370144899,0.19701770865000212,0.9958930015563965
5026,9255,kernelshap,0.33511082994851416,0.13166176676750183,0.9361338019371033
5027,1383,kernelshap,0.5289785214092421,0.26761701184770337,0.756279468536377
5028,4860,kernelshap,0.4243121642087187,0.15078469827061608,0.9939751029014587
5029,7275,kernelshap,0.5894000024899192,0.20725630353326382,0.9952195286750793
5030,8740,kernelshap,0.5406895028427243,0.34090990759432316,0.9622189998626709
5031,1155,kernelshap,0.4152605546557385,0.09495201447735661,0.9724428653717041
5032,6725,kernelshap,0.7506334558129311,0.2801992112681979,0.8771812319755554
5033,1076,kernelshap,0.6063675332282271,0.29673448098557337,0.8524025678634644
5034,3058,kernelshap,0.5977281655528044,0.3792391991929004,0.9388748407363892
5035,4586,kernelshap,0.24840187976757686,0.1437166303396225,0.842685341835022
5036,1791,kernelshap,0.614330758412297,0.44313396685398543,0.8261635899543762
5037,6325,kernelshap,0.7139224926630656,0.08381927013397217,0.9986565113067627
5038,7506,kernelshap,0.522740148835712,0.11367624501387279,0.9964942336082458
5039,6495,kernelshap,0.6078394596513949,0.11750962232288562,0.9987700581550598
5040,9542,kernelshap,0.6362425092803804,0.10730571809567903,0.9656192660331726
5041,4694,kernelshap,0.5261855668598606,0.1699884908814584,0.9920693635940552
5042,8369,kernelshap,-0.4926783139300015,-0.057472249001471534,0.01818203367292881
5043,7093,kernelshap,-0.008215270484938766,-0.13568242120020318,0.379228413105011
5044,2794,kernelshap,0.7588026816754238,0.2678275921422502,0.9661273956298828
5045,39,kernelshap,0.8920595324119448,0.2270623214783207,0.9776915311813354
5046,7478,kernelshap,-0.08568303155548432,-0.09650793320992414,0.03629209101200104
5047,1253,kernelshap,0.5284388629453523,0.20048888808205015,0.9669159650802612
5048,360,kernelshap,0.15254896595364525,0.11402523659524463,0.8149926066398621
5049,9638,kernelshap,0.6318975478144628,0.2597492518169539,0.8515133261680603
5050,1726,kernelshap,0.6013030107407009,0.3160716111169142,0.9851669669151306
5051,439,kernelshap,-0.16021232730285687,-0.20406548391011628,0.032697852700948715
5052,5267,kernelshap,0.029793285490835413,0.002770690356983858,0.36365991830825806
5053,4337,kernelshap,0.44370833545923233,0.15974896311759948,0.9380333423614502
5054,7724,kernelshap,0.6294642990598311,0.32291833597880143,0.9108648300170898
5055,7676,kernelshap,0.3491707866390546,0.34020538727442423,0.9552843570709229
5056,8913,kernelshap,0.3522487308543462,0.2937282014351625,0.9871233701705933
5057,2492,kernelshap,0.6480848823487758,0.22046511828899384,0.8015820980072021
5058,7462,kernelshap,0.5052849374372851,0.20735796879638324,0.9383172988891602
5059,7430,kernelshap,0.21846568398177624,0.29536564415320754,0.8598186373710632
5060,6620,kernelshap,0.18028464418603107,0.09855984337627888,0.962418794631958
5061,6221,kernelshap,0.7837327388373928,0.358990169233746,0.9842601418495178
5062,8844,kernelshap,0.38457494548955845,0.03126524524255232,0.6842954158782959
5063,4518,kernelshap,0.49671108921368917,0.14580752253532409,0.7940210103988647
5064,1684,kernelshap,0.8803169774335056,0.13048864546276273,0.989425539970398
5065,29,kernelshap,0.5646108769708209,0.07229531473583645,0.9986901879310608
5066,6475,kernelshap,0.4881629195241701,0.10179953560942695,0.7889692783355713
5067,6691,kernelshap,0.1530084720542354,-0.022983073226867184,0.5658720135688782
5068,1747,kernelshap,0.8062344115972518,0.19129130661487578,0.9513521194458008
5069,5559,kernelshap,0.5744495924030032,0.085955696446555,0.9991921782493591
5070,3325,kernelshap,0.5651203524321318,0.22417432963848113,0.8735811710357666
5071,4525,kernelshap,0.6908116828805456,0.0915256179869175,0.9951671361923218
5072,5434,kernelshap,0.49466025829315186,0.3340811204786102,0.9970090985298157
5073,2129,kernelshap,0.7025020197033882,0.1346419354279836,0.9861270189285278
5074,5441,kernelshap,0.6523476351757307,0.3655460819199279,0.9363431930541992
5075,9420,kernelshap,-0.17085271547822392,-0.42091273954686,0.25969892740249634
5076,1330,kernelshap,0.7484497899189592,0.08321895450353622,0.9988986253738403
5077,7369,kernelshap,-0.32017790526151657,-0.06662446912378073,0.06309627741575241
5078,2275,kernelshap,0.5156949022236992,0.08221830690608305,0.9988258481025696
5079,1765,kernelshap,0.5339877449947855,0.0916830379029979,0.9983768463134766
5080,9131,kernelshap,0.381749597089044,0.09254474269932714,0.991392970085144
5081,6095,kernelshap,0.46320135729468387,0.3688516276686088,0.7672213315963745
5082,1263,kernelshap,0.6698973933234811,0.18132119439542294,0.9291120767593384
5083,1142,kernelshap,0.7250583529034081,0.07091663865482106,0.9987917542457581
5084,7797,kernelshap,0.35448896636565524,0.15238245990541247,0.9992775321006775
5085,4989,kernelshap,0.223285527839776,0.008993094967257592,0.35265183448791504
5086,4395,kernelshap,0.400688013908538,0.39568965848196636,0.9159936904907227
5087,5333,kernelshap,0.7755493150642988,0.19258858398957687,0.985869288444519
5088,8163,kernelshap,0.7642844702244144,0.07959963110360233,0.996148943901062
5089,8995,kernelshap,0.7454960756688652,0.07522228535483866,0.8720892071723938
5090,9568,kernelshap,0.5709723220827679,0.16557810306549073,0.9862967729568481
5091,6098,kernelshap,0.4178784442349122,0.1239913828097857,0.7101991772651672
5092,7278,kernelshap,0.647576242685318,0.1640035112698873,0.9797466993331909
5093,1516,kernelshap,0.5193453665822745,0.39673682302236557,0.936162531375885
5094,3501,kernelshap,0.48467734243188587,0.24915823766163417,0.9401589035987854
5095,4371,kernelshap,0.41922816541045904,0.20188255701214075,0.5645428895950317
5096,7736,kernelshap,0.8241912110749147,0.1682464765465778,0.9857485890388489
5097,1683,kernelshap,0.32844460308551787,0.29632420614361765,0.6186842322349548
5098,1631,kernelshap,0.7386514638506231,0.3744513541460037,0.9548134207725525
5099,4601,kernelshap,-0.17354554707004177,-0.2638886866550292,0.23664434254169464
5100,6956,kernelshap,0.7132385484874249,0.2629838687181473,0.9766616225242615
5101,8482,kernelshap,-0.31813193957966107,-0.2871732411858363,0.14265330135822296
5102,9095,kernelshap,0.5517065485318502,0.200600004196167,0.9724326133728027
5103,7344,kernelshap,0.5403499134160854,0.07475716206762525,0.9950860142707825
5104,1732,kernelshap,0.721506962695947,0.1985995746575869,0.8685068488121033
5105,4373,kernelshap,0.39386939189650794,0.14494839987971567,0.9838618636131287
5106,971,kernelshap,0.4558136258274317,0.039273801259696484,0.8528238534927368
5107,6578,kernelshap,0.5501137636601925,0.6355949522306522,0.8421292901039124
5108,1453,kernelshap,0.5734829824221762,0.10214299904672723,0.9988403916358948
5109,80,kernelshap,-0.3179831150919199,-0.16579673645485724,0.009197588078677654
5110,8908,kernelshap,0.47008005310507384,0.24451333109070272,0.9895087480545044
5111,96,kernelshap,0.6418722532689571,0.0663836196064949,0.9992652535438538
5112,4376,kernelshap,0.46880171390680164,0.121156245470047,0.9677006602287292
5113,3207,kernelshap,0.6868975384927848,0.45042600460788784,0.943618893623352
5114,6462,kernelshap,0.35588129478342395,0.1606651527040145,0.9625318050384521
5115,6220,kernelshap,0.5307461967070898,0.2204464061392678,0.8176868557929993
5116,3279,kernelshap,0.8188490183757884,0.0737483065043177,0.9982277750968933
5117,8741,kernelshap,0.6096102897735203,0.16388878752203548,0.9531933665275574
5118,8758,kernelshap,0.7159460351309356,0.28304698756512475,0.9484697580337524
5119,5396,kernelshap,0.42941651741663617,0.4833507999068215,0.9956110119819641
5120,2855,kernelshap,0.8368810815115769,0.22868884007136028,0.9624814391136169
5121,1862,kernelshap,0.5060576072026943,0.27503276744793204,0.9382230043411255
5122,7659,kernelshap,0.5237734532990569,0.2290665841585881,0.6496463418006897
5123,8446,kernelshap,0.4983369652181864,0.10155007429420948,0.999000608921051
5124,5152,kernelshap,0.6657432126640169,0.2504061592949761,0.9934417009353638
5125,2903,kernelshap,-0.19871507966241173,-0.09570813993381899,0.09596315026283264
5126,7581,kernelshap,0.42139598553379376,0.24053254624207815,0.9800508618354797
5127,9431,kernelshap,0.7520031254355084,0.22038488528307745,0.9518901109695435
5128,8948,kernelshap,0.6266813688826832,0.2851580869067799,0.9274129867553711
5129,2486,kernelshap,0.3020034017972648,0.15584559392716205,0.3828200697898865
5130,5552,kernelshap,0.5298113527500795,0.3829275684224235,0.704188883304596
5131,5479,kernelshap,0.5678532689809799,0.09243733485539754,0.9940979480743408
5132,3894,kernelshap,0.45427901501005347,0.19158098101615906,0.9003875255584717
5133,9430,kernelshap,-0.46839575682367596,-0.3669438303847398,0.009144823998212814
5134,9766,kernelshap,0.5614949376100585,0.2078749615521658,0.9533199071884155
5135,4355,kernelshap,-0.03627630562654564,0.03493224439166841,0.5043207406997681
5136,2833,kernelshap,0.5672499040762583,0.37794502452015877,0.9334944486618042
5137,3328,kernelshap,0.5765007051328818,0.30374187148279613,0.9440211653709412
5138,8019,kernelshap,-0.1093031414008389,-0.3282173698147138,0.06508404016494751
5139,3424,kernelshap,0.7632401952520013,0.3176441200077534,0.9666966795921326
5140,4539,kernelshap,0.5051553184511485,0.11674321470437227,0.9976791739463806
5141,4921,kernelshap,0.5501274702989537,0.28492272256509116,0.8028798699378967
5142,3469,kernelshap,0.7949529801805814,0.3126377860705058,0.9772527813911438
5143,5705,kernelshap,0.43277021765708923,0.07312533020973205,0.9992376565933228
5144,311,kernelshap,0.5707032021421653,0.02728021374115577,0.8606887459754944
5145,9045,kernelshap,0.6838886900139707,0.26519061837877544,0.8220238089561462
5146,2619,kernelshap,-0.35908731574128416,-0.05242469620987259,0.051463108509778976
5147,789,kernelshap,0.43856922288735706,0.3728575607140859,0.9990278482437134
5148,2742,kernelshap,0.6538610756397247,0.38042678087949755,0.7575263977050781
5149,5653,kernelshap,0.7104152028138438,0.24237483367323875,0.9503976702690125
5150,483,kernelshap,-0.09676976501941681,-0.049614256459542296,0.06002400815486908
5151,8113,kernelshap,-0.3359669045340724,-0.12554528891313366,0.09422348439693451
5152,8478,kernelshap,0.6803632409257048,0.06110623654197244,0.9410490393638611
5153,1199,kernelshap,0.7497641917986747,0.2541319896013309,0.9228596687316895
5154,5507,kernelshap,-0.18465991616249083,-0.07949031747411936,0.009515474550426006
5155,3653,kernelshap,0.4930710196495056,0.09313963745769702,0.9983776807785034
5156,5065,kernelshap,0.82261848077178,0.4769496999900131,0.9639037847518921
5157,1626,kernelshap,0.5057656362652778,0.19047247618436813,0.9438416361808777
5158,7661,kernelshap,0.7205066837762532,0.319978499098828,0.8957914710044861
5159,6837,kernelshap,0.6568474124955095,0.06905643577161043,0.9946617484092712
5160,7655,kernelshap,0.5012597946657075,0.10731079843309191,0.999207079410553
5161,8538,kernelshap,0.7083498529557671,0.16217770533902304,0.9960850477218628
5162,1775,kernelshap,0.34874923057144597,0.06109101005962917,0.5390658974647522
5163,9643,kernelshap,0.7889445327455178,0.3298406032845378,0.9645392894744873
5164,8884,kernelshap,0.6110952794551849,0.09822603291080843,0.9989134073257446
5165,6778,kernelshap,0.8059748816303909,0.0675049622853597,0.9992440938949585
5166,2340,kernelshap,0.6907770894467831,0.1480965827192579,0.9991305470466614
5167,7226,kernelshap,-0.22206665088676594,-0.0869647406083955,0.00604955805465579
5168,1472,kernelshap,0.7807681127673104,0.35779148482141043,0.9698266983032227
5169,8187,kernelshap,0.7090959763154387,0.1415943048066563,0.9685565233230591
5170,6250,kernelshap,0.5836931078964355,0.3116611791284461,0.9656291604042053
5171,2335,kernelshap,-0.01257485482427809,0.299282217087845,0.5073877573013306
5172,8981,kernelshap,0.19798741336645825,-0.12232173766408648,0.4453115165233612
5173,8685,kernelshap,0.777472558752473,0.28752100159382,0.9569483399391174
5174,251,kernelshap,0.751826678567073,0.2594668917796191,0.9886131286621094
5175,2732,kernelshap,0.47290115671999317,0.18835744962972753,0.9872681498527527
5176,4329,kernelshap,0.37908102489180034,0.1600359007716179,0.5334991216659546
5177,9545,kernelshap,0.5674670533173614,0.23150329064163896,0.9947755336761475
5178,2337,kernelshap,0.6945949376871189,0.07910259895854527,0.9955561757087708
5179,8695,kernelshap,0.5049294925505116,0.30337234225965315,0.9932746887207031
5180,2215,kernelshap,0.6682444269369755,0.487745012201014,0.8041255474090576
5181,5436,kernelshap,0.5925571322441101,0.07164818899972099,0.9989970326423645
5182,5058,kernelshap,0.5471776237613276,0.3511373306575574,0.8731930255889893
5183,9548,kernelshap,0.7507273529696724,0.07507896682490474,0.997448205947876
5184,108,kernelshap,0.6584496000367734,0.20794118444124857,0.9916799664497375
5185,3019,kernelshap,0.7114022541791201,0.1035669818520546,0.9842510223388672
5186,487,kernelshap,0.3695384038405286,0.07238307926389906,0.7389118075370789
5187,2436,kernelshap,0.5176061927791564,0.2760066596731063,0.9545406103134155
5188,2417,kernelshap,0.7090881170704961,0.04451494365930557,0.981460452079773
5189,2684,kernelshap,0.4579219831072766,0.08761665613754936,0.9987525939941406
5190,621,kernelshap,0.30282485008239746,0.034734421968460084,0.7547726631164551
5191,3281,kernelshap,-0.09955794314543406,-0.015524175514777501,0.18668235838413239
5192,8547,kernelshap,0.6824910544923374,0.2848926952907017,0.9267884492874146
5193,3941,kernelshap,0.46204122049467905,0.2388833271605628,0.9906874299049377
5194,2423,kernelshap,0.5069037258092847,0.45078733350549427,0.9757973551750183
5195,7682,kernelshap,0.28927627205848694,0.14561840295791625,0.9696162939071655
5196,4960,kernelshap,0.7146930992603302,0.2225510951350717,0.9889083504676819
5197,2766,kernelshap,0.5317577834833752,0.2091873206875541,0.9588587284088135
5198,7662,kernelshap,0.8355636697822428,0.40744069076719736,0.961168646812439
5199,416,kernelshap,0.5025296281365788,0.33500219092649575,0.9832690954208374
5200,3898,kernelshap,-0.04463820277076019,-0.051440178759788215,0.07769396901130676
5201,7632,kernelshap,0.5448217828358922,0.3895249937971433,0.9160280823707581
5202,2328,kernelshap,0.36102267390205744,0.16541411905061632,0.9879507422447205
5203,2754,kernelshap,0.48546600648585486,0.6926668685148744,0.9427654147148132
5204,8234,kernelshap,0.5611046481132508,0.061499342918396,0.9990573525428772
5205,3101,kernelshap,0.6258606764674187,0.21767032027244568,0.9242600202560425
5206,2108,kernelshap,0.6536959468254021,0.2685127098645483,0.964028537273407
5207,3100,kernelshap,0.22122798804883603,0.07888333333863153,0.9019454717636108
5208,5351,kernelshap,0.44521505986490556,0.09729787418919225,0.995079755783081
5209,3284,kernelshap,0.39199379437110005,0.07455308121793411,0.9976966977119446
5210,4824,kernelshap,-0.3798351429402828,-0.023280137963593007,0.13088178634643555
5211,6551,kernelshap,0.6953665451279708,0.5079467387071678,0.9311828017234802
5212,7444,kernelshap,-0.32746103121077313,-0.1908090872799649,0.03573227301239967
5213,304,kernelshap,0.6672814956733158,0.08599005000931877,0.9971446394920349
5214,6360,kernelshap,0.6474175905187924,0.1445681611696879,0.8318968415260315
5215,4190,kernelshap,0.3918887609172435,0.4146700366621926,0.6799197793006897
5216,6664,kernelshap,0.5709572653803561,0.22598212295108372,0.9751580357551575
5217,1945,kernelshap,0.7575913046538416,0.04306377801630232,0.9930548071861267
5218,5817,kernelshap,0.5241824326145909,0.18548009382641834,0.6252697110176086
5219,92,kernelshap,0.6395939325541258,0.43474023044109344,0.8895635008811951
5220,119,kernelshap,0.695952770723538,0.14184630459005182,0.9980521202087402
5221,9591,kernelshap,0.7373381113972176,0.5895386494018815,0.9726136326789856
5222,8421,kernelshap,0.08505106434739869,0.04787141855420737,0.4128471314907074
5223,7945,kernelshap,0.47828932013362646,0.6027352570090443,0.9642028212547302
5224,2487,kernelshap,0.6754035003807234,0.4605901688337326,0.9868432879447937
5225,1245,kernelshap,0.5124586698366329,0.21578134037554264,0.9586703181266785
5226,346,kernelshap,0.7670717438344251,0.09361084347421472,0.9685521721839905
5227,9392,kernelshap,0.4664959687253703,0.3235700454400933,0.9378693103790283
5228,6604,kernelshap,0.23950652529795965,-0.08921696245670319,0.6204450130462646
5229,6338,kernelshap,-0.40095817743955803,-0.05742897947784513,0.000834527425467968
5230,8410,kernelshap,0.22465079316967412,-0.15290201024005287,0.5320336818695068
5231,4216,kernelshap,0.8500764835625887,0.13779324293136597,0.9906545281410217
5232,7436,kernelshap,0.13233626447618008,0.07828580588102341,0.3005826771259308
5233,6666,kernelshap,0.7327139654168577,0.2648194369041558,0.9798297882080078
5234,8051,kernelshap,0.631318091547915,0.2640603152768953,0.8861161470413208
5235,1593,kernelshap,0.0013961039264412487,0.05207751866649179,0.42213955521583557
5236,6951,kernelshap,0.6225149373595531,0.21810869299448454,0.9741309881210327
5237,850,kernelshap,0.4121345437708355,0.18689256622677758,0.9226844906806946
5238,5506,kernelshap,0.775421869015412,0.35985653647562355,0.9605305194854736
5239,8479,kernelshap,0.20338585759912217,-0.0001268535852432251,0.6882908344268799
5240,7182,kernelshap,0.48528435991870034,0.10090484387344784,0.9990254640579224
5241,2362,kernelshap,0.4282649992965162,0.16787717677652836,0.9605552554130554
5242,2178,kernelshap,0.5374334243791444,0.11380450640405927,0.9713332653045654
5243,1731,kernelshap,0.4493832467840268,0.31747372391132206,0.6578450798988342
5244,4185,kernelshap,0.7124307273249877,0.08811411888975847,0.9985074400901794
5245,673,kernelshap,0.6719978639613027,0.086656189483145,0.9983320832252502
5246,5212,kernelshap,-0.4359682220462206,-0.31481301507635695,0.03828458860516548
5247,4417,kernelshap,0.6157076730265875,0.4080160151828419,0.988991379737854
5248,1056,kernelshap,0.5150439827530472,0.11979307068718804,0.7681291699409485
5249,9593,kernelshap,0.3886485233902931,0.06588412076234818,0.5345463156700134
5250,623,kernelshap,-0.624093566688576,-0.04718624309281863,0.00636622728779912
5251,6217,kernelshap,-0.01228338968327367,-0.014377991031659277,0.17396663129329681
5252,9597,kernelshap,0.8038464836005507,0.38020043126468,0.9595625400543213
5253,2955,kernelshap,0.6036704438924789,0.09058572173118591,0.9993189573287964
5254,88,kernelshap,0.7585273433683647,0.3035963268743621,0.991609513759613
5255,3538,kernelshap,0.30967767438606214,0.11053593809667386,0.3988606333732605
5256,3643,kernelshap,0.7326742287863184,0.33148342812502823,0.9903565049171448
5257,8313,kernelshap,-0.18202955801520618,-0.008136737728378765,0.011754504404962063
5258,5649,kernelshap,0.7506614435268076,0.22864756929247002,0.979526698589325
5259,1355,kernelshap,0.593195854789681,0.10284180994387027,0.9946436882019043
5260,7142,kernelshap,0.5589243507544909,0.08002847007342748,0.9791266918182373
5261,1512,kernelshap,0.34258297737687826,0.1922310683876276,0.9992332458496094
5262,7565,kernelshap,0.7150005066524381,0.40734650518583215,0.8191790580749512
5263,733,kernelshap,0.5201145029067993,0.3432247370481491,0.8700928092002869
5264,8765,kernelshap,0.5808960928526872,0.05717841579633601,0.6951959133148193
5265,9018,kernelshap,0.887153952959038,0.38655795121476766,0.9558220505714417
5266,6240,kernelshap,0.6746938994619995,0.2787816245108843,0.9776548147201538
5267,590,kernelshap,0.5244692478861127,0.07822131968679882,0.9920754432678223
5268,3745,kernelshap,0.7894859816879034,0.3451174242155893,0.9819258451461792
5269,1919,kernelshap,0.6495082107457247,0.25701452927155927,0.9540902972221375
5270,7799,kernelshap,0.7507871260930752,0.19277911761711383,0.9871602058410645
5271,7684,kernelshap,0.2673328621312976,-0.011631554365158081,0.49804967641830444
5272,9486,kernelshap,0.6452743200781313,0.27839499084573044,0.9992591738700867
5273,5027,kernelshap,0.033840253949165344,0.13125221005507878,0.4381735622882843
5274,8568,kernelshap,0.7704661167639036,0.21917329790691534,0.9810352921485901
5275,5425,kernelshap,0.6712322402000427,0.14384055614471436,0.9990612864494324
5276,2377,kernelshap,0.35490306549602085,0.1988682829671436,0.9601444005966187
5277,6447,kernelshap,0.5201801298945038,0.20998369764398644,0.9751091003417969
5278,8029,kernelshap,0.44809596699017745,0.12886956677987024,0.985582709312439
5279,3855,kernelshap,-0.018662257796330822,-0.018481785254109474,0.11994379758834839
5280,5221,kernelshap,-0.09039748995564878,-0.10112552183369795,0.029164791107177734
5281,5792,kernelshap,0.5541851627640426,0.20299660364786784,0.991037130355835
5282,3006,kernelshap,0.8967198573052884,0.07999918659528096,0.9922159314155579
5283,8706,kernelshap,0.672568887937814,0.25057609958781135,0.9415528774261475
5284,2943,kernelshap,0.6155375535118168,0.25915674813862505,0.9687211513519287
5285,2072,kernelshap,0.6605811453071134,0.293827250086028,0.7970373034477234
5286,3873,kernelshap,0.7032223711411159,0.0776817242304484,0.9970198273658752
5287,9297,kernelshap,-0.2799091446010963,-0.042290090947695404,0.03296465799212456
5288,9105,kernelshap,0.8150168952460473,0.295731232716487,0.9780876636505127
5289,7635,kernelshap,0.0076269945976409044,-0.08699197288263928,0.10758447647094727
5290,5313,kernelshap,0.3654700696468353,0.1832810401916504,0.9668880105018616
5291,9675,kernelshap,-0.2686265960502892,-0.13795758476958442,0.004974109586328268
5292,2075,kernelshap,-0.10924389017745853,-0.05720919989980757,0.053853970021009445
5293,7144,kernelshap,0.7815641313791275,0.36241167325239915,0.9015594720840454
5294,3928,kernelshap,0.5506569001823663,0.06154864281415939,0.9981290698051453
5295,1393,kernelshap,0.7681725119204762,0.21245870567285097,0.9817909002304077
5296,263,kernelshap,-0.023850839747034985,-0.08644214337286742,0.2898430824279785
5297,970,kernelshap,0.7251041027903556,0.17005504548549652,0.973334550857544
5298,5821,kernelshap,0.6105304285883904,0.12656684095660845,0.8942013382911682
5299,8593,kernelshap,0.7900710009059615,0.23759164119308646,0.9818098545074463
5300,4553,kernelshap,-0.12294335352877776,-0.11701625833908717,0.32829201221466064
5301,1671,kernelshap,0.23525717440578672,0.019318641887770757,0.5629804730415344
5302,3118,kernelshap,0.8044072635133158,0.11167380620132793,0.9909118413925171
5303,4367,kernelshap,0.7931696042817619,0.2317250860588891,0.9808807373046875
5304,1760,kernelshap,0.2877846327092912,0.3080542782942454,0.9690166711807251
5305,3412,kernelshap,0.5412493219429796,0.11110828681425615,0.9991717338562012
5306,6066,kernelshap,0.27224816302596416,0.23878620399369133,0.7794869542121887
5307,3616,kernelshap,0.6565812477732406,0.1659543812274933,0.9936226010322571
5308,5874,kernelshap,0.26789812388874235,0.3957849116552444,0.9226388931274414
5309,2189,kernelshap,0.3071424092935479,0.1998172544914743,0.9746144413948059
5310,6071,kernelshap,0.6561343149126818,0.44568414861957234,0.867075502872467
5311,5148,kernelshap,0.6233111403005964,0.2185524772195255,0.9643544554710388
5312,9064,kernelshap,0.4365176293585036,0.110300921731525,0.997458279132843
5313,8381,kernelshap,0.698846542586883,0.3138534857167138,0.9868038296699524
5314,3352,kernelshap,0.6944317016750574,0.10817078997691472,0.9986382126808167
5315,799,kernelshap,0.6111561198319707,0.08593872721706118,0.9461302161216736
5316,8656,kernelshap,0.5842571309522578,0.1976506161062341,0.9732416272163391
5317,7305,kernelshap,-0.060225647687911985,-0.17211955070495605,0.07638421654701233
5318,7948,kernelshap,0.43839455230368507,0.15783270365662044,0.9842782616615295
5319,7233,kernelshap,0.22930510409853674,0.3410605981268666,0.6324408054351807
5320,2392,kernelshap,0.6814179519812266,0.2001158760653602,0.9936150312423706
5321,3443,kernelshap,0.8009292656659253,0.43786272406578064,0.9385005831718445
5322,8558,kernelshap,0.5491256222128869,0.31924579640229545,0.9839380383491516
5323,5014,kernelshap,-0.12374483452488978,-0.2248732354491949,0.17258937656879425
5324,4362,kernelshap,0.5392963600001837,0.36062368436863546,0.9708105325698853
5325,8224,kernelshap,0.6851452340682348,0.19717083076635997,0.9616954922676086
5326,6865,kernelshap,0.13684264914347574,0.3856135360323466,0.8717062473297119
5327,7389,kernelshap,0.7723924413095863,0.2860867218537764,0.936269223690033
5328,303,kernelshap,-0.32340343756834045,-0.05462362844729796,0.0007012131973169744
5329,8398,kernelshap,-0.19957272104314855,-0.19029115825086027,0.28007954359054565
5330,2907,kernelshap,0.36604492650145576,0.1497769398348672,0.8069512844085693
5331,4619,kernelshap,0.5704656119147936,0.3634196758270264,0.9885609745979309
5332,4765,kernelshap,0.5563806131482124,0.15873248279094695,0.998802661895752
5333,3320,kernelshap,0.679179897351611,0.30569992574953264,0.8899001479148865
5334,5298,kernelshap,0.6640914002352435,0.23535102087518442,0.9332249760627747
5335,7927,kernelshap,0.447877053792278,0.12683545053005219,0.8545619249343872
5336,2348,kernelshap,0.7629786288099629,0.16536811207021987,0.9644157886505127
5337,4267,kernelshap,0.4364980104668387,0.4456311585060481,0.6212199926376343
5338,9648,kernelshap,0.7960380588968595,0.39089371636509895,0.9317938089370728
5339,3024,kernelshap,0.5003777999430895,0.10423650145530701,0.9987342953681946
5340,1373,kernelshap,0.7912512491457164,0.08237388730049133,0.998836100101471
5341,7377,kernelshap,0.5800116800237447,0.15211802814155817,0.9990803003311157
5342,9782,kernelshap,0.43575320281088353,0.23151580467820168,0.8678382039070129
5343,2771,kernelshap,0.6659048073407676,0.2543971199128363,0.7824496030807495
5344,3,kernelshap,0.8078277764841915,0.4858066152781248,0.9241669774055481
5345,2908,kernelshap,0.29244220293149714,0.32213563635581877,0.8135327696800232
5346,3852,kernelshap,0.8063224892983655,0.11593821958491676,0.9910813570022583
5347,532,kernelshap,0.8750454410910606,0.2868681683352119,0.962285578250885
5348,7929,kernelshap,0.4537093323288542,0.01792009219978795,0.8912799954414368
5349,9423,kernelshap,0.8685923669148575,0.34773826057260687,0.9863002896308899
5350,290,kernelshap,0.4306737005710602,0.10328055143356324,0.9981344938278198
5351,3014,kernelshap,0.6712991460226476,0.07852155063301325,0.9992541670799255
5352,2874,kernelshap,0.486850380897522,0.07517059382639434,0.9986442923545837
5353,5146,kernelshap,0.4385569537989795,0.10537586857875188,0.8436117768287659
5354,2221,kernelshap,0.6870231511071324,0.47475954703986645,0.9822390079498291
5355,6958,kernelshap,0.5265496311088403,0.082587830722332,0.9993009567260742
5356,2997,kernelshap,0.39013863322990283,0.19039547783987862,0.961304247379303
5357,6729,kernelshap,0.3896173639595509,0.12327037692070007,0.96462082862854
5358,9159,kernelshap,0.8179273546180305,0.21056123428484974,0.995731770992279
5359,6175,kernelshap,0.637641537796568,0.4053960850945226,0.9681376814842224
5360,568,kernelshap,0.4274668061527713,0.1461360639539258,0.9270312786102295
5361,5284,kernelshap,0.6861103197862936,0.2929235461146332,0.976405680179596
5362,1107,kernelshap,0.6876437801069447,0.3215741589665413,0.7932037711143494
5363,135,kernelshap,0.7965112547203899,0.2910476380586624,0.9368587732315063
5364,7828,kernelshap,-0.19540144609553473,-0.06334047737930502,0.3658970296382904
5365,8709,kernelshap,-0.6399202610859099,-0.17852824783938773,0.02544507198035717
5366,7998,kernelshap,0.6408489215933845,0.2100889195095409,0.7665109038352966
5367,1087,kernelshap,0.625676434048835,0.10651631039731643,0.8537840843200684
5368,8291,kernelshap,0.8203476366141568,0.32193982827922574,0.9410193562507629
5369,2301,kernelshap,0.4065833842754364,0.20195528268814086,0.9671322107315063
5370,4339,kernelshap,0.4853742521788393,0.39832410908171106,0.8522483706474304
5371,6851,kernelshap,0.5429150423517933,0.16220790202970858,0.6938560009002686
5372,3047,kernelshap,-0.14828984327614309,-0.35859253332018853,0.10545691847801208
5373,4130,kernelshap,0.8326356584827105,0.20506043483813605,0.9443525075912476
5374,4521,kernelshap,-0.08984452589518493,-0.049532493472927146,0.09096166491508484
5375,7538,kernelshap,0.16166540452589592,0.09735501122971375,0.3638705015182495
5376,5473,kernelshap,0.35841986040274304,0.15763861934343973,0.8120206594467163
5377,388,kernelshap,0.3861046733432694,0.11710029762042196,0.8015188574790955
5378,4217,kernelshap,0.3174484805203974,0.011488610878586769,0.5779595971107483
5379,2122,kernelshap,0.5751184560358524,0.15335233137011528,0.9977005124092102
5380,1310,kernelshap,0.44203827447361416,0.4122180897328589,0.9692909121513367
5381,647,kernelshap,0.5308884471654892,0.28718475103378294,0.9488439559936523
5382,6510,kernelshap,0.579802492682479,0.2217243392216532,0.9833945035934448
5383,8040,kernelshap,0.5925466467936834,0.06402233739693959,0.9975296854972839
5384,1183,kernelshap,0.02316909679211676,-0.03526269365102053,0.44328320026397705
5385,2859,kernelshap,-0.2656369548864089,-0.07690819231076883,0.0708840936422348
5386,7769,kernelshap,0.6300094380146928,0.3668622258636687,0.9863786697387695
5387,8403,kernelshap,0.6177082394852358,0.08936791560229133,0.9990056157112122
5388,7110,kernelshap,-0.06412705225760446,-0.12534738814129548,0.06591426581144333
5389,5798,kernelshap,0.5505091231316328,0.3538860152475536,0.9707988500595093
5390,3128,kernelshap,0.40561231554431076,0.10520550783942728,0.6084095239639282
5391,7197,kernelshap,-0.39861389034642625,-0.08698849272556029,0.019350392743945122
5392,3148,kernelshap,0.6273794162273407,0.09538722753524781,0.9991171956062317
5393,510,kernelshap,0.6771096708800863,0.19844881401342504,0.9090822339057922
5394,3059,kernelshap,0.39767997960249585,0.10879382077190611,0.9989257454872131
5395,7940,kernelshap,0.6715468669620653,0.15561033089955648,0.9725682139396667
5396,4049,kernelshap,0.43390182554721834,0.5192082349210978,0.8885692954063416
5397,5875,kernelshap,0.5573518308608428,0.13273687855057095,0.9928449988365173
5398,3859,kernelshap,0.636987674360474,0.28141339619954425,0.7833877801895142
5399,6849,kernelshap,0.5679946979507804,0.08942514210939408,0.8347878456115723
5400,8149,kernelshap,0.3012451890569467,0.06601619261961716,0.9014089107513428
5401,6260,kernelshap,0.5924753903046899,0.4045625970415447,0.9929719567298889
5402,3312,kernelshap,0.2720761769696286,0.1464464374278721,0.5335983037948608
5403,7866,kernelshap,0.450727311321176,0.04195907368109776,0.6442232131958008
5404,4201,kernelshap,0.7059761940739876,0.5924595358759858,0.9830516576766968
5405,7652,kernelshap,0.4843372404575348,0.5362723103978417,0.9819926023483276
5406,4273,kernelshap,0.4252820841290734,0.10976026545871388,0.9991675615310669
5407,3181,kernelshap,0.5583932204888418,0.07592640817165375,0.9992551207542419
5408,3817,kernelshap,0.4450762986372679,0.09969228353255834,0.9986269474029541
5409,1880,kernelshap,-0.31486560011075604,-0.18181865165630975,0.022221459075808525
5410,5350,kernelshap,0.5809425932719655,0.12686017155647278,0.9632857441902161
5411,3615,kernelshap,0.25234837991160314,0.3731128500925528,0.7157031893730164
5412,4058,kernelshap,0.8065544834826142,0.09333534073084593,0.9907994866371155
5413,6915,kernelshap,0.42617929071679506,0.23190382826659414,0.5923469066619873
5414,321,kernelshap,0.6099669660131136,0.14836393296718597,0.9952256679534912
5415,4722,kernelshap,0.4384840148336747,0.15912732306648703,0.9503648281097412
5416,6422,kernelshap,0.679980977397898,0.12086646194043367,0.997572124004364
5417,3295,kernelshap,0.5593422415721065,0.11365127388168783,0.8687331676483154
5418,6421,kernelshap,0.7209267747752807,0.09611124852124382,0.998999297618866
5419,9330,kernelshap,0.46833458642164866,0.29857824246088666,0.954147458076477
5420,8138,kernelshap,0.5032114679925144,0.2931914306245744,0.9920458793640137
5421,3205,kernelshap,0.8174682031385601,0.514661488433679,0.9521381258964539
5422,2522,kernelshap,0.5724911617381232,0.08349615931510926,0.9922160506248474
5423,6998,kernelshap,0.8294996024273774,0.14987641134682825,0.9886783957481384
5424,5556,kernelshap,-0.17835027467282044,-0.19853091665676662,0.06423544883728027
5425,5938,kernelshap,0.6527836632728576,0.45768811628222467,0.9907616972923279
5426,500,kernelshap,0.30394379566941,0.25823182695441776,0.6530604958534241
5427,3000,kernelshap,0.3016265646407479,0.0858927071094513,0.9990554451942444
5428,3555,kernelshap,0.5652717378209619,0.06177341412095463,0.9978803396224976
5429,8612,kernelshap,0.47914374495546025,0.3720882199704647,0.828925609588623
5430,9249,kernelshap,0.5325266018509864,0.11744956572850546,0.9946476817131042
5431,3032,kernelshap,0.37573883881171544,-0.02414366404215495,0.7743358016014099
5432,9705,kernelshap,0.525344256311655,0.0723551395866606,0.9940424561500549
5433,330,kernelshap,0.40874530635774137,0.04027853310108185,0.600763201713562
5434,3078,kernelshap,0.14399747681968353,0.41704639562350865,0.5354819893836975
5435,2018,kernelshap,0.4208620072652896,0.4586549223297172,0.9089534878730774
5436,3274,kernelshap,0.809481232240796,0.09418143182992936,0.995722770690918
5437,3233,kernelshap,0.8826349682751156,0.19705664685794286,0.9940409064292908
5438,3387,kernelshap,0.4465504474937916,0.2044360674917698,0.9725990891456604
5439,144,kernelshap,0.5748518421142189,0.473434790003079,0.9869341850280762
5440,9742,kernelshap,0.7125735046962897,0.1672091566854053,0.818504273891449
5441,367,kernelshap,0.8004797160004576,0.13755607853333154,0.998177170753479
5442,8679,kernelshap,0.8543230638283098,0.2903810366988182,0.976711094379425
5443,4304,kernelshap,-0.1544396702998451,-0.09001580958387681,0.018913188949227333
5444,7178,kernelshap,0.7070915259850713,0.480659340436642,0.8497866988182068
5445,333,kernelshap,0.7324758006826692,0.2656070162420687,0.8701139092445374
5446,518,kernelshap,0.5197586144965428,0.10976339188905862,0.9952192902565002
5447,7040,kernelshap,-0.4023818212444894,-0.09815237764269114,0.14968620240688324
5448,4229,kernelshap,0.5311348423361778,0.1532581239938736,0.9969261288642883
5449,3833,kernelshap,0.46651326373685154,0.1482107773423195,0.7476546764373779
5450,6058,kernelshap,0.3440809841541683,0.25405165640746846,0.6018276214599609
5451,576,kernelshap,0.29633282563265634,0.08818294370875639,0.9637328386306763
5452,4215,kernelshap,-0.214893468312527,0.029478587994450016,0.260951429605484
5453,2758,kernelshap,0.4693172677205159,0.0976241070490617,0.8286831378936768
5454,4756,kernelshap,0.5572023054827815,0.31095624423545337,0.9935852885246277
5455,9000,kernelshap,-0.127156563103199,0.042049754162629446,0.12003961205482483
5456,3813,kernelshap,0.4962200474216264,0.1543564281680367,0.9870816469192505
5457,3045,kernelshap,0.6423548410336176,0.09825405379136404,0.9988301396369934
5458,4047,kernelshap,0.5799111489738736,0.43768633689199177,0.8596615195274353
5459,9094,kernelshap,0.6381052499637008,0.06444149650633335,0.9986509680747986
5460,8181,kernelshap,0.544628769159317,0.3630442306399345,0.9784512519836426
5461,6309,kernelshap,0.2990359402330661,0.16340681193051515,0.6036069393157959
5462,1479,kernelshap,0.8251267207254257,0.2273891419172287,0.9603115916252136
5463,543,kernelshap,0.7525894776596849,0.08656983642742552,0.9940100908279419
5464,1618,kernelshap,-0.12351284310221672,-0.0687861031293869,0.14190685749053955
5465,9032,kernelshap,0.6231720768141024,0.07930991143891306,0.9992054104804993
5466,7746,kernelshap,0.3967192530632019,0.16116235852241517,0.9548157453536987
5467,6039,kernelshap,0.7477681610563939,0.1681065098805861,0.9764971733093262
5468,7919,kernelshap,0.7605630433694883,0.20557664334774017,0.9028574228286743
5469,7624,kernelshap,0.6451944518523912,0.1472363034884135,0.9990122318267822
5470,9495,kernelshap,0.7579281891230494,0.19844472967088223,0.834303081035614
5471,8657,kernelshap,0.5950426856676737,0.12089364869253975,0.9993705153465271
5472,7160,kernelshap,0.49816957399958656,0.0987075978801364,0.9981908202171326
5473,2358,kernelshap,0.6147611297380465,0.18754503933282998,0.9835274815559387
5474,8250,kernelshap,0.4990837069167553,0.08555094962534697,0.998700737953186
5475,1655,kernelshap,0.6014522824436426,0.10197496712207794,0.9992042183876038
5476,6911,kernelshap,0.5674163056537509,0.22529679536819458,0.98585444688797
5477,1746,kernelshap,0.6280333864502609,0.08867493718862533,0.8453182578086853
5478,5794,kernelshap,0.12756512722661417,-0.02238603801496567,0.5763975381851196
5479,14,kernelshap,0.6578227082888285,0.16268077208882287,0.9254668951034546
5480,1877,kernelshap,0.36492651343345645,0.086238272190094,0.9283985495567322
5481,7888,kernelshap,0.4183913969567844,0.4390327472771917,0.6209816932678223
5482,8520,kernelshap,0.46882162525736054,0.29755374789237976,0.9945182204246521
5483,6883,kernelshap,0.8081400529814086,0.10701075409139905,0.9991248250007629
5484,3761,kernelshap,0.6804465810075785,0.27933276100800586,0.8248681426048279
5485,0,kernelshap,-0.07586562874968406,-0.18715941216106768,0.0986374020576477
5486,6831,kernelshap,0.6653314773683194,0.11792847514152527,0.9891304969787598
5487,7722,kernelshap,0.7759241532954958,0.08475056675172621,0.9989509582519531
5488,9630,kernelshap,0.440311935544014,0.2156175494194031,0.9376663565635681
5489,7672,kernelshap,0.3383845346314566,0.22717342845031194,0.9001717567443848
5490,6568,kernelshap,-0.3471073033288121,-0.06568908287278775,0.007909066043794155
5491,655,kernelshap,0.6214707333905002,0.15328478813171387,0.8710845708847046
5492,9349,kernelshap,0.5687823792298635,0.2441701524787479,0.9814972877502441
5493,4241,kernelshap,0.3266394998018558,0.17759775198422945,0.7871843576431274
5494,3023,kernelshap,0.6656517531526717,0.17243666711606478,0.919459342956543
5495,1851,kernelshap,0.6249624159383146,0.0895146994214309,0.8787786960601807
5496,349,kernelshap,0.7238567086129353,0.16288728241262765,0.9561300277709961
5497,6340,kernelshap,0.6597661008127034,0.6021786043420434,0.9189292192459106
5498,1156,kernelshap,0.5589399232583887,0.09847409935558543,0.9633340835571289
5499,3017,kernelshap,0.03982669695147446,0.017015741126877922,0.3839060366153717
5500,457,kernelshap,0.7997064126817428,0.4489822094531163,0.962230920791626
5501,2867,kernelshap,0.5446206947619264,0.42952918460253964,0.8307356834411621
5502,5033,kernelshap,0.5932686983679349,0.34610432099837524,0.7622251510620117
5503,4622,kernelshap,0.7538319496923814,0.08968090751896733,0.968241810798645
5504,6329,kernelshap,0.6818175297987181,0.43407808169722556,0.9385843276977539
5505,7081,kernelshap,0.5295504573732615,0.21779946237802505,0.9942031502723694
5506,6786,kernelshap,0.44454225326577823,0.17431765993436177,0.9111940264701843
5507,8458,kernelshap,0.5985832362435758,0.3862813822925091,0.8931017518043518
5508,5206,kernelshap,0.7101199699611198,0.4719064918960013,0.9789188504219055
5509,6053,kernelshap,-0.03644113088476247,0.29434355939256734,0.49445515871047974
5510,131,kernelshap,0.3551393944632124,0.16021509192608022,0.6107523441314697
5511,3692,kernelshap,0.6132425974522319,0.24308566536222184,0.9715312719345093
5512,6192,kernelshap,-0.05807056280005222,-0.0541741494089365,0.07993277907371521
5513,9523,kernelshap,0.7101180374440623,0.19335360788717504,0.9081476330757141
5514,4587,kernelshap,0.6782606807019975,0.08009473482767741,0.998994767665863
5515,9818,kernelshap,0.6860561462886193,0.06176319543053122,0.9988577365875244
5516,3235,kernelshap,0.7938473514902095,0.12701686223347983,0.9929218888282776
5517,8641,kernelshap,0.4516744038888386,0.43010680271046503,0.9664108753204346
5518,4879,kernelshap,0.5393301275159631,0.30862927933533985,0.9776156544685364
5519,6854,kernelshap,0.6220636935904622,0.34057717216866357,0.9529315829277039
5520,8572,kernelshap,0.7688620120461565,0.09236345067620277,0.9932454228401184
5521,3639,kernelshap,0.6392513987209115,0.07085772497313363,0.9987615346908569
5522,7358,kernelshap,0.36707285971477116,0.3889047267108128,0.7783646583557129
5523,8826,kernelshap,0.3388540318701416,0.08026907639577985,0.4840882122516632
5524,2303,kernelshap,0.6318505079515518,0.0735321044921875,0.9956327080726624
5525,7315,kernelshap,0.2902106686398901,-0.05393497954154837,0.6106830835342407
5526,5308,kernelshap,0.22830719433047555,0.2325778833844445,0.9126634001731873
5527,6808,kernelshap,0.46859352958613426,0.3757207391077074,0.8489876985549927
5528,9395,kernelshap,0.4965546946757688,0.16660617291927338,0.7789750099182129
5529,265,kernelshap,0.528244687811188,0.1445945592030235,0.8708841800689697
5530,4763,kernelshap,0.7246457762731653,0.1753639280796051,0.9855599403381348
5531,9111,kernelshap,0.49142567813396454,0.39541378368933994,0.9691193699836731
5532,6789,kernelshap,0.5535983154550195,0.05859530530869961,0.9992507100105286
5533,4597,kernelshap,0.4374364662383284,0.29372337673391613,0.9785223603248596
5534,2531,kernelshap,0.2948927122813005,0.09035974053236154,0.9853041768074036
5535,4862,kernelshap,0.42696370139266504,0.07521627166054466,0.8738942742347717
5536,7669,kernelshap,0.6999545379688865,0.0705553716734836,0.97765052318573
5537,316,kernelshap,0.6955332830548286,0.17613838377751803,0.9799106121063232
5538,1897,kernelshap,0.7135890480130911,0.5096014589071274,0.9737160801887512
5539,8860,kernelshap,0.2879222922027111,0.07129315435886383,0.9691268801689148
5540,6407,kernelshap,0.5431882963360598,0.16011819574568006,0.9932839870452881
5541,8231,kernelshap,0.8242024726727429,0.38846687709583955,0.9410664439201355
5542,8521,kernelshap,0.6788099624216557,0.08283664733171463,0.9947197437286377
5543,6112,kernelshap,-0.14696463901135656,0.007346851544247733,0.4355413317680359
5544,8128,kernelshap,0.547292266972363,0.12144767120480537,0.9890751838684082
5545,2039,kernelshap,0.7364463910667433,0.26863131009870106,0.9600508809089661
5546,103,kernelshap,0.5790892826058925,0.2862867904015077,0.9631112217903137
5547,3297,kernelshap,0.570110373198986,0.4675817936658859,0.9856247901916504
5548,794,kernelshap,0.6556498923897743,0.18838382959365846,0.9443362951278687
5549,5967,kernelshap,0.5965096289839815,0.08977649229414322,0.8289457559585571
5550,5332,kernelshap,0.6639203227618161,0.240534806952757,0.8382739424705505
5551,8586,kernelshap,0.8146311564272956,0.3724791442877368,0.9921369552612305
5552,1658,kernelshap,0.46850770499025074,0.227012547708693,0.9818339943885803
5553,3933,kernelshap,0.20832347644097876,-0.13415899782469778,0.5291715264320374
5554,6968,kernelshap,0.1726967907614178,0.12321877065632078,0.6199992895126343
5555,9469,kernelshap,0.773189618859602,0.05415069927339968,0.9769855737686157
5556,7854,kernelshap,0.6427963707182143,0.062357920739385814,0.999139666557312
5557,3210,kernelshap,0.6146861993086835,0.3927318397909403,0.9756098985671997
5558,7012,kernelshap,-0.11796536979575951,0.04308854043483734,0.264143705368042
5559,9808,kernelshap,0.18794581532478333,0.26331050872802736,0.7872603535652161
5560,2973,kernelshap,0.5165306023861232,0.12433803081512451,0.9840971231460571
5561,932,kernelshap,0.5152705705165863,0.1307444155216217,0.9866427183151245
5562,6163,kernelshap,-0.08867928993545081,-0.053211436655960585,0.026402827352285385
5563,6432,kernelshap,-0.5505556979775429,-0.12723727740347385,0.031631968915462494
5564,3497,kernelshap,0.5469144794158638,0.30084397743145624,0.7145542502403259
5565,3202,kernelshap,0.5916463487288531,0.33652152734644275,0.9831774830818176
5566,2611,kernelshap,0.19210321754217147,0.24620899458726248,0.7181421518325806
5567,9631,kernelshap,0.7194808539748192,0.0677614939212799,0.9975438714027405
5568,567,kernelshap,0.8193099024737703,0.05866219668552793,0.9992727637290955
5569,764,kernelshap,0.5782382784016205,0.10114465157190959,0.9581872224807739
5570,4366,kernelshap,0.6262415741725514,0.17301504413286845,0.8819878697395325
5571,8367,kernelshap,0.548533071489895,0.0895481057026807,0.996088981628418
5572,7360,kernelshap,0.4969234677652518,0.20691820730765662,0.950849175453186
5573,1441,kernelshap,0.18877825973665013,0.1530311265412499,0.5225072503089905
5574,921,kernelshap,0.588816698330144,0.21491862833499908,0.721268892288208
5575,8222,kernelshap,0.4141768850386143,0.3152611239680222,0.7036123275756836
5576,1794,kernelshap,0.23824469638722284,0.17290371975728444,0.984599232673645
5577,3838,kernelshap,0.178821058148363,0.09971284121274948,0.5447940230369568
5578,3122,kernelshap,0.06081856153905392,-0.06945781409740448,0.3252335488796234
5579,6127,kernelshap,0.4418955800624994,0.49155316673792326,0.9894648790359497
5580,6319,kernelshap,0.7826093088369817,0.18333185315132142,0.9655657410621643
5581,2388,kernelshap,0.7751136645674706,0.10991772077977657,0.9973189234733582
5582,4466,kernelshap,0.4751205818484659,0.316757342737654,0.7624629735946655
5583,4505,kernelshap,0.15020700253546238,-0.0858248656988144,0.30798232555389404
5584,1606,kernelshap,-0.2951867928647477,-0.10751874647710634,0.026440080255270004
5585,2147,kernelshap,0.62253587692976,0.48270898828139674,0.9894049167633057
5586,36,kernelshap,-0.10405681058764457,0.004476465284824371,0.2623435854911804
5587,9147,kernelshap,0.5597791018940154,0.05451962635630653,0.9971705079078674
5588,761,kernelshap,0.5070880703304125,0.15686081155486728,0.9777165055274963
5589,5268,kernelshap,0.5202429043129086,0.15611459501087666,0.9004117846488953
5590,3038,kernelshap,0.5615535750985146,0.45232778415083885,0.9652833938598633
5591,5503,kernelshap,-0.10377394092770723,-0.27349665417121005,0.32839009165763855
5592,5228,kernelshap,0.6933361605323595,0.34058854189412346,0.9517662525177002
5593,1623,kernelshap,0.8625640640764133,0.15050507369248764,0.9970663189888
5594,577,kernelshap,0.8600211435216752,0.06235572695732117,0.9916029572486877
5595,6426,kernelshap,0.5607693966092735,0.35274796444794226,0.9478297829627991
5596,8087,kernelshap,0.648808722182079,0.2137960517092755,0.9382505416870117
5597,8536,kernelshap,0.5657015141099692,0.5152794323861599,0.9801725745201111
5598,9564,kernelshap,0.5683788910973817,0.19554567916525734,0.6779492497444153
5599,2232,kernelshap,0.20552023677598863,0.16108512261971122,0.4855306148529053
5600,2319,kernelshap,0.5683189854025841,0.10505402088165283,0.9985079169273376
5601,5707,kernelshap,0.8363273272171934,0.12782362040053022,0.9824575781822205
5602,9690,kernelshap,0.620126795064172,0.208700576554174,0.9526093006134033
5603,5306,kernelshap,0.8006899801916197,0.2809928122319673,0.917029082775116
5604,7938,kernelshap,0.6206054426974764,0.2191205432540492,0.7688800096511841
5605,2167,kernelshap,0.6085955197499557,0.2907768284732645,0.9630782604217529
5606,637,kernelshap,0.7448838099526862,0.2935707837343216,0.9274817705154419
5607,8668,kernelshap,0.7287333901971579,0.27809949159622194,0.9877392649650574
5608,5594,kernelshap,0.09044106244774801,-0.06517282554081508,0.5761840343475342
5609,6555,kernelshap,0.6501288347774081,0.0857625123527315,0.9992969036102295
5610,8098,kernelshap,0.14489751923829317,0.05879859142005443,0.24117931723594666
5611,47,kernelshap,-0.4585624530034907,-0.16986640235956976,0.20352104306221008
5612,5505,kernelshap,0.38909619337036494,0.10644215132508959,0.98012375831604
5613,9196,kernelshap,0.33138738801846135,0.05738510076816265,0.6094520092010498
5614,8416,kernelshap,0.43651178999888623,0.11430466852404854,0.9042535424232483
5615,4509,kernelshap,0.46596704646945,0.3006450869143009,0.9717438817024231
5616,2638,kernelshap,0.5516696466571268,0.07250452216933756,0.7614095211029053
5617,8708,kernelshap,-0.027864054962992667,-0.06593196615576744,0.30860814452171326
5618,8476,kernelshap,0.521766559644179,0.0972534716129303,0.9976323843002319
5619,3080,kernelshap,0.6134468401471774,0.07771351138750712,0.9966145157814026
5620,2870,kernelshap,0.7409655436058529,0.23055911250412464,0.9444919228553772
5621,2213,kernelshap,0.4646322249489672,0.12556652286473444,0.9873278737068176
5622,6043,kernelshap,0.3840884819626808,0.18423328846693038,0.9749992489814758
5623,3798,kernelshap,0.5570087892313799,0.15112020075321198,0.8376720547676086
5624,7972,kernelshap,-0.612434595823288,-0.00413863779976964,0.04180767759680748
5625,5739,kernelshap,0.40050954669713973,0.0689292922616005,0.9992349147796631
5626,4822,kernelshap,0.7253575807108599,0.12065993687685798,0.9987514019012451
5627,9067,kernelshap,0.562746949493885,0.25042309146374464,0.9764629006385803
5628,5799,kernelshap,0.5457434812560678,0.10289675494035085,0.9974138736724854
5629,7482,kernelshap,0.6277681211630504,0.33391010761260986,0.9863818883895874
5630,2114,kernelshap,-0.04079614162445069,-0.08929902255535126,0.3841591775417328
5631,1112,kernelshap,0.5740711617283523,0.3229554663101832,0.9246504306793213
5632,8178,kernelshap,0.5623979908616646,0.05913741821828096,0.9987326264381409
5633,3717,kernelshap,0.7435156231125196,0.13564881321155664,0.9978812336921692
5634,713,kernelshap,0.48003360256552696,0.2807710734861238,0.6787249445915222
5635,872,kernelshap,-0.5489694177586999,-0.10097022587433457,0.006751407403498888
5636,1149,kernelshap,0.15537676811218262,0.10426695744196574,0.9992714524269104
5637,9299,kernelshap,0.7644823127612471,0.30647300839424135,0.9897764921188354
5638,5663,kernelshap,0.6834156603352832,0.44353916283164707,0.8241956233978271
5639,8167,kernelshap,0.7707641099890074,0.11434600324857802,0.9927402138710022
5640,3315,kernelshap,0.47292295284569263,0.09931479673832655,0.9959801435470581
5641,4588,kernelshap,0.03608421981334686,-0.08827084909986567,0.24657361209392548
5642,5098,kernelshap,0.4852121390402317,0.1310895174741745,0.8380978107452393
5643,6077,kernelshap,0.49467870481312276,0.3405350595712662,0.9428192377090454
5644,7966,kernelshap,0.68604792158294,0.3530218042433262,0.9727963805198669
5645,1020,kernelshap,0.6624438787112013,0.43928314093500376,0.9453994631767273
5646,4102,kernelshap,0.6078179816490618,0.49801827639598273,0.920638918876648
5647,5368,kernelshap,0.472011426033882,0.2081581950187683,0.7161983847618103
5648,6543,kernelshap,0.6247795057193987,0.06423848559116495,0.9991393089294434
5649,958,kernelshap,0.40994206865628563,0.08434123396873475,0.9986810088157654
5650,3846,kernelshap,0.3251420425044166,0.18228186294436455,0.7620038986206055
5651,2748,kernelshap,0.22681941530283758,0.08207438623203951,0.9026685357093811
5652,4710,kernelshap,-0.16420155178223336,-0.08971731284899372,0.01703186146914959
5653,8279,kernelshap,0.6278368958582481,0.41917974104483924,0.9681678414344788
5654,586,kernelshap,0.012390118506219652,0.06466142667664422,0.5279684662818909
5655,1817,kernelshap,0.7863937709480524,0.09078235392059598,0.9860901832580566
5656,782,kernelshap,0.6384098235931661,0.12432611816459233,0.9673630595207214
5657,8241,kernelshap,0.08334858489759041,-0.008678794810266205,0.5858674049377441
5658,335,kernelshap,0.48530135465704877,0.21341933893120807,0.9956756234169006
5659,3755,kernelshap,0.6588421814058992,0.11029185083779422,0.9958266615867615
5660,2191,kernelshap,0.7853813526384971,0.06668487366508036,0.9968668818473816
5661,9214,kernelshap,-0.13127489831475986,-0.19414422944897697,0.0821123942732811
5662,5205,kernelshap,0.6080738590344003,0.3819312249359332,0.9564659595489502
5663,6073,kernelshap,0.4091523215174675,0.4478513303745006,0.909386157989502
5664,23,kernelshap,-0.07422138708780575,-0.03515798839576104,0.10498066991567612
5665,4923,kernelshap,0.4368892285753699,0.2728993752423455,0.9979714751243591
5666,4556,kernelshap,0.5935306698083878,0.36303823441267014,0.994708776473999
5667,2012,kernelshap,0.6678277569321486,0.10964851081371307,0.9872057437896729
5668,381,kernelshap,0.517367115120093,0.2839345782995224,0.7154651880264282
5669,3127,kernelshap,0.12722787336679175,-0.2716075982898474,0.4122379422187805
5670,6398,kernelshap,0.6109109564938329,0.3584695563397624,0.8674048185348511
5671,1981,kernelshap,0.5877091022474425,0.38266620891434805,0.9807500243186951
5672,3095,kernelshap,0.6380933382931877,0.2838093252742992,0.9803153872489929
5673,6758,kernelshap,0.301331864669919,0.31067537795752287,0.8814901113510132
5674,2025,kernelshap,0.7284573763608932,0.09580961068471273,0.9958272576332092
5675,9398,kernelshap,0.42724596928147707,0.12517089878811555,0.991011381149292
5676,5100,kernelshap,0.5862225191667676,0.18937982060015202,0.9824408888816833
5677,3526,kernelshap,0.36969475116994643,0.22621449910932118,0.9539617300033569
5678,7532,kernelshap,0.5566358871403194,0.08858748418944222,0.9970130920410156
5679,3007,kernelshap,0.24319812655448914,0.04091339815279533,0.45401743054389954
5680,1084,kernelshap,0.06427123277064632,0.01063505735467462,0.1513485461473465
5681,9837,kernelshap,0.4612478844269558,0.2197220656606886,0.596534788608551
5682,9258,kernelshap,0.8078919572844392,0.2571348604701814,0.9841108322143555
5683,4503,kernelshap,0.6649572309106588,0.08700844272971153,0.9987071752548218
5684,1575,kernelshap,0.7494476560968906,0.6114774663001299,0.9715851545333862
5685,3091,kernelshap,0.6417694377402464,0.37089359362920127,0.7357624173164368
5686,2484,kernelshap,0.5021976823685691,0.21618692278862,0.8485127091407776
5687,4489,kernelshap,0.46558730446157004,0.0750195284684499,0.9980345368385315
5688,5070,kernelshap,0.6671691957162693,0.23023844696581364,0.9909849166870117
5689,5669,kernelshap,-0.080697661196744,-0.18683208028475443,0.21017926931381226
5690,2138,kernelshap,0.5967405976160712,0.13821388327557108,0.9894649982452393
5691,6580,kernelshap,0.4876123347452709,0.2272819376417569,0.9711307287216187
5692,2516,kernelshap,-0.27025351822376253,0.013907797378487885,0.11042720824480057
5693,9154,kernelshap,-0.1833759676106274,-0.06456529885530472,0.274978905916214
5694,5456,kernelshap,0.38803955415884656,0.06267161170641582,0.9836918115615845
5695,3433,kernelshap,0.5808761076015585,0.07560848196347554,0.9903010129928589
5696,3989,kernelshap,0.3559033212562402,0.13964830338954926,0.8037751913070679
5697,7422,kernelshap,0.5125754825446917,0.08505903637927512,0.9796881079673767
5698,5009,kernelshap,0.6083996319051447,0.08046444736678025,0.9990262985229492
5699,1458,kernelshap,0.5826606124639511,0.06146134833494822,0.9993515610694885
5700,952,kernelshap,0.3452193384820765,0.1621453734961423,0.8431436419487
5701,9718,kernelshap,0.7012232981230083,0.2911849915981293,0.9942337870597839
5702,960,kernelshap,0.7386906503846771,0.46417722184407084,0.9644613265991211
5703,7273,kernelshap,0.6785802626982331,0.19298487901687622,0.9376223683357239
5704,765,kernelshap,0.5482436812017113,0.223341871984303,0.9362645149230957
5705,8316,kernelshap,0.05783522374986205,0.07051393570145592,0.19361093640327454
5706,3400,kernelshap,0.6982932976421176,0.1173462685611513,0.9845474362373352
5707,2316,kernelshap,-0.36988156576725567,-0.14937099458819086,0.018750006332993507
5708,9465,kernelshap,0.8928569475561381,0.41694981455802915,0.996713399887085
5709,9346,kernelshap,0.544945925740259,0.059777408838272095,0.8224518895149231
5710,7835,kernelshap,0.7958309205248952,0.21672589033842088,0.9734372496604919
5711,4032,kernelshap,0.7527161205808321,0.3980397919813792,0.8466341495513916
5712,2029,kernelshap,0.564600566934262,0.2043931015900203,0.9097992181777954
5713,4718,kernelshap,0.6729922611266375,0.08114701509475708,0.9970710277557373
5714,286,kernelshap,-0.02936322127722881,-0.08198393068530342,0.0738685205578804
5715,908,kernelshap,0.525850314866094,0.44458743666901307,0.9955659508705139
5716,1482,kernelshap,-0.07196503115648573,-0.30994128435850143,0.08761922270059586
5717,9660,kernelshap,0.5424275922899445,0.13248979300260544,0.8790326118469238
5718,4712,kernelshap,0.591721171779292,0.357446197952543,0.9654451608657837
5719,2133,kernelshap,0.4110936760902405,0.21652653217315673,0.9697254300117493
5720,9608,kernelshap,0.5040029741823673,0.3173888623714447,0.637782096862793
5721,9774,kernelshap,-0.1414860986173153,-0.08224163592094555,0.01769173890352249
5722,9211,kernelshap,0.6851353925963243,0.27967150608698527,0.9672306776046753
5723,563,kernelshap,-0.385849403095958,-0.1256449280873589,0.138298898935318
5724,291,kernelshap,0.4915994929948023,0.24910468288830348,0.815509557723999
5725,1713,kernelshap,0.4230734242333306,0.16767531633377075,0.9630559086799622
5726,4012,kernelshap,0.6978367982166154,0.12405524402856827,0.9413648843765259
5727,8922,kernelshap,0.5925099615706131,0.523601328022778,0.9472754597663879
5728,169,kernelshap,0.5858453056391548,0.1863829756484312,0.9820221662521362
5729,267,kernelshap,0.7807064483111555,0.10668572331919815,0.994928240776062
5730,9144,kernelshap,0.7739939803878466,0.36112857758998873,0.9856160879135132
5731,3172,kernelshap,0.83599740654851,0.3092721911768119,0.988938570022583
5732,2286,kernelshap,0.7386509478092194,0.3410218926993283,0.9943828582763672
5733,315,kernelshap,0.56117930156844,0.11836724054245722,0.9978176355361938
5734,8046,kernelshap,0.7289724545553327,0.3358413179715474,0.973440408706665
5735,8822,kernelshap,0.7455672086639837,0.15680849823084744,0.9864823818206787
5736,245,kernelshap,0.7452272328082472,0.06350347896416982,0.9705380797386169
5737,5186,kernelshap,0.37431319523602724,0.49251138931140304,0.9728085398674011
5738,5421,kernelshap,0.16680526071124607,-0.01746893812108923,0.49813905358314514
5739,6065,kernelshap,0.503365163569865,0.17367560708004495,0.9990763664245605
5740,50,kernelshap,0.5279674004231181,0.08005264316286359,0.9972941279411316
5741,3021,kernelshap,0.8551016192728033,0.07826421856880188,0.9982195496559143
5742,7028,kernelshap,0.7800875350281045,0.18565979048057837,0.965724766254425
5743,1372,kernelshap,0.3787266422401775,0.4284339567477053,0.8506693840026855
5744,4176,kernelshap,0.5598401002585888,0.07648055404424667,0.9990923404693604
5745,2470,kernelshap,0.6693865073113037,0.5705090300845248,0.9309874176979065
5746,8000,kernelshap,0.439814093708992,0.11841847697893779,0.5475607514381409
5747,6156,kernelshap,0.3670711126178503,0.20499973744153976,0.982367753982544
5748,1498,kernelshap,0.5601869093047248,0.20787134545820732,0.990665853023529
5749,5868,kernelshap,0.35212475599514115,0.20354951669772467,0.9312623143196106
5750,1963,kernelshap,0.7078353960067034,0.5067611498758197,0.8469609022140503
5751,248,kernelshap,0.6127096362411976,0.09818670153617859,0.9986500144004822
5752,4771,kernelshap,0.7320670304997337,0.3530374552522387,0.9852730631828308
5753,1277,kernelshap,0.12571843603954597,-0.08665005336789523,0.27102163434028625
5754,4905,kernelshap,0.3728359454664691,0.2564452038756732,0.6508350968360901
5755,8025,kernelshap,0.6536016003893954,0.11701791768982298,0.9985993504524231
5756,2110,kernelshap,-0.09916090872138739,-0.09199781653781731,0.07043793052434921
5757,9776,kernelshap,0.5844832261002832,0.3037771746035545,0.8635206818580627
5758,2945,kernelshap,0.6398059198011955,0.35959107615053654,0.7980458736419678
5759,6249,kernelshap,0.8339580119048294,0.09324794066579718,0.9974186420440674
5760,7023,kernelshap,0.6694109549988871,0.20781420365623807,0.95558762550354
5761,795,kernelshap,0.38165990546500933,-0.034470874816179276,0.5690170526504517
5762,9717,kernelshap,0.5419039338206252,0.18342570861180624,0.7203463315963745
5763,7908,kernelshap,0.5310132812176432,0.10149408025400979,0.9495376944541931
5764,5371,kernelshap,0.5870798472315073,0.25427545607089996,0.9123121500015259
5765,9655,kernelshap,0.6323378722776066,0.057975647124377166,0.9989718198776245
5766,447,kernelshap,0.4441507664220086,0.41261503874356376,0.9808345437049866
5767,2968,kernelshap,0.5268118557961363,0.21526611635559484,0.8864446878433228
5768,2152,kernelshap,0.542480798519176,0.0821928330089735,0.999284565448761
5769,7838,kernelshap,0.4656130587277205,0.1459181775217471,0.9899728298187256
5770,4852,kernelshap,0.67765346262604,0.08032578726609547,0.9991657733917236
5771,5157,kernelshap,0.6814901093365969,0.6350833843634637,0.7988744378089905
5772,683,kernelshap,0.41533852599561216,0.29423998057842254,0.5268323421478271
5773,8118,kernelshap,0.7708520591259003,0.276140223531162,0.9499585628509521
5774,6681,kernelshap,0.7984334339698156,0.15722543994585672,0.9875630140304565
5775,5741,kernelshap,0.029367924357453983,-0.14571140334010124,0.33924996852874756
5776,1488,kernelshap,-0.21582177399020447,-0.06621756090929634,0.08262816816568375
5777,3077,kernelshap,-0.3413952795428134,-0.09391107722636192,0.20518173277378082
5778,3905,kernelshap,0.321192609100807,0.17589569091796875,0.9559391736984253
5779,8594,kernelshap,0.7595566875216636,0.19551098820838061,0.9868687987327576
5780,318,kernelshap,0.533025446197679,0.4197223042288134,0.9699850082397461
5781,856,kernelshap,-0.20272881227234998,-0.4183694154024124,0.04885304719209671
5782,7743,kernelshap,-0.22959187896601085,-0.08962648920714855,0.03411832079291344
5783,2770,kernelshap,0.5821958413081509,0.25682937502861025,0.9804602265357971
5784,3566,kernelshap,0.7030751744613928,0.23694565278642318,0.9877973198890686
5785,376,kernelshap,0.259948597555714,0.035696790154491155,0.5327397584915161
5786,410,kernelshap,0.15229004373153052,0.001821453372637431,0.6046259999275208
5787,2405,kernelshap,0.7568105285055935,0.472068939357996,0.9856457114219666
5788,3776,kernelshap,0.7752560605605443,0.2422591229279836,0.9879159927368164
5789,3946,kernelshap,0.5056595851977667,0.09304305248790318,0.9991087317466736
5790,1111,kernelshap,0.6274160657610212,0.1281307957002095,0.9971776008605957
5791,7660,kernelshap,0.3519065296038603,0.22290516243531153,0.5468052625656128
5792,8001,kernelshap,0.7424274310469627,0.06754252740315028,0.998878538608551
5793,2288,kernelshap,0.3743484893015453,0.08928224125078746,0.9621639251708984
5794,2127,kernelshap,0.7090128430205843,0.09653011871420819,0.9625570774078369
5795,5581,kernelshap,0.39346893676198447,0.41413094332584965,0.9748525619506836
5796,8256,kernelshap,0.33311943910442865,0.20992433451689207,0.4714375436306
5797,6751,kernelshap,0.5134630481402079,0.19796302517255146,0.9884673953056335
5798,9399,kernelshap,0.6896345314498131,0.47662017236535364,0.9919646978378296
5799,2233,kernelshap,0.5447233292306292,0.1547741818016973,0.988274335861206
5800,5550,kernelshap,0.4785071015357971,0.1942696338519454,0.8808023929595947
5801,274,kernelshap,0.8239059670326802,0.2714647116282812,0.993844747543335
5802,2344,kernelshap,0.6691969243033479,0.17349404593308768,0.91654372215271
5803,1568,kernelshap,0.46920738409718743,0.07256872498470804,0.7773013114929199
5804,3133,kernelshap,0.66263530245333,0.13578003825563373,0.9874024391174316
5805,6178,kernelshap,0.7032009095830076,0.1097421085133272,0.9938210844993591
5806,7955,kernelshap,0.37944452092051506,0.19038929510861635,0.6239811778068542
5807,7820,kernelshap,0.6924707283079624,0.2634237778186798,0.9777663946151733
5808,9415,kernelshap,0.6676779985427856,0.0627079274919298,0.9970239996910095
5809,2574,kernelshap,0.5461324507800432,0.22968381872543922,0.7810603976249695
5810,965,kernelshap,0.7577548632398248,0.15815305816275732,0.9737648367881775
5811,2291,kernelshap,0.7555285100049028,0.09631774077812831,0.9576125144958496
5812,5375,kernelshap,0.40919619736572105,0.39974293236931163,0.5831182599067688
5813,6670,kernelshap,0.5106145893888814,0.27891322651079725,0.9569225311279297
5814,8955,kernelshap,0.5094241038378742,0.07410115555480674,0.8580571413040161
5815,8059,kernelshap,0.6475891964510083,0.2764541720971465,0.9817341566085815
5816,2755,kernelshap,0.48775646545820767,0.13580797612667084,0.8748940825462341
5817,4474,kernelshap,0.5723301887512207,0.18407052397727966,0.7025526762008667
5818,3910,kernelshap,0.2251467795244285,0.2261362373828888,0.8572461605072021
5819,2002,kernelshap,0.3435702144223101,0.22587520410032833,0.557475745677948
5820,4794,kernelshap,0.8694400350962367,0.49032918825036004,0.958869218826294
5821,8644,kernelshap,0.5420962707013697,0.38433896468297857,0.9397147297859192
5822,6394,kernelshap,0.5667806572534821,0.16055004705082287,0.8152373433113098
5823,5339,kernelshap,0.5738447917544324,0.051304245772569076,0.9555580615997314
5824,1730,kernelshap,0.5860043430946907,0.2563655708196028,0.9871309399604797
5825,2360,kernelshap,0.4001536349003965,0.38336157121441583,0.8205083012580872
5826,9379,kernelshap,0.5597494167408773,0.08074905510459628,0.9982419013977051
5827,9058,kernelshap,0.5633245834873782,0.14019227193461525,0.9928626418113708
5828,9028,kernelshap,0.6212154771201313,0.23793192758845785,0.743569552898407
5829,7579,kernelshap,0.5495558042417873,0.16465683010491458,0.9975056052207947
5830,6428,kernelshap,0.8467530694447065,0.32527407533244085,0.9844633340835571
5831,1068,kernelshap,0.627914731831927,0.10378380198227732,0.9936570525169373
5832,5337,kernelshap,0.21887331159616058,-0.015265975486148487,0.4448939561843872
5833,1071,kernelshap,0.6478079122801622,0.08345937356352806,0.9988334774971008
5834,9456,kernelshap,0.6178319314494729,0.11180280645688374,0.9985318183898926
5835,5020,kernelshap,0.9048223199788481,0.23794041015207767,0.9806566834449768
5836,2115,kernelshap,0.3307419156793643,0.21402086483107674,0.8506048321723938
5837,5910,kernelshap,0.8294024797937563,0.20143758097002584,0.9961621761322021
5838,8448,kernelshap,0.33848824564899715,0.23292707460267204,0.701435387134552
5839,3132,kernelshap,-0.05388921190952432,-0.09332196979687132,0.4868643879890442
5840,7703,kernelshap,-0.35818930145572214,-0.19679214849191554,0.223622128367424
5841,474,kernelshap,0.7057810226536315,0.40129530008720316,0.994484007358551
5842,8441,kernelshap,-0.19931863035474504,-0.24437794195754187,0.23817136883735657
5843,7584,kernelshap,0.2940388212078496,0.20475439178316215,0.9492752552032471
5844,3085,kernelshap,-0.25004243559163547,-0.37092564676118933,0.23385700583457947
5845,8856,kernelshap,0.20051408789697148,-0.10625913668246496,0.31132039427757263
5846,5936,kernelshap,0.723500303030014,0.09949280142784118,0.9920076131820679
5847,3397,kernelshap,0.5207212989528974,0.5565248982359966,0.9834859371185303
5848,4309,kernelshap,0.5451819176475207,0.3837354140622275,0.8724483847618103
5849,6169,kernelshap,0.7481997798662633,0.4499672815203667,0.9829633235931396
5850,3693,kernelshap,0.698400516808033,0.23604962627092999,0.909570038318634
5851,1691,kernelshap,0.5896618120810565,0.5261638453778099,0.8415865898132324
5852,4333,kernelshap,0.5786284222625769,0.1305202727134411,0.9487396478652954
5853,9574,kernelshap,0.3405590996146202,-0.09301868975162506,0.6648756861686707
5854,8619,kernelshap,0.3374836343739714,0.5242215812738452,0.9243751168251038
5855,6832,kernelshap,0.15112389276989482,0.05951996012167497,0.2816162705421448
5856,3795,kernelshap,-0.07804555798831739,-0.09293574800616816,0.0901736244559288
5857,4649,kernelshap,0.5742922616856438,0.15800322805132186,0.9974777102470398
5858,9226,kernelshap,0.6267798758215375,0.3554859260718028,0.9909680485725403
5859,7372,kernelshap,0.5866543000628208,0.08344981382633078,0.8311757445335388
5860,4929,kernelshap,0.3967126096647821,0.21468486127100492,0.5342320203781128
5861,4233,kernelshap,0.15869842395186423,0.053287259737650555,0.3242146372795105
5862,1145,kernelshap,0.6344001101596015,0.12281708206449236,0.9932345747947693
5863,3111,kernelshap,0.0906651652253726,0.01493289354531204,0.2920514643192291
5864,8737,kernelshap,0.2284021313701357,-0.12073229608081636,0.46964770555496216
5865,2592,kernelshap,0.5754632236702102,0.12441467813083104,0.9651551246643066
5866,9142,kernelshap,0.6451358199119568,0.0939569789916277,0.9984855055809021
5867,624,kernelshap,-0.17406135150231422,-0.06008574049919844,0.0037006644997745752
5868,9043,kernelshap,0.25771873560734093,0.27745667805797175,0.6180819272994995
5869,3283,kernelshap,0.5497128313096861,0.03114752471446991,0.7244116067886353
5870,6341,kernelshap,0.5898755880693595,0.18178791602452596,0.9341745376586914
5871,7522,kernelshap,0.5659402424567624,0.24207899209700132,0.8751927018165588
5872,9585,kernelshap,0.8343048915266991,0.29286389410495756,0.9637162089347839
5873,7440,kernelshap,0.4725011409475253,0.32528078813965505,0.9106724262237549
5874,668,kernelshap,0.5817442842892238,0.3578111137662615,0.9771119952201843
5875,6750,kernelshap,0.37590040178859935,0.05733295047984404,0.7939133048057556
5876,5165,kernelshap,0.4818974214677627,0.31723982038406223,0.9004144072532654
5877,5279,kernelshap,0.5723312482559344,0.3816943480854943,0.6311140060424805
5878,582,kernelshap,0.5880769305707266,0.27575649155510795,0.9404832124710083
5879,3945,kernelshap,0.4224812471204334,0.2904682407776515,0.9854174256324768
5880,7688,kernelshap,0.8131016691525778,0.3352399411655608,0.9589623212814331
5881,7614,kernelshap,0.6988633144646883,0.2180985858043035,0.9821305871009827
5882,1208,kernelshap,0.6362303466070444,0.1874275255948305,0.9626829028129578
5883,7944,kernelshap,0.5161707811639644,0.10897328983992338,0.7860307097434998
5884,5030,kernelshap,-0.4168982827104628,-0.37241796124726534,0.236908957362175
5885,76,kernelshap,0.7530100531452759,0.24949701130390167,0.9433724284172058
5886,6693,kernelshap,0.5875125395901063,0.17050342524752898,0.9601569175720215
5887,9478,kernelshap,0.5299386188387871,0.21905851662158965,0.9977123737335205
5888,9464,kernelshap,0.7699586859768411,0.1434501459201177,0.9984645843505859
5889,1175,kernelshap,0.6094716457383973,0.09730888264519828,0.9976218342781067
5890,592,kernelshap,0.4442035953203837,0.17079241474469503,0.9835613369941711
5891,3774,kernelshap,0.21997918594967236,-0.1426171904260462,0.6491615772247314
5892,5676,kernelshap,0.5378566608498139,0.1770333924463817,0.9932020306587219
5893,7362,kernelshap,-0.16515945519010225,-0.11710946334318982,0.021230775862932205
5894,1470,kernelshap,0.7308699131943286,0.46387037813663484,0.9004700779914856
5895,705,kernelshap,0.47964972456296284,0.12764440973599753,0.9899735450744629
5896,1688,kernelshap,0.5488337089375752,0.3859874220882974,0.9569684267044067
5897,4828,kernelshap,-0.05212997110641521,-0.12075287168440611,0.11255019903182983
5898,5386,kernelshap,0.7993685372639447,0.10515340976417065,0.9906601309776306
5899,4564,kernelshap,0.675735925765414,0.12604041946561714,0.977460503578186
5900,7450,kernelshap,0.5295014860374587,0.2362835854291916,0.8191325068473816
5901,9324,kernelshap,0.20752482612927756,0.07158752834355389,0.9094321131706238
5902,4747,kernelshap,0.7395622236163992,0.06509478939206977,0.9961383938789368
5903,4303,kernelshap,0.7567181304217346,0.06296967402581245,0.9986164569854736
5904,6460,kernelshap,0.45767608594478054,0.25868992069188285,0.7737427353858948
5905,6239,kernelshap,0.3946343923316282,0.5977360904216766,0.9465147256851196
5906,7766,kernelshap,0.5886061365405718,0.17169049878915152,0.9988646507263184
5907,6739,kernelshap,0.7957925237715244,0.28292106701569125,0.9799646139144897
5908,8336,kernelshap,0.7835477157495916,0.2466762779014451,0.9781419634819031
5909,3464,kernelshap,0.581972424685955,0.24597804844379426,0.8936687707901001
5910,1509,kernelshap,0.3019077777862549,0.0905232322216034,0.9985836744308472
5911,4978,kernelshap,0.6463058590888977,0.06205345257636039,0.9946236610412598
5912,6008,kernelshap,0.27076243250458326,0.15862398015128243,0.9419310092926025
5913,5730,kernelshap,0.7633666300347873,0.11865970811673573,0.9976480603218079
5914,8334,kernelshap,0.6158072149329301,0.2613611953953902,0.9408236742019653
5915,4883,kernelshap,0.6247221587225795,0.18494445383548735,0.9746667742729187
5916,9740,kernelshap,0.12537125000157034,0.06111733987927437,0.27459877729415894
5917,3299,kernelshap,0.6513992530914644,0.2663668195406596,0.8792740106582642
5918,594,kernelshap,0.5524506764141498,0.45445504674205073,0.8034461736679077
5919,5521,kernelshap,-0.48651983340581256,-0.1880821237961451,0.07526755332946777
5920,6867,kernelshap,0.6480583697557449,0.34046196440855664,0.9303038120269775
5921,7999,kernelshap,0.5007585934585049,0.17268690041133336,0.9823766946792603
5922,7073,kernelshap,0.645846301206836,0.08686998045002972,0.995196521282196
5923,2876,kernelshap,0.42162241825135427,0.007694032043218613,0.8164443969726562
5924,5595,kernelshap,0.6006302191660955,0.4166570615309935,0.9568975567817688
5925,8508,kernelshap,0.542135395464443,0.09577681904747373,0.998704195022583
5926,9525,kernelshap,0.503320528043283,0.11564454919583089,0.9983298182487488
5927,4335,kernelshap,0.6632297093478533,0.31835040278159654,0.7484444379806519
5928,4540,kernelshap,0.1848812566863166,0.006073935164345635,0.662774384021759
5929,10,kernelshap,0.2369117742335355,0.13498297885612207,0.676043689250946
5930,8757,kernelshap,0.42165352991133026,0.07063159707820776,0.8583734035491943
5931,1217,kernelshap,0.15945531241595745,0.07786762797170216,0.4207135736942291
5932,1224,kernelshap,0.4728780667419019,0.002948627523753954,0.8717190027236938
5933,3206,kernelshap,0.5463021665345877,0.15038852393627167,0.9135860204696655
5934,93,kernelshap,0.36829503720788204,0.2788314221669798,0.47734296321868896
5935,8057,kernelshap,0.04179915849651609,-0.2002904338496072,0.34241586923599243
5936,2455,kernelshap,0.5624932389367711,0.20389411801641638,0.9918931722640991
5937,1247,kernelshap,-0.12733955993442922,-0.07258735758227271,0.26139381527900696
5938,2251,kernelshap,0.39532580723365146,0.20338358150588143,0.730139434337616
5939,6380,kernelshap,-0.06538482116801399,-0.21308304050139018,0.14159831404685974
5940,4708,kernelshap,-0.1408321336875188,-0.1778596349478025,0.012500850483775139
5941,7864,kernelshap,-0.3264618245884776,-0.12437449698336422,0.1561078131198883
5942,3916,kernelshap,0.8396577374078333,0.38154859928523793,0.9844939112663269
5943,3105,kernelshap,0.6583713022992015,0.13871503869692484,0.879534900188446
5944,292,kernelshap,0.7658439319994714,0.04690600545318038,0.9789100289344788
5945,7616,kernelshap,0.3155315887360346,0.48885026290303185,0.9918926954269409
5946,2083,kernelshap,-0.4262930258576359,-0.1267030458365168,0.12507806718349457
5947,4381,kernelshap,-0.14775298163294792,-0.2779046663393577,0.24327923357486725
5948,4291,kernelshap,0.5106856729835272,0.21359944436699152,0.9728783965110779
5949,5404,kernelshap,-0.1367274169623852,0.11408973565325141,0.23106242716312408
5950,6637,kernelshap,-0.47325835372076225,-0.05539902745697059,0.006541180424392223
5951,1090,kernelshap,0.5049043587025475,0.2592889245818643,0.9117666482925415
5952,8570,kernelshap,0.8022473432938568,0.32502105459570885,0.9812398552894592
5953,6206,kernelshap,0.6255985595859014,0.31661423926170057,0.7228499054908752
5954,6843,kernelshap,0.5285671265287832,0.453354800966653,0.9947540760040283
5955,1078,kernelshap,0.614891281022745,0.10809990062433131,0.9969197511672974
5956,1188,kernelshap,-0.0005119813233613968,-0.08753560602664948,0.13437055051326752
5957,3984,kernelshap,0.759047371438808,0.06683681629322193,0.9324776530265808
5958,1369,kernelshap,0.6776161144741557,0.10805614834482019,0.9991320967674255
5959,8348,kernelshap,0.5149526734437261,0.11766086731638227,0.998160183429718
5960,5987,kernelshap,-0.07313012361526489,0.008831942081451416,0.4486486613750458
5961,1599,kernelshap,0.14816669254533707,0.15841331909741124,0.5613055229187012
5962,4573,kernelshap,0.6118802501131659,0.10180609446504842,0.9985387325286865
5963,5173,kernelshap,0.46799794756449187,0.1987273945258214,0.9868719577789307
5964,6459,kernelshap,0.5978647296627363,0.1822710641556316,0.7583831548690796
5965,4404,kernelshap,-0.2548252135515213,-0.16880447007715702,0.26380324363708496
5966,7585,kernelshap,0.33454386165572536,-0.12909717029995388,0.5379230976104736
5967,8225,kernelshap,0.618091997097839,0.08398082581433383,0.9788225293159485
5968,4209,kernelshap,0.2352314814226702,0.0691180557012558,0.6795138716697693
5969,1418,kernelshap,0.5544084439936438,0.31287778051275955,0.9834221005439758
5970,3309,kernelshap,0.625551353740905,0.31198959957276073,0.935121476650238
5971,9362,kernelshap,0.4874259027696791,0.22596677570115953,0.7081358432769775
5972,6492,kernelshap,0.5986351726783646,0.3467152623666657,0.8727192282676697
5973,7841,kernelshap,0.5629355643565456,0.0753627469142278,0.9991457462310791
5974,3037,kernelshap,-0.25635043388375867,-0.007416100312884037,0.1370203197002411
5975,1825,kernelshap,0.6974077090620995,0.11334122816721598,0.9200100898742676
5976,3842,kernelshap,0.35537319847693044,-0.04833259930213293,0.551689088344574
5977,4522,kernelshap,-0.44837879630116123,-0.06081411166815087,0.003012626664713025
5978,1569,kernelshap,-0.027345608764638502,-0.09042522947614391,0.09190179407596588
5979,1261,kernelshap,0.4959891540929675,0.1971201291307807,0.9530791640281677
5980,4918,kernelshap,0.5331860116936944,0.08760766955939206,0.9733685851097107
5981,5273,kernelshap,0.2756310556874131,0.2700981976407947,0.9524369835853577
5982,2478,kernelshap,0.5210984517869196,0.11152540696294684,0.9819694757461548
5983,5795,kernelshap,0.6435689885790149,0.17064789434274039,0.9339596629142761
5984,6864,kernelshap,0.6964387288689613,0.1541974139213562,0.9809978604316711
5985,1616,kernelshap,0.019611683736244837,0.08001656134923299,0.3876338303089142
5986,6913,kernelshap,0.4831206747889519,0.06011602997779846,0.9976267218589783
5987,2236,kernelshap,0.6334182665804806,0.3379685204962026,0.901846170425415
5988,7618,kernelshap,0.869072584216209,0.3512331229798934,0.984653651714325
5989,5447,kernelshap,0.3701723978066674,0.1973705028112118,0.9519686698913574
5990,5554,kernelshap,0.6344286865171265,0.21068602800369263,0.7664573788642883
5991,7212,kernelshap,0.47903073898383547,0.11197161106836229,0.9923976063728333
5992,7352,kernelshap,0.6127189695835114,0.3450554978847504,0.9823411703109741
5993,2533,kernelshap,0.42690207373078276,0.22913142021109417,0.9566816091537476
5994,5950,kernelshap,-0.1988380546323382,-0.05047346400813414,0.015209407545626163
5995,7947,kernelshap,0.6211864719167352,0.158816334605217,0.9940505623817444
5996,2689,kernelshap,0.5034985782371627,0.3323362138536241,0.7978682518005371
5997,3110,kernelshap,0.8724129947905357,0.33978590483848864,0.9963325262069702
5998,4397,kernelshap,0.006407822966575622,0.044489206075668336,0.31896790862083435
5999,2935,kernelshap,0.5608093192179998,0.246471190204223,0.8999387621879578
6000,9632,occlusion_1,0.80407027914547,0.1279543420443168,0.9681628346443176
6001,9282,occlusion_1,0.24196323124985947,0.09202503844311363,0.9990247488021851
6002,106,occlusion_1,-0.12783438279744117,-0.020994443566568436,0.15904000401496887
6003,1446,occlusion_1,0.4477694445365184,0.30969621764646993,0.957824170589447
6004,1513,occlusion_1,0.46255318524644656,0.12649473723243265,0.8942596316337585
6005,6498,occlusion_1,-0.10145696174157293,-0.037652504287267984,0.35145363211631775
6006,6973,occlusion_1,0.7258424764232976,0.06637064686843328,0.9980524778366089
6007,4952,occlusion_1,0.4986967444419861,0.16249308531934564,0.9622885584831238
6008,8552,occlusion_1,0.6894882348450747,0.12114551121538336,0.9872360825538635
6009,3027,occlusion_1,-0.3151000008771294,-0.05193890690019256,0.053609464317560196
6010,2760,occlusion_1,0.6269256539642811,0.1044039960950613,0.7212817668914795
6011,3060,occlusion_1,0.7069725798709052,0.29992217889853884,0.9723584055900574
6012,33,occlusion_1,0.6993727044147604,0.1705193957861732,0.9623281955718994
6013,1349,occlusion_1,0.5593081805855036,0.2651429297402501,0.8265097141265869
6014,4934,occlusion_1,0.5465289190411567,0.07192802280187607,0.9679321050643921
6015,2680,occlusion_1,0.4709325043424483,0.13263341496067663,0.9950430393218994
6016,9074,occlusion_1,0.5061214367548624,0.12228361434406704,0.9623054265975952
6017,5414,occlusion_1,0.659891824875223,0.24740639015247948,0.9898973703384399
6018,6663,occlusion_1,0.7198072595056146,0.1285835545171391,0.9978005290031433
6019,5286,occlusion_1,0.6068932126419475,0.14099813997745514,0.9718378782272339
6020,3782,occlusion_1,0.3714674322400242,0.186724454164505,0.9555014371871948
6021,4516,occlusion_1,-0.2144004498841241,-0.1382761225104332,0.26527026295661926
6022,4554,occlusion_1,-0.0069485047589177675,-0.015864461660385132,0.5958682894706726
6023,1595,occlusion_1,0.6359093823434355,0.15295707147855025,0.9713711738586426
6024,3857,occlusion_1,0.45478300495845514,0.20461589897551188,0.9562403559684753
6025,3337,occlusion_1,0.8676257834125024,0.08379829388398391,0.9958930015563965
6026,9255,occlusion_1,0.7355977462288658,0.39751903797898974,0.9361338019371033
6027,1383,occlusion_1,0.3076265020214993,0.23162602471268695,0.756279468536377
6028,4860,occlusion_1,0.6344522081337691,0.1257833937803904,0.9939751029014587
6029,7275,occlusion_1,0.650883203615313,0.1686001251573148,0.9952195286750793
6030,8740,occlusion_1,0.6133698325138539,0.2347215712070465,0.9622189998626709
6031,1155,occlusion_1,0.4560580266558606,0.06866862592489822,0.9724428653717041
6032,6725,occlusion_1,0.7269879400375343,0.27018261878263383,0.8771812319755554
6033,1076,occlusion_1,0.291652897638934,0.12184853213174003,0.8524025678634644
6034,3058,occlusion_1,0.7853045574340382,0.2477513983061439,0.9388748407363892
6035,4586,occlusion_1,0.4844377120956779,0.12712301115194957,0.842685341835022
6036,1791,occlusion_1,0.6272203622815701,0.24437263779915297,0.8261635899543762
6037,6325,occlusion_1,0.6796772224207719,0.08359296719233195,0.9986565113067627
6038,7506,occlusion_1,0.31348489556047654,0.10251384145683712,0.9964942336082458
6039,6495,occlusion_1,0.5715126128573167,0.07488054037094116,0.9987700581550598
6040,9542,occlusion_1,0.6246273411731971,0.2223222851753235,0.9656192660331726
6041,4694,occlusion_1,0.43286478759781005,0.15975276981630632,0.9920693635940552
6042,8369,occlusion_1,-0.15252844606422716,-0.04798303453976081,0.01818203367292881
6043,7093,occlusion_1,-0.011362446189829798,-0.17785356803373856,0.379228413105011
6044,2794,occlusion_1,0.49704437285823666,0.14383483840071637,0.9661273956298828
6045,39,occlusion_1,0.5093058752653662,0.14298868660003908,0.9776915311813354
6046,7478,occlusion_1,-0.11994942162624177,-0.10376273007953868,0.03629209101200104
6047,1253,occlusion_1,0.3670822083950043,0.11607467844372704,0.9669159650802612
6048,360,occlusion_1,0.37361408805563334,0.12014908237116677,0.8149926066398621
6049,9638,occlusion_1,0.6004861533375723,0.1555590315588883,0.8515133261680603
6050,1726,occlusion_1,0.7291097912718268,0.26983484976431904,0.9851669669151306
6051,439,occlusion_1,-0.2196669921448285,-0.11085164098238404,0.032697852700948715
6052,5267,occlusion_1,0.08039581633227713,0.07098759053384557,0.36365991830825806
6053,4337,occlusion_1,0.7697334789857269,0.2095683240890503,0.9380333423614502
6054,7724,occlusion_1,0.4716366477883779,0.2746639704475036,0.9108648300170898
6055,7676,occlusion_1,0.626820807158947,0.29441838612159094,0.9552843570709229
6056,8913,occlusion_1,0.5292572241563064,0.26636483577581554,0.9871233701705933
6057,2492,occlusion_1,0.7072500579059124,0.33969189167022706,0.8015820980072021
6058,7462,occlusion_1,0.6809885173147037,0.1329553940079429,0.9383172988891602
6059,7430,occlusion_1,0.44111351331230253,0.20763466972857714,0.8598186373710632
6060,6620,occlusion_1,0.3406970897340216,0.11306034401059151,0.962418794631958
6061,6221,occlusion_1,0.6385288402024243,0.12760747141308254,0.9842601418495178
6062,8844,occlusion_1,0.36893690751854924,-0.02282698317007585,0.6842954158782959
6063,4518,occlusion_1,0.4647535969813665,0.20322899023691812,0.7940210103988647
6064,1684,occlusion_1,0.7423296070524624,0.10267594882420131,0.989425539970398
6065,29,occlusion_1,0.54217296342055,0.07200344072447883,0.9986901879310608
6066,6475,occlusion_1,0.5278959132376171,0.050078636833599637,0.7889692783355713
6067,6691,occlusion_1,0.005234300609557859,-0.04466561636617107,0.5658720135688782
6068,1747,occlusion_1,0.7365003949403763,0.24932892441749574,0.9513521194458008
6069,5559,occlusion_1,0.33181871473789215,0.09116941264697484,0.9991921782493591
6070,3325,occlusion_1,0.5378411047160625,0.22448721528053284,0.8735811710357666
6071,4525,occlusion_1,0.6665376164019108,0.11690366640686989,0.9951671361923218
6072,5434,occlusion_1,0.5477416856059184,0.11441184456149738,0.9970090985298157
6073,2129,occlusion_1,0.7479112858159674,0.16323361131880018,0.9861270189285278
6074,5441,occlusion_1,0.5218897341070948,0.1374143571467013,0.9363431930541992
6075,9420,occlusion_1,-0.2820695796433617,0.0010578746304792516,0.25969892740249634
6076,1330,occlusion_1,0.8145669653196819,0.0632806435227394,0.9988986253738403
6077,7369,occlusion_1,-0.4300544308498502,-0.010284502059221268,0.06309627741575241
6078,2275,occlusion_1,0.5915253320161034,0.08061811152626486,0.9988258481025696
6079,1765,occlusion_1,0.5272936095362124,0.08869101171908171,0.9983768463134766
6080,9131,occlusion_1,0.594747099383124,0.11705379239444075,0.991392970085144
6081,6095,occlusion_1,0.5992527860014335,0.23164781830880954,0.7672213315963745
6082,1263,occlusion_1,0.7686063245249292,0.16995816305279732,0.9291120767593384
6083,1142,occlusion_1,0.34278301631703095,0.08366204009336584,0.9987917542457581
6084,7797,occlusion_1,0.6277796510193083,0.1005437324444453,0.9992775321006775
6085,4989,occlusion_1,0.2332661971449852,-0.06954697976189275,0.35265183448791504
6086,4395,occlusion_1,0.6685640883039344,0.2792120176282796,0.9159936904907227
6087,5333,occlusion_1,0.8223178307808032,0.08066131671269734,0.985869288444519
6088,8163,occlusion_1,0.8758196224754845,0.07364548200910742,0.996148943901062
6089,8995,occlusion_1,0.7445905866676613,0.19174338088316076,0.8720892071723938
6090,9568,occlusion_1,0.4921448721550405,0.11277903119723003,0.9862967729568481
6091,6098,occlusion_1,0.31242847671875584,0.4094598307632483,0.7101991772651672
6092,7278,occlusion_1,0.7862205182512602,0.1079599658648173,0.9797466993331909
6093,1516,occlusion_1,0.6644431505352258,0.2980629064142704,0.936162531375885
6094,3501,occlusion_1,0.32720507255622316,0.2519630662032536,0.9401589035987854
6095,4371,occlusion_1,0.3788042238447815,0.2761691347695887,0.5645428895950317
6096,7736,occlusion_1,0.7277728128449424,0.12782764953115713,0.9857485890388489
6097,1683,occlusion_1,0.2800330168567598,0.18703137710690498,0.6186842322349548
6098,1631,occlusion_1,0.7379309974965595,0.30520763709431603,0.9548134207725525
6099,4601,occlusion_1,-0.02630870825340671,-0.028755148572306478,0.23664434254169464
6100,6956,occlusion_1,0.6412246346473693,0.2197709387540817,0.9766616225242615
6101,8482,occlusion_1,0.0628709843955361,-0.32720120633259797,0.14265330135822296
6102,9095,occlusion_1,0.5736772616704305,0.17738272349039713,0.9724326133728027
6103,7344,occlusion_1,0.6865005142710827,0.07584679347497446,0.9950860142707825
6104,1732,occlusion_1,0.6798969951386635,0.11587303189130929,0.8685068488121033
6105,4373,occlusion_1,0.6571645641868765,0.1381141407923265,0.9838618636131287
6106,971,occlusion_1,0.13453498855233192,0.18166588433086872,0.8528238534927368
6107,6578,occlusion_1,0.5710149462942758,0.40939488758643466,0.8421292901039124
6108,1453,occlusion_1,0.6399113347655848,0.10355617498096667,0.9988403916358948
6109,80,occlusion_1,-0.32060373867196695,-0.06936190252391887,0.009197588078677654
6110,8908,occlusion_1,0.5623000772560344,0.15226773304097793,0.9895087480545044
6111,96,occlusion_1,0.5724745072424412,0.07133672833442688,0.9992652535438538
6112,4376,occlusion_1,0.37007086552106416,0.20045004670436567,0.9677006602287292
6113,3207,occlusion_1,0.582060167018105,0.3980097481433083,0.943618893623352
6114,6462,occlusion_1,0.5128465207184062,0.1726504353915944,0.9625318050384521
6115,6220,occlusion_1,0.30563371235297787,0.13777364956008065,0.8176868557929993
6116,3279,occlusion_1,0.3140584459262235,0.0578494668006897,0.9982277750968933
6117,8741,occlusion_1,0.6580832368584678,0.06901777141234454,0.9531933665275574
6118,8758,occlusion_1,0.7111642310286269,0.22225754927186406,0.9484697580337524
6119,5396,occlusion_1,0.3499338562999453,0.3168756447377659,0.9956110119819641
6120,2855,occlusion_1,0.8342377583185832,0.17295525868733724,0.9624814391136169
6121,1862,occlusion_1,0.7187656213625752,0.18952170630981183,0.9382230043411255
6122,7659,occlusion_1,0.5484919673385652,0.2034747773731077,0.6496463418006897
6123,8446,occlusion_1,0.5762681355699897,0.104442885145545,0.999000608921051
6124,5152,occlusion_1,0.7382590216067102,0.14952447679307726,0.9934417009353638
6125,2903,occlusion_1,-0.06888094351648591,-0.311576152436955,0.09596315026283264
6126,7581,occlusion_1,0.6724094154934088,0.23867617249488832,0.9800508618354797
6127,9431,occlusion_1,0.6793451939250671,0.17543776946909287,0.9518901109695435
6128,8948,occlusion_1,0.5679791424613954,0.17572000351819125,0.9274129867553711
6129,2486,occlusion_1,0.33897364992299117,-0.011969798377582006,0.3828200697898865
6130,5552,occlusion_1,0.453285559390982,0.03955621520678202,0.704188883304596
6131,5479,occlusion_1,0.48638869424661,0.08929198980331421,0.9940979480743408
6132,3894,occlusion_1,0.3420791544697501,0.10243907435373827,0.9003875255584717
6133,9430,occlusion_1,-0.34206005856394767,-0.25743162294051475,0.009144823998212814
6134,9766,occlusion_1,0.7206994213518643,0.21047006263619378,0.9533199071884155
6135,4355,occlusion_1,0.35367896341319593,0.12109057498829705,0.5043207406997681
6136,2833,occlusion_1,0.785130839018772,0.24286189364890257,0.9334944486618042
6137,3328,occlusion_1,0.609814298649629,0.33834539271063274,0.9440211653709412
6138,8019,occlusion_1,-0.41720379488542675,-0.2512809957067172,0.06508404016494751
6139,3424,occlusion_1,0.7539457280188799,0.24738674163818358,0.9666966795921326
6140,4539,occlusion_1,0.41206811768589197,0.10652970715805336,0.9976791739463806
6141,4921,occlusion_1,0.5435662204804628,0.10805300007695737,0.8028798699378967
6142,3469,occlusion_1,0.8479945326844851,0.3123587588469187,0.9772527813911438
6143,5705,occlusion_1,0.23452940642833708,0.09328385591506957,0.9992376565933228
6144,311,occlusion_1,0.4861364628259952,0.04731911993943728,0.8606887459754944
6145,9045,occlusion_1,0.7515097782902774,0.151526492976007,0.8220238089561462
6146,2619,occlusion_1,-0.2327868613446581,-0.0862266225098022,0.051463108509778976
6147,789,occlusion_1,0.43045522769292194,0.14168773839871088,0.9990278482437134
6148,2742,occlusion_1,0.6035051520913839,0.3276515409350395,0.7575263977050781
6149,5653,occlusion_1,0.36312556577225524,0.18578658998012543,0.9503976702690125
6150,483,occlusion_1,-0.22842768681320277,-0.05836199579591101,0.06002400815486908
6151,8113,occlusion_1,-0.38545346223726507,-0.12964521094066342,0.09422348439693451
6152,8478,occlusion_1,0.6721939399619313,0.055475007085239184,0.9410490393638611
6153,1199,occlusion_1,0.7606964620451132,0.16662659782629746,0.9228596687316895
6154,5507,occlusion_1,-0.2193592330440879,-0.039090220304206016,0.009515474550426006
6155,3653,occlusion_1,0.5223935803300456,0.10313682336556285,0.9983776807785034
6156,5065,occlusion_1,0.8538191993446911,0.4231744811815374,0.9639037847518921
6157,1626,occlusion_1,0.656797356531024,0.17169627100229262,0.9438416361808777
6158,7661,occlusion_1,0.7699316782190612,0.31242525891253825,0.8957914710044861
6159,6837,occlusion_1,0.5336554623816324,0.06382818325706151,0.9946617484092712
6160,7655,occlusion_1,0.5831385826071104,0.09857465657922956,0.999207079410553
6161,8538,occlusion_1,0.5989084281027317,0.24905295031411306,0.9960850477218628
6162,1775,occlusion_1,0.3621823692783004,-0.04315298511868432,0.5390658974647522
6163,9643,occlusion_1,0.8462993212160654,0.16507654637098312,0.9645392894744873
6164,8884,occlusion_1,0.6292124152664216,0.08304111899868134,0.9989134073257446
6165,6778,occlusion_1,0.7620136619855961,0.06733160217603047,0.9992440938949585
6166,2340,occlusion_1,0.6207177250513009,0.15049020094530924,0.9991305470466614
6167,7226,occlusion_1,-0.3133849596858702,-0.058565984522415834,0.00604955805465579
6168,1472,occlusion_1,0.5832679271697998,0.11149303544135321,0.9698266983032227
6169,8187,occlusion_1,0.5998311212493314,0.17183414515521792,0.9685565233230591
6170,6250,occlusion_1,0.702014420990293,0.21351955282060722,0.9656291604042053
6171,2335,occlusion_1,0.05318492899338404,0.25267494552665287,0.5073877573013306
6172,8981,occlusion_1,-0.10700258206842202,-0.14323843589850835,0.4453115165233612
6173,8685,occlusion_1,0.7386397722594696,0.232219863554527,0.9569483399391174
6174,251,occlusion_1,0.552847656311796,0.1168974988600787,0.9886131286621094
6175,2732,occlusion_1,0.7608745966983192,0.22183562376919916,0.9872681498527527
6176,4329,occlusion_1,0.3675871069232623,0.10121481368939082,0.5334991216659546
6177,9545,occlusion_1,0.7131907305576735,0.08339143544435501,0.9947755336761475
6178,2337,occlusion_1,0.6637464053928852,0.08992523948351543,0.9955561757087708
6179,8695,occlusion_1,0.5346559226032226,0.22883571251746146,0.9932746887207031
6180,2215,occlusion_1,0.5407394125081953,0.24314274958201818,0.8041255474090576
6181,5436,occlusion_1,0.5714165724459148,0.07141495602471488,0.9989970326423645
6182,5058,occlusion_1,0.650328667932435,0.1990458165344439,0.8731930255889893
6183,9548,occlusion_1,0.7647855902981499,0.08127438762913579,0.997448205947876
6184,108,occlusion_1,0.691300013102591,0.13074017067750296,0.9916799664497375
6185,3019,occlusion_1,0.6062656939029694,0.0995321162045002,0.9842510223388672
6186,487,occlusion_1,0.3729619936396678,-0.1375009367863337,0.7389118075370789
6187,2436,occlusion_1,0.5811197651970771,0.15633644403949862,0.9545406103134155
6188,2417,occlusion_1,0.7240993447601796,0.04867966622114182,0.981460452079773
6189,2684,occlusion_1,0.5358045204826023,0.06799014754917311,0.9987525939941406
6190,621,occlusion_1,0.2658099454641342,0.0635138463973999,0.7547726631164551
6191,3281,occlusion_1,-0.1844899572432041,-0.07234427928924561,0.18668235838413239
6192,8547,occlusion_1,0.7491227723658085,0.24955837109259196,0.9267884492874146
6193,3941,occlusion_1,0.6434418622936521,0.18747139615671976,0.9906874299049377
6194,2423,occlusion_1,0.6986565333125847,0.19826635931219375,0.9757973551750183
6195,7682,occlusion_1,0.30719960033893584,0.16620271205902098,0.9696162939071655
6196,4960,occlusion_1,0.7549890941556763,0.18641433295081644,0.9889083504676819
6197,2766,occlusion_1,0.7226913974366405,0.18648785488172012,0.9588587284088135
6198,7662,occlusion_1,0.6465920273303276,0.14870854644548326,0.961168646812439
6199,416,occlusion_1,0.7343720986562616,0.2256184062537025,0.9832690954208374
6200,3898,occlusion_1,-0.11716597997828533,-0.06308951424924951,0.07769396901130676
6201,7632,occlusion_1,0.47862693206185386,0.338285200652622,0.9160280823707581
6202,2328,occlusion_1,0.573673223455747,0.12598727572531926,0.9879507422447205
6203,2754,occlusion_1,0.6723428802455172,0.168301300090902,0.9427654147148132
6204,8234,occlusion_1,0.5951547127962112,0.06086491346359253,0.9990573525428772
6205,3101,occlusion_1,0.3517575144767761,0.13377392292022705,0.9242600202560425
6206,2108,occlusion_1,0.6606710212571281,0.16783573904207774,0.964028537273407
6207,3100,occlusion_1,0.45262247765505753,0.1396708223554823,0.9019454717636108
6208,5351,occlusion_1,0.6342519617849781,0.07512669313338495,0.995079755783081
6209,3284,occlusion_1,0.5785139040911899,0.07141034217441783,0.9976966977119446
6210,4824,occlusion_1,-0.2739248894155025,-0.07085478268563747,0.13088178634643555
6211,6551,occlusion_1,0.6115278133856399,0.18298827239445278,0.9311828017234802
6212,7444,occlusion_1,-0.20146934353910825,-0.18626240180695758,0.03573227301239967
6213,304,occlusion_1,0.539467032466616,0.09359358180136908,0.9971446394920349
6214,6360,occlusion_1,0.6573076196014881,0.12395769953727723,0.8318968415260315
6215,4190,occlusion_1,0.436982707430919,0.2913372161842528,0.6799197793006897
6216,6664,occlusion_1,0.6878034546971321,0.22418923013740116,0.9751580357551575
6217,1945,occlusion_1,0.7311795629923128,0.04299234847227732,0.9930548071861267
6218,5817,occlusion_1,0.47964077224226104,0.14206917519154755,0.6252697110176086
6219,92,occlusion_1,0.48513323087245225,0.21574161052703858,0.8895635008811951
6220,119,occlusion_1,0.7593488564545458,0.08344414017417214,0.9980521202087402
6221,9591,occlusion_1,0.757054969499057,0.3436849842017347,0.9726136326789856
6222,8421,occlusion_1,0.10352499044403948,0.07229041333856254,0.4128471314907074
6223,7945,occlusion_1,0.6155785088194534,0.1997239561751485,0.9642028212547302
6224,2487,occlusion_1,0.4887305498123169,0.14016113203504812,0.9868432879447937
6225,1245,occlusion_1,0.6509641642915085,0.16209364123642445,0.9586703181266785
6226,346,occlusion_1,0.6655265925536779,0.11591547592119737,0.9685521721839905
6227,9392,occlusion_1,0.4023874622324239,0.18776306769122247,0.9378693103790283
6228,6604,occlusion_1,0.07863068580627441,-0.030287822087605793,0.6204450130462646
6229,6338,occlusion_1,-0.5374695620809992,-0.05799311032751575,0.000834527425467968
6230,8410,occlusion_1,0.08910760675605975,0.03978054617580615,0.5320336818695068
6231,4216,occlusion_1,0.8887613841465541,0.11361288172858101,0.9906545281410217
6232,7436,occlusion_1,0.10448228754103184,0.12076481664553285,0.3005826771259308
6233,6666,occlusion_1,0.7708053172311999,0.17036184533075852,0.9798297882080078
6234,8051,occlusion_1,0.7086913076096347,0.2605702371469566,0.8861161470413208
6235,1593,occlusion_1,0.2546165069524089,0.0414337322992437,0.42213955521583557
6236,6951,occlusion_1,0.6421178195338982,0.2978871533503899,0.9741309881210327
6237,850,occlusion_1,0.46766961827164605,0.15487216058231534,0.9226844906806946
6238,5506,occlusion_1,0.6430292985197611,0.17321187475832497,0.9605305194854736
6239,8479,occlusion_1,0.06132843664714268,0.21062346015657699,0.6882908344268799
6240,7182,occlusion_1,0.535903194712268,0.10138375726011065,0.9990254640579224
6241,2362,occlusion_1,0.5080373249948025,0.08841391373425722,0.9605552554130554
6242,2178,occlusion_1,0.7008797475269862,0.09840829031808036,0.9713332653045654
6243,1731,occlusion_1,0.4667316097766161,0.3906028035741586,0.6578450798988342
6244,4185,occlusion_1,0.528548043809439,0.09403822139689796,0.9985074400901794
6245,673,occlusion_1,0.6584851294755936,0.08067457442698271,0.9983320832252502
6246,5212,occlusion_1,-0.3488399645414304,-0.31868426109085213,0.03828458860516548
6247,4417,occlusion_1,0.5868359702237119,0.2648495767604221,0.988991379737854
6248,1056,occlusion_1,0.5006564656893412,0.08236826901082639,0.7681291699409485
6249,9593,occlusion_1,0.36584977712482214,0.046241240203380586,0.5345463156700134
6250,623,occlusion_1,-0.33075501102333266,-0.02987355392958437,0.00636622728779912
6251,6217,occlusion_1,-0.27715686614331053,-0.04477319748778092,0.17396663129329681
6252,9597,occlusion_1,0.8229195478147474,0.1548488530619391,0.9595625400543213
6253,2955,occlusion_1,0.7172208645939827,0.10182043194770812,0.9993189573287964
6254,88,occlusion_1,0.8649953883788031,0.2532494312359227,0.991609513759613
6255,3538,occlusion_1,0.27082385701176365,0.05303806929211868,0.3988606333732605
6256,3643,occlusion_1,0.6407400493130639,0.2645993442447097,0.9903565049171448
6257,8313,occlusion_1,-0.2125337745303348,-0.02521038025377258,0.011754504404962063
6258,5649,occlusion_1,0.4312967152187699,0.1803029759934074,0.979526698589325
6259,1355,occlusion_1,0.5682213516147049,0.09327180186907451,0.9946436882019043
6260,7142,occlusion_1,0.5499234993809036,0.10512999551636833,0.9791266918182373
6261,1512,occlusion_1,0.44299633987247944,0.11840475909411907,0.9992332458496094
6262,7565,occlusion_1,0.7076298578277879,0.1967287698517675,0.8191790580749512
6263,733,occlusion_1,0.5283534497022628,0.19682433009147643,0.8700928092002869
6264,8765,occlusion_1,0.5536572035840329,0.056335789315840774,0.6951959133148193
6265,9018,occlusion_1,0.8453483234292695,0.26204467777694973,0.9558220505714417
6266,6240,occlusion_1,0.7988122617825866,0.17024272866547108,0.9776548147201538
6267,590,occlusion_1,0.3875814619518462,0.07984465786388942,0.9920754432678223
6268,3745,occlusion_1,0.7621048039623669,0.1909718726362501,0.9819258451461792
6269,1919,occlusion_1,0.7268445591696284,0.17279468747702512,0.9540902972221375
6270,7799,occlusion_1,0.7504411301222341,0.15948220111172776,0.9871602058410645
6271,7684,occlusion_1,0.25779584124684335,-0.05324637144804001,0.49804967641830444
6272,9486,occlusion_1,0.559771440972231,0.12708074168155067,0.9992591738700867
6273,5027,occlusion_1,0.0808658514704023,-0.10019053518772125,0.4381735622882843
6274,8568,occlusion_1,0.632406227861793,0.25193965636814636,0.9810352921485901
6275,5425,occlusion_1,0.6360154959559441,0.11807977437973022,0.9990612864494324
6276,2377,occlusion_1,0.3921800884935591,0.09848095642195807,0.9601444005966187
6277,6447,occlusion_1,0.5420091538517563,0.1185151791131055,0.9751091003417969
6278,8029,occlusion_1,0.5224743026953477,0.10853528517943162,0.985582709312439
6279,3855,occlusion_1,-0.005104999457086835,-0.013553317902343614,0.11994379758834839
6280,5221,occlusion_1,-0.1420313187564413,-0.11970429265250762,0.029164791107177734
6281,5792,occlusion_1,0.5750617879442871,0.10481956005096435,0.991037130355835
6282,3006,occlusion_1,0.8612785915533702,0.14751192529996235,0.9922159314155579
6283,8706,occlusion_1,0.7538957507996302,0.11737729360659917,0.9415528774261475
6284,2943,occlusion_1,0.6357627572684452,0.09431808673102281,0.9687211513519287
6285,2072,occlusion_1,0.6974158545249495,0.22852648229434572,0.7970373034477234
6286,3873,occlusion_1,0.6385491599639257,0.08299158414204916,0.9970198273658752
6287,9297,occlusion_1,-0.351261947951887,-0.024660153314471245,0.03296465799212456
6288,9105,occlusion_1,0.7151796233195525,0.2387866463798743,0.9780876636505127
6289,7635,occlusion_1,-0.0015796257013624365,0.0012578225948593833,0.10758447647094727
6290,5313,occlusion_1,0.5531871795188635,0.14807904213666917,0.9668880105018616
6291,9675,occlusion_1,-0.42181645394661105,-0.08635755661182487,0.004974109586328268
6292,2075,occlusion_1,-0.15479232259094716,-0.044188210275024176,0.053853970021009445
6293,7144,occlusion_1,0.7679267560060208,0.3436992305975694,0.9015594720840454
6294,3928,occlusion_1,0.44573164768517015,0.09326750785112381,0.9981290698051453
6295,1393,occlusion_1,0.6562095354311168,0.16206620404353508,0.9817909002304077
6296,263,occlusion_1,-0.13487687814504962,-0.01439834159353505,0.2898430824279785
6297,970,occlusion_1,0.788460191488266,0.1600506979227066,0.973334550857544
6298,5821,occlusion_1,0.5913740556376675,0.08603828400373459,0.8942013382911682
6299,8593,occlusion_1,0.7451324913312088,0.24883769350973042,0.9818098545074463
6300,4553,occlusion_1,-0.09412464018290241,-0.06303881419201691,0.32829201221466064
6301,1671,occlusion_1,0.26691609289911056,0.09372633364465502,0.5629804730415344
6302,3118,occlusion_1,0.736289491030303,0.10799962417645888,0.9909118413925171
6303,4367,occlusion_1,0.7623838601035199,0.15566341153212956,0.9808807373046875
6304,1760,occlusion_1,0.41646481222576565,0.19055402278900146,0.9690166711807251
6305,3412,occlusion_1,0.6244751150635156,0.10282424634153192,0.9991717338562012
6306,6066,occlusion_1,0.44807285856869483,0.08220525913768345,0.7794869542121887
6307,3616,occlusion_1,0.5071497058550662,0.12427773370462306,0.9936226010322571
6308,5874,occlusion_1,0.4988074146565937,0.2067424584002722,0.9226388931274414
6309,2189,occlusion_1,0.4014718066091123,0.14205963196961777,0.9746144413948059
6310,6071,occlusion_1,0.5842621966730803,0.23894170361260572,0.867075502872467
6311,5148,occlusion_1,0.594899891053929,0.15395415705793045,0.9643544554710388
6312,9064,occlusion_1,0.4506675766574012,0.11121480166912079,0.997458279132843
6313,8381,occlusion_1,0.4087647994359334,0.14607114924324882,0.9868038296699524
6314,3352,occlusion_1,0.6324578685065111,0.11167590816815694,0.9986382126808167
6315,799,occlusion_1,0.6124062035232782,0.06971835238592965,0.9461302161216736
6316,8656,occlusion_1,0.6214919611811638,0.14747627314768338,0.9732416272163391
6317,7305,occlusion_1,-0.05987369060516357,-0.08150989174842835,0.07638421654701233
6318,7948,occlusion_1,0.6036818579046263,0.12889940374427372,0.9842782616615295
6319,7233,occlusion_1,0.2935058677738363,0.1322897212071852,0.6324408054351807
6320,2392,occlusion_1,0.8090510057906309,0.08442926406860352,0.9936150312423706
6321,3443,occlusion_1,0.6056268423174819,0.14106539719634587,0.9385005831718445
6322,8558,occlusion_1,0.5445089447001616,0.23530322859684627,0.9839380383491516
6323,5014,occlusion_1,-0.13207622539872924,0.005153287512560685,0.17258937656879425
6324,4362,occlusion_1,0.5444537456098356,0.343448852630038,0.9708105325698853
6325,8224,occlusion_1,0.6934832841157913,0.21143172880013783,0.9616954922676086
6326,6865,occlusion_1,0.28934699984697193,0.1990206390619278,0.8717062473297119
6327,7389,occlusion_1,0.7733259378966811,0.13039318539879538,0.936269223690033
6328,303,occlusion_1,-0.22268285064259544,-0.05351445670472458,0.0007012131973169744
6329,8398,occlusion_1,0.04213198855821345,-0.1836379689944757,0.28007954359054565
6330,2907,occlusion_1,0.285324921920186,0.14360894617580233,0.8069512844085693
6331,4619,occlusion_1,0.44901496966679894,0.1590831677118937,0.9885609745979309
6332,4765,occlusion_1,0.5404094502329826,0.1000460371375084,0.998802661895752
6333,3320,occlusion_1,0.5827643188738054,0.27860530201465855,0.8899001479148865
6334,5298,occlusion_1,0.3748130863127501,0.10084107129470161,0.9332249760627747
6335,7927,occlusion_1,0.1992812603712082,0.24205284441510835,0.8545619249343872
6336,2348,occlusion_1,0.8123768062463829,0.14621335906641825,0.9644157886505127
6337,4267,occlusion_1,0.5367392535353529,0.20964443169791122,0.6212199926376343
6338,9648,occlusion_1,0.78593205808041,0.3053088877350092,0.9317938089370728
6339,3024,occlusion_1,0.6954119129106402,0.09130769670009613,0.9987342953681946
6340,1373,occlusion_1,0.47580198633174103,0.09715224802494049,0.998836100101471
6341,7377,occlusion_1,0.783701564418152,0.10643623117357492,0.9990803003311157
6342,9782,occlusion_1,0.4111239664256573,0.22983346432447432,0.8678382039070129
6343,2771,occlusion_1,0.5627311887219548,0.13619230315089226,0.7824496030807495
6344,3,occlusion_1,0.8308097245171666,0.1994374707341194,0.9241669774055481
6345,2908,occlusion_1,0.5142628207984494,0.17880190727187367,0.8135327696800232
6346,3852,occlusion_1,0.8054854893248136,0.0821658780700282,0.9910813570022583
6347,532,occlusion_1,0.8524130331842523,0.19913510429231743,0.962285578250885
6348,7929,occlusion_1,0.2826918264230092,0.1288926348541722,0.8912799954414368
6349,9423,occlusion_1,0.8558696569366888,0.2791714085773988,0.9863002896308899
6350,290,occlusion_1,0.4582115387916565,0.09936208963394165,0.9981344938278198
6351,3014,occlusion_1,0.5556530151516199,0.09775955975055695,0.9992541670799255
6352,2874,occlusion_1,0.5820317268371582,0.18340012274290385,0.9986442923545837
6353,5146,occlusion_1,0.5629148627631366,0.15968717137972513,0.8436117768287659
6354,2221,occlusion_1,0.5670631982386112,0.3626045875251293,0.9822390079498291
6355,6958,occlusion_1,0.42964767788847286,0.0854818547765414,0.9993009567260742
6356,2997,occlusion_1,0.4831894440310342,0.11690988029752458,0.961304247379303
6357,6729,occlusion_1,0.652666401937604,0.14823978900909424,0.96462082862854
6358,9159,occlusion_1,0.7740330158130211,0.09027718007564545,0.995731770992279
6359,6175,occlusion_1,0.6735749766230583,0.40351210810520033,0.9681376814842224
6360,568,occlusion_1,0.25803673164597873,0.18122466268210574,0.9270312786102295
6361,5284,occlusion_1,0.6424098435009635,0.11922719520191814,0.976405680179596
6362,1107,occlusion_1,0.6886178412075553,0.2883513090865953,0.7932037711143494
6363,135,occlusion_1,0.44999059934169056,0.2676628565788269,0.9368587732315063
6364,7828,occlusion_1,-0.06243393676621573,-0.08953772325600896,0.3658970296382904
6365,8709,occlusion_1,-0.6156414660679943,-0.13960753173074303,0.02544507198035717
6366,7998,occlusion_1,0.631089017846865,0.2710676274516366,0.7665109038352966
6367,1087,occlusion_1,0.502775094088386,0.2574693337082863,0.8537840843200684
6368,8291,occlusion_1,0.4891224940833838,0.4315907378559527,0.9410193562507629
6369,2301,occlusion_1,0.30889907002449035,0.24103562593460082,0.9671322107315063
6370,4339,occlusion_1,0.43410428959344116,0.34329343933079925,0.8522483706474304
6371,6851,occlusion_1,0.4400218153993289,0.3301756370950628,0.6938560009002686
6372,3047,occlusion_1,-0.19928873237222433,-0.0210152018815279,0.10545691847801208
6373,4130,occlusion_1,0.835270152737697,0.14822030315796533,0.9443525075912476
6374,4521,occlusion_1,-0.1279130663929714,-0.06377384646071328,0.09096166491508484
6375,7538,occlusion_1,0.14206977219631275,0.10148859210312366,0.3638705015182495
6376,5473,occlusion_1,0.3318752600914902,0.14158100883165994,0.8120206594467163
6377,388,occlusion_1,0.49837149111063855,0.05425134379612772,0.8015188574790955
6378,4217,occlusion_1,0.2772360551171005,-0.06717065908014774,0.5779595971107483
6379,2122,occlusion_1,0.5679199905134737,0.0944947066406409,0.9977005124092102
6380,1310,occlusion_1,0.6273499445782768,0.13768926759560904,0.9692909121513367
6381,647,occlusion_1,0.6700688701122999,0.25588383600115777,0.9488439559936523
6382,6510,occlusion_1,0.844147739882924,0.21821713761279457,0.9833945035934448
6383,8040,occlusion_1,0.6324471302020053,0.08171450595060985,0.9975296854972839
6384,1183,occlusion_1,0.0694513749719287,-0.015981030960877735,0.44328320026397705
6385,2859,occlusion_1,-0.21780953284066457,-0.023420113855256483,0.0708840936422348
6386,7769,occlusion_1,0.5353244944579072,0.1920093364185757,0.9863786697387695
6387,8403,occlusion_1,0.6204481501789654,0.09008662490283742,0.9990056157112122
6388,7110,occlusion_1,-0.34743242917637174,-0.3046752328381819,0.06591426581144333
6389,5798,occlusion_1,0.5204753959551454,0.32132314494811,0.9707988500595093
6390,3128,occlusion_1,0.4094237356501467,0.18496696913943572,0.6084095239639282
6391,7197,occlusion_1,-0.36919150601785916,-0.08827247506437394,0.019350392743945122
6392,3148,occlusion_1,0.7094044637680054,0.08831037640571594,0.9991171956062317
6393,510,occlusion_1,0.6290524675346473,0.23797670883290908,0.9090822339057922
6394,3059,occlusion_1,0.4148569711380535,0.10911608735720317,0.9989257454872131
6395,7940,occlusion_1,0.5308068538705508,0.14330884317557016,0.9725682139396667
6396,4049,occlusion_1,0.5790505897719413,0.28701818026602266,0.8885692954063416
6397,5875,occlusion_1,0.7131622692813044,0.1350608299607816,0.9928449988365173
6398,3859,occlusion_1,0.6316907877723376,0.26250002334515254,0.7833877801895142
6399,6849,occlusion_1,0.47712018312886356,0.1227964699268341,0.8347878456115723
6400,8149,occlusion_1,0.3838969961954997,0.08504670170637277,0.9014089107513428
6401,6260,occlusion_1,0.8532672002911568,0.16871792337168817,0.9929719567298889
6402,3312,occlusion_1,0.22001132271007487,0.08540152640719163,0.5335983037948608
6403,7866,occlusion_1,0.5016850175765845,0.0064363215978328996,0.6442232131958008
6404,4201,occlusion_1,0.6969455108912879,0.3528964328904485,0.9830516576766968
6405,7652,occlusion_1,0.48355603082613513,0.16677820411595431,0.9819926023483276
6406,4273,occlusion_1,0.19269663456714514,0.07206250140161226,0.9991675615310669
6407,3181,occlusion_1,0.5522732069859138,0.07164170535711142,0.9992551207542419
6408,3817,occlusion_1,0.24574807286262512,0.11183317655172104,0.9986269474029541
6409,1880,occlusion_1,-0.4190963732285632,-0.16039459748814502,0.022221459075808525
6410,5350,occlusion_1,0.5317835505322918,0.11493263685184976,0.9632857441902161
6411,3615,occlusion_1,0.33648324939044744,0.25825951349090887,0.7157031893730164
6412,4058,occlusion_1,0.6989563161041588,0.08593290485441685,0.9907994866371155
6413,6915,occlusion_1,0.38546115359187955,0.07668966717190212,0.5923469066619873
6414,321,occlusion_1,0.7752962455981307,0.1299937085972892,0.9952256679534912
6415,4722,occlusion_1,0.5494911425253924,0.09520660603747648,0.9503648281097412
6416,6422,occlusion_1,0.7207962368493495,0.08501742197119672,0.997572124004364
6417,3295,occlusion_1,0.6174463652183905,0.07073719887172475,0.8687331676483154
6418,6421,occlusion_1,0.7198379635810852,0.07961601720136754,0.998999297618866
6419,9330,occlusion_1,0.6004200677076975,0.22559228738149006,0.954147458076477
6420,8138,occlusion_1,0.4961605006828904,0.19185824086889625,0.9920458793640137
6421,3205,occlusion_1,0.28688451182097197,0.20377714931964874,0.9521381258964539
6422,2522,occlusion_1,0.6454090616532735,0.09299077391624451,0.9922160506248474
6423,6998,occlusion_1,0.7942268804044408,0.10150516559095944,0.9886783957481384
6424,5556,occlusion_1,-0.09123426241179307,-0.14811303342382112,0.06423544883728027
6425,5938,occlusion_1,0.7623544096946716,0.17312586426734924,0.9907616972923279
6426,500,occlusion_1,0.1737321698003345,0.15070614508456653,0.6530604958534241
6427,3000,occlusion_1,0.30997972739370244,0.0861555510445645,0.9990554451942444
6428,3555,occlusion_1,0.45017427907270546,0.0614833463640774,0.9978803396224976
6429,8612,occlusion_1,0.6681429827585816,0.23801509166757265,0.828925609588623
6430,9249,occlusion_1,0.5653125727238755,0.06431340972582499,0.9946476817131042
6431,3032,occlusion_1,0.44239037682612736,0.042215943336486816,0.7743358016014099
6432,9705,occlusion_1,0.4433821423186196,0.07126159965991974,0.9940424561500549
6433,330,occlusion_1,0.3838146634399891,0.047294783592224124,0.600763201713562
6434,3078,occlusion_1,0.38099724087206754,0.13870850205421448,0.5354819893836975
6435,2018,occlusion_1,0.462165978219774,0.30403921173678505,0.9089534878730774
6436,3274,occlusion_1,0.7950463373214006,0.08400647044181823,0.995722770690918
6437,3233,occlusion_1,0.8976593120467096,0.0717081640447889,0.9940409064292908
6438,3387,occlusion_1,0.41349585354328156,0.16808126866817474,0.9725990891456604
6439,144,occlusion_1,0.7749059189248968,0.32578655967005976,0.9869341850280762
6440,9742,occlusion_1,0.6716813209156195,0.28992131476600963,0.818504273891449
6441,367,occlusion_1,0.7332551078870893,0.058143546183904014,0.998177170753479
6442,8679,occlusion_1,0.8478763060152738,0.2032927092578676,0.976711094379425
6443,4304,occlusion_1,-0.1316005645231122,-0.04987576198098915,0.018913188949227333
6444,7178,occlusion_1,0.5713372337990082,0.2601945855869697,0.8497866988182068
6445,333,occlusion_1,0.7252864361457203,0.08213312729545262,0.8701139092445374
6446,518,occlusion_1,0.5264144834990685,0.12342946231365204,0.9952192902565002
6447,7040,occlusion_1,-0.2741450096364133,-0.07656809501349926,0.14968620240688324
6448,4229,occlusion_1,0.5950052160769701,0.1371915653347969,0.9969261288642883
6449,3833,occlusion_1,0.5017534610815346,0.1395328238606453,0.7476546764373779
6450,6058,occlusion_1,0.40967417026267333,0.146872539730633,0.6018276214599609
6451,576,occlusion_1,0.3036808143643772,0.06160723987747641,0.9637328386306763
6452,4215,occlusion_1,-0.12134884126288326,-0.012562026318750884,0.260951429605484
6453,2758,occlusion_1,0.4811423824001581,0.17197091227922684,0.8286831378936768
6454,4756,occlusion_1,0.6509951395185097,0.16155201067095218,0.9935852885246277
6455,9000,occlusion_1,-0.24638876020908357,-0.007768316815296809,0.12003961205482483
6456,3813,occlusion_1,0.5145494630771943,0.11613489551977678,0.9870816469192505
6457,3045,occlusion_1,0.7605248492211103,0.1334252804517746,0.9988301396369934
6458,4047,occlusion_1,0.6885527422030767,0.25315931865147184,0.8596615195274353
6459,9094,occlusion_1,0.5730463787913322,0.10088680125772953,0.9986509680747986
6460,8181,occlusion_1,0.5561272030696273,0.17579129338264465,0.9784512519836426
6461,6309,occlusion_1,0.41092365984459994,0.030937982102235157,0.6036069393157959
6462,1479,occlusion_1,0.632820497832394,0.11084584359611784,0.9603115916252136
6463,543,occlusion_1,0.8031357490810854,0.07587874860599123,0.9940100908279419
6464,1618,occlusion_1,-0.2317725831270218,-0.029380044043064116,0.14190685749053955
6465,9032,occlusion_1,0.598439431551731,0.07617897698373506,0.9992054104804993
6466,7746,occlusion_1,0.5666688650846481,0.2148789197206497,0.9548157453536987
6467,6039,occlusion_1,0.7301408637061038,0.14265984296798706,0.9764971733093262
6468,7919,occlusion_1,0.7382308336144144,0.37358627265149896,0.9028574228286743
6469,7624,occlusion_1,0.6728908113824824,0.12819831768671672,0.9990122318267822
6470,9495,occlusion_1,0.7384932416025549,0.14120317250490189,0.834303081035614
6471,8657,occlusion_1,0.6725891179272107,0.12146580077352978,0.9993705153465271
6472,7160,occlusion_1,0.39293065667152405,0.10830195461000715,0.9981908202171326
6473,2358,occlusion_1,0.5546291560436097,0.1533896430180623,0.9835274815559387
6474,8250,occlusion_1,0.5392644172129424,0.06631328878195389,0.998700737953186
6475,1655,occlusion_1,0.1029911294579506,0.10469359010457993,0.9992042183876038
6476,6911,occlusion_1,0.4581525679677725,0.14047968201339245,0.98585444688797
6477,1746,occlusion_1,0.6539246451109648,0.10669048726558686,0.8453182578086853
6478,5794,occlusion_1,0.18745488264868337,-0.05600248325255609,0.5763975381851196
6479,14,occlusion_1,0.4555404810678391,0.1738572588988713,0.9254668951034546
6480,1877,occlusion_1,0.4872436618804932,0.16529764533042907,0.9283985495567322
6481,7888,occlusion_1,0.4818927888270645,0.1765929957230886,0.6209816932678223
6482,8520,occlusion_1,0.5282838069673242,0.1911021244936976,0.9945182204246521
6483,6883,occlusion_1,0.5179522907960096,0.06755127225603376,0.9991248250007629
6484,3761,occlusion_1,0.6707347794137417,0.1023738498871143,0.8248681426048279
6485,0,occlusion_1,-0.048078496285058836,-0.04550234952734576,0.0986374020576477
6486,6831,occlusion_1,0.7779652537019165,0.11279775809358668,0.9891304969787598
6487,7722,occlusion_1,0.8627844084835341,0.07691422200972034,0.9989509582519531
6488,9630,occlusion_1,0.5022592256466548,0.1512866348028183,0.9376663565635681
6489,7672,occlusion_1,0.40078399436814444,0.28567479125091005,0.9001717567443848
6490,6568,occlusion_1,-0.18431310462100164,-0.06277767447422125,0.007909066043794155
6491,655,occlusion_1,0.5273212643029789,0.0759887844324112,0.8710845708847046
6492,9349,occlusion_1,0.5547715160581801,0.19340188966857064,0.9814972877502441
6493,4241,occlusion_1,0.297621576831891,0.1615304694725917,0.7871843576431274
6494,3023,occlusion_1,0.5953849057274821,0.16579113351671318,0.919459342956543
6495,1851,occlusion_1,0.5962481932028344,0.2952519686598527,0.8787786960601807
6496,349,occlusion_1,0.6121634830688608,0.08763431269547035,0.9561300277709961
6497,6340,occlusion_1,0.48717831168323755,0.49419428245164454,0.9189292192459106
6498,1156,occlusion_1,0.5969774950953091,0.09072597587809843,0.9633340835571289
6499,3017,occlusion_1,0.3104303333675489,-0.00931829639843532,0.3839060366153717
6500,457,occlusion_1,0.8024650150100174,0.29615547281244525,0.962230920791626
6501,2867,occlusion_1,0.5516270294108174,0.3813678334382447,0.8307356834411621
6502,5033,occlusion_1,0.6378183261706278,0.2076353637071756,0.7622251510620117
6503,4622,occlusion_1,0.6226309971155032,0.21414386707803476,0.968241810798645
6504,6329,occlusion_1,0.8127799718233291,0.2570712625980377,0.9385843276977539
6505,7081,occlusion_1,0.624941099435091,0.10529885441064835,0.9942031502723694
6506,6786,occlusion_1,0.5549956828355789,0.17901789943377178,0.9111940264701843
6507,8458,occlusion_1,0.7789490245748312,0.12691171169281007,0.8931017518043518
6508,5206,occlusion_1,0.6853825042887431,0.44318717318337136,0.9789188504219055
6509,6053,occlusion_1,-0.05834920652981462,0.1746370116698331,0.49445515871047974
6510,131,occlusion_1,0.5339034607426988,-0.09343169022489477,0.6107523441314697
6511,3692,occlusion_1,0.5619257709809712,0.21518783909933908,0.9715312719345093
6512,6192,occlusion_1,-0.02697640416982512,-0.04487989878711792,0.07993277907371521
6513,9523,occlusion_1,0.8114877025392361,0.24227435378039755,0.9081476330757141
6514,4587,occlusion_1,0.6835576240663175,0.057031478042955754,0.998994767665863
6515,9818,occlusion_1,0.7633189269725014,0.061638148391948026,0.9988577365875244
6516,3235,occlusion_1,0.7935403549733261,0.10438467065493266,0.9929218888282776
6517,8641,occlusion_1,0.699442829787066,0.1538128639970507,0.9664108753204346
6518,4879,occlusion_1,0.7182720893816579,0.16550379281952268,0.9776156544685364
6519,6854,occlusion_1,0.6769300355442933,0.27103174201079777,0.9529315829277039
6520,8572,occlusion_1,0.751930565922521,0.0784706324338913,0.9932454228401184
6521,3639,occlusion_1,0.5538961610623768,0.06967432584081378,0.9987615346908569
6522,7358,occlusion_1,0.3905300960458558,0.19146665262764898,0.7783646583557129
6523,8826,occlusion_1,0.22629703884012997,0.03456757962703705,0.4840882122516632
6524,2303,occlusion_1,0.47157455788504693,0.07564439504377303,0.9956327080726624
6525,7315,occlusion_1,0.22551006772394838,0.09472162867414541,0.6106830835342407
6526,5308,occlusion_1,0.26726150123233144,0.2439584583044052,0.9126634001731873
6527,6808,occlusion_1,0.6390152553032185,0.1944245819387765,0.8489876985549927
6528,9395,occlusion_1,0.4621859462170575,0.17983106007942787,0.7789750099182129
6529,265,occlusion_1,0.5811073174295218,0.09304607821547467,0.8708841800689697
6530,4763,occlusion_1,0.655656275119529,0.17452217472924125,0.9855599403381348
6531,9111,occlusion_1,0.6350669811169306,0.14436511198679605,0.9691193699836731
6532,6789,occlusion_1,0.589025086723268,0.05756780318915844,0.9992507100105286
6533,4597,occlusion_1,0.6160901058465242,0.24422775421823775,0.9785223603248596
6534,2531,occlusion_1,0.26466163228719664,0.06428657128260686,0.9853041768074036
6535,4862,occlusion_1,0.33524561966910504,0.7119437160365509,0.8738942742347717
6536,7669,occlusion_1,0.7523344119912699,0.08240712473267003,0.97765052318573
6537,316,occlusion_1,0.5336600330315138,0.13578613337717557,0.9799106121063232
6538,1897,occlusion_1,0.6658650810830296,0.49127779677510264,0.9737160801887512
6539,8860,occlusion_1,0.35824379324913025,0.06665701642632485,0.9691268801689148
6540,6407,occlusion_1,0.7302670672393611,0.11762406428654988,0.9932839870452881
6541,8231,occlusion_1,0.7874244019827422,0.26408372381154227,0.9410664439201355
6542,8521,occlusion_1,0.7825325896497816,0.08091407269239426,0.9947197437286377
6543,6112,occlusion_1,0.0778452523259653,0.2768506606419881,0.4355413317680359
6544,8128,occlusion_1,0.6193236606195569,0.09736758470535278,0.9890751838684082
6545,2039,occlusion_1,0.7534149070787761,0.2527443675531281,0.9600508809089661
6546,103,occlusion_1,0.5973898634219017,0.25456577845108813,0.9631112217903137
6547,3297,occlusion_1,0.6795391025952995,0.20659263245761395,0.9856247901916504
6548,794,occlusion_1,0.6365271979570388,0.21820789456367493,0.9443362951278687
6549,5967,occlusion_1,0.43767775671885295,0.024038023370153764,0.8289457559585571
6550,5332,occlusion_1,0.4893573044854052,0.2672028602922664,0.8382739424705505
6551,8586,occlusion_1,0.837932862145336,0.31740683866174596,0.9921369552612305
6552,1658,occlusion_1,0.38636802704561324,0.30357093186605544,0.9818339943885803
6553,3933,occlusion_1,0.3492933642119169,-0.012298118887525616,0.5291715264320374
6554,6968,occlusion_1,0.36801416240632534,0.1815911332766215,0.6199992895126343
6555,9469,occlusion_1,0.7450429353377094,0.05249508178752402,0.9769855737686157
6556,7854,occlusion_1,0.4951097096006076,0.0686114811235004,0.999139666557312
6557,3210,occlusion_1,0.844601669193556,0.18818070739507675,0.9756098985671997
6558,7012,occlusion_1,0.00939439469948411,0.03069529930750529,0.264143705368042
6559,9808,occlusion_1,0.1669888961315155,0.1594097423553467,0.7872603535652161
6560,2973,occlusion_1,0.5542017699856507,0.10410128141704358,0.9840971231460571
6561,932,occlusion_1,0.5014760124683381,0.17750863432884217,0.9866427183151245
6562,6163,occlusion_1,-0.08959171764160458,-0.08948765302959241,0.026402827352285385
6563,6432,occlusion_1,-0.567769812643528,-0.17326711967587471,0.031631968915462494
6564,3497,occlusion_1,0.5405471711574743,-0.07408125996589661,0.7145542502403259
6565,3202,occlusion_1,0.6854915667106124,0.17274315918193145,0.9831774830818176
6566,2611,occlusion_1,0.11606135567029317,0.021798936525980632,0.7181421518325806
6567,9631,occlusion_1,0.7833333914726972,0.06260191321372986,0.9975438714027405
6568,567,occlusion_1,0.7540632843457419,0.06307366387597446,0.9992727637290955
6569,764,occlusion_1,0.6221428595934854,0.1165769768483711,0.9581872224807739
6570,4366,occlusion_1,0.6445540272591946,0.18715038150548935,0.8819878697395325
6571,8367,occlusion_1,0.572123771204668,0.08629973671015571,0.996088981628418
6572,7360,occlusion_1,0.4367995734016101,0.1791946478188038,0.950849175453186
6573,1441,occlusion_1,0.1296756317400757,0.13148359428433812,0.5225072503089905
6574,921,occlusion_1,0.6170953219342563,0.2754407889313168,0.721268892288208
6575,8222,occlusion_1,0.5329249881740127,0.1370470662202154,0.7036123275756836
6576,1794,occlusion_1,0.49945892446807455,0.1198461087686675,0.984599232673645
6577,3838,occlusion_1,0.45465971376203623,0.18385567516088486,0.5447940230369568
6578,3122,occlusion_1,-0.0114202830940485,-0.0022825561463832855,0.3252335488796234
6579,6127,occlusion_1,0.5350173207429739,0.22088659497407767,0.9894648790359497
6580,6319,occlusion_1,0.6184059634804726,0.14671572744846345,0.9655657410621643
6581,2388,occlusion_1,0.6565429903566837,0.09544272162020206,0.9973189234733582
6582,4466,occlusion_1,0.49500498596740805,0.3112835543959037,0.7624629735946655
6583,4505,occlusion_1,0.21082571564242245,-0.2891743850708008,0.30798232555389404
6584,1606,occlusion_1,-0.208948012765335,-0.10837560827317445,0.026440080255270004
6585,2147,occlusion_1,0.7742722782378013,0.17896355115450346,0.9894049167633057
6586,36,occlusion_1,-0.13953735753893853,0.00027202852070331576,0.2623435854911804
6587,9147,occlusion_1,0.34991389371099924,0.13141449434416635,0.9971705079078674
6588,761,occlusion_1,0.43959020855634107,0.1512093064577683,0.9777165055274963
6589,5268,occlusion_1,0.714734697365202,0.05159887112677097,0.9004117846488953
6590,3038,occlusion_1,0.727649613882282,0.14626229447977884,0.9652833938598633
6591,5503,occlusion_1,-0.4727783157275273,-0.21267114579677582,0.32839009165763855
6592,5228,occlusion_1,0.8078755165353931,0.35557591915130615,0.9517662525177002
6593,1623,occlusion_1,0.7694894914393839,0.13010147861812427,0.9970663189888
6594,577,occlusion_1,0.8134388255010194,0.07202861414236181,0.9916029572486877
6595,6426,occlusion_1,0.6158252867131397,0.2561725917561301,0.9478297829627991
6596,8087,occlusion_1,0.450364003454237,0.12029085661235608,0.9382505416870117
6597,8536,occlusion_1,0.7467597167007625,0.3596136122941971,0.9801725745201111
6598,9564,occlusion_1,0.457293437819721,0.044468330012427434,0.6779492497444153
6599,2232,occlusion_1,0.3272235929256394,0.11138439036550976,0.4855306148529053
6600,2319,occlusion_1,0.6558763772249222,0.099742791056633,0.9985079169273376
6601,5707,occlusion_1,0.8350924262578817,0.08161225471090763,0.9824575781822205
6602,9690,occlusion_1,0.7160433297571929,0.25604105643604114,0.9526093006134033
6603,5306,occlusion_1,0.8062214486693081,0.14328498432510778,0.917029082775116
6604,7938,occlusion_1,0.6010899583588502,-0.004682680493906925,0.7688800096511841
6605,2167,occlusion_1,0.6669135930185969,0.25632142411036923,0.9630782604217529
6606,637,occlusion_1,0.6823276887958248,0.2828074758251508,0.9274817705154419
6607,8668,occlusion_1,0.8185455315001309,0.13190332770347596,0.9877392649650574
6608,5594,occlusion_1,0.20200823560091002,0.12058604615075248,0.5761840343475342
6609,6555,occlusion_1,0.5346128899190161,0.08353316949473487,0.9992969036102295
6610,8098,occlusion_1,0.008354009315371513,0.00831902101635933,0.24117931723594666
6611,47,occlusion_1,-0.22777867141891928,-0.16538792497971477,0.20352104306221008
6612,5505,occlusion_1,0.28753973153375445,0.22173569670745305,0.98012375831604
6613,9196,occlusion_1,0.35663068437805545,0.09797208469647628,0.6094520092010498
6614,8416,occlusion_1,0.6308265545998107,0.0426364310763099,0.9042535424232483
6615,4509,occlusion_1,0.6814028684981167,0.1472601920366287,0.9717438817024231
6616,2638,occlusion_1,0.4428488283472903,0.08937607793246999,0.7614095211029053
6617,8708,occlusion_1,-0.11225662380456924,-0.03520864620804787,0.30860814452171326
6618,8476,occlusion_1,0.45942001857540826,0.12280100990425456,0.9976323843002319
6619,3080,occlusion_1,0.7034372533361117,0.09591169754664103,0.9966145157814026
6620,2870,occlusion_1,0.7119523471337743,0.1298103053122759,0.9444919228553772
6621,2213,occlusion_1,0.6826147279318642,0.09470266980283401,0.9873278737068176
6622,6043,occlusion_1,0.6338254503905774,0.1438824713230133,0.9749992489814758
6623,3798,occlusion_1,0.554380025404195,0.21444757158557573,0.8376720547676086
6624,7972,occlusion_1,-0.5380125483497977,-0.019320455816341564,0.04180767759680748
6625,5739,occlusion_1,0.4282067120075226,0.06680784970521927,0.9992349147796631
6626,4822,occlusion_1,0.7546575678622022,0.10957227734958425,0.9987514019012451
6627,9067,occlusion_1,0.5780599364079535,0.21826569642871618,0.9764629006385803
6628,5799,occlusion_1,0.3979894807562232,0.07284459968407948,0.9974138736724854
6629,7482,occlusion_1,0.5142479578653971,0.24721401731173198,0.9863818883895874
6630,2114,occlusion_1,-0.11147319555282592,-0.13632797479629516,0.3841591775417328
6631,1112,occlusion_1,0.7226457493379712,0.162558513879776,0.9246504306793213
6632,8178,occlusion_1,0.6460770835047183,0.07018897844397504,0.9987326264381409
6633,3717,occlusion_1,0.6736646726388823,0.11141973101731503,0.9978812336921692
6634,713,occlusion_1,0.34691599916134563,0.1750062576362065,0.6787249445915222
6635,872,occlusion_1,-0.5831217160965834,-0.22701224462232655,0.006751407403498888
6636,1149,occlusion_1,0.4131099363168081,0.15790578524271648,0.9992714524269104
6637,9299,occlusion_1,0.648632049895823,0.13654414176940918,0.9897764921188354
6638,5663,occlusion_1,0.4809300557244569,0.18326946667262486,0.8241956233978271
6639,8167,occlusion_1,0.7950016038403624,0.11140420465242296,0.9927402138710022
6640,3315,occlusion_1,0.633802448399365,0.11933512147516012,0.9959801435470581
6641,4588,occlusion_1,0.031888963723624195,-0.13298716534067084,0.24657361209392548
6642,5098,occlusion_1,0.34372520446777344,0.16651783585548402,0.8380978107452393
6643,6077,occlusion_1,0.2208603262901306,0.31370265036821365,0.9428192377090454
6644,7966,occlusion_1,0.6090893107611919,0.11731923371553421,0.9727963805198669
6645,1020,occlusion_1,0.5673190294764936,0.1636981200426817,0.9453994631767273
6646,4102,occlusion_1,0.757219717548839,0.403461553670209,0.920638918876648
6647,5368,occlusion_1,0.482187668291422,0.279108157238135,0.7161983847618103
6648,6543,occlusion_1,0.5378328949726862,0.06878120220940688,0.9991393089294434
6649,958,occlusion_1,0.4959516127904256,0.08179840842882792,0.9986810088157654
6650,3846,occlusion_1,0.3855579425063398,0.1707931723859575,0.7620038986206055
6651,2748,occlusion_1,0.29071902001605315,0.193322314935572,0.9026685357093811
6652,4710,occlusion_1,-0.30374747997016777,-0.10736458129914743,0.01703186146914959
6653,8279,occlusion_1,0.7294370468705893,0.2146385793884595,0.9681678414344788
6654,586,occlusion_1,-0.04103200634320577,0.08428778085443708,0.5279684662818909
6655,1817,occlusion_1,0.5250556913337537,0.14735822273152216,0.9860901832580566
6656,782,occlusion_1,0.5900037797788779,0.06990813050005171,0.9673630595207214
6657,8241,occlusion_1,-0.004920937798239968,-0.1656660374366876,0.5858674049377441
6658,335,occlusion_1,0.6580164218726365,0.1161566972732544,0.9956756234169006
6659,3755,occlusion_1,0.6768555353310975,0.11067976328459653,0.9958266615867615
6660,2191,occlusion_1,0.7434570105636821,0.06365795345867381,0.9968668818473816
6661,9214,occlusion_1,-0.48186560933079037,-0.14822798257782346,0.0821123942732811
6662,5205,occlusion_1,0.8271899679185528,0.2544554166103664,0.9564659595489502
6663,6073,occlusion_1,0.6621068665491683,0.14795632660388947,0.909386157989502
6664,23,occlusion_1,-0.0025440149817287047,-0.03847097101456979,0.10498066991567612
6665,4923,occlusion_1,0.44140490013010364,0.14543367133421056,0.9979714751243591
6666,4556,occlusion_1,0.7449090735365947,0.20895754877063963,0.994708776473999
6667,2012,occlusion_1,0.4887491069160975,0.13035116745875433,0.9872057437896729
6668,381,occlusion_1,0.3896823396285375,0.21689309676488241,0.7154651880264282
6669,3127,occlusion_1,0.14890843274770305,-0.2600760739296675,0.4122379422187805
6670,6398,occlusion_1,0.5750784074718301,0.191397871483456,0.8674048185348511
6671,1981,occlusion_1,0.6063764888261046,0.19686622704778398,0.9807500243186951
6672,3095,occlusion_1,0.6077454039717421,0.19833345623577342,0.9803153872489929
6673,6758,occlusion_1,0.6589192518149503,0.48236360296141356,0.8814901113510132
6674,2025,occlusion_1,0.7650854744017124,0.09288927714029947,0.9958272576332092
6675,9398,occlusion_1,0.3857058409382315,0.14262312124757207,0.991011381149292
6676,5100,occlusion_1,0.4934719670563936,0.1505968738347292,0.9824408888816833
6677,3526,occlusion_1,0.49163465450207394,0.18978506326675415,0.9539617300033569
6678,7532,occlusion_1,0.4677764187966074,0.07203073019073122,0.9970130920410156
6679,3007,occlusion_1,0.29553951515719806,0.15160772718232254,0.45401743054389954
6680,1084,occlusion_1,0.03972134467981318,0.0033454725190120585,0.1513485461473465
6681,9837,occlusion_1,0.47160421277361886,0.21141541887212684,0.596534788608551
6682,9258,occlusion_1,0.7256069247211728,0.18922292050861178,0.9841108322143555
6683,4503,occlusion_1,0.6012827646918595,0.1134069487452507,0.9987071752548218
6684,1575,occlusion_1,0.8991635270649567,0.4495342317968607,0.9715851545333862
6685,3091,occlusion_1,0.5817723383506139,0.25724720656871797,0.7357624173164368
6686,2484,occlusion_1,0.5931589483632707,0.19893689304590226,0.8485127091407776
6687,4489,occlusion_1,0.6955518640932583,0.05305800409544082,0.9980345368385315
6688,5070,occlusion_1,0.5351403797976673,0.11881396919488907,0.9909849166870117
6689,5669,occlusion_1,-0.399066647445714,-0.20038386461911378,0.21017926931381226
6690,2138,occlusion_1,0.5832063426142153,0.1383831993393276,0.9894649982452393
6691,6580,occlusion_1,0.5604814440011978,0.13079851014273508,0.9711307287216187
6692,2516,occlusion_1,-0.23840950010344386,-0.06920208483934402,0.11042720824480057
6693,9154,occlusion_1,-0.15861883038654923,-0.08501975536346436,0.274978905916214
6694,5456,occlusion_1,0.4996621452626728,0.05733204881350199,0.9836918115615845
6695,3433,occlusion_1,0.4839179758347717,0.07805593750056099,0.9903010129928589
6696,3989,occlusion_1,0.5399751031978263,0.05270184907648298,0.8037751913070679
6697,7422,occlusion_1,0.32553994137307873,0.11207662717155788,0.9796881079673767
6698,5009,occlusion_1,0.6545149848378938,0.07668876031349445,0.9990262985229492
6699,1458,occlusion_1,0.7165507897734642,0.06164722740650177,0.9993515610694885
6700,952,occlusion_1,0.46334458142518997,0.10924030163071373,0.8431436419487
6701,9718,occlusion_1,0.7643752339247026,0.23017595316234388,0.9942337870597839
6702,960,occlusion_1,0.7195874993738375,0.3895608006339324,0.9644613265991211
6703,7273,occlusion_1,0.5990697536617517,0.1407259963452816,0.9376223683357239
6704,765,occlusion_1,0.576764180790633,0.27865444496273994,0.9362645149230957
6705,8316,occlusion_1,0.06938130193157122,-0.03364981175400317,0.19361093640327454
6706,3400,occlusion_1,0.8242254320648499,0.07914574940999348,0.9845474362373352
6707,2316,occlusion_1,-0.14792614853517574,-0.11474873167885975,0.018750006332993507
6708,9465,occlusion_1,0.8880245007574559,0.20777347445487976,0.996713399887085
6709,9346,occlusion_1,0.17375642912728445,0.21273491797702654,0.8224518895149231
6710,7835,occlusion_1,0.7826757989823818,0.1994944155216217,0.9734372496604919
6711,4032,occlusion_1,0.7097005138794581,0.26993404229482015,0.8466341495513916
6712,2029,occlusion_1,0.5668845854344822,0.1675172054341861,0.9097992181777954
6713,4718,occlusion_1,0.6051597874611616,0.08849446848034859,0.9970710277557373
6714,286,occlusion_1,-0.10727606273510239,-0.04709412343800068,0.0738685205578804
6715,908,occlusion_1,0.7216190914897358,0.3107135344077559,0.9955659508705139
6716,1482,occlusion_1,-0.2935211732983589,-0.08815691687844017,0.08761922270059586
6717,9660,occlusion_1,0.4214054015465081,0.16944167390465736,0.8790326118469238
6718,4712,occlusion_1,0.741584521319185,0.255064274583544,0.9654451608657837
6719,2133,occlusion_1,0.41148329377174375,0.18670021891593933,0.9697254300117493
6720,9608,occlusion_1,0.5197066416343054,0.17072439193725586,0.637782096862793
6721,9774,occlusion_1,-0.09515541075961664,-0.055703066289424896,0.01769173890352249
6722,9211,occlusion_1,0.5222829533119996,0.18832974036534628,0.9672306776046753
6723,563,occlusion_1,-0.14097736622004406,-0.01197609645516976,0.138298898935318
6724,291,occlusion_1,0.5917532941592591,0.2048478222319058,0.815509557723999
6725,1713,occlusion_1,0.5242097830503352,0.21355469110939237,0.9630559086799622
6726,4012,occlusion_1,0.4603671522012779,0.10568556508847646,0.9413648843765259
6727,8922,occlusion_1,0.5172537239268422,0.19314921833574772,0.9472754597663879
6728,169,occlusion_1,0.4214392348247416,0.11192835078519933,0.9820221662521362
6729,267,occlusion_1,0.51668076849345,0.16256511572635535,0.994928240776062
6730,9144,occlusion_1,0.6545889283219973,0.14265093406041462,0.9856160879135132
6731,3172,occlusion_1,0.8653707052581012,0.10814150546987851,0.988938570022583
6732,2286,occlusion_1,0.7767074089497328,0.24435436116023498,0.9943828582763672
6733,315,occlusion_1,0.5974693965344202,0.09824986968721662,0.9978176355361938
6734,8046,occlusion_1,0.62312536376218,0.1948288306593895,0.973440408706665
6735,8822,occlusion_1,0.8438689109699969,0.09400033273480156,0.9864823818206787
6736,245,occlusion_1,0.7312320442094157,0.08609804014364879,0.9705380797386169
6737,5186,occlusion_1,0.8165925978682935,0.18432537093758583,0.9728085398674011
6738,5421,occlusion_1,0.1448676042534687,-0.010824203491210938,0.49813905358314514
6739,6065,occlusion_1,0.5680329747821974,0.1853626733240874,0.9990763664245605
6740,50,occlusion_1,0.6585299567452498,0.07410091161727905,0.9972941279411316
6741,3021,occlusion_1,0.8586061033265044,0.06977852781613668,0.9982195496559143
6742,7028,occlusion_1,0.8090647823280759,0.27675961013193484,0.965724766254425
6743,1372,occlusion_1,0.7368431751700965,0.270194778049534,0.8506693840026855
6744,4176,occlusion_1,0.5431858211755752,0.08781601637601852,0.9990923404693604
6745,2470,occlusion_1,0.7611264641995409,0.2289426624774933,0.9309874176979065
6746,8000,occlusion_1,0.4655616896847884,0.02955030600229899,0.5475607514381409
6747,6156,occlusion_1,0.4888764088973403,0.14911038801074028,0.982367753982544
6748,1498,occlusion_1,0.5877165717107279,0.1603849000400967,0.990665853023529
6749,5868,occlusion_1,0.5346140294439263,0.23308615800407198,0.9312623143196106
6750,1963,occlusion_1,0.7633199700387194,0.4746668556705117,0.8469609022140503
6751,248,occlusion_1,0.7220997098833323,0.11340222656726837,0.9986500144004822
6752,4771,occlusion_1,0.8204400196970839,0.2509431739648183,0.9852730631828308
6753,1277,occlusion_1,0.17775903006686883,-0.038195144604234135,0.27102163434028625
6754,4905,occlusion_1,0.5111181697454946,0.12888376414775848,0.6508350968360901
6755,8025,occlusion_1,0.6524442249820346,0.08894232057389759,0.9985993504524231
6756,2110,occlusion_1,-0.23915537260472775,-0.1420834899569551,0.07043793052434921
6757,9776,occlusion_1,0.41553896953982694,0.24574543079060893,0.8635206818580627
6758,2945,occlusion_1,0.642163277293245,0.3501305816074212,0.7980458736419678
6759,6249,occlusion_1,0.7648408506555777,0.09971140089787935,0.9974186420440674
6760,7023,occlusion_1,0.4757671087332394,0.1337999895862911,0.95558762550354
6761,795,occlusion_1,0.35445744544267654,-0.03383788218100866,0.5690170526504517
6762,9717,occlusion_1,0.5794483604530494,0.22475718185305596,0.7203463315963745
6763,7908,occlusion_1,0.5854392504053456,0.09730076151234764,0.9495376944541931
6764,5371,occlusion_1,0.3907405320141051,0.20021640012661615,0.9123121500015259
6765,9655,occlusion_1,0.5168533704497598,0.039660063656893646,0.9989718198776245
6766,447,occlusion_1,0.4573124148722353,0.14089906215667725,0.9808345437049866
6767,2968,occlusion_1,0.6510761582145566,0.17039469198176735,0.8864446878433228
6768,2152,occlusion_1,0.6445029232165088,0.07938704024190488,0.999284565448761
6769,7838,occlusion_1,0.5942931116923041,0.1263875468917515,0.9899728298187256
6770,4852,occlusion_1,0.6633623875677586,0.07514346142609914,0.9991657733917236
6771,5157,occlusion_1,0.7081136008793557,0.3493694983146809,0.7988744378089905
6772,683,occlusion_1,0.35839148599654436,0.059304291605949404,0.5268323421478271
6773,8118,occlusion_1,0.6746791583650252,0.2146110096398522,0.9499585628509521
6774,6681,occlusion_1,0.8241321302950382,0.10607341726620992,0.9875630140304565
6775,5741,occlusion_1,0.011730569725235304,-0.04418795804182688,0.33924996852874756
6776,1488,occlusion_1,-0.26950514826335403,-0.054278766736388206,0.08262816816568375
6777,3077,occlusion_1,-0.3040642349890644,-0.03768444421791261,0.20518173277378082
6778,3905,occlusion_1,0.5471864906934704,0.27364252616719503,0.9559391736984253
6779,8594,occlusion_1,0.7732386787168004,0.16036027331243863,0.9868687987327576
6780,318,occlusion_1,0.7479725565400815,0.1692458333507661,0.9699850082397461
6781,856,occlusion_1,-0.5002336248755455,-0.32600362623731294,0.04885304719209671
6782,7743,occlusion_1,-0.30925874386368124,-0.08419698521751783,0.03411832079291344
6783,2770,occlusion_1,0.5812112525105476,0.23386749369757517,0.9804602265357971
6784,3566,occlusion_1,0.7057683645364117,0.15404504449928508,0.9877973198890686
6785,376,occlusion_1,0.3628959224692413,0.10073066502809525,0.5327397584915161
6786,410,occlusion_1,0.1996858384874132,0.02820789482858446,0.6046259999275208
6787,2405,occlusion_1,0.8365563690662384,0.3223451986908913,0.9856457114219666
6788,3776,occlusion_1,0.5811714224517346,0.15008045037587484,0.9879159927368164
6789,3946,occlusion_1,0.5262688729498122,0.10475659701559278,0.9991087317466736
6790,1111,occlusion_1,0.6824741129364286,0.13019421696662903,0.9971776008605957
6791,7660,occlusion_1,0.3859412693060361,0.13329729390067932,0.5468052625656128
6792,8001,occlusion_1,0.7975327143711703,0.06748972620282855,0.998878538608551
6793,2288,occlusion_1,0.5917030471776213,0.1416639036365918,0.9621639251708984
6794,2127,occlusion_1,0.24646498457245206,0.10450585380844447,0.9625570774078369
6795,5581,occlusion_1,0.5346016792150644,0.10828365958653964,0.9748525619506836
6796,8256,occlusion_1,0.39511397190821856,0.21883865216603646,0.4714375436306
6797,6751,occlusion_1,0.288403316338857,0.4431440557042758,0.9884673953056335
6798,9399,occlusion_1,0.6276534589437338,0.2756216652118243,0.9919646978378296
6799,2233,occlusion_1,0.40577397389530107,0.10009345206721075,0.988274335861206
6800,5550,occlusion_1,0.4246898274868727,0.16422688588500023,0.8808023929595947
6801,274,occlusion_1,0.8038679371373012,0.12948069549523866,0.993844747543335
6802,2344,occlusion_1,0.77817661492154,0.26671075920263926,0.91654372215271
6803,1568,occlusion_1,0.4770614055349775,-0.005300248446671859,0.7773013114929199
6804,3133,occlusion_1,0.7948932621176495,0.13380922693194766,0.9874024391174316
6805,6178,occlusion_1,0.6710401343948701,0.10069967543377596,0.9938210844993591
6806,7955,occlusion_1,0.4163517839333508,0.09450738038867712,0.6239811778068542
6807,7820,occlusion_1,0.5501070729643106,0.1677069103717804,0.9777663946151733
6808,9415,occlusion_1,0.6924571171402931,0.060895403226216636,0.9970239996910095
6809,2574,occlusion_1,0.41046005788330847,0.36656659182447654,0.7810603976249695
6810,965,occlusion_1,0.7037645175254771,0.16707469789045198,0.9737648367881775
6811,2291,occlusion_1,0.7472262235047916,0.08269302795330684,0.9576125144958496
6812,5375,occlusion_1,0.46357885127266246,0.288867458080252,0.5831182599067688
6813,6670,occlusion_1,0.697849503363527,0.3002534859946796,0.9569225311279297
6814,8955,occlusion_1,0.5100552908800267,0.15390602306083398,0.8580571413040161
6815,8059,occlusion_1,0.5567220554221421,0.1645970130339265,0.9817341566085815
6816,2755,occlusion_1,0.5068958621058199,0.09486359771755007,0.8748940825462341
6817,4474,occlusion_1,0.5493400958180428,0.1060510241985321,0.7025526762008667
6818,3910,occlusion_1,0.4861571337096393,0.20875352514641626,0.8572461605072021
6819,2002,occlusion_1,0.3942174772348474,0.23050005208043492,0.557475745677948
6820,4794,occlusion_1,0.594028650306254,0.3339103847032502,0.958869218826294
6821,8644,occlusion_1,0.7081743144505733,0.24168325557902054,0.9397147297859192
6822,6394,occlusion_1,0.6151547834954478,0.22632247751409357,0.8152373433113098
6823,5339,occlusion_1,0.5806520382023376,0.055532306432724,0.9555580615997314
6824,1730,occlusion_1,0.5817695189056531,0.1673996054901267,0.9871309399604797
6825,2360,occlusion_1,0.47102955694903026,0.05578870529478246,0.8205083012580872
6826,9379,occlusion_1,0.6679821613111666,0.07513663172721863,0.9982419013977051
6827,9058,occlusion_1,0.6107012952367464,0.0960354208946228,0.9928626418113708
6828,9028,occlusion_1,0.5954220805627605,0.19373580565055212,0.743569552898407
6829,7579,occlusion_1,0.3273399390957572,0.2057308012788946,0.9975056052207947
6830,6428,occlusion_1,0.8656817011927304,0.25795154822500127,0.9844633340835571
6831,1068,occlusion_1,0.7706757536844203,0.13083795811000623,0.9936570525169373
6832,5337,occlusion_1,0.17701749588278207,-0.010356412353840742,0.4448939561843872
6833,1071,occlusion_1,0.6387404731164376,0.08126686389247577,0.9988334774971008
6834,9456,occlusion_1,0.6629933322158953,0.10354301830132802,0.9985318183898926
6835,5020,occlusion_1,0.8802815638482571,0.16028889641165733,0.9806566834449768
6836,2115,occlusion_1,0.6460991122897852,0.31380500120145305,0.8506048321723938
6837,5910,occlusion_1,0.8492083479800532,0.08946594595909119,0.9961621761322021
6838,8448,occlusion_1,0.3354076879365104,0.08077387298856463,0.701435387134552
6839,3132,occlusion_1,-0.0941579413825068,0.19559589336658345,0.4868643879890442
6840,7703,occlusion_1,-0.049880111946121734,-0.17674239505739772,0.223622128367424
6841,474,occlusion_1,0.6810788816731909,0.26807750178420026,0.994484007358551
6842,8441,occlusion_1,-0.2901352894093309,-0.15087999616350448,0.23817136883735657
6843,7584,occlusion_1,0.5319974275403901,0.20606218670543872,0.9492752552032471
6844,3085,occlusion_1,0.001203774879484073,-0.3745135626067286,0.23385700583457947
6845,8856,occlusion_1,0.19249313094076656,0.017900930983679637,0.31132039427757263
6846,5936,occlusion_1,0.7709201912581921,0.06079043030738831,0.9920076131820679
6847,3397,occlusion_1,0.6655923972527186,0.17913535982370377,0.9834859371185303
6848,4309,occlusion_1,0.6021614667205584,0.12057723743574959,0.8724483847618103
6849,6169,occlusion_1,0.553069382684771,0.2565039165318012,0.9829633235931396
6850,3693,occlusion_1,0.5560594491660595,0.28625437716643015,0.909570038318634
6851,1691,occlusion_1,0.7245977106778061,0.3150272531544461,0.8415865898132324
6852,4333,occlusion_1,0.46892424744482225,0.12694505086311927,0.9487396478652954
6853,9574,occlusion_1,0.2603979175289472,-0.008490250507990519,0.6648756861686707
6854,8619,occlusion_1,0.3664725473416703,0.25446566194295883,0.9243751168251038
6855,6832,occlusion_1,0.09062473721463572,-0.025179478932510723,0.2816162705421448
6856,3795,occlusion_1,-0.10555491655280716,-0.02909758647805766,0.0901736244559288
6857,4649,occlusion_1,0.6425545673285212,0.17531128653458186,0.9974777102470398
6858,9226,occlusion_1,0.4850338486333688,0.1832160105307897,0.9909680485725403
6859,7372,occlusion_1,0.502356666686206,0.19675852563874474,0.8311757445335388
6860,4929,occlusion_1,0.24424275568392323,-0.03342243401627792,0.5342320203781128
6861,4233,occlusion_1,0.023378908292700847,0.03088654826084773,0.3242146372795105
6862,1145,occlusion_1,0.6654412565486771,0.15683462151459285,0.9932345747947693
6863,3111,occlusion_1,-0.03699666732812629,-0.09890057234203115,0.2920514643192291
6864,8737,occlusion_1,0.18604080379009247,-0.09898554569198972,0.46964770555496216
6865,2592,occlusion_1,0.43045006160225185,0.2181619874068669,0.9651551246643066
6866,9142,occlusion_1,0.6248854706063867,0.09384608827531338,0.9984855055809021
6867,624,occlusion_1,-0.15971597447060049,-0.029069959511980416,0.0037006644997745752
6868,9043,occlusion_1,0.32079657422084557,0.18326469079444282,0.6180819272994995
6869,3283,occlusion_1,0.25334694588349926,0.029480808311038546,0.7244116067886353
6870,6341,occlusion_1,0.5351842465500037,0.1378577967484792,0.9341745376586914
6871,7522,occlusion_1,0.6940305523182216,0.20888661240276538,0.8751927018165588
6872,9585,occlusion_1,0.8469138399511575,0.24707899749279022,0.9637162089347839
6873,7440,occlusion_1,0.4461652711033821,0.49629441333504826,0.9106724262237549
6874,668,occlusion_1,0.6918922552040645,0.28386668733188086,0.9771119952201843
6875,6750,occlusion_1,0.3984724105719258,-0.019235614468069637,0.7939133048057556
6876,5165,occlusion_1,0.5347006613245378,0.3021584107325627,0.9004144072532654
6877,5279,occlusion_1,0.4580925751998577,0.005790037768227714,0.6311140060424805
6878,582,occlusion_1,0.580782419277562,0.28220057321919334,0.9404832124710083
6879,3945,occlusion_1,0.464760201672713,0.27597730192873215,0.9854174256324768
6880,7688,occlusion_1,0.827041934643473,0.2941169327213651,0.9589623212814331
6881,7614,occlusion_1,0.7461477108299732,0.22830991943677267,0.9821305871009827
6882,1208,occlusion_1,0.7365514336008345,0.19930286481976509,0.9626829028129578
6883,7944,occlusion_1,0.4408359125663992,0.17427137307822704,0.7860307097434998
6884,5030,occlusion_1,-0.44334668666124344,-0.28003797214478254,0.236908957362175
6885,76,occlusion_1,0.6333570656662976,0.1481191082434221,0.9433724284172058
6886,6693,occlusion_1,0.5815243252059993,0.146497682613485,0.9601569175720215
6887,9478,occlusion_1,0.46691210865974425,0.1911206513643265,0.9977123737335205
6888,9464,occlusion_1,0.6801746126341944,0.08375341817736626,0.9984645843505859
6889,1175,occlusion_1,0.6272986062935421,0.09732638086591448,0.9976218342781067
6890,592,occlusion_1,0.41603498260180155,0.1277561624844869,0.9835613369941711
6891,3774,occlusion_1,0.294860495085066,-0.15636557340621948,0.6491615772247314
6892,5676,occlusion_1,0.7418989385810814,0.10608965158462524,0.9932020306587219
6893,7362,occlusion_1,-0.21670102617806858,-0.0691796662285924,0.021230775862932205
6894,1470,occlusion_1,0.5560397586412728,0.2684840635955334,0.9004700779914856
6895,705,occlusion_1,0.45095500349998474,0.17184990843137105,0.9899735450744629
6896,1688,occlusion_1,0.6275120677381028,0.22222039030819404,0.9569684267044067
6897,4828,occlusion_1,-0.2566105117616446,-0.11384428584057352,0.11255019903182983
6898,5386,occlusion_1,0.6893948864890262,0.11308049596846104,0.9906601309776306
6899,4564,occlusion_1,0.6668726511691746,0.07737736482369273,0.977460503578186
6900,7450,occlusion_1,0.6684798687430364,0.11907322598355156,0.8191325068473816
6901,9324,occlusion_1,0.5233190407355627,0.17189739699716922,0.9094321131706238
6902,4747,occlusion_1,0.6931076355670628,0.06203402500403555,0.9961383938789368
6903,4303,occlusion_1,0.7298103589564562,0.05885163910927311,0.9986164569854736
6904,6460,occlusion_1,0.3949238714652465,0.21040531642296734,0.7737427353858948
6905,6239,occlusion_1,0.8516150612301905,0.3313879247973947,0.9465147256851196
6906,7766,occlusion_1,0.339852899312973,0.13248500227928162,0.9988646507263184
6907,6739,occlusion_1,0.7105003039945256,0.18935644355687228,0.9799646139144897
6908,8336,occlusion_1,0.7340928684321365,0.16565844948802674,0.9781419634819031
6909,3464,occlusion_1,0.594067919254303,0.2224449560046196,0.8936687707901001
6910,1509,occlusion_1,0.5582569026947022,0.08203623056411743,0.9985836744308472
6911,4978,occlusion_1,0.5629560884929472,0.07408237553411914,0.9946236610412598
6912,6008,occlusion_1,0.4364010081798942,0.05011498596933153,0.9419310092926025
6913,5730,occlusion_1,0.7050336173602513,0.05642986297607422,0.9976480603218079
6914,8334,occlusion_1,0.6369719925957421,0.157581294576327,0.9408236742019653
6915,4883,occlusion_1,0.5404262481257319,0.14236491471529006,0.9746667742729187
6916,9740,occlusion_1,0.1572053932154981,0.038476604681748613,0.27459877729415894
6917,3299,occlusion_1,0.6530479690991342,0.1889939804871877,0.8792740106582642
6918,594,occlusion_1,0.5947099550868626,0.17514162262280783,0.8034461736679077
6919,5521,occlusion_1,-0.559000737965107,-0.11204025335609913,0.07526755332946777
6920,6867,occlusion_1,0.6734114469903888,0.20012035965919495,0.9303038120269775
6921,7999,occlusion_1,0.6257087917377552,0.13287402050835745,0.9823766946792603
6922,7073,occlusion_1,0.30255984156220045,0.18665408867376823,0.995196521282196
6923,2876,occlusion_1,0.6479580835439265,0.21758008413016797,0.8164443969726562
6924,5595,occlusion_1,0.7545795426345788,0.20400090171740606,0.9568975567817688
6925,8508,occlusion_1,0.6945465457226548,0.09335610128584362,0.998704195022583
6926,9525,occlusion_1,0.4155537421638901,0.15217370519766937,0.9983298182487488
6927,4335,occlusion_1,0.4668651811348704,0.11653489676805642,0.7484444379806519
6928,4540,occlusion_1,0.4031314684285058,0.00637576370327561,0.662774384021759
6929,10,occlusion_1,0.3672381854719586,0.09194426293726321,0.676043689250946
6930,8757,occlusion_1,0.31458311279614765,0.06331532019557375,0.8583734035491943
6931,1217,occlusion_1,0.24811448198225763,0.15079298367102942,0.4207135736942291
6932,1224,occlusion_1,0.18329391401747,0.11703097042830093,0.8717190027236938
6933,3206,occlusion_1,0.5534298052079976,0.07346853986382484,0.9135860204696655
6934,93,occlusion_1,0.22939311235171297,0.20269862530024155,0.47734296321868896
6935,8057,occlusion_1,0.09895820958273752,-0.11424337668078287,0.34241586923599243
6936,2455,occlusion_1,0.6828528110953894,0.15792460468682376,0.9918931722640991
6937,1247,occlusion_1,0.01261554185200382,-0.20051568263285868,0.26139381527900696
6938,2251,occlusion_1,0.3578975333107842,0.26676136834753883,0.730139434337616
6939,6380,occlusion_1,-0.26917696052363943,-0.07899520971945354,0.14159831404685974
6940,4708,occlusion_1,-0.45516051795205165,-0.18241876482578187,0.012500850483775139
6941,7864,occlusion_1,-0.32021960709244013,-0.1299206931143999,0.1561078131198883
6942,3916,occlusion_1,0.668579542215037,0.18557478049222162,0.9844939112663269
6943,3105,occlusion_1,0.6195970832680663,0.2321106716990471,0.879534900188446
6944,292,occlusion_1,0.6737802449475836,0.05159238753495393,0.9789100289344788
6945,7616,occlusion_1,0.6432278454303741,0.11892958482106526,0.9918926954269409
6946,2083,occlusion_1,-0.49631982331297225,-0.11869895415646689,0.12507806718349457
6947,4381,occlusion_1,-0.1370603066558639,-0.31661414230863255,0.24327923357486725
6948,4291,occlusion_1,0.5842180261388421,0.1827466506510973,0.9728783965110779
6949,5404,occlusion_1,0.012413682639598847,0.0866859968751669,0.23106242716312408
6950,6637,occlusion_1,-0.47505494594377906,-0.07943056979657788,0.006541180424392223
6951,1090,occlusion_1,0.6022280549959225,0.14009067065575542,0.9117666482925415
6952,8570,occlusion_1,0.5580977653153241,0.3495365986600518,0.9812398552894592
6953,6206,occlusion_1,0.6252695012551087,0.22080106689379767,0.7228499054908752
6954,6843,occlusion_1,0.7903635674579577,0.3146659968928857,0.9947540760040283
6955,1078,occlusion_1,0.6405760500141803,0.11883142941138324,0.9969197511672974
6956,1188,occlusion_1,0.0013142137043178081,-0.06182635366916656,0.13437055051326752
6957,3984,occlusion_1,0.5950700153631193,0.05082912908660041,0.9324776530265808
6958,1369,occlusion_1,0.7212675925005566,0.11872591484676707,0.9991320967674255
6959,8348,occlusion_1,0.44080211381827084,0.07684422071490969,0.998160183429718
6960,5987,occlusion_1,-0.07085677653551102,-0.08019392132759094,0.4486486613750458
6961,1599,occlusion_1,0.1873110402976313,0.19633123639129824,0.5613055229187012
6962,4573,occlusion_1,0.5085588131585846,0.0857419702021972,0.9985387325286865
6963,5173,occlusion_1,0.5212476689081925,0.2064228355884552,0.9868719577789307
6964,6459,occlusion_1,0.6037178246511353,0.16767088489400017,0.7583831548690796
6965,4404,occlusion_1,-0.10079774409532546,-0.20864307098090648,0.26380324363708496
6966,7585,occlusion_1,0.11314528476860788,0.12856106294525993,0.5379230976104736
6967,8225,occlusion_1,0.5000602720361768,0.08692685943661314,0.9788225293159485
6968,4209,occlusion_1,0.3176323298132047,0.014090249687433243,0.6795138716697693
6969,1418,occlusion_1,0.5423354498649898,0.1315954892258895,0.9834221005439758
6970,3309,occlusion_1,0.5166158229112625,0.319413739655699,0.935121476650238
6971,9362,occlusion_1,0.533075084288915,0.18436315655708313,0.7081358432769775
6972,6492,occlusion_1,0.5631221036116282,0.31436824467447066,0.8727192282676697
6973,7841,occlusion_1,0.6753414804115891,0.07529816031455994,0.9991457462310791
6974,3037,occlusion_1,-0.36789444375496644,-0.07031437210165538,0.1370203197002411
6975,1825,occlusion_1,0.5962245578567187,0.0955351193745931,0.9200100898742676
6976,3842,occlusion_1,0.34931311616674066,-0.029052764177322388,0.551689088344574
6977,4522,occlusion_1,-0.29574023148355383,-0.054866673259918265,0.003012626664713025
6978,1569,occlusion_1,-0.060833679201702275,-0.0712114917114377,0.09190179407596588
6979,1261,occlusion_1,0.46152246417477727,0.20258681569248438,0.9530791640281677
6980,4918,occlusion_1,0.4276469661430879,0.07981409267945723,0.9733685851097107
6981,5273,occlusion_1,0.5536625696854158,0.1692286359541344,0.9524369835853577
6982,2478,occlusion_1,0.6620893223505271,0.09826897319994475,0.9819694757461548
6983,5795,occlusion_1,0.7195641851673523,0.18119960029919943,0.9339596629142761
6984,6864,occlusion_1,0.6682163533568383,0.15056512951850892,0.9809978604316711
6985,1616,occlusion_1,0.11047096215188504,0.015396254509687424,0.3876338303089142
6986,6913,occlusion_1,0.7295473226904869,0.05808691143989563,0.9976267218589783
6987,2236,occlusion_1,0.5716923003935296,0.20461326837539673,0.901846170425415
6988,7618,occlusion_1,0.5671975457054728,0.14473946480190053,0.984653651714325
6989,5447,occlusion_1,0.6999213657556818,0.20561209206397718,0.9519686698913574
6990,5554,occlusion_1,0.6187805485199479,0.2367776895270628,0.7664573788642883
6991,7212,occlusion_1,0.4048021620228177,0.16726212416376388,0.9923976063728333
6992,7352,occlusion_1,0.5365641957521439,0.14451125264167786,0.9823411703109741
6993,2533,occlusion_1,0.6482884816643668,0.09423584182087968,0.9566816091537476
6994,5950,occlusion_1,-0.12551878915669826,-0.11290565000560421,0.015209407545626163
6995,7947,occlusion_1,0.6485098691657185,0.1883509024977684,0.9940505623817444
6996,2689,occlusion_1,0.6703942711982462,0.26752347499132156,0.7978682518005371
6997,3110,occlusion_1,0.7997607055764931,0.21086674011670625,0.9963325262069702
6998,4397,occlusion_1,0.04023859292268753,0.05956166505813599,0.31896790862083435
6999,2935,occlusion_1,0.5265649336700639,0.2964278807242711,0.8999387621879578
