comprehensiveness,sufficiency
1.0,
0.9428571428571428,
0.9428571428571428,
,1.0
,0.7714285714285715
,0.7714285714285715
