comprehensiveness,sufficiency
1.0,
0.9878787878787879,
,1.0
,0.9878787878787879
