comprehensiveness,sufficiency
1.0,
0.8857142857142857,
0.8857142857142857,
,1.0
,0.08571428571428572
,0.08571428571428572
